[UnityConnectServicesConfig] Local config successfully read: "/usr/share/unity3d/config/services-config.json"
[UnityConnectServicesConfig] Service configuration:
    "servicesConfigBaseUrl": "",
    "disableServicesWindow": false,
    "disableUserLogin": false,
    "entitlementCacheTimeoutInSeconds": 60,
    "clientConnectTimeoutSec": 60,
    "clientHandshakeTimeoutSec": 30,
    "clientResolveEntitlementsTimeoutSec": 30,
    "clientUpdateLicenseTimeoutSec": 30,
    "licensingServiceBaseUrl": "",
    "enableProxyAutoconfig": "false"

Unity Editor version:    6000.6.0f1 (f7f8ed4d1e24)
Branch:                  6000.6/respin/6000.6.0f1-fa21a270ab12
Build type:              Release
Batch mode:              YES
System name:             Linux
Distro version:          #1 SMP PREEMPT_DYNAMIC Thu, 01 Oct 2026 17:24:20 +0000
Kernel version:          7.2.8-arch1-2
Architecture:            x86_64
Window Protocol:         Wayland (XWayland)
Available memory:        31340 MB
Date:                    2026-10-09T14:11:36Z
[Licensing::Module] Trying to connect to existing licensing client channel...
[Licensing::IpcConnector] Successfully connected to: "LicenseClient-main" at "2026-10-09T14:11:36.711431Z"
[SignatureVerifier] Application signature verification not supported on this platform.
[Licensing::Client] Handshaking with LicensingClient:
  Version:                 1.18.3+d7ffd15
  Session Id:              7ee6e61637ff428b82c0f721e7af5082
  Correlation Id:          b0ae15c3281fe6a205cc7ca0849c2f68
  External correlation Id: 5786943617541221540
  Machine Id:              7dg1T8WRH1g+50zUqfz9HYsfmdI=
[Licensing::Module] Successfully connected to LicensingClient on channel: "LicenseClient-main" (connect: 0.00s, validation: 0.00s, handshake: 0.00s)
[Licensing::IpcConnector] Successfully connected to: "LicenseClient-main-notifications" at "2026-10-09T14:11:36.71276Z"
[Licensing::Module] Licensing Background thread has ended after 0.00s
Selected window backend: (null) 
Desktop is 2560 x 1440 @ 60 Hz
Initialize udev device monitor.

COMMAND LINE ARGUMENTS:
unityhub-unity-editor-6000.6.0f1
-adb2
-batchMode
-noUpm
-name
AssetImportWorkerHW1
-projectPath
/home/main/github/Proyecto/Puppeteer-Stories/Game
-logFile
Logs/AssetImportWorkerHW1.log
-srvPort
44013
-parentPid
22910
-analyticsCloudUserId
6872890175582
-analyticsLocalProjectId
56f506a5401387fe4bfead1f726ad9e4
-editorAnalyticsEnabled
1
-cbmEditorLicense
c6d1719261a14b86167c3a8ee6b1593d2e9fe7a6
-cbmMachineId
7dg1T8WRH1g+50zUqfz9HYsfmdI=
-licensingIpc
LicenseClient-main
-noDiagnosticSwitchPersistentStore
-job-worker-count
7
-background-job-worker-count
8
-asset-garbage-collectors
1
-force-vulkan
Successfully changed project path to: /home/main/github/Proyecto/Puppeteer-Stories/Game
/home/main/github/Proyecto/Puppeteer-Stories/Game
[UnityMemory] Configuration Parameters - Can be set up in boot.config
    "memorysetup-temp-allocator-size-gi-baking-worker=262144"
    "memorysetup-temp-allocator-size-gi-baking-worker=262144"
    "memorysetup-temp-allocator-size-gi-baking-worker=262144"
    "memorysetup-temp-allocator-size-gi-baking-worker=262144"
    "memorysetup-temp-allocator-size-gi-baking-worker=262144"
    "memorysetup-temp-allocator-size-nav-mesh-worker=65536"
    "memorysetup-temp-allocator-size-audio-worker=65536"
    "memorysetup-temp-allocator-size-cloud-worker=32768"
    "memorysetup-temp-allocator-size-preload-manager=33554432"
    "memorysetup-remapper-allocator-initial-capacity=32768"
    "memorysetup-temp-allocator-size-gfx=262144"
    "memorysetup-allocator-temp-initial-block-size-main=262144"
    "memorysetup-allocator-temp-initial-block-size-worker=262144"
    "memorysetup-temp-allocator-size-background-worker=32768"
    "memorysetup-temp-allocator-size-job-worker=262144"
    "memorysetup-bucket-allocator-granularity=16"
    "memorysetup-bucket-allocator-bucket-count=8"
    "memorysetup-bucket-allocator-block-size=33554432"
    "memorysetup-bucket-allocator-block-count=8"
    "memorysetup-main-allocator-block-size=16777216"
    "memorysetup-thread-allocator-block-size=16777216"
    "memorysetup-main-allocator-mimalloc-enabled=1"
    "memorysetup-gfx-main-allocator-block-size=16777216"
    "memorysetup-gfx-thread-allocator-block-size=16777216"
    "memorysetup-cache-allocator-block-size=4194304"
    "memorysetup-typetree-allocator-block-size=2097152"
    "memorysetup-profiler-bucket-allocator-granularity=16"
    "memorysetup-profiler-bucket-allocator-bucket-count=8"
    "memorysetup-profiler-bucket-allocator-block-size=33554432"
    "memorysetup-profiler-bucket-allocator-block-count=8"
    "memorysetup-profiler-allocator-block-size=16777216"
    "memorysetup-profiler-editor-allocator-block-size=1048576"
    "memorysetup-temp-allocator-size-main=16777216"
    "memorysetup-job-temp-allocator-block-size=2097152"
    "memorysetup-job-temp-allocator-block-size-background=1048576"
    "memorysetup-job-temp-allocator-reduction-small-platforms=262144"
Player connection [139701434112768]  Target information:

Player connection [139701434112768]  * "[IP] 10.170.26.65 [Port] 0 [Flags] 2 [Guid] 1195601063 [EditorId] 1195601063 [Version] 1048832 [Id] LinuxEditor(16,10.170.26.65) [Debug] 1 [PackageName] LinuxEditor [ProjectName] Editor" 

Player connection [139701434112768] Host joined multi-casting on [225.0.0.222:54997]...
Player connection [139701434112768] Host joined alternative multi-casting on [225.0.0.222:34997]...
JobSystem: Creating JobQueue using job-worker-count value 7
Input System module state changed to: Initialized.
[Physics::Module] Initialized fallback backend.
[Physics::Module] Id: 0xdecafbad
Initialising UDS system complete:
  - System type: Client
  - Resource namespace: 6345f80682ac4e51639a844b782d7f51
  - Shared memory size: 1073741824
  - Command buffer id: 1052624
  - Command buffer size: 8192
  - Hashmap size: 4194304
  - Service connected: true
  - Service working directory: Library/DataStore/
Library Redirect Path: Library/
[Physics::Module] Selected backend.
[Physics::Module] Name: PhysX
[Physics::Module] Id: 0xf2b8ea05
[Physics::Module] SDK Version: 4.1.2
[Physics::Module] Integration Version: 1.0.0
[Physics::Module] Threading Mode: Multi-Threaded
Refreshing native plugins compatible for Editor in 2.06 ms, found 0 plugins.
Initialize engine version: 6000.6.0f1 (f7f8ed4d1e24)
[EntityIdStore] init: VM path (explicit commit), pageSize=4096, blockCount=1048576, entitiesPerBlock=256, slots reserved=4294967296 bytes
[Subsystems] Discovering subsystems at path /home/main/Unity/Hub/Editor/6000.6.0f1/Editor/Data/Resources/UnitySubsystems
[Subsystems] Discovering subsystems at path /home/main/github/Proyecto/Puppeteer-Stories/Game/Assets
Forcing GfxDevice: Vulkan
GfxDevice: creating device client; kGfxThreadingModeThreaded
[vulkan] LoadVulkanLibrary libvulkan.so.1[vulkan] Loaded instance function vkGetInstanceProcAddr
[vulkan] Loaded instance function vkGetInstanceProcAddr
[vulkan] Loaded instance function vkCreateInstance
[vulkan] Loaded instance function vkEnumerateInstanceExtensionProperties
[vulkan] Loaded instance function vkEnumerateInstanceLayerProperties
[vulkan] Loaded instance function vkEnumerateInstanceVersion
[Vulkan init] extensions: count=25
[Vulkan init] extensions: name=VK_EXT_acquire_drm_display [enabled=0, external=0]
[Vulkan init] extensions: name=VK_EXT_acquire_xlib_display [enabled=0, external=0]
[Vulkan init] extensions: name=VK_EXT_debug_report [enabled=0, external=0]
[Vulkan init] extensions: name=VK_EXT_debug_utils [enabled=1, external=0]
[Vulkan init] extensions: name=VK_EXT_direct_mode_display [enabled=0, external=0]
[Vulkan init] extensions: name=VK_EXT_display_surface_counter [enabled=0, external=0]
[Vulkan init] extensions: name=VK_EXT_surface_maintenance1 [enabled=0, external=0]
[Vulkan init] extensions: name=VK_EXT_swapchain_colorspace [enabled=1, external=0]
[Vulkan init] extensions: name=VK_KHR_device_group_creation [enabled=0, external=0]
[Vulkan init] extensions: name=VK_KHR_display [enabled=1, external=0]
[Vulkan init] extensions: name=VK_KHR_external_fence_capabilities [enabled=1, external=0]
[Vulkan init] extensions: name=VK_KHR_external_memory_capabilities [enabled=1, external=0]
[Vulkan init] extensions: name=VK_KHR_external_semaphore_capabilities [enabled=1, external=0]
[Vulkan init] extensions: name=VK_KHR_get_display_properties2 [enabled=0, external=0]
[Vulkan init] extensions: name=VK_KHR_get_physical_device_properties2 [enabled=1, external=0]
[Vulkan init] extensions: name=VK_KHR_get_surface_capabilities2 [enabled=0, external=0]
[Vulkan init] extensions: name=VK_KHR_portability_enumeration [enabled=0, external=0]
[Vulkan init] extensions: name=VK_KHR_surface [enabled=1, external=0]
[Vulkan init] extensions: name=VK_KHR_surface_maintenance1 [enabled=0, external=0]
[Vulkan init] extensions: name=VK_KHR_surface_protected_capabilities [enabled=0, external=0]
[Vulkan init] extensions: name=VK_KHR_wayland_surface [enabled=1, external=0]
[Vulkan init] extensions: name=VK_KHR_xcb_surface [enabled=0, external=0]
[Vulkan init] extensions: name=VK_KHR_xlib_surface [enabled=1, external=0]
[Vulkan init] extensions: name=VK_LUNARG_direct_driver_loading [enabled=0, external=0]
[Vulkan init] extensions: name=VK_NV_display_stereo [enabled=0, external=0]
[vulkan] Loaded instance function vkDestroyInstance
[vulkan] Loaded instance function vkGetPhysicalDeviceProperties
[vulkan] Loaded instance function vkEnumeratePhysicalDevices
[Vulkan init] SelectPhysicalDevice requestedDeviceIndex=-1 xrDevice=(nil)
[Vulkan init] Physical Device 0x55d860508980 [0]: "NVIDIA GeForce RTX 4060 Laptop GPU" deviceType=2 vendorID=10de deviceID=28a0
Vulkan detection: 2
[Vulkan init] extensions: count=25
[Vulkan init] extensions: name=VK_EXT_acquire_drm_display [enabled=0, external=0]
[Vulkan init] extensions: name=VK_EXT_acquire_xlib_display [enabled=0, external=0]
[Vulkan init] extensions: name=VK_EXT_debug_report [enabled=0, external=0]
[Vulkan init] extensions: name=VK_EXT_debug_utils [enabled=1, external=0]
[Vulkan init] extensions: name=VK_EXT_direct_mode_display [enabled=0, external=0]
[Vulkan init] extensions: name=VK_EXT_display_surface_counter [enabled=0, external=0]
[Vulkan init] extensions: name=VK_EXT_surface_maintenance1 [enabled=0, external=0]
[Vulkan init] extensions: name=VK_EXT_swapchain_colorspace [enabled=1, external=0]
[Vulkan init] extensions: name=VK_KHR_device_group_creation [enabled=0, external=0]
[Vulkan init] extensions: name=VK_KHR_display [enabled=1, external=0]
[Vulkan init] extensions: name=VK_KHR_external_fence_capabilities [enabled=1, external=0]
[Vulkan init] extensions: name=VK_KHR_external_memory_capabilities [enabled=1, external=0]
[Vulkan init] extensions: name=VK_KHR_external_semaphore_capabilities [enabled=1, external=0]
[Vulkan init] extensions: name=VK_KHR_get_display_properties2 [enabled=0, external=0]
[Vulkan init] extensions: name=VK_KHR_get_physical_device_properties2 [enabled=1, external=0]
[Vulkan init] extensions: name=VK_KHR_get_surface_capabilities2 [enabled=0, external=0]
[Vulkan init] extensions: name=VK_KHR_portability_enumeration [enabled=0, external=0]
[Vulkan init] extensions: name=VK_KHR_surface [enabled=1, external=0]
[Vulkan init] extensions: name=VK_KHR_surface_maintenance1 [enabled=0, external=0]
[Vulkan init] extensions: name=VK_KHR_surface_protected_capabilities [enabled=0, external=0]
[Vulkan init] extensions: name=VK_KHR_wayland_surface [enabled=1, external=0]
[Vulkan init] extensions: name=VK_KHR_xcb_surface [enabled=0, external=0]
[Vulkan init] extensions: name=VK_KHR_xlib_surface [enabled=1, external=0]
[Vulkan init] extensions: name=VK_LUNARG_direct_driver_loading [enabled=0, external=0]
[Vulkan init] extensions: name=VK_NV_display_stereo [enabled=0, external=0]
[vulkan] Loaded instance function vkDestroyInstance
[vulkan] Loaded instance function vkGetPhysicalDeviceProperties
[vulkan] Loaded instance function vkEnumeratePhysicalDevices
[vulkan] Loaded instance function vkGetDeviceProcAddr
[vulkan] Loaded instance function vkGetPhysicalDeviceFeatures
[vulkan] Loaded instance function vkGetPhysicalDeviceFormatProperties
[vulkan] Loaded instance function vkGetPhysicalDeviceImageFormatProperties
[vulkan] Loaded instance function vkGetPhysicalDeviceQueueFamilyProperties
[vulkan] Loaded instance function vkGetPhysicalDeviceMemoryProperties
[vulkan] Loaded instance function vkCreateDevice
[vulkan] Loaded instance function vkEnumerateDeviceExtensionProperties
[vulkan] Loaded instance function vkEnumerateDeviceLayerProperties
[vulkan] Loaded instance function vkGetPhysicalDeviceSparseImageFormatProperties
[vulkan] Loaded instance function vkDestroySurfaceKHR
[vulkan] Loaded instance function vkGetPhysicalDeviceSurfaceSupportKHR
[vulkan] Loaded instance function vkGetPhysicalDeviceSurfaceCapabilitiesKHR
[vulkan] Loaded instance function vkGetPhysicalDeviceSurfaceFormatsKHR
[vulkan] Loaded instance function vkGetPhysicalDeviceSurfacePresentModesKHR
[vulkan] Loaded instance function vkCreateSwapchainKHR
[vulkan] Loaded instance function vkDestroySwapchainKHR
[vulkan] Loaded instance function vkGetSwapchainImagesKHR
[vulkan] Loaded instance function vkAcquireNextImageKHR
[vulkan] Loaded instance function vkQueuePresentKHR
[vulkan] Loaded instance function vkGetPhysicalDeviceDisplayPropertiesKHR
[vulkan] Loaded instance function vkGetPhysicalDeviceDisplayPlanePropertiesKHR
[vulkan] Loaded instance function vkGetDisplayPlaneSupportedDisplaysKHR
[vulkan] Loaded instance function vkGetDisplayModePropertiesKHR
[vulkan] Loaded instance function vkCreateDisplayModeKHR
[vulkan] Loaded instance function vkGetDisplayPlaneCapabilitiesKHR
[vulkan] Loaded instance function vkCreateDisplayPlaneSurfaceKHR
[vulkan] Loaded instance function vkCreateSharedSwapchainsKHR
[vulkan] Loaded instance function vkCreateXlibSurfaceKHR
[vulkan] Loaded instance function vkGetPhysicalDeviceXlibPresentationSupportKHR
[vulkan] Loaded instance function vkSetHdrMetadataEXT
[vulkan] Loaded instance function vkGetPhysicalDeviceFeatures2KHR
[vulkan] Loaded instance function vkGetPhysicalDeviceProperties2KHR
[vulkan] Loaded instance function vkGetPhysicalDeviceFormatProperties2KHR
[vulkan] Loaded instance function vkGetPhysicalDeviceImageFormatProperties2KHR
[vulkan] Loaded instance function vkGetPhysicalDeviceQueueFamilyProperties2KHR
[vulkan] Loaded instance function vkGetPhysicalDeviceMemoryProperties2KHR
[vulkan] Loaded instance function vkGetPhysicalDeviceSparseImageFormatProperties2KHR
[vulkan] Loaded instance function vkGetSemaphoreFdKHR
[vulkan] Loaded instance function vkImportSemaphoreFdKHR
[vulkan] Loaded instance function vkGetFenceFdKHR
[vulkan] Loaded instance function vkImportFenceFdKHR
[vulkan] Loaded instance function vkCreateSamplerYcbcrConversionKHR
[vulkan] Loaded instance function vkDestroySamplerYcbcrConversionKHR
[vulkan] Loaded instance function vkBindBufferMemory2KHR
[vulkan] Loaded instance function vkBindImageMemory2KHR
[vulkan] Loaded instance function vkWaitForPresentKHR
[vulkan] Loaded instance function vkGetPhysicalDeviceExternalSemaphorePropertiesKHR
[vulkan] Loaded instance function vkGetPhysicalDeviceExternalFencePropertiesKHR
[vulkan] Loaded instance function vkGetPhysicalDeviceFragmentShadingRatesKHR
[vulkan] Loaded instance function vkSetDebugUtilsObjectNameEXT
[vulkan] Loaded instance function vkSetDebugUtilsObjectTagEXT
[vulkan] Loaded instance function vkQueueBeginDebugUtilsLabelEXT
[vulkan] Loaded instance function vkQueueEndDebugUtilsLabelEXT
[vulkan] Loaded instance function vkQueueInsertDebugUtilsLabelEXT
[vulkan] Loaded instance function vkCmdBeginDebugUtilsLabelEXT
[vulkan] Loaded instance function vkCmdEndDebugUtilsLabelEXT
[vulkan] Loaded instance function vkCmdInsertDebugUtilsLabelEXT
[Vulkan init] SelectPhysicalDevice requestedDeviceIndex=-1 xrDevice=(nil)
[Vulkan init] Physical Device 0x55d86050b780 [0]: "NVIDIA GeForce RTX 4060 Laptop GPU" deviceType=2 vendorID=10de deviceID=28a0
[Vulkan init] Selected physical device 0x55d86050b780
[Vulkan init] Graphics queue count=1
[Vulkan init] extensions: count=290
[Vulkan init] extensions: name=VK_AMD_buffer_marker [enabled=0, external=0]
[Vulkan init] extensions: name=VK_EXT_4444_formats [enabled=1, external=0]
[Vulkan init] extensions: name=VK_EXT_attachment_feedback_loop_dynamic_state [enabled=0, external=0]
[Vulkan init] extensions: name=VK_EXT_attachment_feedback_loop_layout [enabled=0, external=0]
[Vulkan init] extensions: name=VK_EXT_blend_operation_advanced [enabled=0, external=0]
[Vulkan init] extensions: name=VK_EXT_border_color_swizzle [enabled=0, external=0]
[Vulkan init] extensions: name=VK_EXT_buffer_device_address [enabled=0, external=0]
[Vulkan init] extensions: name=VK_EXT_calibrated_timestamps [enabled=0, external=0]
[Vulkan init] extensions: name=VK_EXT_color_write_enable [enabled=0, external=0]
[Vulkan init] extensions: name=VK_EXT_conditional_rendering [enabled=0, external=0]
[Vulkan init] extensions: name=VK_EXT_conservative_rasterization [enabled=1, external=0]
[Vulkan init] extensions: name=VK_EXT_custom_border_color [enabled=0, external=0]
[Vulkan init] extensions: name=VK_EXT_custom_resolve [enabled=0, external=0]
[Vulkan init] extensions: name=VK_EXT_depth_bias_control [enabled=0, external=0]
[Vulkan init] extensions: name=VK_EXT_depth_clamp_control [enabled=0, external=0]
[Vulkan init] extensions: name=VK_EXT_depth_clamp_zero_one [enabled=0, external=0]
[Vulkan init] extensions: name=VK_EXT_depth_clip_control [enabled=0, external=0]
[Vulkan init] extensions: name=VK_EXT_depth_clip_enable [enabled=0, external=0]
[Vulkan init] extensions: name=VK_EXT_depth_range_unrestricted [enabled=0, external=0]
[Vulkan init] extensions: name=VK_EXT_descriptor_buffer [enabled=0, external=0]
[Vulkan init] extensions: name=VK_EXT_descriptor_heap [enabled=0, external=0]
[Vulkan init] extensions: name=VK_EXT_descriptor_indexing [enabled=0, external=0]
[Vulkan init] extensions: name=VK_EXT_device_address_binding_report [enabled=0, external=0]
[Vulkan init] extensions: name=VK_EXT_device_fault [enabled=0, external=0]
[Vulkan init] extensions: name=VK_EXT_device_generated_commands [enabled=0, external=0]
[Vulkan init] extensions: name=VK_EXT_device_memory_report [enabled=0, external=0]
[Vulkan init] extensions: name=VK_EXT_discard_rectangles [enabled=0, external=0]
[Vulkan init] extensions: name=VK_EXT_display_control [enabled=0, external=0]
[Vulkan init] extensions: name=VK_EXT_dynamic_rendering_unused_attachments [enabled=0, external=0]
[Vulkan init] extensions: name=VK_EXT_extended_dynamic_state [enabled=0, external=0]
[Vulkan init] extensions: name=VK_EXT_extended_dynamic_state2 [enabled=0, external=0]
[Vulkan init] extensions: name=VK_EXT_extended_dynamic_state3 [enabled=0, external=0]
[Vulkan init] extensions: name=VK_EXT_external_memory_dma_buf [enabled=0, external=0]
[Vulkan init] extensions: name=VK_EXT_external_memory_host [enabled=1, external=0]
[Vulkan init] extensions: name=VK_EXT_fragment_shader_interlock [enabled=0, external=0]
[Vulkan init] extensions: name=VK_EXT_global_priority [enabled=0, external=0]
[Vulkan init] extensions: name=VK_EXT_global_priority_query [enabled=0, external=0]
[Vulkan init] extensions: name=VK_EXT_graphics_pipeline_library [enabled=0, external=0]
[Vulkan init] extensions: name=VK_EXT_hdr_metadata [enabled=1, external=0]
[Vulkan init] extensions: name=VK_EXT_host_image_copy [enabled=0, external=0]
[Vulkan init] extensions: name=VK_EXT_host_query_reset [enabled=0, external=0]
[Vulkan init] extensions: name=VK_EXT_image_2d_view_of_3d [enabled=0, external=0]
[Vulkan init] extensions: name=VK_EXT_image_drm_format_modifier [enabled=0, external=0]
[Vulkan init] extensions: name=VK_EXT_image_robustness [enabled=0, external=0]
[Vulkan init] extensions: name=VK_EXT_image_sliced_view_of_3d [enabled=0, external=0]
[Vulkan init] extensions: name=VK_EXT_image_view_min_lod [enabled=0, external=0]
[Vulkan init] extensions: name=VK_EXT_index_type_uint8 [enabled=0, external=0]
[Vulkan init] extensions: name=VK_EXT_inline_uniform_block [enabled=0, external=0]
[Vulkan init] extensions: name=VK_EXT_legacy_vertex_attributes [enabled=0, external=0]
[Vulkan init] extensions: name=VK_EXT_line_rasterization [enabled=0, external=0]
[Vulkan init] extensions: name=VK_EXT_load_store_op_none [enabled=1, external=0]
[Vulkan init] extensions: name=VK_EXT_map_memory_placed [enabled=0, external=0]
[Vulkan init] extensions: name=VK_EXT_memory_budget [enabled=1, external=0]
[Vulkan init] extensions: name=VK_EXT_memory_decompression [enabled=0, external=0]
[Vulkan init] extensions: name=VK_EXT_memory_priority [enabled=1, external=0]
[Vulkan init] extensions: name=VK_EXT_mesh_shader [enabled=0, external=0]
[Vulkan init] extensions: name=VK_EXT_multi_draw [enabled=0, external=0]
[Vulkan init] extensions: name=VK_EXT_mutable_descriptor_type [enabled=0, external=0]
[Vulkan init] extensions: name=VK_EXT_nested_command_buffer [enabled=0, external=0]
[Vulkan init] extensions: name=VK_EXT_non_seamless_cube_map [enabled=0, external=0]
[Vulkan init] extensions: name=VK_EXT_opacity_micromap [enabled=0, external=0]
[Vulkan init] extensions: name=VK_EXT_pageable_device_local_memory [enabled=0, external=0]
[Vulkan init] extensions: name=VK_EXT_pci_bus_info [enabled=0, external=0]
[Vulkan init] extensions: name=VK_EXT_physical_device_drm [enabled=0, external=0]
[Vulkan init] extensions: name=VK_EXT_pipeline_creation_cache_control [enabled=0, external=0]
[Vulkan init] extensions: name=VK_EXT_pipeline_creation_feedback [enabled=0, external=0]
[Vulkan init] extensions: name=VK_EXT_pipeline_library_group_handles [enabled=0, external=0]
[Vulkan init] extensions: name=VK_EXT_pipeline_robustness [enabled=0, external=0]
[Vulkan init] extensions: name=VK_EXT_post_depth_coverage [enabled=0, external=0]
[Vulkan init] extensions: name=VK_EXT_present_mode_fifo_latest_ready [enabled=0, external=0]
[Vulkan init] extensions: name=VK_EXT_present_timing [enabled=0, external=0]
[Vulkan init] extensions: name=VK_EXT_primitive_restart_index [enabled=0, external=0]
[Vulkan init] extensions: name=VK_EXT_primitive_topology_list_restart [enabled=0, external=0]
[Vulkan init] extensions: name=VK_EXT_primitives_generated_query [enabled=0, external=0]
[Vulkan init] extensions: name=VK_EXT_private_data [enabled=0, external=0]
[Vulkan init] extensions: name=VK_EXT_provoking_vertex [enabled=0, external=0]
[Vulkan init] extensions: name=VK_EXT_queue_family_foreign [enabled=1, external=0]
[Vulkan init] extensions: name=VK_EXT_ray_tracing_invocation_reorder [enabled=0, external=0]
[Vulkan init] extensions: name=VK_EXT_robustness2 [enabled=0, external=0]
[Vulkan init] extensions: name=VK_EXT_sample_locations [enabled=0, external=0]
[Vulkan init] extensions: name=VK_EXT_sampler_filter_minmax [enabled=0, external=0]
[Vulkan init] extensions: name=VK_EXT_scalar_block_layout [enabled=1, external=0]
[Vulkan init] extensions: name=VK_EXT_separate_stencil_usage [enabled=0, external=0]
[Vulkan init] extensions: name=VK_EXT_shader_64bit_indexing [enabled=0, external=0]
[Vulkan init] extensions: name=VK_EXT_shader_atomic_float [enabled=0, external=0]
[Vulkan init] extensions: name=VK_EXT_shader_demote_to_helper_invocation [enabled=1, external=0]
[Vulkan init] extensions: name=VK_EXT_shader_float8 [enabled=0, external=0]
[Vulkan init] extensions: name=VK_EXT_shader_image_atomic_int64 [enabled=0, external=0]
[Vulkan init] extensions: name=VK_EXT_shader_long_vector [enabled=0, external=0]
[Vulkan init] extensions: name=VK_EXT_shader_module_identifier [enabled=0, external=0]
[Vulkan init] extensions: name=VK_EXT_shader_object [enabled=0, external=0]
[Vulkan init] extensions: name=VK_EXT_shader_replicated_composites [enabled=0, external=0]
[Vulkan init] extensions: name=VK_EXT_shader_split_barrier [enabled=0, external=0]
[Vulkan init] extensions: name=VK_EXT_shader_subgroup_ballot [enabled=0, external=0]
[Vulkan init] extensions: name=VK_EXT_shader_subgroup_partitioned [enabled=0, external=0]
[Vulkan init] extensions: name=VK_EXT_shader_subgroup_vote [enabled=0, external=0]
[Vulkan init] extensions: name=VK_EXT_shader_uniform_buffer_unsized_array [enabled=0, external=0]
[Vulkan init] extensions: name=VK_EXT_shader_viewport_index_layer [enabled=1, external=0]
[Vulkan init] extensions: name=VK_EXT_subgroup_size_control [enabled=0, external=0]
[Vulkan init] extensions: name=VK_EXT_swapchain_maintenance1 [enabled=0, external=0]
[Vulkan init] extensions: name=VK_EXT_texel_buffer_alignment [enabled=0, external=0]
[Vulkan init] extensions: name=VK_EXT_tooling_info [enabled=0, external=0]
[Vulkan init] extensions: name=VK_EXT_transform_feedback [enabled=0, external=0]
[Vulkan init] extensions: name=VK_EXT_vertex_attribute_divisor [enabled=0, external=0]
[Vulkan init] extensions: name=VK_EXT_vertex_attribute_robustness [enabled=0, external=0]
[Vulkan init] extensions: name=VK_EXT_vertex_input_dynamic_state [enabled=1, external=0]
[Vulkan init] extensions: name=VK_EXT_ycbcr_2plane_444_formats [enabled=0, external=0]
[Vulkan init] extensions: name=VK_EXT_ycbcr_image_arrays [enabled=0, external=0]
[Vulkan init] extensions: name=VK_EXT_zero_initialize_device_memory [enabled=0, external=0]
[Vulkan init] extensions: name=VK_GOOGLE_hlsl_functionality1 [enabled=0, external=0]
[Vulkan init] extensions: name=VK_GOOGLE_user_type [enabled=0, external=0]
[Vulkan init] extensions: name=VK_KHR_16bit_storage [enabled=1, external=0]
[Vulkan init] extensions: name=VK_KHR_8bit_storage [enabled=0, external=0]
[Vulkan init] extensions: name=VK_KHR_acceleration_structure [enabled=0, external=0]
[Vulkan init] extensions: name=VK_KHR_bind_memory2 [enabled=1, external=0]
[Vulkan init] extensions: name=VK_KHR_buffer_device_address [enabled=0, external=0]
[Vulkan init] extensions: name=VK_KHR_calibrated_timestamps [enabled=0, external=0]
[Vulkan init] extensions: name=VK_KHR_compute_shader_derivatives [enabled=0, external=0]
[Vulkan init] extensions: name=VK_KHR_cooperative_matrix [enabled=0, external=0]
[Vulkan init] extensions: name=VK_KHR_copy_commands2 [enabled=0, external=0]
[Vulkan init] extensions: name=VK_KHR_copy_memory_indirect [enabled=0, external=0]
[Vulkan init] extensions: name=VK_KHR_create_renderpass2 [enabled=1, external=0]
[Vulkan init] extensions: name=VK_KHR_dedicated_allocation [enabled=1, external=0]
[Vulkan init] extensions: name=VK_KHR_deferred_host_operations [enabled=0, external=0]
[Vulkan init] extensions: name=VK_KHR_depth_clamp_zero_one [enabled=0, external=0]
[Vulkan init] extensions: name=VK_KHR_depth_stencil_resolve [enabled=1, external=0]
[Vulkan init] extensions: name=VK_KHR_descriptor_update_template [enabled=1, external=0]
[Vulkan init] extensions: name=VK_KHR_device_address_commands [enabled=0, external=0]
[Vulkan init] extensions: name=VK_KHR_device_fault [enabled=0, external=0]
[Vulkan init] extensions: name=VK_KHR_device_group [enabled=0, external=0]
[Vulkan init] extensions: name=VK_KHR_draw_indirect_count [enabled=0, external=0]
[Vulkan init] extensions: name=VK_KHR_driver_properties [enabled=1, external=0]
[Vulkan init] extensions: name=VK_KHR_dynamic_rendering [enabled=0, external=0]
[Vulkan init] extensions: name=VK_KHR_dynamic_rendering_local_read [enabled=0, external=0]
[Vulkan init] extensions: name=VK_KHR_external_fence [enabled=1, external=0]
[Vulkan init] extensions: name=VK_KHR_external_fence_fd [enabled=1, external=0]
[Vulkan init] extensions: name=VK_KHR_external_memory [enabled=1, external=0]
[Vulkan init] extensions: name=VK_KHR_external_memory_fd [enabled=1, external=0]
[Vulkan init] extensions: name=VK_KHR_external_semaphore [enabled=1, external=0]
[Vulkan init] extensions: name=VK_KHR_external_semaphore_fd [enabled=1, external=0]
[Vulkan init] extensions: name=VK_KHR_format_feature_flags2 [enabled=0, external=0]
[Vulkan init] extensions: name=VK_KHR_fragment_shader_barycentric [enabled=0, external=0]
[Vulkan init] extensions: name=VK_KHR_fragment_shading_rate [enabled=1, external=0]
[Vulkan init] extensions: name=VK_KHR_get_memory_requirements2 [enabled=1, external=0]
[Vulkan init] extensions: name=VK_KHR_global_priority [enabled=0, external=0]
[Vulkan init] extensions: name=VK_KHR_image_format_list [enabled=1, external=0]
[Vulkan init] extensions: name=VK_KHR_imageless_framebuffer [enabled=0, external=0]
[Vulkan init] extensions: name=VK_KHR_incremental_present [enabled=0, external=0]
[Vulkan init] extensions: name=VK_KHR_index_type_uint8 [enabled=0, external=0]
[Vulkan init] extensions: name=VK_KHR_internally_synchronized_queues [enabled=0, external=0]
[Vulkan init] extensions: name=VK_KHR_line_rasterization [enabled=0, external=0]
[Vulkan init] extensions: name=VK_KHR_load_store_op_none [enabled=0, external=0]
[Vulkan init] extensions: name=VK_KHR_maintenance1 [enabled=1, external=0]
[Vulkan init] extensions: name=VK_KHR_maintenance10 [enabled=0, external=0]
[Vulkan init] extensions: name=VK_KHR_maintenance11 [enabled=0, external=0]
[Vulkan init] extensions: name=VK_KHR_maintenance2 [enabled=1, external=0]
[Vulkan init] extensions: name=VK_KHR_maintenance3 [enabled=0, external=0]
[Vulkan init] extensions: name=VK_KHR_maintenance4 [enabled=0, external=0]
[Vulkan init] extensions: name=VK_KHR_maintenance5 [enabled=0, external=0]
[Vulkan init] extensions: name=VK_KHR_maintenance6 [enabled=0, external=0]
[Vulkan init] extensions: name=VK_KHR_maintenance7 [enabled=0, external=0]
[Vulkan init] extensions: name=VK_KHR_maintenance8 [enabled=0, external=0]
[Vulkan init] extensions: name=VK_KHR_maintenance9 [enabled=0, external=0]
[Vulkan init] extensions: name=VK_KHR_map_memory2 [enabled=0, external=0]
[Vulkan init] extensions: name=VK_KHR_multiview [enabled=1, external=0]
[Vulkan init] extensions: name=VK_KHR_opacity_micromap [enabled=0, external=0]
[Vulkan init] extensions: name=VK_KHR_pipeline_binary [enabled=0, external=0]
[Vulkan init] extensions: name=VK_KHR_pipeline_executable_properties [enabled=0, external=0]
[Vulkan init] extensions: name=VK_KHR_pipeline_library [enabled=0, external=0]
[Vulkan init] extensions: name=VK_KHR_present_id [enabled=1, external=0]
[Vulkan init] extensions: name=VK_KHR_present_id2 [enabled=0, external=0]
[Vulkan init] extensions: name=VK_KHR_present_mode_fifo_latest_ready [enabled=0, external=0]
[Vulkan init] extensions: name=VK_KHR_present_wait [enabled=1, external=0]
[Vulkan init] extensions: name=VK_KHR_present_wait2 [enabled=0, external=0]
[Vulkan init] extensions: name=VK_KHR_push_descriptor [enabled=0, external=0]
[Vulkan init] extensions: name=VK_KHR_ray_query [enabled=0, external=0]
[Vulkan init] extensions: name=VK_KHR_ray_tracing_maintenance1 [enabled=0, external=0]
[Vulkan init] extensions: name=VK_KHR_ray_tracing_pipeline [enabled=0, external=0]
[Vulkan init] extensions: name=VK_KHR_ray_tracing_position_fetch [enabled=0, external=0]
[Vulkan init] extensions: name=VK_KHR_relaxed_block_layout [enabled=0, external=0]
[Vulkan init] extensions: name=VK_KHR_robustness2 [enabled=0, external=0]
[Vulkan init] extensions: name=VK_KHR_sampler_mirror_clamp_to_edge [enabled=1, external=0]
[Vulkan init] extensions: name=VK_KHR_sampler_ycbcr_conversion [enabled=1, external=0]
[Vulkan init] extensions: name=VK_KHR_separate_depth_stencil_layouts [enabled=0, external=0]
[Vulkan init] extensions: name=VK_KHR_shader_abort [enabled=0, external=0]
[Vulkan init] extensions: name=VK_KHR_shader_atomic_int64 [enabled=1, external=0]
[Vulkan init] extensions: name=VK_KHR_shader_bfloat16 [enabled=0, external=0]
[Vulkan init] extensions: name=VK_KHR_shader_clock [enabled=0, external=0]
[Vulkan init] extensions: name=VK_KHR_shader_constant_data [enabled=0, external=0]
[Vulkan init] extensions: name=VK_KHR_shader_draw_parameters [enabled=0, external=0]
[Vulkan init] extensions: name=VK_KHR_shader_expect_assume [enabled=0, external=0]
[Vulkan init] extensions: name=VK_KHR_shader_float16_int8 [enabled=1, external=0]
[Vulkan init] extensions: name=VK_KHR_shader_float_controls [enabled=0, external=0]
[Vulkan init] extensions: name=VK_KHR_shader_float_controls2 [enabled=0, external=0]
[Vulkan init] extensions: name=VK_KHR_shader_fma [enabled=0, external=0]
[Vulkan init] extensions: name=VK_KHR_shader_integer_dot_product [enabled=0, external=0]
[Vulkan init] extensions: name=VK_KHR_shader_maximal_reconvergence [enabled=0, external=0]
[Vulkan init] extensions: name=VK_KHR_shader_non_semantic_info [enabled=1, external=0]
[Vulkan init] extensions: name=VK_KHR_shader_quad_control [enabled=0, external=0]
[Vulkan init] extensions: name=VK_KHR_shader_relaxed_extended_instruction [enabled=0, external=0]
[Vulkan init] extensions: name=VK_KHR_shader_subgroup_extended_types [enabled=0, external=0]
[Vulkan init] extensions: name=VK_KHR_shader_subgroup_rotate [enabled=0, external=0]
[Vulkan init] extensions: name=VK_KHR_shader_subgroup_uniform_control_flow [enabled=0, external=0]
[Vulkan init] extensions: name=VK_KHR_shader_terminate_invocation [enabled=0, external=0]
[Vulkan init] extensions: name=VK_KHR_shader_untyped_pointers [enabled=0, external=0]
[Vulkan init] extensions: name=VK_KHR_shared_presentable_image [enabled=0, external=0]
[Vulkan init] extensions: name=VK_KHR_spirv_1_4 [enabled=0, external=0]
[Vulkan init] extensions: name=VK_KHR_storage_buffer_storage_class [enabled=1, external=0]
[Vulkan init] extensions: name=VK_KHR_swapchain [enabled=1, external=0]
[Vulkan init] extensions: name=VK_KHR_swapchain_maintenance1 [enabled=0, external=0]
[Vulkan init] extensions: name=VK_KHR_swapchain_mutable_format [enabled=1, external=0]
[Vulkan init] extensions: name=VK_KHR_synchronization2 [enabled=0, external=0]
[Vulkan init] extensions: name=VK_KHR_timeline_semaphore [enabled=0, external=0]
[Vulkan init] extensions: name=VK_KHR_unified_image_layouts [enabled=0, external=0]
[Vulkan init] extensions: name=VK_KHR_uniform_buffer_standard_layout [enabled=0, external=0]
[Vulkan init] extensions: name=VK_KHR_variable_pointers [enabled=0, external=0]
[Vulkan init] extensions: name=VK_KHR_vertex_attribute_divisor [enabled=0, external=0]
[Vulkan init] extensions: name=VK_KHR_video_decode_av1 [enabled=0, external=0]
[Vulkan init] extensions: name=VK_KHR_video_decode_h264 [enabled=0, external=0]
[Vulkan init] extensions: name=VK_KHR_video_decode_h265 [enabled=0, external=0]
[Vulkan init] extensions: name=VK_KHR_video_decode_queue [enabled=0, external=0]
[Vulkan init] extensions: name=VK_KHR_video_decode_vp9 [enabled=0, external=0]
[Vulkan init] extensions: name=VK_KHR_video_encode_av1 [enabled=0, external=0]
[Vulkan init] extensions: name=VK_KHR_video_encode_h264 [enabled=0, external=0]
[Vulkan init] extensions: name=VK_KHR_video_encode_h265 [enabled=0, external=0]
[Vulkan init] extensions: name=VK_KHR_video_encode_intra_refresh [enabled=0, external=0]
[Vulkan init] extensions: name=VK_KHR_video_encode_quantization_map [enabled=0, external=0]
[Vulkan init] extensions: name=VK_KHR_video_encode_queue [enabled=0, external=0]
[Vulkan init] extensions: name=VK_KHR_video_maintenance1 [enabled=0, external=0]
[Vulkan init] extensions: name=VK_KHR_video_maintenance2 [enabled=0, external=0]
[Vulkan init] extensions: name=VK_KHR_video_queue [enabled=0, external=0]
[Vulkan init] extensions: name=VK_KHR_vulkan_memory_model [enabled=0, external=0]
[Vulkan init] extensions: name=VK_KHR_workgroup_memory_explicit_layout [enabled=0, external=0]
[Vulkan init] extensions: name=VK_KHR_zero_initialize_workgroup_memory [enabled=0, external=0]
[Vulkan init] extensions: name=VK_NVX_binary_import [enabled=0, external=0]
[Vulkan init] extensions: name=VK_NVX_image_view_handle [enabled=0, external=0]
[Vulkan init] extensions: name=VK_NVX_multiview_per_view_attributes [enabled=0, external=0]
[Vulkan init] extensions: name=VK_NV_clip_space_w_scaling [enabled=0, external=0]
[Vulkan init] extensions: name=VK_NV_cluster_acceleration_structure [enabled=0, external=0]
[Vulkan init] extensions: name=VK_NV_compute_occupancy_priority [enabled=0, external=0]
[Vulkan init] extensions: name=VK_NV_compute_shader_derivatives [enabled=0, external=0]
[Vulkan init] extensions: name=VK_NV_cooperative_matrix [enabled=0, external=0]
[Vulkan init] extensions: name=VK_NV_cooperative_matrix2 [enabled=0, external=0]
[Vulkan init] extensions: name=VK_NV_cooperative_matrix_decode_vector [enabled=0, external=0]
[Vulkan init] extensions: name=VK_NV_cooperative_vector [enabled=0, external=0]
[Vulkan init] extensions: name=VK_NV_copy_memory_indirect [enabled=0, external=0]
[Vulkan init] extensions: name=VK_NV_corner_sampled_image [enabled=0, external=0]
[Vulkan init] extensions: name=VK_NV_coverage_reduction_mode [enabled=0, external=0]
[Vulkan init] extensions: name=VK_NV_cuda_kernel_launch [enabled=0, external=0]
[Vulkan init] extensions: name=VK_NV_dedicated_allocation [enabled=0, external=0]
[Vulkan init] extensions: name=VK_NV_dedicated_allocation_image_aliasing [enabled=0, external=0]
[Vulkan init] extensions: name=VK_NV_descriptor_pool_overallocation [enabled=0, external=0]
[Vulkan init] extensions: name=VK_NV_device_diagnostic_checkpoints [enabled=0, external=0]
[Vulkan init] extensions: name=VK_NV_device_diagnostics_config [enabled=0, external=0]
[Vulkan init] extensions: name=VK_NV_device_generated_commands [enabled=0, external=0]
[Vulkan init] extensions: name=VK_NV_device_generated_commands_compute [enabled=0, external=0]
[Vulkan init] extensions: name=VK_NV_disk_cache_utils [enabled=0, external=0]
[Vulkan init] extensions: name=VK_NV_extended_sparse_address_space [enabled=0, external=0]
[Vulkan init] extensions: name=VK_NV_fill_rectangle [enabled=0, external=0]
[Vulkan init] extensions: name=VK_NV_fragment_coverage_to_color [enabled=0, external=0]
[Vulkan init] extensions: name=VK_NV_fragment_shader_barycentric [enabled=0, external=0]
[Vulkan init] extensions: name=VK_NV_fragment_shading_rate_enums [enabled=0, external=0]
[Vulkan init] extensions: name=VK_NV_framebuffer_mixed_samples [enabled=0, external=0]
[Vulkan init] extensions: name=VK_NV_geometry_shader_passthrough [enabled=0, external=0]
[Vulkan init] extensions: name=VK_NV_inherited_viewport_scissor [enabled=0, external=0]
[Vulkan init] extensions: name=VK_NV_internal_handle [enabled=0, external=0]
[Vulkan init] extensions: name=VK_NV_internal_nvpresent [enabled=0, external=0]
[Vulkan init] extensions: name=VK_NV_linear_color_attachment [enabled=0, external=0]
[Vulkan init] extensions: name=VK_NV_low_latency [enabled=0, external=0]
[Vulkan init] extensions: name=VK_NV_low_latency2 [enabled=0, external=0]
[Vulkan init] extensions: name=VK_NV_memory_decompression [enabled=0, external=0]
[Vulkan init] extensions: name=VK_NV_mesh_shader [enabled=0, external=0]
[Vulkan init] extensions: name=VK_NV_optical_flow [enabled=0, external=0]
[Vulkan init] extensions: name=VK_NV_partitioned_acceleration_structure [enabled=0, external=0]
[Vulkan init] extensions: name=VK_NV_present_metering [enabled=0, external=0]
[Vulkan init] extensions: name=VK_NV_push_constant_bank [enabled=0, external=0]
[Vulkan init] extensions: name=VK_NV_raw_access_chains [enabled=0, external=0]
[Vulkan init] extensions: name=VK_NV_ray_tracing [enabled=0, external=0]
[Vulkan init] extensions: name=VK_NV_ray_tracing_invocation_reorder [enabled=0, external=0]
[Vulkan init] extensions: name=VK_NV_ray_tracing_motion_blur [enabled=0, external=0]
[Vulkan init] extensions: name=VK_NV_representative_fragment_test [enabled=0, external=0]
[Vulkan init] extensions: name=VK_NV_sample_mask_override_coverage [enabled=0, external=0]
[Vulkan init] extensions: name=VK_NV_scissor_exclusive [enabled=0, external=0]
[Vulkan init] extensions: name=VK_NV_shader_atomic_float16_vector [enabled=0, external=0]
[Vulkan init] extensions: name=VK_NV_shader_image_footprint [enabled=0, external=0]
[Vulkan init] extensions: name=VK_NV_shader_sm_builtins [enabled=0, external=0]
[Vulkan init] extensions: name=VK_NV_shader_subgroup_partitioned [enabled=0, external=0]
[Vulkan init] extensions: name=VK_NV_shading_rate_image [enabled=0, external=0]
[Vulkan init] extensions: name=VK_NV_viewport_array2 [enabled=0, external=0]
[Vulkan init] extensions: name=VK_NV_viewport_swizzle [enabled=0, external=0]
[vulkan] Loaded device function vkDestroyDevice
[vulkan] Loaded device function vkGetDeviceQueue
[vulkan] Loaded device function vkQueueSubmit
[vulkan] Loaded device function vkQueueWaitIdle
[vulkan] Loaded device function vkDeviceWaitIdle
[vulkan] Loaded device function vkAllocateMemory
[vulkan] Loaded device function vkFreeMemory
[vulkan] Loaded device function vkMapMemory
[vulkan] Loaded device function vkUnmapMemory
[vulkan] Loaded device function vkFlushMappedMemoryRanges
[vulkan] Loaded device function vkInvalidateMappedMemoryRanges
[vulkan] Loaded device function vkGetDeviceMemoryCommitment
[vulkan] Loaded device function vkBindBufferMemory
[vulkan] Loaded device function vkBindImageMemory
[vulkan] Loaded device function vkGetBufferMemoryRequirements
[vulkan] Loaded device function vkGetImageMemoryRequirements
[vulkan] Loaded device function vkGetImageSparseMemoryRequirements
[vulkan] Loaded device function vkQueueBindSparse
[vulkan] Loaded device function vkCreateFence
[vulkan] Loaded device function vkDestroyFence
[vulkan] Loaded device function vkResetFences
[vulkan] Loaded device function vkGetFenceStatus
[vulkan] Loaded device function vkWaitForFences
[vulkan] Loaded device function vkCreateSemaphore
[vulkan] Loaded device function vkDestroySemaphore
[vulkan] Loaded device function vkCreateEvent
[vulkan] Loaded device function vkDestroyEvent
[vulkan] Loaded device function vkGetEventStatus
[vulkan] Loaded device function vkSetEvent
[vulkan] Loaded device function vkResetEvent
[vulkan] Loaded device function vkCreateQueryPool
[vulkan] Loaded device function vkDestroyQueryPool
[vulkan] Loaded device function vkGetQueryPoolResults
[vulkan] Loaded device function vkCreateBuffer
[vulkan] Loaded device function vkDestroyBuffer
[vulkan] Loaded device function vkCreateBufferView
[vulkan] Loaded device function vkDestroyBufferView
[vulkan] Loaded device function vkCreateImage
[vulkan] Loaded device function vkDestroyImage
[vulkan] Loaded device function vkGetImageSubresourceLayout
[vulkan] Loaded device function vkCreateImageView
[vulkan] Loaded device function vkDestroyImageView
[vulkan] Loaded device function vkCreateShaderModule
[vulkan] Loaded device function vkDestroyShaderModule
[vulkan] Loaded device function vkCreatePipelineCache
[vulkan] Loaded device function vkDestroyPipelineCache
[vulkan] Loaded device function vkGetPipelineCacheData
[vulkan] Loaded device function vkMergePipelineCaches
[vulkan] Loaded device function vkCreateGraphicsPipelines
[vulkan] Loaded device function vkCreateComputePipelines
[vulkan] Loaded device function vkDestroyPipeline
[vulkan] Loaded device function vkCreatePipelineLayout
[vulkan] Loaded device function vkDestroyPipelineLayout
[vulkan] Loaded device function vkCreateSampler
[vulkan] Loaded device function vkDestroySampler
[vulkan] Loaded device function vkCreateDescriptorSetLayout
[vulkan] Loaded device function vkDestroyDescriptorSetLayout
[vulkan] Loaded device function vkCreateDescriptorPool
[vulkan] Loaded device function vkDestroyDescriptorPool
[vulkan] Loaded device function vkResetDescriptorPool
[vulkan] Loaded device function vkAllocateDescriptorSets
[vulkan] Loaded device function vkFreeDescriptorSets
[vulkan] Loaded device function vkUpdateDescriptorSets
[vulkan] Loaded device function vkCreateFramebuffer
[vulkan] Loaded device function vkDestroyFramebuffer
[vulkan] Loaded device function vkCreateRenderPass
[vulkan] Loaded device function vkDestroyRenderPass
[vulkan] Loaded device function vkGetRenderAreaGranularity
[vulkan] Loaded device function vkCreateCommandPool
[vulkan] Loaded device function vkDestroyCommandPool
[vulkan] Loaded device function vkResetCommandPool
[vulkan] Loaded device function vkAllocateCommandBuffers
[vulkan] Loaded device function vkFreeCommandBuffers
[vulkan] Loaded device function vkBeginCommandBuffer
[vulkan] Loaded device function vkEndCommandBuffer
[vulkan] Loaded device function vkResetCommandBuffer
[vulkan] Loaded device function vkCmdBindPipeline
[vulkan] Loaded device function vkCmdSetViewport
[vulkan] Loaded device function vkCmdSetScissor
[vulkan] Loaded device function vkCmdSetLineWidth
[vulkan] Loaded device function vkCmdSetDepthBias
[vulkan] Loaded device function vkCmdSetBlendConstants
[vulkan] Loaded device function vkCmdSetDepthBounds
[vulkan] Loaded device function vkCmdSetStencilCompareMask
[vulkan] Loaded device function vkCmdSetStencilWriteMask
[vulkan] Loaded device function vkCmdSetStencilReference
[vulkan] Loaded device function vkCmdBindDescriptorSets
[vulkan] Loaded device function vkCmdBindIndexBuffer
[vulkan] Loaded device function vkCmdBindVertexBuffers
[vulkan] Loaded device function vkCmdDraw
[vulkan] Loaded device function vkCmdDrawIndexed
[vulkan] Loaded device function vkCmdDrawIndirect
[vulkan] Loaded device function vkCmdDrawIndexedIndirect
[vulkan] Loaded device function vkCmdDispatch
[vulkan] Loaded device function vkCmdDispatchIndirect
[vulkan] Loaded device function vkCmdCopyBuffer
[vulkan] Loaded device function vkCmdCopyImage
[vulkan] Loaded device function vkCmdBlitImage
[vulkan] Loaded device function vkCmdCopyBufferToImage
[vulkan] Loaded device function vkCmdCopyImageToBuffer
[vulkan] Loaded device function vkCmdUpdateBuffer
[vulkan] Loaded device function vkCmdFillBuffer
[vulkan] Loaded device function vkCmdClearColorImage
[vulkan] Loaded device function vkCmdClearDepthStencilImage
[vulkan] Loaded device function vkCmdClearAttachments
[vulkan] Loaded device function vkCmdResolveImage
[vulkan] Loaded device function vkCmdSetEvent
[vulkan] Loaded device function vkCmdResetEvent
[vulkan] Loaded device function vkCmdWaitEvents
[vulkan] Loaded device function vkCmdPipelineBarrier
[vulkan] Loaded device function vkCmdBeginQuery
[vulkan] Loaded device function vkCmdEndQuery
[vulkan] Loaded device function vkCmdResetQueryPool
[vulkan] Loaded device function vkCmdWriteTimestamp
[vulkan] Loaded device function vkCmdCopyQueryPoolResults
[vulkan] Loaded device function vkCmdPushConstants
[vulkan] Loaded device function vkCmdBeginRenderPass
[vulkan] Loaded device function vkCmdNextSubpass
[vulkan] Loaded device function vkCmdEndRenderPass
[vulkan] Loaded device function vkCmdExecuteCommands
[vulkan] Loaded device function vkGetImageMemoryRequirements2KHR
[vulkan] Loaded device function vkGetBufferMemoryRequirements2KHR
[vulkan] Loaded device function vkGetImageSparseMemoryRequirements2KHR
[vulkan] Loaded device function vkCreateDescriptorUpdateTemplateKHR
[vulkan] Loaded device function vkDestroyDescriptorUpdateTemplateKHR
[vulkan] Loaded device function vkUpdateDescriptorSetWithTemplateKHR
[vulkan] Loaded device function vkCmdBeginRenderPass2KHR
[vulkan] Loaded device function vkCmdEndRenderPass2KHR
[vulkan] Loaded device function vkCmdNextSubpass2KHR
[vulkan] Loaded device function vkCreateRenderPass2KHR
[vulkan] Loaded device function vkCmdSetVertexInputEXT
[vulkan] Loaded device function vkCmdSetFragmentShadingRateKHR
[vulkan] Failed to load device function vkGetFramebufferTilePropertiesQCOM
[vulkan] Loaded instance function vkGetFramebufferTilePropertiesQCOM
[vulkan] Failed to load device function vkDebugMarkerSetObjectTagEXT
[vulkan] Loaded instance function vkDebugMarkerSetObjectTagEXT
[vulkan] Failed to load device function vkDebugMarkerSetObjectNameEXT
[vulkan] Loaded instance function vkDebugMarkerSetObjectNameEXT
[vulkan] Failed to load device function vkCmdDebugMarkerBeginEXT
[vulkan] Loaded instance function vkCmdDebugMarkerBeginEXT
[vulkan] Failed to load device function vkCmdDebugMarkerEndEXT
[vulkan] Loaded instance function vkCmdDebugMarkerEndEXT
[vulkan] Failed to load device function vkCmdDebugMarkerInsertEXT
[vulkan] Loaded instance function vkCmdDebugMarkerInsertEXT
Vulkan API version 1.1.0 (1.4.351 supported by driver, 1.1.0 requested)
Vulkan vendor=[NVIDIA] id=[10de]
Vulkan renderer=[NVIDIA GeForce RTX 4060 Laptop GPU] id=[28a0]
Vulkan device type 2
Vulkan driverversion=[615.284.576 (0x99d1c240)] uint=[-1714306496]
Vulkan driverLibraryString=[NVIDIA (4), 615.71.09]
Vulkan PSO: Cache data successfully loaded [size=36,path=/tmp/DefaultCompany/My project/vulkan_pso_cache.bin]
Initialize mono
Mono path[0] = '/home/main/Unity/Hub/Editor/6000.6.0f1/Editor/Data/Managed'
Mono path[1] = '/home/main/Unity/Hub/Editor/6000.6.0f1/Editor/Data/BCLExtensions/runtime/netstandard2.1'
Mono path[2] = '/home/main/Unity/Hub/Editor/6000.6.0f1/Editor/Data/MonoBleedingEdge/lib/mono/unityjit-linux'
Mono config path = '/home/main/Unity/Hub/Editor/6000.6.0f1/Editor/Data/MonoBleedingEdge/etc'
Using monoOptions --debugger-agent=transport=dt_socket,embedding=1,server=y,suspend=n,address=127.0.0.1:56256
CodeReloadManager initialized
Begin MonoManager ReloadAssembly
Registering precompiled unity dll's ...
Register platform support module: /home/main/Unity/Hub/Editor/6000.6.0f1/Editor/Data/PlaybackEngines/WindowsStandaloneSupport/UnityEditor.WindowsStandalone.Extensions.dll
Register platform support module: /home/main/Unity/Hub/Editor/6000.6.0f1/Editor/Data/PlaybackEngines/LinuxStandaloneSupport/UnityEditor.LinuxStandalone.Extensions.dll
Registered in 0.003125 seconds.
Native extension for LinuxStandalone target not found
Native extension for WindowsStandalone target not found
Package Manager log level set to [2]
[Package Manager] Failed to launch server process. Reason: Unity was launched with the -noUpm command-line argument
[Package Manager] Unable to send message (not connected to server process).
[Package Manager] Cannot connect to Unity Package Manager local server
[Package Manager] Failed to launch server process. Reason: Unity was launched with the -noUpm command-line argument
[Package Manager] Unable to send message (not connected to server process).
[Package Manager] Cannot connect to Unity Package Manager local server
ScheduleIndexationOnStartup MainProcess:False IndexOnStartup:True
Scripting: successfully reloaded assembly
- Finished resetting the current domain, in  0.861 seconds
Domain Reload Profiling: 1696ms
	BeginReloadAssembly (128ms)
	RebuildCommonClasses (8ms)
	RebuildNativeTypeToScriptingClass (19ms)
	initialDomainReloadingComplete (115ms)
	LoadAllAssembliesAndSetupDomain (563ms)
		LoadAssemblies (127ms)
		TypeCache.Refresh (382ms)
			TypeCache.ScanAssembly (358ms)
		AnalyzeDomain (1ms)
	FinalizeReload (862ms)
		SetupLoadedEditorAssemblies (0ms)
			LogAssemblyErrors (3ms)
			InitializePlatformSupportModulesInManaged (4ms)
			BeforeProcessingInitializeOnLoad (187ms)
			ProcessInitializeOnLoadAttributes (165ms)
			ProcessInitializeOnLoadMethodAttributes (322ms)
Initializing Unity extensions:
[Licensing::Client] Successfully resolved entitlement details
[Licensing::Module] License group:
  Id: 6872890175582-UnityPersXXXX
  Product: Unity Personal
  Type: Assigned
  Expiration: Unlimited
========================================================================
Worker process is ready to serve import requests
Import Worker Mode flag is 0x00
Begin MonoManager ReloadAssembly
'Packages/com.unity.render-pipelines.core/Editor/Deprecated.cs' contains partial class of Unity.Object, exactly 1 of the partial classes needs to be in a file with the same filename. This is to know the one that can be referenced from ie. GameObjects
'Packages/com.unity.render-pipelines.core/Editor/Deprecated.cs' contains partial class of Unity.Object, exactly 1 of the partial classes needs to be in a file with the same filename. This is to know the one that can be referenced from ie. GameObjects
Native extension for LinuxStandalone target not found
Native extension for WindowsStandalone target not found
[Package Manager] Failed to launch server process. Reason: Unity was launched with the -noUpm command-line argument
[Package Manager] Unable to send message (not connected to server process).
[Package Manager] Cannot connect to Unity Package Manager local server
[Package Manager] Failed to launch server process. Reason: Unity was launched with the -noUpm command-line argument
[Package Manager] Unable to send message (not connected to server process).
[Package Manager] Cannot connect to Unity Package Manager local server
ScheduleIndexationOnStartup MainProcess:False IndexOnStartup:True
Scripting: successfully reloaded assembly
- Finished resetting the current domain, in  0.897 seconds
Domain Reload Profiling: 1978ms
	BeginReloadAssembly (250ms)
		DisableScriptedObjects (13ms)
		CreateAndSetChildDomain (48ms)
	RebuildCommonClasses (13ms)
	RebuildNativeTypeToScriptingClass (20ms)
	initialDomainReloadingComplete (75ms)
	LoadAllAssembliesAndSetupDomain (722ms)
		LoadAssemblies (311ms)
		TypeCache.Refresh (222ms)
			TypeCache.ScanAssembly (205ms)
		AnalyzeDomain (88ms)
			BuildScriptInfoCaches (76ms)
			ResolveRequiredComponents (9ms)
	FinalizeReload (898ms)
		SetupLoadedEditorAssemblies (0ms)
			LogAssemblyErrors (3ms)
			BeforeProcessingInitializeOnLoad (115ms)
			ProcessInitializeOnLoadAttributes (304ms)
			ProcessInitializeOnLoadMethodAttributes (60ms)
			AfterProcessingInitializeOnLoad (5ms)
		AwakeInstancesAfterBackupRestoration (7ms)
AcceleratorClientConnectionCallback - disconnected - :0
Launched and connected shader compiler UnityShaderCompiler after 0.01 seconds
Unloading 63 Unused Serialized files (Serialized files now loaded: 0)
Unloading 6611 unused Assets / (9.4 MB). Loaded Objects now: 7479.
Memory consumption went from 213.2 MB to 203.7 MB.
Total: 16.063415 ms (FindLiveObjects: 0.651536 ms CreateObjectMapping: 0.363559 ms MarkObjects: 9.034524 ms  DeleteObjects: 5.765252 ms)

========================================================================
Received Import Request.
  Time of request: 2026-10-09T14:11:42.399699Z
  Time since last request: 4064.65972180000017 seconds.
  importAddress: GUID: d8ee4aa2fab810242a1ff465e662bc09 - Path: Packages/com.unity.render-pipelines.core/Editor/Lighting/Icons/LightUnitIcons/SunriseSunset.png - Importer: ScriptedImporter/UnityEditor.QuickSearchModule:UnityEditor.Search:ASIAI0B
Importing 'GUID: d8ee4aa2fab810242a1ff465e662bc09 - Path: Packages/com.unity.render-pipelines.core/Editor/Lighting/Icons/LightUnitIcons/SunriseSunset.png - Importer: ScriptedImporter/UnityEditor.QuickSearchModule:UnityEditor.Search:ASIAI0B' with importer (ScriptedImporter : UnityEditor.QuickSearchModule:UnityEditor.Search:ASIAI0B)
Imported 'GUID: d8ee4aa2fab810242a1ff465e662bc09' -> (Import Result ID: '74d041c3f6f8fd7244d5bc2182ef66a7') in 0.120 seconds [static and dynamic dependencies]. Details - ImportResultOutputID=1b697a7368be441af90eb452df2122f1 DependenciesID=0601cf0127a0177d03f09f1f39d086b2 StaticDependenciesID=9809ad68f1263225d0d46903948aebb3 
Number of updated asset objects reloaded before import = 0
Number of asset objects unloaded after import = 1
========================================================================
Received Import Request.
  Time of request: 2026-10-09T14:11:42.556653Z
  Time since last request: 0.023202622 seconds.
  importAddress: GUID: 8d43dcf0c0580c74485954c1a2447f4a - Path: Packages/com.unity.render-pipelines.core/Editor-PrivateShared/Tools/Converter/ReadonlyMaterialConverter/ReadonlyMaterialConverter.MaterialReferenceChanger.cs - Importer: ScriptedImporter/UnityEditor.QuickSearchModule:UnityEditor.Search:ASIAI0B
Importing 'GUID: 8d43dcf0c0580c74485954c1a2447f4a - Path: Packages/com.unity.render-pipelines.core/Editor-PrivateShared/Tools/Converter/ReadonlyMaterialConverter/ReadonlyMaterialConverter.MaterialReferenceChanger.cs - Importer: ScriptedImporter/UnityEditor.QuickSearchModule:UnityEditor.Search:ASIAI0B' with importer (ScriptedImporter : UnityEditor.QuickSearchModule:UnityEditor.Search:ASIAI0B)
Imported 'GUID: 8d43dcf0c0580c74485954c1a2447f4a' -> (Import Result ID: '25a71fccbcb4415e2e364a01acf44a04') in 0.011 seconds [static and dynamic dependencies]. Details - ImportResultOutputID=c40097340d6105f7dd738e6d381b31e8 DependenciesID=98fb41d49d1dbffbe594a968015493d6 StaticDependenciesID=ee26667c5ba2118ac616f7e4664a8803 
Number of updated asset objects reloaded before import = 0
Number of asset objects unloaded after import = 0
========================================================================
Received Import Request.
  Time of request: 2026-10-09T14:11:42.578956Z
  Time since last request: 0.000029566 seconds.
  importAddress: GUID: 3f9a63faecec9a34c9ffbfedd9ac5c3b - Path: Packages/com.unity.render-pipelines.core/Editor/Lighting/Icons/LightUnitIcons/d_Candlelight.png - Importer: ScriptedImporter/UnityEditor.QuickSearchModule:UnityEditor.Search:ASIAI0B
Importing 'GUID: 3f9a63faecec9a34c9ffbfedd9ac5c3b - Path: Packages/com.unity.render-pipelines.core/Editor/Lighting/Icons/LightUnitIcons/d_Candlelight.png - Importer: ScriptedImporter/UnityEditor.QuickSearchModule:UnityEditor.Search:ASIAI0B' with importer (ScriptedImporter : UnityEditor.QuickSearchModule:UnityEditor.Search:ASIAI0B)
Imported 'GUID: 3f9a63faecec9a34c9ffbfedd9ac5c3b' -> (Import Result ID: '7864e47b62de31632c41416b6591dab6') in 0.004 seconds [static and dynamic dependencies]. Details - ImportResultOutputID=f973319738f9a71cd28b4816a991855d DependenciesID=a3efa86fedfa3dfa765483c9b8fb916b StaticDependenciesID=4986a726627a9c8133e94a43aca71b2e 
Number of updated asset objects reloaded before import = 0
Number of asset objects unloaded after import = 1
========================================================================
Received Import Request.
  Time of request: 2026-10-09T14:11:42.594336Z
  Time since last request: 0.000291123 seconds.
  importAddress: GUID: 03960f03150747048893b7bfcdde9148 - Path: Packages/com.unity.render-pipelines.core/Editor-PrivateShared/Tools/Converter/Window/RenderPipelineConverterVisualElementListFilter.uxml - Importer: ScriptedImporter/UnityEditor.QuickSearchModule:UnityEditor.Search:ASIAI0B
Importing 'GUID: 03960f03150747048893b7bfcdde9148 - Path: Packages/com.unity.render-pipelines.core/Editor-PrivateShared/Tools/Converter/Window/RenderPipelineConverterVisualElementListFilter.uxml - Importer: ScriptedImporter/UnityEditor.QuickSearchModule:UnityEditor.Search:ASIAI0B' with importer (ScriptedImporter : UnityEditor.QuickSearchModule:UnityEditor.Search:ASIAI0B)
Imported 'GUID: 03960f03150747048893b7bfcdde9148' -> (Import Result ID: 'b825de891214ab9ab2c6e4beacbddd1e') in 0.088 seconds [static and dynamic dependencies]. Details - ImportResultOutputID=a94032f1d2b602cd15a643e7070fbfef DependenciesID=63881308386bdcb5dcbdcadd7a07acfd StaticDependenciesID=76298abab994c6d3ac855fc87f6b790f 
Number of updated asset objects reloaded before import = 0
Number of asset objects unloaded after import = 2
========================================================================
Received Import Request.
  Time of request: 2026-10-09T14:11:42.691595Z
  Time since last request: 0.000199713 seconds.
  importAddress: GUID: 80a48b3afafdc644fb4e3319f6f19fc8 - Path: Packages/com.unity.render-pipelines.core/Editor/Lighting/Icons/LightUnitIcons/d_Overcast.png - Importer: ScriptedImporter/UnityEditor.QuickSearchModule:UnityEditor.Search:ASIAI0B
Importing 'GUID: 80a48b3afafdc644fb4e3319f6f19fc8 - Path: Packages/com.unity.render-pipelines.core/Editor/Lighting/Icons/LightUnitIcons/d_Overcast.png - Importer: ScriptedImporter/UnityEditor.QuickSearchModule:UnityEditor.Search:ASIAI0B' with importer (ScriptedImporter : UnityEditor.QuickSearchModule:UnityEditor.Search:ASIAI0B)
Imported 'GUID: 80a48b3afafdc644fb4e3319f6f19fc8' -> (Import Result ID: '6b4b3c04451ac138ad70db40592efe07') in 0.004 seconds [static and dynamic dependencies]. Details - ImportResultOutputID=aaddb5dfbd673f4cbd3e3df0e38ade4f DependenciesID=1145ea760a87808aa18443b9e1706353 StaticDependenciesID=3a2e95db948c2e5b035494d91503d528 
Number of updated asset objects reloaded before import = 0
Number of asset objects unloaded after import = 1
========================================================================
Received Import Request.
  Time of request: 2026-10-09T14:11:42.704523Z
  Time since last request: 0.000260506 seconds.
  importAddress: GUID: 9ed59abbb45e72140ae72a33b30ea19e - Path: Packages/com.unity.render-pipelines.core/Editor/Lighting/Icons/LightUnitIcons/d_Fluorescent@2x.png - Importer: ScriptedImporter/UnityEditor.QuickSearchModule:UnityEditor.Search:ASIAI0B
Importing 'GUID: 9ed59abbb45e72140ae72a33b30ea19e - Path: Packages/com.unity.render-pipelines.core/Editor/Lighting/Icons/LightUnitIcons/d_Fluorescent@2x.png - Importer: ScriptedImporter/UnityEditor.QuickSearchModule:UnityEditor.Search:ASIAI0B' with importer (ScriptedImporter : UnityEditor.QuickSearchModule:UnityEditor.Search:ASIAI0B)
Imported 'GUID: 9ed59abbb45e72140ae72a33b30ea19e' -> (Import Result ID: 'a51b346d8efe456c82e8a33f39d265a0') in 0.004 seconds [static and dynamic dependencies]. Details - ImportResultOutputID=9d6086718eaa40e76aeb9795052db762 DependenciesID=8c9b200e77550afb13931a71c771bc2b StaticDependenciesID=aadbb8e6e60792cf3fa243a781d16249 
Number of updated asset objects reloaded before import = 0
Number of asset objects unloaded after import = 1
========================================================================
Received Import Request.
  Time of request: 2026-10-09T14:11:42.716975Z
  Time since last request: 0.000298798 seconds.
  importAddress: GUID: 517486330cc07ce4ba7086c43181f3ae - Path: Packages/com.unity.render-pipelines.core/Editor-PrivateShared/Tools/Converter/Window/RenderPipelineConverterVisualElementListFilter.cs - Importer: ScriptedImporter/UnityEditor.QuickSearchModule:UnityEditor.Search:ASIAI0B
Importing 'GUID: 517486330cc07ce4ba7086c43181f3ae - Path: Packages/com.unity.render-pipelines.core/Editor-PrivateShared/Tools/Converter/Window/RenderPipelineConverterVisualElementListFilter.cs - Importer: ScriptedImporter/UnityEditor.QuickSearchModule:UnityEditor.Search:ASIAI0B' with importer (ScriptedImporter : UnityEditor.QuickSearchModule:UnityEditor.Search:ASIAI0B)
Imported 'GUID: 517486330cc07ce4ba7086c43181f3ae' -> (Import Result ID: '839d76760bb744204b5e0965df3421fd') in 0.001 seconds [static and dynamic dependencies]. Details - ImportResultOutputID=d9f2bf771ea375e4ca75b38dc711d319 DependenciesID=6e03806e98b1eb9faddf71a8beb062c7 StaticDependenciesID=8917480bd3c10ef2faa362052748cc20 
Number of updated asset objects reloaded before import = 0
Number of asset objects unloaded after import = 0
========================================================================
Received Import Request.
  Time of request: 2026-10-09T14:11:42.727173Z
  Time since last request: 0.000368999 seconds.
  importAddress: GUID: 5aff42982aead5e44a3d2383ac031fff - Path: Packages/com.unity.render-pipelines.core/Editor-PrivateShared/Tools/Converter/Window/RenderPipelineConverterVisualElement.cs - Importer: ScriptedImporter/UnityEditor.QuickSearchModule:UnityEditor.Search:ASIAI0B
Importing 'GUID: 5aff42982aead5e44a3d2383ac031fff - Path: Packages/com.unity.render-pipelines.core/Editor-PrivateShared/Tools/Converter/Window/RenderPipelineConverterVisualElement.cs - Importer: ScriptedImporter/UnityEditor.QuickSearchModule:UnityEditor.Search:ASIAI0B' with importer (ScriptedImporter : UnityEditor.QuickSearchModule:UnityEditor.Search:ASIAI0B)
Imported 'GUID: 5aff42982aead5e44a3d2383ac031fff' -> (Import Result ID: '2921a3552004968790d75e5136390ac9') in 0.002 seconds [static and dynamic dependencies]. Details - ImportResultOutputID=2acf7b164450def71c18ad4f0ea75743 DependenciesID=193bcfce9d68775e5e34f45bae39bec8 StaticDependenciesID=4c5f43a246ab0cfcfecbe4aae1c42ef0 
Number of updated asset objects reloaded before import = 0
Number of asset objects unloaded after import = 0
========================================================================
Received Import Request.
  Time of request: 2026-10-09T14:11:42.736926Z
  Time since last request: 0.000329996 seconds.
  importAddress: GUID: 036f58abb8f232d41b3928a31433cf81 - Path: Packages/com.unity.render-pipelines.core/Editor/Lighting/Icons/LightUnitIcons/d_Overcast@2x.png - Importer: ScriptedImporter/UnityEditor.QuickSearchModule:UnityEditor.Search:ASIAI0B
Importing 'GUID: 036f58abb8f232d41b3928a31433cf81 - Path: Packages/com.unity.render-pipelines.core/Editor/Lighting/Icons/LightUnitIcons/d_Overcast@2x.png - Importer: ScriptedImporter/UnityEditor.QuickSearchModule:UnityEditor.Search:ASIAI0B' with importer (ScriptedImporter : UnityEditor.QuickSearchModule:UnityEditor.Search:ASIAI0B)
Imported 'GUID: 036f58abb8f232d41b3928a31433cf81' -> (Import Result ID: 'a026df2053c0dd5bd8cf49e96404d0e1') in 0.005 seconds [static and dynamic dependencies]. Details - ImportResultOutputID=4f523da8038039d6693b284711a17225 DependenciesID=fc6d56a77e47f1e906e77b19ed1dcebd StaticDependenciesID=09941e2e001b7dec4b744ffd00eb0d7f 
Number of updated asset objects reloaded before import = 0
Number of asset objects unloaded after import = 1
========================================================================
Received Import Request.
  Time of request: 2026-10-09T14:11:42.751457Z
  Time since last request: 0.000320759 seconds.
  importAddress: GUID: ccc7ffe6cf9c542919823f6486edde9d - Path: Packages/com.unity.render-pipelines.core/Runtime/PathTracing/Shaders/Lightmapping/ChartRasterizerHardware.shader - Importer: ScriptedImporter/UnityEditor.QuickSearchModule:UnityEditor.Search:ASIAI0B
Importing 'GUID: ccc7ffe6cf9c542919823f6486edde9d - Path: Packages/com.unity.render-pipelines.core/Runtime/PathTracing/Shaders/Lightmapping/ChartRasterizerHardware.shader - Importer: ScriptedImporter/UnityEditor.QuickSearchModule:UnityEditor.Search:ASIAI0B' with importer (ScriptedImporter : UnityEditor.QuickSearchModule:UnityEditor.Search:ASIAI0B)
Imported 'GUID: ccc7ffe6cf9c542919823f6486edde9d' -> (Import Result ID: 'c8712c43d3b71d23937241ac1e3119a8') in 0.006 seconds [static and dynamic dependencies]. Details - ImportResultOutputID=ce416c65562d034a3c9020e6e925cb68 DependenciesID=76c73e649bb0252ea508ba6a0b9d2c1f StaticDependenciesID=9e49ab43cb5a4cdea62fbafcc1c02c9e 
Number of updated asset objects reloaded before import = 0
Number of asset objects unloaded after import = 1
========================================================================
Received Import Request.
  Time of request: 2026-10-09T14:11:42.76754Z
  Time since last request: 0.000299079 seconds.
  importAddress: GUID: 0c24a3ead3381ee4cb4574c5be266d87 - Path: Packages/com.unity.render-pipelines.core/Editor/Lighting/Icons/LightUnitIcons/d_CloudySky.png - Importer: ScriptedImporter/UnityEditor.QuickSearchModule:UnityEditor.Search:ASIAI0B
Importing 'GUID: 0c24a3ead3381ee4cb4574c5be266d87 - Path: Packages/com.unity.render-pipelines.core/Editor/Lighting/Icons/LightUnitIcons/d_CloudySky.png - Importer: ScriptedImporter/UnityEditor.QuickSearchModule:UnityEditor.Search:ASIAI0B' with importer (ScriptedImporter : UnityEditor.QuickSearchModule:UnityEditor.Search:ASIAI0B)
Imported 'GUID: 0c24a3ead3381ee4cb4574c5be266d87' -> (Import Result ID: 'fea847e0282eed63ab48c34d9043e211') in 0.003 seconds [static and dynamic dependencies]. Details - ImportResultOutputID=91ad076d83c771cc2f58a18a62521eef DependenciesID=458e25ae00f51b52e89c343f3c9de6f6 StaticDependenciesID=ea850d5521ea71d6ca32135b02d60427 
Number of updated asset objects reloaded before import = 0
Number of asset objects unloaded after import = 1
========================================================================
Received Import Request.
  Time of request: 2026-10-09T14:11:42.780609Z
  Time since last request: 0.00026235 seconds.
  importAddress: GUID: d28d1bc84c83fd54a85bd554d8b5c9c7 - Path: Packages/com.unity.render-pipelines.core/Runtime/PathTracing/Shaders/Lightmapping/UVFallbackBufferGeneration.shader - Importer: ScriptedImporter/UnityEditor.QuickSearchModule:UnityEditor.Search:ASIAI0B
Importing 'GUID: d28d1bc84c83fd54a85bd554d8b5c9c7 - Path: Packages/com.unity.render-pipelines.core/Runtime/PathTracing/Shaders/Lightmapping/UVFallbackBufferGeneration.shader - Importer: ScriptedImporter/UnityEditor.QuickSearchModule:UnityEditor.Search:ASIAI0B' with importer (ScriptedImporter : UnityEditor.QuickSearchModule:UnityEditor.Search:ASIAI0B)
Imported 'GUID: d28d1bc84c83fd54a85bd554d8b5c9c7' -> (Import Result ID: 'd4126c3808ec119bb9811f03cb38c1cd') in 0.002 seconds [static and dynamic dependencies]. Details - ImportResultOutputID=0b8cae2df8cef59b044263372a2fb43e DependenciesID=c73148f91229996c6758bbdd6ae425e5 StaticDependenciesID=c7bad01bc2b86c1983f268dbe23186a8 
Number of updated asset objects reloaded before import = 0
Number of asset objects unloaded after import = 1
========================================================================
Received Import Request.
  Time of request: 2026-10-09T14:11:42.791939Z
  Time since last request: 0.000328032 seconds.
  importAddress: GUID: 1ade1fa63a0a72f46be69e4ae5e83314 - Path: Packages/com.unity.render-pipelines.core/Editor/Lighting/Icons/LightUnitIcons/SunriseSunset@2x.png - Importer: ScriptedImporter/UnityEditor.QuickSearchModule:UnityEditor.Search:ASIAI0B
Importing 'GUID: 1ade1fa63a0a72f46be69e4ae5e83314 - Path: Packages/com.unity.render-pipelines.core/Editor/Lighting/Icons/LightUnitIcons/SunriseSunset@2x.png - Importer: ScriptedImporter/UnityEditor.QuickSearchModule:UnityEditor.Search:ASIAI0B' with importer (ScriptedImporter : UnityEditor.QuickSearchModule:UnityEditor.Search:ASIAI0B)
Imported 'GUID: 1ade1fa63a0a72f46be69e4ae5e83314' -> (Import Result ID: '7b6f41362800e49bf8f2f864a4dd1f00') in 0.004 seconds [static and dynamic dependencies]. Details - ImportResultOutputID=e76b9fcbdfc4812f54abd22341f85996 DependenciesID=592cdfde72075bd0363eaefec12d8e3a StaticDependenciesID=d29d7e7b5c103b48fd6ae5badab5cad2 
Number of updated asset objects reloaded before import = 0
Number of asset objects unloaded after import = 1
========================================================================
Received Import Request.
  Time of request: 2026-10-09T14:11:42.805043Z
  Time since last request: 0.000287907 seconds.
  importAddress: GUID: 5e9b4f28f6ce05547b8679d0cff3e682 - Path: Packages/com.unity.render-pipelines.core/Editor-PrivateShared/Tools/Converter/Window/RenderPipelineConvertersEditor.uss - Importer: ScriptedImporter/UnityEditor.QuickSearchModule:UnityEditor.Search:ASIAI0B
Importing 'GUID: 5e9b4f28f6ce05547b8679d0cff3e682 - Path: Packages/com.unity.render-pipelines.core/Editor-PrivateShared/Tools/Converter/Window/RenderPipelineConvertersEditor.uss - Importer: ScriptedImporter/UnityEditor.QuickSearchModule:UnityEditor.Search:ASIAI0B' with importer (ScriptedImporter : UnityEditor.QuickSearchModule:UnityEditor.Search:ASIAI0B)
Imported 'GUID: 5e9b4f28f6ce05547b8679d0cff3e682' -> (Import Result ID: '04dfabeacbfddceefb9a9e12e8f79b4e') in 0.011 seconds [static and dynamic dependencies]. Details - ImportResultOutputID=69cb721b881e0d27ece25b5b9f5ffb3e DependenciesID=87c43046989702802952057c1f446a0b StaticDependenciesID=f3e75bba69d2df5b416c371e95f33fa3 
Number of updated asset objects reloaded before import = 0
Number of asset objects unloaded after import = 1
========================================================================
Received Import Request.
  Time of request: 2026-10-09T14:11:42.826135Z
  Time since last request: 0.000287065 seconds.
  importAddress: GUID: 76bf11a78c4428b4eb6b567a160a0c83 - Path: Packages/com.unity.render-pipelines.core/Editor/Lighting/Icons/LightUnitIcons/d_DirectSunlight.png - Importer: ScriptedImporter/UnityEditor.QuickSearchModule:UnityEditor.Search:ASIAI0B
Importing 'GUID: 76bf11a78c4428b4eb6b567a160a0c83 - Path: Packages/com.unity.render-pipelines.core/Editor/Lighting/Icons/LightUnitIcons/d_DirectSunlight.png - Importer: ScriptedImporter/UnityEditor.QuickSearchModule:UnityEditor.Search:ASIAI0B' with importer (ScriptedImporter : UnityEditor.QuickSearchModule:UnityEditor.Search:ASIAI0B)
Imported 'GUID: 76bf11a78c4428b4eb6b567a160a0c83' -> (Import Result ID: 'fea976a6056ac8f7952ab4943ac34ac1') in 0.004 seconds [static and dynamic dependencies]. Details - ImportResultOutputID=74531fa604777822f122646d4173ce0a DependenciesID=ff0ae70940f39163402c2d1a2af4c194 StaticDependenciesID=047b243784c1cd3d6914279453fef7ed 
Number of updated asset objects reloaded before import = 0
Number of asset objects unloaded after import = 1
========================================================================
Received Import Request.
  Time of request: 2026-10-09T14:11:42.839588Z
  Time since last request: 0.000508569 seconds.
  importAddress: GUID: 76c10465276fcb9498b1fd312e3f74ed - Path: Packages/com.unity.render-pipelines.core/Editor/Lighting/Icons/LightUnitIcons/d_ClearSky.png - Importer: ScriptedImporter/UnityEditor.QuickSearchModule:UnityEditor.Search:ASIAI0B
Importing 'GUID: 76c10465276fcb9498b1fd312e3f74ed - Path: Packages/com.unity.render-pipelines.core/Editor/Lighting/Icons/LightUnitIcons/d_ClearSky.png - Importer: ScriptedImporter/UnityEditor.QuickSearchModule:UnityEditor.Search:ASIAI0B' with importer (ScriptedImporter : UnityEditor.QuickSearchModule:UnityEditor.Search:ASIAI0B)
Imported 'GUID: 76c10465276fcb9498b1fd312e3f74ed' -> (Import Result ID: '60aca97b2a143b563aec7e08ca025974') in 0.004 seconds [static and dynamic dependencies]. Details - ImportResultOutputID=85c6f0cc59b6073cb773d19c54d01e6a DependenciesID=76e99794310affc93d034319d864a698 StaticDependenciesID=2337a18ac715124f7ea37fa32ae1a208 
Number of updated asset objects reloaded before import = 0
Number of asset objects unloaded after import = 1
========================================================================
Received Import Request.
  Time of request: 2026-10-09T14:11:42.852611Z
  Time since last request: 0.000311902 seconds.
  importAddress: GUID: 1a030e4984617e340bf47a116a1d0f9c - Path: Packages/com.unity.render-pipelines.core/Runtime/PathTracing/Shaders/Lightmapping/BilinearOverlaps.compute - Importer: ScriptedImporter/UnityEditor.QuickSearchModule:UnityEditor.Search:ASIAI0B
Importing 'GUID: 1a030e4984617e340bf47a116a1d0f9c - Path: Packages/com.unity.render-pipelines.core/Runtime/PathTracing/Shaders/Lightmapping/BilinearOverlaps.compute - Importer: ScriptedImporter/UnityEditor.QuickSearchModule:UnityEditor.Search:ASIAI0B' with importer (ScriptedImporter : UnityEditor.QuickSearchModule:UnityEditor.Search:ASIAI0B)
Imported 'GUID: 1a030e4984617e340bf47a116a1d0f9c' -> (Import Result ID: 'c697ea995d2f97444843cdfb994e672b') in 0.002 seconds [static and dynamic dependencies]. Details - ImportResultOutputID=07b68ebf19becbb0af0c49962d431560 DependenciesID=bba279dba8417b71db49891b58f73684 StaticDependenciesID=e9052be3e3d2a174a7f752f34f66d4f6 
Number of updated asset objects reloaded before import = 0
Number of asset objects unloaded after import = 1
========================================================================
Received Import Request.
  Time of request: 2026-10-09T14:11:42.863582Z
  Time since last request: 0.000435904 seconds.
  importAddress: GUID: 8991eaef2ed56cc45b9a80b50fbca5e2 - Path: Packages/com.unity.render-pipelines.core/Editor/Lighting/Icons/LightUnitIcons/d_BlueSky.png - Importer: ScriptedImporter/UnityEditor.QuickSearchModule:UnityEditor.Search:ASIAI0B
Importing 'GUID: 8991eaef2ed56cc45b9a80b50fbca5e2 - Path: Packages/com.unity.render-pipelines.core/Editor/Lighting/Icons/LightUnitIcons/d_BlueSky.png - Importer: ScriptedImporter/UnityEditor.QuickSearchModule:UnityEditor.Search:ASIAI0B' with importer (ScriptedImporter : UnityEditor.QuickSearchModule:UnityEditor.Search:ASIAI0B)
Imported 'GUID: 8991eaef2ed56cc45b9a80b50fbca5e2' -> (Import Result ID: 'bf5051287d1e401a8e36e77ba2d1f714') in 0.005 seconds [static and dynamic dependencies]. Details - ImportResultOutputID=c72cef3b595c8251d3c2b3934d1e440c DependenciesID=e1a49375bd5be830c9716ca59433d580 StaticDependenciesID=26ccabc3938d9106ad41612e8bcdb171 
Number of updated asset objects reloaded before import = 0
Number of asset objects unloaded after import = 1
========================================================================
Received Import Request.
  Time of request: 2026-10-09T14:11:42.877882Z
  Time since last request: 0.000282177 seconds.
  importAddress: GUID: 5a08f69627b72e0488199be67df80530 - Path: Packages/com.unity.render-pipelines.core/Editor-PrivateShared/Tools/Converter/ReadonlyMaterialConverter/ReadonlyMaterialConverter.MaterialReferenceBuilder.cs - Importer: ScriptedImporter/UnityEditor.QuickSearchModule:UnityEditor.Search:ASIAI0B
Importing 'GUID: 5a08f69627b72e0488199be67df80530 - Path: Packages/com.unity.render-pipelines.core/Editor-PrivateShared/Tools/Converter/ReadonlyMaterialConverter/ReadonlyMaterialConverter.MaterialReferenceBuilder.cs - Importer: ScriptedImporter/UnityEditor.QuickSearchModule:UnityEditor.Search:ASIAI0B' with importer (ScriptedImporter : UnityEditor.QuickSearchModule:UnityEditor.Search:ASIAI0B)
Imported 'GUID: 5a08f69627b72e0488199be67df80530' -> (Import Result ID: '5607cafae6e1611a01c0ffc0a4282287') in 0.002 seconds [static and dynamic dependencies]. Details - ImportResultOutputID=5fb5fc03244d00395b43c475b06cbe19 DependenciesID=5bedcfebeae92b36018afc587297827c StaticDependenciesID=7a7503b6d69920412b5b32d5b4e34ba3 
Number of updated asset objects reloaded before import = 0
Number of asset objects unloaded after import = 0
========================================================================
Received Import Request.
  Time of request: 2026-10-09T14:11:42.888383Z
  Time since last request: 0.000245048 seconds.
  importAddress: GUID: fbe2a78a665b37a4c9ec6623f42feb59 - Path: Packages/com.unity.render-pipelines.core/Editor/Lighting/Icons/LightUnitIcons/d_Shade.png - Importer: ScriptedImporter/UnityEditor.QuickSearchModule:UnityEditor.Search:ASIAI0B
Importing 'GUID: fbe2a78a665b37a4c9ec6623f42feb59 - Path: Packages/com.unity.render-pipelines.core/Editor/Lighting/Icons/LightUnitIcons/d_Shade.png - Importer: ScriptedImporter/UnityEditor.QuickSearchModule:UnityEditor.Search:ASIAI0B' with importer (ScriptedImporter : UnityEditor.QuickSearchModule:UnityEditor.Search:ASIAI0B)
Imported 'GUID: fbe2a78a665b37a4c9ec6623f42feb59' -> (Import Result ID: '35dffc412c16cdd81aa881c651a72bdb') in 0.003 seconds [static and dynamic dependencies]. Details - ImportResultOutputID=92c95f4f4495cdb325f2ec2dfd311109 DependenciesID=10442e16a63ded140fafab5e712eead6 StaticDependenciesID=45274a9258028d36b7c74452535dea2d 
Number of updated asset objects reloaded before import = 0
Number of asset objects unloaded after import = 1
========================================================================
Received Import Request.
  Time of request: 2026-10-09T14:11:42.899345Z
  Time since last request: 0.000210002 seconds.
  importAddress: GUID: b5a2e773c2799aa42a4e99429158896e - Path: Packages/com.unity.render-pipelines.core/Editor/Lighting/Icons/LightUnitIcons/d_InteriorLight.png - Importer: ScriptedImporter/UnityEditor.QuickSearchModule:UnityEditor.Search:ASIAI0B
Importing 'GUID: b5a2e773c2799aa42a4e99429158896e - Path: Packages/com.unity.render-pipelines.core/Editor/Lighting/Icons/LightUnitIcons/d_InteriorLight.png - Importer: ScriptedImporter/UnityEditor.QuickSearchModule:UnityEditor.Search:ASIAI0B' with importer (ScriptedImporter : UnityEditor.QuickSearchModule:UnityEditor.Search:ASIAI0B)
Imported 'GUID: b5a2e773c2799aa42a4e99429158896e' -> (Import Result ID: '571a5a765da50d329f38007cc3ea0e2b') in 0.003 seconds [static and dynamic dependencies]. Details - ImportResultOutputID=293c2699e1c43be5d4c87ec7b9d30bbd DependenciesID=669944aa85dfcafc39c1db79d04aa7f5 StaticDependenciesID=e283db8cc5630af12dd31ee744c3d5be 
Number of updated asset objects reloaded before import = 0
Number of asset objects unloaded after import = 1
========================================================================
Received Import Request.
  Time of request: 2026-10-09T14:11:42.909676Z
  Time since last request: 0.000259223 seconds.
  importAddress: GUID: 0cd6ad04e58c5e1478f2925fa64f5b57 - Path: Packages/com.unity.render-pipelines.core/Editor/Lighting/Icons/LightUnitIcons/d_ExteriorLight@2x.png - Importer: ScriptedImporter/UnityEditor.QuickSearchModule:UnityEditor.Search:ASIAI0B
Importing 'GUID: 0cd6ad04e58c5e1478f2925fa64f5b57 - Path: Packages/com.unity.render-pipelines.core/Editor/Lighting/Icons/LightUnitIcons/d_ExteriorLight@2x.png - Importer: ScriptedImporter/UnityEditor.QuickSearchModule:UnityEditor.Search:ASIAI0B' with importer (ScriptedImporter : UnityEditor.QuickSearchModule:UnityEditor.Search:ASIAI0B)
Imported 'GUID: 0cd6ad04e58c5e1478f2925fa64f5b57' -> (Import Result ID: 'a305fdeb967f61a2412fc5700207b1a5') in 0.004 seconds [static and dynamic dependencies]. Details - ImportResultOutputID=eff2648124e1fb42bf87dca02320b799 DependenciesID=96a08349ae44aa44eb5d76c8bdc54ee4 StaticDependenciesID=22430e37ed7ba7c284c6075ccf08f517 
Number of updated asset objects reloaded before import = 0
Number of asset objects unloaded after import = 1
========================================================================
Received Import Request.
  Time of request: 2026-10-09T14:11:42.944375Z
  Time since last request: 0.022413869 seconds.
  importAddress: GUID: 9d053bd99ea2f2c41b6200d1561bc091 - Path: Packages/com.unity.render-pipelines.core/Runtime/UnifiedRayTracing/Compute/RadeonRays/HlbvhBuilder.cs - Importer: ScriptedImporter/UnityEditor.QuickSearchModule:UnityEditor.Search:ASIAI0B
Importing 'GUID: 9d053bd99ea2f2c41b6200d1561bc091 - Path: Packages/com.unity.render-pipelines.core/Runtime/UnifiedRayTracing/Compute/RadeonRays/HlbvhBuilder.cs - Importer: ScriptedImporter/UnityEditor.QuickSearchModule:UnityEditor.Search:ASIAI0B' with importer (ScriptedImporter : UnityEditor.QuickSearchModule:UnityEditor.Search:ASIAI0B)
Imported 'GUID: 9d053bd99ea2f2c41b6200d1561bc091' -> (Import Result ID: 'e151c11c5c9278572fe2731ef5ef41f2') in 0.002 seconds [static and dynamic dependencies]. Details - ImportResultOutputID=97374025e7b2110939d59eddb5d17e75 DependenciesID=d36d093897bf3f333a4bafa07b16ecfd StaticDependenciesID=c871857fa03d2315e3dd9471f5c66b94 
Number of updated asset objects reloaded before import = 0
Number of asset objects unloaded after import = 0
========================================================================
Received Import Request.
  Time of request: 2026-10-09T14:11:42.955126Z
  Time since last request: 0.000169196 seconds.
  importAddress: GUID: d3167d2685f567343836d6d5ee2e115e - Path: Packages/com.unity.render-pipelines.core/Runtime/UnifiedRayTracing/Common/Utilities/BackendHelpers.cs - Importer: ScriptedImporter/UnityEditor.QuickSearchModule:UnityEditor.Search:ASIAI0B
Importing 'GUID: d3167d2685f567343836d6d5ee2e115e - Path: Packages/com.unity.render-pipelines.core/Runtime/UnifiedRayTracing/Common/Utilities/BackendHelpers.cs - Importer: ScriptedImporter/UnityEditor.QuickSearchModule:UnityEditor.Search:ASIAI0B' with importer (ScriptedImporter : UnityEditor.QuickSearchModule:UnityEditor.Search:ASIAI0B)
Imported 'GUID: d3167d2685f567343836d6d5ee2e115e' -> (Import Result ID: '20db1aea70cfa13a74a922a1b42a5a02') in 0.002 seconds [static and dynamic dependencies]. Details - ImportResultOutputID=679ad060144c8a001f4a0dd4b0e13816 DependenciesID=f0c776e31245fd5f143d56ca596acffd StaticDependenciesID=f6b91addd9947491bad0677a10df6ef1 
Number of updated asset objects reloaded before import = 0
Number of asset objects unloaded after import = 0
========================================================================
Received Import Request.
  Time of request: 2026-10-09T14:11:42.964932Z
  Time since last request: 0.000526653 seconds.
  importAddress: GUID: 1b95b5dcf48d1914c9e1e7405c7660e3 - Path: Packages/com.unity.render-pipelines.core/Runtime/UnifiedRayTracing/Common/Utilities/CopyBuffer.compute - Importer: ScriptedImporter/UnityEditor.QuickSearchModule:UnityEditor.Search:ASIAI0B
Importing 'GUID: 1b95b5dcf48d1914c9e1e7405c7660e3 - Path: Packages/com.unity.render-pipelines.core/Runtime/UnifiedRayTracing/Common/Utilities/CopyBuffer.compute - Importer: ScriptedImporter/UnityEditor.QuickSearchModule:UnityEditor.Search:ASIAI0B' with importer (ScriptedImporter : UnityEditor.QuickSearchModule:UnityEditor.Search:ASIAI0B)
Imported 'GUID: 1b95b5dcf48d1914c9e1e7405c7660e3' -> (Import Result ID: '2af078dbfda227141f24cbe223ad3811') in 0.002 seconds [static and dynamic dependencies]. Details - ImportResultOutputID=8d0082bbe06e7ec6f3bcbb355ae110ad DependenciesID=a7faf960c77a4c76fad14584d42dc127 StaticDependenciesID=23fc43e05d554bcf5f3ed549ede0a409 
Number of updated asset objects reloaded before import = 0
Number of asset objects unloaded after import = 1
========================================================================
Received Import Request.
  Time of request: 2026-10-09T14:11:42.974726Z
  Time since last request: 0.000307585 seconds.
  importAddress: GUID: c083b11656047954d8aab3b2b0713f33 - Path: Packages/com.unity.render-pipelines.core/Runtime/UnifiedRayTracing/Compute/RadeonRays/Scan.cs - Importer: ScriptedImporter/UnityEditor.QuickSearchModule:UnityEditor.Search:ASIAI0B
Importing 'GUID: c083b11656047954d8aab3b2b0713f33 - Path: Packages/com.unity.render-pipelines.core/Runtime/UnifiedRayTracing/Compute/RadeonRays/Scan.cs - Importer: ScriptedImporter/UnityEditor.QuickSearchModule:UnityEditor.Search:ASIAI0B' with importer (ScriptedImporter : UnityEditor.QuickSearchModule:UnityEditor.Search:ASIAI0B)
Imported 'GUID: c083b11656047954d8aab3b2b0713f33' -> (Import Result ID: '528d9b011219484334e7a4d23d31ff92') in 0.002 seconds [static and dynamic dependencies]. Details - ImportResultOutputID=47cf909e352aceeb7e30553132b7c7bd DependenciesID=be1d25d58704a910de5492a142911a8e StaticDependenciesID=14331983b33638524591cc4cc18a6a45 
Number of updated asset objects reloaded before import = 0
Number of asset objects unloaded after import = 0
========================================================================
Received Import Request.
  Time of request: 2026-10-09T14:11:42.985183Z
  Time since last request: 0.000307524 seconds.
  importAddress: GUID: a6af8b249ef94724681ddfb4d682f0b7 - Path: Packages/com.unity.render-pipelines.core/Runtime/UnifiedRayTracing/Common/Utilities/PersistentGPUArray.cs - Importer: ScriptedImporter/UnityEditor.QuickSearchModule:UnityEditor.Search:ASIAI0B
Importing 'GUID: a6af8b249ef94724681ddfb4d682f0b7 - Path: Packages/com.unity.render-pipelines.core/Runtime/UnifiedRayTracing/Common/Utilities/PersistentGPUArray.cs - Importer: ScriptedImporter/UnityEditor.QuickSearchModule:UnityEditor.Search:ASIAI0B' with importer (ScriptedImporter : UnityEditor.QuickSearchModule:UnityEditor.Search:ASIAI0B)
Imported 'GUID: a6af8b249ef94724681ddfb4d682f0b7' -> (Import Result ID: 'b02d4c2b05af944e736c3d68b70e33cb') in 0.001 seconds [static and dynamic dependencies]. Details - ImportResultOutputID=20dd094a34cddeefd3fd7a77e5aac6b9 DependenciesID=d9173d98e26f4d6e9867b55f4112f609 StaticDependenciesID=6a62718489a28548fc82350d049ab2b3 
Number of updated asset objects reloaded before import = 0
Number of asset objects unloaded after import = 0
========================================================================
Received Import Request.
  Time of request: 2026-10-09T14:11:42.995464Z
  Time since last request: 0.000241982 seconds.
  importAddress: GUID: 1e9c09a61faef3046bcf416dbb9c9d88 - Path: Packages/com.unity.render-pipelines.core/Runtime/UnifiedRayTracing/Common/GeometryPool/GeometryPoolDefs.cs - Importer: ScriptedImporter/UnityEditor.QuickSearchModule:UnityEditor.Search:ASIAI0B
Importing 'GUID: 1e9c09a61faef3046bcf416dbb9c9d88 - Path: Packages/com.unity.render-pipelines.core/Runtime/UnifiedRayTracing/Common/GeometryPool/GeometryPoolDefs.cs - Importer: ScriptedImporter/UnityEditor.QuickSearchModule:UnityEditor.Search:ASIAI0B' with importer (ScriptedImporter : UnityEditor.QuickSearchModule:UnityEditor.Search:ASIAI0B)
Imported 'GUID: 1e9c09a61faef3046bcf416dbb9c9d88' -> (Import Result ID: '21ce63b1426dc10d4efe0d78d14d353a') in 0.002 seconds [static and dynamic dependencies]. Details - ImportResultOutputID=d2da58494b67b3f53fcf4338fdb4808f DependenciesID=3155d675d98aec78b9438d744d799fc6 StaticDependenciesID=91dd393e7c7d2cc2057d1cf011260c13 
Number of updated asset objects reloaded before import = 0
Number of asset objects unloaded after import = 0
========================================================================
Received Import Request.
  Time of request: 2026-10-09T14:11:43.00633Z
  Time since last request: 0.000290562 seconds.
  importAddress: GUID: 8787039c0fe98374a9815ac59d9878ef - Path: Packages/com.unity.render-pipelines.core/Runtime/UnifiedRayTracing/Common/Utilities/Utils.cs - Importer: ScriptedImporter/UnityEditor.QuickSearchModule:UnityEditor.Search:ASIAI0B
Importing 'GUID: 8787039c0fe98374a9815ac59d9878ef - Path: Packages/com.unity.render-pipelines.core/Runtime/UnifiedRayTracing/Common/Utilities/Utils.cs - Importer: ScriptedImporter/UnityEditor.QuickSearchModule:UnityEditor.Search:ASIAI0B' with importer (ScriptedImporter : UnityEditor.QuickSearchModule:UnityEditor.Search:ASIAI0B)
Imported 'GUID: 8787039c0fe98374a9815ac59d9878ef' -> (Import Result ID: '02302c191d9bbe28584c3e0dd76831f3') in 0.002 seconds [static and dynamic dependencies]. Details - ImportResultOutputID=c98d8bc187bf426a1ee59c3422c44206 DependenciesID=d8fac20b3241898920517b7c55a57783 StaticDependenciesID=9f8405f0ba696805468db2a9fd431c28 
Number of updated asset objects reloaded before import = 0
Number of asset objects unloaded after import = 0
========================================================================
Received Import Request.
  Time of request: 2026-10-09T14:11:43.01866Z
  Time since last request: 0.000232915 seconds.
  importAddress: GUID: 6ab740f51f5df0244bb3510f143c74ef - Path: Packages/com.unity.render-pipelines.core/Runtime/UnifiedRayTracing/Compute/RadeonRays/README.txt - Importer: ScriptedImporter/UnityEditor.QuickSearchModule:UnityEditor.Search:ASIAI0B
Importing 'GUID: 6ab740f51f5df0244bb3510f143c74ef - Path: Packages/com.unity.render-pipelines.core/Runtime/UnifiedRayTracing/Compute/RadeonRays/README.txt - Importer: ScriptedImporter/UnityEditor.QuickSearchModule:UnityEditor.Search:ASIAI0B' with importer (ScriptedImporter : UnityEditor.QuickSearchModule:UnityEditor.Search:ASIAI0B)
Imported 'GUID: 6ab740f51f5df0244bb3510f143c74ef' -> (Import Result ID: 'f4e4ccd049c1bf22de9e7605a875464a') in 0.002 seconds [static and dynamic dependencies]. Details - ImportResultOutputID=a690dc0222cde0516cecfcba31545fe7 DependenciesID=4947afcef0e96271aaa46e3de30791ae StaticDependenciesID=e8a44ecce14aa2149b43063e58cfbf1f 
Number of updated asset objects reloaded before import = 0
Number of asset objects unloaded after import = 1
========================================================================
Received Import Request.
  Time of request: 2026-10-09T14:11:43.028555Z
  Time since last request: 0.000419373 seconds.
  importAddress: GUID: 352c33fc019547446a50f48d3badcecb - Path: Packages/com.unity.render-pipelines.core/Runtime/UnifiedRayTracing/Common/GeometryPool/GeometryPool.cs - Importer: ScriptedImporter/UnityEditor.QuickSearchModule:UnityEditor.Search:ASIAI0B
Importing 'GUID: 352c33fc019547446a50f48d3badcecb - Path: Packages/com.unity.render-pipelines.core/Runtime/UnifiedRayTracing/Common/GeometryPool/GeometryPool.cs - Importer: ScriptedImporter/UnityEditor.QuickSearchModule:UnityEditor.Search:ASIAI0B' with importer (ScriptedImporter : UnityEditor.QuickSearchModule:UnityEditor.Search:ASIAI0B)
Imported 'GUID: 352c33fc019547446a50f48d3badcecb' -> (Import Result ID: '4328ad8d460c6999fc76737c6b4e7b8f') in 0.002 seconds [static and dynamic dependencies]. Details - ImportResultOutputID=ad1ffae1ab587d9f9f6c31f069c49e87 DependenciesID=709ce3d99c305002f8b093913233108b StaticDependenciesID=294e4d290ab2b10e0af6e705b076a19d 
Number of updated asset objects reloaded before import = 0
Number of asset objects unloaded after import = 0
========================================================================
Received Import Request.
  Time of request: 2026-10-09T14:11:43.050618Z
  Time since last request: 0.012102772 seconds.
  importAddress: GUID: b7530f054ac4b4b4183bef9efddcb60f - Path: Packages/com.unity.render-pipelines.core/Tests/Editor/ShaderStripping/Results/UI_Default_Sprites_Default_5_0.5.json - Importer: ScriptedImporter/UnityEditor.QuickSearchModule:UnityEditor.Search:ASIAI0B
Importing 'GUID: b7530f054ac4b4b4183bef9efddcb60f - Path: Packages/com.unity.render-pipelines.core/Tests/Editor/ShaderStripping/Results/UI_Default_Sprites_Default_5_0.5.json - Importer: ScriptedImporter/UnityEditor.QuickSearchModule:UnityEditor.Search:ASIAI0B' with importer (ScriptedImporter : UnityEditor.QuickSearchModule:UnityEditor.Search:ASIAI0B)
Imported 'GUID: b7530f054ac4b4b4183bef9efddcb60f' -> (Import Result ID: '263ce38d9db6884fcc4f30bcd7b05d83') in 0.005 seconds [static and dynamic dependencies]. Details - ImportResultOutputID=64fac6a10a24e2a5994aaeb97c8d9256 DependenciesID=0ed82eb8c1b8692b1c68715b5e6d4a0e StaticDependenciesID=427262b977ce319c51b22b31dd036477 
Number of updated asset objects reloaded before import = 0
Number of asset objects unloaded after import = 1
========================================================================
Received Import Request.
  Time of request: 2026-10-09T14:11:43.063843Z
  Time since last request: 0.000296263 seconds.
  importAddress: GUID: bd5d01b5acb573241ba5d80705a999f3 - Path: Packages/com.unity.render-pipelines.core/Tests/Editor/RenderPipeline/SettingsStrippingResults/RemoveAStripper_A_B_C.json - Importer: ScriptedImporter/UnityEditor.QuickSearchModule:UnityEditor.Search:ASIAI0B
Importing 'GUID: bd5d01b5acb573241ba5d80705a999f3 - Path: Packages/com.unity.render-pipelines.core/Tests/Editor/RenderPipeline/SettingsStrippingResults/RemoveAStripper_A_B_C.json - Importer: ScriptedImporter/UnityEditor.QuickSearchModule:UnityEditor.Search:ASIAI0B' with importer (ScriptedImporter : UnityEditor.QuickSearchModule:UnityEditor.Search:ASIAI0B)
Imported 'GUID: bd5d01b5acb573241ba5d80705a999f3' -> (Import Result ID: '16c54ac7f142799e05e1ff0615fa5b21') in 0.002 seconds [static and dynamic dependencies]. Details - ImportResultOutputID=8730ac00814554a59f003a943901bfe5 DependenciesID=b605674696f356da8be5dbcc67fde54c StaticDependenciesID=b4eff0e3c32bd3d65e5f2df891bc20de 
Number of updated asset objects reloaded before import = 0
Number of asset objects unloaded after import = 1
========================================================================
Received Import Request.
  Time of request: 2026-10-09T14:11:43.073832Z
  Time since last request: 0.000195545 seconds.
  importAddress: GUID: f26b721c3441f704c83451dc3d5769a2 - Path: Packages/com.unity.render-pipelines.core/Tests/Editor/Tools/MaterialUpgrader/MaterialUpgraderMissingShadersTests.cs - Importer: ScriptedImporter/UnityEditor.QuickSearchModule:UnityEditor.Search:ASIAI0B
Importing 'GUID: f26b721c3441f704c83451dc3d5769a2 - Path: Packages/com.unity.render-pipelines.core/Tests/Editor/Tools/MaterialUpgrader/MaterialUpgraderMissingShadersTests.cs - Importer: ScriptedImporter/UnityEditor.QuickSearchModule:UnityEditor.Search:ASIAI0B' with importer (ScriptedImporter : UnityEditor.QuickSearchModule:UnityEditor.Search:ASIAI0B)
Imported 'GUID: f26b721c3441f704c83451dc3d5769a2' -> (Import Result ID: '0417e6aea7d6bf2b69e457bdb5ffde9a') in 0.002 seconds [static and dynamic dependencies]. Details - ImportResultOutputID=982ce6f0ec399bf003fec46b95ac2a9c DependenciesID=a3df6640716c1f4a031d30d68958c70b StaticDependenciesID=42041ec2c9d891ac67f649cf139a6746 
Number of updated asset objects reloaded before import = 0
Number of asset objects unloaded after import = 0
========================================================================
Received Import Request.
  Time of request: 2026-10-09T14:11:43.083604Z
  Time since last request: 0.000282718 seconds.
  importAddress: GUID: edc0bb404a0b82742bb56f3c56b35ff4 - Path: Packages/com.unity.render-pipelines.core/Tests/Editor/ShaderStripping/Results/UI_Default_Sprites_Default_5_0.json - Importer: ScriptedImporter/UnityEditor.QuickSearchModule:UnityEditor.Search:ASIAI0B
Importing 'GUID: edc0bb404a0b82742bb56f3c56b35ff4 - Path: Packages/com.unity.render-pipelines.core/Tests/Editor/ShaderStripping/Results/UI_Default_Sprites_Default_5_0.json - Importer: ScriptedImporter/UnityEditor.QuickSearchModule:UnityEditor.Search:ASIAI0B' with importer (ScriptedImporter : UnityEditor.QuickSearchModule:UnityEditor.Search:ASIAI0B)
Imported 'GUID: edc0bb404a0b82742bb56f3c56b35ff4' -> (Import Result ID: 'c6be7ca636b7a8d7ef845b3b018f5659') in 0.002 seconds [static and dynamic dependencies]. Details - ImportResultOutputID=502ceaec94951f3a67516802becebc53 DependenciesID=6470a0e35968ed3f2a6eecb7f8448261 StaticDependenciesID=bf4d4bab3b0165a57e8a40136dc8a3f5 
Number of updated asset objects reloaded before import = 0
Number of asset objects unloaded after import = 1
========================================================================
Received Import Request.
  Time of request: 2026-10-09T14:11:43.094627Z
  Time since last request: 0.000307754 seconds.
  importAddress: GUID: 8b8c0f1406565a1418d701ec762733ee - Path: Packages/com.unity.render-pipelines.core/Tests/Editor/Tools/Converter/ConverterStateTests.cs - Importer: ScriptedImporter/UnityEditor.QuickSearchModule:UnityEditor.Search:ASIAI0B
Importing 'GUID: 8b8c0f1406565a1418d701ec762733ee - Path: Packages/com.unity.render-pipelines.core/Tests/Editor/Tools/Converter/ConverterStateTests.cs - Importer: ScriptedImporter/UnityEditor.QuickSearchModule:UnityEditor.Search:ASIAI0B' with importer (ScriptedImporter : UnityEditor.QuickSearchModule:UnityEditor.Search:ASIAI0B)
Imported 'GUID: 8b8c0f1406565a1418d701ec762733ee' -> (Import Result ID: '29c90de2b332e6f7ebae5213f31dd7a8') in 0.002 seconds [static and dynamic dependencies]. Details - ImportResultOutputID=66bcf3e07fd424c2de9a03f109fe9374 DependenciesID=e845e918e0211294a4cf2281c9bc2f19 StaticDependenciesID=7ce158f7d4108e257a23d27413103e56 
Number of updated asset objects reloaded before import = 0
Number of asset objects unloaded after import = 0
========================================================================
Received Import Request.
  Time of request: 2026-10-09T14:11:43.125941Z
  Time since last request: 0.021287606 seconds.
  importAddress: GUID: 1ad53a96b58d3c3488dde4f14db1aaeb - Path: Packages/com.unity.render-pipelines.core/Runtime/UnifiedRayTracing/Compute/RadeonRays/kernels/CopyPositions.compute - Importer: ScriptedImporter/UnityEditor.QuickSearchModule:UnityEditor.Search:ASIAI0B
Importing 'GUID: 1ad53a96b58d3c3488dde4f14db1aaeb - Path: Packages/com.unity.render-pipelines.core/Runtime/UnifiedRayTracing/Compute/RadeonRays/kernels/CopyPositions.compute - Importer: ScriptedImporter/UnityEditor.QuickSearchModule:UnityEditor.Search:ASIAI0B' with importer (ScriptedImporter : UnityEditor.QuickSearchModule:UnityEditor.Search:ASIAI0B)
Imported 'GUID: 1ad53a96b58d3c3488dde4f14db1aaeb' -> (Import Result ID: 'efeac5808d719ee828218b92e13d1805') in 0.002 seconds [static and dynamic dependencies]. Details - ImportResultOutputID=499a53aaa1d7d09d359fad87633c370c DependenciesID=9e01c314574cd6d60b916a4c7418650e StaticDependenciesID=d6311e2a25ac94f1f21e9aadcf5edb2a 
Number of updated asset objects reloaded before import = 0
Number of asset objects unloaded after import = 1
========================================================================
Received Import Request.
  Time of request: 2026-10-09T14:11:43.136681Z
  Time since last request: 0.000598848 seconds.
  importAddress: GUID: 85dd7af03f02aea4aae13a3945e3b313 - Path: Packages/com.unity.test-framework/UnityEditor.TestRunner/Api/ITestAdaptor.cs - Importer: ScriptedImporter/UnityEditor.QuickSearchModule:UnityEditor.Search:ASIAI0B
Importing 'GUID: 85dd7af03f02aea4aae13a3945e3b313 - Path: Packages/com.unity.test-framework/UnityEditor.TestRunner/Api/ITestAdaptor.cs - Importer: ScriptedImporter/UnityEditor.QuickSearchModule:UnityEditor.Search:ASIAI0B' with importer (ScriptedImporter : UnityEditor.QuickSearchModule:UnityEditor.Search:ASIAI0B)
Imported 'GUID: 85dd7af03f02aea4aae13a3945e3b313' -> (Import Result ID: '8015351a8ab2cac75ab55c8ef5fd7f80') in 0.002 seconds [static and dynamic dependencies]. Details - ImportResultOutputID=d7a9c9c6a617d68d396b395dd8095acf DependenciesID=ebd18def362769dba262925d38b6c558 StaticDependenciesID=a790553942cfd83355e4d88b8654f8cb 
Number of updated asset objects reloaded before import = 0
Number of asset objects unloaded after import = 0
========================================================================
Received Import Request.
  Time of request: 2026-10-09T14:11:43.147366Z
  Time since last request: 0.000408142 seconds.
  importAddress: GUID: 803abab0f7e17044db56f8760186dbd1 - Path: Packages/com.unity.test-framework/UnityEditor.TestRunner/Api/ITestAdaptorFactory.cs - Importer: ScriptedImporter/UnityEditor.QuickSearchModule:UnityEditor.Search:ASIAI0B
Importing 'GUID: 803abab0f7e17044db56f8760186dbd1 - Path: Packages/com.unity.test-framework/UnityEditor.TestRunner/Api/ITestAdaptorFactory.cs - Importer: ScriptedImporter/UnityEditor.QuickSearchModule:UnityEditor.Search:ASIAI0B' with importer (ScriptedImporter : UnityEditor.QuickSearchModule:UnityEditor.Search:ASIAI0B)
Imported 'GUID: 803abab0f7e17044db56f8760186dbd1' -> (Import Result ID: '354e6ad2f44c7d53b4714f665c83161d') in 0.002 seconds [static and dynamic dependencies]. Details - ImportResultOutputID=4ddb46ec88d6f5fdfbce6e77f54a2061 DependenciesID=eafb90fdb0952b81341f029a0ff5864f StaticDependenciesID=36f1c9b195c240d7236beaf607f6f95e 
Number of updated asset objects reloaded before import = 0
Number of asset objects unloaded after import = 0
========================================================================
Received Import Request.
  Time of request: 2026-10-09T14:11:43.158078Z
  Time since last request: 0.000291744 seconds.
  importAddress: GUID: 8a988affc98dd434aadd71fe6be1061f - Path: Packages/com.unity.render-pipelines.core/Runtime/UnifiedRayTracing/Compute/RadeonRays/kernels/math.hlsl - Importer: ScriptedImporter/UnityEditor.QuickSearchModule:UnityEditor.Search:ASIAI0B
Importing 'GUID: 8a988affc98dd434aadd71fe6be1061f - Path: Packages/com.unity.render-pipelines.core/Runtime/UnifiedRayTracing/Compute/RadeonRays/kernels/math.hlsl - Importer: ScriptedImporter/UnityEditor.QuickSearchModule:UnityEditor.Search:ASIAI0B' with importer (ScriptedImporter : UnityEditor.QuickSearchModule:UnityEditor.Search:ASIAI0B)
Imported 'GUID: 8a988affc98dd434aadd71fe6be1061f' -> (Import Result ID: 'a9194e7bff31ea44c959bd66917f5030') in 0.003 seconds [static and dynamic dependencies]. Details - ImportResultOutputID=099a8d331613fa7a5fcfbb6d7bf8417d DependenciesID=a0b702d7a737295a3f02192090954ac1 StaticDependenciesID=81c75ea4c75ba8cf513d1aeb001dc66b 
Number of updated asset objects reloaded before import = 0
Number of asset objects unloaded after import = 1
========================================================================
Received Import Request.
  Time of request: 2026-10-09T14:11:43.170439Z
  Time since last request: 0.000204301 seconds.
  importAddress: GUID: 29d603e0a726a9043b3503112271844a - Path: Packages/com.unity.test-framework/UnityEditor.TestRunner/Api/ResultsWriter.cs - Importer: ScriptedImporter/UnityEditor.QuickSearchModule:UnityEditor.Search:ASIAI0B
Importing 'GUID: 29d603e0a726a9043b3503112271844a - Path: Packages/com.unity.test-framework/UnityEditor.TestRunner/Api/ResultsWriter.cs - Importer: ScriptedImporter/UnityEditor.QuickSearchModule:UnityEditor.Search:ASIAI0B' with importer (ScriptedImporter : UnityEditor.QuickSearchModule:UnityEditor.Search:ASIAI0B)
Imported 'GUID: 29d603e0a726a9043b3503112271844a' -> (Import Result ID: '19673a93de33a15f86c5c8c786999ab8') in 0.001 seconds [static and dynamic dependencies]. Details - ImportResultOutputID=299b2060dd91b106133af4cf90357dc7 DependenciesID=69387e1b3b32b4efa3f83c769d1e0f33 StaticDependenciesID=b9db687649fc8f59583587177c615d9e 
Number of updated asset objects reloaded before import = 0
Number of asset objects unloaded after import = 0
========================================================================
Received Import Request.
  Time of request: 2026-10-09T14:11:43.179517Z
  Time since last request: 0.000367857 seconds.
  importAddress: GUID: d6a2e6e4803de7b43baacdc355fc144d - Path: Packages/com.unity.test-framework/package.json - Importer: ScriptedImporter/UnityEditor.QuickSearchModule:UnityEditor.Search:ASIAI0B
Importing 'GUID: d6a2e6e4803de7b43baacdc355fc144d - Path: Packages/com.unity.test-framework/package.json - Importer: ScriptedImporter/UnityEditor.QuickSearchModule:UnityEditor.Search:ASIAI0B' with importer (ScriptedImporter : UnityEditor.QuickSearchModule:UnityEditor.Search:ASIAI0B)
Imported 'GUID: d6a2e6e4803de7b43baacdc355fc144d' -> (Import Result ID: '47541096f130981f73f29bb03fa4232b') in 0.002 seconds [static and dynamic dependencies]. Details - ImportResultOutputID=5d08e3e475364a6b65208f07046e6e8a DependenciesID=38e0ce9df676ff28866f36c9453200b1 StaticDependenciesID=513a3e32eeef233d63aee989742815eb 
Number of updated asset objects reloaded before import = 0
Number of asset objects unloaded after import = 1
========================================================================
Received Import Request.
  Time of request: 2026-10-09T14:11:43.189942Z
  Time since last request: 0.000210443 seconds.
  importAddress: GUID: 2b301b727225f1941974d69e61a55620 - Path: Packages/com.unity.test-framework/UnityEditor.TestRunner/TestRunnerWindowSettings.cs - Importer: ScriptedImporter/UnityEditor.QuickSearchModule:UnityEditor.Search:ASIAI0B
Importing 'GUID: 2b301b727225f1941974d69e61a55620 - Path: Packages/com.unity.test-framework/UnityEditor.TestRunner/TestRunnerWindowSettings.cs - Importer: ScriptedImporter/UnityEditor.QuickSearchModule:UnityEditor.Search:ASIAI0B' with importer (ScriptedImporter : UnityEditor.QuickSearchModule:UnityEditor.Search:ASIAI0B)
Imported 'GUID: 2b301b727225f1941974d69e61a55620' -> (Import Result ID: 'c544ac2c65c0be34a826c7c15af5dec8') in 0.002 seconds [static and dynamic dependencies]. Details - ImportResultOutputID=a17084fb328689d1a5a4f40bffdbac77 DependenciesID=b1c43599f2fd46fa9680df6a61f51aa0 StaticDependenciesID=319ac2de859e8a596689f89d7d14b674 
Number of updated asset objects reloaded before import = 0
Number of asset objects unloaded after import = 0
========================================================================
Received Import Request.
  Time of request: 2026-10-09T14:11:43.200785Z
  Time since last request: 0.001238923 seconds.
  importAddress: GUID: 56641cb88dcb31a4398a4997ef7a7a8c - Path: Packages/com.unity.render-pipelines.core/Runtime/UnifiedRayTracing/Compute/RadeonRays/kernels/restructure_bvh.compute - Importer: ScriptedImporter/UnityEditor.QuickSearchModule:UnityEditor.Search:ASIAI0B
Importing 'GUID: 56641cb88dcb31a4398a4997ef7a7a8c - Path: Packages/com.unity.render-pipelines.core/Runtime/UnifiedRayTracing/Compute/RadeonRays/kernels/restructure_bvh.compute - Importer: ScriptedImporter/UnityEditor.QuickSearchModule:UnityEditor.Search:ASIAI0B' with importer (ScriptedImporter : UnityEditor.QuickSearchModule:UnityEditor.Search:ASIAI0B)
Imported 'GUID: 56641cb88dcb31a4398a4997ef7a7a8c' -> (Import Result ID: '41e6745abf6fa75a508fd93673dd0d5d') in 0.002 seconds [static and dynamic dependencies]. Details - ImportResultOutputID=d07d46a22a28bcf2f898441f0486ee25 DependenciesID=318c3f1840a9afcdab839a9ba3329b24 StaticDependenciesID=5c0cb20837da86fa7ff64d6cb0bf6973 
Number of updated asset objects reloaded before import = 0
Number of asset objects unloaded after import = 1
========================================================================
Received Import Request.
  Time of request: 2026-10-09T14:11:43.211052Z
  Time since last request: 0.000403273 seconds.
  importAddress: GUID: 559482fe33c79e44882d3a6cedc55fb5 - Path: Packages/com.unity.test-framework/UnityEditor.TestRunner/TestResultSerializer.cs - Importer: ScriptedImporter/UnityEditor.QuickSearchModule:UnityEditor.Search:ASIAI0B
Importing 'GUID: 559482fe33c79e44882d3a6cedc55fb5 - Path: Packages/com.unity.test-framework/UnityEditor.TestRunner/TestResultSerializer.cs - Importer: ScriptedImporter/UnityEditor.QuickSearchModule:UnityEditor.Search:ASIAI0B' with importer (ScriptedImporter : UnityEditor.QuickSearchModule:UnityEditor.Search:ASIAI0B)
Imported 'GUID: 559482fe33c79e44882d3a6cedc55fb5' -> (Import Result ID: 'c1edf09a3e55b0dbec5f1f9dbe6318db') in 0.001 seconds [static and dynamic dependencies]. Details - ImportResultOutputID=bc33ad19b702df0aeb9394f7bcb7b7cf DependenciesID=64756061d17e48c7cdc9da017953d11e StaticDependenciesID=d01df6ab428f1eefb62515b659ba98ba 
Number of updated asset objects reloaded before import = 0
Number of asset objects unloaded after import = 0
========================================================================
Received Import Request.
  Time of request: 2026-10-09T14:11:43.22212Z
  Time since last request: 0.001045351 seconds.
  importAddress: GUID: 93eea84e53d0226479c9a584f19427b5 - Path: Packages/com.unity.test-framework/UnityEditor.TestRunner/Api/ICallbacks.cs - Importer: ScriptedImporter/UnityEditor.QuickSearchModule:UnityEditor.Search:ASIAI0B
Importing 'GUID: 93eea84e53d0226479c9a584f19427b5 - Path: Packages/com.unity.test-framework/UnityEditor.TestRunner/Api/ICallbacks.cs - Importer: ScriptedImporter/UnityEditor.QuickSearchModule:UnityEditor.Search:ASIAI0B' with importer (ScriptedImporter : UnityEditor.QuickSearchModule:UnityEditor.Search:ASIAI0B)
Imported 'GUID: 93eea84e53d0226479c9a584f19427b5' -> (Import Result ID: 'fdaeec0fd5c7097182924cbbf7220041') in 0.002 seconds [static and dynamic dependencies]. Details - ImportResultOutputID=f359cbcd9841c2a93221cf7b82942469 DependenciesID=ee09b54f14fc8b7d4500e23258a85751 StaticDependenciesID=108209b9a89649ac93614e7082c76bff 
Number of updated asset objects reloaded before import = 0
Number of asset objects unloaded after import = 0
========================================================================
Received Import Request.
  Time of request: 2026-10-09T14:11:43.232743Z
  Time since last request: 0.000618013 seconds.
  importAddress: GUID: b5930dbc378b45d406aeb881f06b6dfa - Path: Packages/com.unity.modules.physicscore2d/package.json - Importer: ScriptedImporter/UnityEditor.QuickSearchModule:UnityEditor.Search:ASIAI0B
Importing 'GUID: b5930dbc378b45d406aeb881f06b6dfa - Path: Packages/com.unity.modules.physicscore2d/package.json - Importer: ScriptedImporter/UnityEditor.QuickSearchModule:UnityEditor.Search:ASIAI0B' with importer (ScriptedImporter : UnityEditor.QuickSearchModule:UnityEditor.Search:ASIAI0B)
Imported 'GUID: b5930dbc378b45d406aeb881f06b6dfa' -> (Import Result ID: 'ee0436506d9782abd40c3375357e210d') in 0.002 seconds [static and dynamic dependencies]. Details - ImportResultOutputID=6c33029ec5df4d1a54801e5de653edf2 DependenciesID=d90909822beac966e9625936182f7f6a StaticDependenciesID=c7200ec9216a7205d52eab361aa7e5f2 
Number of updated asset objects reloaded before import = 0
Number of asset objects unloaded after import = 1
========================================================================
Received Import Request.
  Time of request: 2026-10-09T14:11:43.247362Z
  Time since last request: 0.000748136 seconds.
  importAddress: GUID: 8670f7ce4b60cef43bed36148aa1b0a2 - Path: Packages/com.unity.render-pipelines.core/Runtime/UnifiedRayTracing/Compute/RadeonRays/kernels/bit_histogram.compute - Importer: ScriptedImporter/UnityEditor.QuickSearchModule:UnityEditor.Search:ASIAI0B
Importing 'GUID: 8670f7ce4b60cef43bed36148aa1b0a2 - Path: Packages/com.unity.render-pipelines.core/Runtime/UnifiedRayTracing/Compute/RadeonRays/kernels/bit_histogram.compute - Importer: ScriptedImporter/UnityEditor.QuickSearchModule:UnityEditor.Search:ASIAI0B' with importer (ScriptedImporter : UnityEditor.QuickSearchModule:UnityEditor.Search:ASIAI0B)
Imported 'GUID: 8670f7ce4b60cef43bed36148aa1b0a2' -> (Import Result ID: '406b4269a0f7c2d76de2a3bcbad06be9') in 0.002 seconds [static and dynamic dependencies]. Details - ImportResultOutputID=c172f757c570ed2bf5e7ce5b74906e1d DependenciesID=9f6e36c7b372836e8c770d196a0b9d7a StaticDependenciesID=625a8ea738ef488dd82a0409075938fe 
Number of updated asset objects reloaded before import = 0
Number of asset objects unloaded after import = 1
========================================================================
Received Import Request.
  Time of request: 2026-10-09T14:11:43.260542Z
  Time since last request: 0.000369099 seconds.
  importAddress: GUID: a7842a837a4b13e41ae16193db753418 - Path: Packages/com.unity.test-framework/UnityEditor.TestRunner/Api/ITestRunnerApi.cs - Importer: ScriptedImporter/UnityEditor.QuickSearchModule:UnityEditor.Search:ASIAI0B
Importing 'GUID: a7842a837a4b13e41ae16193db753418 - Path: Packages/com.unity.test-framework/UnityEditor.TestRunner/Api/ITestRunnerApi.cs - Importer: ScriptedImporter/UnityEditor.QuickSearchModule:UnityEditor.Search:ASIAI0B' with importer (ScriptedImporter : UnityEditor.QuickSearchModule:UnityEditor.Search:ASIAI0B)
Imported 'GUID: a7842a837a4b13e41ae16193db753418' -> (Import Result ID: '75122b5a856e1cb3e86b30d104bbe5eb') in 0.002 seconds [static and dynamic dependencies]. Details - ImportResultOutputID=e9ffe00f33e93b2a0cef5c64f1eb4bae DependenciesID=ba8ff6fc5560ccb665e99bff0728da14 StaticDependenciesID=431edeb2cdd646e3bace87b635c286b5 
Number of updated asset objects reloaded before import = 0
Number of asset objects unloaded after import = 0
========================================================================
Received Import Request.
  Time of request: 2026-10-09T14:11:43.272934Z
  Time since last request: 0.000579642 seconds.
  importAddress: GUID: 4bf139fc5e9d9240edc107e25d67d398 - Path: Packages/com.unity.modules.tetgen/package.ModuleCompilationTrigger - Importer: ScriptedImporter/UnityEditor.QuickSearchModule:UnityEditor.Search:ASIAI0B
Importing 'GUID: 4bf139fc5e9d9240edc107e25d67d398 - Path: Packages/com.unity.modules.tetgen/package.ModuleCompilationTrigger - Importer: ScriptedImporter/UnityEditor.QuickSearchModule:UnityEditor.Search:ASIAI0B' with importer (ScriptedImporter : UnityEditor.QuickSearchModule:UnityEditor.Search:ASIAI0B)
Imported 'GUID: 4bf139fc5e9d9240edc107e25d67d398' -> (Import Result ID: 'aef106841567f5497dd11502008b1933') in 0.002 seconds [static and dynamic dependencies]. Details - ImportResultOutputID=118171c2fa99679566e538f537afb9c6 DependenciesID=6229a39ff46fecea0dcaf3aa39f1ae72 StaticDependenciesID=0aba2ad9dbaf71cd103f483849d12d8a 
Number of updated asset objects reloaded before import = 0
Number of asset objects unloaded after import = 1
========================================================================
Received Import Request.
  Time of request: 2026-10-09T14:11:43.285255Z
  Time since last request: 0.000484595 seconds.
  importAddress: GUID: 0de03ebd74e2b474fa23d05ab42d0cd8 - Path: Packages/com.unity.test-framework/UnityEditor.TestRunner/Api/CallbacksDelegator.cs - Importer: ScriptedImporter/UnityEditor.QuickSearchModule:UnityEditor.Search:ASIAI0B
Importing 'GUID: 0de03ebd74e2b474fa23d05ab42d0cd8 - Path: Packages/com.unity.test-framework/UnityEditor.TestRunner/Api/CallbacksDelegator.cs - Importer: ScriptedImporter/UnityEditor.QuickSearchModule:UnityEditor.Search:ASIAI0B' with importer (ScriptedImporter : UnityEditor.QuickSearchModule:UnityEditor.Search:ASIAI0B)
Imported 'GUID: 0de03ebd74e2b474fa23d05ab42d0cd8' -> (Import Result ID: '30127b41600d02f4107a35b090a59b5c') in 0.002 seconds [static and dynamic dependencies]. Details - ImportResultOutputID=38df8ee7764f17c8823b75f20217c023 DependenciesID=0422b4591851ab06ece888851ca644c9 StaticDependenciesID=6956a6c37efa0ac0f4af8f0121757ab2 
Number of updated asset objects reloaded before import = 0
Number of asset objects unloaded after import = 0
========================================================================
Received Import Request.
  Time of request: 2026-10-09T14:11:43.298057Z
  Time since last request: 0.000559043 seconds.
  importAddress: GUID: a785dd14005a471483d6732fabeee0ea - Path: Packages/com.unity.test-framework/UnityEditor.TestRunner/Api/IgnoreTest.cs - Importer: ScriptedImporter/UnityEditor.QuickSearchModule:UnityEditor.Search:ASIAI0B
Importing 'GUID: a785dd14005a471483d6732fabeee0ea - Path: Packages/com.unity.test-framework/UnityEditor.TestRunner/Api/IgnoreTest.cs - Importer: ScriptedImporter/UnityEditor.QuickSearchModule:UnityEditor.Search:ASIAI0B' with importer (ScriptedImporter : UnityEditor.QuickSearchModule:UnityEditor.Search:ASIAI0B)
Imported 'GUID: a785dd14005a471483d6732fabeee0ea' -> (Import Result ID: 'f8eda0836f8596824bd5127972fc3bff') in 0.002 seconds [static and dynamic dependencies]. Details - ImportResultOutputID=aed4db350216ce049975c54d2f8ff829 DependenciesID=f724c198ef08a7a983c353e2f52faf38 StaticDependenciesID=57d2823d25f02ad23dc3d96601ae3177 
Number of updated asset objects reloaded before import = 0
Number of asset objects unloaded after import = 0
========================================================================
Received Import Request.
  Time of request: 2026-10-09T14:11:43.309706Z
  Time since last request: 0.000715937 seconds.
  importAddress: GUID: d2146428d3f1ad54eb7326c9a44b3284 - Path: Packages/com.unity.test-framework/UnityEditor.TestRunner/RequirePlatformSupportAttribute.cs - Importer: ScriptedImporter/UnityEditor.QuickSearchModule:UnityEditor.Search:ASIAI0B
Importing 'GUID: d2146428d3f1ad54eb7326c9a44b3284 - Path: Packages/com.unity.test-framework/UnityEditor.TestRunner/RequirePlatformSupportAttribute.cs - Importer: ScriptedImporter/UnityEditor.QuickSearchModule:UnityEditor.Search:ASIAI0B' with importer (ScriptedImporter : UnityEditor.QuickSearchModule:UnityEditor.Search:ASIAI0B)
Imported 'GUID: d2146428d3f1ad54eb7326c9a44b3284' -> (Import Result ID: 'dd640be2c238f6113d472cd593eb41a5') in 0.002 seconds [static and dynamic dependencies]. Details - ImportResultOutputID=3160db460172be11348c8d0a375a2767 DependenciesID=62a521b4e2a818dedf3227f0ca2eb652 StaticDependenciesID=9946ec7ecbdf91e9f8b4ed83349dbc8f 
Number of updated asset objects reloaded before import = 0
Number of asset objects unloaded after import = 0
========================================================================
Received Import Request.
  Time of request: 2026-10-09T14:11:43.35139Z
  Time since last request: 0.030672375 seconds.
  importAddress: GUID: 9ec94545c5b00344c9bd8e691f15d799 - Path: Packages/com.unity.test-framework/UnityEditor.TestRunner/Api/TestStatus.cs - Importer: ScriptedImporter/UnityEditor.QuickSearchModule:UnityEditor.Search:ASIAI0B
Importing 'GUID: 9ec94545c5b00344c9bd8e691f15d799 - Path: Packages/com.unity.test-framework/UnityEditor.TestRunner/Api/TestStatus.cs - Importer: ScriptedImporter/UnityEditor.QuickSearchModule:UnityEditor.Search:ASIAI0B' with importer (ScriptedImporter : UnityEditor.QuickSearchModule:UnityEditor.Search:ASIAI0B)
Imported 'GUID: 9ec94545c5b00344c9bd8e691f15d799' -> (Import Result ID: '140290b2bd0b18b4ae69ab231c57f198') in 0.002 seconds [static and dynamic dependencies]. Details - ImportResultOutputID=f3ddd0e46e00c2ecafc19469b042cddf DependenciesID=328631fea9404f2e153ce51827aa94f8 StaticDependenciesID=9c779fc6beac438917aa1e2fbf7c51e3 
Number of updated asset objects reloaded before import = 0
Number of asset objects unloaded after import = 0
========================================================================
Received Import Request.
  Time of request: 2026-10-09T14:11:43.365046Z
  Time since last request: 0.000456622 seconds.
  importAddress: GUID: 0b677ddfd54046c498a20446baa4f932 - Path: Packages/com.unity.test-framework/UnityEditor.TestRunner/TestRun/TestJobRunner.cs - Importer: ScriptedImporter/UnityEditor.QuickSearchModule:UnityEditor.Search:ASIAI0B
Importing 'GUID: 0b677ddfd54046c498a20446baa4f932 - Path: Packages/com.unity.test-framework/UnityEditor.TestRunner/TestRun/TestJobRunner.cs - Importer: ScriptedImporter/UnityEditor.QuickSearchModule:UnityEditor.Search:ASIAI0B' with importer (ScriptedImporter : UnityEditor.QuickSearchModule:UnityEditor.Search:ASIAI0B)
Imported 'GUID: 0b677ddfd54046c498a20446baa4f932' -> (Import Result ID: '3ea361df723d3ff5f702b50c9df11a89') in 0.002 seconds [static and dynamic dependencies]. Details - ImportResultOutputID=6f7f7c8eff711f08207f487834cccca5 DependenciesID=306d86a1e51e26fc723b7ca49b691798 StaticDependenciesID=8fd506d74e5289bd98d42135746853d4 
Number of updated asset objects reloaded before import = 0
Number of asset objects unloaded after import = 0
========================================================================
Received Import Request.
  Time of request: 2026-10-09T14:11:43.378569Z
  Time since last request: 0.00025208 seconds.
  importAddress: GUID: 78776d25d6504b16a629856dba391764 - Path: Packages/com.unity.test-framework/UnityEditor.TestRunner/UnityTestProtocol/DeterministicGuid.cs - Importer: ScriptedImporter/UnityEditor.QuickSearchModule:UnityEditor.Search:ASIAI0B
Importing 'GUID: 78776d25d6504b16a629856dba391764 - Path: Packages/com.unity.test-framework/UnityEditor.TestRunner/UnityTestProtocol/DeterministicGuid.cs - Importer: ScriptedImporter/UnityEditor.QuickSearchModule:UnityEditor.Search:ASIAI0B' with importer (ScriptedImporter : UnityEditor.QuickSearchModule:UnityEditor.Search:ASIAI0B)
Imported 'GUID: 78776d25d6504b16a629856dba391764' -> (Import Result ID: '469c2c665382fff23d5543ae593ea6d4') in 0.002 seconds [static and dynamic dependencies]. Details - ImportResultOutputID=8f2ebb3b5599246c5db9f19512a88784 DependenciesID=6bb0c0e9f775980d5a19c2ee39f21876 StaticDependenciesID=e0c131ed3666daf60610986f2343ed27 
Number of updated asset objects reloaded before import = 0
Number of asset objects unloaded after import = 0
========================================================================
Received Import Request.
  Time of request: 2026-10-09T14:11:43.392176Z
  Time since last request: 0.00058401 seconds.
  importAddress: GUID: d061ada5d3169454daf54243390b5fdb - Path: Packages/com.unity.test-framework/UnityEditor.TestRunner/Api/TestResultAdaptor.cs - Importer: ScriptedImporter/UnityEditor.QuickSearchModule:UnityEditor.Search:ASIAI0B
Importing 'GUID: d061ada5d3169454daf54243390b5fdb - Path: Packages/com.unity.test-framework/UnityEditor.TestRunner/Api/TestResultAdaptor.cs - Importer: ScriptedImporter/UnityEditor.QuickSearchModule:UnityEditor.Search:ASIAI0B' with importer (ScriptedImporter : UnityEditor.QuickSearchModule:UnityEditor.Search:ASIAI0B)
Imported 'GUID: d061ada5d3169454daf54243390b5fdb' -> (Import Result ID: '70dce4e37761804329f0210531770ea8') in 0.002 seconds [static and dynamic dependencies]. Details - ImportResultOutputID=3dfe3557e6d84200ac9ede9170dbef11 DependenciesID=214219d3641ce318e7efd464ddf8f3c5 StaticDependenciesID=51ba3c87d01a84bd9d7eed4b08bd2246 
Number of updated asset objects reloaded before import = 0
Number of asset objects unloaded after import = 0
========================================================================
Received Import Request.
  Time of request: 2026-10-09T14:11:43.406862Z
  Time since last request: 0.00064829 seconds.
  importAddress: GUID: d56e34a052c646e39a3317c404303e5f - Path: Packages/com.unity.test-framework/UnityEditor.TestRunner/CommandLineTest/IRunData.cs - Importer: ScriptedImporter/UnityEditor.QuickSearchModule:UnityEditor.Search:ASIAI0B
Importing 'GUID: d56e34a052c646e39a3317c404303e5f - Path: Packages/com.unity.test-framework/UnityEditor.TestRunner/CommandLineTest/IRunData.cs - Importer: ScriptedImporter/UnityEditor.QuickSearchModule:UnityEditor.Search:ASIAI0B' with importer (ScriptedImporter : UnityEditor.QuickSearchModule:UnityEditor.Search:ASIAI0B)
Imported 'GUID: d56e34a052c646e39a3317c404303e5f' -> (Import Result ID: 'a560ab394cc800432e2ccda1dd47f7c3') in 0.002 seconds [static and dynamic dependencies]. Details - ImportResultOutputID=6c1545f1ea7f0c374eef93af75090a49 DependenciesID=97ed9bb5f132910f01727eeb348c0228 StaticDependenciesID=7ff8c2ab1277532dcaf09c7e260f9470 
Number of updated asset objects reloaded before import = 0
Number of asset objects unloaded after import = 0
========================================================================
Received Import Request.
  Time of request: 2026-10-09T14:11:43.419898Z
  Time since last request: 0.00047142 seconds.
  importAddress: GUID: edd2a1fe1acbbde43aad39862bb3f4a8 - Path: Packages/com.unity.test-framework/UnityEditor.TestRunner/TestLaunchers/RemotePlayerLogController.cs - Importer: ScriptedImporter/UnityEditor.QuickSearchModule:UnityEditor.Search:ASIAI0B
Importing 'GUID: edd2a1fe1acbbde43aad39862bb3f4a8 - Path: Packages/com.unity.test-framework/UnityEditor.TestRunner/TestLaunchers/RemotePlayerLogController.cs - Importer: ScriptedImporter/UnityEditor.QuickSearchModule:UnityEditor.Search:ASIAI0B' with importer (ScriptedImporter : UnityEditor.QuickSearchModule:UnityEditor.Search:ASIAI0B)
Imported 'GUID: edd2a1fe1acbbde43aad39862bb3f4a8' -> (Import Result ID: '7ff43609aba47c168c21304a2312876a') in 0.002 seconds [static and dynamic dependencies]. Details - ImportResultOutputID=fa68368f48dd5250e75b098c88f5e74b DependenciesID=e37e2abad0c912b1101ecdee60bef0b7 StaticDependenciesID=3509356e995b61c04c12cf2b47524e8d 
Number of updated asset objects reloaded before import = 0
Number of asset objects unloaded after import = 0
========================================================================
Received Import Request.
  Time of request: 2026-10-09T14:11:43.432247Z
  Time since last request: 0.000372335 seconds.
  importAddress: GUID: d973fc1524e4d724081553934c55958c - Path: Packages/com.unity.test-framework/UnityEditor.TestRunner/TestLaunchers/PlayerLauncher.cs - Importer: ScriptedImporter/UnityEditor.QuickSearchModule:UnityEditor.Search:ASIAI0B
Importing 'GUID: d973fc1524e4d724081553934c55958c - Path: Packages/com.unity.test-framework/UnityEditor.TestRunner/TestLaunchers/PlayerLauncher.cs - Importer: ScriptedImporter/UnityEditor.QuickSearchModule:UnityEditor.Search:ASIAI0B' with importer (ScriptedImporter : UnityEditor.QuickSearchModule:UnityEditor.Search:ASIAI0B)
Imported 'GUID: d973fc1524e4d724081553934c55958c' -> (Import Result ID: '6598d41b9b5ad7dd0f8892ffd960d373') in 0.002 seconds [static and dynamic dependencies]. Details - ImportResultOutputID=8c81fce2d54ae33ce458606c974af835 DependenciesID=13def48aea6ed0318d34bf653f7d6649 StaticDependenciesID=849a8994bf802e65c98f5245cd94d418 
Number of updated asset objects reloaded before import = 0
Number of asset objects unloaded after import = 0
========================================================================
Received Import Request.
  Time of request: 2026-10-09T14:11:43.44592Z
  Time since last request: 0.001040001 seconds.
  importAddress: GUID: 740b3785866edda4b8d1e1a05570a5f8 - Path: Packages/com.unity.test-framework/UnityEditor.TestRunner/GUI/AssetsDatabaseHelper.cs - Importer: ScriptedImporter/UnityEditor.QuickSearchModule:UnityEditor.Search:ASIAI0B
Importing 'GUID: 740b3785866edda4b8d1e1a05570a5f8 - Path: Packages/com.unity.test-framework/UnityEditor.TestRunner/GUI/AssetsDatabaseHelper.cs - Importer: ScriptedImporter/UnityEditor.QuickSearchModule:UnityEditor.Search:ASIAI0B' with importer (ScriptedImporter : UnityEditor.QuickSearchModule:UnityEditor.Search:ASIAI0B)
Imported 'GUID: 740b3785866edda4b8d1e1a05570a5f8' -> (Import Result ID: '9248c064704f8251c88abf721ff5757a') in 0.002 seconds [static and dynamic dependencies]. Details - ImportResultOutputID=d20e6a1d4f51725f5e965bbd2d1b68bd DependenciesID=7b94003264e7c3f868f9741c35f494c9 StaticDependenciesID=0921012d74c92449f79ab7fc313dffc9 
Number of updated asset objects reloaded before import = 0
Number of asset objects unloaded after import = 0
========================================================================
Received Import Request.
  Time of request: 2026-10-09T14:11:43.457063Z
  Time since last request: 0.000674589 seconds.
  importAddress: GUID: 241a47157da9420aaafa8cda2afd41a0 - Path: Packages/com.unity.test-framework/UnityEditor.TestRunner/TestRun/WaitForPlayerRunTask.cs - Importer: ScriptedImporter/UnityEditor.QuickSearchModule:UnityEditor.Search:ASIAI0B
Importing 'GUID: 241a47157da9420aaafa8cda2afd41a0 - Path: Packages/com.unity.test-framework/UnityEditor.TestRunner/TestRun/WaitForPlayerRunTask.cs - Importer: ScriptedImporter/UnityEditor.QuickSearchModule:UnityEditor.Search:ASIAI0B' with importer (ScriptedImporter : UnityEditor.QuickSearchModule:UnityEditor.Search:ASIAI0B)
Imported 'GUID: 241a47157da9420aaafa8cda2afd41a0' -> (Import Result ID: '3ad45f98d26153079413e8af65190f0a') in 0.002 seconds [static and dynamic dependencies]. Details - ImportResultOutputID=cf6f2738c0e24f5fbf381ab444bc01bf DependenciesID=87f4a69da4fa9b6a93a1044a84d9f8c5 StaticDependenciesID=8ad52fd495f992caa15a50598a1e0787 
Number of updated asset objects reloaded before import = 0
Number of asset objects unloaded after import = 0
========================================================================
Received Import Request.
  Time of request: 2026-10-09T14:11:43.467754Z
  Time since last request: 0.000164497 seconds.
  importAddress: GUID: 1d45b9d3cf85bee4f99c1492fca8438a - Path: Packages/com.unity.test-framework/UnityEditor.TestRunner/TestRun/TestRunCanceledException.cs - Importer: ScriptedImporter/UnityEditor.QuickSearchModule:UnityEditor.Search:ASIAI0B
Importing 'GUID: 1d45b9d3cf85bee4f99c1492fca8438a - Path: Packages/com.unity.test-framework/UnityEditor.TestRunner/TestRun/TestRunCanceledException.cs - Importer: ScriptedImporter/UnityEditor.QuickSearchModule:UnityEditor.Search:ASIAI0B' with importer (ScriptedImporter : UnityEditor.QuickSearchModule:UnityEditor.Search:ASIAI0B)
Imported 'GUID: 1d45b9d3cf85bee4f99c1492fca8438a' -> (Import Result ID: '2ff11ebe8108f265c2dc8662968e2a23') in 0.002 seconds [static and dynamic dependencies]. Details - ImportResultOutputID=981e150be68a5326baf5cdebcbf50223 DependenciesID=9b9f59e54ef6107792e79f7759df8ebd StaticDependenciesID=c5b64bcc88e46362b0431913857a4f7f 
Number of updated asset objects reloaded before import = 0
Number of asset objects unloaded after import = 0
========================================================================
Received Import Request.
  Time of request: 2026-10-09T14:11:43.478438Z
  Time since last request: 0.000566598 seconds.
  importAddress: GUID: 8a13cbeb2099aca47bb456f49845f86c - Path: Packages/com.unity.test-framework/UnityEditor.TestRunner/CommandLineTest/ISettingsBuilder.cs - Importer: ScriptedImporter/UnityEditor.QuickSearchModule:UnityEditor.Search:ASIAI0B
Importing 'GUID: 8a13cbeb2099aca47bb456f49845f86c - Path: Packages/com.unity.test-framework/UnityEditor.TestRunner/CommandLineTest/ISettingsBuilder.cs - Importer: ScriptedImporter/UnityEditor.QuickSearchModule:UnityEditor.Search:ASIAI0B' with importer (ScriptedImporter : UnityEditor.QuickSearchModule:UnityEditor.Search:ASIAI0B)
Imported 'GUID: 8a13cbeb2099aca47bb456f49845f86c' -> (Import Result ID: 'fb2783ae3f61ae8b18a7b2bbc3c80582') in 0.002 seconds [static and dynamic dependencies]. Details - ImportResultOutputID=1e60b7b9925b9f9f793fd8af2fab57dc DependenciesID=e01c5c7eab818d5df35a0abb33c355da StaticDependenciesID=47b0f295a68c231ba8f63c847a09a3e9 
Number of updated asset objects reloaded before import = 0
Number of asset objects unloaded after import = 0
========================================================================
Received Import Request.
  Time of request: 2026-10-09T14:11:43.489611Z
  Time since last request: 0.000219319 seconds.
  importAddress: GUID: c9219e99d466b7741a057132d1994f35 - Path: Packages/com.unity.test-framework/UnityEditor.TestRunner/TestRunner/EditModeRunner.cs - Importer: ScriptedImporter/UnityEditor.QuickSearchModule:UnityEditor.Search:ASIAI0B
Importing 'GUID: c9219e99d466b7741a057132d1994f35 - Path: Packages/com.unity.test-framework/UnityEditor.TestRunner/TestRunner/EditModeRunner.cs - Importer: ScriptedImporter/UnityEditor.QuickSearchModule:UnityEditor.Search:ASIAI0B' with importer (ScriptedImporter : UnityEditor.QuickSearchModule:UnityEditor.Search:ASIAI0B)
Imported 'GUID: c9219e99d466b7741a057132d1994f35' -> (Import Result ID: 'f8f6c6a67ebd119efbd8785f231a7860') in 0.002 seconds [static and dynamic dependencies]. Details - ImportResultOutputID=cc2f87636682f914c4ef5e52624d49af DependenciesID=3f19316676a8bc9a34f65a037b4a95b8 StaticDependenciesID=346e0e45dfd618e301b6e42c366cfec3 
Number of updated asset objects reloaded before import = 0
Number of asset objects unloaded after import = 0
========================================================================
Received Import Request.
  Time of request: 2026-10-09T14:11:43.500232Z
  Time since last request: 0.000605971 seconds.
  importAddress: GUID: ef563c5a6ecf64d4193dc144cb7d472a - Path: Packages/com.unity.test-framework/UnityEditor.TestRunner/CommandLineTest/ResultsSavingCallbacks.cs - Importer: ScriptedImporter/UnityEditor.QuickSearchModule:UnityEditor.Search:ASIAI0B
Importing 'GUID: ef563c5a6ecf64d4193dc144cb7d472a - Path: Packages/com.unity.test-framework/UnityEditor.TestRunner/CommandLineTest/ResultsSavingCallbacks.cs - Importer: ScriptedImporter/UnityEditor.QuickSearchModule:UnityEditor.Search:ASIAI0B' with importer (ScriptedImporter : UnityEditor.QuickSearchModule:UnityEditor.Search:ASIAI0B)
Imported 'GUID: ef563c5a6ecf64d4193dc144cb7d472a' -> (Import Result ID: '81729e7e627c0fc28ed64057138c2bdf') in 0.002 seconds [static and dynamic dependencies]. Details - ImportResultOutputID=9c1569d762506b7ed7831b96e25d8e71 DependenciesID=d898a699f8244f06792a0416b5f43990 StaticDependenciesID=da1b774daba185d0ef66cc308d53896f 
Number of updated asset objects reloaded before import = 0
Number of asset objects unloaded after import = 0
========================================================================
Received Import Request.
  Time of request: 2026-10-09T14:11:43.510922Z
  Time since last request: 0.000710076 seconds.
  importAddress: GUID: a582090813554df479fb9ca03e9857d3 - Path: Packages/com.unity.test-framework/UnityEditor.TestRunner/TestLaunchers/EditModeLauncherContextSettings.cs - Importer: ScriptedImporter/UnityEditor.QuickSearchModule:UnityEditor.Search:ASIAI0B
Importing 'GUID: a582090813554df479fb9ca03e9857d3 - Path: Packages/com.unity.test-framework/UnityEditor.TestRunner/TestLaunchers/EditModeLauncherContextSettings.cs - Importer: ScriptedImporter/UnityEditor.QuickSearchModule:UnityEditor.Search:ASIAI0B' with importer (ScriptedImporter : UnityEditor.QuickSearchModule:UnityEditor.Search:ASIAI0B)
Imported 'GUID: a582090813554df479fb9ca03e9857d3' -> (Import Result ID: '36651db18ab7ef4fd238b7b41729339d') in 0.002 seconds [static and dynamic dependencies]. Details - ImportResultOutputID=85287e38ebaa9e6f223574f3476457f8 DependenciesID=1c214eeab668d032a1ba309d61e45f97 StaticDependenciesID=3c475adf21912f6d0e95e3092bb0719a 
Number of updated asset objects reloaded before import = 0
Number of asset objects unloaded after import = 0
========================================================================
Received Import Request.
  Time of request: 2026-10-09T14:11:43.521466Z
  Time since last request: 0.000614447 seconds.
  importAddress: GUID: 1cddf785b0d07434d8e0607c97b09135 - Path: Packages/com.unity.test-framework/UnityEditor.TestRunner/TestLaunchers/TestLauncherBase.cs - Importer: ScriptedImporter/UnityEditor.QuickSearchModule:UnityEditor.Search:ASIAI0B
Importing 'GUID: 1cddf785b0d07434d8e0607c97b09135 - Path: Packages/com.unity.test-framework/UnityEditor.TestRunner/TestLaunchers/TestLauncherBase.cs - Importer: ScriptedImporter/UnityEditor.QuickSearchModule:UnityEditor.Search:ASIAI0B' with importer (ScriptedImporter : UnityEditor.QuickSearchModule:UnityEditor.Search:ASIAI0B)
Imported 'GUID: 1cddf785b0d07434d8e0607c97b09135' -> (Import Result ID: 'e83ca615a62db834374ffa2938408d2d') in 0.002 seconds [static and dynamic dependencies]. Details - ImportResultOutputID=1a1d271285b3f6bc70d7fcf24e122cbb DependenciesID=a60db1c93daac1d24945d63c36af7242 StaticDependenciesID=b58f9560809b39118c2a9ffed61b114c 
Number of updated asset objects reloaded before import = 0
Number of asset objects unloaded after import = 0
========================================================================
Received Import Request.
  Time of request: 2026-10-09T14:11:43.53331Z
  Time since last request: 0.000287406 seconds.
  importAddress: GUID: 3297738ef11b478a8b7ee802953ae768 - Path: Packages/com.unity.test-framework/UnityEditor.TestRunner/CommandLineTest/IExecuter.cs - Importer: ScriptedImporter/UnityEditor.QuickSearchModule:UnityEditor.Search:ASIAI0B
Importing 'GUID: 3297738ef11b478a8b7ee802953ae768 - Path: Packages/com.unity.test-framework/UnityEditor.TestRunner/CommandLineTest/IExecuter.cs - Importer: ScriptedImporter/UnityEditor.QuickSearchModule:UnityEditor.Search:ASIAI0B' with importer (ScriptedImporter : UnityEditor.QuickSearchModule:UnityEditor.Search:ASIAI0B)
Imported 'GUID: 3297738ef11b478a8b7ee802953ae768' -> (Import Result ID: '3c43b74f2ac6ba5c65922068e849931c') in 0.003 seconds [static and dynamic dependencies]. Details - ImportResultOutputID=e7e7ec0af93f9dc4f80d76a38e97ab87 DependenciesID=2bbad92db14688000ec7bd23e290e07f StaticDependenciesID=60739ca7899b5ea4f1f18d095c4f6cbb 
Number of updated asset objects reloaded before import = 0
Number of asset objects unloaded after import = 0
========================================================================
Received Import Request.
  Time of request: 2026-10-09T14:11:43.565542Z
  Time since last request: 0.01820889 seconds.
  importAddress: GUID: 8173ba5b162e4e5882521d173c36acec - Path: Packages/com.unity.test-framework/UnityEditor.TestRunner/TestRun/ITestJobRunner.cs - Importer: ScriptedImporter/UnityEditor.QuickSearchModule:UnityEditor.Search:ASIAI0B
Importing 'GUID: 8173ba5b162e4e5882521d173c36acec - Path: Packages/com.unity.test-framework/UnityEditor.TestRunner/TestRun/ITestJobRunner.cs - Importer: ScriptedImporter/UnityEditor.QuickSearchModule:UnityEditor.Search:ASIAI0B' with importer (ScriptedImporter : UnityEditor.QuickSearchModule:UnityEditor.Search:ASIAI0B)
Imported 'GUID: 8173ba5b162e4e5882521d173c36acec' -> (Import Result ID: '004613649a617be8443e4f26ba765ed6') in 0.002 seconds [static and dynamic dependencies]. Details - ImportResultOutputID=803e180e7710a2db9c2df9745df85da8 DependenciesID=b19dacba706228d5e88ba5350c3df40c StaticDependenciesID=b90682fbc4914c23920fb6a4d6ecedd1 
Number of updated asset objects reloaded before import = 0
Number of asset objects unloaded after import = 0
========================================================================
Received Import Request.
  Time of request: 2026-10-09T14:11:43.577796Z
  Time since last request: 0.00043905 seconds.
  importAddress: GUID: 952b3dc7b47846947b37c8d3ae46579a - Path: Packages/com.unity.test-framework/UnityEditor.TestRunner/UnityTestProtocol/IUtpMessageReporter.cs - Importer: ScriptedImporter/UnityEditor.QuickSearchModule:UnityEditor.Search:ASIAI0B
Importing 'GUID: 952b3dc7b47846947b37c8d3ae46579a - Path: Packages/com.unity.test-framework/UnityEditor.TestRunner/UnityTestProtocol/IUtpMessageReporter.cs - Importer: ScriptedImporter/UnityEditor.QuickSearchModule:UnityEditor.Search:ASIAI0B' with importer (ScriptedImporter : UnityEditor.QuickSearchModule:UnityEditor.Search:ASIAI0B)
Imported 'GUID: 952b3dc7b47846947b37c8d3ae46579a' -> (Import Result ID: '778bf564d42d4c3918c91bf9285d6cfd') in 0.002 seconds [static and dynamic dependencies]. Details - ImportResultOutputID=7623002196206bd47cc85119353c31f5 DependenciesID=0131fd1b49b1af652916c791e7f0ebb7 StaticDependenciesID=234dbb7ca818d43766551dd6a7697d26 
Number of updated asset objects reloaded before import = 0
Number of asset objects unloaded after import = 0
========================================================================
Received Import Request.
  Time of request: 2026-10-09T14:11:43.588562Z
  Time since last request: 0.000340786 seconds.
  importAddress: GUID: 43db38ca7188900429bf8be95ebbe197 - Path: Packages/com.unity.test-framework/UnityEditor.TestRunner/CommandLineTest/RunStateCallbacks.cs - Importer: ScriptedImporter/UnityEditor.QuickSearchModule:UnityEditor.Search:ASIAI0B
Importing 'GUID: 43db38ca7188900429bf8be95ebbe197 - Path: Packages/com.unity.test-framework/UnityEditor.TestRunner/CommandLineTest/RunStateCallbacks.cs - Importer: ScriptedImporter/UnityEditor.QuickSearchModule:UnityEditor.Search:ASIAI0B' with importer (ScriptedImporter : UnityEditor.QuickSearchModule:UnityEditor.Search:ASIAI0B)
Imported 'GUID: 43db38ca7188900429bf8be95ebbe197' -> (Import Result ID: 'd7312cfbc5b18aea3561c2a3ca1616c8') in 0.002 seconds [static and dynamic dependencies]. Details - ImportResultOutputID=19ebf9625c09084debd84b3325796713 DependenciesID=6708959dc90ec943fe89b70784a947f5 StaticDependenciesID=6b0307aabf28261cbfb70b87420b6753 
Number of updated asset objects reloaded before import = 0
Number of asset objects unloaded after import = 0
========================================================================
Received Import Request.
  Time of request: 2026-10-09T14:11:43.600785Z
  Time since last request: 0.001062874 seconds.
  importAddress: GUID: 6b32b6725087a0d4bb1670818d26996e - Path: Packages/com.unity.test-framework/UnityEditor.TestRunner/TestSettings/TestSettings.cs - Importer: ScriptedImporter/UnityEditor.QuickSearchModule:UnityEditor.Search:ASIAI0B
Importing 'GUID: 6b32b6725087a0d4bb1670818d26996e - Path: Packages/com.unity.test-framework/UnityEditor.TestRunner/TestSettings/TestSettings.cs - Importer: ScriptedImporter/UnityEditor.QuickSearchModule:UnityEditor.Search:ASIAI0B' with importer (ScriptedImporter : UnityEditor.QuickSearchModule:UnityEditor.Search:ASIAI0B)
Imported 'GUID: 6b32b6725087a0d4bb1670818d26996e' -> (Import Result ID: 'a8ef15a31106eee0afda28cfb584d788') in 0.002 seconds [static and dynamic dependencies]. Details - ImportResultOutputID=128a3eb4d647a6ffe6328d2a87baf3c2 DependenciesID=fd195306e123384d163074e261918ab1 StaticDependenciesID=0b4f028a78075ea9d5982f884c65f4dd 
Number of updated asset objects reloaded before import = 0
Number of asset objects unloaded after import = 0
========================================================================
Received Import Request.
  Time of request: 2026-10-09T14:11:43.613822Z
  Time since last request: 0.001175164 seconds.
  importAddress: GUID: d208a1684f8aa6a40ad91d6aa9600c14 - Path: Packages/com.unity.test-framework/UnityEditor.TestRunner/TestSettings/ITestSettingsDeserializer.cs - Importer: ScriptedImporter/UnityEditor.QuickSearchModule:UnityEditor.Search:ASIAI0B
Importing 'GUID: d208a1684f8aa6a40ad91d6aa9600c14 - Path: Packages/com.unity.test-framework/UnityEditor.TestRunner/TestSettings/ITestSettingsDeserializer.cs - Importer: ScriptedImporter/UnityEditor.QuickSearchModule:UnityEditor.Search:ASIAI0B' with importer (ScriptedImporter : UnityEditor.QuickSearchModule:UnityEditor.Search:ASIAI0B)
Imported 'GUID: d208a1684f8aa6a40ad91d6aa9600c14' -> (Import Result ID: '57e866d600bc8a0f290ea6709dc0a12d') in 0.003 seconds [static and dynamic dependencies]. Details - ImportResultOutputID=11aff62dbaba12185fe3d307637eb7ac DependenciesID=bb7f9827c1f3c603becbc30432e56623 StaticDependenciesID=ce55dee587119e94f4438c4bfb33550e 
Number of updated asset objects reloaded before import = 0
Number of asset objects unloaded after import = 0
========================================================================
Received Import Request.
  Time of request: 2026-10-09T14:11:43.645686Z
  Time since last request: 0.018834467 seconds.
  importAddress: GUID: 4f939b9e23a0946439b812551e07ac81 - Path: Packages/com.unity.test-framework/UnityEngine.TestRunner/NUnitExtensions/ActionDelegator.cs - Importer: ScriptedImporter/UnityEditor.QuickSearchModule:UnityEditor.Search:ASIAI0B
Importing 'GUID: 4f939b9e23a0946439b812551e07ac81 - Path: Packages/com.unity.test-framework/UnityEngine.TestRunner/NUnitExtensions/ActionDelegator.cs - Importer: ScriptedImporter/UnityEditor.QuickSearchModule:UnityEditor.Search:ASIAI0B' with importer (ScriptedImporter : UnityEditor.QuickSearchModule:UnityEditor.Search:ASIAI0B)
Imported 'GUID: 4f939b9e23a0946439b812551e07ac81' -> (Import Result ID: 'ca827f662921b55dec6863447a4e54ba') in 0.002 seconds [static and dynamic dependencies]. Details - ImportResultOutputID=93bf15bb944d32d050daa19ed34f5733 DependenciesID=fedc8abc0db00cd2649a30ac2369817b StaticDependenciesID=02b9ad62588f617b4e7354207dd60cce 
Number of updated asset objects reloaded before import = 0
Number of asset objects unloaded after import = 0
========================================================================
Received Import Request.
  Time of request: 2026-10-09T14:11:43.657219Z
  Time since last request: 0.000496487 seconds.
  importAddress: GUID: 6a3af79041a1431ab3a2a9395a7ed2ae - Path: Packages/com.unity.test-framework/UnityEngine.TestRunner/NUnitExtensions/OrderedTestSuiteModifier.cs - Importer: ScriptedImporter/UnityEditor.QuickSearchModule:UnityEditor.Search:ASIAI0B
Importing 'GUID: 6a3af79041a1431ab3a2a9395a7ed2ae - Path: Packages/com.unity.test-framework/UnityEngine.TestRunner/NUnitExtensions/OrderedTestSuiteModifier.cs - Importer: ScriptedImporter/UnityEditor.QuickSearchModule:UnityEditor.Search:ASIAI0B' with importer (ScriptedImporter : UnityEditor.QuickSearchModule:UnityEditor.Search:ASIAI0B)
Imported 'GUID: 6a3af79041a1431ab3a2a9395a7ed2ae' -> (Import Result ID: 'c5e5920252c4f174b034f0ae8e7b83c7') in 0.002 seconds [static and dynamic dependencies]. Details - ImportResultOutputID=7b3402455929f2e5a2fd3c11c38aee8f DependenciesID=7f5b4876eaa95ab85756018e62d35365 StaticDependenciesID=50c93c9eb172938a2f02662e69adac9c 
Number of updated asset objects reloaded before import = 0
Number of asset objects unloaded after import = 0
========================================================================
Received Import Request.
  Time of request: 2026-10-09T14:11:43.670423Z
  Time since last request: 0.000860626 seconds.
  importAddress: GUID: 37cea569bfefafe49a1513c4d7f0e9eb - Path: Packages/com.unity.test-framework/UnityEngine.TestRunner/NUnitExtensions/BaseDelegator.cs - Importer: ScriptedImporter/UnityEditor.QuickSearchModule:UnityEditor.Search:ASIAI0B
Importing 'GUID: 37cea569bfefafe49a1513c4d7f0e9eb - Path: Packages/com.unity.test-framework/UnityEngine.TestRunner/NUnitExtensions/BaseDelegator.cs - Importer: ScriptedImporter/UnityEditor.QuickSearchModule:UnityEditor.Search:ASIAI0B' with importer (ScriptedImporter : UnityEditor.QuickSearchModule:UnityEditor.Search:ASIAI0B)
Imported 'GUID: 37cea569bfefafe49a1513c4d7f0e9eb' -> (Import Result ID: '3c9e282cccc1a2c76eee4ff0eca2fac5') in 0.002 seconds [static and dynamic dependencies]. Details - ImportResultOutputID=117b6f3a679ca2e013461d5f9d2076e6 DependenciesID=d5ccf0fe5791f91ffc2085ee65582b2a StaticDependenciesID=32bf78d5674fea506f0278351d54cebb 
Number of updated asset objects reloaded before import = 0
Number of asset objects unloaded after import = 0
========================================================================
Received Import Request.
  Time of request: 2026-10-09T14:11:43.682831Z
  Time since last request: 0.00056289 seconds.
  importAddress: GUID: b9aec9d3b0a86466ab4647d01e8fc87d - Path: Packages/com.unity.test-framework/UnityEngine.TestRunner/TestRunner/SynchronousFilter.cs - Importer: ScriptedImporter/UnityEditor.QuickSearchModule:UnityEditor.Search:ASIAI0B
Importing 'GUID: b9aec9d3b0a86466ab4647d01e8fc87d - Path: Packages/com.unity.test-framework/UnityEngine.TestRunner/TestRunner/SynchronousFilter.cs - Importer: ScriptedImporter/UnityEditor.QuickSearchModule:UnityEditor.Search:ASIAI0B' with importer (ScriptedImporter : UnityEditor.QuickSearchModule:UnityEditor.Search:ASIAI0B)
Imported 'GUID: b9aec9d3b0a86466ab4647d01e8fc87d' -> (Import Result ID: '63590419aee371dbbff6a1942fcd548d') in 0.003 seconds [static and dynamic dependencies]. Details - ImportResultOutputID=46163bf614bf1729da1ba539ebce3636 DependenciesID=637a0ca7b6fd62d3799a7bb32b4faded StaticDependenciesID=59bab1847b440b73d006c027dfb66af6 
Number of updated asset objects reloaded before import = 0
Number of asset objects unloaded after import = 0
========================================================================
Received Import Request.
  Time of request: 2026-10-09T14:11:43.69498Z
  Time since last request: 0.00021432 seconds.
  importAddress: GUID: 5aec7938f118041779fb739b38477100 - Path: Packages/com.unity.test-framework/UnityEngine.TestRunner/TestRunner/TestTaskWrapper.cs - Importer: ScriptedImporter/UnityEditor.QuickSearchModule:UnityEditor.Search:ASIAI0B
Importing 'GUID: 5aec7938f118041779fb739b38477100 - Path: Packages/com.unity.test-framework/UnityEngine.TestRunner/TestRunner/TestTaskWrapper.cs - Importer: ScriptedImporter/UnityEditor.QuickSearchModule:UnityEditor.Search:ASIAI0B' with importer (ScriptedImporter : UnityEditor.QuickSearchModule:UnityEditor.Search:ASIAI0B)
Imported 'GUID: 5aec7938f118041779fb739b38477100' -> (Import Result ID: 'db9c8c8f6830108acc31b34f445ca54b') in 0.002 seconds [static and dynamic dependencies]. Details - ImportResultOutputID=04c6e01876e4824981de037bb3f507e3 DependenciesID=8d68382ef5e7024ea6c06594ed689754 StaticDependenciesID=53bcdc76ae92de10dfaa1c6df908b270 
Number of updated asset objects reloaded before import = 0
Number of asset objects unloaded after import = 0
========================================================================
Received Import Request.
  Time of request: 2026-10-09T14:11:43.705221Z
  Time since last request: 0.000512647 seconds.
  importAddress: GUID: d09858396dd7adb4bbdb22ea0c8c3a37 - Path: Packages/com.unity.test-framework/UnityEngine.TestRunner/Assertions/AllocatingGCMemoryConstraint.cs - Importer: ScriptedImporter/UnityEditor.QuickSearchModule:UnityEditor.Search:ASIAI0B
Importing 'GUID: d09858396dd7adb4bbdb22ea0c8c3a37 - Path: Packages/com.unity.test-framework/UnityEngine.TestRunner/Assertions/AllocatingGCMemoryConstraint.cs - Importer: ScriptedImporter/UnityEditor.QuickSearchModule:UnityEditor.Search:ASIAI0B' with importer (ScriptedImporter : UnityEditor.QuickSearchModule:UnityEditor.Search:ASIAI0B)
Imported 'GUID: d09858396dd7adb4bbdb22ea0c8c3a37' -> (Import Result ID: '6dc40311ffa30a45252b32a214a966af') in 0.002 seconds [static and dynamic dependencies]. Details - ImportResultOutputID=f3472a16451d5d632724256bf7563f05 DependenciesID=53107ffa45ffd8b553b89a5aee1e6a52 StaticDependenciesID=ca87ca8195b421d19ee66942ab24bf48 
Number of updated asset objects reloaded before import = 0
Number of asset objects unloaded after import = 0
========================================================================
Received Import Request.
  Time of request: 2026-10-09T14:11:43.716326Z
  Time since last request: 0.000398394 seconds.
  importAddress: GUID: acc16f0c684508f44813662a300c574b - Path: Packages/com.unity.test-framework/UnityEngine.TestRunner/Utils/IPrebuildSetup.cs - Importer: ScriptedImporter/UnityEditor.QuickSearchModule:UnityEditor.Search:ASIAI0B
Importing 'GUID: acc16f0c684508f44813662a300c574b - Path: Packages/com.unity.test-framework/UnityEngine.TestRunner/Utils/IPrebuildSetup.cs - Importer: ScriptedImporter/UnityEditor.QuickSearchModule:UnityEditor.Search:ASIAI0B' with importer (ScriptedImporter : UnityEditor.QuickSearchModule:UnityEditor.Search:ASIAI0B)
Imported 'GUID: acc16f0c684508f44813662a300c574b' -> (Import Result ID: '14e5d83d96e076fe6877c5f77d4abbbc') in 0.002 seconds [static and dynamic dependencies]. Details - ImportResultOutputID=2dfdab73095821fa43209948d924295c DependenciesID=64fe1ddd8dce1c7f77c73f77bcbf3769 StaticDependenciesID=fdabb9252a60e7bfdda358e887294b63 
Number of updated asset objects reloaded before import = 0
Number of asset objects unloaded after import = 0
========================================================================
Received Import Request.
  Time of request: 2026-10-09T14:11:43.727412Z
  Time since last request: 0.000463996 seconds.
  importAddress: GUID: 24a158219395ebf44a60547b97784ddc - Path: Packages/com.unity.test-framework/UnityEngine.TestRunner/Utils/CoroutineRunner.cs - Importer: ScriptedImporter/UnityEditor.QuickSearchModule:UnityEditor.Search:ASIAI0B
Importing 'GUID: 24a158219395ebf44a60547b97784ddc - Path: Packages/com.unity.test-framework/UnityEngine.TestRunner/Utils/CoroutineRunner.cs - Importer: ScriptedImporter/UnityEditor.QuickSearchModule:UnityEditor.Search:ASIAI0B' with importer (ScriptedImporter : UnityEditor.QuickSearchModule:UnityEditor.Search:ASIAI0B)
Imported 'GUID: 24a158219395ebf44a60547b97784ddc' -> (Import Result ID: '10a08f2dc8631a6d711ccd8145ae0f69') in 0.002 seconds [static and dynamic dependencies]. Details - ImportResultOutputID=5272c3c2c4283e2cea4d32f0d6e5da67 DependenciesID=346363387bf059e1ff0f96c41e6ca08d StaticDependenciesID=c940ceee4ad8d056f7f8f58d3d1e1387 
Number of updated asset objects reloaded before import = 0
Number of asset objects unloaded after import = 0
========================================================================
Received Import Request.
  Time of request: 2026-10-09T14:11:43.738674Z
  Time since last request: 0.000354542 seconds.
  importAddress: GUID: 65701ebe8bada6b4785e9c7afe7f5bee - Path: Packages/com.unity.test-framework/UnityEngine.TestRunner/Utils/Vector2ComparerWithEqualsOperator.cs - Importer: ScriptedImporter/UnityEditor.QuickSearchModule:UnityEditor.Search:ASIAI0B
Importing 'GUID: 65701ebe8bada6b4785e9c7afe7f5bee - Path: Packages/com.unity.test-framework/UnityEngine.TestRunner/Utils/Vector2ComparerWithEqualsOperator.cs - Importer: ScriptedImporter/UnityEditor.QuickSearchModule:UnityEditor.Search:ASIAI0B' with importer (ScriptedImporter : UnityEditor.QuickSearchModule:UnityEditor.Search:ASIAI0B)
Imported 'GUID: 65701ebe8bada6b4785e9c7afe7f5bee' -> (Import Result ID: '8086ec781deb7662f8c137d201f03e07') in 0.002 seconds [static and dynamic dependencies]. Details - ImportResultOutputID=591049051e1313d568d868e960c4de78 DependenciesID=f4530379a782893e9e88cb1671276d23 StaticDependenciesID=1069afa9685ff28076db0800929fae9a 
Number of updated asset objects reloaded before import = 0
Number of asset objects unloaded after import = 0
========================================================================
Received Import Request.
  Time of request: 2026-10-09T14:11:43.748931Z
  Time since last request: 0.000439751 seconds.
  importAddress: GUID: 5b2eeca598284bd4abb4a15c30df1576 - Path: Packages/com.unity.test-framework/UnityEngine.TestRunner/Assertions/UnexpectedLogMessageException.cs - Importer: ScriptedImporter/UnityEditor.QuickSearchModule:UnityEditor.Search:ASIAI0B
Importing 'GUID: 5b2eeca598284bd4abb4a15c30df1576 - Path: Packages/com.unity.test-framework/UnityEngine.TestRunner/Assertions/UnexpectedLogMessageException.cs - Importer: ScriptedImporter/UnityEditor.QuickSearchModule:UnityEditor.Search:ASIAI0B' with importer (ScriptedImporter : UnityEditor.QuickSearchModule:UnityEditor.Search:ASIAI0B)
Imported 'GUID: 5b2eeca598284bd4abb4a15c30df1576' -> (Import Result ID: '52cf8ac0a0968f85bf2252007510254f') in 0.002 seconds [static and dynamic dependencies]. Details - ImportResultOutputID=74a6aa0366d94fc9054ad6742e53b1b5 DependenciesID=f95701cf6914c02a4fd608029c95bb40 StaticDependenciesID=b9b624c5edc24d8662be001f5475fe3d 
Number of updated asset objects reloaded before import = 0
Number of asset objects unloaded after import = 0
========================================================================
Received Import Request.
  Time of request: 2026-10-09T14:11:43.759834Z
  Time since last request: 0.000549876 seconds.
  importAddress: GUID: c3aa5c3d59b94854e843f10b75b3ad63 - Path: Packages/com.unity.test-framework/UnityEngine.TestRunner/NUnitExtensions/IAsyncTestAssemblyBuilder.cs - Importer: ScriptedImporter/UnityEditor.QuickSearchModule:UnityEditor.Search:ASIAI0B
Importing 'GUID: c3aa5c3d59b94854e843f10b75b3ad63 - Path: Packages/com.unity.test-framework/UnityEngine.TestRunner/NUnitExtensions/IAsyncTestAssemblyBuilder.cs - Importer: ScriptedImporter/UnityEditor.QuickSearchModule:UnityEditor.Search:ASIAI0B' with importer (ScriptedImporter : UnityEditor.QuickSearchModule:UnityEditor.Search:ASIAI0B)
Imported 'GUID: c3aa5c3d59b94854e843f10b75b3ad63' -> (Import Result ID: '11c9c75605246e906f916498bcc9f90e') in 0.002 seconds [static and dynamic dependencies]. Details - ImportResultOutputID=dd7008c05f12a1b9bff73f4887fc6838 DependenciesID=8708f1d776b79a0fd4fd0457f10ddc1a StaticDependenciesID=f27ca3ec483cc9d22436258edaf85827 
Number of updated asset objects reloaded before import = 0
Number of asset objects unloaded after import = 0
========================================================================
Received Import Request.
  Time of request: 2026-10-09T14:11:43.771197Z
  Time since last request: 0.00049315 seconds.
  importAddress: GUID: 73deb9b8722aa284eab27c4dc90956c6 - Path: Packages/com.unity.test-framework/UnityEngine.TestRunner/TestRunner/TestListenerWrapper.cs - Importer: ScriptedImporter/UnityEditor.QuickSearchModule:UnityEditor.Search:ASIAI0B
Importing 'GUID: 73deb9b8722aa284eab27c4dc90956c6 - Path: Packages/com.unity.test-framework/UnityEngine.TestRunner/TestRunner/TestListenerWrapper.cs - Importer: ScriptedImporter/UnityEditor.QuickSearchModule:UnityEditor.Search:ASIAI0B' with importer (ScriptedImporter : UnityEditor.QuickSearchModule:UnityEditor.Search:ASIAI0B)
Imported 'GUID: 73deb9b8722aa284eab27c4dc90956c6' -> (Import Result ID: '838058174a0389fadcbbb69e3b6fae2e') in 0.002 seconds [static and dynamic dependencies]. Details - ImportResultOutputID=ff5439bd08867159cb6597c202b8dadc DependenciesID=4aa01628d4d2231f4950b6e1aa000429 StaticDependenciesID=a7671f5a814b2d4e4c709ba76a0e7c1c 
Number of updated asset objects reloaded before import = 0
Number of asset objects unloaded after import = 0
========================================================================
Received Import Request.
  Time of request: 2026-10-09T14:11:43.782601Z
  Time since last request: 0.000221653 seconds.
  importAddress: GUID: 38d0b8a87b967304da08a2ae9b955066 - Path: Packages/com.unity.test-framework/UnityEngine.TestRunner/Utils/ITestRunCallback.cs - Importer: ScriptedImporter/UnityEditor.QuickSearchModule:UnityEditor.Search:ASIAI0B
Importing 'GUID: 38d0b8a87b967304da08a2ae9b955066 - Path: Packages/com.unity.test-framework/UnityEngine.TestRunner/Utils/ITestRunCallback.cs - Importer: ScriptedImporter/UnityEditor.QuickSearchModule:UnityEditor.Search:ASIAI0B' with importer (ScriptedImporter : UnityEditor.QuickSearchModule:UnityEditor.Search:ASIAI0B)
Imported 'GUID: 38d0b8a87b967304da08a2ae9b955066' -> (Import Result ID: '450823483f3b72ca16684cf36cc02254') in 0.002 seconds [static and dynamic dependencies]. Details - ImportResultOutputID=48ae77e668cf7114ea8df609dd359352 DependenciesID=80edceacb761b7f9ee71f39b372e7c8a StaticDependenciesID=16ffc7ab05eea7f1a31a33d006670fbf 
Number of updated asset objects reloaded before import = 0
Number of asset objects unloaded after import = 0
========================================================================
Received Import Request.
  Time of request: 2026-10-09T14:11:43.793066Z
  Time since last request: 0.000263962 seconds.
  importAddress: GUID: 319fe8cda376431bb7987d94f916819b - Path: Packages/com.unity.test-framework/UnityEditor.TestRunner/UnityTestProtocol/UtpMessageBuilder.cs - Importer: ScriptedImporter/UnityEditor.QuickSearchModule:UnityEditor.Search:ASIAI0B
Importing 'GUID: 319fe8cda376431bb7987d94f916819b - Path: Packages/com.unity.test-framework/UnityEditor.TestRunner/UnityTestProtocol/UtpMessageBuilder.cs - Importer: ScriptedImporter/UnityEditor.QuickSearchModule:UnityEditor.Search:ASIAI0B' with importer (ScriptedImporter : UnityEditor.QuickSearchModule:UnityEditor.Search:ASIAI0B)
Imported 'GUID: 319fe8cda376431bb7987d94f916819b' -> (Import Result ID: 'df06dc5bb996ef24a365897dbaa029ae') in 0.002 seconds [static and dynamic dependencies]. Details - ImportResultOutputID=a680f27df779246777521dd021a449ad DependenciesID=d98a043ac0412a7912e7611c2fb00249 StaticDependenciesID=e9288374afc86d82bafa9aa59a779634 
Number of updated asset objects reloaded before import = 0
Number of asset objects unloaded after import = 0
========================================================================
Received Import Request.
  Time of request: 2026-10-09T14:11:43.804288Z
  Time since last request: 0.000257731 seconds.
  importAddress: GUID: 102e512f651ee834f951a2516c1ea3b8 - Path: Packages/com.unity.test-framework/UnityEngine.TestRunner/TestRunner/PlaymodeTestsController.cs - Importer: ScriptedImporter/UnityEditor.QuickSearchModule:UnityEditor.Search:ASIAI0B
Importing 'GUID: 102e512f651ee834f951a2516c1ea3b8 - Path: Packages/com.unity.test-framework/UnityEngine.TestRunner/TestRunner/PlaymodeTestsController.cs - Importer: ScriptedImporter/UnityEditor.QuickSearchModule:UnityEditor.Search:ASIAI0B' with importer (ScriptedImporter : UnityEditor.QuickSearchModule:UnityEditor.Search:ASIAI0B)
Imported 'GUID: 102e512f651ee834f951a2516c1ea3b8' -> (Import Result ID: 'f4efa07441138caa2f743f03505e01eb') in 0.002 seconds [static and dynamic dependencies]. Details - ImportResultOutputID=ea5f669a46ceb114c529dee958148ae3 DependenciesID=7af207b8751e3565dba8675eac52c8af StaticDependenciesID=0e62e9ac0b374a2e5b0310ad5f6c0e91 
Number of updated asset objects reloaded before import = 0
Number of asset objects unloaded after import = 0
========================================================================
Received Import Request.
  Time of request: 2026-10-09T14:11:43.815965Z
  Time since last request: 0.000274302 seconds.
  importAddress: GUID: c3a9378562b345c4ac08e605d35c0d93 - Path: Packages/com.unity.test-framework/UnityEngine.TestRunner/UnityTestProtocol/TestState.cs - Importer: ScriptedImporter/UnityEditor.QuickSearchModule:UnityEditor.Search:ASIAI0B
Importing 'GUID: c3a9378562b345c4ac08e605d35c0d93 - Path: Packages/com.unity.test-framework/UnityEngine.TestRunner/UnityTestProtocol/TestState.cs - Importer: ScriptedImporter/UnityEditor.QuickSearchModule:UnityEditor.Search:ASIAI0B' with importer (ScriptedImporter : UnityEditor.QuickSearchModule:UnityEditor.Search:ASIAI0B)
Imported 'GUID: c3a9378562b345c4ac08e605d35c0d93' -> (Import Result ID: 'accd69114f8867242fd7f398286071aa') in 0.002 seconds [static and dynamic dependencies]. Details - ImportResultOutputID=d01562496ce33d4917e9465a00de665f DependenciesID=8690b87304c3a7551f2eb54478732cc6 StaticDependenciesID=2d67e841e5832349a2d8057fb6d9f9a2 
Number of updated asset objects reloaded before import = 0
Number of asset objects unloaded after import = 0
========================================================================
Received Import Request.
  Time of request: 2026-10-09T14:11:43.826394Z
  Time since last request: 0.000576035 seconds.
  importAddress: GUID: 68f09f0f82599b5448579854e622a4c1 - Path: Packages/com.unity.test-framework/UnityEngine.TestRunner/Utils/TestRunCallbackListener.cs - Importer: ScriptedImporter/UnityEditor.QuickSearchModule:UnityEditor.Search:ASIAI0B
Importing 'GUID: 68f09f0f82599b5448579854e622a4c1 - Path: Packages/com.unity.test-framework/UnityEngine.TestRunner/Utils/TestRunCallbackListener.cs - Importer: ScriptedImporter/UnityEditor.QuickSearchModule:UnityEditor.Search:ASIAI0B' with importer (ScriptedImporter : UnityEditor.QuickSearchModule:UnityEditor.Search:ASIAI0B)
Imported 'GUID: 68f09f0f82599b5448579854e622a4c1' -> (Import Result ID: 'd01e83de25535e14d935facc9a92e086') in 0.002 seconds [static and dynamic dependencies]. Details - ImportResultOutputID=bc9140eb00e0e7b1b57a903f3de294b7 DependenciesID=8e7da4ecca64cf53b5658a9e474c4975 StaticDependenciesID=dcbab907a2b4182e6f4b0961eef767e3 
Number of updated asset objects reloaded before import = 0
Number of asset objects unloaded after import = 0
========================================================================
Received Import Request.
  Time of request: 2026-10-09T14:11:43.838683Z
  Time since last request: 0.000206586 seconds.
  importAddress: GUID: d1bd8de22dbd64d6ea3e35a46217cb9b - Path: Packages/com.unity.test-framework/UnityEngine.TestRunner/Utils/TestMode.cs - Importer: ScriptedImporter/UnityEditor.QuickSearchModule:UnityEditor.Search:ASIAI0B
Importing 'GUID: d1bd8de22dbd64d6ea3e35a46217cb9b - Path: Packages/com.unity.test-framework/UnityEngine.TestRunner/Utils/TestMode.cs - Importer: ScriptedImporter/UnityEditor.QuickSearchModule:UnityEditor.Search:ASIAI0B' with importer (ScriptedImporter : UnityEditor.QuickSearchModule:UnityEditor.Search:ASIAI0B)
Imported 'GUID: d1bd8de22dbd64d6ea3e35a46217cb9b' -> (Import Result ID: '580f2b32d8101a03310fac99c800d60a') in 0.002 seconds [static and dynamic dependencies]. Details - ImportResultOutputID=67f42cd155f6d40036b6f502cd0684ac DependenciesID=c76c2d203bfb7519160bfaf20c897e60 StaticDependenciesID=ddbb7478953663289e80d08084188643 
Number of updated asset objects reloaded before import = 0
Number of asset objects unloaded after import = 0
========================================================================
Received Import Request.
  Time of request: 2026-10-09T14:11:43.85556Z
  Time since last request: 0.00051936 seconds.
  importAddress: GUID: 4bd2bc28ff24d5c488844851cb785db0 - Path: Packages/com.unity.test-framework/UnityEngine.TestRunner/Utils/Vector3EqualityComparer.cs - Importer: ScriptedImporter/UnityEditor.QuickSearchModule:UnityEditor.Search:ASIAI0B
Importing 'GUID: 4bd2bc28ff24d5c488844851cb785db0 - Path: Packages/com.unity.test-framework/UnityEngine.TestRunner/Utils/Vector3EqualityComparer.cs - Importer: ScriptedImporter/UnityEditor.QuickSearchModule:UnityEditor.Search:ASIAI0B' with importer (ScriptedImporter : UnityEditor.QuickSearchModule:UnityEditor.Search:ASIAI0B)
Imported 'GUID: 4bd2bc28ff24d5c488844851cb785db0' -> (Import Result ID: '5ddcf683ec1af60ce62eebd25638a315') in 0.002 seconds [static and dynamic dependencies]. Details - ImportResultOutputID=42241772836b537f5cea08c22f81e726 DependenciesID=67a29ae60c365bf2faee1b97f80b9e64 StaticDependenciesID=91455cb8ead7dea462bd4c8cdfecebbf 
Number of updated asset objects reloaded before import = 0
Number of asset objects unloaded after import = 0
========================================================================
Received Import Request.
  Time of request: 2026-10-09T14:11:43.870325Z
  Time since last request: 0.000415516 seconds.
  importAddress: GUID: e440d63dae5d049ca83c823c9f246b17 - Path: Packages/com.unity.test-framework/UnityEngine.TestRunner/Utils/PostBuildCleanupWithTestDataAttribute.cs - Importer: ScriptedImporter/UnityEditor.QuickSearchModule:UnityEditor.Search:ASIAI0B
Importing 'GUID: e440d63dae5d049ca83c823c9f246b17 - Path: Packages/com.unity.test-framework/UnityEngine.TestRunner/Utils/PostBuildCleanupWithTestDataAttribute.cs - Importer: ScriptedImporter/UnityEditor.QuickSearchModule:UnityEditor.Search:ASIAI0B' with importer (ScriptedImporter : UnityEditor.QuickSearchModule:UnityEditor.Search:ASIAI0B)
Imported 'GUID: e440d63dae5d049ca83c823c9f246b17' -> (Import Result ID: '7b1a4191393d82a22c7f306228e6bd8d') in 0.002 seconds [static and dynamic dependencies]. Details - ImportResultOutputID=3d0b3807225728e7c8a6b12669b17901 DependenciesID=162da19dccaaf6836c3e8ef507d21a55 StaticDependenciesID=26731e8752a830bbc886b13afb3ea53f 
Number of updated asset objects reloaded before import = 0
Number of asset objects unloaded after import = 0
========================================================================
Received Import Request.
  Time of request: 2026-10-09T14:11:43.883832Z
  Time since last request: 0.000371534 seconds.
  importAddress: GUID: a8ed4063f2beecd41a234a582202f3c4 - Path: Packages/com.unity.test-framework/UnityEngine.TestRunner/Assertions/UnhandledLogMessageException.cs - Importer: ScriptedImporter/UnityEditor.QuickSearchModule:UnityEditor.Search:ASIAI0B
Importing 'GUID: a8ed4063f2beecd41a234a582202f3c4 - Path: Packages/com.unity.test-framework/UnityEngine.TestRunner/Assertions/UnhandledLogMessageException.cs - Importer: ScriptedImporter/UnityEditor.QuickSearchModule:UnityEditor.Search:ASIAI0B' with importer (ScriptedImporter : UnityEditor.QuickSearchModule:UnityEditor.Search:ASIAI0B)
Imported 'GUID: a8ed4063f2beecd41a234a582202f3c4' -> (Import Result ID: 'c4c96ecb86f439d6857847e097a85f67') in 0.002 seconds [static and dynamic dependencies]. Details - ImportResultOutputID=1bab2f89fdb028d027fb4777b14c710e DependenciesID=ccb37542b90699dd2410b39ccc17e4fb StaticDependenciesID=558d6e1baa08e4766309a5b7607d27f5 
Number of updated asset objects reloaded before import = 0
Number of asset objects unloaded after import = 0
========================================================================
Received Import Request.
  Time of request: 2026-10-09T14:11:43.896842Z
  Time since last request: 0.000388054 seconds.
  importAddress: GUID: 72ae18093c05147e4a680b41d4cd9e6f - Path: Packages/com.unity.test-framework/UnityEngine.TestRunner/Utils/TestData.cs - Importer: ScriptedImporter/UnityEditor.QuickSearchModule:UnityEditor.Search:ASIAI0B
Importing 'GUID: 72ae18093c05147e4a680b41d4cd9e6f - Path: Packages/com.unity.test-framework/UnityEngine.TestRunner/Utils/TestData.cs - Importer: ScriptedImporter/UnityEditor.QuickSearchModule:UnityEditor.Search:ASIAI0B' with importer (ScriptedImporter : UnityEditor.QuickSearchModule:UnityEditor.Search:ASIAI0B)
Imported 'GUID: 72ae18093c05147e4a680b41d4cd9e6f' -> (Import Result ID: 'fef26f97e0c7dfc92175bb6db65acfe8') in 0.002 seconds [static and dynamic dependencies]. Details - ImportResultOutputID=180f752165e008656c44072bc7d7083f DependenciesID=5fcfa13078df50495e98c25ee22017fe StaticDependenciesID=a02a709bd8e0a70ddf467eaba3fd47a7 
Number of updated asset objects reloaded before import = 0
Number of asset objects unloaded after import = 0
========================================================================
Received Import Request.
  Time of request: 2026-10-09T14:11:44.053218Z
  Time since last request: 0.145315906 seconds.
  importAddress: GUID: 24a5f331fec74c9aa9e1e5d74b5a9589 - Path: Packages/com.unity.test-framework/UnityEditor.TestRunner/GUI/Controls/BitUtility.cs - Importer: ScriptedImporter/UnityEditor.QuickSearchModule:UnityEditor.Search:ASIAI0B
Importing 'GUID: 24a5f331fec74c9aa9e1e5d74b5a9589 - Path: Packages/com.unity.test-framework/UnityEditor.TestRunner/GUI/Controls/BitUtility.cs - Importer: ScriptedImporter/UnityEditor.QuickSearchModule:UnityEditor.Search:ASIAI0B' with importer (ScriptedImporter : UnityEditor.QuickSearchModule:UnityEditor.Search:ASIAI0B)
Imported 'GUID: 24a5f331fec74c9aa9e1e5d74b5a9589' -> (Import Result ID: '0a8226c017bdd20325aeed05922f05f9') in 0.002 seconds [static and dynamic dependencies]. Details - ImportResultOutputID=93513356566cac8fd0fed5040a2d7ab2 DependenciesID=0e7bfc700dce2b2ca01503c049d29958 StaticDependenciesID=b2406e46ae70c936b842e1db3aa6165e 
Number of updated asset objects reloaded before import = 0
Number of asset objects unloaded after import = 0
========================================================================
Received Import Request.
  Time of request: 2026-10-09T14:11:44.064706Z
  Time since last request: 0.000497268 seconds.
  importAddress: GUID: e17c88b021c2a4c409b3f15b0d80ac62 - Path: Packages/com.unity.test-framework/UnityEditor.TestRunner/GUI/TestListBuilder/TestTreeViewBuilder.cs - Importer: ScriptedImporter/UnityEditor.QuickSearchModule:UnityEditor.Search:ASIAI0B
Importing 'GUID: e17c88b021c2a4c409b3f15b0d80ac62 - Path: Packages/com.unity.test-framework/UnityEditor.TestRunner/GUI/TestListBuilder/TestTreeViewBuilder.cs - Importer: ScriptedImporter/UnityEditor.QuickSearchModule:UnityEditor.Search:ASIAI0B' with importer (ScriptedImporter : UnityEditor.QuickSearchModule:UnityEditor.Search:ASIAI0B)
Imported 'GUID: e17c88b021c2a4c409b3f15b0d80ac62' -> (Import Result ID: 'f354655765db4de4804837d00dbe320a') in 0.002 seconds [static and dynamic dependencies]. Details - ImportResultOutputID=6ef54ee3f7605a57743f3d216db891e2 DependenciesID=53b3d37909e0c0a4e91862595b462719 StaticDependenciesID=e9fefd8cef01fca9ff4c98dd3c29ee0e 
Number of updated asset objects reloaded before import = 0
Number of asset objects unloaded after import = 0
========================================================================
Received Import Request.
  Time of request: 2026-10-09T14:11:44.074888Z
  Time since last request: 0.000609538 seconds.
  importAddress: GUID: e7f72702c2f04b999739380ef9c0de5f - Path: Packages/com.unity.test-framework/UnityEditor.TestRunner/GUI/TestAssets/ITestScriptAssetsCreator.cs - Importer: ScriptedImporter/UnityEditor.QuickSearchModule:UnityEditor.Search:ASIAI0B
Importing 'GUID: e7f72702c2f04b999739380ef9c0de5f - Path: Packages/com.unity.test-framework/UnityEditor.TestRunner/GUI/TestAssets/ITestScriptAssetsCreator.cs - Importer: ScriptedImporter/UnityEditor.QuickSearchModule:UnityEditor.Search:ASIAI0B' with importer (ScriptedImporter : UnityEditor.QuickSearchModule:UnityEditor.Search:ASIAI0B)
Imported 'GUID: e7f72702c2f04b999739380ef9c0de5f' -> (Import Result ID: 'd59e6711f0dc4b369c159475c1a290d7') in 0.002 seconds [static and dynamic dependencies]. Details - ImportResultOutputID=2896fdff8c764e85323197953c3d3d09 DependenciesID=4007595b2a07ad8002a90eec15a14a7e StaticDependenciesID=fd9cdaa09a47eb8e01e0f9ecdbbb43fd 
Number of updated asset objects reloaded before import = 0
Number of asset objects unloaded after import = 0
========================================================================
Received Import Request.
  Time of request: 2026-10-09T14:11:44.084563Z
  Time since last request: 0.000551058 seconds.
  importAddress: GUID: d31403ec6b334194bdeb4c5ebad64097 - Path: Packages/com.unity.test-framework/UnityEditor.TestRunner/GUI/Controls/FlagEnumContentProvider.cs - Importer: ScriptedImporter/UnityEditor.QuickSearchModule:UnityEditor.Search:ASIAI0B
Importing 'GUID: d31403ec6b334194bdeb4c5ebad64097 - Path: Packages/com.unity.test-framework/UnityEditor.TestRunner/GUI/Controls/FlagEnumContentProvider.cs - Importer: ScriptedImporter/UnityEditor.QuickSearchModule:UnityEditor.Search:ASIAI0B' with importer (ScriptedImporter : UnityEditor.QuickSearchModule:UnityEditor.Search:ASIAI0B)
Imported 'GUID: d31403ec6b334194bdeb4c5ebad64097' -> (Import Result ID: 'ccb8dddffba89bf6ae73f5e795b07b7d') in 0.002 seconds [static and dynamic dependencies]. Details - ImportResultOutputID=6768bed1fd7c3ec3092595dc40286714 DependenciesID=9ae568a25885d201ff3834f3bfb55a66 StaticDependenciesID=1f34a5314e20f568a3e3f3d704211c63 
Number of updated asset objects reloaded before import = 0
Number of asset objects unloaded after import = 0
========================================================================
Received Import Request.
  Time of request: 2026-10-09T14:11:44.094518Z
  Time since last request: 0.000574612 seconds.
  importAddress: GUID: 1bace19a170f47bb8d19645cfc580796 - Path: Packages/com.unity.test-framework/UnityEditor.TestRunner/GUI/TestAssets/TestScriptAssetsCreator.cs - Importer: ScriptedImporter/UnityEditor.QuickSearchModule:UnityEditor.Search:ASIAI0B
Importing 'GUID: 1bace19a170f47bb8d19645cfc580796 - Path: Packages/com.unity.test-framework/UnityEditor.TestRunner/GUI/TestAssets/TestScriptAssetsCreator.cs - Importer: ScriptedImporter/UnityEditor.QuickSearchModule:UnityEditor.Search:ASIAI0B' with importer (ScriptedImporter : UnityEditor.QuickSearchModule:UnityEditor.Search:ASIAI0B)
Imported 'GUID: 1bace19a170f47bb8d19645cfc580796' -> (Import Result ID: 'b85ace9a38e8a60d479a50e00bb48500') in 0.002 seconds [static and dynamic dependencies]. Details - ImportResultOutputID=35d8f6a1e639ee42439bb50315b2bd24 DependenciesID=ff012e20dbc49b49f535ef17f2743db9 StaticDependenciesID=90f6fbe2e7cb41ddb7d4924c68cb7ed8 
Number of updated asset objects reloaded before import = 0
Number of asset objects unloaded after import = 0
========================================================================
Received Import Request.
  Time of request: 2026-10-09T14:11:44.104491Z
  Time since last request: 0.000419934 seconds.
  importAddress: GUID: fb736ed47b6da4b499431bf9c6de5890 - Path: Packages/com.unity.test-framework/UnityEditor.TestRunner/GUI/Controls/MultiValueContentProvider.cs - Importer: ScriptedImporter/UnityEditor.QuickSearchModule:UnityEditor.Search:ASIAI0B
Importing 'GUID: fb736ed47b6da4b499431bf9c6de5890 - Path: Packages/com.unity.test-framework/UnityEditor.TestRunner/GUI/Controls/MultiValueContentProvider.cs - Importer: ScriptedImporter/UnityEditor.QuickSearchModule:UnityEditor.Search:ASIAI0B' with importer (ScriptedImporter : UnityEditor.QuickSearchModule:UnityEditor.Search:ASIAI0B)
Imported 'GUID: fb736ed47b6da4b499431bf9c6de5890' -> (Import Result ID: '0f301839cd608c70672634779500b262') in 0.002 seconds [static and dynamic dependencies]. Details - ImportResultOutputID=ffe5ed3bc2b9ca799e53f5fde1ebe805 DependenciesID=50332bb71153d35f44c9e53a6127b309 StaticDependenciesID=74cde1eb26e93187a72df7f92405c55d 
Number of updated asset objects reloaded before import = 0
Number of asset objects unloaded after import = 0
========================================================================
Received Import Request.
  Time of request: 2026-10-09T14:11:44.114555Z
  Time since last request: 0.000323464 seconds.
  importAddress: GUID: ea6cc55375344f10834cf6fa65197525 - Path: Packages/com.unity.test-framework/UnityEditor.TestRunner/GUI/Controls/FlagEnumUtility.cs - Importer: ScriptedImporter/UnityEditor.QuickSearchModule:UnityEditor.Search:ASIAI0B
Importing 'GUID: ea6cc55375344f10834cf6fa65197525 - Path: Packages/com.unity.test-framework/UnityEditor.TestRunner/GUI/Controls/FlagEnumUtility.cs - Importer: ScriptedImporter/UnityEditor.QuickSearchModule:UnityEditor.Search:ASIAI0B' with importer (ScriptedImporter : UnityEditor.QuickSearchModule:UnityEditor.Search:ASIAI0B)
Imported 'GUID: ea6cc55375344f10834cf6fa65197525' -> (Import Result ID: '949fc579c56ae89291b2a8b3afb50795') in 0.002 seconds [static and dynamic dependencies]. Details - ImportResultOutputID=d10336033a25026f4ddd7535abcdfcaa DependenciesID=d5b409a250aa106fa51387f22adaf025 StaticDependenciesID=6cf95613b7da14d7a3df255c6f1ccec3 
Number of updated asset objects reloaded before import = 0
Number of asset objects unloaded after import = 0
========================================================================
Received Import Request.
  Time of request: 2026-10-09T14:11:44.124749Z
  Time since last request: 0.000440623 seconds.
  importAddress: GUID: 27769e9b00b038d47aefe306a4d20bec - Path: Packages/com.unity.test-framework/UnityEditor.TestRunner/GUI/TestListTreeView/Icons.cs - Importer: ScriptedImporter/UnityEditor.QuickSearchModule:UnityEditor.Search:ASIAI0B
Importing 'GUID: 27769e9b00b038d47aefe306a4d20bec - Path: Packages/com.unity.test-framework/UnityEditor.TestRunner/GUI/TestListTreeView/Icons.cs - Importer: ScriptedImporter/UnityEditor.QuickSearchModule:UnityEditor.Search:ASIAI0B' with importer (ScriptedImporter : UnityEditor.QuickSearchModule:UnityEditor.Search:ASIAI0B)
Imported 'GUID: 27769e9b00b038d47aefe306a4d20bec' -> (Import Result ID: '3f89b7d9132ab20311d6e7f2d8193afe') in 0.002 seconds [static and dynamic dependencies]. Details - ImportResultOutputID=7be7579d31bf8f6d94bc823be2a36712 DependenciesID=b235063b6b9480a5638120b4493dcb00 StaticDependenciesID=20105e11eb6f71af5dc4d315cf251ec9 
Number of updated asset objects reloaded before import = 0
Number of asset objects unloaded after import = 0
========================================================================
Received Import Request.
  Time of request: 2026-10-09T14:11:44.13373Z
  Time since last request: 0.000322031 seconds.
  importAddress: GUID: a85430cc5a4a4279a992be322de12b29 - Path: Packages/com.unity.test-framework/UnityEditor.TestRunner/Api/Analytics/AnalyticsReporter.cs - Importer: ScriptedImporter/UnityEditor.QuickSearchModule:UnityEditor.Search:ASIAI0B
Importing 'GUID: a85430cc5a4a4279a992be322de12b29 - Path: Packages/com.unity.test-framework/UnityEditor.TestRunner/Api/Analytics/AnalyticsReporter.cs - Importer: ScriptedImporter/UnityEditor.QuickSearchModule:UnityEditor.Search:ASIAI0B' with importer (ScriptedImporter : UnityEditor.QuickSearchModule:UnityEditor.Search:ASIAI0B)
Imported 'GUID: a85430cc5a4a4279a992be322de12b29' -> (Import Result ID: '1eeed3fbea770e464a1b9884da88b5ab') in 0.001 seconds [static and dynamic dependencies]. Details - ImportResultOutputID=b668f4656114693b2ba88a9e0bf6d4c0 DependenciesID=87646927ec404ce48a2d3093cbf8633e StaticDependenciesID=9e59e4d91596ffffc4c45dbef021d001 
Number of updated asset objects reloaded before import = 0
Number of asset objects unloaded after import = 0
========================================================================
Received Import Request.
  Time of request: 2026-10-09T14:11:44.154426Z
  Time since last request: 0.011450003 seconds.
  importAddress: GUID: c38ae0585d6a55042a2d678330689685 - Path: Packages/com.unity.test-framework/UnityEditor.TestRunner/TestLaunchers/PlatformSetup/LuminPlatformSetup.cs - Importer: ScriptedImporter/UnityEditor.QuickSearchModule:UnityEditor.Search:ASIAI0B
Importing 'GUID: c38ae0585d6a55042a2d678330689685 - Path: Packages/com.unity.test-framework/UnityEditor.TestRunner/TestLaunchers/PlatformSetup/LuminPlatformSetup.cs - Importer: ScriptedImporter/UnityEditor.QuickSearchModule:UnityEditor.Search:ASIAI0B' with importer (ScriptedImporter : UnityEditor.QuickSearchModule:UnityEditor.Search:ASIAI0B)
Imported 'GUID: c38ae0585d6a55042a2d678330689685' -> (Import Result ID: '4533533e6a9b0f941b55bedf7e475d9d') in 0.002 seconds [static and dynamic dependencies]. Details - ImportResultOutputID=a220cc029bee8907cfad53458dfdd222 DependenciesID=9ca3f4ae1b09d09a3ed232cc73502720 StaticDependenciesID=f5650ff5b7a1752a35f6da602b0b4bdc 
Number of updated asset objects reloaded before import = 0
Number of asset objects unloaded after import = 0
========================================================================
Received Import Request.
  Time of request: 2026-10-09T14:11:44.169089Z
  Time since last request: 0.000211134 seconds.
  importAddress: GUID: b88caca58e05ee74486d86fb404c48e2 - Path: Packages/com.unity.test-framework/UnityEditor.TestRunner/NUnitExtension/Attributes/AssetPipelineIgnore.cs - Importer: ScriptedImporter/UnityEditor.QuickSearchModule:UnityEditor.Search:ASIAI0B
Importing 'GUID: b88caca58e05ee74486d86fb404c48e2 - Path: Packages/com.unity.test-framework/UnityEditor.TestRunner/NUnitExtension/Attributes/AssetPipelineIgnore.cs - Importer: ScriptedImporter/UnityEditor.QuickSearchModule:UnityEditor.Search:ASIAI0B' with importer (ScriptedImporter : UnityEditor.QuickSearchModule:UnityEditor.Search:ASIAI0B)
Imported 'GUID: b88caca58e05ee74486d86fb404c48e2' -> (Import Result ID: '3c82b668c9778e8720fac76960ae6eb9') in 0.002 seconds [static and dynamic dependencies]. Details - ImportResultOutputID=4ddd3629a5d34b7d5b91512a8f4ee1d6 DependenciesID=12ebd5c715b1b885d1fd4736d67163d7 StaticDependenciesID=18b665522edf4af167a5e37a631af96e 
Number of updated asset objects reloaded before import = 0
Number of asset objects unloaded after import = 0
========================================================================
Received Import Request.
  Time of request: 2026-10-09T14:11:44.181858Z
  Time since last request: 0.000170969 seconds.
  importAddress: GUID: fb1abebffd37bd4458c84e15a5d7ab04 - Path: Packages/com.unity.test-framework/UnityEditor.TestRunner/TestRun/Tasks/PerformUndoTask.cs - Importer: ScriptedImporter/UnityEditor.QuickSearchModule:UnityEditor.Search:ASIAI0B
Importing 'GUID: fb1abebffd37bd4458c84e15a5d7ab04 - Path: Packages/com.unity.test-framework/UnityEditor.TestRunner/TestRun/Tasks/PerformUndoTask.cs - Importer: ScriptedImporter/UnityEditor.QuickSearchModule:UnityEditor.Search:ASIAI0B' with importer (ScriptedImporter : UnityEditor.QuickSearchModule:UnityEditor.Search:ASIAI0B)
Imported 'GUID: fb1abebffd37bd4458c84e15a5d7ab04' -> (Import Result ID: '29ddf41f6f003a80086da122001cf913') in 0.001 seconds [static and dynamic dependencies]. Details - ImportResultOutputID=551da5502615effb4ddd1d263069bd89 DependenciesID=6ac8421bb7a7ecfec7c49dd07d98777a StaticDependenciesID=e3a5ff1d276db4f1cfb899cb513d7539 
Number of updated asset objects reloaded before import = 0
Number of asset objects unloaded after import = 0
========================================================================
Received Import Request.
  Time of request: 2026-10-09T14:11:44.19279Z
  Time since last request: 0.000212717 seconds.
  importAddress: GUID: 961642509dec50b44a293d26240140ec - Path: Packages/com.unity.test-framework/UnityEditor.TestRunner/TestLaunchers/PlatformSetup/AndroidPlatformSetup.cs - Importer: ScriptedImporter/UnityEditor.QuickSearchModule:UnityEditor.Search:ASIAI0B
Importing 'GUID: 961642509dec50b44a293d26240140ec - Path: Packages/com.unity.test-framework/UnityEditor.TestRunner/TestLaunchers/PlatformSetup/AndroidPlatformSetup.cs - Importer: ScriptedImporter/UnityEditor.QuickSearchModule:UnityEditor.Search:ASIAI0B' with importer (ScriptedImporter : UnityEditor.QuickSearchModule:UnityEditor.Search:ASIAI0B)
Imported 'GUID: 961642509dec50b44a293d26240140ec' -> (Import Result ID: '47c19675377102c71d35e83bf37f07ca') in 0.003 seconds [static and dynamic dependencies]. Details - ImportResultOutputID=b523a40b862035283db2181e83f87f10 DependenciesID=c8b69bef57f33e1202172f3a07a2632d StaticDependenciesID=05e08fe0ba3cfd8435b0ee121fda9af2 
Number of updated asset objects reloaded before import = 0
Number of asset objects unloaded after import = 0
========================================================================
Received Import Request.
  Time of request: 2026-10-09T14:11:44.203488Z
  Time since last request: 0.000243936 seconds.
  importAddress: GUID: 465c1d388f96ba143b216a9bbef88340 - Path: Packages/com.unity.test-framework/UnityEditor.TestRunner/TestLaunchers/PlatformSetup/GameCorePlatformSetup.cs - Importer: ScriptedImporter/UnityEditor.QuickSearchModule:UnityEditor.Search:ASIAI0B
Importing 'GUID: 465c1d388f96ba143b216a9bbef88340 - Path: Packages/com.unity.test-framework/UnityEditor.TestRunner/TestLaunchers/PlatformSetup/GameCorePlatformSetup.cs - Importer: ScriptedImporter/UnityEditor.QuickSearchModule:UnityEditor.Search:ASIAI0B' with importer (ScriptedImporter : UnityEditor.QuickSearchModule:UnityEditor.Search:ASIAI0B)
Imported 'GUID: 465c1d388f96ba143b216a9bbef88340' -> (Import Result ID: '65241e11499c86460fdee4e44dac4c5e') in 0.001 seconds [static and dynamic dependencies]. Details - ImportResultOutputID=f6148e85118005f0c5f6d3d1ec32f173 DependenciesID=3350c0c78953b8a5283476555bc1168b StaticDependenciesID=ed9af26f82a873a600c76d2d878de50f 
Number of updated asset objects reloaded before import = 0
Number of asset objects unloaded after import = 0
========================================================================
Received Import Request.
  Time of request: 2026-10-09T14:11:44.212638Z
  Time since last request: 0.000215813 seconds.
  importAddress: GUID: f6c189a159d3bde4c964cee562e508ea - Path: Packages/com.unity.test-framework/UnityEditor.TestRunner/TestLaunchers/PlatformSetup/ApplePlatformSetup.cs - Importer: ScriptedImporter/UnityEditor.QuickSearchModule:UnityEditor.Search:ASIAI0B
Importing 'GUID: f6c189a159d3bde4c964cee562e508ea - Path: Packages/com.unity.test-framework/UnityEditor.TestRunner/TestLaunchers/PlatformSetup/ApplePlatformSetup.cs - Importer: ScriptedImporter/UnityEditor.QuickSearchModule:UnityEditor.Search:ASIAI0B' with importer (ScriptedImporter : UnityEditor.QuickSearchModule:UnityEditor.Search:ASIAI0B)
Imported 'GUID: f6c189a159d3bde4c964cee562e508ea' -> (Import Result ID: 'f45b5d161293f22360374ef17dc9829c') in 0.001 seconds [static and dynamic dependencies]. Details - ImportResultOutputID=2083733012b61a2248a97a8305d4864d DependenciesID=2af8e37a0bc1a11962682821e233fffa StaticDependenciesID=0a6664d6aff551e86fc0e508c11923f8 
Number of updated asset objects reloaded before import = 0
Number of asset objects unloaded after import = 0
========================================================================
Received Import Request.
  Time of request: 2026-10-09T14:11:44.221652Z
  Time since last request: 0.000313626 seconds.
  importAddress: GUID: 2c2dfcbbb77359547bcaa7cdabd47ebb - Path: Packages/com.unity.test-framework/UnityEditor.TestRunner/TestLaunchers/Helpers/PostbuildCleanupAttributeFinder.cs - Importer: ScriptedImporter/UnityEditor.QuickSearchModule:UnityEditor.Search:ASIAI0B
Importing 'GUID: 2c2dfcbbb77359547bcaa7cdabd47ebb - Path: Packages/com.unity.test-framework/UnityEditor.TestRunner/TestLaunchers/Helpers/PostbuildCleanupAttributeFinder.cs - Importer: ScriptedImporter/UnityEditor.QuickSearchModule:UnityEditor.Search:ASIAI0B' with importer (ScriptedImporter : UnityEditor.QuickSearchModule:UnityEditor.Search:ASIAI0B)
Imported 'GUID: 2c2dfcbbb77359547bcaa7cdabd47ebb' -> (Import Result ID: 'd1d8f36f79ac7cdf396c3b2b6e770ec4') in 0.002 seconds [static and dynamic dependencies]. Details - ImportResultOutputID=951afff7cf2cc7589a184cf877907fdf DependenciesID=9d077b7ea81405cba483668a4f36f8e6 StaticDependenciesID=0a002db35d7ff94fb1db38cfb4e918c8 
Number of updated asset objects reloaded before import = 0
Number of asset objects unloaded after import = 0
========================================================================
Received Import Request.
  Time of request: 2026-10-09T14:11:44.231236Z
  Time since last request: 0.000369329 seconds.
  importAddress: GUID: 84300802bfca1472f86e2179fa2a8ed7 - Path: Packages/com.unity.test-framework/UnityEditor.TestRunner/TestLaunchers/Helpers/TestFiltering.cs - Importer: ScriptedImporter/UnityEditor.QuickSearchModule:UnityEditor.Search:ASIAI0B
Importing 'GUID: 84300802bfca1472f86e2179fa2a8ed7 - Path: Packages/com.unity.test-framework/UnityEditor.TestRunner/TestLaunchers/Helpers/TestFiltering.cs - Importer: ScriptedImporter/UnityEditor.QuickSearchModule:UnityEditor.Search:ASIAI0B' with importer (ScriptedImporter : UnityEditor.QuickSearchModule:UnityEditor.Search:ASIAI0B)
Imported 'GUID: 84300802bfca1472f86e2179fa2a8ed7' -> (Import Result ID: '6fe9d7bec1deaf555f3713d586bed689') in 0.002 seconds [static and dynamic dependencies]. Details - ImportResultOutputID=e3b3ce430c547ebc20d14ed277b30cde DependenciesID=f65b39f9ffe7cb172ac9ae43a874129e StaticDependenciesID=c7fa15b132511511786d0ee0f10980ac 
Number of updated asset objects reloaded before import = 0
Number of asset objects unloaded after import = 0
========================================================================
Received Import Request.
  Time of request: 2026-10-09T14:11:44.241492Z
  Time since last request: 0.00052536 seconds.
  importAddress: GUID: b4246555189b5ee43b4857220f9fd29b - Path: Packages/com.unity.test-framework/UnityEditor.TestRunner/TestRun/Tasks/EditModeRunTask.cs - Importer: ScriptedImporter/UnityEditor.QuickSearchModule:UnityEditor.Search:ASIAI0B
Importing 'GUID: b4246555189b5ee43b4857220f9fd29b - Path: Packages/com.unity.test-framework/UnityEditor.TestRunner/TestRun/Tasks/EditModeRunTask.cs - Importer: ScriptedImporter/UnityEditor.QuickSearchModule:UnityEditor.Search:ASIAI0B' with importer (ScriptedImporter : UnityEditor.QuickSearchModule:UnityEditor.Search:ASIAI0B)
Imported 'GUID: b4246555189b5ee43b4857220f9fd29b' -> (Import Result ID: '9a8ee814034ce80b465bb6a286bc3046') in 0.002 seconds [static and dynamic dependencies]. Details - ImportResultOutputID=21621fc9b0507905e9f03ff74aa62092 DependenciesID=dd3981f5e47b420c10bba28363b84064 StaticDependenciesID=898101cd5a11b2cedae299c7336b3273 
Number of updated asset objects reloaded before import = 0
Number of asset objects unloaded after import = 0
========================================================================
Received Import Request.
  Time of request: 2026-10-09T14:11:44.251247Z
  Time since last request: 0.00055163 seconds.
  importAddress: GUID: 822fa0a65be2467b95721422157c93f0 - Path: Packages/com.unity.test-framework/UnityEditor.TestRunner/TestRun/Tasks/CleanupTestControllerTask.cs - Importer: ScriptedImporter/UnityEditor.QuickSearchModule:UnityEditor.Search:ASIAI0B
Importing 'GUID: 822fa0a65be2467b95721422157c93f0 - Path: Packages/com.unity.test-framework/UnityEditor.TestRunner/TestRun/Tasks/CleanupTestControllerTask.cs - Importer: ScriptedImporter/UnityEditor.QuickSearchModule:UnityEditor.Search:ASIAI0B' with importer (ScriptedImporter : UnityEditor.QuickSearchModule:UnityEditor.Search:ASIAI0B)
Imported 'GUID: 822fa0a65be2467b95721422157c93f0' -> (Import Result ID: 'a50ce6e87e81ec346909f29fe118c2bf') in 0.002 seconds [static and dynamic dependencies]. Details - ImportResultOutputID=3880b0220902b3182a5d923559326bad DependenciesID=33ec704e5082b3576736ceb5c633de88 StaticDependenciesID=61484eb62746b058e62448155e0008a1 
Number of updated asset objects reloaded before import = 0
Number of asset objects unloaded after import = 0
========================================================================
Received Import Request.
  Time of request: 2026-10-09T14:11:44.264221Z
  Time since last request: 0.000938642 seconds.
  importAddress: GUID: ad7bb166069f8414e9ad26606b305e66 - Path: Packages/com.unity.test-framework/UnityEditor.TestRunner/TestRun/Tasks/FileCleanupVerifierTaskBase.cs - Importer: ScriptedImporter/UnityEditor.QuickSearchModule:UnityEditor.Search:ASIAI0B
Importing 'GUID: ad7bb166069f8414e9ad26606b305e66 - Path: Packages/com.unity.test-framework/UnityEditor.TestRunner/TestRun/Tasks/FileCleanupVerifierTaskBase.cs - Importer: ScriptedImporter/UnityEditor.QuickSearchModule:UnityEditor.Search:ASIAI0B' with importer (ScriptedImporter : UnityEditor.QuickSearchModule:UnityEditor.Search:ASIAI0B)
Imported 'GUID: ad7bb166069f8414e9ad26606b305e66' -> (Import Result ID: 'cdfdeeec50a1e2e3cf82aa4ec012fb80') in 0.002 seconds [static and dynamic dependencies]. Details - ImportResultOutputID=2528af8868fb4ca322c5927a686d3c01 DependenciesID=796852ba01cda0d7bdaaf107916cd4b7 StaticDependenciesID=14a19281fb9c630e796f88bba30f208a 
Number of updated asset objects reloaded before import = 0
Number of asset objects unloaded after import = 0
========================================================================
Received Import Request.
  Time of request: 2026-10-09T14:11:44.274848Z
  Time since last request: 0.000808429 seconds.
  importAddress: GUID: 5d4de3d4682a8d641907cc75e4fb950e - Path: Packages/com.unity.test-framework/UnityEditor.TestRunner/TestLaunchers/Helpers/AttributeFinderBase.cs - Importer: ScriptedImporter/UnityEditor.QuickSearchModule:UnityEditor.Search:ASIAI0B
Importing 'GUID: 5d4de3d4682a8d641907cc75e4fb950e - Path: Packages/com.unity.test-framework/UnityEditor.TestRunner/TestLaunchers/Helpers/AttributeFinderBase.cs - Importer: ScriptedImporter/UnityEditor.QuickSearchModule:UnityEditor.Search:ASIAI0B' with importer (ScriptedImporter : UnityEditor.QuickSearchModule:UnityEditor.Search:ASIAI0B)
Imported 'GUID: 5d4de3d4682a8d641907cc75e4fb950e' -> (Import Result ID: 'ecf620d403f6697e454628b96387511e') in 0.002 seconds [static and dynamic dependencies]. Details - ImportResultOutputID=9a66c5b36777337405090bfe71d3b453 DependenciesID=e68c36ab1c4ba3b1a76ae10b726214a5 StaticDependenciesID=6c9f095e7da228f2e3334b9b36914780 
Number of updated asset objects reloaded before import = 0
Number of asset objects unloaded after import = 0
========================================================================
Received Import Request.
  Time of request: 2026-10-09T14:11:44.285077Z
  Time since last request: 0.000494302 seconds.
  importAddress: GUID: 01aa6c4633a44c2ca43e69d35747cb80 - Path: Packages/com.unity.test-framework/UnityEditor.TestRunner/TestRun/Tasks/SetupConstructDelegatorTask.cs - Importer: ScriptedImporter/UnityEditor.QuickSearchModule:UnityEditor.Search:ASIAI0B
Importing 'GUID: 01aa6c4633a44c2ca43e69d35747cb80 - Path: Packages/com.unity.test-framework/UnityEditor.TestRunner/TestRun/Tasks/SetupConstructDelegatorTask.cs - Importer: ScriptedImporter/UnityEditor.QuickSearchModule:UnityEditor.Search:ASIAI0B' with importer (ScriptedImporter : UnityEditor.QuickSearchModule:UnityEditor.Search:ASIAI0B)
Imported 'GUID: 01aa6c4633a44c2ca43e69d35747cb80' -> (Import Result ID: '341e9692eeaf46f1bbb087c2b090edef') in 0.002 seconds [static and dynamic dependencies]. Details - ImportResultOutputID=7439f1c1842ae37b22587365914f6370 DependenciesID=82e68e2ffa6fa92e50d1000e21d2bd30 StaticDependenciesID=270148d50ea2d152e4d4959f65756a12 
Number of updated asset objects reloaded before import = 0
Number of asset objects unloaded after import = 0
========================================================================
Received Import Request.
  Time of request: 2026-10-09T14:11:44.295108Z
  Time since last request: 0.000554856 seconds.
  importAddress: GUID: 06e624de88cb4a808350b63994eb39ed - Path: Packages/com.unity.test-framework/UnityEditor.TestRunner/TestRun/Data/TaskMode.cs - Importer: ScriptedImporter/UnityEditor.QuickSearchModule:UnityEditor.Search:ASIAI0B
Importing 'GUID: 06e624de88cb4a808350b63994eb39ed - Path: Packages/com.unity.test-framework/UnityEditor.TestRunner/TestRun/Data/TaskMode.cs - Importer: ScriptedImporter/UnityEditor.QuickSearchModule:UnityEditor.Search:ASIAI0B' with importer (ScriptedImporter : UnityEditor.QuickSearchModule:UnityEditor.Search:ASIAI0B)
Imported 'GUID: 06e624de88cb4a808350b63994eb39ed' -> (Import Result ID: '03c26723f54e9232245158961dbc1ca9') in 0.002 seconds [static and dynamic dependencies]. Details - ImportResultOutputID=7bcff6a9aab6c36fa738651b0135b3f4 DependenciesID=91b4b4b9a9fa381a8d10e42f2a04b081 StaticDependenciesID=74bdf03c091536995455eec3bd2a59e5 
Number of updated asset objects reloaded before import = 0
Number of asset objects unloaded after import = 0
========================================================================
Received Import Request.
  Time of request: 2026-10-09T14:11:44.30417Z
  Time since last request: 0.000313566 seconds.
  importAddress: GUID: 13b82b28a28254683a40756c27493b61 - Path: Packages/com.unity.test-framework/UnityEditor.TestRunner/TestLaunchers/Helpers/PostbuildCleanupWithJobDataAttributeFinder.cs - Importer: ScriptedImporter/UnityEditor.QuickSearchModule:UnityEditor.Search:ASIAI0B
Importing 'GUID: 13b82b28a28254683a40756c27493b61 - Path: Packages/com.unity.test-framework/UnityEditor.TestRunner/TestLaunchers/Helpers/PostbuildCleanupWithJobDataAttributeFinder.cs - Importer: ScriptedImporter/UnityEditor.QuickSearchModule:UnityEditor.Search:ASIAI0B' with importer (ScriptedImporter : UnityEditor.QuickSearchModule:UnityEditor.Search:ASIAI0B)
Imported 'GUID: 13b82b28a28254683a40756c27493b61' -> (Import Result ID: '986f93ce0cd8e5fce1563ac8e904af9c') in 0.001 seconds [static and dynamic dependencies]. Details - ImportResultOutputID=6e2733c140a40b97119b3457caf6b181 DependenciesID=a3018ae16b6353c0058a8e5cec081da1 StaticDependenciesID=d2cdf3e27a81708b887779c633ce6132 
Number of updated asset objects reloaded before import = 0
Number of asset objects unloaded after import = 0
========================================================================
Received Import Request.
  Time of request: 2026-10-09T14:11:44.313768Z
  Time since last request: 0.0004393 seconds.
  importAddress: GUID: 2a0bd678385f98e4d8eabdfc07d62b4f - Path: Packages/com.unity.test-framework/UnityEditor.TestRunner/TestLaunchers/Helpers/PlayerLauncherBuildOptions.cs - Importer: ScriptedImporter/UnityEditor.QuickSearchModule:UnityEditor.Search:ASIAI0B
Importing 'GUID: 2a0bd678385f98e4d8eabdfc07d62b4f - Path: Packages/com.unity.test-framework/UnityEditor.TestRunner/TestLaunchers/Helpers/PlayerLauncherBuildOptions.cs - Importer: ScriptedImporter/UnityEditor.QuickSearchModule:UnityEditor.Search:ASIAI0B' with importer (ScriptedImporter : UnityEditor.QuickSearchModule:UnityEditor.Search:ASIAI0B)
Imported 'GUID: 2a0bd678385f98e4d8eabdfc07d62b4f' -> (Import Result ID: 'f1d0e8c26ec97ac1d57b567bc1019e50') in 0.002 seconds [static and dynamic dependencies]. Details - ImportResultOutputID=960f14e617adc2a004549e7845ad5961 DependenciesID=305bc0aad6bbdb878c0ea163dbab38ef StaticDependenciesID=ebbd20659969686aac10e752c89b50e3 
Number of updated asset objects reloaded before import = 0
Number of asset objects unloaded after import = 0
========================================================================
Received Import Request.
  Time of request: 2026-10-09T14:11:44.324957Z
  Time since last request: 0.00029462 seconds.
  importAddress: GUID: a155fee568ce42a4b561ee3a27d88532 - Path: Packages/com.unity.test-framework/UnityEditor.TestRunner/TestRun/Tasks/CleanupConstructDelegatorTask.cs - Importer: ScriptedImporter/UnityEditor.QuickSearchModule:UnityEditor.Search:ASIAI0B
Importing 'GUID: a155fee568ce42a4b561ee3a27d88532 - Path: Packages/com.unity.test-framework/UnityEditor.TestRunner/TestRun/Tasks/CleanupConstructDelegatorTask.cs - Importer: ScriptedImporter/UnityEditor.QuickSearchModule:UnityEditor.Search:ASIAI0B' with importer (ScriptedImporter : UnityEditor.QuickSearchModule:UnityEditor.Search:ASIAI0B)
Imported 'GUID: a155fee568ce42a4b561ee3a27d88532' -> (Import Result ID: 'b4f18552e99d3a6cce061d26e47fab57') in 0.002 seconds [static and dynamic dependencies]. Details - ImportResultOutputID=b20e075a43fb6992b4975dfd787f0f75 DependenciesID=450a0ece404ebab2b586ff2c166de0fc StaticDependenciesID=a1a0d3dd34e2df1e125e281e574bf61f 
Number of updated asset objects reloaded before import = 0
Number of asset objects unloaded after import = 0
========================================================================
Received Import Request.
  Time of request: 2026-10-09T14:11:44.334852Z
  Time since last request: 0.000511645 seconds.
  importAddress: GUID: adf7bea9401c1834380d55601add6cfb - Path: Packages/com.unity.test-framework/UnityEditor.TestRunner/TestLaunchers/PlatformSetup/SwitchPlatformSetup.cs - Importer: ScriptedImporter/UnityEditor.QuickSearchModule:UnityEditor.Search:ASIAI0B
Importing 'GUID: adf7bea9401c1834380d55601add6cfb - Path: Packages/com.unity.test-framework/UnityEditor.TestRunner/TestLaunchers/PlatformSetup/SwitchPlatformSetup.cs - Importer: ScriptedImporter/UnityEditor.QuickSearchModule:UnityEditor.Search:ASIAI0B' with importer (ScriptedImporter : UnityEditor.QuickSearchModule:UnityEditor.Search:ASIAI0B)
Imported 'GUID: adf7bea9401c1834380d55601add6cfb' -> (Import Result ID: 'ac4d288cfdb1754d847ecaffc880859e') in 0.002 seconds [static and dynamic dependencies]. Details - ImportResultOutputID=05230dff9fbfb65583912f6c6b601da1 DependenciesID=fb546e3a196bcf197178252140e0ae31 StaticDependenciesID=fe8a61b9fc851f4e7513da3bb9d138c0 
Number of updated asset objects reloaded before import = 0
Number of asset objects unloaded after import = 0
========================================================================
Received Import Request.
  Time of request: 2026-10-09T14:11:44.344738Z
  Time since last request: 0.000522164 seconds.
  importAddress: GUID: b93fe5bbea454ae438fcec241c5fa85b - Path: Packages/com.unity.test-framework/UnityEditor.TestRunner/TestRun/Tasks/LegacyPlayerRunTask.cs - Importer: ScriptedImporter/UnityEditor.QuickSearchModule:UnityEditor.Search:ASIAI0B
Importing 'GUID: b93fe5bbea454ae438fcec241c5fa85b - Path: Packages/com.unity.test-framework/UnityEditor.TestRunner/TestRun/Tasks/LegacyPlayerRunTask.cs - Importer: ScriptedImporter/UnityEditor.QuickSearchModule:UnityEditor.Search:ASIAI0B' with importer (ScriptedImporter : UnityEditor.QuickSearchModule:UnityEditor.Search:ASIAI0B)
Imported 'GUID: b93fe5bbea454ae438fcec241c5fa85b' -> (Import Result ID: 'dd422c8c7801bc2da753ad3fd8d05b6b') in 0.002 seconds [static and dynamic dependencies]. Details - ImportResultOutputID=74c654c236815b8d1dbb354b4654cfef DependenciesID=aaf944eea054a3a10cbe1837600c16f0 StaticDependenciesID=f9e9a1e9b6315a756538319a745a217a 
Number of updated asset objects reloaded before import = 0
Number of asset objects unloaded after import = 0
========================================================================
Received Import Request.
  Time of request: 2026-10-09T14:11:44.354395Z
  Time since last request: 0.000338431 seconds.
  importAddress: GUID: 0d2e1e2a782748e6acb8565ad040df60 - Path: Packages/com.unity.test-framework/UnityEditor.TestRunner/TestRun/Data/TaskInfo.cs - Importer: ScriptedImporter/UnityEditor.QuickSearchModule:UnityEditor.Search:ASIAI0B
Importing 'GUID: 0d2e1e2a782748e6acb8565ad040df60 - Path: Packages/com.unity.test-framework/UnityEditor.TestRunner/TestRun/Data/TaskInfo.cs - Importer: ScriptedImporter/UnityEditor.QuickSearchModule:UnityEditor.Search:ASIAI0B' with importer (ScriptedImporter : UnityEditor.QuickSearchModule:UnityEditor.Search:ASIAI0B)
Imported 'GUID: 0d2e1e2a782748e6acb8565ad040df60' -> (Import Result ID: '00380562266f19fca157f902e1a06b69') in 0.002 seconds [static and dynamic dependencies]. Details - ImportResultOutputID=9c5c6a678c4b4919eb0798b4fb6d7484 DependenciesID=53c4bb4ed8eecec61ca144bb2e36b078 StaticDependenciesID=0da70dd1ab602ca620cce84db32cfeb5 
Number of updated asset objects reloaded before import = 0
Number of asset objects unloaded after import = 0
========================================================================
Received Import Request.
  Time of request: 2026-10-09T14:11:44.36488Z
  Time since last request: 0.000496116 seconds.
  importAddress: GUID: 92de9780c7bec4f0f89c7c88a2ec15ed - Path: Packages/com.unity.test-framework/UnityEditor.TestRunner/TestRun/Tasks/FilterTestTreeTask.cs - Importer: ScriptedImporter/UnityEditor.QuickSearchModule:UnityEditor.Search:ASIAI0B
Importing 'GUID: 92de9780c7bec4f0f89c7c88a2ec15ed - Path: Packages/com.unity.test-framework/UnityEditor.TestRunner/TestRun/Tasks/FilterTestTreeTask.cs - Importer: ScriptedImporter/UnityEditor.QuickSearchModule:UnityEditor.Search:ASIAI0B' with importer (ScriptedImporter : UnityEditor.QuickSearchModule:UnityEditor.Search:ASIAI0B)
Imported 'GUID: 92de9780c7bec4f0f89c7c88a2ec15ed' -> (Import Result ID: '7cbd2addc424c4f473534c7bf89abb40') in 0.002 seconds [static and dynamic dependencies]. Details - ImportResultOutputID=a8ee92ec633c0a7f24601be45c37aeb9 DependenciesID=f014846bfd6631186ceb07050e0d3fbf StaticDependenciesID=0be3586bc220bcdf1c292277996a16a0 
Number of updated asset objects reloaded before import = 0
Number of asset objects unloaded after import = 0
========================================================================
Received Import Request.
  Time of request: 2026-10-09T14:11:44.453865Z
  Time since last request: 0.079814006 seconds.
  importAddress: GUID: 2a616b371596515498e05300b6598c6a - Path: Packages/com.unity.test-framework/UnityEngine.TestRunner/NUnitExtensions/Attributes/UnityOneTimeTearDownAttribute.cs - Importer: ScriptedImporter/UnityEditor.QuickSearchModule:UnityEditor.Search:ASIAI0B
Importing 'GUID: 2a616b371596515498e05300b6598c6a - Path: Packages/com.unity.test-framework/UnityEngine.TestRunner/NUnitExtensions/Attributes/UnityOneTimeTearDownAttribute.cs - Importer: ScriptedImporter/UnityEditor.QuickSearchModule:UnityEditor.Search:ASIAI0B' with importer (ScriptedImporter : UnityEditor.QuickSearchModule:UnityEditor.Search:ASIAI0B)
Imported 'GUID: 2a616b371596515498e05300b6598c6a' -> (Import Result ID: '5aebdddea7a229dc094b4518a2abe6be') in 0.002 seconds [static and dynamic dependencies]. Details - ImportResultOutputID=ce916b38577d8c9bd910b483379fcc85 DependenciesID=49ac68efa97559c3dc704b14abd94f17 StaticDependenciesID=acd05edb555c4cc00f0a3839c639183b 
Number of updated asset objects reloaded before import = 0
Number of asset objects unloaded after import = 0
========================================================================
Received Import Request.
  Time of request: 2026-10-09T14:11:44.465094Z
  Time since last request: 0.000491357 seconds.
  importAddress: GUID: 750aad009559b814dbc27001341fc1c3 - Path: Packages/com.unity.test-framework/UnityEngine.TestRunner/NUnitExtensions/Attributes/TestEnumerator.cs - Importer: ScriptedImporter/UnityEditor.QuickSearchModule:UnityEditor.Search:ASIAI0B
Importing 'GUID: 750aad009559b814dbc27001341fc1c3 - Path: Packages/com.unity.test-framework/UnityEngine.TestRunner/NUnitExtensions/Attributes/TestEnumerator.cs - Importer: ScriptedImporter/UnityEditor.QuickSearchModule:UnityEditor.Search:ASIAI0B' with importer (ScriptedImporter : UnityEditor.QuickSearchModule:UnityEditor.Search:ASIAI0B)
Imported 'GUID: 750aad009559b814dbc27001341fc1c3' -> (Import Result ID: 'cedb27a56e070b35922352f86af31750') in 0.002 seconds [static and dynamic dependencies]. Details - ImportResultOutputID=445642611ea426ed944c1034f3780ea1 DependenciesID=06474f75876d6079de8f04feb7bad102 StaticDependenciesID=7be1bf3c22cad09e5c193962e27fbdb1 
Number of updated asset objects reloaded before import = 0
Number of asset objects unloaded after import = 0
========================================================================
Received Import Request.
  Time of request: 2026-10-09T14:11:44.477788Z
  Time since last request: 0.000339915 seconds.
  importAddress: GUID: 423fe2ef878fa1140a7e1f7f9e365815 - Path: Packages/com.unity.test-framework/UnityEditor.TestRunner/UnityTestProtocol/Messages/TestFinishedMessage.cs - Importer: ScriptedImporter/UnityEditor.QuickSearchModule:UnityEditor.Search:ASIAI0B
Importing 'GUID: 423fe2ef878fa1140a7e1f7f9e365815 - Path: Packages/com.unity.test-framework/UnityEditor.TestRunner/UnityTestProtocol/Messages/TestFinishedMessage.cs - Importer: ScriptedImporter/UnityEditor.QuickSearchModule:UnityEditor.Search:ASIAI0B' with importer (ScriptedImporter : UnityEditor.QuickSearchModule:UnityEditor.Search:ASIAI0B)
Imported 'GUID: 423fe2ef878fa1140a7e1f7f9e365815' -> (Import Result ID: '30474566c6db1b0b9f0bf07f21f87c43') in 0.002 seconds [static and dynamic dependencies]. Details - ImportResultOutputID=5bd3385a384904b7db742905e3168b58 DependenciesID=62a436c64020fdd391ad9a11e9d6b4ea StaticDependenciesID=b5739470981549a9426d026a5699d45f 
Number of updated asset objects reloaded before import = 0
Number of asset objects unloaded after import = 0
========================================================================
Received Import Request.
  Time of request: 2026-10-09T14:11:44.489566Z
  Time since last request: 0.00059448 seconds.
  importAddress: GUID: cc6401f13df54ba44bfd7cdc93c7d64d - Path: Packages/com.unity.test-framework/UnityEngine.TestRunner/NUnitExtensions/Attributes/UnitySetUpAttribute.cs - Importer: ScriptedImporter/UnityEditor.QuickSearchModule:UnityEditor.Search:ASIAI0B
Importing 'GUID: cc6401f13df54ba44bfd7cdc93c7d64d - Path: Packages/com.unity.test-framework/UnityEngine.TestRunner/NUnitExtensions/Attributes/UnitySetUpAttribute.cs - Importer: ScriptedImporter/UnityEditor.QuickSearchModule:UnityEditor.Search:ASIAI0B' with importer (ScriptedImporter : UnityEditor.QuickSearchModule:UnityEditor.Search:ASIAI0B)
Imported 'GUID: cc6401f13df54ba44bfd7cdc93c7d64d' -> (Import Result ID: '54ca58a8b1ff4f20a332462d0a4a3c99') in 0.002 seconds [static and dynamic dependencies]. Details - ImportResultOutputID=fbc0419b3ae049aa306555e6e8202e93 DependenciesID=0b2352521fce2120d0fdccd149cab4a4 StaticDependenciesID=8a1b186c2777e84459e28d2cfb1a81aa 
Number of updated asset objects reloaded before import = 0
Number of asset objects unloaded after import = 0
========================================================================
Received Import Request.
  Time of request: 2026-10-09T14:11:44.499508Z
  Time since last request: 0.000776219 seconds.
  importAddress: GUID: 9945ffed4692c6044b6d3acf81efd694 - Path: Packages/com.unity.test-framework/UnityEngine.TestRunner/Assertions/LogScope/LogMatch.cs - Importer: ScriptedImporter/UnityEditor.QuickSearchModule:UnityEditor.Search:ASIAI0B
Importing 'GUID: 9945ffed4692c6044b6d3acf81efd694 - Path: Packages/com.unity.test-framework/UnityEngine.TestRunner/Assertions/LogScope/LogMatch.cs - Importer: ScriptedImporter/UnityEditor.QuickSearchModule:UnityEditor.Search:ASIAI0B' with importer (ScriptedImporter : UnityEditor.QuickSearchModule:UnityEditor.Search:ASIAI0B)
Imported 'GUID: 9945ffed4692c6044b6d3acf81efd694' -> (Import Result ID: 'c7a3885864458ed07098f64585e6ff57') in 0.002 seconds [static and dynamic dependencies]. Details - ImportResultOutputID=e8257f722962a0ceaeb6008c16945abb DependenciesID=aa05d0f0c35e22ca7d51e24c855ee9e8 StaticDependenciesID=de3ddb5f0b655cd56a6ed1b9d1f468c9 
Number of updated asset objects reloaded before import = 0
Number of asset objects unloaded after import = 0
========================================================================
Received Import Request.
  Time of request: 2026-10-09T14:11:44.509695Z
  Time since last request: 0.000626669 seconds.
  importAddress: GUID: 82075836be5e0c64bbe84e1f9436682e - Path: Packages/com.unity.test-framework/UnityEditor.TestRunner/TestRunner/Callbacks/WindowResultUpdaterDataHolder.cs - Importer: ScriptedImporter/UnityEditor.QuickSearchModule:UnityEditor.Search:ASIAI0B
Importing 'GUID: 82075836be5e0c64bbe84e1f9436682e - Path: Packages/com.unity.test-framework/UnityEditor.TestRunner/TestRunner/Callbacks/WindowResultUpdaterDataHolder.cs - Importer: ScriptedImporter/UnityEditor.QuickSearchModule:UnityEditor.Search:ASIAI0B' with importer (ScriptedImporter : UnityEditor.QuickSearchModule:UnityEditor.Search:ASIAI0B)
Imported 'GUID: 82075836be5e0c64bbe84e1f9436682e' -> (Import Result ID: 'd21dd48646f8ef88049a87b53b8d445e') in 0.002 seconds [static and dynamic dependencies]. Details - ImportResultOutputID=35d2270b4eb77b3770523258274c7a0d DependenciesID=f59197b7eabee68f240c44728ef11683 StaticDependenciesID=3c0fb44eaf8bd3ebd9165764dfe85c09 
Number of updated asset objects reloaded before import = 0
Number of asset objects unloaded after import = 0
========================================================================
Received Import Request.
  Time of request: 2026-10-09T14:11:44.519795Z
  Time since last request: 0.000781399 seconds.
  importAddress: GUID: f1b6399349763114d9361bc6dfcd025b - Path: Packages/com.unity.test-framework/UnityEditor.TestRunner/TestRunner/Utils/TestListCacheData.cs - Importer: ScriptedImporter/UnityEditor.QuickSearchModule:UnityEditor.Search:ASIAI0B
Importing 'GUID: f1b6399349763114d9361bc6dfcd025b - Path: Packages/com.unity.test-framework/UnityEditor.TestRunner/TestRunner/Utils/TestListCacheData.cs - Importer: ScriptedImporter/UnityEditor.QuickSearchModule:UnityEditor.Search:ASIAI0B' with importer (ScriptedImporter : UnityEditor.QuickSearchModule:UnityEditor.Search:ASIAI0B)
Imported 'GUID: f1b6399349763114d9361bc6dfcd025b' -> (Import Result ID: 'aa634746ef0b58b292f018574a28f67e') in 0.002 seconds [static and dynamic dependencies]. Details - ImportResultOutputID=876bc30fca5503bada56628a844d311a DependenciesID=9a08bf8c45fe9cf722f989e08db7c7b8 StaticDependenciesID=2917e224c9dffc2ed7b605c9e640b410 
Number of updated asset objects reloaded before import = 0
Number of asset objects unloaded after import = 0
========================================================================
Received Import Request.
  Time of request: 2026-10-09T14:11:44.53024Z
  Time since last request: 0.00061093 seconds.
  importAddress: GUID: 3b3dcba2081245eb916aee8fd3459fc8 - Path: Packages/com.unity.test-framework/UnityEditor.TestRunner/UnityTestProtocol/Messages/BuildSettingsMessage.cs - Importer: ScriptedImporter/UnityEditor.QuickSearchModule:UnityEditor.Search:ASIAI0B
Importing 'GUID: 3b3dcba2081245eb916aee8fd3459fc8 - Path: Packages/com.unity.test-framework/UnityEditor.TestRunner/UnityTestProtocol/Messages/BuildSettingsMessage.cs - Importer: ScriptedImporter/UnityEditor.QuickSearchModule:UnityEditor.Search:ASIAI0B' with importer (ScriptedImporter : UnityEditor.QuickSearchModule:UnityEditor.Search:ASIAI0B)
Imported 'GUID: 3b3dcba2081245eb916aee8fd3459fc8' -> (Import Result ID: 'ee9329765ceb28b688a86999a06adf4d') in 0.001 seconds [static and dynamic dependencies]. Details - ImportResultOutputID=278d8dc0edfff97b17d58546bf08afa6 DependenciesID=1323b2bf392c44b4f821264346827b08 StaticDependenciesID=2d3dd3323d43018dcfcef058eda1affc 
Number of updated asset objects reloaded before import = 0
Number of asset objects unloaded after import = 0
========================================================================
Received Import Request.
  Time of request: 2026-10-09T14:11:44.539396Z
  Time since last request: 0.000285092 seconds.
  importAddress: GUID: 6d468ee3657be7a43a2ef2178ec14239 - Path: Packages/com.unity.test-framework/UnityEditor.TestRunner/TestRunner/Callbacks/WindowResultUpdater.cs - Importer: ScriptedImporter/UnityEditor.QuickSearchModule:UnityEditor.Search:ASIAI0B
Importing 'GUID: 6d468ee3657be7a43a2ef2178ec14239 - Path: Packages/com.unity.test-framework/UnityEditor.TestRunner/TestRunner/Callbacks/WindowResultUpdater.cs - Importer: ScriptedImporter/UnityEditor.QuickSearchModule:UnityEditor.Search:ASIAI0B' with importer (ScriptedImporter : UnityEditor.QuickSearchModule:UnityEditor.Search:ASIAI0B)
Imported 'GUID: 6d468ee3657be7a43a2ef2178ec14239' -> (Import Result ID: 'a77792b9bc10897200460a430d84dd91') in 0.002 seconds [static and dynamic dependencies]. Details - ImportResultOutputID=8e4f5a135f9b8b91e27d2b640e4cc18d DependenciesID=c99f4eb305a71ba3dec4a0e9192ade5b StaticDependenciesID=98f60fbd46177e15c53345dda2cc15a9 
Number of updated asset objects reloaded before import = 0
Number of asset objects unloaded after import = 0
========================================================================
Received Import Request.
  Time of request: 2026-10-09T14:11:44.550027Z
  Time since last request: 0.000532564 seconds.
  importAddress: GUID: c9b23632c77de204abfe8bf7168d48c0 - Path: Packages/com.unity.test-framework/UnityEditor.TestRunner/TestRunner/Utils/EditorCompilationInterfaceProxy.cs - Importer: ScriptedImporter/UnityEditor.QuickSearchModule:UnityEditor.Search:ASIAI0B
Importing 'GUID: c9b23632c77de204abfe8bf7168d48c0 - Path: Packages/com.unity.test-framework/UnityEditor.TestRunner/TestRunner/Utils/EditorCompilationInterfaceProxy.cs - Importer: ScriptedImporter/UnityEditor.QuickSearchModule:UnityEditor.Search:ASIAI0B' with importer (ScriptedImporter : UnityEditor.QuickSearchModule:UnityEditor.Search:ASIAI0B)
Imported 'GUID: c9b23632c77de204abfe8bf7168d48c0' -> (Import Result ID: '7c4a3bf750ce7bd791edc4dc9d61aced') in 0.002 seconds [static and dynamic dependencies]. Details - ImportResultOutputID=e5bc0adfe9b67e102e68fa40869ca529 DependenciesID=3444447ee055237d1e2829595b2708f8 StaticDependenciesID=d03d29e7ceff43cb408137942d0aea90 
Number of updated asset objects reloaded before import = 0
Number of asset objects unloaded after import = 0
========================================================================
Received Import Request.
  Time of request: 2026-10-09T14:11:44.561917Z
  Time since last request: 0.000675561 seconds.
  importAddress: GUID: d685d97a1eb004f49afea0cc982ff728 - Path: Packages/com.unity.test-framework/UnityEditor.TestRunner/TestRunner/Utils/TestListCache.cs - Importer: ScriptedImporter/UnityEditor.QuickSearchModule:UnityEditor.Search:ASIAI0B
Importing 'GUID: d685d97a1eb004f49afea0cc982ff728 - Path: Packages/com.unity.test-framework/UnityEditor.TestRunner/TestRunner/Utils/TestListCache.cs - Importer: ScriptedImporter/UnityEditor.QuickSearchModule:UnityEditor.Search:ASIAI0B' with importer (ScriptedImporter : UnityEditor.QuickSearchModule:UnityEditor.Search:ASIAI0B)
Imported 'GUID: d685d97a1eb004f49afea0cc982ff728' -> (Import Result ID: '00b0e13c8106b4782151b0bc7471817c') in 0.002 seconds [static and dynamic dependencies]. Details - ImportResultOutputID=7f17c7ccd4de614c7312037416c980ff DependenciesID=8f09174c9e776ff50602c33ffb214807 StaticDependenciesID=37f24c60b45d44fd0743e3e5413359c9 
Number of updated asset objects reloaded before import = 0
Number of asset objects unloaded after import = 0
========================================================================
Received Import Request.
  Time of request: 2026-10-09T14:11:44.57244Z
  Time since last request: 0.00074511 seconds.
  importAddress: GUID: dec9066d4afefe444be0dad3f137730d - Path: Packages/com.unity.test-framework/UnityEditor.TestRunner/TestRunner/Utils/TestListJob.cs - Importer: ScriptedImporter/UnityEditor.QuickSearchModule:UnityEditor.Search:ASIAI0B
Importing 'GUID: dec9066d4afefe444be0dad3f137730d - Path: Packages/com.unity.test-framework/UnityEditor.TestRunner/TestRunner/Utils/TestListJob.cs - Importer: ScriptedImporter/UnityEditor.QuickSearchModule:UnityEditor.Search:ASIAI0B' with importer (ScriptedImporter : UnityEditor.QuickSearchModule:UnityEditor.Search:ASIAI0B)
Imported 'GUID: dec9066d4afefe444be0dad3f137730d' -> (Import Result ID: 'eeb00e9af1facc8e2217a33e8bbd6b68') in 0.002 seconds [static and dynamic dependencies]. Details - ImportResultOutputID=717548c50816691f68767d1908d8ab78 DependenciesID=5ebbb709e7eec39aa1970d762265f10a StaticDependenciesID=08ebd655059d108d4a47cbb243cf3a4b 
Number of updated asset objects reloaded before import = 0
Number of asset objects unloaded after import = 0
========================================================================
Received Import Request.
  Time of request: 2026-10-09T14:11:44.583128Z
  Time since last request: 0.000529438 seconds.
  importAddress: GUID: f15cbb987069826429540d0ea0937442 - Path: Packages/com.unity.test-framework/UnityEditor.TestRunner/TestRunner/Utils/TestListProvider.cs - Importer: ScriptedImporter/UnityEditor.QuickSearchModule:UnityEditor.Search:ASIAI0B
Importing 'GUID: f15cbb987069826429540d0ea0937442 - Path: Packages/com.unity.test-framework/UnityEditor.TestRunner/TestRunner/Utils/TestListProvider.cs - Importer: ScriptedImporter/UnityEditor.QuickSearchModule:UnityEditor.Search:ASIAI0B' with importer (ScriptedImporter : UnityEditor.QuickSearchModule:UnityEditor.Search:ASIAI0B)
Imported 'GUID: f15cbb987069826429540d0ea0937442' -> (Import Result ID: 'f690d165888a13869636df800ca27aa5') in 0.002 seconds [static and dynamic dependencies]. Details - ImportResultOutputID=8575334be2e069c140ef63a3f3bd964e DependenciesID=84ed445a9a71dd40c6f2ac9784e844ba StaticDependenciesID=a1baeb3ff805a1d29859c2575103db95 
Number of updated asset objects reloaded before import = 0
Number of asset objects unloaded after import = 0
========================================================================
Received Import Request.
  Time of request: 2026-10-09T14:11:44.59338Z
  Time since last request: 0.000680871 seconds.
  importAddress: GUID: efce3ac61ba34d3590656de761a677e3 - Path: Packages/com.unity.test-framework/UnityEditor.TestRunner/UnityTestProtocol/Data/QualitySettings.cs - Importer: ScriptedImporter/UnityEditor.QuickSearchModule:UnityEditor.Search:ASIAI0B
Importing 'GUID: efce3ac61ba34d3590656de761a677e3 - Path: Packages/com.unity.test-framework/UnityEditor.TestRunner/UnityTestProtocol/Data/QualitySettings.cs - Importer: ScriptedImporter/UnityEditor.QuickSearchModule:UnityEditor.Search:ASIAI0B' with importer (ScriptedImporter : UnityEditor.QuickSearchModule:UnityEditor.Search:ASIAI0B)
Imported 'GUID: efce3ac61ba34d3590656de761a677e3' -> (Import Result ID: '770156ee07a7afe11e1de34c7975f982') in 0.002 seconds [static and dynamic dependencies]. Details - ImportResultOutputID=f57393e3503a664d736685249b991141 DependenciesID=e298b163e8a238cfb82582786d1615d6 StaticDependenciesID=59dd51e85697ee3d5d8af805eaba1410 
Number of updated asset objects reloaded before import = 0
Number of asset objects unloaded after import = 0
========================================================================
Received Import Request.
  Time of request: 2026-10-09T14:11:44.603403Z
  Time since last request: 0.000657157 seconds.
  importAddress: GUID: 6de2f178a24cd2e48a0816cacd9a0583 - Path: Packages/com.unity.test-framework/UnityEngine.TestRunner/NUnitExtensions/Commands/EnumerableRetryTestCommand.cs - Importer: ScriptedImporter/UnityEditor.QuickSearchModule:UnityEditor.Search:ASIAI0B
Importing 'GUID: 6de2f178a24cd2e48a0816cacd9a0583 - Path: Packages/com.unity.test-framework/UnityEngine.TestRunner/NUnitExtensions/Commands/EnumerableRetryTestCommand.cs - Importer: ScriptedImporter/UnityEditor.QuickSearchModule:UnityEditor.Search:ASIAI0B' with importer (ScriptedImporter : UnityEditor.QuickSearchModule:UnityEditor.Search:ASIAI0B)
Imported 'GUID: 6de2f178a24cd2e48a0816cacd9a0583' -> (Import Result ID: '72ef5a5d83602ab26d065f8b68bea99d') in 0.002 seconds [static and dynamic dependencies]. Details - ImportResultOutputID=91f9bc5aef95e3fd72f2f285d55b62ba DependenciesID=22d8b2a9491e9261f20c406769458017 StaticDependenciesID=c93bec72693988473ae53f401f44f831 
Number of updated asset objects reloaded before import = 0
Number of asset objects unloaded after import = 0
========================================================================
Received Import Request.
  Time of request: 2026-10-09T14:11:44.61335Z
  Time since last request: 0.00070717 seconds.
  importAddress: GUID: 64f0c7c73db2d32469a5208a3cff96de - Path: Packages/com.unity.test-framework/UnityEngine.TestRunner/NUnitExtensions/Attributes/UnityOneTimeSetUpAttribute.cs - Importer: ScriptedImporter/UnityEditor.QuickSearchModule:UnityEditor.Search:ASIAI0B
Importing 'GUID: 64f0c7c73db2d32469a5208a3cff96de - Path: Packages/com.unity.test-framework/UnityEngine.TestRunner/NUnitExtensions/Attributes/UnityOneTimeSetUpAttribute.cs - Importer: ScriptedImporter/UnityEditor.QuickSearchModule:UnityEditor.Search:ASIAI0B' with importer (ScriptedImporter : UnityEditor.QuickSearchModule:UnityEditor.Search:ASIAI0B)
Imported 'GUID: 64f0c7c73db2d32469a5208a3cff96de' -> (Import Result ID: '8eed18aa883bf57dfd170ad3467e41c5') in 0.002 seconds [static and dynamic dependencies]. Details - ImportResultOutputID=0225e862647803ea06db81b3624bf1dc DependenciesID=122e13be33573fc607ac9439e3b4fd3b StaticDependenciesID=b2c39af83d4c2abd2ca69ec313804598 
Number of updated asset objects reloaded before import = 0
Number of asset objects unloaded after import = 0
========================================================================
Received Import Request.
  Time of request: 2026-10-09T14:11:44.623522Z
  Time since last request: 0.000637861 seconds.
  importAddress: GUID: 58a43a62ecbe444d963930822e17d4cd - Path: Packages/com.unity.test-framework/UnityEditor.TestRunner/UnityTestProtocol/Data/ScreenSettings.cs - Importer: ScriptedImporter/UnityEditor.QuickSearchModule:UnityEditor.Search:ASIAI0B
Importing 'GUID: 58a43a62ecbe444d963930822e17d4cd - Path: Packages/com.unity.test-framework/UnityEditor.TestRunner/UnityTestProtocol/Data/ScreenSettings.cs - Importer: ScriptedImporter/UnityEditor.QuickSearchModule:UnityEditor.Search:ASIAI0B' with importer (ScriptedImporter : UnityEditor.QuickSearchModule:UnityEditor.Search:ASIAI0B)
Imported 'GUID: 58a43a62ecbe444d963930822e17d4cd' -> (Import Result ID: '34ab7b15f674740e80cc8aa972eb442e') in 0.004 seconds [static and dynamic dependencies]. Details - ImportResultOutputID=8c53c8a738129d4e715e15c1c55a86cb DependenciesID=a6e91eb32141dde93cdae21d53ce1055 StaticDependenciesID=b7eb1ec0756a5dfff6ce5fe17373eecc 
Number of updated asset objects reloaded before import = 0
Number of asset objects unloaded after import = 0
========================================================================
Received Import Request.
  Time of request: 2026-10-09T14:11:44.635328Z
  Time since last request: 0.000284531 seconds.
  importAddress: GUID: 0c56471f08a0f6846afc792f0b4205b9 - Path: Packages/com.unity.test-framework/UnityEngine.TestRunner/Assertions/LogScope/LogEvent.cs - Importer: ScriptedImporter/UnityEditor.QuickSearchModule:UnityEditor.Search:ASIAI0B
Importing 'GUID: 0c56471f08a0f6846afc792f0b4205b9 - Path: Packages/com.unity.test-framework/UnityEngine.TestRunner/Assertions/LogScope/LogEvent.cs - Importer: ScriptedImporter/UnityEditor.QuickSearchModule:UnityEditor.Search:ASIAI0B' with importer (ScriptedImporter : UnityEditor.QuickSearchModule:UnityEditor.Search:ASIAI0B)
Imported 'GUID: 0c56471f08a0f6846afc792f0b4205b9' -> (Import Result ID: '3f5008fdfb0d6d047bd25267f869930d') in 0.002 seconds [static and dynamic dependencies]. Details - ImportResultOutputID=794bf464a0e67e617b7db82bcfac3558 DependenciesID=d4eab0c6535bd19efb47c253009acc94 StaticDependenciesID=f52a326db5f3252510810605c6f72179 
Number of updated asset objects reloaded before import = 0
Number of asset objects unloaded after import = 0
========================================================================
Received Import Request.
  Time of request: 2026-10-09T14:11:44.645126Z
  Time since last request: 0.000258643 seconds.
  importAddress: GUID: 936b6288befc460409cfdff3ac92fc95 - Path: Packages/com.unity.test-framework/UnityEditor.TestRunner/TestRunner/Utils/IEditorLoadedTestAssemblyProvider.cs - Importer: ScriptedImporter/UnityEditor.QuickSearchModule:UnityEditor.Search:ASIAI0B
Importing 'GUID: 936b6288befc460409cfdff3ac92fc95 - Path: Packages/com.unity.test-framework/UnityEditor.TestRunner/TestRunner/Utils/IEditorLoadedTestAssemblyProvider.cs - Importer: ScriptedImporter/UnityEditor.QuickSearchModule:UnityEditor.Search:ASIAI0B' with importer (ScriptedImporter : UnityEditor.QuickSearchModule:UnityEditor.Search:ASIAI0B)
Imported 'GUID: 936b6288befc460409cfdff3ac92fc95' -> (Import Result ID: 'c23e88081258a15d506c3ac361cb9b8d') in 0.002 seconds [static and dynamic dependencies]. Details - ImportResultOutputID=dd739b8b52b824a03e87d32d3c9778ce DependenciesID=3488c3e612a946c0bacadadac06d4f01 StaticDependenciesID=7d71ed5df4ed66b898306002c818f5ad 
Number of updated asset objects reloaded before import = 0
Number of asset objects unloaded after import = 0
========================================================================
Received Import Request.
  Time of request: 2026-10-09T14:11:44.656062Z
  Time since last request: 0.000298837 seconds.
  importAddress: GUID: cbbca1d8a0434be4bbc7f165523763ac - Path: Packages/com.unity.test-framework/UnityEngine.TestRunner/NUnitExtensions/Commands/BeforeAfterTestCommandBase.cs - Importer: ScriptedImporter/UnityEditor.QuickSearchModule:UnityEditor.Search:ASIAI0B
Importing 'GUID: cbbca1d8a0434be4bbc7f165523763ac - Path: Packages/com.unity.test-framework/UnityEngine.TestRunner/NUnitExtensions/Commands/BeforeAfterTestCommandBase.cs - Importer: ScriptedImporter/UnityEditor.QuickSearchModule:UnityEditor.Search:ASIAI0B' with importer (ScriptedImporter : UnityEditor.QuickSearchModule:UnityEditor.Search:ASIAI0B)
Imported 'GUID: cbbca1d8a0434be4bbc7f165523763ac' -> (Import Result ID: '6121007677ceccaca721ca1995ff69f2') in 0.002 seconds [static and dynamic dependencies]. Details - ImportResultOutputID=492c8491a41d9d3d8f77795f395c7452 DependenciesID=09bba49ba185a4b58da6d5c002199650 StaticDependenciesID=056d5dce28f6060dbf7ea3832fb293de 
Number of updated asset objects reloaded before import = 0
Number of asset objects unloaded after import = 0
========================================================================
Received Import Request.
  Time of request: 2026-10-09T14:11:44.666134Z
  Time since last request: 0.000347218 seconds.
  importAddress: GUID: fedb0f9e5006b1943abae52f52f08a1a - Path: Packages/com.unity.test-framework/UnityEngine.TestRunner/NUnitExtensions/Attributes/UnityTestAttribute.cs - Importer: ScriptedImporter/UnityEditor.QuickSearchModule:UnityEditor.Search:ASIAI0B
Importing 'GUID: fedb0f9e5006b1943abae52f52f08a1a - Path: Packages/com.unity.test-framework/UnityEngine.TestRunner/NUnitExtensions/Attributes/UnityTestAttribute.cs - Importer: ScriptedImporter/UnityEditor.QuickSearchModule:UnityEditor.Search:ASIAI0B' with importer (ScriptedImporter : UnityEditor.QuickSearchModule:UnityEditor.Search:ASIAI0B)
Imported 'GUID: fedb0f9e5006b1943abae52f52f08a1a' -> (Import Result ID: '4b3a85b913d4582a4f98643a2bb1529c') in 0.002 seconds [static and dynamic dependencies]. Details - ImportResultOutputID=97831258e9ccd27a8b22ec4b49924d25 DependenciesID=a5fd3ae4e0de2fca0a47a7ae4d6ab15d StaticDependenciesID=dcc13fb7a3e18ad0c369293188ae5208 
Number of updated asset objects reloaded before import = 0
Number of asset objects unloaded after import = 0
========================================================================
Received Import Request.
  Time of request: 2026-10-09T14:11:44.676889Z
  Time since last request: 0.000691841 seconds.
  importAddress: GUID: 5440c1153b397e14c9c7b1d6eb83b9f9 - Path: Packages/com.unity.test-framework/UnityEngine.TestRunner/NUnitExtensions/Attributes/UnityPlatformAttribute.cs - Importer: ScriptedImporter/UnityEditor.QuickSearchModule:UnityEditor.Search:ASIAI0B
Importing 'GUID: 5440c1153b397e14c9c7b1d6eb83b9f9 - Path: Packages/com.unity.test-framework/UnityEngine.TestRunner/NUnitExtensions/Attributes/UnityPlatformAttribute.cs - Importer: ScriptedImporter/UnityEditor.QuickSearchModule:UnityEditor.Search:ASIAI0B' with importer (ScriptedImporter : UnityEditor.QuickSearchModule:UnityEditor.Search:ASIAI0B)
Imported 'GUID: 5440c1153b397e14c9c7b1d6eb83b9f9' -> (Import Result ID: 'ca582bbd3bc6199e4f6d5606d44d5217') in 0.001 seconds [static and dynamic dependencies]. Details - ImportResultOutputID=329d81e8eb911050c4c56647b72570ac DependenciesID=bdb44f20f54e87b07c6de16e84ccf715 StaticDependenciesID=68a9b5bfbadd1b03b9c1ebf996aa042d 
Number of updated asset objects reloaded before import = 0
Number of asset objects unloaded after import = 0
========================================================================
Received Import Request.
  Time of request: 2026-10-09T14:11:44.751973Z
  Time since last request: 0.06624682 seconds.
  importAddress: GUID: f3a361a6ad1aff14ba8f48976e94ad76 - Path: Packages/com.unity.test-framework/UnityEngine.TestRunner/Utils/AssemblyProvider/ScriptingRuntimeProxy.cs - Importer: ScriptedImporter/UnityEditor.QuickSearchModule:UnityEditor.Search:ASIAI0B
Importing 'GUID: f3a361a6ad1aff14ba8f48976e94ad76 - Path: Packages/com.unity.test-framework/UnityEngine.TestRunner/Utils/AssemblyProvider/ScriptingRuntimeProxy.cs - Importer: ScriptedImporter/UnityEditor.QuickSearchModule:UnityEditor.Search:ASIAI0B' with importer (ScriptedImporter : UnityEditor.QuickSearchModule:UnityEditor.Search:ASIAI0B)
Imported 'GUID: f3a361a6ad1aff14ba8f48976e94ad76' -> (Import Result ID: '67fb860d3b6f4bae3b362778182c426c') in 0.002 seconds [static and dynamic dependencies]. Details - ImportResultOutputID=8a004e1f9fb2e050e0845be026a6aeab DependenciesID=631341ae076192f93301005ff4cdc560 StaticDependenciesID=04d46227cb14dfc5a91c6b85c9cdb165 
Number of updated asset objects reloaded before import = 0
Number of asset objects unloaded after import = 0
========================================================================
Received Import Request.
  Time of request: 2026-10-09T14:11:44.764725Z
  Time since last request: 0.000779676 seconds.
  importAddress: GUID: d2ca9278c9dd49df877d622d0f657ecf - Path: Packages/com.unity.test-framework/UnityEngine.TestRunner/NUnitExtensions/Commands/UnityTestMethodCommand.cs - Importer: ScriptedImporter/UnityEditor.QuickSearchModule:UnityEditor.Search:ASIAI0B
Importing 'GUID: d2ca9278c9dd49df877d622d0f657ecf - Path: Packages/com.unity.test-framework/UnityEngine.TestRunner/NUnitExtensions/Commands/UnityTestMethodCommand.cs - Importer: ScriptedImporter/UnityEditor.QuickSearchModule:UnityEditor.Search:ASIAI0B' with importer (ScriptedImporter : UnityEditor.QuickSearchModule:UnityEditor.Search:ASIAI0B)
Imported 'GUID: d2ca9278c9dd49df877d622d0f657ecf' -> (Import Result ID: '517064e21cbd673d64a11d11c032860a') in 0.002 seconds [static and dynamic dependencies]. Details - ImportResultOutputID=7ca7b4531cd7fee697eada50ea87fcbf DependenciesID=912edca2bfb1dcd1f3650163a48065b8 StaticDependenciesID=fcc5851428962070275b604e3fea9238 
Number of updated asset objects reloaded before import = 0
Number of asset objects unloaded after import = 0
========================================================================
Received Import Request.
  Time of request: 2026-10-09T14:11:44.77963Z
  Time since last request: 0.000255357 seconds.
  importAddress: GUID: 79ced2556f0af814a840b86232613ff1 - Path: Packages/com.unity.test-framework/UnityEngine.TestRunner/NUnitExtensions/Runner/UnityWorkItem.cs - Importer: ScriptedImporter/UnityEditor.QuickSearchModule:UnityEditor.Search:ASIAI0B
Importing 'GUID: 79ced2556f0af814a840b86232613ff1 - Path: Packages/com.unity.test-framework/UnityEngine.TestRunner/NUnitExtensions/Runner/UnityWorkItem.cs - Importer: ScriptedImporter/UnityEditor.QuickSearchModule:UnityEditor.Search:ASIAI0B' with importer (ScriptedImporter : UnityEditor.QuickSearchModule:UnityEditor.Search:ASIAI0B)
Imported 'GUID: 79ced2556f0af814a840b86232613ff1' -> (Import Result ID: '6b9d0f15e2e79492d15aadc54f75992c') in 0.002 seconds [static and dynamic dependencies]. Details - ImportResultOutputID=12033d5debf6ca6044ad8502bda351be DependenciesID=99f555cc5b8dbae833e4f2eba315f179 StaticDependenciesID=f54a487496eddea2891c04719a28d6c4 
Number of updated asset objects reloaded before import = 0
Number of asset objects unloaded after import = 0
========================================================================
Received Import Request.
  Time of request: 2026-10-09T14:11:44.790915Z
  Time since last request: 0.001176095 seconds.
  importAddress: GUID: 41d60936b62cc6d4ca7fe628b22b0e40 - Path: Packages/com.unity.test-framework/UnityEngine.TestRunner/TestRunner/RemoteHelpers/PlayerConnectionMessageIds.cs - Importer: ScriptedImporter/UnityEditor.QuickSearchModule:UnityEditor.Search:ASIAI0B
Importing 'GUID: 41d60936b62cc6d4ca7fe628b22b0e40 - Path: Packages/com.unity.test-framework/UnityEngine.TestRunner/TestRunner/RemoteHelpers/PlayerConnectionMessageIds.cs - Importer: ScriptedImporter/UnityEditor.QuickSearchModule:UnityEditor.Search:ASIAI0B' with importer (ScriptedImporter : UnityEditor.QuickSearchModule:UnityEditor.Search:ASIAI0B)
Imported 'GUID: 41d60936b62cc6d4ca7fe628b22b0e40' -> (Import Result ID: 'e3e6d25a7d366fbf4bf5c33c4b3e3aea') in 0.002 seconds [static and dynamic dependencies]. Details - ImportResultOutputID=02e23a328c46d3e852c084f5a77b846b DependenciesID=c67ec246f2100898587efbf38555fa70 StaticDependenciesID=c7e8a7f364845a827f43ea575116d6dd 
Number of updated asset objects reloaded before import = 0
Number of asset objects unloaded after import = 0
========================================================================
Received Import Request.
  Time of request: 2026-10-09T14:11:44.800962Z
  Time since last request: 0.000836331 seconds.
  importAddress: GUID: ebeedaa04bb53e24ba2e7fb6745e3fd3 - Path: Packages/com.unity.test-framework/UnityEngine.TestRunner/NUnitExtensions/Filters/CategoryFilterExtended.cs - Importer: ScriptedImporter/UnityEditor.QuickSearchModule:UnityEditor.Search:ASIAI0B
Importing 'GUID: ebeedaa04bb53e24ba2e7fb6745e3fd3 - Path: Packages/com.unity.test-framework/UnityEngine.TestRunner/NUnitExtensions/Filters/CategoryFilterExtended.cs - Importer: ScriptedImporter/UnityEditor.QuickSearchModule:UnityEditor.Search:ASIAI0B' with importer (ScriptedImporter : UnityEditor.QuickSearchModule:UnityEditor.Search:ASIAI0B)
Imported 'GUID: ebeedaa04bb53e24ba2e7fb6745e3fd3' -> (Import Result ID: 'c963c3a6a217132fe5079ed7523bae5f') in 0.002 seconds [static and dynamic dependencies]. Details - ImportResultOutputID=ca5fc7671d2c4aeeeac472ee93063212 DependenciesID=defdd44372f9de77fbf50b37e8d91e44 StaticDependenciesID=1797b8be295a422d522046765fa0dd98 
Number of updated asset objects reloaded before import = 0
Number of asset objects unloaded after import = 0
========================================================================
Received Import Request.
  Time of request: 2026-10-09T14:11:44.81067Z
  Time since last request: 0.00047686 seconds.
  importAddress: GUID: e0db3f3921670cd4ca2e925737c3fba4 - Path: Packages/com.unity.test-framework/UnityEngine.TestRunner/NUnitExtensions/Commands/SetUpTearDownCommand.cs - Importer: ScriptedImporter/UnityEditor.QuickSearchModule:UnityEditor.Search:ASIAI0B
Importing 'GUID: e0db3f3921670cd4ca2e925737c3fba4 - Path: Packages/com.unity.test-framework/UnityEngine.TestRunner/NUnitExtensions/Commands/SetUpTearDownCommand.cs - Importer: ScriptedImporter/UnityEditor.QuickSearchModule:UnityEditor.Search:ASIAI0B' with importer (ScriptedImporter : UnityEditor.QuickSearchModule:UnityEditor.Search:ASIAI0B)
Imported 'GUID: e0db3f3921670cd4ca2e925737c3fba4' -> (Import Result ID: 'e5c39f12768d650b596665a4cbc583e3') in 0.002 seconds [static and dynamic dependencies]. Details - ImportResultOutputID=758172f7045ff1233abcd3e7a4be90fa DependenciesID=61a7ce195a162747c4923d0e3a04ea90 StaticDependenciesID=0b15dd397f92bc04e8d39db552b35e99 
Number of updated asset objects reloaded before import = 0
Number of asset objects unloaded after import = 0
========================================================================
Received Import Request.
  Time of request: 2026-10-09T14:11:44.8209Z
  Time since last request: 0.000416187 seconds.
  importAddress: GUID: 5ebb87899ca30b743bb4274bc00c02b4 - Path: Packages/com.unity.test-framework/UnityEngine.TestRunner/TestRunner/Callbacks/TestResultRenderer.cs - Importer: ScriptedImporter/UnityEditor.QuickSearchModule:UnityEditor.Search:ASIAI0B
Importing 'GUID: 5ebb87899ca30b743bb4274bc00c02b4 - Path: Packages/com.unity.test-framework/UnityEngine.TestRunner/TestRunner/Callbacks/TestResultRenderer.cs - Importer: ScriptedImporter/UnityEditor.QuickSearchModule:UnityEditor.Search:ASIAI0B' with importer (ScriptedImporter : UnityEditor.QuickSearchModule:UnityEditor.Search:ASIAI0B)
Imported 'GUID: 5ebb87899ca30b743bb4274bc00c02b4' -> (Import Result ID: 'f4a22cae3aae488fcae18de0de4f633b') in 0.002 seconds [static and dynamic dependencies]. Details - ImportResultOutputID=91cb9732ee6428ce3527c3cab2a978f1 DependenciesID=6fce26d43992405a707f5b756ed8d121 StaticDependenciesID=0161df3d76cf012ae910433bee0377f3 
Number of updated asset objects reloaded before import = 0
Number of asset objects unloaded after import = 0
========================================================================
Received Import Request.
  Time of request: 2026-10-09T14:11:44.831021Z
  Time since last request: 0.000368478 seconds.
  importAddress: GUID: 48230e4e90fb4d14a9d56bddea898413 - Path: Packages/com.unity.test-framework/UnityEngine.TestRunner/NUnitExtensions/Runner/UnityLogCheckDelegatingCommand.cs - Importer: ScriptedImporter/UnityEditor.QuickSearchModule:UnityEditor.Search:ASIAI0B
Importing 'GUID: 48230e4e90fb4d14a9d56bddea898413 - Path: Packages/com.unity.test-framework/UnityEngine.TestRunner/NUnitExtensions/Runner/UnityLogCheckDelegatingCommand.cs - Importer: ScriptedImporter/UnityEditor.QuickSearchModule:UnityEditor.Search:ASIAI0B' with importer (ScriptedImporter : UnityEditor.QuickSearchModule:UnityEditor.Search:ASIAI0B)
Imported 'GUID: 48230e4e90fb4d14a9d56bddea898413' -> (Import Result ID: '08174b2cb66170fea1cbd9ff2c0d8107') in 0.002 seconds [static and dynamic dependencies]. Details - ImportResultOutputID=1cb4d260c6951c4977d041171f2f01f7 DependenciesID=418398246430062e0f6bd922d532d47a StaticDependenciesID=7cede50efa3b68bbfae67c0036108e83 
Number of updated asset objects reloaded before import = 0
Number of asset objects unloaded after import = 0
========================================================================
Received Import Request.
  Time of request: 2026-10-09T14:11:44.840967Z
  Time since last request: 0.000340485 seconds.
  importAddress: GUID: 7d2d4145ec6c42dabb2d7af8e58224db - Path: Packages/com.unity.test-framework/UnityEngine.TestRunner/NUnitExtensions/Commands/TimeoutCommand.cs - Importer: ScriptedImporter/UnityEditor.QuickSearchModule:UnityEditor.Search:ASIAI0B
Importing 'GUID: 7d2d4145ec6c42dabb2d7af8e58224db - Path: Packages/com.unity.test-framework/UnityEngine.TestRunner/NUnitExtensions/Commands/TimeoutCommand.cs - Importer: ScriptedImporter/UnityEditor.QuickSearchModule:UnityEditor.Search:ASIAI0B' with importer (ScriptedImporter : UnityEditor.QuickSearchModule:UnityEditor.Search:ASIAI0B)
Imported 'GUID: 7d2d4145ec6c42dabb2d7af8e58224db' -> (Import Result ID: 'c1e7d477cb64f122a4b807899b28ee5d') in 0.002 seconds [static and dynamic dependencies]. Details - ImportResultOutputID=885c9298517dbbce3a41847257973783 DependenciesID=e694eedf97d32a3d07b6a588451f6df3 StaticDependenciesID=81e30e6bb42fd888efac2eeb3ef7a497 
Number of updated asset objects reloaded before import = 0
Number of asset objects unloaded after import = 0
========================================================================
Received Import Request.
  Time of request: 2026-10-09T14:11:44.851706Z
  Time since last request: 0.000397271 seconds.
  importAddress: GUID: 8349e42a2b30c7a4abd8678c203428ba - Path: Packages/com.unity.test-framework/UnityEngine.TestRunner/NUnitExtensions/Commands/ImmediateEnumerableCommand.cs - Importer: ScriptedImporter/UnityEditor.QuickSearchModule:UnityEditor.Search:ASIAI0B
Importing 'GUID: 8349e42a2b30c7a4abd8678c203428ba - Path: Packages/com.unity.test-framework/UnityEngine.TestRunner/NUnitExtensions/Commands/ImmediateEnumerableCommand.cs - Importer: ScriptedImporter/UnityEditor.QuickSearchModule:UnityEditor.Search:ASIAI0B' with importer (ScriptedImporter : UnityEditor.QuickSearchModule:UnityEditor.Search:ASIAI0B)
Imported 'GUID: 8349e42a2b30c7a4abd8678c203428ba' -> (Import Result ID: '179a9f085c8eb14539d74725bf3f543c') in 0.002 seconds [static and dynamic dependencies]. Details - ImportResultOutputID=38d5425996dcb561f6ec4f300331893e DependenciesID=d9a2d64b77237df478f49da0cfe09364 StaticDependenciesID=279a90378cbda995e750e5ed382cb1fe 
Number of updated asset objects reloaded before import = 0
Number of asset objects unloaded after import = 0
========================================================================
Received Import Request.
  Time of request: 2026-10-09T14:11:44.862201Z
  Time since last request: 0.000340405 seconds.
  importAddress: GUID: f40df9c8cf926b241b093a37028d8815 - Path: Packages/com.unity.test-framework/UnityEngine.TestRunner/NUnitExtensions/Runner/TestCommandBuilder.cs - Importer: ScriptedImporter/UnityEditor.QuickSearchModule:UnityEditor.Search:ASIAI0B
Importing 'GUID: f40df9c8cf926b241b093a37028d8815 - Path: Packages/com.unity.test-framework/UnityEngine.TestRunner/NUnitExtensions/Runner/TestCommandBuilder.cs - Importer: ScriptedImporter/UnityEditor.QuickSearchModule:UnityEditor.Search:ASIAI0B' with importer (ScriptedImporter : UnityEditor.QuickSearchModule:UnityEditor.Search:ASIAI0B)
Imported 'GUID: f40df9c8cf926b241b093a37028d8815' -> (Import Result ID: '00bd03fc79e7617257040aee8c1dee0f') in 0.002 seconds [static and dynamic dependencies]. Details - ImportResultOutputID=1512af3e074cd51686289a35e6f99032 DependenciesID=8e92354001a261dcca16612ec32dc261 StaticDependenciesID=2b930c53df68e74969125ea6a36b7e74 
Number of updated asset objects reloaded before import = 0
Number of asset objects unloaded after import = 0
========================================================================
Received Import Request.
  Time of request: 2026-10-09T14:11:44.872174Z
  Time since last request: 0.000282477 seconds.
  importAddress: GUID: b557515fff172984e8c4400b43f1c631 - Path: Packages/com.unity.test-framework/UnityEngine.TestRunner/NUnitExtensions/Runner/CoroutineTestWorkItem.cs - Importer: ScriptedImporter/UnityEditor.QuickSearchModule:UnityEditor.Search:ASIAI0B
Importing 'GUID: b557515fff172984e8c4400b43f1c631 - Path: Packages/com.unity.test-framework/UnityEngine.TestRunner/NUnitExtensions/Runner/CoroutineTestWorkItem.cs - Importer: ScriptedImporter/UnityEditor.QuickSearchModule:UnityEditor.Search:ASIAI0B' with importer (ScriptedImporter : UnityEditor.QuickSearchModule:UnityEditor.Search:ASIAI0B)
Imported 'GUID: b557515fff172984e8c4400b43f1c631' -> (Import Result ID: 'fb21abc01dacedd10ade401382e8a0d1') in 0.002 seconds [static and dynamic dependencies]. Details - ImportResultOutputID=5f952a4192cfb4f3ccb809f55172f7b3 DependenciesID=6ccb7905b4df82c0f339998b0a0f91b7 StaticDependenciesID=b6d36f12d892565c3087049d9f04dd7c 
Number of updated asset objects reloaded before import = 0
Number of asset objects unloaded after import = 0
========================================================================
Received Import Request.
  Time of request: 2026-10-09T14:11:44.88225Z
  Time since last request: 0.000366023 seconds.
  importAddress: GUID: 7ef6801a8b664544aa9f2ab1bc1f8b60 - Path: Packages/com.unity.test-framework/UnityEngine.TestRunner/NUnitExtensions/Runner/PlaymodeWorkItemFactory.cs - Importer: ScriptedImporter/UnityEditor.QuickSearchModule:UnityEditor.Search:ASIAI0B
Importing 'GUID: 7ef6801a8b664544aa9f2ab1bc1f8b60 - Path: Packages/com.unity.test-framework/UnityEngine.TestRunner/NUnitExtensions/Runner/PlaymodeWorkItemFactory.cs - Importer: ScriptedImporter/UnityEditor.QuickSearchModule:UnityEditor.Search:ASIAI0B' with importer (ScriptedImporter : UnityEditor.QuickSearchModule:UnityEditor.Search:ASIAI0B)
Imported 'GUID: 7ef6801a8b664544aa9f2ab1bc1f8b60' -> (Import Result ID: 'b637d389ac0506767631ff02a9ecbb98') in 0.001 seconds [static and dynamic dependencies]. Details - ImportResultOutputID=ef095d946fbc727bba6efb3d77e1e61a DependenciesID=3d30e073bb8bc3cab25b5540729c1198 StaticDependenciesID=d5cb2151a9abc241d1a2dc3eddaf1f48 
Number of updated asset objects reloaded before import = 0
Number of asset objects unloaded after import = 0
========================================================================
Received Import Request.
  Time of request: 2026-10-09T14:11:44.892304Z
  Time since last request: 0.000497489 seconds.
  importAddress: GUID: 3cf5cb9e1ef590c48b1f919f2a7bd895 - Path: Packages/com.unity.test-framework/UnityEngine.TestRunner/TestRunner/Callbacks/PlayModeRunnerCallback.cs - Importer: ScriptedImporter/UnityEditor.QuickSearchModule:UnityEditor.Search:ASIAI0B
Importing 'GUID: 3cf5cb9e1ef590c48b1f919f2a7bd895 - Path: Packages/com.unity.test-framework/UnityEngine.TestRunner/TestRunner/Callbacks/PlayModeRunnerCallback.cs - Importer: ScriptedImporter/UnityEditor.QuickSearchModule:UnityEditor.Search:ASIAI0B' with importer (ScriptedImporter : UnityEditor.QuickSearchModule:UnityEditor.Search:ASIAI0B)
Imported 'GUID: 3cf5cb9e1ef590c48b1f919f2a7bd895' -> (Import Result ID: 'fcaf52279214e31d203305b82c3ec42a') in 0.002 seconds [static and dynamic dependencies]. Details - ImportResultOutputID=451a91ba47b6be0afbfef677fa271a29 DependenciesID=23c15853b915da83fa5cedfa16446462 StaticDependenciesID=cd77976ac6054ca2409bb13dc427508f 
Number of updated asset objects reloaded before import = 0
Number of asset objects unloaded after import = 0
========================================================================
Received Import Request.
  Time of request: 2026-10-09T14:11:44.902761Z
  Time since last request: 0.00042328 seconds.
  importAddress: GUID: 5b3e90046c38f1d4dad2e0d5a79e871c - Path: Packages/com.unity.test-framework/UnityEngine.TestRunner/NUnitExtensions/Runner/UnityWorkItemDataHolder.cs - Importer: ScriptedImporter/UnityEditor.QuickSearchModule:UnityEditor.Search:ASIAI0B
Importing 'GUID: 5b3e90046c38f1d4dad2e0d5a79e871c - Path: Packages/com.unity.test-framework/UnityEngine.TestRunner/NUnitExtensions/Runner/UnityWorkItemDataHolder.cs - Importer: ScriptedImporter/UnityEditor.QuickSearchModule:UnityEditor.Search:ASIAI0B' with importer (ScriptedImporter : UnityEditor.QuickSearchModule:UnityEditor.Search:ASIAI0B)
Imported 'GUID: 5b3e90046c38f1d4dad2e0d5a79e871c' -> (Import Result ID: 'e289a813dc5e055fadf8de7e5ec3efda') in 0.002 seconds [static and dynamic dependencies]. Details - ImportResultOutputID=ac4d60d173b5d009b129b5df203bdb1e DependenciesID=97ac12617808b77f85b7ebcf7c977d1d StaticDependenciesID=c9f096df6bd457106d2b920236d4938c 
Number of updated asset objects reloaded before import = 0
Number of asset objects unloaded after import = 0
========================================================================
Received Import Request.
  Time of request: 2026-10-09T14:11:44.913436Z
  Time since last request: 0.000389837 seconds.
  importAddress: GUID: 19a6f000f81e24c4a826c1abd43e77c7 - Path: Packages/com.unity.test-framework/UnityEngine.TestRunner/NUnitExtensions/Commands/EnumerableTestMethodCommand.cs - Importer: ScriptedImporter/UnityEditor.QuickSearchModule:UnityEditor.Search:ASIAI0B
Importing 'GUID: 19a6f000f81e24c4a826c1abd43e77c7 - Path: Packages/com.unity.test-framework/UnityEngine.TestRunner/NUnitExtensions/Commands/EnumerableTestMethodCommand.cs - Importer: ScriptedImporter/UnityEditor.QuickSearchModule:UnityEditor.Search:ASIAI0B' with importer (ScriptedImporter : UnityEditor.QuickSearchModule:UnityEditor.Search:ASIAI0B)
Imported 'GUID: 19a6f000f81e24c4a826c1abd43e77c7' -> (Import Result ID: '442ed053fe1be4ff816b870ddc8f07ed') in 0.001 seconds [static and dynamic dependencies]. Details - ImportResultOutputID=6af1855246a85e56bba618739b1b17b7 DependenciesID=db00b149238ce44f6ebab3288e1917d5 StaticDependenciesID=627c9bf9788badd579acda7a0613bfe1 
Number of updated asset objects reloaded before import = 0
Number of asset objects unloaded after import = 0
========================================================================
Received Import Request.
  Time of request: 2026-10-09T14:11:44.923761Z
  Time since last request: 0.000561368 seconds.
  importAddress: GUID: a002d3737b873954395b7cf862873ab8 - Path: Packages/com.unity.test-framework/UnityEngine.TestRunner/Utils/MonoBehaviourTest/IMonoBehaviourTest.cs - Importer: ScriptedImporter/UnityEditor.QuickSearchModule:UnityEditor.Search:ASIAI0B
Importing 'GUID: a002d3737b873954395b7cf862873ab8 - Path: Packages/com.unity.test-framework/UnityEngine.TestRunner/Utils/MonoBehaviourTest/IMonoBehaviourTest.cs - Importer: ScriptedImporter/UnityEditor.QuickSearchModule:UnityEditor.Search:ASIAI0B' with importer (ScriptedImporter : UnityEditor.QuickSearchModule:UnityEditor.Search:ASIAI0B)
Imported 'GUID: a002d3737b873954395b7cf862873ab8' -> (Import Result ID: '088744cb8521b8eade0f55e36671bd5f') in 0.001 seconds [static and dynamic dependencies]. Details - ImportResultOutputID=786e124fa7eac78ae350cdfd56513d8c DependenciesID=a04b456d97db1bf7ffa41ad2995f7bf2 StaticDependenciesID=7e19fc1a390b6d8dc1ea54fba1cd1052 
Number of updated asset objects reloaded before import = 0
Number of asset objects unloaded after import = 0
========================================================================
Received Import Request.
  Time of request: 2026-10-09T14:11:44.932629Z
  Time since last request: 0.000325017 seconds.
  importAddress: GUID: d9b3520efe42f4ee887f8b99b7e1deae - Path: Packages/com.unity.test-framework/UnityEditor.TestRunner/TestRun/Tasks/Events/RegisterTestRunCallbackEventsTask.cs - Importer: ScriptedImporter/UnityEditor.QuickSearchModule:UnityEditor.Search:ASIAI0B
Importing 'GUID: d9b3520efe42f4ee887f8b99b7e1deae - Path: Packages/com.unity.test-framework/UnityEditor.TestRunner/TestRun/Tasks/Events/RegisterTestRunCallbackEventsTask.cs - Importer: ScriptedImporter/UnityEditor.QuickSearchModule:UnityEditor.Search:ASIAI0B' with importer (ScriptedImporter : UnityEditor.QuickSearchModule:UnityEditor.Search:ASIAI0B)
Imported 'GUID: d9b3520efe42f4ee887f8b99b7e1deae' -> (Import Result ID: '7264697147f3ab3b17027e2cc19c0ad0') in 0.002 seconds [static and dynamic dependencies]. Details - ImportResultOutputID=522b774fe064f3d84bf1c87244dc387f DependenciesID=eb96745f9067dde9770d9f767d03234f StaticDependenciesID=1967f203fd437532293db1841af13cd6 
Number of updated asset objects reloaded before import = 0
Number of asset objects unloaded after import = 0
========================================================================
Received Import Request.
  Time of request: 2026-10-09T14:11:44.942093Z
  Time since last request: 0.000474055 seconds.
  importAddress: GUID: cc294d4e597b4ba5acf52ad834cce210 - Path: Packages/com.unity.test-framework/UnityEngine.TestRunner/NUnitExtensions/Commands/StrictCheckCommand.cs - Importer: ScriptedImporter/UnityEditor.QuickSearchModule:UnityEditor.Search:ASIAI0B
Importing 'GUID: cc294d4e597b4ba5acf52ad834cce210 - Path: Packages/com.unity.test-framework/UnityEngine.TestRunner/NUnitExtensions/Commands/StrictCheckCommand.cs - Importer: ScriptedImporter/UnityEditor.QuickSearchModule:UnityEditor.Search:ASIAI0B' with importer (ScriptedImporter : UnityEditor.QuickSearchModule:UnityEditor.Search:ASIAI0B)
Imported 'GUID: cc294d4e597b4ba5acf52ad834cce210' -> (Import Result ID: 'ffb799996cb3fd802b88860f8ed793fe') in 0.002 seconds [static and dynamic dependencies]. Details - ImportResultOutputID=ea0cae04e9b8462a7488ce00cc8c6afa DependenciesID=947080c2f62d502567ef503cc2153951 StaticDependenciesID=516a42e4eb9b50f857964b546f634783 
Number of updated asset objects reloaded before import = 0
Number of asset objects unloaded after import = 0
========================================================================
Received Import Request.
  Time of request: 2026-10-09T14:11:44.951721Z
  Time since last request: 0.000397121 seconds.
  importAddress: GUID: 356852e4738840b4b1ab533d3a66f0e1 - Path: Packages/com.unity.test-framework/UnityEngine.TestRunner/NUnitExtensions/Commands/EnumerableTestState.cs - Importer: ScriptedImporter/UnityEditor.QuickSearchModule:UnityEditor.Search:ASIAI0B
Importing 'GUID: 356852e4738840b4b1ab533d3a66f0e1 - Path: Packages/com.unity.test-framework/UnityEngine.TestRunner/NUnitExtensions/Commands/EnumerableTestState.cs - Importer: ScriptedImporter/UnityEditor.QuickSearchModule:UnityEditor.Search:ASIAI0B' with importer (ScriptedImporter : UnityEditor.QuickSearchModule:UnityEditor.Search:ASIAI0B)
Imported 'GUID: 356852e4738840b4b1ab533d3a66f0e1' -> (Import Result ID: 'b8e4bb67849ca7984406b9a298e3dd8a') in 0.002 seconds [static and dynamic dependencies]. Details - ImportResultOutputID=ca117f03c3d3a11a4efc54530bb7e752 DependenciesID=e29ac02697896c46e4a9364ddc48c692 StaticDependenciesID=f6acb28ab29eefe617a331521bf15e0c 
Number of updated asset objects reloaded before import = 0
Number of asset objects unloaded after import = 0
========================================================================
Received Import Request.
  Time of request: 2026-10-09T14:11:44.962415Z
  Time since last request: 0.000547422 seconds.
  importAddress: GUID: 74987b94d22047d8b286a727906b7019 - Path: Packages/com.unity.test-framework/UnityEngine.TestRunner/NUnitExtensions/Commands/ParametrizedIgnoreCommand.cs - Importer: ScriptedImporter/UnityEditor.QuickSearchModule:UnityEditor.Search:ASIAI0B
Importing 'GUID: 74987b94d22047d8b286a727906b7019 - Path: Packages/com.unity.test-framework/UnityEngine.TestRunner/NUnitExtensions/Commands/ParametrizedIgnoreCommand.cs - Importer: ScriptedImporter/UnityEditor.QuickSearchModule:UnityEditor.Search:ASIAI0B' with importer (ScriptedImporter : UnityEditor.QuickSearchModule:UnityEditor.Search:ASIAI0B)
Imported 'GUID: 74987b94d22047d8b286a727906b7019' -> (Import Result ID: 'bfe2e8a6edaa8360fec6389b59b2ab61') in 0.002 seconds [static and dynamic dependencies]. Details - ImportResultOutputID=535a9aae5d2753e1a83a6084dfd67666 DependenciesID=6b95309cc4151a016923e023ac8d0425 StaticDependenciesID=ce51284a6962105976eca4a3e2064011 
Number of updated asset objects reloaded before import = 0
Number of asset objects unloaded after import = 0
========================================================================
Received Import Request.
  Time of request: 2026-10-09T14:11:44.973272Z
  Time since last request: 0.000435402 seconds.
  importAddress: GUID: b97961a82e5e4e66b8f6fa0ce8b5b9e2 - Path: Packages/com.unity.test-framework/UnityEngine.TestRunner/NUnitExtensions/Runner/FeatureFlags.cs - Importer: ScriptedImporter/UnityEditor.QuickSearchModule:UnityEditor.Search:ASIAI0B
Importing 'GUID: b97961a82e5e4e66b8f6fa0ce8b5b9e2 - Path: Packages/com.unity.test-framework/UnityEngine.TestRunner/NUnitExtensions/Runner/FeatureFlags.cs - Importer: ScriptedImporter/UnityEditor.QuickSearchModule:UnityEditor.Search:ASIAI0B' with importer (ScriptedImporter : UnityEditor.QuickSearchModule:UnityEditor.Search:ASIAI0B)
Imported 'GUID: b97961a82e5e4e66b8f6fa0ce8b5b9e2' -> (Import Result ID: '81ea8748770238523980dad285cc6bd0') in 0.002 seconds [static and dynamic dependencies]. Details - ImportResultOutputID=9dcac774bc86305838c1b92986ef2123 DependenciesID=93f69bd3e556fb6cc17ab3ced7d9cd31 StaticDependenciesID=57ba9c59543ee7448815c32c34c06052 
Number of updated asset objects reloaded before import = 0
Number of asset objects unloaded after import = 0
========================================================================
Received Import Request.
  Time of request: 2026-10-09T14:11:45.051771Z
  Time since last request: 0.069329625 seconds.
  importAddress: GUID: 8e2f4b3c9d7a4e64f85a1c2b3d4e5f6a - Path: Packages/com.unity.inputsystem/InputSystem/Editor/InputSystemEditorInitializer.cs - Importer: ScriptedImporter/UnityEditor.QuickSearchModule:UnityEditor.Search:ASIAI0B
Importing 'GUID: 8e2f4b3c9d7a4e64f85a1c2b3d4e5f6a - Path: Packages/com.unity.inputsystem/InputSystem/Editor/InputSystemEditorInitializer.cs - Importer: ScriptedImporter/UnityEditor.QuickSearchModule:UnityEditor.Search:ASIAI0B' with importer (ScriptedImporter : UnityEditor.QuickSearchModule:UnityEditor.Search:ASIAI0B)
Imported 'GUID: 8e2f4b3c9d7a4e64f85a1c2b3d4e5f6a' -> (Import Result ID: '111541d9c10ff1b33a9fdf49f4d4508f') in 0.002 seconds [static and dynamic dependencies]. Details - ImportResultOutputID=f088232a976dfdfafcc376b0c17c283e DependenciesID=3cdbb47063541c54b8574ed85bb39eac StaticDependenciesID=0f8e54301e47b951d5738c64cb7dc81b 
Number of updated asset objects reloaded before import = 0
Number of asset objects unloaded after import = 0
========================================================================
Received Import Request.
  Time of request: 2026-10-09T14:11:45.064828Z
  Time since last request: 0.000632341 seconds.
  importAddress: GUID: 3bbc200178984676a2dcb977a2fe3bae - Path: Packages/com.unity.inputsystem/DocCodeSamples.Tests/GamepadHapticsExample.cs - Importer: ScriptedImporter/UnityEditor.QuickSearchModule:UnityEditor.Search:ASIAI0B
Importing 'GUID: 3bbc200178984676a2dcb977a2fe3bae - Path: Packages/com.unity.inputsystem/DocCodeSamples.Tests/GamepadHapticsExample.cs - Importer: ScriptedImporter/UnityEditor.QuickSearchModule:UnityEditor.Search:ASIAI0B' with importer (ScriptedImporter : UnityEditor.QuickSearchModule:UnityEditor.Search:ASIAI0B)
Imported 'GUID: 3bbc200178984676a2dcb977a2fe3bae' -> (Import Result ID: 'd60924123130d33faa619e2b29db9815') in 0.002 seconds [static and dynamic dependencies]. Details - ImportResultOutputID=4f5bdb60c5b284bfb3315f2a05920313 DependenciesID=ed205b3490aaaa56fc9dddb63ffdb2fd StaticDependenciesID=d73a90e1ccd0e6b856988f8702d4f496 
Number of updated asset objects reloaded before import = 0
Number of asset objects unloaded after import = 0
========================================================================
Received Import Request.
  Time of request: 2026-10-09T14:11:45.0778Z
  Time since last request: 0.000402041 seconds.
  importAddress: GUID: 222fc39b0c85d800342910da2cd64781 - Path: Packages/com.unity.modules.assetbundle/package.ModuleCompilationTrigger - Importer: ScriptedImporter/UnityEditor.QuickSearchModule:UnityEditor.Search:ASIAI0B
Importing 'GUID: 222fc39b0c85d800342910da2cd64781 - Path: Packages/com.unity.modules.assetbundle/package.ModuleCompilationTrigger - Importer: ScriptedImporter/UnityEditor.QuickSearchModule:UnityEditor.Search:ASIAI0B' with importer (ScriptedImporter : UnityEditor.QuickSearchModule:UnityEditor.Search:ASIAI0B)
Imported 'GUID: 222fc39b0c85d800342910da2cd64781' -> (Import Result ID: '28eef7b6aa44cae3c996927e50af3014') in 0.002 seconds [static and dynamic dependencies]. Details - ImportResultOutputID=0b9dc3d5280a2fa78bf27613e3109c46 DependenciesID=64f413c7c30d17e45cf2388d6ccbb817 StaticDependenciesID=a13454118ed145dfd66fb2aadcf7d1d0 
Number of updated asset objects reloaded before import = 0
Number of asset objects unloaded after import = 1
========================================================================
Received Import Request.
  Time of request: 2026-10-09T14:11:45.088166Z
  Time since last request: 0.000882949 seconds.
  importAddress: GUID: 7182f63b24b00b44bbc83a3491c911e8 - Path: Packages/com.unity.inputsystem/InputSystem/Editor/EditorInputControlLayoutCache.cs - Importer: ScriptedImporter/UnityEditor.QuickSearchModule:UnityEditor.Search:ASIAI0B
Importing 'GUID: 7182f63b24b00b44bbc83a3491c911e8 - Path: Packages/com.unity.inputsystem/InputSystem/Editor/EditorInputControlLayoutCache.cs - Importer: ScriptedImporter/UnityEditor.QuickSearchModule:UnityEditor.Search:ASIAI0B' with importer (ScriptedImporter : UnityEditor.QuickSearchModule:UnityEditor.Search:ASIAI0B)
Imported 'GUID: 7182f63b24b00b44bbc83a3491c911e8' -> (Import Result ID: '6aaf02f8a5cc169826dac5af1b7c0722') in 0.001 seconds [static and dynamic dependencies]. Details - ImportResultOutputID=b95009442e60352d483219bd740af8a6 DependenciesID=25670cca847e4160db3de715a2e31393 StaticDependenciesID=97c2442ea115f92e145212ef153b078b 
Number of updated asset objects reloaded before import = 0
Number of asset objects unloaded after import = 0
========================================================================
Received Import Request.
  Time of request: 2026-10-09T14:11:45.097641Z
  Time since last request: 0.000347629 seconds.
  importAddress: GUID: ae87256f29d9c8b50490f4caf75b2c41 - Path: Packages/com.unity.modules.unitywebrequestwww/package.ModuleCompilationTrigger - Importer: ScriptedImporter/UnityEditor.QuickSearchModule:UnityEditor.Search:ASIAI0B
Importing 'GUID: ae87256f29d9c8b50490f4caf75b2c41 - Path: Packages/com.unity.modules.unitywebrequestwww/package.ModuleCompilationTrigger - Importer: ScriptedImporter/UnityEditor.QuickSearchModule:UnityEditor.Search:ASIAI0B' with importer (ScriptedImporter : UnityEditor.QuickSearchModule:UnityEditor.Search:ASIAI0B)
Imported 'GUID: ae87256f29d9c8b50490f4caf75b2c41' -> (Import Result ID: 'b28b8a9af3b9380282f1f948fb65ae8a') in 0.002 seconds [static and dynamic dependencies]. Details - ImportResultOutputID=ed4b8090b5271d508a713dfa472bbebe DependenciesID=4b0fd12f18b45c387135cea87b993447 StaticDependenciesID=d34b249b73710101e6e4599ae98075a9 
Number of updated asset objects reloaded before import = 0
Number of asset objects unloaded after import = 1
========================================================================
Received Import Request.
  Time of request: 2026-10-09T14:11:45.107708Z
  Time since last request: 0.000301012 seconds.
  importAddress: GUID: 5da62a0c1c5218c4aa16b74546a7822d - Path: Packages/com.unity.ext.nunit/README.md - Importer: ScriptedImporter/UnityEditor.QuickSearchModule:UnityEditor.Search:ASIAI0B
Importing 'GUID: 5da62a0c1c5218c4aa16b74546a7822d - Path: Packages/com.unity.ext.nunit/README.md - Importer: ScriptedImporter/UnityEditor.QuickSearchModule:UnityEditor.Search:ASIAI0B' with importer (ScriptedImporter : UnityEditor.QuickSearchModule:UnityEditor.Search:ASIAI0B)
Imported 'GUID: 5da62a0c1c5218c4aa16b74546a7822d' -> (Import Result ID: '962c63f73daa6e0129ba8e385766a413') in 0.002 seconds [static and dynamic dependencies]. Details - ImportResultOutputID=94629dd63d878917369fc07b8f05aec4 DependenciesID=f0caf0810f606e948fdb85465ea592e6 StaticDependenciesID=70f515c16df8b113445062cc9dfa40cb 
Number of updated asset objects reloaded before import = 0
Number of asset objects unloaded after import = 1
========================================================================
Received Import Request.
  Time of request: 2026-10-09T14:11:45.117867Z
  Time since last request: 0.000585664 seconds.
  importAddress: GUID: c24a1e88fc49dce47930834ff9997443 - Path: Packages/com.unity.test-framework/UnityEditor.TestRunner/TestRun/Tasks/Scene/ISceneWrapper.cs - Importer: ScriptedImporter/UnityEditor.QuickSearchModule:UnityEditor.Search:ASIAI0B
Importing 'GUID: c24a1e88fc49dce47930834ff9997443 - Path: Packages/com.unity.test-framework/UnityEditor.TestRunner/TestRun/Tasks/Scene/ISceneWrapper.cs - Importer: ScriptedImporter/UnityEditor.QuickSearchModule:UnityEditor.Search:ASIAI0B' with importer (ScriptedImporter : UnityEditor.QuickSearchModule:UnityEditor.Search:ASIAI0B)
Imported 'GUID: c24a1e88fc49dce47930834ff9997443' -> (Import Result ID: '8f994df143d4d0104c05eb754889c9eb') in 0.002 seconds [static and dynamic dependencies]. Details - ImportResultOutputID=73232d3a7f71b016636a26f2f76e9275 DependenciesID=eca2196734a04bbb308ed55780e7d227 StaticDependenciesID=183cb89e0d5ccb608d4957b678694490 
Number of updated asset objects reloaded before import = 0
Number of asset objects unloaded after import = 0
========================================================================
Received Import Request.
  Time of request: 2026-10-09T14:11:45.128004Z
  Time since last request: 0.00056814 seconds.
  importAddress: GUID: f0e14ea80f96b445f97b1c83650d5733 - Path: Packages/com.unity.inputsystem/package.json - Importer: ScriptedImporter/UnityEditor.QuickSearchModule:UnityEditor.Search:ASIAI0B
Importing 'GUID: f0e14ea80f96b445f97b1c83650d5733 - Path: Packages/com.unity.inputsystem/package.json - Importer: ScriptedImporter/UnityEditor.QuickSearchModule:UnityEditor.Search:ASIAI0B' with importer (ScriptedImporter : UnityEditor.QuickSearchModule:UnityEditor.Search:ASIAI0B)
Imported 'GUID: f0e14ea80f96b445f97b1c83650d5733' -> (Import Result ID: '574f6f206b3117962309f76e152466f3') in 0.003 seconds [static and dynamic dependencies]. Details - ImportResultOutputID=43964bcd46325a2a33dbccc7e463b885 DependenciesID=68b74bd194d506c4090736935408ff09 StaticDependenciesID=973d208cce88e96bac35ea42e751a9ed 
Number of updated asset objects reloaded before import = 0
Number of asset objects unloaded after import = 1
========================================================================
Received Import Request.
  Time of request: 2026-10-09T14:11:45.139229Z
  Time since last request: 0.000310559 seconds.
  importAddress: GUID: 9166eed4756114bdaa498aca2df93e19 - Path: Packages/com.unity.inputsystem/LICENSE.md - Importer: ScriptedImporter/UnityEditor.QuickSearchModule:UnityEditor.Search:ASIAI0B
Importing 'GUID: 9166eed4756114bdaa498aca2df93e19 - Path: Packages/com.unity.inputsystem/LICENSE.md - Importer: ScriptedImporter/UnityEditor.QuickSearchModule:UnityEditor.Search:ASIAI0B' with importer (ScriptedImporter : UnityEditor.QuickSearchModule:UnityEditor.Search:ASIAI0B)
Imported 'GUID: 9166eed4756114bdaa498aca2df93e19' -> (Import Result ID: 'b0520b643ffc68e7118b647ad7284db7') in 0.001 seconds [static and dynamic dependencies]. Details - ImportResultOutputID=c446eedf4663666da0d1cfecef33a068 DependenciesID=3aa38ebef792460e52c0623a65319a1a StaticDependenciesID=886dc92b680362eac8858fc2221245a1 
Number of updated asset objects reloaded before import = 0
Number of asset objects unloaded after import = 1
========================================================================
Received Import Request.
  Time of request: 2026-10-09T14:11:45.147828Z
  Time since last request: 0.000302344 seconds.
  importAddress: GUID: d9fe79419851eee4e8c90f7d0f934859 - Path: Packages/com.unity.inputsystem/ValidationExceptions.json - Importer: ScriptedImporter/UnityEditor.QuickSearchModule:UnityEditor.Search:ASIAI0B
Importing 'GUID: d9fe79419851eee4e8c90f7d0f934859 - Path: Packages/com.unity.inputsystem/ValidationExceptions.json - Importer: ScriptedImporter/UnityEditor.QuickSearchModule:UnityEditor.Search:ASIAI0B' with importer (ScriptedImporter : UnityEditor.QuickSearchModule:UnityEditor.Search:ASIAI0B)
Imported 'GUID: d9fe79419851eee4e8c90f7d0f934859' -> (Import Result ID: '1159b4939b44ebeb381719cdd89ee099') in 0.002 seconds [static and dynamic dependencies]. Details - ImportResultOutputID=b2af22386aacd066ac18feeadad3ceef DependenciesID=9928dae51f739cdf18c6aa112a939e1d StaticDependenciesID=e714aebce24cecf2c14f61fe4524704e 
Number of updated asset objects reloaded before import = 0
Number of asset objects unloaded after import = 1
========================================================================
Received Import Request.
  Time of request: 2026-10-09T14:11:45.158618Z
  Time since last request: 0.000230309 seconds.
  importAddress: GUID: 57e7d752d8e6494b9aca2f2724b98761 - Path: Packages/com.unity.test-framework/UnityEditor.TestRunner/TestRun/Tasks/Platform/PlatformSpecificSuccessfulBuildTask.cs - Importer: ScriptedImporter/UnityEditor.QuickSearchModule:UnityEditor.Search:ASIAI0B
Importing 'GUID: 57e7d752d8e6494b9aca2f2724b98761 - Path: Packages/com.unity.test-framework/UnityEditor.TestRunner/TestRun/Tasks/Platform/PlatformSpecificSuccessfulBuildTask.cs - Importer: ScriptedImporter/UnityEditor.QuickSearchModule:UnityEditor.Search:ASIAI0B' with importer (ScriptedImporter : UnityEditor.QuickSearchModule:UnityEditor.Search:ASIAI0B)
Imported 'GUID: 57e7d752d8e6494b9aca2f2724b98761' -> (Import Result ID: '98fcf6e2d642b790d89b7a08de017322') in 0.002 seconds [static and dynamic dependencies]. Details - ImportResultOutputID=dc555e0116563e51c9cec2939a071fd3 DependenciesID=1d417bdef7a33b8caa5f803a1c08a4d3 StaticDependenciesID=4dc58ce3fe06bb96749095d949a37e34 
Number of updated asset objects reloaded before import = 0
Number of asset objects unloaded after import = 0
========================================================================
Received Import Request.
  Time of request: 2026-10-09T14:11:45.169147Z
  Time since last request: 0.000420986 seconds.
  importAddress: GUID: e5a64639c3eeaf5429cee8a5cb3c38d2 - Path: Packages/com.unity.inputsystem/InputSystem/Editor/InputDiagnostics.cs - Importer: ScriptedImporter/UnityEditor.QuickSearchModule:UnityEditor.Search:ASIAI0B
Importing 'GUID: e5a64639c3eeaf5429cee8a5cb3c38d2 - Path: Packages/com.unity.inputsystem/InputSystem/Editor/InputDiagnostics.cs - Importer: ScriptedImporter/UnityEditor.QuickSearchModule:UnityEditor.Search:ASIAI0B' with importer (ScriptedImporter : UnityEditor.QuickSearchModule:UnityEditor.Search:ASIAI0B)
Imported 'GUID: e5a64639c3eeaf5429cee8a5cb3c38d2' -> (Import Result ID: '553be06950f6ea2fc6d597437621ed53') in 0.002 seconds [static and dynamic dependencies]. Details - ImportResultOutputID=fb068a300b1968389261db1078929bbd DependenciesID=06a9622c5e4dffbc2526cf8d0928874c StaticDependenciesID=df86a255413b2d1ba749eee94f7541c3 
Number of updated asset objects reloaded before import = 0
Number of asset objects unloaded after import = 0
========================================================================
Received Import Request.
  Time of request: 2026-10-09T14:11:45.178707Z
  Time since last request: 0.000312393 seconds.
  importAddress: GUID: d104359075a97392b803d3d5aebc77f7 - Path: Packages/com.unity.modules.hierarchycore/package.ModuleCompilationTrigger - Importer: ScriptedImporter/UnityEditor.QuickSearchModule:UnityEditor.Search:ASIAI0B
Importing 'GUID: d104359075a97392b803d3d5aebc77f7 - Path: Packages/com.unity.modules.hierarchycore/package.ModuleCompilationTrigger - Importer: ScriptedImporter/UnityEditor.QuickSearchModule:UnityEditor.Search:ASIAI0B' with importer (ScriptedImporter : UnityEditor.QuickSearchModule:UnityEditor.Search:ASIAI0B)
Imported 'GUID: d104359075a97392b803d3d5aebc77f7' -> (Import Result ID: 'cbdf5ce6578882e6ce624710b00b35bb') in 0.002 seconds [static and dynamic dependencies]. Details - ImportResultOutputID=4ccfdd3582a76d9ba98e48c4f8267e80 DependenciesID=025ae5dc6a4201fa36640bd13c62fa37 StaticDependenciesID=20ec31f47fa34b227910388c00f85f09 
Number of updated asset objects reloaded before import = 0
Number of asset objects unloaded after import = 1
========================================================================
Received Import Request.
  Time of request: 2026-10-09T14:11:45.188584Z
  Time since last request: 0.00048212 seconds.
  importAddress: GUID: 8143d3a8390f2c64685e3bc272bd9e90 - Path: Packages/com.unity.ext.nunit/package.json - Importer: ScriptedImporter/UnityEditor.QuickSearchModule:UnityEditor.Search:ASIAI0B
Importing 'GUID: 8143d3a8390f2c64685e3bc272bd9e90 - Path: Packages/com.unity.ext.nunit/package.json - Importer: ScriptedImporter/UnityEditor.QuickSearchModule:UnityEditor.Search:ASIAI0B' with importer (ScriptedImporter : UnityEditor.QuickSearchModule:UnityEditor.Search:ASIAI0B)
Imported 'GUID: 8143d3a8390f2c64685e3bc272bd9e90' -> (Import Result ID: '7d339f614338b60033ce1b1e98bd509a') in 0.002 seconds [static and dynamic dependencies]. Details - ImportResultOutputID=14801fd7164be16b31a1345e2fdd2350 DependenciesID=026033cdecf7a2bbb342fd730e6f8264 StaticDependenciesID=0c0db802b1d2cb50b801808dfedeb5d6 
Number of updated asset objects reloaded before import = 0
Number of asset objects unloaded after import = 1
========================================================================
Received Import Request.
  Time of request: 2026-10-09T14:11:45.198171Z
  Time since last request: 0.000383105 seconds.
  importAddress: GUID: e1ef8466c8fd01a549f10baa4d51fa17 - Path: Packages/com.unity.modules.assetbundle/package.json - Importer: ScriptedImporter/UnityEditor.QuickSearchModule:UnityEditor.Search:ASIAI0B
Importing 'GUID: e1ef8466c8fd01a549f10baa4d51fa17 - Path: Packages/com.unity.modules.assetbundle/package.json - Importer: ScriptedImporter/UnityEditor.QuickSearchModule:UnityEditor.Search:ASIAI0B' with importer (ScriptedImporter : UnityEditor.QuickSearchModule:UnityEditor.Search:ASIAI0B)
Imported 'GUID: e1ef8466c8fd01a549f10baa4d51fa17' -> (Import Result ID: '51f4761adfe956032df6d6a8f4f007f1') in 0.002 seconds [static and dynamic dependencies]. Details - ImportResultOutputID=7cb62777f4cd5abd2869086c1e1f3e8c DependenciesID=f93128ac3a9504415f0ab82f3daf17d0 StaticDependenciesID=6b7dfbb1c0d8a093c2d04f309b2d38c6 
Number of updated asset objects reloaded before import = 0
Number of asset objects unloaded after import = 1
========================================================================
Received Import Request.
  Time of request: 2026-10-09T14:11:45.208164Z
  Time since last request: 0.000615719 seconds.
  importAddress: GUID: 75469ad4d38634e559750d17036d5f7c - Path: Packages/com.unity.inputsystem/InputSystem/Unity.InputSystem.asmdef - Importer: ScriptedImporter/UnityEditor.QuickSearchModule:UnityEditor.Search:ASIAI0B
Importing 'GUID: 75469ad4d38634e559750d17036d5f7c - Path: Packages/com.unity.inputsystem/InputSystem/Unity.InputSystem.asmdef - Importer: ScriptedImporter/UnityEditor.QuickSearchModule:UnityEditor.Search:ASIAI0B' with importer (ScriptedImporter : UnityEditor.QuickSearchModule:UnityEditor.Search:ASIAI0B)
Imported 'GUID: 75469ad4d38634e559750d17036d5f7c' -> (Import Result ID: 'ae5fe722c028585388636e8b29c7ab1d') in 0.002 seconds [static and dynamic dependencies]. Details - ImportResultOutputID=040235c0d56c989f46e33e1cb86a94ca DependenciesID=932cc90c494b9f8a53223724bfe52ca5 StaticDependenciesID=0e4f8641104c8648b38eea008ff53c15 
Number of updated asset objects reloaded before import = 0
Number of asset objects unloaded after import = 1
========================================================================
Received Import Request.
  Time of request: 2026-10-09T14:11:45.217937Z
  Time since last request: 0.00037005 seconds.
  importAddress: GUID: 5c4d36a13e7466e43940732365f53bf1 - Path: Packages/com.unity.test-framework/UnityEditor.TestRunner/TestRun/Tasks/Scene/StoreSceneSetupTask.cs - Importer: ScriptedImporter/UnityEditor.QuickSearchModule:UnityEditor.Search:ASIAI0B
Importing 'GUID: 5c4d36a13e7466e43940732365f53bf1 - Path: Packages/com.unity.test-framework/UnityEditor.TestRunner/TestRun/Tasks/Scene/StoreSceneSetupTask.cs - Importer: ScriptedImporter/UnityEditor.QuickSearchModule:UnityEditor.Search:ASIAI0B' with importer (ScriptedImporter : UnityEditor.QuickSearchModule:UnityEditor.Search:ASIAI0B)
Imported 'GUID: 5c4d36a13e7466e43940732365f53bf1' -> (Import Result ID: 'e72119b22aa3d960287b4ef2b45264a8') in 0.002 seconds [static and dynamic dependencies]. Details - ImportResultOutputID=2d0f82bc135cd79ee0dd897dad465245 DependenciesID=979b4d4689a5de4e5459cdcc23334f86 StaticDependenciesID=348f8f755f77572452ea7a6856427e75 
Number of updated asset objects reloaded before import = 0
Number of asset objects unloaded after import = 0
========================================================================
Received Import Request.
  Time of request: 2026-10-09T14:11:45.227758Z
  Time since last request: 0.000737146 seconds.
  importAddress: GUID: e02e76bfece9a28408e2e7dcb2e14b8f - Path: Packages/com.unity.test-framework/UnityEditor.TestRunner/TestRun/Tasks/Scene/RemoveAdditionalUntitledSceneTask.cs - Importer: ScriptedImporter/UnityEditor.QuickSearchModule:UnityEditor.Search:ASIAI0B
Importing 'GUID: e02e76bfece9a28408e2e7dcb2e14b8f - Path: Packages/com.unity.test-framework/UnityEditor.TestRunner/TestRun/Tasks/Scene/RemoveAdditionalUntitledSceneTask.cs - Importer: ScriptedImporter/UnityEditor.QuickSearchModule:UnityEditor.Search:ASIAI0B' with importer (ScriptedImporter : UnityEditor.QuickSearchModule:UnityEditor.Search:ASIAI0B)
Imported 'GUID: e02e76bfece9a28408e2e7dcb2e14b8f' -> (Import Result ID: '43472a1bd8bd6c711ef85b086c8334f4') in 0.002 seconds [static and dynamic dependencies]. Details - ImportResultOutputID=4e69c7faa32f11bf1366a8165ec95a36 DependenciesID=eb6a2c01f2f2707fe0bdc5ce29efa8fe StaticDependenciesID=cb8648f690b45d133d6951a803fa8d20 
Number of updated asset objects reloaded before import = 0
Number of asset objects unloaded after import = 0
========================================================================
Received Import Request.
  Time of request: 2026-10-09T14:11:45.237365Z
  Time since last request: 0.000452835 seconds.
  importAddress: GUID: f91a00d2dca52b843b2d50ccf750737d - Path: Packages/com.unity.ext.nunit/LICENSE.md - Importer: ScriptedImporter/UnityEditor.QuickSearchModule:UnityEditor.Search:ASIAI0B
Importing 'GUID: f91a00d2dca52b843b2d50ccf750737d - Path: Packages/com.unity.ext.nunit/LICENSE.md - Importer: ScriptedImporter/UnityEditor.QuickSearchModule:UnityEditor.Search:ASIAI0B' with importer (ScriptedImporter : UnityEditor.QuickSearchModule:UnityEditor.Search:ASIAI0B)
Imported 'GUID: f91a00d2dca52b843b2d50ccf750737d' -> (Import Result ID: 'f1c876f8e4628844d3d728d3f3acf0a5') in 0.002 seconds [static and dynamic dependencies]. Details - ImportResultOutputID=49804c219d80e623d0ec52edc6927299 DependenciesID=36aa10d08d76368453af220c6108900a StaticDependenciesID=0f5a62c23d89a8c8c2f3a36fcd2fff5a 
Number of updated asset objects reloaded before import = 0
Number of asset objects unloaded after import = 1
========================================================================
Received Import Request.
  Time of request: 2026-10-09T14:11:45.247487Z
  Time since last request: 0.000877609 seconds.
  importAddress: GUID: 409c8128e33f94c378370cd8163fe3b0 - Path: Packages/com.unity.inputsystem/InputSystem/Editor/InputSystemPluginControl.cs - Importer: ScriptedImporter/UnityEditor.QuickSearchModule:UnityEditor.Search:ASIAI0B
Importing 'GUID: 409c8128e33f94c378370cd8163fe3b0 - Path: Packages/com.unity.inputsystem/InputSystem/Editor/InputSystemPluginControl.cs - Importer: ScriptedImporter/UnityEditor.QuickSearchModule:UnityEditor.Search:ASIAI0B' with importer (ScriptedImporter : UnityEditor.QuickSearchModule:UnityEditor.Search:ASIAI0B)
Imported 'GUID: 409c8128e33f94c378370cd8163fe3b0' -> (Import Result ID: '69d07e52e1ca231a7c8170a58ec439d2') in 0.002 seconds [static and dynamic dependencies]. Details - ImportResultOutputID=ab6344213d659dc617b426e38416d58d DependenciesID=5703b24d5bcf94efeec51403d40e8c7c StaticDependenciesID=e9eb23b17957793e5411171d224a7414 
Number of updated asset objects reloaded before import = 0
Number of asset objects unloaded after import = 0
========================================================================
Received Import Request.
  Time of request: 2026-10-09T14:11:45.259324Z
  Time since last request: 0.000643501 seconds.
  importAddress: GUID: 64d9d71f43124cea89b28b356e84a412 - Path: Packages/com.unity.inputsystem/InputSystem/Editor/InputAssetEditorUtils.cs - Importer: ScriptedImporter/UnityEditor.QuickSearchModule:UnityEditor.Search:ASIAI0B
Importing 'GUID: 64d9d71f43124cea89b28b356e84a412 - Path: Packages/com.unity.inputsystem/InputSystem/Editor/InputAssetEditorUtils.cs - Importer: ScriptedImporter/UnityEditor.QuickSearchModule:UnityEditor.Search:ASIAI0B' with importer (ScriptedImporter : UnityEditor.QuickSearchModule:UnityEditor.Search:ASIAI0B)
Imported 'GUID: 64d9d71f43124cea89b28b356e84a412' -> (Import Result ID: 'e90ddbab49f542c045034fa64b00b8c8') in 0.002 seconds [static and dynamic dependencies]. Details - ImportResultOutputID=5e8b6492ebedaa1228a6b76ef4258114 DependenciesID=4c109547eee0ea64d132475521d6c1df StaticDependenciesID=d31b52f1d2b880b0f8cfcbcc02aa8dba 
Number of updated asset objects reloaded before import = 0
Number of asset objects unloaded after import = 0
========================================================================
Received Import Request.
  Time of request: 2026-10-09T14:11:45.349754Z
  Time since last request: 0.080235092 seconds.
  importAddress: GUID: 00b04ec43341419cbd45ae16e3b6f38e - Path: Packages/com.unity.inputsystem/InputSystem/Runtime/InputSystemState.cs - Importer: ScriptedImporter/UnityEditor.QuickSearchModule:UnityEditor.Search:ASIAI0B
Importing 'GUID: 00b04ec43341419cbd45ae16e3b6f38e - Path: Packages/com.unity.inputsystem/InputSystem/Runtime/InputSystemState.cs - Importer: ScriptedImporter/UnityEditor.QuickSearchModule:UnityEditor.Search:ASIAI0B' with importer (ScriptedImporter : UnityEditor.QuickSearchModule:UnityEditor.Search:ASIAI0B)
Imported 'GUID: 00b04ec43341419cbd45ae16e3b6f38e' -> (Import Result ID: '3cea718203b4e7c9dd8f3cc4f91075d7') in 0.002 seconds [static and dynamic dependencies]. Details - ImportResultOutputID=ff90968093e55bea3b31c122809df887 DependenciesID=d65134babf005159ae19dcca4ca36638 StaticDependenciesID=bb3a5d33d5d13ae775b1041f472f05d2 
Number of updated asset objects reloaded before import = 0
Number of asset objects unloaded after import = 0
========================================================================
Received Import Request.
  Time of request: 2026-10-09T14:11:45.360949Z
  Time since last request: 0.000666224 seconds.
  importAddress: GUID: 1f95d379362f6c74ca1eb6368642199f - Path: Packages/com.unity.inputsystem/InputSystem/Runtime/InputSystemTestHooks.cs - Importer: ScriptedImporter/UnityEditor.QuickSearchModule:UnityEditor.Search:ASIAI0B
Importing 'GUID: 1f95d379362f6c74ca1eb6368642199f - Path: Packages/com.unity.inputsystem/InputSystem/Runtime/InputSystemTestHooks.cs - Importer: ScriptedImporter/UnityEditor.QuickSearchModule:UnityEditor.Search:ASIAI0B' with importer (ScriptedImporter : UnityEditor.QuickSearchModule:UnityEditor.Search:ASIAI0B)
Imported 'GUID: 1f95d379362f6c74ca1eb6368642199f' -> (Import Result ID: 'ccc1ce3482ac354a57257e1737f88d6c') in 0.002 seconds [static and dynamic dependencies]. Details - ImportResultOutputID=9b6271da84844a82d58ec7e9dac98752 DependenciesID=75e7def7613122b0c30d87dafbdfdb47 StaticDependenciesID=1a601f1bd6ea67f64da0c36d7bf1ee88 
Number of updated asset objects reloaded before import = 0
Number of asset objects unloaded after import = 0
========================================================================
Received Import Request.
  Time of request: 2026-10-09T14:11:45.374083Z
  Time since last request: 0.000243044 seconds.
  importAddress: GUID: b33f51f6a55e541e995b5f6a10498d65 - Path: Packages/com.unity.inputsystem/InputSystem/Runtime/InputMetrics.cs - Importer: ScriptedImporter/UnityEditor.QuickSearchModule:UnityEditor.Search:ASIAI0B
Importing 'GUID: b33f51f6a55e541e995b5f6a10498d65 - Path: Packages/com.unity.inputsystem/InputSystem/Runtime/InputMetrics.cs - Importer: ScriptedImporter/UnityEditor.QuickSearchModule:UnityEditor.Search:ASIAI0B' with importer (ScriptedImporter : UnityEditor.QuickSearchModule:UnityEditor.Search:ASIAI0B)
Imported 'GUID: b33f51f6a55e541e995b5f6a10498d65' -> (Import Result ID: 'c0433e7bddff67486129c14d5161d24f') in 0.002 seconds [static and dynamic dependencies]. Details - ImportResultOutputID=8f253bff1510a8afde8860990a17563d DependenciesID=48ac780f2af275a3dfbc8540bb6ee919 StaticDependenciesID=ca3e342972078775269c44b2c9f59b97 
Number of updated asset objects reloaded before import = 0
Number of asset objects unloaded after import = 0
========================================================================
Received Import Request.
  Time of request: 2026-10-09T14:11:45.385144Z
  Time since last request: 0.00022505 seconds.
  importAddress: GUID: 1407189163374c4aa71b9689243809eb - Path: Packages/com.unity.inputsystem/InputSystem/Runtime/InputManagerStateMonitors.cs - Importer: ScriptedImporter/UnityEditor.QuickSearchModule:UnityEditor.Search:ASIAI0B
Importing 'GUID: 1407189163374c4aa71b9689243809eb - Path: Packages/com.unity.inputsystem/InputSystem/Runtime/InputManagerStateMonitors.cs - Importer: ScriptedImporter/UnityEditor.QuickSearchModule:UnityEditor.Search:ASIAI0B' with importer (ScriptedImporter : UnityEditor.QuickSearchModule:UnityEditor.Search:ASIAI0B)
Imported 'GUID: 1407189163374c4aa71b9689243809eb' -> (Import Result ID: '908f3e43c60792864c7bd0d8dc9ac12d') in 0.001 seconds [static and dynamic dependencies]. Details - ImportResultOutputID=1e591e95404d52cec2270ad8d234d485 DependenciesID=5ae8ec001e0dff77d145e562a61b20b9 StaticDependenciesID=4931849ca520912ca0f4e026cbd52db5 
Number of updated asset objects reloaded before import = 0
Number of asset objects unloaded after import = 0
========================================================================
Received Import Request.
  Time of request: 2026-10-09T14:11:45.395509Z
  Time since last request: 0.000211444 seconds.
  importAddress: GUID: a653ebc2c02d545f581079cf4bbb0cd9 - Path: Packages/com.unity.inputsystem/InputSystem/Runtime/InputAnalytics.cs - Importer: ScriptedImporter/UnityEditor.QuickSearchModule:UnityEditor.Search:ASIAI0B
Importing 'GUID: a653ebc2c02d545f581079cf4bbb0cd9 - Path: Packages/com.unity.inputsystem/InputSystem/Runtime/InputAnalytics.cs - Importer: ScriptedImporter/UnityEditor.QuickSearchModule:UnityEditor.Search:ASIAI0B' with importer (ScriptedImporter : UnityEditor.QuickSearchModule:UnityEditor.Search:ASIAI0B)
Imported 'GUID: a653ebc2c02d545f581079cf4bbb0cd9' -> (Import Result ID: '73aed6a95f9f9da65369ed79f78e60d2') in 0.002 seconds [static and dynamic dependencies]. Details - ImportResultOutputID=4c9f398709516da3adb0eb9910755e59 DependenciesID=e3d8b73f090bc00a21c8ae8218ede7ca StaticDependenciesID=979d45d45acc021109906fe5a352e7d5 
Number of updated asset objects reloaded before import = 0
Number of asset objects unloaded after import = 0
========================================================================
Received Import Request.
  Time of request: 2026-10-09T14:11:45.450589Z
  Time since last request: 0.046140369 seconds.
  importAddress: GUID: 07c4c48bac384a9e91c29c2f04328c0b - Path: Packages/com.unity.inputsystem/InputSystem/Editor/Analytics/InputExitPlayModeAnalytic.cs - Importer: ScriptedImporter/UnityEditor.QuickSearchModule:UnityEditor.Search:ASIAI0B
Importing 'GUID: 07c4c48bac384a9e91c29c2f04328c0b - Path: Packages/com.unity.inputsystem/InputSystem/Editor/Analytics/InputExitPlayModeAnalytic.cs - Importer: ScriptedImporter/UnityEditor.QuickSearchModule:UnityEditor.Search:ASIAI0B' with importer (ScriptedImporter : UnityEditor.QuickSearchModule:UnityEditor.Search:ASIAI0B)
Imported 'GUID: 07c4c48bac384a9e91c29c2f04328c0b' -> (Import Result ID: '9fa31d94bb5760314f3cebf628ecf438') in 0.002 seconds [static and dynamic dependencies]. Details - ImportResultOutputID=2b713f408925a02acfaab2b835eeb764 DependenciesID=c2a95d514872e85eaccbf70934943cb7 StaticDependenciesID=768d4e079f38794a9807b362419b1e03 
Number of updated asset objects reloaded before import = 0
Number of asset objects unloaded after import = 0
========================================================================
Received Import Request.
  Time of request: 2026-10-09T14:11:45.46264Z
  Time since last request: 0.000315219 seconds.
  importAddress: GUID: 183f7887e5104e1593ce980b9d0159e3 - Path: Packages/com.unity.inputsystem/InputSystem/Editor/Analytics/VirtualMouseInputEditorAnalytic.cs - Importer: ScriptedImporter/UnityEditor.QuickSearchModule:UnityEditor.Search:ASIAI0B
Importing 'GUID: 183f7887e5104e1593ce980b9d0159e3 - Path: Packages/com.unity.inputsystem/InputSystem/Editor/Analytics/VirtualMouseInputEditorAnalytic.cs - Importer: ScriptedImporter/UnityEditor.QuickSearchModule:UnityEditor.Search:ASIAI0B' with importer (ScriptedImporter : UnityEditor.QuickSearchModule:UnityEditor.Search:ASIAI0B)
Imported 'GUID: 183f7887e5104e1593ce980b9d0159e3' -> (Import Result ID: '87d8506399e5bb07bace86436a30d0ed') in 0.002 seconds [static and dynamic dependencies]. Details - ImportResultOutputID=683516ca4879792ba3e8034106c9842b DependenciesID=aeedccf0363e6a3d0895fa53d10a824c StaticDependenciesID=88918baa544ee7350b6be32a0986ba97 
Number of updated asset objects reloaded before import = 0
Number of asset objects unloaded after import = 0
========================================================================
Received Import Request.
  Time of request: 2026-10-09T14:11:45.47239Z
  Time since last request: 0.000403503 seconds.
  importAddress: GUID: 83070f7befc0b4deeb2cfde76b5a9002 - Path: Packages/com.unity.inputsystem/InputSystem/Editor/ControlPicker/InputControlDropdownItem.cs - Importer: ScriptedImporter/UnityEditor.QuickSearchModule:UnityEditor.Search:ASIAI0B
Importing 'GUID: 83070f7befc0b4deeb2cfde76b5a9002 - Path: Packages/com.unity.inputsystem/InputSystem/Editor/ControlPicker/InputControlDropdownItem.cs - Importer: ScriptedImporter/UnityEditor.QuickSearchModule:UnityEditor.Search:ASIAI0B' with importer (ScriptedImporter : UnityEditor.QuickSearchModule:UnityEditor.Search:ASIAI0B)
Imported 'GUID: 83070f7befc0b4deeb2cfde76b5a9002' -> (Import Result ID: '69a4e910306a2a1e849b7f149a8e3a4a') in 0.001 seconds [static and dynamic dependencies]. Details - ImportResultOutputID=fb742a1d4d0024f1fe16dd097a4fcca3 DependenciesID=98bf347cb546a757d118981042d60f32 StaticDependenciesID=b9002ac7a608112d2d5dec31bec516b5 
Number of updated asset objects reloaded before import = 0
Number of asset objects unloaded after import = 0
========================================================================
Received Import Request.
  Time of request: 2026-10-09T14:11:45.482567Z
  Time since last request: 0.000238676 seconds.
  importAddress: GUID: d0006d51a864248adba0238883f8c71e - Path: Packages/com.unity.inputsystem/InputSystem/Editor/Icons/Axis@2x.png - Importer: ScriptedImporter/UnityEditor.QuickSearchModule:UnityEditor.Search:ASIAI0B
Importing 'GUID: d0006d51a864248adba0238883f8c71e - Path: Packages/com.unity.inputsystem/InputSystem/Editor/Icons/Axis@2x.png - Importer: ScriptedImporter/UnityEditor.QuickSearchModule:UnityEditor.Search:ASIAI0B' with importer (ScriptedImporter : UnityEditor.QuickSearchModule:UnityEditor.Search:ASIAI0B)
Imported 'GUID: d0006d51a864248adba0238883f8c71e' -> (Import Result ID: '7f681a630152eeb05edfa6b2534635cd') in 0.003 seconds [static and dynamic dependencies]. Details - ImportResultOutputID=b4097b12f0ebbd0dbe7a38986b630cdf DependenciesID=cf9d3a07b7aba85e82f745412ac1acf7 StaticDependenciesID=35eeb4a779c1b124bbe25242acc1e189 
Number of updated asset objects reloaded before import = 0
Number of asset objects unloaded after import = 1
========================================================================
Received Import Request.
  Time of request: 2026-10-09T14:11:45.494105Z
  Time since last request: 0.000185988 seconds.
  importAddress: GUID: fdd7c783de844fefa8df8acfd36b9dc9 - Path: Packages/com.unity.inputsystem/InputSystem/Editor/Debugger/SampleFrequencyCalculator.cs - Importer: ScriptedImporter/UnityEditor.QuickSearchModule:UnityEditor.Search:ASIAI0B
Importing 'GUID: fdd7c783de844fefa8df8acfd36b9dc9 - Path: Packages/com.unity.inputsystem/InputSystem/Editor/Debugger/SampleFrequencyCalculator.cs - Importer: ScriptedImporter/UnityEditor.QuickSearchModule:UnityEditor.Search:ASIAI0B' with importer (ScriptedImporter : UnityEditor.QuickSearchModule:UnityEditor.Search:ASIAI0B)
Imported 'GUID: fdd7c783de844fefa8df8acfd36b9dc9' -> (Import Result ID: 'dadf09d4a5dc91171ef2cc824f2da6c4') in 0.002 seconds [static and dynamic dependencies]. Details - ImportResultOutputID=5b5f2d63344090b720f5afc9a16f60be DependenciesID=0e18ebe893fcba68b6507cd4b60a67c8 StaticDependenciesID=d6b8586744d12244386156a2fce865d2 
Number of updated asset objects reloaded before import = 0
Number of asset objects unloaded after import = 0
========================================================================
Received Import Request.
  Time of request: 2026-10-09T14:11:45.50373Z
  Time since last request: 0.000376854 seconds.
  importAddress: GUID: 5cd4530e3c9047dea0f1cc17dccbf6ec - Path: Packages/com.unity.inputsystem/Tests/TestFixture/ScopedDisposable.cs - Importer: ScriptedImporter/UnityEditor.QuickSearchModule:UnityEditor.Search:ASIAI0B
Importing 'GUID: 5cd4530e3c9047dea0f1cc17dccbf6ec - Path: Packages/com.unity.inputsystem/Tests/TestFixture/ScopedDisposable.cs - Importer: ScriptedImporter/UnityEditor.QuickSearchModule:UnityEditor.Search:ASIAI0B' with importer (ScriptedImporter : UnityEditor.QuickSearchModule:UnityEditor.Search:ASIAI0B)
Imported 'GUID: 5cd4530e3c9047dea0f1cc17dccbf6ec' -> (Import Result ID: '464337559c9af6b312f95b1cdbd9bf6e') in 0.001 seconds [static and dynamic dependencies]. Details - ImportResultOutputID=9c257b2914aae1a197b80339c155c851 DependenciesID=ad04cf30ff5cd6ec742bbd4e4a96e9f6 StaticDependenciesID=3cdc0f24faf037e2458ef0b036545732 
Number of updated asset objects reloaded before import = 0
Number of asset objects unloaded after import = 0
========================================================================
Received Import Request.
  Time of request: 2026-10-09T14:11:45.513206Z
  Time since last request: 0.000463745 seconds.
  importAddress: GUID: 3ae5734e49d646442ad24f37762ebdd2 - Path: Packages/com.unity.inputsystem/Tests/IntegrationTests/Unity.InputSystem.IntegrationTests.asmdef - Importer: ScriptedImporter/UnityEditor.QuickSearchModule:UnityEditor.Search:ASIAI0B
Importing 'GUID: 3ae5734e49d646442ad24f37762ebdd2 - Path: Packages/com.unity.inputsystem/Tests/IntegrationTests/Unity.InputSystem.IntegrationTests.asmdef - Importer: ScriptedImporter/UnityEditor.QuickSearchModule:UnityEditor.Search:ASIAI0B' with importer (ScriptedImporter : UnityEditor.QuickSearchModule:UnityEditor.Search:ASIAI0B)
Imported 'GUID: 3ae5734e49d646442ad24f37762ebdd2' -> (Import Result ID: 'c8600aa6c6c01180677545285c290d15') in 0.001 seconds [static and dynamic dependencies]. Details - ImportResultOutputID=d60aa80e4ef00d9446442c99efc09b6e DependenciesID=a6a35fce52092904bb4474f1abf65d26 StaticDependenciesID=eb985e046342bca940ea3a0c88bba136 
Number of updated asset objects reloaded before import = 0
Number of asset objects unloaded after import = 1
========================================================================
Received Import Request.
  Time of request: 2026-10-09T14:11:45.52233Z
  Time since last request: 0.000234377 seconds.
  importAddress: GUID: cec9e0ea8cd94017b8667cd540d61948 - Path: Packages/com.unity.inputsystem/InputSystem/Editor/BuildPipeline/LinkFileGenerator.cs - Importer: ScriptedImporter/UnityEditor.QuickSearchModule:UnityEditor.Search:ASIAI0B
Importing 'GUID: cec9e0ea8cd94017b8667cd540d61948 - Path: Packages/com.unity.inputsystem/InputSystem/Editor/BuildPipeline/LinkFileGenerator.cs - Importer: ScriptedImporter/UnityEditor.QuickSearchModule:UnityEditor.Search:ASIAI0B' with importer (ScriptedImporter : UnityEditor.QuickSearchModule:UnityEditor.Search:ASIAI0B)
Imported 'GUID: cec9e0ea8cd94017b8667cd540d61948' -> (Import Result ID: '48a118b10888e572a521ae21b356e1a6') in 0.001 seconds [static and dynamic dependencies]. Details - ImportResultOutputID=b7d2665524f75bd7ec936d7b5eb53bd9 DependenciesID=01d3a8d8af8dabcafb8001fac11fe4d8 StaticDependenciesID=ba6be6e83a64692c1b996c677507616c 
Number of updated asset objects reloaded before import = 0
Number of asset objects unloaded after import = 0
========================================================================
Received Import Request.
  Time of request: 2026-10-09T14:11:45.531598Z
  Time since last request: 0.000291164 seconds.
  importAddress: GUID: db7a158b580fb4518ae82aa029a54892 - Path: Packages/com.unity.inputsystem/InputSystem/Editor/ControlPicker/InputControlPickerDropdown.cs - Importer: ScriptedImporter/UnityEditor.QuickSearchModule:UnityEditor.Search:ASIAI0B
Importing 'GUID: db7a158b580fb4518ae82aa029a54892 - Path: Packages/com.unity.inputsystem/InputSystem/Editor/ControlPicker/InputControlPickerDropdown.cs - Importer: ScriptedImporter/UnityEditor.QuickSearchModule:UnityEditor.Search:ASIAI0B' with importer (ScriptedImporter : UnityEditor.QuickSearchModule:UnityEditor.Search:ASIAI0B)
Imported 'GUID: db7a158b580fb4518ae82aa029a54892' -> (Import Result ID: '2b8208aeefd61505f7134d5ac216f78c') in 0.002 seconds [static and dynamic dependencies]. Details - ImportResultOutputID=1f5fde010405f04fbd6515669a78cbb4 DependenciesID=b4005f3c54b5137494b8374db08c9a00 StaticDependenciesID=a1a5ab328fa81f85fc794897a8db337f 
Number of updated asset objects reloaded before import = 0
Number of asset objects unloaded after import = 0
========================================================================
Received Import Request.
  Time of request: 2026-10-09T14:11:45.540987Z
  Time since last request: 0.000311321 seconds.
  importAddress: GUID: a1bc613b5fab4dd4997810700b46dbf7 - Path: Packages/com.unity.inputsystem/Tests/TestFixture/AssetDatabaseUtils.cs - Importer: ScriptedImporter/UnityEditor.QuickSearchModule:UnityEditor.Search:ASIAI0B
Importing 'GUID: a1bc613b5fab4dd4997810700b46dbf7 - Path: Packages/com.unity.inputsystem/Tests/TestFixture/AssetDatabaseUtils.cs - Importer: ScriptedImporter/UnityEditor.QuickSearchModule:UnityEditor.Search:ASIAI0B' with importer (ScriptedImporter : UnityEditor.QuickSearchModule:UnityEditor.Search:ASIAI0B)
Imported 'GUID: a1bc613b5fab4dd4997810700b46dbf7' -> (Import Result ID: '7d3bf379029ceea5facaff475cacfbfc') in 0.001 seconds [static and dynamic dependencies]. Details - ImportResultOutputID=7919648a5babe7ead17ff50d537c2b2f DependenciesID=8e8ff2120e000f9e038ab2709a401114 StaticDependenciesID=34471738ab09f47c942dec064aad2975 
Number of updated asset objects reloaded before import = 0
Number of asset objects unloaded after import = 0
========================================================================
Received Import Request.
  Time of request: 2026-10-09T14:11:45.552066Z
  Time since last request: 0.001505991 seconds.
  importAddress: GUID: a85130d4e1e5b49878f8f51b2d4e0ded - Path: Packages/com.unity.inputsystem/InputSystem/Editor/AssetImporter/InputActionCodeGenerator.cs - Importer: ScriptedImporter/UnityEditor.QuickSearchModule:UnityEditor.Search:ASIAI0B
Importing 'GUID: a85130d4e1e5b49878f8f51b2d4e0ded - Path: Packages/com.unity.inputsystem/InputSystem/Editor/AssetImporter/InputActionCodeGenerator.cs - Importer: ScriptedImporter/UnityEditor.QuickSearchModule:UnityEditor.Search:ASIAI0B' with importer (ScriptedImporter : UnityEditor.QuickSearchModule:UnityEditor.Search:ASIAI0B)
Imported 'GUID: a85130d4e1e5b49878f8f51b2d4e0ded' -> (Import Result ID: '598dec8c44142e5a1ae7cb4e07d6ada5') in 0.002 seconds [static and dynamic dependencies]. Details - ImportResultOutputID=dda1fbde99f6043b476c03efafa40b95 DependenciesID=8ca48338805bfbdc8ab594b78a86aaad StaticDependenciesID=8c003f6bf2c894feead5d7314d5b1b78 
Number of updated asset objects reloaded before import = 0
Number of asset objects unloaded after import = 0
========================================================================
Received Import Request.
  Time of request: 2026-10-09T14:11:45.562535Z
  Time since last request: 0.000425023 seconds.
  importAddress: GUID: 8d659406a304446c599b9ec454663c46 - Path: Packages/com.unity.inputsystem/InputSystem/Editor/Debugger/InputActionDebuggerWindow.cs - Importer: ScriptedImporter/UnityEditor.QuickSearchModule:UnityEditor.Search:ASIAI0B
Importing 'GUID: 8d659406a304446c599b9ec454663c46 - Path: Packages/com.unity.inputsystem/InputSystem/Editor/Debugger/InputActionDebuggerWindow.cs - Importer: ScriptedImporter/UnityEditor.QuickSearchModule:UnityEditor.Search:ASIAI0B' with importer (ScriptedImporter : UnityEditor.QuickSearchModule:UnityEditor.Search:ASIAI0B)
Imported 'GUID: 8d659406a304446c599b9ec454663c46' -> (Import Result ID: '899734f8bc2a3c8d3f83ad235bb66f8d') in 0.002 seconds [static and dynamic dependencies]. Details - ImportResultOutputID=568b3ee3fe294afddb3231f8a52f901f DependenciesID=276f72b0bbd5b24b89e7fc194792508c StaticDependenciesID=25df504bc96e00d28d2f56fb3e538100 
Number of updated asset objects reloaded before import = 0
Number of asset objects unloaded after import = 0
========================================================================
Received Import Request.
  Time of request: 2026-10-09T14:11:45.573037Z
  Time since last request: 0.000422669 seconds.
  importAddress: GUID: fb0e54f1ead384cd191254077544faf0 - Path: Packages/com.unity.inputsystem/InputSystem/Editor/AssetEditor/ParameterListView.cs - Importer: ScriptedImporter/UnityEditor.QuickSearchModule:UnityEditor.Search:ASIAI0B
Importing 'GUID: fb0e54f1ead384cd191254077544faf0 - Path: Packages/com.unity.inputsystem/InputSystem/Editor/AssetEditor/ParameterListView.cs - Importer: ScriptedImporter/UnityEditor.QuickSearchModule:UnityEditor.Search:ASIAI0B' with importer (ScriptedImporter : UnityEditor.QuickSearchModule:UnityEditor.Search:ASIAI0B)
Imported 'GUID: fb0e54f1ead384cd191254077544faf0' -> (Import Result ID: '543007ef63e65579a099d7ce4ca77162') in 0.002 seconds [static and dynamic dependencies]. Details - ImportResultOutputID=7367e3e109c4ec01d0755ff144580dc0 DependenciesID=5d1dad5455d92dac7c1e13090258a5ec StaticDependenciesID=0a72c527379ea902133c8f9e0d1d2e82 
Number of updated asset objects reloaded before import = 0
Number of asset objects unloaded after import = 0
========================================================================
Received Import Request.
  Time of request: 2026-10-09T14:11:45.583689Z
  Time since last request: 0.000654191 seconds.
  importAddress: GUID: e2c8138bd42a9a041bb4b1398ae819d8 - Path: Packages/com.unity.inputsystem/Tests/TestFixture/WinUserInput.cs - Importer: ScriptedImporter/UnityEditor.QuickSearchModule:UnityEditor.Search:ASIAI0B
Importing 'GUID: e2c8138bd42a9a041bb4b1398ae819d8 - Path: Packages/com.unity.inputsystem/Tests/TestFixture/WinUserInput.cs - Importer: ScriptedImporter/UnityEditor.QuickSearchModule:UnityEditor.Search:ASIAI0B' with importer (ScriptedImporter : UnityEditor.QuickSearchModule:UnityEditor.Search:ASIAI0B)
Imported 'GUID: e2c8138bd42a9a041bb4b1398ae819d8' -> (Import Result ID: '2455fa30b1f9a86a411154ac66a72c97') in 0.003 seconds [static and dynamic dependencies]. Details - ImportResultOutputID=d6104c3a1f2da8b7213f32020decd507 DependenciesID=17feaf0c2cf2068c448ded44fe204ce5 StaticDependenciesID=150b26bd06ac34db6f957333d8d98de1 
Number of updated asset objects reloaded before import = 0
Number of asset objects unloaded after import = 0
========================================================================
Received Import Request.
  Time of request: 2026-10-09T14:11:45.595Z
  Time since last request: 0.000281506 seconds.
  importAddress: GUID: 073f4378d59364199ae19d0486842726 - Path: Packages/com.unity.inputsystem/Tests/TestFixture/InputTestRuntime.cs - Importer: ScriptedImporter/UnityEditor.QuickSearchModule:UnityEditor.Search:ASIAI0B
Importing 'GUID: 073f4378d59364199ae19d0486842726 - Path: Packages/com.unity.inputsystem/Tests/TestFixture/InputTestRuntime.cs - Importer: ScriptedImporter/UnityEditor.QuickSearchModule:UnityEditor.Search:ASIAI0B' with importer (ScriptedImporter : UnityEditor.QuickSearchModule:UnityEditor.Search:ASIAI0B)
Imported 'GUID: 073f4378d59364199ae19d0486842726' -> (Import Result ID: 'c9fd92379adbf4066fbd84e37d2e6e3f') in 0.001 seconds [static and dynamic dependencies]. Details - ImportResultOutputID=203d59005ee9799da32fbc041bcb3509 DependenciesID=5abec5aabe6b92b872a9a4fd3cc4faeb StaticDependenciesID=d9e496b60cd92b55b9a3784e5728de84 
Number of updated asset objects reloaded before import = 0
Number of asset objects unloaded after import = 0
========================================================================
Received Import Request.
  Time of request: 2026-10-09T14:11:45.605294Z
  Time since last request: 0.000308256 seconds.
  importAddress: GUID: 50db2526021f1429e84687ad14aa0855 - Path: Packages/com.unity.inputsystem/InputSystem/Editor/AssetImporter/InputActionImporterEditor.cs - Importer: ScriptedImporter/UnityEditor.QuickSearchModule:UnityEditor.Search:ASIAI0B
Importing 'GUID: 50db2526021f1429e84687ad14aa0855 - Path: Packages/com.unity.inputsystem/InputSystem/Editor/AssetImporter/InputActionImporterEditor.cs - Importer: ScriptedImporter/UnityEditor.QuickSearchModule:UnityEditor.Search:ASIAI0B' with importer (ScriptedImporter : UnityEditor.QuickSearchModule:UnityEditor.Search:ASIAI0B)
Imported 'GUID: 50db2526021f1429e84687ad14aa0855' -> (Import Result ID: '75604efe49069be4d2146648c71e8cff') in 0.002 seconds [static and dynamic dependencies]. Details - ImportResultOutputID=534ac037c94270a9aeb71056ebc91206 DependenciesID=de659f3eb1a39a9a9404660f9cfb1589 StaticDependenciesID=1fbc2686d44b51cbb0f4062f30aff96e 
Number of updated asset objects reloaded before import = 0
Number of asset objects unloaded after import = 0
========================================================================
Received Import Request.
  Time of request: 2026-10-09T14:11:45.616444Z
  Time since last request: 0.000366194 seconds.
  importAddress: GUID: 57f4c22a7e71744499d25ed776ef6cf2 - Path: Packages/com.unity.inputsystem/InputSystem/Editor/AssetImporter/InputActionAssetEditor.cs - Importer: ScriptedImporter/UnityEditor.QuickSearchModule:UnityEditor.Search:ASIAI0B
Importing 'GUID: 57f4c22a7e71744499d25ed776ef6cf2 - Path: Packages/com.unity.inputsystem/InputSystem/Editor/AssetImporter/InputActionAssetEditor.cs - Importer: ScriptedImporter/UnityEditor.QuickSearchModule:UnityEditor.Search:ASIAI0B' with importer (ScriptedImporter : UnityEditor.QuickSearchModule:UnityEditor.Search:ASIAI0B)
Imported 'GUID: 57f4c22a7e71744499d25ed776ef6cf2' -> (Import Result ID: '7e52b769347d9e11fd4d7ea815b01304') in 0.001 seconds [static and dynamic dependencies]. Details - ImportResultOutputID=066be6d6e7f3d5835cb7dccea7b20c3f DependenciesID=417a5998549d927cf325a51d89dd09de StaticDependenciesID=7e28694deac5c64f2c22ed7f4f864785 
Number of updated asset objects reloaded before import = 0
Number of asset objects unloaded after import = 0
========================================================================
Received Import Request.
  Time of request: 2026-10-09T14:11:45.625887Z
  Time since last request: 0.000270715 seconds.
  importAddress: GUID: 58dca4037ed747dba3154af0d815053a - Path: Packages/com.unity.inputsystem/InputSystem/Editor/Debugger/InputLatencyCalculator.cs - Importer: ScriptedImporter/UnityEditor.QuickSearchModule:UnityEditor.Search:ASIAI0B
Importing 'GUID: 58dca4037ed747dba3154af0d815053a - Path: Packages/com.unity.inputsystem/InputSystem/Editor/Debugger/InputLatencyCalculator.cs - Importer: ScriptedImporter/UnityEditor.QuickSearchModule:UnityEditor.Search:ASIAI0B' with importer (ScriptedImporter : UnityEditor.QuickSearchModule:UnityEditor.Search:ASIAI0B)
Imported 'GUID: 58dca4037ed747dba3154af0d815053a' -> (Import Result ID: 'f2bff9d08c95a8e27509909e0388322c') in 0.001 seconds [static and dynamic dependencies]. Details - ImportResultOutputID=4c894b0d3dc8c1fd7c5cf9756f637c12 DependenciesID=883768db71d7a10ef4a1f1c62c70aee2 StaticDependenciesID=508fd852a2d846fb885008ae9f73c82a 
Number of updated asset objects reloaded before import = 0
Number of asset objects unloaded after import = 0
========================================================================
Received Import Request.
  Time of request: 2026-10-09T14:11:45.649705Z
  Time since last request: 0.01462469 seconds.
  importAddress: GUID: c998b283038914e699477f514ecb31ac - Path: Packages/com.unity.inputsystem/InputSystem/Editor/Icons/Position@4x.png - Importer: ScriptedImporter/UnityEditor.QuickSearchModule:UnityEditor.Search:ASIAI0B
Importing 'GUID: c998b283038914e699477f514ecb31ac - Path: Packages/com.unity.inputsystem/InputSystem/Editor/Icons/Position@4x.png - Importer: ScriptedImporter/UnityEditor.QuickSearchModule:UnityEditor.Search:ASIAI0B' with importer (ScriptedImporter : UnityEditor.QuickSearchModule:UnityEditor.Search:ASIAI0B)
Imported 'GUID: c998b283038914e699477f514ecb31ac' -> (Import Result ID: 'd8d40f32c7da2cdeceba5be99bc28770') in 0.005 seconds [static and dynamic dependencies]. Details - ImportResultOutputID=e8f7bf4e3d1d7f19489f7ef9947df3fc DependenciesID=49437b4ae37b6e3b25d51d8b5a270421 StaticDependenciesID=bff5fc8427ecaa11abae0f7a654a1b76 
Number of updated asset objects reloaded before import = 0
Number of asset objects unloaded after import = 1
========================================================================
Received Import Request.
  Time of request: 2026-10-09T14:11:45.667099Z
  Time since last request: 0.000254325 seconds.
  importAddress: GUID: 87ae93efe5d3b4262995b0acdc987d88 - Path: Packages/com.unity.inputsystem/InputSystem/Editor/Icons/Keyboard@2x.png - Importer: ScriptedImporter/UnityEditor.QuickSearchModule:UnityEditor.Search:ASIAI0B
Importing 'GUID: 87ae93efe5d3b4262995b0acdc987d88 - Path: Packages/com.unity.inputsystem/InputSystem/Editor/Icons/Keyboard@2x.png - Importer: ScriptedImporter/UnityEditor.QuickSearchModule:UnityEditor.Search:ASIAI0B' with importer (ScriptedImporter : UnityEditor.QuickSearchModule:UnityEditor.Search:ASIAI0B)
Imported 'GUID: 87ae93efe5d3b4262995b0acdc987d88' -> (Import Result ID: '53e24c4ee972eb95a5ce6b4cd4c1fd79') in 0.004 seconds [static and dynamic dependencies]. Details - ImportResultOutputID=448032b671d36233c854bde107893051 DependenciesID=a8ea7630f1978df8f20f8a15c47edec9 StaticDependenciesID=855a79004a27ce3d5b2720eac45ae247 
Number of updated asset objects reloaded before import = 0
Number of asset objects unloaded after import = 1
========================================================================
Received Import Request.
  Time of request: 2026-10-09T14:11:45.682069Z
  Time since last request: 0.000512677 seconds.
  importAddress: GUID: 5806833d077654e5784b7cbf3e722f58 - Path: Packages/com.unity.inputsystem/InputSystem/Editor/Icons/Dpad@2x.png - Importer: ScriptedImporter/UnityEditor.QuickSearchModule:UnityEditor.Search:ASIAI0B
Importing 'GUID: 5806833d077654e5784b7cbf3e722f58 - Path: Packages/com.unity.inputsystem/InputSystem/Editor/Icons/Dpad@2x.png - Importer: ScriptedImporter/UnityEditor.QuickSearchModule:UnityEditor.Search:ASIAI0B' with importer (ScriptedImporter : UnityEditor.QuickSearchModule:UnityEditor.Search:ASIAI0B)
Imported 'GUID: 5806833d077654e5784b7cbf3e722f58' -> (Import Result ID: '09e1642f8fdef4b5e36903fa3f423998') in 0.004 seconds [static and dynamic dependencies]. Details - ImportResultOutputID=2a74d13e41557acd6d4b198e5411da34 DependenciesID=2becc1371aea44ddae46a0bece03722f StaticDependenciesID=f3756564e1eb808796d2d6da33e5f261 
Number of updated asset objects reloaded before import = 0
Number of asset objects unloaded after import = 1
========================================================================
Received Import Request.
  Time of request: 2026-10-09T14:11:45.694186Z
  Time since last request: 0.000349142 seconds.
  importAddress: GUID: 006305b616daf47409935f3dc8a172e2 - Path: Packages/com.unity.inputsystem/InputSystem/Editor/Icons/ChevronUp@3x.png - Importer: ScriptedImporter/UnityEditor.QuickSearchModule:UnityEditor.Search:ASIAI0B
Importing 'GUID: 006305b616daf47409935f3dc8a172e2 - Path: Packages/com.unity.inputsystem/InputSystem/Editor/Icons/ChevronUp@3x.png - Importer: ScriptedImporter/UnityEditor.QuickSearchModule:UnityEditor.Search:ASIAI0B' with importer (ScriptedImporter : UnityEditor.QuickSearchModule:UnityEditor.Search:ASIAI0B)
Imported 'GUID: 006305b616daf47409935f3dc8a172e2' -> (Import Result ID: 'fe35f1ed4a5c22b153b34a8e1d9fe0c9') in 0.004 seconds [static and dynamic dependencies]. Details - ImportResultOutputID=b6daa78eedb830f4c3ec04ff36724c3b DependenciesID=c11bdfec0417e8fa9df4485920ebe6a8 StaticDependenciesID=e0ea15c9880ca11b61368cfb5a4a7331 
Number of updated asset objects reloaded before import = 0
Number of asset objects unloaded after import = 1
========================================================================
Received Import Request.
  Time of request: 2026-10-09T14:11:45.708723Z
  Time since last request: 0.00035935 seconds.
  importAddress: GUID: ea8b7319643924985a9ee4ca18b8db59 - Path: Packages/com.unity.inputsystem/InputSystem/Editor/Icons/Pen.png - Importer: ScriptedImporter/UnityEditor.QuickSearchModule:UnityEditor.Search:ASIAI0B
Importing 'GUID: ea8b7319643924985a9ee4ca18b8db59 - Path: Packages/com.unity.inputsystem/InputSystem/Editor/Icons/Pen.png - Importer: ScriptedImporter/UnityEditor.QuickSearchModule:UnityEditor.Search:ASIAI0B' with importer (ScriptedImporter : UnityEditor.QuickSearchModule:UnityEditor.Search:ASIAI0B)
Imported 'GUID: ea8b7319643924985a9ee4ca18b8db59' -> (Import Result ID: 'bb5d80bd664b36e9020b5cbe6605580e') in 0.005 seconds [static and dynamic dependencies]. Details - ImportResultOutputID=ea958ed9159986c3478c0a4883afb2ba DependenciesID=ed7f749afb812de9a7ee1fb5ac1b8693 StaticDependenciesID=78c7e7a0f8335523d395f6905bd60cf4 
Number of updated asset objects reloaded before import = 0
Number of asset objects unloaded after import = 1
========================================================================
Received Import Request.
  Time of request: 2026-10-09T14:11:45.723894Z
  Time since last request: 0.000393384 seconds.
  importAddress: GUID: ba304f5556a3a4fac98d126883083e7e - Path: Packages/com.unity.inputsystem/InputSystem/Editor/Icons/ChevronDown.png - Importer: ScriptedImporter/UnityEditor.QuickSearchModule:UnityEditor.Search:ASIAI0B
Importing 'GUID: ba304f5556a3a4fac98d126883083e7e - Path: Packages/com.unity.inputsystem/InputSystem/Editor/Icons/ChevronDown.png - Importer: ScriptedImporter/UnityEditor.QuickSearchModule:UnityEditor.Search:ASIAI0B' with importer (ScriptedImporter : UnityEditor.QuickSearchModule:UnityEditor.Search:ASIAI0B)
Imported 'GUID: ba304f5556a3a4fac98d126883083e7e' -> (Import Result ID: '485632e7b036ca1976f5e88cd86c4121') in 0.004 seconds [static and dynamic dependencies]. Details - ImportResultOutputID=57e73d878ee86c7b393e8b2af72e78b9 DependenciesID=b6b13d88f41ead4f17700ada3e2639df StaticDependenciesID=1404be07d37e82d2e001d05c6cb6d4e6 
Number of updated asset objects reloaded before import = 0
Number of asset objects unloaded after import = 1
========================================================================
Received Import Request.
  Time of request: 2026-10-09T14:11:45.738306Z
  Time since last request: 0.000390068 seconds.
  importAddress: GUID: 08c99f7c2a7fa410d8567323e32ad5f5 - Path: Packages/com.unity.inputsystem/InputSystem/Editor/Icons/InputControl@4x.png - Importer: ScriptedImporter/UnityEditor.QuickSearchModule:UnityEditor.Search:ASIAI0B
Importing 'GUID: 08c99f7c2a7fa410d8567323e32ad5f5 - Path: Packages/com.unity.inputsystem/InputSystem/Editor/Icons/InputControl@4x.png - Importer: ScriptedImporter/UnityEditor.QuickSearchModule:UnityEditor.Search:ASIAI0B' with importer (ScriptedImporter : UnityEditor.QuickSearchModule:UnityEditor.Search:ASIAI0B)
Imported 'GUID: 08c99f7c2a7fa410d8567323e32ad5f5' -> (Import Result ID: '0d1eee30b152be0b00366a61ddfa8b84') in 0.004 seconds [static and dynamic dependencies]. Details - ImportResultOutputID=1b22a797c75c9d0e26c8aed105b1c176 DependenciesID=3841bf1bf29233ad942ef1a444513610 StaticDependenciesID=c273d436bdc220974c908aab8bd3bce3 
Number of updated asset objects reloaded before import = 0
Number of asset objects unloaded after import = 1
========================================================================
Received Import Request.
  Time of request: 2026-10-09T14:11:45.834414Z
  Time since last request: 0.081849095 seconds.
  importAddress: GUID: f5ace3d653812436a812bebfe7f9a242 - Path: Packages/com.unity.inputsystem/InputSystem/Editor/Icons/Stick@4x.png - Importer: ScriptedImporter/UnityEditor.QuickSearchModule:UnityEditor.Search:ASIAI0B
Importing 'GUID: f5ace3d653812436a812bebfe7f9a242 - Path: Packages/com.unity.inputsystem/InputSystem/Editor/Icons/Stick@4x.png - Importer: ScriptedImporter/UnityEditor.QuickSearchModule:UnityEditor.Search:ASIAI0B' with importer (ScriptedImporter : UnityEditor.QuickSearchModule:UnityEditor.Search:ASIAI0B)
Imported 'GUID: f5ace3d653812436a812bebfe7f9a242' -> (Import Result ID: 'e6d0fc05362fc70983e9314f08b5fb4f') in 0.005 seconds [static and dynamic dependencies]. Details - ImportResultOutputID=832f1338beec567ed01dff93fc56b8a3 DependenciesID=2bd54115bf88312632f0cc5f207bf611 StaticDependenciesID=f56390a39e212b621f7d1196a75c8ed5 
Number of updated asset objects reloaded before import = 0
Number of asset objects unloaded after import = 1
========================================================================
Received Import Request.
  Time of request: 2026-10-09T14:11:45.850751Z
  Time since last request: 0.000992323 seconds.
  importAddress: GUID: cac8742b1b72b44699fd1663287ca47d - Path: Packages/com.unity.inputsystem/InputSystem/Editor/Icons/Interactive Binding@3x.png - Importer: ScriptedImporter/UnityEditor.QuickSearchModule:UnityEditor.Search:ASIAI0B
Importing 'GUID: cac8742b1b72b44699fd1663287ca47d - Path: Packages/com.unity.inputsystem/InputSystem/Editor/Icons/Interactive Binding@3x.png - Importer: ScriptedImporter/UnityEditor.QuickSearchModule:UnityEditor.Search:ASIAI0B' with importer (ScriptedImporter : UnityEditor.QuickSearchModule:UnityEditor.Search:ASIAI0B)
Imported 'GUID: cac8742b1b72b44699fd1663287ca47d' -> (Import Result ID: '8574961d9757f3e226f018a09acbac6c') in 0.005 seconds [static and dynamic dependencies]. Details - ImportResultOutputID=3973fff6385b85a6c14153d2559791c0 DependenciesID=00525aebd0660b06cb8ac12a5b97b725 StaticDependenciesID=0c939fcb43a90aee647a23d020cd9610 
Number of updated asset objects reloaded before import = 0
Number of asset objects unloaded after import = 1
========================================================================
Received Import Request.
  Time of request: 2026-10-09T14:11:45.86765Z
  Time since last request: 0.000295031 seconds.
  importAddress: GUID: 7fc0926499f7a4500b152d45397c44a4 - Path: Packages/com.unity.inputsystem/InputSystem/Editor/Icons/Keyboard@4x.png - Importer: ScriptedImporter/UnityEditor.QuickSearchModule:UnityEditor.Search:ASIAI0B
Importing 'GUID: 7fc0926499f7a4500b152d45397c44a4 - Path: Packages/com.unity.inputsystem/InputSystem/Editor/Icons/Keyboard@4x.png - Importer: ScriptedImporter/UnityEditor.QuickSearchModule:UnityEditor.Search:ASIAI0B' with importer (ScriptedImporter : UnityEditor.QuickSearchModule:UnityEditor.Search:ASIAI0B)
Imported 'GUID: 7fc0926499f7a4500b152d45397c44a4' -> (Import Result ID: '42252f6fca4440bf919add72198b7fd2') in 0.004 seconds [static and dynamic dependencies]. Details - ImportResultOutputID=9486e2447e58737e396246847ba98075 DependenciesID=7cf1385ef7333592494bf4278198730c StaticDependenciesID=dbcf3dd743e30a304e05ed35497acc65 
Number of updated asset objects reloaded before import = 0
Number of asset objects unloaded after import = 1
========================================================================
Received Import Request.
  Time of request: 2026-10-09T14:11:45.880804Z
  Time since last request: 0.000263252 seconds.
  importAddress: GUID: d1acbe0a708dc40dc80254764e67ecfa - Path: Packages/com.unity.inputsystem/InputSystem/Editor/Icons/ChevronDown@4x.png - Importer: ScriptedImporter/UnityEditor.QuickSearchModule:UnityEditor.Search:ASIAI0B
Importing 'GUID: d1acbe0a708dc40dc80254764e67ecfa - Path: Packages/com.unity.inputsystem/InputSystem/Editor/Icons/ChevronDown@4x.png - Importer: ScriptedImporter/UnityEditor.QuickSearchModule:UnityEditor.Search:ASIAI0B' with importer (ScriptedImporter : UnityEditor.QuickSearchModule:UnityEditor.Search:ASIAI0B)
Imported 'GUID: d1acbe0a708dc40dc80254764e67ecfa' -> (Import Result ID: '472da09e40614c14fcbb9f30fade0227') in 0.006 seconds [static and dynamic dependencies]. Details - ImportResultOutputID=f23ba93dbf421e092bfd722d9b9e672c DependenciesID=41cda4363c3a7a77e1c3231a953a5d5c StaticDependenciesID=985dfe34e52c133673720dd6c20658ce 
Number of updated asset objects reloaded before import = 0
Number of asset objects unloaded after import = 1
========================================================================
Received Import Request.
  Time of request: 2026-10-09T14:11:45.894784Z
  Time since last request: 0.000216003 seconds.
  importAddress: GUID: a43c2c10c85c448b584c8f2840f86915 - Path: Packages/com.unity.inputsystem/InputSystem/Editor/Icons/Position@3x.png - Importer: ScriptedImporter/UnityEditor.QuickSearchModule:UnityEditor.Search:ASIAI0B
Importing 'GUID: a43c2c10c85c448b584c8f2840f86915 - Path: Packages/com.unity.inputsystem/InputSystem/Editor/Icons/Position@3x.png - Importer: ScriptedImporter/UnityEditor.QuickSearchModule:UnityEditor.Search:ASIAI0B' with importer (ScriptedImporter : UnityEditor.QuickSearchModule:UnityEditor.Search:ASIAI0B)
Imported 'GUID: a43c2c10c85c448b584c8f2840f86915' -> (Import Result ID: '74cf33902310c68ddd32df1e35dd651c') in 0.005 seconds [static and dynamic dependencies]. Details - ImportResultOutputID=329c86d044d813089e08ecb05cdeda8d DependenciesID=d4dfc42e770d1006815ec8c3fea0d784 StaticDependenciesID=252d44ddb8e71ff84c1c3c72ef84c538 
Number of updated asset objects reloaded before import = 0
Number of asset objects unloaded after import = 1
========================================================================
Received Import Request.
  Time of request: 2026-10-09T14:11:45.908649Z
  Time since last request: 0.000328303 seconds.
  importAddress: GUID: 5a5b9538c3aaa4587856e68a93a92a51 - Path: Packages/com.unity.inputsystem/InputSystem/Editor/Icons/Keyboard.png - Importer: ScriptedImporter/UnityEditor.QuickSearchModule:UnityEditor.Search:ASIAI0B
Importing 'GUID: 5a5b9538c3aaa4587856e68a93a92a51 - Path: Packages/com.unity.inputsystem/InputSystem/Editor/Icons/Keyboard.png - Importer: ScriptedImporter/UnityEditor.QuickSearchModule:UnityEditor.Search:ASIAI0B' with importer (ScriptedImporter : UnityEditor.QuickSearchModule:UnityEditor.Search:ASIAI0B)
Imported 'GUID: 5a5b9538c3aaa4587856e68a93a92a51' -> (Import Result ID: 'f47a6391198229a403e39fce9743c1c0') in 0.004 seconds [static and dynamic dependencies]. Details - ImportResultOutputID=69007bb52fc9a1b3294b46223708b9ec DependenciesID=14d775a3c2c8dfa62634384e6dd11a82 StaticDependenciesID=8f684f42c61cf58c20060363cee82ad2 
Number of updated asset objects reloaded before import = 0
Number of asset objects unloaded after import = 1
========================================================================
Received Import Request.
  Time of request: 2026-10-09T14:11:45.922069Z
  Time since last request: 0.000202829 seconds.
  importAddress: GUID: 62ce957ca99fe4fcba573a5b141eb113 - Path: Packages/com.unity.inputsystem/InputSystem/Editor/Icons/InputControl@2x.png - Importer: ScriptedImporter/UnityEditor.QuickSearchModule:UnityEditor.Search:ASIAI0B
Importing 'GUID: 62ce957ca99fe4fcba573a5b141eb113 - Path: Packages/com.unity.inputsystem/InputSystem/Editor/Icons/InputControl@2x.png - Importer: ScriptedImporter/UnityEditor.QuickSearchModule:UnityEditor.Search:ASIAI0B' with importer (ScriptedImporter : UnityEditor.QuickSearchModule:UnityEditor.Search:ASIAI0B)
Imported 'GUID: 62ce957ca99fe4fcba573a5b141eb113' -> (Import Result ID: 'b1512e3ab1f54f1548a0c89a632714fe') in 0.004 seconds [static and dynamic dependencies]. Details - ImportResultOutputID=6878586dd9490f8d3de750cafd917566 DependenciesID=3565c19c2200794bdef3af1e45bd191e StaticDependenciesID=c72f228dd751235838c599181d9bf90b 
Number of updated asset objects reloaded before import = 0
Number of asset objects unloaded after import = 1
========================================================================
Received Import Request.
  Time of request: 2026-10-09T14:11:45.935934Z
  Time since last request: 0.000339404 seconds.
  importAddress: GUID: 05bbafd21bf3c4cca93cb8ddfbbd4070 - Path: Packages/com.unity.inputsystem/InputSystem/Editor/Icons/Mouse@3x.png - Importer: ScriptedImporter/UnityEditor.QuickSearchModule:UnityEditor.Search:ASIAI0B
Importing 'GUID: 05bbafd21bf3c4cca93cb8ddfbbd4070 - Path: Packages/com.unity.inputsystem/InputSystem/Editor/Icons/Mouse@3x.png - Importer: ScriptedImporter/UnityEditor.QuickSearchModule:UnityEditor.Search:ASIAI0B' with importer (ScriptedImporter : UnityEditor.QuickSearchModule:UnityEditor.Search:ASIAI0B)
Imported 'GUID: 05bbafd21bf3c4cca93cb8ddfbbd4070' -> (Import Result ID: '45a4fa512e1de5b7705dbffe33ace039') in 0.004 seconds [static and dynamic dependencies]. Details - ImportResultOutputID=e69bea3cac975f86a49b6a6641e96e31 DependenciesID=1c28ee94352f17bf3c03b12f1a0110c3 StaticDependenciesID=ccf14ffa512d094e11b6c730872aa8de 
Number of updated asset objects reloaded before import = 0
Number of asset objects unloaded after import = 1
========================================================================
Received Import Request.
  Time of request: 2026-10-09T14:11:45.952547Z
  Time since last request: 0.000611561 seconds.
  importAddress: GUID: a4610f64a5a4e4625b1ddbd44b04c5a6 - Path: Packages/com.unity.inputsystem/InputSystem/Editor/Icons/Joystick@3x.png - Importer: ScriptedImporter/UnityEditor.QuickSearchModule:UnityEditor.Search:ASIAI0B
Importing 'GUID: a4610f64a5a4e4625b1ddbd44b04c5a6 - Path: Packages/com.unity.inputsystem/InputSystem/Editor/Icons/Joystick@3x.png - Importer: ScriptedImporter/UnityEditor.QuickSearchModule:UnityEditor.Search:ASIAI0B' with importer (ScriptedImporter : UnityEditor.QuickSearchModule:UnityEditor.Search:ASIAI0B)
Imported 'GUID: a4610f64a5a4e4625b1ddbd44b04c5a6' -> (Import Result ID: 'e7124bcf3497bed1005fbf8e94a7cd1b') in 0.005 seconds [static and dynamic dependencies]. Details - ImportResultOutputID=3c1d5bc7f73de511ea0df921dd5e89cd DependenciesID=1b966f4f8823c6147c756e8c9f97c6bc StaticDependenciesID=c0c921c2badff6cb7d721f475ff48720 
Number of updated asset objects reloaded before import = 0
Number of asset objects unloaded after import = 1
========================================================================
Received Import Request.
  Time of request: 2026-10-09T14:11:45.966647Z
  Time since last request: 0.000204722 seconds.
  importAddress: GUID: 17c8753d0e5e24194b06404851be7f13 - Path: Packages/com.unity.inputsystem/InputSystem/Editor/Icons/Gamepad.png - Importer: ScriptedImporter/UnityEditor.QuickSearchModule:UnityEditor.Search:ASIAI0B
Importing 'GUID: 17c8753d0e5e24194b06404851be7f13 - Path: Packages/com.unity.inputsystem/InputSystem/Editor/Icons/Gamepad.png - Importer: ScriptedImporter/UnityEditor.QuickSearchModule:UnityEditor.Search:ASIAI0B' with importer (ScriptedImporter : UnityEditor.QuickSearchModule:UnityEditor.Search:ASIAI0B)
Imported 'GUID: 17c8753d0e5e24194b06404851be7f13' -> (Import Result ID: '0dea5b8819d378c9005deef257e36364') in 0.004 seconds [static and dynamic dependencies]. Details - ImportResultOutputID=29183db80928ec8cbebec240cea2d542 DependenciesID=25011cd8a541795e8434d03bc10cb838 StaticDependenciesID=1d12e484ea4b9ab77463e1a78818fb18 
Number of updated asset objects reloaded before import = 0
Number of asset objects unloaded after import = 1
========================================================================
Received Import Request.
  Time of request: 2026-10-09T14:11:45.979309Z
  Time since last request: 0.000224879 seconds.
  importAddress: GUID: 62f8dda50382d487597224e197cbd34f - Path: Packages/com.unity.inputsystem/InputSystem/Editor/Icons/Orientation@2x.png - Importer: ScriptedImporter/UnityEditor.QuickSearchModule:UnityEditor.Search:ASIAI0B
Importing 'GUID: 62f8dda50382d487597224e197cbd34f - Path: Packages/com.unity.inputsystem/InputSystem/Editor/Icons/Orientation@2x.png - Importer: ScriptedImporter/UnityEditor.QuickSearchModule:UnityEditor.Search:ASIAI0B' with importer (ScriptedImporter : UnityEditor.QuickSearchModule:UnityEditor.Search:ASIAI0B)
Imported 'GUID: 62f8dda50382d487597224e197cbd34f' -> (Import Result ID: '4ae8678bcb01e475785ce19d5a459981') in 0.004 seconds [static and dynamic dependencies]. Details - ImportResultOutputID=31581590f53c31530059da1692092d9f DependenciesID=f2af312be5eba3006f3331e7c79c931d StaticDependenciesID=b29cb490732d38588088e589eb510893 
Number of updated asset objects reloaded before import = 0
Number of asset objects unloaded after import = 1
========================================================================
Received Import Request.
  Time of request: 2026-10-09T14:11:45.991191Z
  Time since last request: 0.000282357 seconds.
  importAddress: GUID: 985cbca1705a64c80b370afdb30b3ee7 - Path: Packages/com.unity.inputsystem/InputSystem/Editor/Icons/ChevronDown@3x.png - Importer: ScriptedImporter/UnityEditor.QuickSearchModule:UnityEditor.Search:ASIAI0B
Importing 'GUID: 985cbca1705a64c80b370afdb30b3ee7 - Path: Packages/com.unity.inputsystem/InputSystem/Editor/Icons/ChevronDown@3x.png - Importer: ScriptedImporter/UnityEditor.QuickSearchModule:UnityEditor.Search:ASIAI0B' with importer (ScriptedImporter : UnityEditor.QuickSearchModule:UnityEditor.Search:ASIAI0B)
Imported 'GUID: 985cbca1705a64c80b370afdb30b3ee7' -> (Import Result ID: '8381bd277a9c5b25386698df4e37cf81') in 0.003 seconds [static and dynamic dependencies]. Details - ImportResultOutputID=d32ac4eb693c6aefaa8114f68093dd9d DependenciesID=a4fe937dc329b41df38884d1b28167eb StaticDependenciesID=3b458238535ae2362769c42de48f9ab6 
Number of updated asset objects reloaded before import = 0
Number of asset objects unloaded after import = 1
========================================================================
Received Import Request.
  Time of request: 2026-10-09T14:11:46.003534Z
  Time since last request: 0.000428881 seconds.
  importAddress: GUID: 18e45e1f11fae429c80c200cca8e0b4c - Path: Packages/com.unity.inputsystem/InputSystem/Editor/Icons/Joystick@2x.png - Importer: ScriptedImporter/UnityEditor.QuickSearchModule:UnityEditor.Search:ASIAI0B
Importing 'GUID: 18e45e1f11fae429c80c200cca8e0b4c - Path: Packages/com.unity.inputsystem/InputSystem/Editor/Icons/Joystick@2x.png - Importer: ScriptedImporter/UnityEditor.QuickSearchModule:UnityEditor.Search:ASIAI0B' with importer (ScriptedImporter : UnityEditor.QuickSearchModule:UnityEditor.Search:ASIAI0B)
Imported 'GUID: 18e45e1f11fae429c80c200cca8e0b4c' -> (Import Result ID: '1826bc444c9f8f838551717368bfdb38') in 0.004 seconds [static and dynamic dependencies]. Details - ImportResultOutputID=7cabffa5ae9ad624747fbb7eed22c0a0 DependenciesID=55ab173d47101c55ddce8c2046ee6cd7 StaticDependenciesID=37bd20d4ef994004740938720f97ce49 
Number of updated asset objects reloaded before import = 0
Number of asset objects unloaded after import = 1
========================================================================
Received Import Request.
  Time of request: 2026-10-09T14:11:46.017691Z
  Time since last request: 0.000527034 seconds.
  importAddress: GUID: 9721efa02e520488d96c36460fe7e4a6 - Path: Packages/com.unity.inputsystem/InputSystem/Editor/Icons/Mouse@2x.png - Importer: ScriptedImporter/UnityEditor.QuickSearchModule:UnityEditor.Search:ASIAI0B
Importing 'GUID: 9721efa02e520488d96c36460fe7e4a6 - Path: Packages/com.unity.inputsystem/InputSystem/Editor/Icons/Mouse@2x.png - Importer: ScriptedImporter/UnityEditor.QuickSearchModule:UnityEditor.Search:ASIAI0B' with importer (ScriptedImporter : UnityEditor.QuickSearchModule:UnityEditor.Search:ASIAI0B)
Imported 'GUID: 9721efa02e520488d96c36460fe7e4a6' -> (Import Result ID: '064ee049970c2fcd43b5b05d1f3ea5c6') in 0.004 seconds [static and dynamic dependencies]. Details - ImportResultOutputID=ca47c1f08f0d88342835191d3858df06 DependenciesID=4c27b802def8d257c5c605c05c0698d2 StaticDependenciesID=89a44d4fc323f755197fbb1cc99501af 
Number of updated asset objects reloaded before import = 0
Number of asset objects unloaded after import = 1
========================================================================
Received Import Request.
  Time of request: 2026-10-09T14:11:46.055175Z
  Time since last request: 0.02418227 seconds.
  importAddress: GUID: 424bff4d3ea64400e9b384cb8bebfb96 - Path: Packages/com.unity.inputsystem/InputSystem/Editor/Icons/d_Orientation@3x.png - Importer: ScriptedImporter/UnityEditor.QuickSearchModule:UnityEditor.Search:ASIAI0B
Importing 'GUID: 424bff4d3ea64400e9b384cb8bebfb96 - Path: Packages/com.unity.inputsystem/InputSystem/Editor/Icons/d_Orientation@3x.png - Importer: ScriptedImporter/UnityEditor.QuickSearchModule:UnityEditor.Search:ASIAI0B' with importer (ScriptedImporter : UnityEditor.QuickSearchModule:UnityEditor.Search:ASIAI0B)
Imported 'GUID: 424bff4d3ea64400e9b384cb8bebfb96' -> (Import Result ID: '94d6bc6d80d6776850c4ac762801f2a0') in 0.005 seconds [static and dynamic dependencies]. Details - ImportResultOutputID=074b1084ad1947693547ba3422e7ff6f DependenciesID=30e6941f9503e64b39d567441eb1fceb StaticDependenciesID=b93bf81fb31c2b8620e245d27c14d36d 
Number of updated asset objects reloaded before import = 0
Number of asset objects unloaded after import = 1
========================================================================
Received Import Request.
  Time of request: 2026-10-09T14:11:46.069667Z
  Time since last request: 0.000171871 seconds.
  importAddress: GUID: 83382fb171da648c594229ca6fa7ad94 - Path: Packages/com.unity.inputsystem/InputSystem/Editor/Icons/d_Keyboard.png - Importer: ScriptedImporter/UnityEditor.QuickSearchModule:UnityEditor.Search:ASIAI0B
Importing 'GUID: 83382fb171da648c594229ca6fa7ad94 - Path: Packages/com.unity.inputsystem/InputSystem/Editor/Icons/d_Keyboard.png - Importer: ScriptedImporter/UnityEditor.QuickSearchModule:UnityEditor.Search:ASIAI0B' with importer (ScriptedImporter : UnityEditor.QuickSearchModule:UnityEditor.Search:ASIAI0B)
Imported 'GUID: 83382fb171da648c594229ca6fa7ad94' -> (Import Result ID: '8c20abf197815ecd9dcb84017126494e') in 0.004 seconds [static and dynamic dependencies]. Details - ImportResultOutputID=426fbae1e274afe3469ffa13843d10e3 DependenciesID=0e9add16ede5e1b81548b4f22461f5ca StaticDependenciesID=4b65e6b2bd288fece8791b4ed4a77000 
Number of updated asset objects reloaded before import = 0
Number of asset objects unloaded after import = 1
========================================================================
Received Import Request.
  Time of request: 2026-10-09T14:11:46.082538Z
  Time since last request: 0.000288278 seconds.
  importAddress: GUID: 0309256f03c114697813e2296f0a1f18 - Path: Packages/com.unity.inputsystem/InputSystem/Editor/Icons/d_Button.png - Importer: ScriptedImporter/UnityEditor.QuickSearchModule:UnityEditor.Search:ASIAI0B
Importing 'GUID: 0309256f03c114697813e2296f0a1f18 - Path: Packages/com.unity.inputsystem/InputSystem/Editor/Icons/d_Button.png - Importer: ScriptedImporter/UnityEditor.QuickSearchModule:UnityEditor.Search:ASIAI0B' with importer (ScriptedImporter : UnityEditor.QuickSearchModule:UnityEditor.Search:ASIAI0B)
Imported 'GUID: 0309256f03c114697813e2296f0a1f18' -> (Import Result ID: '9ced068ec1044e18d92e645f69cb65cb') in 0.004 seconds [static and dynamic dependencies]. Details - ImportResultOutputID=6ad2127d28367f86caf237f52ddec46d DependenciesID=f6d47bd43fd928fbf54db99c0ee6d469 StaticDependenciesID=6e6ae671676af5f8248feb3f5a5161c0 
Number of updated asset objects reloaded before import = 0
Number of asset objects unloaded after import = 1
========================================================================
Received Import Request.
  Time of request: 2026-10-09T14:11:46.098017Z
  Time since last request: 0.000368628 seconds.
  importAddress: GUID: 7b8bfaee8f8631c4789ac62373cbc2d4 - Path: Packages/com.unity.inputsystem/InputSystem/Editor/Icons/TrackedPoseDriver@4x.png - Importer: ScriptedImporter/UnityEditor.QuickSearchModule:UnityEditor.Search:ASIAI0B
Importing 'GUID: 7b8bfaee8f8631c4789ac62373cbc2d4 - Path: Packages/com.unity.inputsystem/InputSystem/Editor/Icons/TrackedPoseDriver@4x.png - Importer: ScriptedImporter/UnityEditor.QuickSearchModule:UnityEditor.Search:ASIAI0B' with importer (ScriptedImporter : UnityEditor.QuickSearchModule:UnityEditor.Search:ASIAI0B)
Imported 'GUID: 7b8bfaee8f8631c4789ac62373cbc2d4' -> (Import Result ID: '11f645cac2ef904eae4d5d2bd8b5898d') in 0.004 seconds [static and dynamic dependencies]. Details - ImportResultOutputID=9d67c9c22ea550e326ba7697e4f2ed53 DependenciesID=78cfec3b7e14c81d05ff2330460bfcea StaticDependenciesID=3e0953bf7468cf9df19805bb95a7818e 
Number of updated asset objects reloaded before import = 0
Number of asset objects unloaded after import = 1
========================================================================
Received Import Request.
  Time of request: 2026-10-09T14:11:46.112348Z
  Time since last request: 0.000295301 seconds.
  importAddress: GUID: 83438053370c84456a73f7f95ef821fb - Path: Packages/com.unity.inputsystem/InputSystem/Editor/Icons/d_Gamepad@4x.png - Importer: ScriptedImporter/UnityEditor.QuickSearchModule:UnityEditor.Search:ASIAI0B
Importing 'GUID: 83438053370c84456a73f7f95ef821fb - Path: Packages/com.unity.inputsystem/InputSystem/Editor/Icons/d_Gamepad@4x.png - Importer: ScriptedImporter/UnityEditor.QuickSearchModule:UnityEditor.Search:ASIAI0B' with importer (ScriptedImporter : UnityEditor.QuickSearchModule:UnityEditor.Search:ASIAI0B)
Imported 'GUID: 83438053370c84456a73f7f95ef821fb' -> (Import Result ID: 'b55eed010fb13287987ce0c932ba6ecf') in 0.004 seconds [static and dynamic dependencies]. Details - ImportResultOutputID=16bc7eb14ee2ccd363226567b292e545 DependenciesID=eae3f49ef4ca91efb6c42ea9ec964efd StaticDependenciesID=ff916e1aafed57f058462ef8275ad8be 
Number of updated asset objects reloaded before import = 0
Number of asset objects unloaded after import = 1
========================================================================
Received Import Request.
  Time of request: 2026-10-09T14:11:46.126401Z
  Time since last request: 0.000273801 seconds.
  importAddress: GUID: d88596134c72c47b99d7d55583f4c6bf - Path: Packages/com.unity.inputsystem/InputSystem/Editor/Icons/d_Joystick@4x.png - Importer: ScriptedImporter/UnityEditor.QuickSearchModule:UnityEditor.Search:ASIAI0B
Importing 'GUID: d88596134c72c47b99d7d55583f4c6bf - Path: Packages/com.unity.inputsystem/InputSystem/Editor/Icons/d_Joystick@4x.png - Importer: ScriptedImporter/UnityEditor.QuickSearchModule:UnityEditor.Search:ASIAI0B' with importer (ScriptedImporter : UnityEditor.QuickSearchModule:UnityEditor.Search:ASIAI0B)
Imported 'GUID: d88596134c72c47b99d7d55583f4c6bf' -> (Import Result ID: '543fd54421c6a2d4633e52aac4883504') in 0.004 seconds [static and dynamic dependencies]. Details - ImportResultOutputID=ca1c48cf6fe9a4934356e8050d6f7c11 DependenciesID=84d87e552308f6ddcb56ffddaf27c4d0 StaticDependenciesID=3c516dbc9fb0e4caffd927f0a49df0d9 
Number of updated asset objects reloaded before import = 0
Number of asset objects unloaded after import = 1
========================================================================
Received Import Request.
  Time of request: 2026-10-09T14:11:46.139626Z
  Time since last request: 0.000423661 seconds.
  importAddress: GUID: de98baf415a2c4d7dbe0de74cb6e171c - Path: Packages/com.unity.inputsystem/InputSystem/Editor/Icons/d_Orientation@4x.png - Importer: ScriptedImporter/UnityEditor.QuickSearchModule:UnityEditor.Search:ASIAI0B
Importing 'GUID: de98baf415a2c4d7dbe0de74cb6e171c - Path: Packages/com.unity.inputsystem/InputSystem/Editor/Icons/d_Orientation@4x.png - Importer: ScriptedImporter/UnityEditor.QuickSearchModule:UnityEditor.Search:ASIAI0B' with importer (ScriptedImporter : UnityEditor.QuickSearchModule:UnityEditor.Search:ASIAI0B)
Imported 'GUID: de98baf415a2c4d7dbe0de74cb6e171c' -> (Import Result ID: '22254139fc4045ec026581935c58ac1d') in 0.006 seconds [static and dynamic dependencies]. Details - ImportResultOutputID=1e26d35d64c90bb677aa8d7fbcf14a59 DependenciesID=3753017670708d4a003ba9acebacff5a StaticDependenciesID=1f991529c3134daa0b1c155767e92c5f 
Number of updated asset objects reloaded before import = 0
Number of asset objects unloaded after import = 1
========================================================================
Received Import Request.
  Time of request: 2026-10-09T14:11:46.154889Z
  Time since last request: 0.000228015 seconds.
  importAddress: GUID: 1918e7bff8ff44878a0003977ca03971 - Path: Packages/com.unity.inputsystem/InputSystem/Editor/Icons/d_Mouse@4x.png - Importer: ScriptedImporter/UnityEditor.QuickSearchModule:UnityEditor.Search:ASIAI0B
Importing 'GUID: 1918e7bff8ff44878a0003977ca03971 - Path: Packages/com.unity.inputsystem/InputSystem/Editor/Icons/d_Mouse@4x.png - Importer: ScriptedImporter/UnityEditor.QuickSearchModule:UnityEditor.Search:ASIAI0B' with importer (ScriptedImporter : UnityEditor.QuickSearchModule:UnityEditor.Search:ASIAI0B)
Imported 'GUID: 1918e7bff8ff44878a0003977ca03971' -> (Import Result ID: '93d23d41b6c7ea7ca978e2f645f8801f') in 0.005 seconds [static and dynamic dependencies]. Details - ImportResultOutputID=ee9093e44a287b7c6740b0cd65b3cf74 DependenciesID=25ec3cd92226ec3a79b6c12ba3264e20 StaticDependenciesID=75e92bc97de7d58b962e1fd42fbc6e97 
Number of updated asset objects reloaded before import = 0
Number of asset objects unloaded after import = 1
========================================================================
Received Import Request.
  Time of request: 2026-10-09T14:11:46.170701Z
  Time since last request: 0.000457374 seconds.
  importAddress: GUID: 62c846073cb844a2b926e4bbd3189647 - Path: Packages/com.unity.inputsystem/InputSystem/Editor/Icons/d_Axis@3x.png - Importer: ScriptedImporter/UnityEditor.QuickSearchModule:UnityEditor.Search:ASIAI0B
Importing 'GUID: 62c846073cb844a2b926e4bbd3189647 - Path: Packages/com.unity.inputsystem/InputSystem/Editor/Icons/d_Axis@3x.png - Importer: ScriptedImporter/UnityEditor.QuickSearchModule:UnityEditor.Search:ASIAI0B' with importer (ScriptedImporter : UnityEditor.QuickSearchModule:UnityEditor.Search:ASIAI0B)
Imported 'GUID: 62c846073cb844a2b926e4bbd3189647' -> (Import Result ID: '794e8ab91db008344f08f09406f67cc2') in 0.004 seconds [static and dynamic dependencies]. Details - ImportResultOutputID=24071d82d5bd4fac804151cb2ab8d7dc DependenciesID=cf89c9ee83ebdd669b03ef7a1516fb4a StaticDependenciesID=ad6cf7de1c0bacab6f74abffaede2ba4 
Number of updated asset objects reloaded before import = 0
Number of asset objects unloaded after import = 1
========================================================================
Received Import Request.
  Time of request: 2026-10-09T14:11:46.188242Z
  Time since last request: 0.000692844 seconds.
  importAddress: GUID: a4bbff684804d4c84b61cd0256cd2360 - Path: Packages/com.unity.inputsystem/InputSystem/Editor/Icons/d_Add Binding.png - Importer: ScriptedImporter/UnityEditor.QuickSearchModule:UnityEditor.Search:ASIAI0B
Importing 'GUID: a4bbff684804d4c84b61cd0256cd2360 - Path: Packages/com.unity.inputsystem/InputSystem/Editor/Icons/d_Add Binding.png - Importer: ScriptedImporter/UnityEditor.QuickSearchModule:UnityEditor.Search:ASIAI0B' with importer (ScriptedImporter : UnityEditor.QuickSearchModule:UnityEditor.Search:ASIAI0B)
Imported 'GUID: a4bbff684804d4c84b61cd0256cd2360' -> (Import Result ID: '53852457e0cc0ef2b903eba76154de36') in 0.005 seconds [static and dynamic dependencies]. Details - ImportResultOutputID=775944498b6f2b61784de601f4f64cd7 DependenciesID=f863da8e6c554370b63373cfc8da9b47 StaticDependenciesID=493ed486913309be50edf5628efefc88 
Number of updated asset objects reloaded before import = 0
Number of asset objects unloaded after import = 1
========================================================================
Received Import Request.
  Time of request: 2026-10-09T14:11:46.204816Z
  Time since last request: 0.000415525 seconds.
  importAddress: GUID: 06ad495fb07444736b59782982d96250 - Path: Packages/com.unity.inputsystem/InputSystem/Editor/Icons/d_ChevronDown.png - Importer: ScriptedImporter/UnityEditor.QuickSearchModule:UnityEditor.Search:ASIAI0B
Importing 'GUID: 06ad495fb07444736b59782982d96250 - Path: Packages/com.unity.inputsystem/InputSystem/Editor/Icons/d_ChevronDown.png - Importer: ScriptedImporter/UnityEditor.QuickSearchModule:UnityEditor.Search:ASIAI0B' with importer (ScriptedImporter : UnityEditor.QuickSearchModule:UnityEditor.Search:ASIAI0B)
Imported 'GUID: 06ad495fb07444736b59782982d96250' -> (Import Result ID: 'e6cf7d4a7a51da945de8adcc91f5b9e0') in 0.004 seconds [static and dynamic dependencies]. Details - ImportResultOutputID=dd0aabe9a5b1fa72c112da8fec677591 DependenciesID=94e01306881cf20779cfac5a3014bcd2 StaticDependenciesID=d15a05ad9bd8a14eccf37c8ce3776917 
Number of updated asset objects reloaded before import = 0
Number of asset objects unloaded after import = 1
========================================================================
Received Import Request.
  Time of request: 2026-10-09T14:11:46.221755Z
  Time since last request: 0.000513368 seconds.
  importAddress: GUID: ca933a91c81734ddd88b17c8481ec1e9 - Path: Packages/com.unity.inputsystem/InputSystem/Editor/Icons/d_Add Binding@3x.png - Importer: ScriptedImporter/UnityEditor.QuickSearchModule:UnityEditor.Search:ASIAI0B
Importing 'GUID: ca933a91c81734ddd88b17c8481ec1e9 - Path: Packages/com.unity.inputsystem/InputSystem/Editor/Icons/d_Add Binding@3x.png - Importer: ScriptedImporter/UnityEditor.QuickSearchModule:UnityEditor.Search:ASIAI0B' with importer (ScriptedImporter : UnityEditor.QuickSearchModule:UnityEditor.Search:ASIAI0B)
Imported 'GUID: ca933a91c81734ddd88b17c8481ec1e9' -> (Import Result ID: 'cc541ecb3e8d304632d20465fd0fe9a2') in 0.005 seconds [static and dynamic dependencies]. Details - ImportResultOutputID=1b7ec576f5db7e9a2e4601b227aba6ea DependenciesID=2163375466af720fc382520119e95020 StaticDependenciesID=0ff24cd7966d4db58e6c8372177908db 
Number of updated asset objects reloaded before import = 0
Number of asset objects unloaded after import = 1
========================================================================
Received Import Request.
  Time of request: 2026-10-09T14:11:46.239666Z
  Time since last request: 0.000285804 seconds.
  importAddress: GUID: 6164e492ad3164525ab8ecd9968c3a64 - Path: Packages/com.unity.inputsystem/InputSystem/Editor/Icons/d_Mouse@3x.png - Importer: ScriptedImporter/UnityEditor.QuickSearchModule:UnityEditor.Search:ASIAI0B
Importing 'GUID: 6164e492ad3164525ab8ecd9968c3a64 - Path: Packages/com.unity.inputsystem/InputSystem/Editor/Icons/d_Mouse@3x.png - Importer: ScriptedImporter/UnityEditor.QuickSearchModule:UnityEditor.Search:ASIAI0B' with importer (ScriptedImporter : UnityEditor.QuickSearchModule:UnityEditor.Search:ASIAI0B)
Imported 'GUID: 6164e492ad3164525ab8ecd9968c3a64' -> (Import Result ID: 'ba8a5420f6fe0e41e776377db5b34ba1') in 0.007 seconds [static and dynamic dependencies]. Details - ImportResultOutputID=89b331db996585daee2172d6d008b217 DependenciesID=6a45db843c232b2b546601fa2b1c76e7 StaticDependenciesID=acc961cd8e001656bba611aaa75cceb3 
Number of updated asset objects reloaded before import = 0
Number of asset objects unloaded after import = 1
========================================================================
Received Import Request.
  Time of request: 2026-10-09T14:11:46.258341Z
  Time since last request: 0.000320688 seconds.
  importAddress: GUID: 9ec4e316700da46b88741a8153b33963 - Path: Packages/com.unity.inputsystem/InputSystem/Editor/Icons/d_Keyboard@3x.png - Importer: ScriptedImporter/UnityEditor.QuickSearchModule:UnityEditor.Search:ASIAI0B
Importing 'GUID: 9ec4e316700da46b88741a8153b33963 - Path: Packages/com.unity.inputsystem/InputSystem/Editor/Icons/d_Keyboard@3x.png - Importer: ScriptedImporter/UnityEditor.QuickSearchModule:UnityEditor.Search:ASIAI0B' with importer (ScriptedImporter : UnityEditor.QuickSearchModule:UnityEditor.Search:ASIAI0B)
Imported 'GUID: 9ec4e316700da46b88741a8153b33963' -> (Import Result ID: '99020d8a78838e294027c43fb21c608b') in 0.005 seconds [static and dynamic dependencies]. Details - ImportResultOutputID=f1a91445b390d5ecabf7394980f1c8c0 DependenciesID=903cbb13cd4e37377b0ae33a22ebe084 StaticDependenciesID=2b79944154881aea9d3071c31b3292ac 
Number of updated asset objects reloaded before import = 0
Number of asset objects unloaded after import = 1
========================================================================
Received Import Request.
  Time of request: 2026-10-09T14:11:46.275516Z
  Time since last request: 0.000352809 seconds.
  importAddress: GUID: 34f9452ba2ee14c0b9c976800caef571 - Path: Packages/com.unity.inputsystem/InputSystem/Editor/Icons/d_Axis.png - Importer: ScriptedImporter/UnityEditor.QuickSearchModule:UnityEditor.Search:ASIAI0B
Importing 'GUID: 34f9452ba2ee14c0b9c976800caef571 - Path: Packages/com.unity.inputsystem/InputSystem/Editor/Icons/d_Axis.png - Importer: ScriptedImporter/UnityEditor.QuickSearchModule:UnityEditor.Search:ASIAI0B' with importer (ScriptedImporter : UnityEditor.QuickSearchModule:UnityEditor.Search:ASIAI0B)
Imported 'GUID: 34f9452ba2ee14c0b9c976800caef571' -> (Import Result ID: '6b5ffe0147d7946f7d6e59f61d1897d4') in 0.004 seconds [static and dynamic dependencies]. Details - ImportResultOutputID=ed8239bbc9b5c9fbb0d265d95dfaf212 DependenciesID=ace19efd4bff1d119268747ec4db6666 StaticDependenciesID=aea154c0e0f5d0fb2cab3a965adf839f 
Number of updated asset objects reloaded before import = 0
Number of asset objects unloaded after import = 1
========================================================================
Received Import Request.
  Time of request: 2026-10-09T14:11:46.292818Z
  Time since last request: 0.000431966 seconds.
  importAddress: GUID: bed935caee9524e6780614c2055bfd35 - Path: Packages/com.unity.inputsystem/InputSystem/Editor/Icons/d_Gamepad@2x.png - Importer: ScriptedImporter/UnityEditor.QuickSearchModule:UnityEditor.Search:ASIAI0B
Importing 'GUID: bed935caee9524e6780614c2055bfd35 - Path: Packages/com.unity.inputsystem/InputSystem/Editor/Icons/d_Gamepad@2x.png - Importer: ScriptedImporter/UnityEditor.QuickSearchModule:UnityEditor.Search:ASIAI0B' with importer (ScriptedImporter : UnityEditor.QuickSearchModule:UnityEditor.Search:ASIAI0B)
Imported 'GUID: bed935caee9524e6780614c2055bfd35' -> (Import Result ID: 'c40b8de1f6cbf5b29eb67feecfe47d72') in 0.007 seconds [static and dynamic dependencies]. Details - ImportResultOutputID=96c921fbc14057dbc7b83b7e4f9e3c8c DependenciesID=6150a97a388b7b2384ce72488ffb017c StaticDependenciesID=ee8e1ff73174302fb3f920fee5d6cbac 
Number of updated asset objects reloaded before import = 0
Number of asset objects unloaded after import = 1
========================================================================
Received Import Request.
  Time of request: 2026-10-09T14:11:46.31228Z
  Time since last request: 0.000260737 seconds.
  importAddress: GUID: 03c3559bb64164f7785cd1250e475250 - Path: Packages/com.unity.inputsystem/InputSystem/Editor/Icons/d_Stick@3x.png - Importer: ScriptedImporter/UnityEditor.QuickSearchModule:UnityEditor.Search:ASIAI0B
Importing 'GUID: 03c3559bb64164f7785cd1250e475250 - Path: Packages/com.unity.inputsystem/InputSystem/Editor/Icons/d_Stick@3x.png - Importer: ScriptedImporter/UnityEditor.QuickSearchModule:UnityEditor.Search:ASIAI0B' with importer (ScriptedImporter : UnityEditor.QuickSearchModule:UnityEditor.Search:ASIAI0B)
Imported 'GUID: 03c3559bb64164f7785cd1250e475250' -> (Import Result ID: '6266be4c626133cbf385a245bc28f8dc') in 0.004 seconds [static and dynamic dependencies]. Details - ImportResultOutputID=3918a3ad242674660d7355ea1159dd44 DependenciesID=8cba0db4d53644ed2baff4ae83a31a08 StaticDependenciesID=c6207b63c3a1bed504a03218650f9cce 
Number of updated asset objects reloaded before import = 0
Number of asset objects unloaded after import = 1
========================================================================
Received Import Request.
  Time of request: 2026-10-09T14:11:46.330275Z
  Time since last request: 0.000286975 seconds.
  importAddress: GUID: 3d7dc8d6b9a96490b9aa433645712fdf - Path: Packages/com.unity.inputsystem/InputSystem/Editor/Icons/d_Add Binding@2x.png - Importer: ScriptedImporter/UnityEditor.QuickSearchModule:UnityEditor.Search:ASIAI0B
Importing 'GUID: 3d7dc8d6b9a96490b9aa433645712fdf - Path: Packages/com.unity.inputsystem/InputSystem/Editor/Icons/d_Add Binding@2x.png - Importer: ScriptedImporter/UnityEditor.QuickSearchModule:UnityEditor.Search:ASIAI0B' with importer (ScriptedImporter : UnityEditor.QuickSearchModule:UnityEditor.Search:ASIAI0B)
Imported 'GUID: 3d7dc8d6b9a96490b9aa433645712fdf' -> (Import Result ID: '15e07af325c1aa50883032ff4bb04ba5') in 0.004 seconds [static and dynamic dependencies]. Details - ImportResultOutputID=46c881f64c588cc65d721923550c1f21 DependenciesID=48caa7607036719660ea6250fc269b4a StaticDependenciesID=386c2cd4c61b54fdfc52039922ac7a2a 
Number of updated asset objects reloaded before import = 0
Number of asset objects unloaded after import = 1
========================================================================
Received Import Request.
  Time of request: 2026-10-09T14:11:46.346594Z
  Time since last request: 0.000291194 seconds.
  importAddress: GUID: e46ad23216d074f828f3437b21912c64 - Path: Packages/com.unity.inputsystem/InputSystem/Editor/Icons/d_ChevronUp@4x.png - Importer: ScriptedImporter/UnityEditor.QuickSearchModule:UnityEditor.Search:ASIAI0B
Importing 'GUID: e46ad23216d074f828f3437b21912c64 - Path: Packages/com.unity.inputsystem/InputSystem/Editor/Icons/d_ChevronUp@4x.png - Importer: ScriptedImporter/UnityEditor.QuickSearchModule:UnityEditor.Search:ASIAI0B' with importer (ScriptedImporter : UnityEditor.QuickSearchModule:UnityEditor.Search:ASIAI0B)
Imported 'GUID: e46ad23216d074f828f3437b21912c64' -> (Import Result ID: '9e0946db6db016f08da0232a97ae2d34') in 0.009 seconds [static and dynamic dependencies]. Details - ImportResultOutputID=5b33f9defff1332e2402ed4fed36cb84 DependenciesID=fb54f1b2c3b789af2c796785255732c6 StaticDependenciesID=feb42ccff89872dd4b5f7325d8ab6e24 
Number of updated asset objects reloaded before import = 0
Number of asset objects unloaded after import = 1
========================================================================
Received Import Request.
  Time of request: 2026-10-09T14:11:46.367859Z
  Time since last request: 0.000490195 seconds.
  importAddress: GUID: 9e882b58df0964f5b90ff99cb481ee79 - Path: Packages/com.unity.inputsystem/InputSystem/Editor/Icons/d_Gamepad@3x.png - Importer: ScriptedImporter/UnityEditor.QuickSearchModule:UnityEditor.Search:ASIAI0B
Importing 'GUID: 9e882b58df0964f5b90ff99cb481ee79 - Path: Packages/com.unity.inputsystem/InputSystem/Editor/Icons/d_Gamepad@3x.png - Importer: ScriptedImporter/UnityEditor.QuickSearchModule:UnityEditor.Search:ASIAI0B' with importer (ScriptedImporter : UnityEditor.QuickSearchModule:UnityEditor.Search:ASIAI0B)
Imported 'GUID: 9e882b58df0964f5b90ff99cb481ee79' -> (Import Result ID: 'ee7b76d77980619112418dc399c39063') in 0.006 seconds [static and dynamic dependencies]. Details - ImportResultOutputID=e9657a735654232b639f7c16814b369a DependenciesID=416686c2060c53f224c1a1bab37ad93f StaticDependenciesID=912664dc37f5cbc0ee49f7d3dad89bbd 
Number of updated asset objects reloaded before import = 0
Number of asset objects unloaded after import = 1
========================================================================
Received Import Request.
  Time of request: 2026-10-09T14:11:46.388665Z
  Time since last request: 0.000029545 seconds.
  importAddress: GUID: 0962795d1cafc460b9027de55b1c0a80 - Path: Packages/com.unity.inputsystem/InputSystem/Editor/Icons/d_Button@2x.png - Importer: ScriptedImporter/UnityEditor.QuickSearchModule:UnityEditor.Search:ASIAI0B
Importing 'GUID: 0962795d1cafc460b9027de55b1c0a80 - Path: Packages/com.unity.inputsystem/InputSystem/Editor/Icons/d_Button@2x.png - Importer: ScriptedImporter/UnityEditor.QuickSearchModule:UnityEditor.Search:ASIAI0B' with importer (ScriptedImporter : UnityEditor.QuickSearchModule:UnityEditor.Search:ASIAI0B)
Imported 'GUID: 0962795d1cafc460b9027de55b1c0a80' -> (Import Result ID: 'a18c5e428390bda0cbad5ece6feaf814') in 0.004 seconds [static and dynamic dependencies]. Details - ImportResultOutputID=0fef5945cc6d3a4dc0f399930a217411 DependenciesID=0927dfd0a4fcc12396d2191dbdbfc518 StaticDependenciesID=038a937d52972485a08215a908b97a1b 
Number of updated asset objects reloaded before import = 0
Number of asset objects unloaded after import = 1
========================================================================
Received Import Request.
  Time of request: 2026-10-09T14:11:46.430935Z
  Time since last request: 0.02238736 seconds.
  importAddress: GUID: 050df780a05f4754b28e85d32a88da95 - Path: Packages/com.unity.inputsystem/InputSystem/Runtime/Actions/InputActionParameters.cs - Importer: ScriptedImporter/UnityEditor.QuickSearchModule:UnityEditor.Search:ASIAI0B
Importing 'GUID: 050df780a05f4754b28e85d32a88da95 - Path: Packages/com.unity.inputsystem/InputSystem/Runtime/Actions/InputActionParameters.cs - Importer: ScriptedImporter/UnityEditor.QuickSearchModule:UnityEditor.Search:ASIAI0B' with importer (ScriptedImporter : UnityEditor.QuickSearchModule:UnityEditor.Search:ASIAI0B)
Imported 'GUID: 050df780a05f4754b28e85d32a88da95' -> (Import Result ID: 'c0ec977ea52c5209c808fd6da82d5779') in 0.002 seconds [static and dynamic dependencies]. Details - ImportResultOutputID=ad85926671ad11b6e9fa339208ba147f DependenciesID=3fd7b9012df0bf9581f17ef1db72d5c6 StaticDependenciesID=d4275cf149d7fda7830777e66f54a337 
Number of updated asset objects reloaded before import = 0
Number of asset objects unloaded after import = 0
========================================================================
Received Import Request.
  Time of request: 2026-10-09T14:11:46.444601Z
  Time since last request: 0.001181035 seconds.
  importAddress: GUID: 54ee1a1058dfd4e089fe94a8e880938e - Path: Packages/com.unity.inputsystem/InputSystem/Editor/Internal/GUIHelpers.cs - Importer: ScriptedImporter/UnityEditor.QuickSearchModule:UnityEditor.Search:ASIAI0B
Importing 'GUID: 54ee1a1058dfd4e089fe94a8e880938e - Path: Packages/com.unity.inputsystem/InputSystem/Editor/Internal/GUIHelpers.cs - Importer: ScriptedImporter/UnityEditor.QuickSearchModule:UnityEditor.Search:ASIAI0B' with importer (ScriptedImporter : UnityEditor.QuickSearchModule:UnityEditor.Search:ASIAI0B)
Imported 'GUID: 54ee1a1058dfd4e089fe94a8e880938e' -> (Import Result ID: 'fcc4bd7ce8e7eccb87fe9731b2ebeb9c') in 0.002 seconds [static and dynamic dependencies]. Details - ImportResultOutputID=3389c032e9bdf1c42df3b928462684fc DependenciesID=a54404fcc8f04695c991f260f8de1b0c StaticDependenciesID=b9b4d33e0d8916ca6dd3cfd2a73aea01 
Number of updated asset objects reloaded before import = 0
Number of asset objects unloaded after import = 0
========================================================================
Received Import Request.
  Time of request: 2026-10-09T14:11:46.458416Z
  Time since last request: 0.000354392 seconds.
  importAddress: GUID: 6efadb7e1c29b4055adbd232610a4179 - Path: Packages/com.unity.inputsystem/InputSystem/Runtime/Actions/InputBindingComposite.cs - Importer: ScriptedImporter/UnityEditor.QuickSearchModule:UnityEditor.Search:ASIAI0B
Importing 'GUID: 6efadb7e1c29b4055adbd232610a4179 - Path: Packages/com.unity.inputsystem/InputSystem/Runtime/Actions/InputBindingComposite.cs - Importer: ScriptedImporter/UnityEditor.QuickSearchModule:UnityEditor.Search:ASIAI0B' with importer (ScriptedImporter : UnityEditor.QuickSearchModule:UnityEditor.Search:ASIAI0B)
Imported 'GUID: 6efadb7e1c29b4055adbd232610a4179' -> (Import Result ID: '7622b682c255493fa263a48e8312d49a') in 0.002 seconds [static and dynamic dependencies]. Details - ImportResultOutputID=56f9c03fceabcb2edd567e63b046134e DependenciesID=daeba3bd309f9cfd188fdd0147ae4a63 StaticDependenciesID=6413372fdf053748529d64114ef6878d 
Number of updated asset objects reloaded before import = 0
Number of asset objects unloaded after import = 0
========================================================================
Received Import Request.
  Time of request: 2026-10-09T14:11:46.473081Z
  Time since last request: 0.000297896 seconds.
  importAddress: GUID: 2a47e68520f79264fb6828f8f9516ef2 - Path: Packages/com.unity.inputsystem/InputSystem/Editor/ProjectWideActions/ProjectWideActionsAsset.cs - Importer: ScriptedImporter/UnityEditor.QuickSearchModule:UnityEditor.Search:ASIAI0B
Importing 'GUID: 2a47e68520f79264fb6828f8f9516ef2 - Path: Packages/com.unity.inputsystem/InputSystem/Editor/ProjectWideActions/ProjectWideActionsAsset.cs - Importer: ScriptedImporter/UnityEditor.QuickSearchModule:UnityEditor.Search:ASIAI0B' with importer (ScriptedImporter : UnityEditor.QuickSearchModule:UnityEditor.Search:ASIAI0B)
Imported 'GUID: 2a47e68520f79264fb6828f8f9516ef2' -> (Import Result ID: '623457661b6b4055f4260d81f7b64eb3') in 0.002 seconds [static and dynamic dependencies]. Details - ImportResultOutputID=277f9d9939297085382c4da67e9c49f8 DependenciesID=4af43c18ecf9dfc82ad172314a8a5bfe StaticDependenciesID=cd254b31d5b1fd245cbf1f101a2eda7b 
Number of updated asset objects reloaded before import = 0
Number of asset objects unloaded after import = 0
========================================================================
Received Import Request.
  Time of request: 2026-10-09T14:11:46.487586Z
  Time since last request: 0.000967816 seconds.
  importAddress: GUID: 0c43a6876f1eb4fdf8b9dc2fee926776 - Path: Packages/com.unity.inputsystem/InputSystem/Runtime/Actions/InputActionProperty.cs - Importer: ScriptedImporter/UnityEditor.QuickSearchModule:UnityEditor.Search:ASIAI0B
Importing 'GUID: 0c43a6876f1eb4fdf8b9dc2fee926776 - Path: Packages/com.unity.inputsystem/InputSystem/Runtime/Actions/InputActionProperty.cs - Importer: ScriptedImporter/UnityEditor.QuickSearchModule:UnityEditor.Search:ASIAI0B' with importer (ScriptedImporter : UnityEditor.QuickSearchModule:UnityEditor.Search:ASIAI0B)
Imported 'GUID: 0c43a6876f1eb4fdf8b9dc2fee926776' -> (Import Result ID: '19fa73fbc4ebe3ab527f49a88b00c2b2') in 0.002 seconds [static and dynamic dependencies]. Details - ImportResultOutputID=cec393777bf39636eff6c34e4893f373 DependenciesID=afb17cb6705d818e6e8fe8cbe00d4028 StaticDependenciesID=f166646ff524c1fb1e8bc0e3b08d9b50 
Number of updated asset objects reloaded before import = 0
Number of asset objects unloaded after import = 0
========================================================================
Received Import Request.
  Time of request: 2026-10-09T14:11:46.500397Z
  Time since last request: 0.00067461 seconds.
  importAddress: GUID: a6f2f33363708814e8530579e2d8cf2d - Path: Packages/com.unity.inputsystem/InputSystem/Editor/UITKAssetEditor/ReactiveProperty.cs - Importer: ScriptedImporter/UnityEditor.QuickSearchModule:UnityEditor.Search:ASIAI0B
Importing 'GUID: a6f2f33363708814e8530579e2d8cf2d - Path: Packages/com.unity.inputsystem/InputSystem/Editor/UITKAssetEditor/ReactiveProperty.cs - Importer: ScriptedImporter/UnityEditor.QuickSearchModule:UnityEditor.Search:ASIAI0B' with importer (ScriptedImporter : UnityEditor.QuickSearchModule:UnityEditor.Search:ASIAI0B)
Imported 'GUID: a6f2f33363708814e8530579e2d8cf2d' -> (Import Result ID: '07cbcd23cb68d085e66a9b5066f526f9') in 0.002 seconds [static and dynamic dependencies]. Details - ImportResultOutputID=f9fa9492215c54dad461bc2c5bb1e0ce DependenciesID=f87e2e1d1162c3f95611b31159a2c32f StaticDependenciesID=27b900ae4c1d3926a5a0171d97039af8 
Number of updated asset objects reloaded before import = 0
Number of asset objects unloaded after import = 0
========================================================================
Received Import Request.
  Time of request: 2026-10-09T14:11:46.513333Z
  Time since last request: 0.000516504 seconds.
  importAddress: GUID: 7a8e0b5c429811847b8c97a058e5884f - Path: Packages/com.unity.inputsystem/InputSystem/Editor/UITKAssetEditor/InputActionsEditorState.cs - Importer: ScriptedImporter/UnityEditor.QuickSearchModule:UnityEditor.Search:ASIAI0B
Importing 'GUID: 7a8e0b5c429811847b8c97a058e5884f - Path: Packages/com.unity.inputsystem/InputSystem/Editor/UITKAssetEditor/InputActionsEditorState.cs - Importer: ScriptedImporter/UnityEditor.QuickSearchModule:UnityEditor.Search:ASIAI0B' with importer (ScriptedImporter : UnityEditor.QuickSearchModule:UnityEditor.Search:ASIAI0B)
Imported 'GUID: 7a8e0b5c429811847b8c97a058e5884f' -> (Import Result ID: '71f669fbc9f0f5ea58ea4e912618da05') in 0.002 seconds [static and dynamic dependencies]. Details - ImportResultOutputID=3ac09d64c788d66cf701f7c993935625 DependenciesID=628fbe55a7d3f672e242805777d3bb6f StaticDependenciesID=dbe80b8fc59cd26feb5a6e9398176549 
Number of updated asset objects reloaded before import = 0
Number of asset objects unloaded after import = 0
========================================================================
Received Import Request.
  Time of request: 2026-10-09T14:11:46.526718Z
  Time since last request: 0.000620749 seconds.
  importAddress: GUID: 550c4f473d16e49cf9f2e5c45be4490d - Path: Packages/com.unity.inputsystem/InputSystem/Editor/PropertyDrawers/InputActionPropertyDrawer.cs - Importer: ScriptedImporter/UnityEditor.QuickSearchModule:UnityEditor.Search:ASIAI0B
Importing 'GUID: 550c4f473d16e49cf9f2e5c45be4490d - Path: Packages/com.unity.inputsystem/InputSystem/Editor/PropertyDrawers/InputActionPropertyDrawer.cs - Importer: ScriptedImporter/UnityEditor.QuickSearchModule:UnityEditor.Search:ASIAI0B' with importer (ScriptedImporter : UnityEditor.QuickSearchModule:UnityEditor.Search:ASIAI0B)
Imported 'GUID: 550c4f473d16e49cf9f2e5c45be4490d' -> (Import Result ID: 'fd8757aede2ecddaf45baea2fb268850') in 0.002 seconds [static and dynamic dependencies]. Details - ImportResultOutputID=87d9a1332cd07e7b0a277286738b62d1 DependenciesID=4a579f2239c7f9f84b4c1b41baed2a67 StaticDependenciesID=ca7627313336756adb4687d217061bea 
Number of updated asset objects reloaded before import = 0
Number of asset objects unloaded after import = 0
========================================================================
Received Import Request.
  Time of request: 2026-10-09T14:11:46.540638Z
  Time since last request: 0.000578941 seconds.
  importAddress: GUID: 255ca660c2e3b424bb54d7be66737f57 - Path: Packages/com.unity.inputsystem/InputSystem/Editor/UITKAssetEditor/EnumerableExtensions.cs - Importer: ScriptedImporter/UnityEditor.QuickSearchModule:UnityEditor.Search:ASIAI0B
Importing 'GUID: 255ca660c2e3b424bb54d7be66737f57 - Path: Packages/com.unity.inputsystem/InputSystem/Editor/UITKAssetEditor/EnumerableExtensions.cs - Importer: ScriptedImporter/UnityEditor.QuickSearchModule:UnityEditor.Search:ASIAI0B' with importer (ScriptedImporter : UnityEditor.QuickSearchModule:UnityEditor.Search:ASIAI0B)
Imported 'GUID: 255ca660c2e3b424bb54d7be66737f57' -> (Import Result ID: '59f81c4adda0e14735e9432200f1b08b') in 0.002 seconds [static and dynamic dependencies]. Details - ImportResultOutputID=a68c78ee8e13e6d2a5399b10b651cd46 DependenciesID=9c64f67054817efdfda62e6e84e937be StaticDependenciesID=796d23f0ea88ec2af7cceff06f7d635d 
Number of updated asset objects reloaded before import = 0
Number of asset objects unloaded after import = 0
========================================================================
Received Import Request.
  Time of request: 2026-10-09T14:11:46.554495Z
  Time since last request: 0.000592967 seconds.
  importAddress: GUID: 8a190d472354bb845973412ac9c5c477 - Path: Packages/com.unity.inputsystem/InputSystem/Editor/ProjectWideActions/ProjectWideActionsTemplate.json - Importer: ScriptedImporter/UnityEditor.QuickSearchModule:UnityEditor.Search:ASIAI0B
Importing 'GUID: 8a190d472354bb845973412ac9c5c477 - Path: Packages/com.unity.inputsystem/InputSystem/Editor/ProjectWideActions/ProjectWideActionsTemplate.json - Importer: ScriptedImporter/UnityEditor.QuickSearchModule:UnityEditor.Search:ASIAI0B' with importer (ScriptedImporter : UnityEditor.QuickSearchModule:UnityEditor.Search:ASIAI0B)
Imported 'GUID: 8a190d472354bb845973412ac9c5c477' -> (Import Result ID: '7c73de04139636edfa6c865d08c02492') in 0.002 seconds [static and dynamic dependencies]. Details - ImportResultOutputID=4965ee200ab27a846622793377cb261d DependenciesID=8ec1a58d2440696c829b05fe257911c1 StaticDependenciesID=edb474ac853b740cdec593837b24f2e1 
Number of updated asset objects reloaded before import = 0
Number of asset objects unloaded after import = 1
========================================================================
Received Import Request.
  Time of request: 2026-10-09T14:11:46.567048Z
  Time since last request: 0.000433379 seconds.
  importAddress: GUID: 5e64ea03a5bf05845977ae0cd2e1dd4f - Path: Packages/com.unity.inputsystem/InputSystem/Editor/PropertyDrawers/GamepadButtonPropertyDrawer.cs - Importer: ScriptedImporter/UnityEditor.QuickSearchModule:UnityEditor.Search:ASIAI0B
Importing 'GUID: 5e64ea03a5bf05845977ae0cd2e1dd4f - Path: Packages/com.unity.inputsystem/InputSystem/Editor/PropertyDrawers/GamepadButtonPropertyDrawer.cs - Importer: ScriptedImporter/UnityEditor.QuickSearchModule:UnityEditor.Search:ASIAI0B' with importer (ScriptedImporter : UnityEditor.QuickSearchModule:UnityEditor.Search:ASIAI0B)
Imported 'GUID: 5e64ea03a5bf05845977ae0cd2e1dd4f' -> (Import Result ID: '68adfd5b91ba567e05ee447726d7e40c') in 0.002 seconds [static and dynamic dependencies]. Details - ImportResultOutputID=c5a1b4418abd78178a4f374577629fca DependenciesID=8a6184f667b2d118542a6ede2563bf41 StaticDependenciesID=6be6cc7f7b846b9f7e89b7b44f1cb6f7 
Number of updated asset objects reloaded before import = 0
Number of asset objects unloaded after import = 0
========================================================================
Received Import Request.
  Time of request: 2026-10-09T14:11:46.580402Z
  Time since last request: 0.000804572 seconds.
  importAddress: GUID: e8df62e96c8524c2a89b7af40ee100e9 - Path: Packages/com.unity.inputsystem/InputSystem/Editor/Settings/InputSettingsProvider.cs - Importer: ScriptedImporter/UnityEditor.QuickSearchModule:UnityEditor.Search:ASIAI0B
Importing 'GUID: e8df62e96c8524c2a89b7af40ee100e9 - Path: Packages/com.unity.inputsystem/InputSystem/Editor/Settings/InputSettingsProvider.cs - Importer: ScriptedImporter/UnityEditor.QuickSearchModule:UnityEditor.Search:ASIAI0B' with importer (ScriptedImporter : UnityEditor.QuickSearchModule:UnityEditor.Search:ASIAI0B)
Imported 'GUID: e8df62e96c8524c2a89b7af40ee100e9' -> (Import Result ID: 'cf0486727d58fafa7c1ed8272bf2e7ec') in 0.002 seconds [static and dynamic dependencies]. Details - ImportResultOutputID=05cda8d62cc5ef1d50ccce4f964cf7c1 DependenciesID=a490ab10dd64c8c08c66ec69efb3013b StaticDependenciesID=3b0432e11ed622950f240af62b45c459 
Number of updated asset objects reloaded before import = 0
Number of asset objects unloaded after import = 0
========================================================================
Received Import Request.
  Time of request: 2026-10-09T14:11:46.593004Z
  Time since last request: 0.000496668 seconds.
  importAddress: GUID: e77ee65b5139048949dc0ac5614efeec - Path: Packages/com.unity.inputsystem/InputSystem/Editor/Icons/d_Touch@3x.png - Importer: ScriptedImporter/UnityEditor.QuickSearchModule:UnityEditor.Search:ASIAI0B
Importing 'GUID: e77ee65b5139048949dc0ac5614efeec - Path: Packages/com.unity.inputsystem/InputSystem/Editor/Icons/d_Touch@3x.png - Importer: ScriptedImporter/UnityEditor.QuickSearchModule:UnityEditor.Search:ASIAI0B' with importer (ScriptedImporter : UnityEditor.QuickSearchModule:UnityEditor.Search:ASIAI0B)
Imported 'GUID: e77ee65b5139048949dc0ac5614efeec' -> (Import Result ID: '9f111745a3ef1eb92b812283e38f485f') in 0.004 seconds [static and dynamic dependencies]. Details - ImportResultOutputID=f3bb31daba3e00d14b2a466415dec11c DependenciesID=9c964e5486ae0b1dda0e83489456c392 StaticDependenciesID=864dac034d3c37dfd30939df790bfa4a 
Number of updated asset objects reloaded before import = 0
Number of asset objects unloaded after import = 1
========================================================================
Received Import Request.
  Time of request: 2026-10-09T14:11:46.605491Z
  Time since last request: 0.000238615 seconds.
  importAddress: GUID: baaf1bd005134bc6825c06f3510c6643 - Path: Packages/com.unity.inputsystem/InputSystem/Editor/PropertyDrawers/InputActionReferenceSearchProviders.cs - Importer: ScriptedImporter/UnityEditor.QuickSearchModule:UnityEditor.Search:ASIAI0B
Importing 'GUID: baaf1bd005134bc6825c06f3510c6643 - Path: Packages/com.unity.inputsystem/InputSystem/Editor/PropertyDrawers/InputActionReferenceSearchProviders.cs - Importer: ScriptedImporter/UnityEditor.QuickSearchModule:UnityEditor.Search:ASIAI0B' with importer (ScriptedImporter : UnityEditor.QuickSearchModule:UnityEditor.Search:ASIAI0B)
Imported 'GUID: baaf1bd005134bc6825c06f3510c6643' -> (Import Result ID: '8a8eb2747d8fe23177c0b09c44ed0aa2') in 0.002 seconds [static and dynamic dependencies]. Details - ImportResultOutputID=89f84649f9d10773531cc3d83850a556 DependenciesID=8a78affb5d662acbfc32ffa90e47d0ef StaticDependenciesID=b9a0979d3e0eb19620c649d557d691b2 
Number of updated asset objects reloaded before import = 0
Number of asset objects unloaded after import = 0
========================================================================
Received Import Request.
  Time of request: 2026-10-09T14:11:46.615861Z
  Time since last request: 0.000231802 seconds.
  importAddress: GUID: 9e0a885665a44db1adfaf0e3b9e9cda6 - Path: Packages/com.unity.inputsystem/InputSystem/Editor/PropertyDrawers/InputActionAssetDrawer.cs - Importer: ScriptedImporter/UnityEditor.QuickSearchModule:UnityEditor.Search:ASIAI0B
Importing 'GUID: 9e0a885665a44db1adfaf0e3b9e9cda6 - Path: Packages/com.unity.inputsystem/InputSystem/Editor/PropertyDrawers/InputActionAssetDrawer.cs - Importer: ScriptedImporter/UnityEditor.QuickSearchModule:UnityEditor.Search:ASIAI0B' with importer (ScriptedImporter : UnityEditor.QuickSearchModule:UnityEditor.Search:ASIAI0B)
Imported 'GUID: 9e0a885665a44db1adfaf0e3b9e9cda6' -> (Import Result ID: '53402600decb033d1f659e033804f9c7') in 0.001 seconds [static and dynamic dependencies]. Details - ImportResultOutputID=656ea0ed7b33c0e084071e75aa5d2527 DependenciesID=cdbd7750e92d0893f68619f53cfccdde StaticDependenciesID=e4a3a816ce093158b93f391987e946eb 
Number of updated asset objects reloaded before import = 0
Number of asset objects unloaded after import = 0
========================================================================
Received Import Request.
  Time of request: 2026-10-09T14:11:46.626035Z
  Time since last request: 0.000431245 seconds.
  importAddress: GUID: 6db042035460c4167a6ab8d1ac3c2681 - Path: Packages/com.unity.inputsystem/InputSystem/Editor/Icons/d_Touch@4x.png - Importer: ScriptedImporter/UnityEditor.QuickSearchModule:UnityEditor.Search:ASIAI0B
Importing 'GUID: 6db042035460c4167a6ab8d1ac3c2681 - Path: Packages/com.unity.inputsystem/InputSystem/Editor/Icons/d_Touch@4x.png - Importer: ScriptedImporter/UnityEditor.QuickSearchModule:UnityEditor.Search:ASIAI0B' with importer (ScriptedImporter : UnityEditor.QuickSearchModule:UnityEditor.Search:ASIAI0B)
Imported 'GUID: 6db042035460c4167a6ab8d1ac3c2681' -> (Import Result ID: '338676842b404c4712874e9773e33be1') in 0.005 seconds [static and dynamic dependencies]. Details - ImportResultOutputID=e4b7eaf4805d443cdc1e6b53bc1ea78d DependenciesID=a6c8f169650d54f101d59941c62c3e9d StaticDependenciesID=a991cbb66987d908dc79be8109c1b6a5 
Number of updated asset objects reloaded before import = 0
Number of asset objects unloaded after import = 1
========================================================================
Received Import Request.
  Time of request: 2026-10-09T14:11:46.638909Z
  Time since last request: 0.000229569 seconds.
  importAddress: GUID: fcffff3de13f4304a98bb50b1222399a - Path: Packages/com.unity.inputsystem/InputSystem/Editor/UITKAssetEditor/SerializedInputAction.cs - Importer: ScriptedImporter/UnityEditor.QuickSearchModule:UnityEditor.Search:ASIAI0B
Importing 'GUID: fcffff3de13f4304a98bb50b1222399a - Path: Packages/com.unity.inputsystem/InputSystem/Editor/UITKAssetEditor/SerializedInputAction.cs - Importer: ScriptedImporter/UnityEditor.QuickSearchModule:UnityEditor.Search:ASIAI0B' with importer (ScriptedImporter : UnityEditor.QuickSearchModule:UnityEditor.Search:ASIAI0B)
Imported 'GUID: fcffff3de13f4304a98bb50b1222399a' -> (Import Result ID: 'd009f3f3d293e9210e2bb46d79b4ef8d') in 0.002 seconds [static and dynamic dependencies]. Details - ImportResultOutputID=aba18d18b50578d1a1ba6b0a8a747093 DependenciesID=3fcdd8b7f4c202193f7dfe6740a25b07 StaticDependenciesID=9db50eaa9b7e7bc493305ce8c58ef71e 
Number of updated asset objects reloaded before import = 0
Number of asset objects unloaded after import = 0
========================================================================
Received Import Request.
  Time of request: 2026-10-09T14:11:46.649234Z
  Time since last request: 0.000368458 seconds.
  importAddress: GUID: 1cbae3eee4bd4f6f9b9ad85aab8174e4 - Path: Packages/com.unity.inputsystem/InputSystem/Editor/ProjectWideActions/ProjectWideActionsBuildProvider.cs - Importer: ScriptedImporter/UnityEditor.QuickSearchModule:UnityEditor.Search:ASIAI0B
Importing 'GUID: 1cbae3eee4bd4f6f9b9ad85aab8174e4 - Path: Packages/com.unity.inputsystem/InputSystem/Editor/ProjectWideActions/ProjectWideActionsBuildProvider.cs - Importer: ScriptedImporter/UnityEditor.QuickSearchModule:UnityEditor.Search:ASIAI0B' with importer (ScriptedImporter : UnityEditor.QuickSearchModule:UnityEditor.Search:ASIAI0B)
Imported 'GUID: 1cbae3eee4bd4f6f9b9ad85aab8174e4' -> (Import Result ID: '0ff2c2656cdc1cda98499e742ebbc366') in 0.002 seconds [static and dynamic dependencies]. Details - ImportResultOutputID=c16f17553eab985daf867880fa12152d DependenciesID=0dfb436e94780dbb118a36e70332fa2a StaticDependenciesID=d51525f202b4077e966238c9f7a62c38 
Number of updated asset objects reloaded before import = 0
Number of asset objects unloaded after import = 0
========================================================================
Received Import Request.
  Time of request: 2026-10-09T14:11:46.659531Z
  Time since last request: 0.00033764 seconds.
  importAddress: GUID: 3b8e35f20292579409c899395e30948f - Path: Packages/com.unity.inputsystem/InputSystem/Editor/UITKAssetEditor/InputActionsEditorWindowUtils.cs - Importer: ScriptedImporter/UnityEditor.QuickSearchModule:UnityEditor.Search:ASIAI0B
Importing 'GUID: 3b8e35f20292579409c899395e30948f - Path: Packages/com.unity.inputsystem/InputSystem/Editor/UITKAssetEditor/InputActionsEditorWindowUtils.cs - Importer: ScriptedImporter/UnityEditor.QuickSearchModule:UnityEditor.Search:ASIAI0B' with importer (ScriptedImporter : UnityEditor.QuickSearchModule:UnityEditor.Search:ASIAI0B)
Imported 'GUID: 3b8e35f20292579409c899395e30948f' -> (Import Result ID: '4fa525739371a78468616398ddc1b1d7') in 0.002 seconds [static and dynamic dependencies]. Details - ImportResultOutputID=8b5fb727805510551f3b1e8fbc8d7719 DependenciesID=9bd613c86f8fec01762199cdb0f44041 StaticDependenciesID=38fd19b9680389efe5e96ab57f334590 
Number of updated asset objects reloaded before import = 0
Number of asset objects unloaded after import = 0
========================================================================
Received Import Request.
  Time of request: 2026-10-09T14:11:46.670131Z
  Time since last request: 0.000299579 seconds.
  importAddress: GUID: 40a986dbf9066476b8a3b360e74e99de - Path: Packages/com.unity.inputsystem/InputSystem/Runtime/Actions/DeferBindingResolutionContext.cs - Importer: ScriptedImporter/UnityEditor.QuickSearchModule:UnityEditor.Search:ASIAI0B
Importing 'GUID: 40a986dbf9066476b8a3b360e74e99de - Path: Packages/com.unity.inputsystem/InputSystem/Runtime/Actions/DeferBindingResolutionContext.cs - Importer: ScriptedImporter/UnityEditor.QuickSearchModule:UnityEditor.Search:ASIAI0B' with importer (ScriptedImporter : UnityEditor.QuickSearchModule:UnityEditor.Search:ASIAI0B)
Imported 'GUID: 40a986dbf9066476b8a3b360e74e99de' -> (Import Result ID: 'f008a3e3cc6477c3c8ed56d5819cb614') in 0.002 seconds [static and dynamic dependencies]. Details - ImportResultOutputID=7021e0976b2d2d7ad49b70aacfc3104a DependenciesID=dd38ef24efb09229d216bb6485a27723 StaticDependenciesID=de6d9fd2610bdaeb3dc0d5ad39e41e94 
Number of updated asset objects reloaded before import = 0
Number of asset objects unloaded after import = 0
========================================================================
Received Import Request.
  Time of request: 2026-10-09T14:11:46.696709Z
  Time since last request: 0.015781078 seconds.
  importAddress: GUID: d618f7e3781548c28836f39ae65d95e1 - Path: Packages/com.unity.inputsystem/InputSystem/Runtime/Controls/ButtonControl.cs - Importer: ScriptedImporter/UnityEditor.QuickSearchModule:UnityEditor.Search:ASIAI0B
Importing 'GUID: d618f7e3781548c28836f39ae65d95e1 - Path: Packages/com.unity.inputsystem/InputSystem/Runtime/Controls/ButtonControl.cs - Importer: ScriptedImporter/UnityEditor.QuickSearchModule:UnityEditor.Search:ASIAI0B' with importer (ScriptedImporter : UnityEditor.QuickSearchModule:UnityEditor.Search:ASIAI0B)
Imported 'GUID: d618f7e3781548c28836f39ae65d95e1' -> (Import Result ID: '53f89a7e4ebc14e68c98d3b7b8debfc7') in 0.002 seconds [static and dynamic dependencies]. Details - ImportResultOutputID=743ecc745107eeb7e97b3b6f607444fe DependenciesID=3f3af2fc31cfd6b1d23e069dc76fa45b StaticDependenciesID=8dc1cc9b8090661f2f7d4977b6bb6e90 
Number of updated asset objects reloaded before import = 0
Number of asset objects unloaded after import = 0
========================================================================
Received Import Request.
  Time of request: 2026-10-09T14:11:46.706961Z
  Time since last request: 0.000480197 seconds.
  importAddress: GUID: 72251f49d44478b4c93462938d7ce4cf - Path: Packages/com.unity.inputsystem/InputSystem/Runtime/Controls/DoubleControl.cs - Importer: ScriptedImporter/UnityEditor.QuickSearchModule:UnityEditor.Search:ASIAI0B
Importing 'GUID: 72251f49d44478b4c93462938d7ce4cf - Path: Packages/com.unity.inputsystem/InputSystem/Runtime/Controls/DoubleControl.cs - Importer: ScriptedImporter/UnityEditor.QuickSearchModule:UnityEditor.Search:ASIAI0B' with importer (ScriptedImporter : UnityEditor.QuickSearchModule:UnityEditor.Search:ASIAI0B)
Imported 'GUID: 72251f49d44478b4c93462938d7ce4cf' -> (Import Result ID: 'd77fe16292f8ce2356455b0c76b2ef66') in 0.002 seconds [static and dynamic dependencies]. Details - ImportResultOutputID=d45755555745eee4e799c3aa027adb7b DependenciesID=7f6afdbca5a604d64abbbf8910a8fe2e StaticDependenciesID=8efedd7861f72e2fe887955977bde65d 
Number of updated asset objects reloaded before import = 0
Number of asset objects unloaded after import = 0
========================================================================
Received Import Request.
  Time of request: 2026-10-09T14:11:46.717003Z
  Time since last request: 0.000410146 seconds.
  importAddress: GUID: bb39cf984021140a3adc2419327534a7 - Path: Packages/com.unity.inputsystem/InputSystem/Runtime/Events/IMECompositionEvent.cs - Importer: ScriptedImporter/UnityEditor.QuickSearchModule:UnityEditor.Search:ASIAI0B
Importing 'GUID: bb39cf984021140a3adc2419327534a7 - Path: Packages/com.unity.inputsystem/InputSystem/Runtime/Events/IMECompositionEvent.cs - Importer: ScriptedImporter/UnityEditor.QuickSearchModule:UnityEditor.Search:ASIAI0B' with importer (ScriptedImporter : UnityEditor.QuickSearchModule:UnityEditor.Search:ASIAI0B)
Imported 'GUID: bb39cf984021140a3adc2419327534a7' -> (Import Result ID: 'f9db08b5a0f9145a61abd04daf4f3ab7') in 0.002 seconds [static and dynamic dependencies]. Details - ImportResultOutputID=74f142ff080352a31e099052b2508f65 DependenciesID=58442eb79455448a5b3ba8a1f8e092d3 StaticDependenciesID=c0d76c5489d32e1baffed2b707bfea7d 
Number of updated asset objects reloaded before import = 0
Number of asset objects unloaded after import = 0
========================================================================
Received Import Request.
  Time of request: 2026-10-09T14:11:46.727855Z
  Time since last request: 0.000367486 seconds.
  importAddress: GUID: c632b886b4d04e6b856720556b399ffe - Path: Packages/com.unity.inputsystem/InputSystem/Runtime/Events/DeltaStateEvent.cs - Importer: ScriptedImporter/UnityEditor.QuickSearchModule:UnityEditor.Search:ASIAI0B
Importing 'GUID: c632b886b4d04e6b856720556b399ffe - Path: Packages/com.unity.inputsystem/InputSystem/Runtime/Events/DeltaStateEvent.cs - Importer: ScriptedImporter/UnityEditor.QuickSearchModule:UnityEditor.Search:ASIAI0B' with importer (ScriptedImporter : UnityEditor.QuickSearchModule:UnityEditor.Search:ASIAI0B)
Imported 'GUID: c632b886b4d04e6b856720556b399ffe' -> (Import Result ID: '5cebab6a72d5f97ba0abf22570811049') in 0.002 seconds [static and dynamic dependencies]. Details - ImportResultOutputID=9fc2bcbd3333e7652b56bcd635dec5c3 DependenciesID=c7feaedd6cf26d19fff66054e4188a78 StaticDependenciesID=a2b1c6e0751a9fd35155b8a2d4155af2 
Number of updated asset objects reloaded before import = 0
Number of asset objects unloaded after import = 0
========================================================================
Received Import Request.
  Time of request: 2026-10-09T14:11:46.738716Z
  Time since last request: 0.000607424 seconds.
  importAddress: GUID: 06c77ad4af684d2eab4294e0d51afccd - Path: Packages/com.unity.inputsystem/InputSystem/Runtime/Controls/Vector2Control.cs - Importer: ScriptedImporter/UnityEditor.QuickSearchModule:UnityEditor.Search:ASIAI0B
Importing 'GUID: 06c77ad4af684d2eab4294e0d51afccd - Path: Packages/com.unity.inputsystem/InputSystem/Runtime/Controls/Vector2Control.cs - Importer: ScriptedImporter/UnityEditor.QuickSearchModule:UnityEditor.Search:ASIAI0B' with importer (ScriptedImporter : UnityEditor.QuickSearchModule:UnityEditor.Search:ASIAI0B)
Imported 'GUID: 06c77ad4af684d2eab4294e0d51afccd' -> (Import Result ID: 'fac4a32251dd5cd9d101e6e1858ffa97') in 0.001 seconds [static and dynamic dependencies]. Details - ImportResultOutputID=8b35391f9a3359d4bebbce7a521f7112 DependenciesID=b2a1e7f7e73f48bae96b530a5b647d5c StaticDependenciesID=f3639a21231b8134a87458527b0e62ae 
Number of updated asset objects reloaded before import = 0
Number of asset objects unloaded after import = 0
========================================================================
Received Import Request.
  Time of request: 2026-10-09T14:11:46.748816Z
  Time since last request: 0.000442376 seconds.
  importAddress: GUID: 8ccfc0b2d0da54246a3a9a3938b52fa4 - Path: Packages/com.unity.inputsystem/InputSystem/Runtime/Events/InputEventStream.cs - Importer: ScriptedImporter/UnityEditor.QuickSearchModule:UnityEditor.Search:ASIAI0B
Importing 'GUID: 8ccfc0b2d0da54246a3a9a3938b52fa4 - Path: Packages/com.unity.inputsystem/InputSystem/Runtime/Events/InputEventStream.cs - Importer: ScriptedImporter/UnityEditor.QuickSearchModule:UnityEditor.Search:ASIAI0B' with importer (ScriptedImporter : UnityEditor.QuickSearchModule:UnityEditor.Search:ASIAI0B)
Imported 'GUID: 8ccfc0b2d0da54246a3a9a3938b52fa4' -> (Import Result ID: '94c4ba8736fc698e8415574f5933e4bd') in 0.002 seconds [static and dynamic dependencies]. Details - ImportResultOutputID=52c49f94d0a353d92f8cd916a4af4620 DependenciesID=ad4a9f9c8770a7a4e39d75b0b7fe2538 StaticDependenciesID=13f07b75ef08e75ca5b8e3211c14bec1 
Number of updated asset objects reloaded before import = 0
Number of asset objects unloaded after import = 0
========================================================================
Received Import Request.
  Time of request: 2026-10-09T14:11:46.760075Z
  Time since last request: 0.000370622 seconds.
  importAddress: GUID: 5b23e3210ca74ea9ae4fe882b9bce278 - Path: Packages/com.unity.inputsystem/InputSystem/Runtime/Events/InputEventTrace.cs - Importer: ScriptedImporter/UnityEditor.QuickSearchModule:UnityEditor.Search:ASIAI0B
Importing 'GUID: 5b23e3210ca74ea9ae4fe882b9bce278 - Path: Packages/com.unity.inputsystem/InputSystem/Runtime/Events/InputEventTrace.cs - Importer: ScriptedImporter/UnityEditor.QuickSearchModule:UnityEditor.Search:ASIAI0B' with importer (ScriptedImporter : UnityEditor.QuickSearchModule:UnityEditor.Search:ASIAI0B)
Imported 'GUID: 5b23e3210ca74ea9ae4fe882b9bce278' -> (Import Result ID: '09be6320ffa2f1e825ffd14f4144335a') in 0.002 seconds [static and dynamic dependencies]. Details - ImportResultOutputID=2a8e790fc4ff4cf8811ebc76dc8cd779 DependenciesID=d60977e2dc94ad8c70584b8f10fa27c6 StaticDependenciesID=5edc045c75c98ef1c4703ea7d599c138 
Number of updated asset objects reloaded before import = 0
Number of asset objects unloaded after import = 0
========================================================================
Received Import Request.
  Time of request: 2026-10-09T14:11:46.770725Z
  Time since last request: 0.000532734 seconds.
  importAddress: GUID: 9af5cfc54cf34eb1ac27c9c90a9a7440 - Path: Packages/com.unity.inputsystem/InputSystem/Runtime/Events/DeviceRemoveEvent.cs - Importer: ScriptedImporter/UnityEditor.QuickSearchModule:UnityEditor.Search:ASIAI0B
Importing 'GUID: 9af5cfc54cf34eb1ac27c9c90a9a7440 - Path: Packages/com.unity.inputsystem/InputSystem/Runtime/Events/DeviceRemoveEvent.cs - Importer: ScriptedImporter/UnityEditor.QuickSearchModule:UnityEditor.Search:ASIAI0B' with importer (ScriptedImporter : UnityEditor.QuickSearchModule:UnityEditor.Search:ASIAI0B)
Imported 'GUID: 9af5cfc54cf34eb1ac27c9c90a9a7440' -> (Import Result ID: 'e2d55e62f6f7c9d370ca71d37a31bf51') in 0.002 seconds [static and dynamic dependencies]. Details - ImportResultOutputID=d59de5fe00732c87cf3dbe8d36970889 DependenciesID=9704b8bc8a78190ac8adb9e7b1ed0ee5 StaticDependenciesID=95d2e0cdf1049495762f8d5d22eccf43 
Number of updated asset objects reloaded before import = 0
Number of asset objects unloaded after import = 0
========================================================================
Received Import Request.
  Time of request: 2026-10-09T14:11:46.781314Z
  Time since last request: 0.000389467 seconds.
  importAddress: GUID: 339c9c6bc0554ad79681e127d417ef3d - Path: Packages/com.unity.inputsystem/InputSystem/Runtime/Controls/DeltaControl.cs - Importer: ScriptedImporter/UnityEditor.QuickSearchModule:UnityEditor.Search:ASIAI0B
Importing 'GUID: 339c9c6bc0554ad79681e127d417ef3d - Path: Packages/com.unity.inputsystem/InputSystem/Runtime/Controls/DeltaControl.cs - Importer: ScriptedImporter/UnityEditor.QuickSearchModule:UnityEditor.Search:ASIAI0B' with importer (ScriptedImporter : UnityEditor.QuickSearchModule:UnityEditor.Search:ASIAI0B)
Imported 'GUID: 339c9c6bc0554ad79681e127d417ef3d' -> (Import Result ID: 'f483dfb426d4cc1a5a3c05411968ce27') in 0.002 seconds [static and dynamic dependencies]. Details - ImportResultOutputID=581ed475ab6effacce63e6d88b02191c DependenciesID=b5a9918aa23c647d5b34f6f9456de97e StaticDependenciesID=88ee512afc5f20278aacce66ec558b19 
Number of updated asset objects reloaded before import = 0
Number of asset objects unloaded after import = 0
========================================================================
Received Import Request.
  Time of request: 2026-10-09T14:11:46.791257Z
  Time since last request: 0.000208499 seconds.
  importAddress: GUID: ce150b9c1acd40e0a087ca3f3257831d - Path: Packages/com.unity.inputsystem/InputSystem/Runtime/Controls/InputControlPath.cs - Importer: ScriptedImporter/UnityEditor.QuickSearchModule:UnityEditor.Search:ASIAI0B
Importing 'GUID: ce150b9c1acd40e0a087ca3f3257831d - Path: Packages/com.unity.inputsystem/InputSystem/Runtime/Controls/InputControlPath.cs - Importer: ScriptedImporter/UnityEditor.QuickSearchModule:UnityEditor.Search:ASIAI0B' with importer (ScriptedImporter : UnityEditor.QuickSearchModule:UnityEditor.Search:ASIAI0B)
Imported 'GUID: ce150b9c1acd40e0a087ca3f3257831d' -> (Import Result ID: '39d5b489938aab0871618c8d0208affe') in 0.001 seconds [static and dynamic dependencies]. Details - ImportResultOutputID=ece521146f2c3d88123212bf239cfe20 DependenciesID=cc98c4676258a9b61b761529eb3a2f59 StaticDependenciesID=ea5c98e62221170793c9aa3377010502 
Number of updated asset objects reloaded before import = 0
Number of asset objects unloaded after import = 0
========================================================================
Received Import Request.
  Time of request: 2026-10-09T14:11:46.801282Z
  Time since last request: 0.000895372 seconds.
  importAddress: GUID: d9ce7842660d4bf89a86f378ecffb8f1 - Path: Packages/com.unity.inputsystem/InputSystem/Runtime/Events/StateEvent.cs - Importer: ScriptedImporter/UnityEditor.QuickSearchModule:UnityEditor.Search:ASIAI0B
Importing 'GUID: d9ce7842660d4bf89a86f378ecffb8f1 - Path: Packages/com.unity.inputsystem/InputSystem/Runtime/Events/StateEvent.cs - Importer: ScriptedImporter/UnityEditor.QuickSearchModule:UnityEditor.Search:ASIAI0B' with importer (ScriptedImporter : UnityEditor.QuickSearchModule:UnityEditor.Search:ASIAI0B)
Imported 'GUID: d9ce7842660d4bf89a86f378ecffb8f1' -> (Import Result ID: '9c5d4b6d4e7d66c62619e0ebb6e9de1b') in 0.002 seconds [static and dynamic dependencies]. Details - ImportResultOutputID=295be26a17fb3e1d85a057a4b559c95e DependenciesID=1546a91603de616a70fe986bbf24d22b StaticDependenciesID=302128b87f44adfa12c428ef4b21c428 
Number of updated asset objects reloaded before import = 0
Number of asset objects unloaded after import = 0
========================================================================
Received Import Request.
  Time of request: 2026-10-09T14:11:46.811231Z
  Time since last request: 0.000449429 seconds.
  importAddress: GUID: 914fdb42cb964faf92803ee51a7279fd - Path: Packages/com.unity.inputsystem/InputSystem/Runtime/Controls/Vector3Control.cs - Importer: ScriptedImporter/UnityEditor.QuickSearchModule:UnityEditor.Search:ASIAI0B
Importing 'GUID: 914fdb42cb964faf92803ee51a7279fd - Path: Packages/com.unity.inputsystem/InputSystem/Runtime/Controls/Vector3Control.cs - Importer: ScriptedImporter/UnityEditor.QuickSearchModule:UnityEditor.Search:ASIAI0B' with importer (ScriptedImporter : UnityEditor.QuickSearchModule:UnityEditor.Search:ASIAI0B)
Imported 'GUID: 914fdb42cb964faf92803ee51a7279fd' -> (Import Result ID: '4dee4f2b2b96d9c81e73a1e323098f1c') in 0.002 seconds [static and dynamic dependencies]. Details - ImportResultOutputID=eb7ec979878403a45bca6bbe975916cd DependenciesID=1f2b907a765b7a5904b5635445bb6fd2 StaticDependenciesID=768381c7520d08ef08d056bd88966613 
Number of updated asset objects reloaded before import = 0
Number of asset objects unloaded after import = 0
========================================================================
Received Import Request.
  Time of request: 2026-10-09T14:11:46.82151Z
  Time since last request: 0.0004336 seconds.
  importAddress: GUID: 854faad156b245d4b50a15e233e9ad55 - Path: Packages/com.unity.inputsystem/InputSystem/Runtime/Controls/StickControl.cs - Importer: ScriptedImporter/UnityEditor.QuickSearchModule:UnityEditor.Search:ASIAI0B
Importing 'GUID: 854faad156b245d4b50a15e233e9ad55 - Path: Packages/com.unity.inputsystem/InputSystem/Runtime/Controls/StickControl.cs - Importer: ScriptedImporter/UnityEditor.QuickSearchModule:UnityEditor.Search:ASIAI0B' with importer (ScriptedImporter : UnityEditor.QuickSearchModule:UnityEditor.Search:ASIAI0B)
Imported 'GUID: 854faad156b245d4b50a15e233e9ad55' -> (Import Result ID: '4e61da1adf5013e418d27cfec48ed65d') in 0.002 seconds [static and dynamic dependencies]. Details - ImportResultOutputID=436ff3976d5ee72cdc7d54c057a8ec4c DependenciesID=c254e3231a990ff75ee52aca7fe8593f StaticDependenciesID=2857740f310c562794fbc39e87e6a08e 
Number of updated asset objects reloaded before import = 0
Number of asset objects unloaded after import = 0
========================================================================
Received Import Request.
  Time of request: 2026-10-09T14:11:46.832679Z
  Time since last request: 0.000792309 seconds.
  importAddress: GUID: 4313a2cc2049411789348ff4c952d89c - Path: Packages/com.unity.inputsystem/InputSystem/Runtime/Events/DeviceConfigurationEvent.cs - Importer: ScriptedImporter/UnityEditor.QuickSearchModule:UnityEditor.Search:ASIAI0B
Importing 'GUID: 4313a2cc2049411789348ff4c952d89c - Path: Packages/com.unity.inputsystem/InputSystem/Runtime/Events/DeviceConfigurationEvent.cs - Importer: ScriptedImporter/UnityEditor.QuickSearchModule:UnityEditor.Search:ASIAI0B' with importer (ScriptedImporter : UnityEditor.QuickSearchModule:UnityEditor.Search:ASIAI0B)
Imported 'GUID: 4313a2cc2049411789348ff4c952d89c' -> (Import Result ID: 'a35d27e7ef99733940faafbc217d6fa3') in 0.002 seconds [static and dynamic dependencies]. Details - ImportResultOutputID=951e594287d26f00caf97a181cd68c45 DependenciesID=89e89d19f83cb0a66a359b98645c9db6 StaticDependenciesID=8b21246de744193c94d479b461952130 
Number of updated asset objects reloaded before import = 0
Number of asset objects unloaded after import = 0
========================================================================
Received Import Request.
  Time of request: 2026-10-09T14:11:46.844914Z
  Time since last request: 0.000420425 seconds.
  importAddress: GUID: d1166ae938ecb42adaf8c4530372fb2b - Path: Packages/com.unity.inputsystem/InputSystem/Runtime/Events/ActionEvent.cs - Importer: ScriptedImporter/UnityEditor.QuickSearchModule:UnityEditor.Search:ASIAI0B
Importing 'GUID: d1166ae938ecb42adaf8c4530372fb2b - Path: Packages/com.unity.inputsystem/InputSystem/Runtime/Events/ActionEvent.cs - Importer: ScriptedImporter/UnityEditor.QuickSearchModule:UnityEditor.Search:ASIAI0B' with importer (ScriptedImporter : UnityEditor.QuickSearchModule:UnityEditor.Search:ASIAI0B)
Imported 'GUID: d1166ae938ecb42adaf8c4530372fb2b' -> (Import Result ID: '511ccc3ad22d57c3293c1b664d4eb779') in 0.002 seconds [static and dynamic dependencies]. Details - ImportResultOutputID=af294c0fd08d0339a6cf0ec3ffcfd71a DependenciesID=c2f499641efc2d8a80307c2363ddcd76 StaticDependenciesID=2cf9a1571a8fc92e4f675ac514eece5c 
Number of updated asset objects reloaded before import = 0
Number of asset objects unloaded after import = 0
========================================================================
Received Import Request.
  Time of request: 2026-10-09T14:11:46.856992Z
  Time since last request: 0.000459768 seconds.
  importAddress: GUID: 2e3ecb5c3d351df489bd05ac1d820a6a - Path: Packages/com.unity.inputsystem/InputSystem/Runtime/Controls/TouchPhaseControl.cs - Importer: ScriptedImporter/UnityEditor.QuickSearchModule:UnityEditor.Search:ASIAI0B
Importing 'GUID: 2e3ecb5c3d351df489bd05ac1d820a6a - Path: Packages/com.unity.inputsystem/InputSystem/Runtime/Controls/TouchPhaseControl.cs - Importer: ScriptedImporter/UnityEditor.QuickSearchModule:UnityEditor.Search:ASIAI0B' with importer (ScriptedImporter : UnityEditor.QuickSearchModule:UnityEditor.Search:ASIAI0B)
Imported 'GUID: 2e3ecb5c3d351df489bd05ac1d820a6a' -> (Import Result ID: '4d8159549090027316424f9e1cbfe864') in 0.002 seconds [static and dynamic dependencies]. Details - ImportResultOutputID=1159f7498d44f7c1e17d48e52cb860da DependenciesID=46bdcbdd4d4d37608320d55625bb7a51 StaticDependenciesID=a9ff6d2d0ba8fdb779e2fdfdafe260ef 
Number of updated asset objects reloaded before import = 0
Number of asset objects unloaded after import = 0
========================================================================
Received Import Request.
  Time of request: 2026-10-09T14:11:46.879837Z
  Time since last request: 0.012922162 seconds.
  importAddress: GUID: ccdc5c2ae66744782ab7e326c053ad0a - Path: Packages/com.unity.inputsystem/InputSystem/Runtime/State/InputStateHistory.cs - Importer: ScriptedImporter/UnityEditor.QuickSearchModule:UnityEditor.Search:ASIAI0B
Importing 'GUID: ccdc5c2ae66744782ab7e326c053ad0a - Path: Packages/com.unity.inputsystem/InputSystem/Runtime/State/InputStateHistory.cs - Importer: ScriptedImporter/UnityEditor.QuickSearchModule:UnityEditor.Search:ASIAI0B' with importer (ScriptedImporter : UnityEditor.QuickSearchModule:UnityEditor.Search:ASIAI0B)
Imported 'GUID: ccdc5c2ae66744782ab7e326c053ad0a' -> (Import Result ID: '5c369c13ab15981c42d9bf118b5b70e2') in 0.002 seconds [static and dynamic dependencies]. Details - ImportResultOutputID=54804840e69712d881445d92f1a13a85 DependenciesID=f273a8a2c669ab7863e50a5d8f045359 StaticDependenciesID=e3e5587313b2202a87728a639b82007e 
Number of updated asset objects reloaded before import = 0
Number of asset objects unloaded after import = 0
========================================================================
Received Import Request.
  Time of request: 2026-10-09T14:11:46.890037Z
  Time since last request: 0.000652237 seconds.
  importAddress: GUID: 6633b33d60f14b81927d89a4b06c8a1f - Path: Packages/com.unity.inputsystem/InputSystem/Runtime/State/InputStateBuffers.cs - Importer: ScriptedImporter/UnityEditor.QuickSearchModule:UnityEditor.Search:ASIAI0B
Importing 'GUID: 6633b33d60f14b81927d89a4b06c8a1f - Path: Packages/com.unity.inputsystem/InputSystem/Runtime/State/InputStateBuffers.cs - Importer: ScriptedImporter/UnityEditor.QuickSearchModule:UnityEditor.Search:ASIAI0B' with importer (ScriptedImporter : UnityEditor.QuickSearchModule:UnityEditor.Search:ASIAI0B)
Imported 'GUID: 6633b33d60f14b81927d89a4b06c8a1f' -> (Import Result ID: '19e95f7ee41c0ccf4b6278885317e409') in 0.002 seconds [static and dynamic dependencies]. Details - ImportResultOutputID=888aed4b1873569d9093813e649bf945 DependenciesID=67e2ccbf374e6812cc782da3a6ef0564 StaticDependenciesID=bd0983a0adcd40c93b6119a5084fcd82 
Number of updated asset objects reloaded before import = 0
Number of asset objects unloaded after import = 0
========================================================================
Received Import Request.
  Time of request: 2026-10-09T14:11:46.900481Z
  Time since last request: 0.00056226 seconds.
  importAddress: GUID: cf29acc15e9bb2246965162123659116 - Path: Packages/com.unity.inputsystem/InputSystem/Runtime/Utilities/SpriteUtilities.cs - Importer: ScriptedImporter/UnityEditor.QuickSearchModule:UnityEditor.Search:ASIAI0B
Importing 'GUID: cf29acc15e9bb2246965162123659116 - Path: Packages/com.unity.inputsystem/InputSystem/Runtime/Utilities/SpriteUtilities.cs - Importer: ScriptedImporter/UnityEditor.QuickSearchModule:UnityEditor.Search:ASIAI0B' with importer (ScriptedImporter : UnityEditor.QuickSearchModule:UnityEditor.Search:ASIAI0B)
Imported 'GUID: cf29acc15e9bb2246965162123659116' -> (Import Result ID: 'cd5cccef26182bb62110cb8e743bc6d1') in 0.002 seconds [static and dynamic dependencies]. Details - ImportResultOutputID=a798a2d187f95f1cbc0aeeeb4ad10915 DependenciesID=b974fb539180ed9932ccb10a9519fcef StaticDependenciesID=534947fa4fab759abedc339834423b4a 
Number of updated asset objects reloaded before import = 0
Number of asset objects unloaded after import = 0
========================================================================
Received Import Request.
  Time of request: 2026-10-09T14:11:46.910099Z
  Time since last request: 0.000285232 seconds.
  importAddress: GUID: bdf4b325f88d407f9013b427a6b33c58 - Path: Packages/com.unity.inputsystem/InputSystem/Runtime/State/IInputStateTypeInfo.cs - Importer: ScriptedImporter/UnityEditor.QuickSearchModule:UnityEditor.Search:ASIAI0B
Importing 'GUID: bdf4b325f88d407f9013b427a6b33c58 - Path: Packages/com.unity.inputsystem/InputSystem/Runtime/State/IInputStateTypeInfo.cs - Importer: ScriptedImporter/UnityEditor.QuickSearchModule:UnityEditor.Search:ASIAI0B' with importer (ScriptedImporter : UnityEditor.QuickSearchModule:UnityEditor.Search:ASIAI0B)
Imported 'GUID: bdf4b325f88d407f9013b427a6b33c58' -> (Import Result ID: 'dcec74cb14987abd10be8d70d277f3ac') in 0.002 seconds [static and dynamic dependencies]. Details - ImportResultOutputID=9a7b476f39ff925fdaeefee5a934d15d DependenciesID=7816ce0662f924fb1130ad87039cd3b1 StaticDependenciesID=ccd890da2c809e14afeadacf3ec64e6d 
Number of updated asset objects reloaded before import = 0
Number of asset objects unloaded after import = 0
========================================================================
Received Import Request.
  Time of request: 2026-10-09T14:11:46.920701Z
  Time since last request: 0.000420615 seconds.
  importAddress: GUID: d45ac8148fd4e264eb17df8586b09581 - Path: Packages/com.unity.inputsystem/InputSystem/Runtime/Utilities/DynamicBitfield.cs - Importer: ScriptedImporter/UnityEditor.QuickSearchModule:UnityEditor.Search:ASIAI0B
Importing 'GUID: d45ac8148fd4e264eb17df8586b09581 - Path: Packages/com.unity.inputsystem/InputSystem/Runtime/Utilities/DynamicBitfield.cs - Importer: ScriptedImporter/UnityEditor.QuickSearchModule:UnityEditor.Search:ASIAI0B' with importer (ScriptedImporter : UnityEditor.QuickSearchModule:UnityEditor.Search:ASIAI0B)
Imported 'GUID: d45ac8148fd4e264eb17df8586b09581' -> (Import Result ID: 'c9685bb0374c77b9e9463a2a29b5f262') in 0.002 seconds [static and dynamic dependencies]. Details - ImportResultOutputID=e525852b2086c0557359a86613e9626f DependenciesID=a994dbccce6272cd3c9da990c4b0829f StaticDependenciesID=31c389c5e78ad24a448f4d1c5aec788e 
Number of updated asset objects reloaded before import = 0
Number of asset objects unloaded after import = 0
========================================================================
Received Import Request.
  Time of request: 2026-10-09T14:11:46.930912Z
  Time since last request: 0.000384267 seconds.
  importAddress: GUID: 15eaf34440a14edf94d5a0a00cbded20 - Path: Packages/com.unity.inputsystem/InputSystem/Runtime/Utilities/NumberHelpers.cs - Importer: ScriptedImporter/UnityEditor.QuickSearchModule:UnityEditor.Search:ASIAI0B
Importing 'GUID: 15eaf34440a14edf94d5a0a00cbded20 - Path: Packages/com.unity.inputsystem/InputSystem/Runtime/Utilities/NumberHelpers.cs - Importer: ScriptedImporter/UnityEditor.QuickSearchModule:UnityEditor.Search:ASIAI0B' with importer (ScriptedImporter : UnityEditor.QuickSearchModule:UnityEditor.Search:ASIAI0B)
Imported 'GUID: 15eaf34440a14edf94d5a0a00cbded20' -> (Import Result ID: '6c6257933fc3e3c43510d8128823d49a') in 0.002 seconds [static and dynamic dependencies]. Details - ImportResultOutputID=56b834a88a0746b8847a6cf1a7704581 DependenciesID=ccb8eebde2c5526aff81ca7d20784ac4 StaticDependenciesID=4ec18e9ceff85ea60d4e361b8991c106 
Number of updated asset objects reloaded before import = 0
Number of asset objects unloaded after import = 0
========================================================================
Received Import Request.
  Time of request: 2026-10-09T14:11:46.940207Z
  Time since last request: 0.000397903 seconds.
  importAddress: GUID: a8d605b1e92964b5b94668b1511799ed - Path: Packages/com.unity.inputsystem/InputSystem/Runtime/State/InputState.cs - Importer: ScriptedImporter/UnityEditor.QuickSearchModule:UnityEditor.Search:ASIAI0B
Importing 'GUID: a8d605b1e92964b5b94668b1511799ed - Path: Packages/com.unity.inputsystem/InputSystem/Runtime/State/InputState.cs - Importer: ScriptedImporter/UnityEditor.QuickSearchModule:UnityEditor.Search:ASIAI0B' with importer (ScriptedImporter : UnityEditor.QuickSearchModule:UnityEditor.Search:ASIAI0B)
Imported 'GUID: a8d605b1e92964b5b94668b1511799ed' -> (Import Result ID: '2cb460a2d218d84f3664f882c6e8b798') in 0.001 seconds [static and dynamic dependencies]. Details - ImportResultOutputID=08bda3c13f65215c53eeb533f05944bb DependenciesID=c6eaf2d8bd138b817af96a41b401e829 StaticDependenciesID=29fddb29cd0f711ce1768aabae565b98 
Number of updated asset objects reloaded before import = 0
Number of asset objects unloaded after import = 0
========================================================================
Received Import Request.
  Time of request: 2026-10-09T14:11:46.949548Z
  Time since last request: 0.000311391 seconds.
  importAddress: GUID: 455d9bc907fb62d44a2195e53ff7c0b7 - Path: Packages/com.unity.inputsystem/InputSystem/Runtime/Utilities/PrimitiveValue.cs - Importer: ScriptedImporter/UnityEditor.QuickSearchModule:UnityEditor.Search:ASIAI0B
Importing 'GUID: 455d9bc907fb62d44a2195e53ff7c0b7 - Path: Packages/com.unity.inputsystem/InputSystem/Runtime/Utilities/PrimitiveValue.cs - Importer: ScriptedImporter/UnityEditor.QuickSearchModule:UnityEditor.Search:ASIAI0B' with importer (ScriptedImporter : UnityEditor.QuickSearchModule:UnityEditor.Search:ASIAI0B)
Imported 'GUID: 455d9bc907fb62d44a2195e53ff7c0b7' -> (Import Result ID: '111af7f5655646b769ca176ce33707ba') in 0.001 seconds [static and dynamic dependencies]. Details - ImportResultOutputID=ad40cf66065ec3ed4f88a167a772aa2d DependenciesID=100d3f63acbb810b2632118db356870f StaticDependenciesID=d8a45e60494a009ba613377ba23e5db1 
Number of updated asset objects reloaded before import = 0
Number of asset objects unloaded after import = 0
========================================================================
Received Import Request.
  Time of request: 2026-10-09T14:11:46.959328Z
  Time since last request: 0.000362256 seconds.
  importAddress: GUID: ef4e8c908ae24e438f4baea55d866f5e - Path: Packages/com.unity.inputsystem/InputSystem/Runtime/State/InputStateBlock.cs - Importer: ScriptedImporter/UnityEditor.QuickSearchModule:UnityEditor.Search:ASIAI0B
Importing 'GUID: ef4e8c908ae24e438f4baea55d866f5e - Path: Packages/com.unity.inputsystem/InputSystem/Runtime/State/InputStateBlock.cs - Importer: ScriptedImporter/UnityEditor.QuickSearchModule:UnityEditor.Search:ASIAI0B' with importer (ScriptedImporter : UnityEditor.QuickSearchModule:UnityEditor.Search:ASIAI0B)
Imported 'GUID: ef4e8c908ae24e438f4baea55d866f5e' -> (Import Result ID: '0fc4c08e9fbf80659f53e1a08b69904f') in 0.003 seconds [static and dynamic dependencies]. Details - ImportResultOutputID=e0d90b1f62657291f9b08f2b7afa796e DependenciesID=af153ec3e2b9ff7f07c19b941beddecd StaticDependenciesID=ed7a427fdd7e1318b7a9d2e9d87206e6 
Number of updated asset objects reloaded before import = 0
Number of asset objects unloaded after import = 0
========================================================================
Received Import Request.
  Time of request: 2026-10-09T14:11:46.988072Z
  Time since last request: 0.019118127 seconds.
  importAddress: GUID: 4b0617d4946754ab980342582b1f560c - Path: Packages/com.unity.inputsystem/InputSystem/Editor/Internal/AdvancedDropdown/AdvancedDropdown.cs - Importer: ScriptedImporter/UnityEditor.QuickSearchModule:UnityEditor.Search:ASIAI0B
Importing 'GUID: 4b0617d4946754ab980342582b1f560c - Path: Packages/com.unity.inputsystem/InputSystem/Editor/Internal/AdvancedDropdown/AdvancedDropdown.cs - Importer: ScriptedImporter/UnityEditor.QuickSearchModule:UnityEditor.Search:ASIAI0B' with importer (ScriptedImporter : UnityEditor.QuickSearchModule:UnityEditor.Search:ASIAI0B)
Imported 'GUID: 4b0617d4946754ab980342582b1f560c' -> (Import Result ID: '91b3de0ce4b552b9aec0f081140eb0ac') in 0.002 seconds [static and dynamic dependencies]. Details - ImportResultOutputID=3d389f0bab2297a42550e086e3b1cdc0 DependenciesID=5be3e6a45e2289fd42969c08499e7ec2 StaticDependenciesID=a4d48fb1d32c0b26f2c148a082ebbe07 
Number of updated asset objects reloaded before import = 0
Number of asset objects unloaded after import = 0
========================================================================
Received Import Request.
  Time of request: 2026-10-09T14:11:46.997806Z
  Time since last request: 0.00085159 seconds.
  importAddress: GUID: 7717bf968da90024b9c047ba1a3394ec - Path: Packages/com.unity.inputsystem/InputSystem/Editor/ControlPicker/Layouts/DefaultInputControlPickerLayout.cs - Importer: ScriptedImporter/UnityEditor.QuickSearchModule:UnityEditor.Search:ASIAI0B
Importing 'GUID: 7717bf968da90024b9c047ba1a3394ec - Path: Packages/com.unity.inputsystem/InputSystem/Editor/ControlPicker/Layouts/DefaultInputControlPickerLayout.cs - Importer: ScriptedImporter/UnityEditor.QuickSearchModule:UnityEditor.Search:ASIAI0B' with importer (ScriptedImporter : UnityEditor.QuickSearchModule:UnityEditor.Search:ASIAI0B)
Imported 'GUID: 7717bf968da90024b9c047ba1a3394ec' -> (Import Result ID: '36c284130b2c8f5f7eae1d7969ac2586') in 0.002 seconds [static and dynamic dependencies]. Details - ImportResultOutputID=b1f0a2c14ff004c88057d52d3e4f87c9 DependenciesID=f9c1861c6ff812cb1e5e26749dcf3e50 StaticDependenciesID=e3b5dcbe117ed7015d3f4cfae7a5cbd0 
Number of updated asset objects reloaded before import = 0
Number of asset objects unloaded after import = 0
========================================================================
Received Import Request.
  Time of request: 2026-10-09T14:11:47.006865Z
  Time since last request: 0.000434652 seconds.
  importAddress: GUID: 31783c2cca6e44f419396b9d094e2b31 - Path: Packages/com.unity.inputsystem/InputSystem/Editor/Actions/Interactions/SlowTapInteractionEditor.cs - Importer: ScriptedImporter/UnityEditor.QuickSearchModule:UnityEditor.Search:ASIAI0B
Importing 'GUID: 31783c2cca6e44f419396b9d094e2b31 - Path: Packages/com.unity.inputsystem/InputSystem/Editor/Actions/Interactions/SlowTapInteractionEditor.cs - Importer: ScriptedImporter/UnityEditor.QuickSearchModule:UnityEditor.Search:ASIAI0B' with importer (ScriptedImporter : UnityEditor.QuickSearchModule:UnityEditor.Search:ASIAI0B)
Imported 'GUID: 31783c2cca6e44f419396b9d094e2b31' -> (Import Result ID: 'ab371acf93d19068c3ab972e6f453738') in 0.002 seconds [static and dynamic dependencies]. Details - ImportResultOutputID=55e2a02a1f4a79948588f4461b4f856e DependenciesID=549156a261e580efcbd86bfa010b4b15 StaticDependenciesID=515bffc6d37b0be7d0ce7212c4b02fb0 
Number of updated asset objects reloaded before import = 0
Number of asset objects unloaded after import = 0
========================================================================
Received Import Request.
  Time of request: 2026-10-09T14:11:47.017482Z
  Time since last request: 0.000575644 seconds.
  importAddress: GUID: 91a3b2b6adad844ed9b680b378d8485a - Path: Packages/com.unity.inputsystem/InputSystem/Editor/Plugins/OnScreen/UGUIOnScreenControlEditorUtils.cs - Importer: ScriptedImporter/UnityEditor.QuickSearchModule:UnityEditor.Search:ASIAI0B
Importing 'GUID: 91a3b2b6adad844ed9b680b378d8485a - Path: Packages/com.unity.inputsystem/InputSystem/Editor/Plugins/OnScreen/UGUIOnScreenControlEditorUtils.cs - Importer: ScriptedImporter/UnityEditor.QuickSearchModule:UnityEditor.Search:ASIAI0B' with importer (ScriptedImporter : UnityEditor.QuickSearchModule:UnityEditor.Search:ASIAI0B)
Imported 'GUID: 91a3b2b6adad844ed9b680b378d8485a' -> (Import Result ID: 'd6ea485bac31fe08cd950bad5f30e4bf') in 0.002 seconds [static and dynamic dependencies]. Details - ImportResultOutputID=6a8eee48ad32fbf2a7e5134420014d09 DependenciesID=5eb0bb2b174280a71e0581d63ab11ea5 StaticDependenciesID=687d27dcf0d073d037c94974a6afeb97 
Number of updated asset objects reloaded before import = 0
Number of asset objects unloaded after import = 0
========================================================================
Received Import Request.
  Time of request: 2026-10-09T14:11:47.027307Z
  Time since last request: 0.000349231 seconds.
  importAddress: GUID: 33f32142c2c2d4662be5f5274db27158 - Path: Packages/com.unity.inputsystem/InputSystem/Editor/AssetEditor/PackageResources/blue.png - Importer: ScriptedImporter/UnityEditor.QuickSearchModule:UnityEditor.Search:ASIAI0B
Importing 'GUID: 33f32142c2c2d4662be5f5274db27158 - Path: Packages/com.unity.inputsystem/InputSystem/Editor/AssetEditor/PackageResources/blue.png - Importer: ScriptedImporter/UnityEditor.QuickSearchModule:UnityEditor.Search:ASIAI0B' with importer (ScriptedImporter : UnityEditor.QuickSearchModule:UnityEditor.Search:ASIAI0B)
Imported 'GUID: 33f32142c2c2d4662be5f5274db27158' -> (Import Result ID: '9de278c4fb448ca4a071b511e800d600') in 0.004 seconds [static and dynamic dependencies]. Details - ImportResultOutputID=1390c1afc98fd3832618f6c27cb3393b DependenciesID=028b2c4a5b9230e0669ed8e85e60181d StaticDependenciesID=26a93d65773e6e1882d3e79531d78e9a 
Number of updated asset objects reloaded before import = 0
Number of asset objects unloaded after import = 1
========================================================================
Received Import Request.
  Time of request: 2026-10-09T14:11:47.039074Z
  Time since last request: 0.00020406 seconds.
  importAddress: GUID: 2fe2cf22711ac4db3b094a955603f8bd - Path: Packages/com.unity.inputsystem/InputSystem/Editor/Internal/AdvancedDropdown/CallbackDataSource.cs - Importer: ScriptedImporter/UnityEditor.QuickSearchModule:UnityEditor.Search:ASIAI0B
Importing 'GUID: 2fe2cf22711ac4db3b094a955603f8bd - Path: Packages/com.unity.inputsystem/InputSystem/Editor/Internal/AdvancedDropdown/CallbackDataSource.cs - Importer: ScriptedImporter/UnityEditor.QuickSearchModule:UnityEditor.Search:ASIAI0B' with importer (ScriptedImporter : UnityEditor.QuickSearchModule:UnityEditor.Search:ASIAI0B)
Imported 'GUID: 2fe2cf22711ac4db3b094a955603f8bd' -> (Import Result ID: '8f2afadb738e73160bb1e977ccdd2b9b') in 0.002 seconds [static and dynamic dependencies]. Details - ImportResultOutputID=a4c6965d4ef0433dd294ff8db2821966 DependenciesID=8aaf55bb9053b1ff595a994d22fed7e0 StaticDependenciesID=bd188bbeb6df636a3a0f34ac9488fbe2 
Number of updated asset objects reloaded before import = 0
Number of asset objects unloaded after import = 0
========================================================================
Received Import Request.
  Time of request: 2026-10-09T14:11:47.047917Z
  Time since last request: 0.000259675 seconds.
  importAddress: GUID: 224236193350c244abab484f4514df16 - Path: Packages/com.unity.inputsystem/InputSystem/Editor/ControlPicker/Layouts/TouchscreenControlPickerLayout.cs - Importer: ScriptedImporter/UnityEditor.QuickSearchModule:UnityEditor.Search:ASIAI0B
Importing 'GUID: 224236193350c244abab484f4514df16 - Path: Packages/com.unity.inputsystem/InputSystem/Editor/ControlPicker/Layouts/TouchscreenControlPickerLayout.cs - Importer: ScriptedImporter/UnityEditor.QuickSearchModule:UnityEditor.Search:ASIAI0B' with importer (ScriptedImporter : UnityEditor.QuickSearchModule:UnityEditor.Search:ASIAI0B)
Imported 'GUID: 224236193350c244abab484f4514df16' -> (Import Result ID: 'e4b2d56cd9f37c43286b7a572029e939') in 0.002 seconds [static and dynamic dependencies]. Details - ImportResultOutputID=e64584618910a3b5e90df78e670b5872 DependenciesID=dc9c580a2a34223302d07799637cae3b StaticDependenciesID=9287f5bb8d4fa94906d71316afba2c24 
Number of updated asset objects reloaded before import = 0
Number of asset objects unloaded after import = 0
========================================================================
Received Import Request.
  Time of request: 2026-10-09T14:11:47.056954Z
  Time since last request: 0.000205935 seconds.
  importAddress: GUID: fde8c91ad1cbc48e7a49f856f44724c6 - Path: Packages/com.unity.inputsystem/InputSystem/Editor/Actions/Interactions/HoldInteractionEditor.cs - Importer: ScriptedImporter/UnityEditor.QuickSearchModule:UnityEditor.Search:ASIAI0B
Importing 'GUID: fde8c91ad1cbc48e7a49f856f44724c6 - Path: Packages/com.unity.inputsystem/InputSystem/Editor/Actions/Interactions/HoldInteractionEditor.cs - Importer: ScriptedImporter/UnityEditor.QuickSearchModule:UnityEditor.Search:ASIAI0B' with importer (ScriptedImporter : UnityEditor.QuickSearchModule:UnityEditor.Search:ASIAI0B)
Imported 'GUID: fde8c91ad1cbc48e7a49f856f44724c6' -> (Import Result ID: '81c8b90283ef9c83defb739381a2f8ca') in 0.002 seconds [static and dynamic dependencies]. Details - ImportResultOutputID=c5a716ffcd8ee3a63ed7886f4fdcf589 DependenciesID=d1ce7cb223da2693b896b67749605e31 StaticDependenciesID=52a72d7b569f2313de9ceeffba082645 
Number of updated asset objects reloaded before import = 0
Number of asset objects unloaded after import = 0
========================================================================
Received Import Request.
  Time of request: 2026-10-09T14:11:47.066723Z
  Time since last request: 0.000544948 seconds.
  importAddress: GUID: bd2cb6115f94b4c129408ea68717f9c3 - Path: Packages/com.unity.inputsystem/InputSystem/Editor/Plugins/UI/StandaloneInputModuleEditor.cs - Importer: ScriptedImporter/UnityEditor.QuickSearchModule:UnityEditor.Search:ASIAI0B
Importing 'GUID: bd2cb6115f94b4c129408ea68717f9c3 - Path: Packages/com.unity.inputsystem/InputSystem/Editor/Plugins/UI/StandaloneInputModuleEditor.cs - Importer: ScriptedImporter/UnityEditor.QuickSearchModule:UnityEditor.Search:ASIAI0B' with importer (ScriptedImporter : UnityEditor.QuickSearchModule:UnityEditor.Search:ASIAI0B)
Imported 'GUID: bd2cb6115f94b4c129408ea68717f9c3' -> (Import Result ID: '85f3613ece9231431303fdd84512fd3d') in 0.001 seconds [static and dynamic dependencies]. Details - ImportResultOutputID=4f92e3093cf8370e3da4e4ef50ce4071 DependenciesID=fb14a43c7fbce8473e86395ae147fa10 StaticDependenciesID=3c6ea1686e1b4accd614c55d09e35d9e 
Number of updated asset objects reloaded before import = 0
Number of asset objects unloaded after import = 0
========================================================================
Received Import Request.
  Time of request: 2026-10-09T14:11:47.075803Z
  Time since last request: 0.000371182 seconds.
  importAddress: GUID: bb40b2b9ded5942e98788267f3adbc11 - Path: Packages/com.unity.inputsystem/InputSystem/Editor/Actions/Interactions/PressInteractionEditor.cs - Importer: ScriptedImporter/UnityEditor.QuickSearchModule:UnityEditor.Search:ASIAI0B
Importing 'GUID: bb40b2b9ded5942e98788267f3adbc11 - Path: Packages/com.unity.inputsystem/InputSystem/Editor/Actions/Interactions/PressInteractionEditor.cs - Importer: ScriptedImporter/UnityEditor.QuickSearchModule:UnityEditor.Search:ASIAI0B' with importer (ScriptedImporter : UnityEditor.QuickSearchModule:UnityEditor.Search:ASIAI0B)
Imported 'GUID: bb40b2b9ded5942e98788267f3adbc11' -> (Import Result ID: '07a22cf9c015e4b39cbb563b4cd671bb') in 0.002 seconds [static and dynamic dependencies]. Details - ImportResultOutputID=2c365876caff7fa1e64adee353376a25 DependenciesID=2d5444686f58b2aec8e9afa3b88d24b2 StaticDependenciesID=7314279d07d9669b714c57180e2b50e6 
Number of updated asset objects reloaded before import = 0
Number of asset objects unloaded after import = 0
========================================================================
Received Import Request.
  Time of request: 2026-10-09T14:11:47.085281Z
  Time since last request: 0.000536432 seconds.
  importAddress: GUID: 504f28d05365c4127b7216fd72484311 - Path: Packages/com.unity.inputsystem/InputSystem/Editor/Actions/Composites/AxisCompositeEditor.cs - Importer: ScriptedImporter/UnityEditor.QuickSearchModule:UnityEditor.Search:ASIAI0B
Importing 'GUID: 504f28d05365c4127b7216fd72484311 - Path: Packages/com.unity.inputsystem/InputSystem/Editor/Actions/Composites/AxisCompositeEditor.cs - Importer: ScriptedImporter/UnityEditor.QuickSearchModule:UnityEditor.Search:ASIAI0B' with importer (ScriptedImporter : UnityEditor.QuickSearchModule:UnityEditor.Search:ASIAI0B)
Imported 'GUID: 504f28d05365c4127b7216fd72484311' -> (Import Result ID: '43e862c4278276803e75bc493d17b85a') in 0.002 seconds [static and dynamic dependencies]. Details - ImportResultOutputID=556b8dd496d37dca85a83799ed7941c8 DependenciesID=f48134a5ea296f71e8dd45ffeaf733f9 StaticDependenciesID=4469a7d523f8aa978ea209ab24c59559 
Number of updated asset objects reloaded before import = 0
Number of asset objects unloaded after import = 0
========================================================================
Received Import Request.
  Time of request: 2026-10-09T14:11:47.138558Z
  Time since last request: 0.044221847 seconds.
  importAddress: GUID: 0226840818c8be84a9d8774a2529fe86 - Path: Packages/com.unity.inputsystem/InputSystem/Editor/UITKAssetEditor/Views/ActionMapsView.cs - Importer: ScriptedImporter/UnityEditor.QuickSearchModule:UnityEditor.Search:ASIAI0B
Importing 'GUID: 0226840818c8be84a9d8774a2529fe86 - Path: Packages/com.unity.inputsystem/InputSystem/Editor/UITKAssetEditor/Views/ActionMapsView.cs - Importer: ScriptedImporter/UnityEditor.QuickSearchModule:UnityEditor.Search:ASIAI0B' with importer (ScriptedImporter : UnityEditor.QuickSearchModule:UnityEditor.Search:ASIAI0B)
Imported 'GUID: 0226840818c8be84a9d8774a2529fe86' -> (Import Result ID: '21db34e75c5eff6832b64030592c55c9') in 0.002 seconds [static and dynamic dependencies]. Details - ImportResultOutputID=ed655640388ff90ba5f9b3062b56f599 DependenciesID=2668ba6127cac48d832d65e19e4187c9 StaticDependenciesID=286aef80f27b67aee930f4ee213d8e11 
Number of updated asset objects reloaded before import = 0
Number of asset objects unloaded after import = 0
========================================================================
Received Import Request.
  Time of request: 2026-10-09T14:11:47.148318Z
  Time since last request: 0.000547863 seconds.
  importAddress: GUID: cda1b45d3bda468a95dca208b99174da - Path: Packages/com.unity.inputsystem/InputSystem/Runtime/Actions/Composites/Vector3Composite.cs - Importer: ScriptedImporter/UnityEditor.QuickSearchModule:UnityEditor.Search:ASIAI0B
Importing 'GUID: cda1b45d3bda468a95dca208b99174da - Path: Packages/com.unity.inputsystem/InputSystem/Runtime/Actions/Composites/Vector3Composite.cs - Importer: ScriptedImporter/UnityEditor.QuickSearchModule:UnityEditor.Search:ASIAI0B' with importer (ScriptedImporter : UnityEditor.QuickSearchModule:UnityEditor.Search:ASIAI0B)
Imported 'GUID: cda1b45d3bda468a95dca208b99174da' -> (Import Result ID: '54bb1b3bd96982835b566296179e3975') in 0.002 seconds [static and dynamic dependencies]. Details - ImportResultOutputID=8efb7e366a4ff52165c2cd9d78ddf473 DependenciesID=3c2cc8b300366babfb22aac9b502b6dd StaticDependenciesID=edad11b93b2cef04371c90f169c15ece 
Number of updated asset objects reloaded before import = 0
Number of asset objects unloaded after import = 0
========================================================================
Received Import Request.
  Time of request: 2026-10-09T14:11:47.157961Z
  Time since last request: 0.000984668 seconds.
  importAddress: GUID: 84e410cdded84dd3971c9dbe94605503 - Path: Packages/com.unity.inputsystem/InputSystem/Runtime/Controls/Processors/InvertProcessor.cs - Importer: ScriptedImporter/UnityEditor.QuickSearchModule:UnityEditor.Search:ASIAI0B
Importing 'GUID: 84e410cdded84dd3971c9dbe94605503 - Path: Packages/com.unity.inputsystem/InputSystem/Runtime/Controls/Processors/InvertProcessor.cs - Importer: ScriptedImporter/UnityEditor.QuickSearchModule:UnityEditor.Search:ASIAI0B' with importer (ScriptedImporter : UnityEditor.QuickSearchModule:UnityEditor.Search:ASIAI0B)
Imported 'GUID: 84e410cdded84dd3971c9dbe94605503' -> (Import Result ID: '946d344e785727cdbdd6efed5363dc9f') in 0.002 seconds [static and dynamic dependencies]. Details - ImportResultOutputID=c5f489723d1cc8d6858b7ee1b8b74922 DependenciesID=735d431e38e6acd9da1fee4caa50095f StaticDependenciesID=decd4382feb02ce93e5fa7268636c12d 
Number of updated asset objects reloaded before import = 0
Number of asset objects unloaded after import = 0
========================================================================
Received Import Request.
  Time of request: 2026-10-09T14:11:47.167048Z
  Time since last request: 0.00038572 seconds.
  importAddress: GUID: 3fa44185ed614414ebab354dfe5a06b6 - Path: Packages/com.unity.inputsystem/InputSystem/Editor/UITKAssetEditor/PackageResources/InputActionMapsTreeViewItem.uxml - Importer: ScriptedImporter/UnityEditor.QuickSearchModule:UnityEditor.Search:ASIAI0B
Importing 'GUID: 3fa44185ed614414ebab354dfe5a06b6 - Path: Packages/com.unity.inputsystem/InputSystem/Editor/UITKAssetEditor/PackageResources/InputActionMapsTreeViewItem.uxml - Importer: ScriptedImporter/UnityEditor.QuickSearchModule:UnityEditor.Search:ASIAI0B' with importer (ScriptedImporter : UnityEditor.QuickSearchModule:UnityEditor.Search:ASIAI0B)
Imported 'GUID: 3fa44185ed614414ebab354dfe5a06b6' -> (Import Result ID: 'ae19fe2fde574e2d5d7a44b7e615b7b1') in 0.006 seconds [static and dynamic dependencies]. Details - ImportResultOutputID=e41cc1a53d0312d968f6f2dba8ebb901 DependenciesID=3cec206e0484de17898dfb0d1bd8e9a1 StaticDependenciesID=f2987d5eb7e0a6991bf0663ce72648bd 
Number of updated asset objects reloaded before import = 0
Number of asset objects unloaded after import = 3
========================================================================
Received Import Request.
  Time of request: 2026-10-09T14:11:47.180357Z
  Time since last request: 0.000222125 seconds.
  importAddress: GUID: 303ef5b13740f9a4db252c50122d2c62 - Path: Packages/com.unity.inputsystem/InputSystem/Editor/UITKAssetEditor/PackageResources/ControlSchemeEditor.uxml - Importer: ScriptedImporter/UnityEditor.QuickSearchModule:UnityEditor.Search:ASIAI0B
Importing 'GUID: 303ef5b13740f9a4db252c50122d2c62 - Path: Packages/com.unity.inputsystem/InputSystem/Editor/UITKAssetEditor/PackageResources/ControlSchemeEditor.uxml - Importer: ScriptedImporter/UnityEditor.QuickSearchModule:UnityEditor.Search:ASIAI0B' with importer (ScriptedImporter : UnityEditor.QuickSearchModule:UnityEditor.Search:ASIAI0B)
Imported 'GUID: 303ef5b13740f9a4db252c50122d2c62' -> (Import Result ID: 'fd3b82c05346741714ea9fb58dfc895c') in 0.007 seconds [static and dynamic dependencies]. Details - ImportResultOutputID=4655eacaf4fe6050efb18c29af9d7cda DependenciesID=e5b49287808df848fbaf5278c03e9bbe StaticDependenciesID=31175e4e80cb80eb3defb0fbda273e8a 
Number of updated asset objects reloaded before import = 0
Number of asset objects unloaded after import = 2
========================================================================
Received Import Request.
  Time of request: 2026-10-09T14:11:47.195457Z
  Time since last request: 0.00014463 seconds.
  importAddress: GUID: c2732a66825034f739cb072c49aa8990 - Path: Packages/com.unity.inputsystem/InputSystem/Runtime/Actions/Interactions/MultiTapInteraction.cs - Importer: ScriptedImporter/UnityEditor.QuickSearchModule:UnityEditor.Search:ASIAI0B
Importing 'GUID: c2732a66825034f739cb072c49aa8990 - Path: Packages/com.unity.inputsystem/InputSystem/Runtime/Actions/Interactions/MultiTapInteraction.cs - Importer: ScriptedImporter/UnityEditor.QuickSearchModule:UnityEditor.Search:ASIAI0B' with importer (ScriptedImporter : UnityEditor.QuickSearchModule:UnityEditor.Search:ASIAI0B)
Imported 'GUID: c2732a66825034f739cb072c49aa8990' -> (Import Result ID: 'cb862595b2cada124bbd720c9dd2cacb') in 0.002 seconds [static and dynamic dependencies]. Details - ImportResultOutputID=b9504bcf72e611df852d315d3a1531be DependenciesID=239297f8a89dfb96b897ad2c60f02e97 StaticDependenciesID=a60050e4883141c573296736b5d22a35 
Number of updated asset objects reloaded before import = 0
Number of asset objects unloaded after import = 0
========================================================================
Received Import Request.
  Time of request: 2026-10-09T14:11:47.205087Z
  Time since last request: 0.000316501 seconds.
  importAddress: GUID: 452df07a8ad0c944c879a484d5890e61 - Path: Packages/com.unity.inputsystem/InputSystem/Editor/UITKAssetEditor/PackageResources/InputActionsTreeViewItem.uxml - Importer: ScriptedImporter/UnityEditor.QuickSearchModule:UnityEditor.Search:ASIAI0B
Importing 'GUID: 452df07a8ad0c944c879a484d5890e61 - Path: Packages/com.unity.inputsystem/InputSystem/Editor/UITKAssetEditor/PackageResources/InputActionsTreeViewItem.uxml - Importer: ScriptedImporter/UnityEditor.QuickSearchModule:UnityEditor.Search:ASIAI0B' with importer (ScriptedImporter : UnityEditor.QuickSearchModule:UnityEditor.Search:ASIAI0B)
Imported 'GUID: 452df07a8ad0c944c879a484d5890e61' -> (Import Result ID: 'b76ec2830aafe0351011702581d9b352') in 0.007 seconds [static and dynamic dependencies]. Details - ImportResultOutputID=2dc5c31f201e075ffe345432993ee9bc DependenciesID=f05b9416b9aaa653e64950ff7ca24aa8 StaticDependenciesID=e7d84df0627cc202c9a029553b0512ec 
Number of updated asset objects reloaded before import = 0
Number of asset objects unloaded after import = 3
========================================================================
Received Import Request.
  Time of request: 2026-10-09T14:11:47.220225Z
  Time since last request: 0.000397232 seconds.
  importAddress: GUID: be272fdf97df4e8daf1393dabdfa4cb8 - Path: Packages/com.unity.inputsystem/InputSystem/Runtime/Actions/Composites/TwoModifiersComposite.cs - Importer: ScriptedImporter/UnityEditor.QuickSearchModule:UnityEditor.Search:ASIAI0B
Importing 'GUID: be272fdf97df4e8daf1393dabdfa4cb8 - Path: Packages/com.unity.inputsystem/InputSystem/Runtime/Actions/Composites/TwoModifiersComposite.cs - Importer: ScriptedImporter/UnityEditor.QuickSearchModule:UnityEditor.Search:ASIAI0B' with importer (ScriptedImporter : UnityEditor.QuickSearchModule:UnityEditor.Search:ASIAI0B)
Imported 'GUID: be272fdf97df4e8daf1393dabdfa4cb8' -> (Import Result ID: 'c2a9455c33aeba70e1fb3a5321c43cfb') in 0.001 seconds [static and dynamic dependencies]. Details - ImportResultOutputID=2db7ee719aab6d20b1e57b14421e3866 DependenciesID=96d6b8e594a5dc73903f90c3b765e327 StaticDependenciesID=cbf265494b7d9a5af905778a102f7838 
Number of updated asset objects reloaded before import = 0
Number of asset objects unloaded after import = 0
========================================================================
Received Import Request.
  Time of request: 2026-10-09T14:11:47.228805Z
  Time since last request: 0.000170678 seconds.
  importAddress: GUID: 99cfd7e6e4fd7294090b6bf84b177326 - Path: Packages/com.unity.inputsystem/InputSystem/Editor/UITKAssetEditor/Commands/ControlSchemeCommands.cs - Importer: ScriptedImporter/UnityEditor.QuickSearchModule:UnityEditor.Search:ASIAI0B
Importing 'GUID: 99cfd7e6e4fd7294090b6bf84b177326 - Path: Packages/com.unity.inputsystem/InputSystem/Editor/UITKAssetEditor/Commands/ControlSchemeCommands.cs - Importer: ScriptedImporter/UnityEditor.QuickSearchModule:UnityEditor.Search:ASIAI0B' with importer (ScriptedImporter : UnityEditor.QuickSearchModule:UnityEditor.Search:ASIAI0B)
Imported 'GUID: 99cfd7e6e4fd7294090b6bf84b177326' -> (Import Result ID: 'e886c694e93d056da56b35ed9157dc80') in 0.001 seconds [static and dynamic dependencies]. Details - ImportResultOutputID=0ee8cb5e587989f724c2d3c0e4bd3614 DependenciesID=a98ef28d173518d3d3113e87b5f5d9ee StaticDependenciesID=be595355fdadd3fd24c656ced3d7ae0a 
Number of updated asset objects reloaded before import = 0
Number of asset objects unloaded after import = 0
========================================================================
Received Import Request.
  Time of request: 2026-10-09T14:11:47.237966Z
  Time since last request: 0.000365022 seconds.
  importAddress: GUID: 2bd61b5c763f7444e9a5aa3c7623f60b - Path: Packages/com.unity.inputsystem/InputSystem/Editor/UITKAssetEditor/Views/CompositeBindingPropertiesView.cs - Importer: ScriptedImporter/UnityEditor.QuickSearchModule:UnityEditor.Search:ASIAI0B
Importing 'GUID: 2bd61b5c763f7444e9a5aa3c7623f60b - Path: Packages/com.unity.inputsystem/InputSystem/Editor/UITKAssetEditor/Views/CompositeBindingPropertiesView.cs - Importer: ScriptedImporter/UnityEditor.QuickSearchModule:UnityEditor.Search:ASIAI0B' with importer (ScriptedImporter : UnityEditor.QuickSearchModule:UnityEditor.Search:ASIAI0B)
Imported 'GUID: 2bd61b5c763f7444e9a5aa3c7623f60b' -> (Import Result ID: '5ed39ada680bff6ef896ab2e9c7883d6') in 0.001 seconds [static and dynamic dependencies]. Details - ImportResultOutputID=2d6ffb3450ffcf28bc058728e1442698 DependenciesID=f8d2448b18013da40f74cb3dd8007793 StaticDependenciesID=71c778df54e44c41850a8a493c10471e 
Number of updated asset objects reloaded before import = 0
Number of asset objects unloaded after import = 0
========================================================================
Received Import Request.
  Time of request: 2026-10-09T14:11:47.246595Z
  Time since last request: 0.000180557 seconds.
  importAddress: GUID: 66ed65ecd8caca54ba814d536ed4d5b2 - Path: Packages/com.unity.inputsystem/InputSystem/Editor/UITKAssetEditor/Views/ControlSchemesView.cs - Importer: ScriptedImporter/UnityEditor.QuickSearchModule:UnityEditor.Search:ASIAI0B
Importing 'GUID: 66ed65ecd8caca54ba814d536ed4d5b2 - Path: Packages/com.unity.inputsystem/InputSystem/Editor/UITKAssetEditor/Views/ControlSchemesView.cs - Importer: ScriptedImporter/UnityEditor.QuickSearchModule:UnityEditor.Search:ASIAI0B' with importer (ScriptedImporter : UnityEditor.QuickSearchModule:UnityEditor.Search:ASIAI0B)
Imported 'GUID: 66ed65ecd8caca54ba814d536ed4d5b2' -> (Import Result ID: 'b6b520b8aeb9cc294a06043827a58368') in 0.002 seconds [static and dynamic dependencies]. Details - ImportResultOutputID=d63e524f8b2c9de22002a6fb40324674 DependenciesID=785b91ddc02c02e3250e235e8689efd7 StaticDependenciesID=29e41cd5ec20333fce948ce46b04f50c 
Number of updated asset objects reloaded before import = 0
Number of asset objects unloaded after import = 0
========================================================================
Received Import Request.
  Time of request: 2026-10-09T14:11:47.257148Z
  Time since last request: 0.000329425 seconds.
  importAddress: GUID: 6ae082cf4f6634e9d8cdd8526dd816a3 - Path: Packages/com.unity.inputsystem/InputSystem/Runtime/Controls/Processors/NormalizeVector2Processor.cs - Importer: ScriptedImporter/UnityEditor.QuickSearchModule:UnityEditor.Search:ASIAI0B
Importing 'GUID: 6ae082cf4f6634e9d8cdd8526dd816a3 - Path: Packages/com.unity.inputsystem/InputSystem/Runtime/Controls/Processors/NormalizeVector2Processor.cs - Importer: ScriptedImporter/UnityEditor.QuickSearchModule:UnityEditor.Search:ASIAI0B' with importer (ScriptedImporter : UnityEditor.QuickSearchModule:UnityEditor.Search:ASIAI0B)
Imported 'GUID: 6ae082cf4f6634e9d8cdd8526dd816a3' -> (Import Result ID: '630fd185648864f3925e107555fb997b') in 0.002 seconds [static and dynamic dependencies]. Details - ImportResultOutputID=e2aa9299f2c7d3901c5afdb9c8817d39 DependenciesID=42dd04e8f9f2be42c397f8ffc055ad99 StaticDependenciesID=dd0b3a9f0e25855c318b648645cd7cb7 
Number of updated asset objects reloaded before import = 0
Number of asset objects unloaded after import = 0
========================================================================
Received Import Request.
  Time of request: 2026-10-09T14:11:47.267Z
  Time since last request: 0.000417069 seconds.
  importAddress: GUID: 1a0a9c8a3d9c4893ab5389e009563314 - Path: Packages/com.unity.inputsystem/InputSystem/Runtime/Actions/Composites/OneModifierComposite.cs - Importer: ScriptedImporter/UnityEditor.QuickSearchModule:UnityEditor.Search:ASIAI0B
Importing 'GUID: 1a0a9c8a3d9c4893ab5389e009563314 - Path: Packages/com.unity.inputsystem/InputSystem/Runtime/Actions/Composites/OneModifierComposite.cs - Importer: ScriptedImporter/UnityEditor.QuickSearchModule:UnityEditor.Search:ASIAI0B' with importer (ScriptedImporter : UnityEditor.QuickSearchModule:UnityEditor.Search:ASIAI0B)
Imported 'GUID: 1a0a9c8a3d9c4893ab5389e009563314' -> (Import Result ID: '3b80fb2693b3a352fb590ce160b38240') in 0.001 seconds [static and dynamic dependencies]. Details - ImportResultOutputID=3b2385b36aa9ebd5f0588809f6e30ef7 DependenciesID=6e80a85b2c7e20d136615a5a22bc3448 StaticDependenciesID=defad4fcb739c1e09b94c377d4b0094d 
Number of updated asset objects reloaded before import = 0
Number of asset objects unloaded after import = 0
========================================================================
Received Import Request.
  Time of request: 2026-10-09T14:11:47.277224Z
  Time since last request: 0.000364421 seconds.
  importAddress: GUID: 9cbd73d51dc491b4888055ae65cd9545 - Path: Packages/com.unity.inputsystem/InputSystem/Editor/UITKAssetEditor/PackageResources/NameAndParameterListViewItemTemplate.uxml - Importer: ScriptedImporter/UnityEditor.QuickSearchModule:UnityEditor.Search:ASIAI0B
Importing 'GUID: 9cbd73d51dc491b4888055ae65cd9545 - Path: Packages/com.unity.inputsystem/InputSystem/Editor/UITKAssetEditor/PackageResources/NameAndParameterListViewItemTemplate.uxml - Importer: ScriptedImporter/UnityEditor.QuickSearchModule:UnityEditor.Search:ASIAI0B' with importer (ScriptedImporter : UnityEditor.QuickSearchModule:UnityEditor.Search:ASIAI0B)
Imported 'GUID: 9cbd73d51dc491b4888055ae65cd9545' -> (Import Result ID: '5997617f889eba2495c16d3be260a267') in 0.005 seconds [static and dynamic dependencies]. Details - ImportResultOutputID=48c23d3db661e45384e364535c5ebde5 DependenciesID=b36bfd6d694ac9dbc7028ccb9cc67506 StaticDependenciesID=20fa6fc39c0e6e6b25eb4b22ff8971e5 
Number of updated asset objects reloaded before import = 0
Number of asset objects unloaded after import = 3
========================================================================
Received Import Request.
  Time of request: 2026-10-09T14:11:47.291548Z
  Time since last request: 0.000298317 seconds.
  importAddress: GUID: 09dbcfc6e83454e45ace8503dacc86ad - Path: Packages/com.unity.inputsystem/InputSystem/Editor/UITKAssetEditor/Views/VisualElementExtensions.cs - Importer: ScriptedImporter/UnityEditor.QuickSearchModule:UnityEditor.Search:ASIAI0B
Importing 'GUID: 09dbcfc6e83454e45ace8503dacc86ad - Path: Packages/com.unity.inputsystem/InputSystem/Editor/UITKAssetEditor/Views/VisualElementExtensions.cs - Importer: ScriptedImporter/UnityEditor.QuickSearchModule:UnityEditor.Search:ASIAI0B' with importer (ScriptedImporter : UnityEditor.QuickSearchModule:UnityEditor.Search:ASIAI0B)
Imported 'GUID: 09dbcfc6e83454e45ace8503dacc86ad' -> (Import Result ID: 'a53d7a49a68f2e12a2c211027d1dcd39') in 0.002 seconds [static and dynamic dependencies]. Details - ImportResultOutputID=5eed0be63bc0928945405e12f7e1edab DependenciesID=ea0ac99bf3087e5cdbec92041fbbadd3 StaticDependenciesID=a9bf1fbdb06d3ede8fea48180527d3d0 
Number of updated asset objects reloaded before import = 0
Number of asset objects unloaded after import = 0
========================================================================
Received Import Request.
  Time of request: 2026-10-09T14:11:47.3026Z
  Time since last request: 0.000327271 seconds.
  importAddress: GUID: 96bf34fe183cd4ce986db61a6639cd5b - Path: Packages/com.unity.inputsystem/InputSystem/Runtime/Controls/Processors/ScaleVector2Processor.cs - Importer: ScriptedImporter/UnityEditor.QuickSearchModule:UnityEditor.Search:ASIAI0B
Importing 'GUID: 96bf34fe183cd4ce986db61a6639cd5b - Path: Packages/com.unity.inputsystem/InputSystem/Runtime/Controls/Processors/ScaleVector2Processor.cs - Importer: ScriptedImporter/UnityEditor.QuickSearchModule:UnityEditor.Search:ASIAI0B' with importer (ScriptedImporter : UnityEditor.QuickSearchModule:UnityEditor.Search:ASIAI0B)
Imported 'GUID: 96bf34fe183cd4ce986db61a6639cd5b' -> (Import Result ID: 'ba4e5b9b3d236c882a16f625d9267f99') in 0.001 seconds [static and dynamic dependencies]. Details - ImportResultOutputID=269427541a243e8a0447e15355efcc4f DependenciesID=e956f46110c3114686effd68e67712e6 StaticDependenciesID=7cd3c661cda84cea19ebba8ac9ceb279 
Number of updated asset objects reloaded before import = 0
Number of asset objects unloaded after import = 0
========================================================================
Received Import Request.
  Time of request: 2026-10-09T14:11:47.313954Z
  Time since last request: 0.00041782 seconds.
  importAddress: GUID: 7938861606c2845d19cf2e8a683ddba3 - Path: Packages/com.unity.inputsystem/InputSystem/Runtime/Controls/Processors/InvertVector3Processor.cs - Importer: ScriptedImporter/UnityEditor.QuickSearchModule:UnityEditor.Search:ASIAI0B
Importing 'GUID: 7938861606c2845d19cf2e8a683ddba3 - Path: Packages/com.unity.inputsystem/InputSystem/Runtime/Controls/Processors/InvertVector3Processor.cs - Importer: ScriptedImporter/UnityEditor.QuickSearchModule:UnityEditor.Search:ASIAI0B' with importer (ScriptedImporter : UnityEditor.QuickSearchModule:UnityEditor.Search:ASIAI0B)
Imported 'GUID: 7938861606c2845d19cf2e8a683ddba3' -> (Import Result ID: '58db3944acc199eb633c65bb558a6855') in 0.002 seconds [static and dynamic dependencies]. Details - ImportResultOutputID=d7f43816f19e341a5cb5bd9934cfcc3c DependenciesID=0f18082acfbf453d5b258f68173b2914 StaticDependenciesID=3d250335184a98ce08287274fa083944 
Number of updated asset objects reloaded before import = 0
Number of asset objects unloaded after import = 0
========================================================================
Received Import Request.
  Time of request: 2026-10-09T14:11:47.324137Z
  Time since last request: 0.00030017 seconds.
  importAddress: GUID: 716898219fc23de4a81300652df80ef3 - Path: Packages/com.unity.inputsystem/InputSystem/Editor/UITKAssetEditor/Views/ActionsTreeView.cs - Importer: ScriptedImporter/UnityEditor.QuickSearchModule:UnityEditor.Search:ASIAI0B
Importing 'GUID: 716898219fc23de4a81300652df80ef3 - Path: Packages/com.unity.inputsystem/InputSystem/Editor/UITKAssetEditor/Views/ActionsTreeView.cs - Importer: ScriptedImporter/UnityEditor.QuickSearchModule:UnityEditor.Search:ASIAI0B' with importer (ScriptedImporter : UnityEditor.QuickSearchModule:UnityEditor.Search:ASIAI0B)
Imported 'GUID: 716898219fc23de4a81300652df80ef3' -> (Import Result ID: '296a131b6bf3fac319eb36c312dcbf83') in 0.002 seconds [static and dynamic dependencies]. Details - ImportResultOutputID=5f3f859590b106fb0a85be6ead83b247 DependenciesID=8d56dfb89d33fc58b33e950482e7e784 StaticDependenciesID=4f2cd4f02c70fd1832fe3b22c7211ccd 
Number of updated asset objects reloaded before import = 0
Number of asset objects unloaded after import = 0
========================================================================
Received Import Request.
  Time of request: 2026-10-09T14:11:47.334788Z
  Time since last request: 0.000272078 seconds.
  importAddress: GUID: 62dcc18c42c2246bdaed7fe210b77118 - Path: Packages/com.unity.inputsystem/InputSystem/Runtime/Actions/Composites/ButtonWithTwoModifiers.cs - Importer: ScriptedImporter/UnityEditor.QuickSearchModule:UnityEditor.Search:ASIAI0B
Importing 'GUID: 62dcc18c42c2246bdaed7fe210b77118 - Path: Packages/com.unity.inputsystem/InputSystem/Runtime/Actions/Composites/ButtonWithTwoModifiers.cs - Importer: ScriptedImporter/UnityEditor.QuickSearchModule:UnityEditor.Search:ASIAI0B' with importer (ScriptedImporter : UnityEditor.QuickSearchModule:UnityEditor.Search:ASIAI0B)
Imported 'GUID: 62dcc18c42c2246bdaed7fe210b77118' -> (Import Result ID: '09c86b31ddc31172f2c9d019799f2754') in 0.001 seconds [static and dynamic dependencies]. Details - ImportResultOutputID=cf3477a9116eadf0fab2c26f52adbdc8 DependenciesID=3cb7470a5ee62f29bd445fa3bed61292 StaticDependenciesID=f0111014e4cd0e7e99210a65d80f619f 
Number of updated asset objects reloaded before import = 0
Number of asset objects unloaded after import = 0
========================================================================
Received Import Request.
  Time of request: 2026-10-09T14:11:47.356598Z
  Time since last request: 0.012663649 seconds.
  importAddress: GUID: c2339479d3a44fcb902e62c60f0a05af - Path: Packages/com.unity.inputsystem/InputSystem/Runtime/Devices/Commands/IInputDeviceCommandInfo.cs - Importer: ScriptedImporter/UnityEditor.QuickSearchModule:UnityEditor.Search:ASIAI0B
Importing 'GUID: c2339479d3a44fcb902e62c60f0a05af - Path: Packages/com.unity.inputsystem/InputSystem/Runtime/Devices/Commands/IInputDeviceCommandInfo.cs - Importer: ScriptedImporter/UnityEditor.QuickSearchModule:UnityEditor.Search:ASIAI0B' with importer (ScriptedImporter : UnityEditor.QuickSearchModule:UnityEditor.Search:ASIAI0B)
Imported 'GUID: c2339479d3a44fcb902e62c60f0a05af' -> (Import Result ID: 'd35680004ebb53931ed63b3c227df97a') in 0.001 seconds [static and dynamic dependencies]. Details - ImportResultOutputID=ec381f55c8cd28e335c1776c9eb17e15 DependenciesID=7fb0a4bcc5481b7c838661db2b2edc9b StaticDependenciesID=55bfa3a73a1b80de189f580f7a8a5f0f 
Number of updated asset objects reloaded before import = 0
Number of asset objects unloaded after import = 0
========================================================================
Received Import Request.
  Time of request: 2026-10-09T14:11:47.366154Z
  Time since last request: 0.000263803 seconds.
  importAddress: GUID: c7225419e3d446c5982afd5ba9cce319 - Path: Packages/com.unity.inputsystem/InputSystem/Runtime/Plugins/DualShock/DualShockGamepadHID.cs - Importer: ScriptedImporter/UnityEditor.QuickSearchModule:UnityEditor.Search:ASIAI0B
Importing 'GUID: c7225419e3d446c5982afd5ba9cce319 - Path: Packages/com.unity.inputsystem/InputSystem/Runtime/Plugins/DualShock/DualShockGamepadHID.cs - Importer: ScriptedImporter/UnityEditor.QuickSearchModule:UnityEditor.Search:ASIAI0B' with importer (ScriptedImporter : UnityEditor.QuickSearchModule:UnityEditor.Search:ASIAI0B)
Imported 'GUID: c7225419e3d446c5982afd5ba9cce319' -> (Import Result ID: '23207c7344effa04686243ddd67bce85') in 0.002 seconds [static and dynamic dependencies]. Details - ImportResultOutputID=67f7ad9fb82c4312be36d66b390a18c4 DependenciesID=0242886dbc650b3ce8a201937383bf9e StaticDependenciesID=041e1aae6b61f5d2e4f46c16c7007a93 
Number of updated asset objects reloaded before import = 0
Number of asset objects unloaded after import = 0
========================================================================
Received Import Request.
  Time of request: 2026-10-09T14:11:47.374735Z
  Time since last request: 0.000375411 seconds.
  importAddress: GUID: 425bde5d5c63e4c5d8d95b068a911236 - Path: Packages/com.unity.inputsystem/InputSystem/Runtime/Plugins/Steam/IStreamControllerAPI.cs - Importer: ScriptedImporter/UnityEditor.QuickSearchModule:UnityEditor.Search:ASIAI0B
Importing 'GUID: 425bde5d5c63e4c5d8d95b068a911236 - Path: Packages/com.unity.inputsystem/InputSystem/Runtime/Plugins/Steam/IStreamControllerAPI.cs - Importer: ScriptedImporter/UnityEditor.QuickSearchModule:UnityEditor.Search:ASIAI0B' with importer (ScriptedImporter : UnityEditor.QuickSearchModule:UnityEditor.Search:ASIAI0B)
Imported 'GUID: 425bde5d5c63e4c5d8d95b068a911236' -> (Import Result ID: 'bfdcd046fa3e46bb5d0ea2676dcd0353') in 0.002 seconds [static and dynamic dependencies]. Details - ImportResultOutputID=e9c47b0697fce7d8fec6de4413ca541e DependenciesID=c11c7eb9dd4825b71e121ea7a6743a5a StaticDependenciesID=32f38ce8a8782b9e87d1cf09309026be 
Number of updated asset objects reloaded before import = 0
Number of asset objects unloaded after import = 0
========================================================================
Received Import Request.
  Time of request: 2026-10-09T14:11:47.384091Z
  Time since last request: 0.000517146 seconds.
  importAddress: GUID: a7c6472eb810ba445be34c69325e4fea - Path: Packages/com.unity.inputsystem/InputSystem/Runtime/Plugins/Android/AndroidGameController.cs - Importer: ScriptedImporter/UnityEditor.QuickSearchModule:UnityEditor.Search:ASIAI0B
Importing 'GUID: a7c6472eb810ba445be34c69325e4fea - Path: Packages/com.unity.inputsystem/InputSystem/Runtime/Plugins/Android/AndroidGameController.cs - Importer: ScriptedImporter/UnityEditor.QuickSearchModule:UnityEditor.Search:ASIAI0B' with importer (ScriptedImporter : UnityEditor.QuickSearchModule:UnityEditor.Search:ASIAI0B)
Imported 'GUID: a7c6472eb810ba445be34c69325e4fea' -> (Import Result ID: 'ba6f4beceefb7c506fefee0862d8fb66') in 0.002 seconds [static and dynamic dependencies]. Details - ImportResultOutputID=6655a44306adee44bc33ae8b4553c6b1 DependenciesID=1114176311cbc94466e39188e4795829 StaticDependenciesID=ec94297223186f1177795f38aba7a006 
Number of updated asset objects reloaded before import = 0
Number of asset objects unloaded after import = 0
========================================================================
Received Import Request.
  Time of request: 2026-10-09T14:11:47.393412Z
  Time since last request: 0.000351195 seconds.
  importAddress: GUID: 8806f46699a44c39a6a66c5d07772871 - Path: Packages/com.unity.inputsystem/InputSystem/Runtime/Plugins/HID/HID.cs - Importer: ScriptedImporter/UnityEditor.QuickSearchModule:UnityEditor.Search:ASIAI0B
Importing 'GUID: 8806f46699a44c39a6a66c5d07772871 - Path: Packages/com.unity.inputsystem/InputSystem/Runtime/Plugins/HID/HID.cs - Importer: ScriptedImporter/UnityEditor.QuickSearchModule:UnityEditor.Search:ASIAI0B' with importer (ScriptedImporter : UnityEditor.QuickSearchModule:UnityEditor.Search:ASIAI0B)
Imported 'GUID: 8806f46699a44c39a6a66c5d07772871' -> (Import Result ID: 'e84c11aa7b7bff8ea70a3d48dfeb0a66') in 0.002 seconds [static and dynamic dependencies]. Details - ImportResultOutputID=c46f067e48f6cffe50bccebf630c7db6 DependenciesID=79855736d51feb174a9f39426d7c34ed StaticDependenciesID=82196de820b0987502a692cb7cd6465a 
Number of updated asset objects reloaded before import = 0
Number of asset objects unloaded after import = 0
========================================================================
Received Import Request.
  Time of request: 2026-10-09T14:11:47.402745Z
  Time since last request: 0.00045567 seconds.
  importAddress: GUID: 830105192d35a17469c56711468d1e8f - Path: Packages/com.unity.inputsystem/InputSystem/Runtime/Plugins/Android/AndroidSensors.cs - Importer: ScriptedImporter/UnityEditor.QuickSearchModule:UnityEditor.Search:ASIAI0B
Importing 'GUID: 830105192d35a17469c56711468d1e8f - Path: Packages/com.unity.inputsystem/InputSystem/Runtime/Plugins/Android/AndroidSensors.cs - Importer: ScriptedImporter/UnityEditor.QuickSearchModule:UnityEditor.Search:ASIAI0B' with importer (ScriptedImporter : UnityEditor.QuickSearchModule:UnityEditor.Search:ASIAI0B)
Imported 'GUID: 830105192d35a17469c56711468d1e8f' -> (Import Result ID: '231cf16901af4d45749adfd8e28e573a') in 0.002 seconds [static and dynamic dependencies]. Details - ImportResultOutputID=576dbae7cc8a8d1970742a0546980c22 DependenciesID=f1fbebc8f92dd25c571be01d30e3d065 StaticDependenciesID=adc895973db7c109cd88220991fefe8d 
Number of updated asset objects reloaded before import = 0
Number of asset objects unloaded after import = 0
========================================================================
Received Import Request.
  Time of request: 2026-10-09T14:11:47.412484Z
  Time since last request: 0.000762293 seconds.
  importAddress: GUID: 4f0b0cfb7c484e43823c1a038c97a5f3 - Path: Packages/com.unity.inputsystem/InputSystem/Runtime/Plugins/HID/HIDSupport.cs - Importer: ScriptedImporter/UnityEditor.QuickSearchModule:UnityEditor.Search:ASIAI0B
Importing 'GUID: 4f0b0cfb7c484e43823c1a038c97a5f3 - Path: Packages/com.unity.inputsystem/InputSystem/Runtime/Plugins/HID/HIDSupport.cs - Importer: ScriptedImporter/UnityEditor.QuickSearchModule:UnityEditor.Search:ASIAI0B' with importer (ScriptedImporter : UnityEditor.QuickSearchModule:UnityEditor.Search:ASIAI0B)
Imported 'GUID: 4f0b0cfb7c484e43823c1a038c97a5f3' -> (Import Result ID: '7508d792fe1c5fa4ab46dad2c9299f97') in 0.001 seconds [static and dynamic dependencies]. Details - ImportResultOutputID=84dd60aa7e7938507ce9cda7db869742 DependenciesID=d9cc4b49c264a1a832c36d3faebb8481 StaticDependenciesID=031b67d3aada5dee378d86f372702815 
Number of updated asset objects reloaded before import = 0
Number of asset objects unloaded after import = 0
========================================================================
Received Import Request.
  Time of request: 2026-10-09T14:11:47.421745Z
  Time since last request: 0.000427347 seconds.
  importAddress: GUID: 620180a2562c422893989c28645cef24 - Path: Packages/com.unity.inputsystem/InputSystem/Runtime/Devices/Commands/QueryKeyboardLayoutCommand.cs - Importer: ScriptedImporter/UnityEditor.QuickSearchModule:UnityEditor.Search:ASIAI0B
Importing 'GUID: 620180a2562c422893989c28645cef24 - Path: Packages/com.unity.inputsystem/InputSystem/Runtime/Devices/Commands/QueryKeyboardLayoutCommand.cs - Importer: ScriptedImporter/UnityEditor.QuickSearchModule:UnityEditor.Search:ASIAI0B' with importer (ScriptedImporter : UnityEditor.QuickSearchModule:UnityEditor.Search:ASIAI0B)
Imported 'GUID: 620180a2562c422893989c28645cef24' -> (Import Result ID: 'b2d840fb422e40a52a112c8eec91530a') in 0.002 seconds [static and dynamic dependencies]. Details - ImportResultOutputID=27cfbcb145013da65e96d2be2929484d DependenciesID=d852047b1d9884d6522cfc357446f7b3 StaticDependenciesID=c52b116c29b23307dcb17e3cc70fce74 
Number of updated asset objects reloaded before import = 0
Number of asset objects unloaded after import = 0
========================================================================
Received Import Request.
  Time of request: 2026-10-09T14:11:47.432026Z
  Time since last request: 0.000494393 seconds.
  importAddress: GUID: 6a390ac9b9af0fb49b702bae14eaed84 - Path: Packages/com.unity.inputsystem/InputSystem/Runtime/Devices/Precompiled/FastMouse.cs - Importer: ScriptedImporter/UnityEditor.QuickSearchModule:UnityEditor.Search:ASIAI0B
Importing 'GUID: 6a390ac9b9af0fb49b702bae14eaed84 - Path: Packages/com.unity.inputsystem/InputSystem/Runtime/Devices/Precompiled/FastMouse.cs - Importer: ScriptedImporter/UnityEditor.QuickSearchModule:UnityEditor.Search:ASIAI0B' with importer (ScriptedImporter : UnityEditor.QuickSearchModule:UnityEditor.Search:ASIAI0B)
Imported 'GUID: 6a390ac9b9af0fb49b702bae14eaed84' -> (Import Result ID: '3d9fcd73e91d8d5268c19ef346c21681') in 0.002 seconds [static and dynamic dependencies]. Details - ImportResultOutputID=baae2d4c6568f46561f4672a62092f7c DependenciesID=5836204e59dcc2d1e1e9d2a6d5bbbf5a StaticDependenciesID=146af89e71923a01c4f96c073ca053e6 
Number of updated asset objects reloaded before import = 0
Number of asset objects unloaded after import = 0
========================================================================
Received Import Request.
  Time of request: 2026-10-09T14:11:47.443459Z
  Time since last request: 0.000210523 seconds.
  importAddress: GUID: 62899f850307741f2a39c98a8b639597 - Path: Packages/com.unity.inputsystem/InputSystem/Runtime/Plugins/PlayerInput/PlayerInput.cs - Importer: ScriptedImporter/UnityEditor.QuickSearchModule:UnityEditor.Search:ASIAI0B
Importing 'GUID: 62899f850307741f2a39c98a8b639597 - Path: Packages/com.unity.inputsystem/InputSystem/Runtime/Plugins/PlayerInput/PlayerInput.cs - Importer: ScriptedImporter/UnityEditor.QuickSearchModule:UnityEditor.Search:ASIAI0B' with importer (ScriptedImporter : UnityEditor.QuickSearchModule:UnityEditor.Search:ASIAI0B)
Imported 'GUID: 62899f850307741f2a39c98a8b639597' -> (Import Result ID: '0a6a9ee45bca1d867e47bad5b4c49a04') in 0.002 seconds [static and dynamic dependencies]. Details - ImportResultOutputID=347ca7649f2850c6ecbf00c8b1a2f142 DependenciesID=6a4e31ef2f916ea2cc040b3b2a96a99a StaticDependenciesID=5e03b68f9b51f5ca591f0f534bb0de81 
Number of updated asset objects reloaded before import = 0
Number of asset objects unloaded after import = 1
========================================================================
Received Import Request.
  Time of request: 2026-10-09T14:11:47.454693Z
  Time since last request: 0.000174446 seconds.
  importAddress: GUID: 4cc0c6a7fa1c14a518fec64497f4937f - Path: Packages/com.unity.inputsystem/InputSystem/Runtime/Plugins/EnhancedTouch/TouchHistory.cs - Importer: ScriptedImporter/UnityEditor.QuickSearchModule:UnityEditor.Search:ASIAI0B
Importing 'GUID: 4cc0c6a7fa1c14a518fec64497f4937f - Path: Packages/com.unity.inputsystem/InputSystem/Runtime/Plugins/EnhancedTouch/TouchHistory.cs - Importer: ScriptedImporter/UnityEditor.QuickSearchModule:UnityEditor.Search:ASIAI0B' with importer (ScriptedImporter : UnityEditor.QuickSearchModule:UnityEditor.Search:ASIAI0B)
Imported 'GUID: 4cc0c6a7fa1c14a518fec64497f4937f' -> (Import Result ID: '1925188b28ece26d5b7ad2b0ea7f7aa0') in 0.001 seconds [static and dynamic dependencies]. Details - ImportResultOutputID=15e98f9234898c1770f7abec27eb92a0 DependenciesID=236794111b32c30fe035f559a68179b9 StaticDependenciesID=a44fe3816ebc0b459eb405f799e5584c 
Number of updated asset objects reloaded before import = 0
Number of asset objects unloaded after import = 0
========================================================================
Received Import Request.
  Time of request: 2026-10-09T14:11:47.463615Z
  Time since last request: 0.000275724 seconds.
  importAddress: GUID: 5c6284fecb53e48ee832bc14c64be6fb - Path: Packages/com.unity.inputsystem/InputSystem/Runtime/Devices/Commands/QueryPairedUserAccountCommand.cs - Importer: ScriptedImporter/UnityEditor.QuickSearchModule:UnityEditor.Search:ASIAI0B
Importing 'GUID: 5c6284fecb53e48ee832bc14c64be6fb - Path: Packages/com.unity.inputsystem/InputSystem/Runtime/Devices/Commands/QueryPairedUserAccountCommand.cs - Importer: ScriptedImporter/UnityEditor.QuickSearchModule:UnityEditor.Search:ASIAI0B' with importer (ScriptedImporter : UnityEditor.QuickSearchModule:UnityEditor.Search:ASIAI0B)
Imported 'GUID: 5c6284fecb53e48ee832bc14c64be6fb' -> (Import Result ID: 'ae734c86fdce409becca781ff7521c1e') in 0.001 seconds [static and dynamic dependencies]. Details - ImportResultOutputID=3f34539272b77c2132bd7cac18f8aab9 DependenciesID=1ee96dbde0756cbbda6ce93e20f49197 StaticDependenciesID=79e0064ab03cc04709aa47f8e5383561 
Number of updated asset objects reloaded before import = 0
Number of asset objects unloaded after import = 0
========================================================================
Received Import Request.
  Time of request: 2026-10-09T14:11:47.472485Z
  Time since last request: 0.000199993 seconds.
  importAddress: GUID: b24da9e286b594ace8ec4dfd4a374780 - Path: Packages/com.unity.inputsystem/InputSystem/Runtime/Plugins/PlayerInput/InputValue.cs - Importer: ScriptedImporter/UnityEditor.QuickSearchModule:UnityEditor.Search:ASIAI0B
Importing 'GUID: b24da9e286b594ace8ec4dfd4a374780 - Path: Packages/com.unity.inputsystem/InputSystem/Runtime/Plugins/PlayerInput/InputValue.cs - Importer: ScriptedImporter/UnityEditor.QuickSearchModule:UnityEditor.Search:ASIAI0B' with importer (ScriptedImporter : UnityEditor.QuickSearchModule:UnityEditor.Search:ASIAI0B)
Imported 'GUID: b24da9e286b594ace8ec4dfd4a374780' -> (Import Result ID: '432bc603b0ce074ebe410e01bd5658ba') in 0.002 seconds [static and dynamic dependencies]. Details - ImportResultOutputID=aee39a31b283ca65c4f59795c9129ce2 DependenciesID=d05558e0fdba27c292b3250644a18f7e StaticDependenciesID=d4d3761d00dce2e98c4ded51d4340e47 
Number of updated asset objects reloaded before import = 0
Number of asset objects unloaded after import = 0
========================================================================
Received Import Request.
  Time of request: 2026-10-09T14:11:47.481395Z
  Time since last request: 0.000198521 seconds.
  importAddress: GUID: 6d54531977ecb194c95e2d3aa7a5d72a - Path: Packages/com.unity.inputsystem/InputSystem/Runtime/Plugins/OnScreen/OnScreenButton.cs - Importer: ScriptedImporter/UnityEditor.QuickSearchModule:UnityEditor.Search:ASIAI0B
Importing 'GUID: 6d54531977ecb194c95e2d3aa7a5d72a - Path: Packages/com.unity.inputsystem/InputSystem/Runtime/Plugins/OnScreen/OnScreenButton.cs - Importer: ScriptedImporter/UnityEditor.QuickSearchModule:UnityEditor.Search:ASIAI0B' with importer (ScriptedImporter : UnityEditor.QuickSearchModule:UnityEditor.Search:ASIAI0B)
Imported 'GUID: 6d54531977ecb194c95e2d3aa7a5d72a' -> (Import Result ID: '036ab14c9db268b57e35ef1cf1791388') in 0.005 seconds [static and dynamic dependencies]. Details - ImportResultOutputID=5cef2190e394a15be6011aa681809954 DependenciesID=2d31e02468719e6fbbc38c95ef99607c StaticDependenciesID=89703b02a9bd0acf29bda8c56df19331 
Number of updated asset objects reloaded before import = 0
Number of asset objects unloaded after import = 0
========================================================================
Received Import Request.
  Time of request: 2026-10-09T14:11:47.493739Z
  Time since last request: 0.000335716 seconds.
  importAddress: GUID: 3c764fcc1188a6e489f8c305ff4077a6 - Path: Packages/com.unity.inputsystem/InputSystem/Runtime/Devices/Commands/QueryEditorWindowCoordinatesCommand.cs - Importer: ScriptedImporter/UnityEditor.QuickSearchModule:UnityEditor.Search:ASIAI0B
Importing 'GUID: 3c764fcc1188a6e489f8c305ff4077a6 - Path: Packages/com.unity.inputsystem/InputSystem/Runtime/Devices/Commands/QueryEditorWindowCoordinatesCommand.cs - Importer: ScriptedImporter/UnityEditor.QuickSearchModule:UnityEditor.Search:ASIAI0B' with importer (ScriptedImporter : UnityEditor.QuickSearchModule:UnityEditor.Search:ASIAI0B)
Imported 'GUID: 3c764fcc1188a6e489f8c305ff4077a6' -> (Import Result ID: '81cace270f00bfa87cd0bf8cfca6f2fd') in 0.002 seconds [static and dynamic dependencies]. Details - ImportResultOutputID=db40969603ac4fda1a2f7dc6a3a7adfa DependenciesID=51c4ba19dab9c6743d031698fcfe2b0c StaticDependenciesID=b5daeea77506e87921d350cc24943d35 
Number of updated asset objects reloaded before import = 0
Number of asset objects unloaded after import = 0
========================================================================
Received Import Request.
  Time of request: 2026-10-09T14:11:47.503645Z
  Time since last request: 0.00040193 seconds.
  importAddress: GUID: 90a43988da5cf85498b40180b9040a38 - Path: Packages/com.unity.inputsystem/InputSystem/Runtime/Devices/Commands/RequestResetCommand.cs - Importer: ScriptedImporter/UnityEditor.QuickSearchModule:UnityEditor.Search:ASIAI0B
Importing 'GUID: 90a43988da5cf85498b40180b9040a38 - Path: Packages/com.unity.inputsystem/InputSystem/Runtime/Devices/Commands/RequestResetCommand.cs - Importer: ScriptedImporter/UnityEditor.QuickSearchModule:UnityEditor.Search:ASIAI0B' with importer (ScriptedImporter : UnityEditor.QuickSearchModule:UnityEditor.Search:ASIAI0B)
Imported 'GUID: 90a43988da5cf85498b40180b9040a38' -> (Import Result ID: '25f835af8618335682066a1744735c8d') in 0.001 seconds [static and dynamic dependencies]. Details - ImportResultOutputID=3fb32d037dfd6f3b7aaae67fdc6e20ac DependenciesID=3ac55f89024d7e589f5ac8771bbc8871 StaticDependenciesID=a60741d6da165b0975c3b0bed7afe637 
Number of updated asset objects reloaded before import = 0
Number of asset objects unloaded after import = 0
========================================================================
Received Import Request.
  Time of request: 2026-10-09T14:11:47.528193Z
  Time since last request: 0.016255443 seconds.
  importAddress: GUID: 150936adb4fc13049a1001992b86c43e - Path: Packages/com.unity.inputsystem/InputSystem/Runtime/Plugins/XR/Devices/Oculus.cs - Importer: ScriptedImporter/UnityEditor.QuickSearchModule:UnityEditor.Search:ASIAI0B
Importing 'GUID: 150936adb4fc13049a1001992b86c43e - Path: Packages/com.unity.inputsystem/InputSystem/Runtime/Plugins/XR/Devices/Oculus.cs - Importer: ScriptedImporter/UnityEditor.QuickSearchModule:UnityEditor.Search:ASIAI0B' with importer (ScriptedImporter : UnityEditor.QuickSearchModule:UnityEditor.Search:ASIAI0B)
Imported 'GUID: 150936adb4fc13049a1001992b86c43e' -> (Import Result ID: '1e7c48470a5982842c31631958a8655f') in 0.001 seconds [static and dynamic dependencies]. Details - ImportResultOutputID=13ef16a60c9e48565ae36fb64993a8e4 DependenciesID=6d4a406ba76e31f19177bbcef3722189 StaticDependenciesID=79b912323c96a16e2f0af87ceb1e9c26 
Number of updated asset objects reloaded before import = 0
Number of asset objects unloaded after import = 0
========================================================================
Received Import Request.
  Time of request: 2026-10-09T14:11:47.538422Z
  Time since last request: 0.000285082 seconds.
  importAddress: GUID: b0e29a3b2e6d01345abeaefb681b5f22 - Path: Packages/com.unity.inputsystem/InputSystem/Runtime/Plugins/iOS/IOSGameController.cs - Importer: ScriptedImporter/UnityEditor.QuickSearchModule:UnityEditor.Search:ASIAI0B
Importing 'GUID: b0e29a3b2e6d01345abeaefb681b5f22 - Path: Packages/com.unity.inputsystem/InputSystem/Runtime/Plugins/iOS/IOSGameController.cs - Importer: ScriptedImporter/UnityEditor.QuickSearchModule:UnityEditor.Search:ASIAI0B' with importer (ScriptedImporter : UnityEditor.QuickSearchModule:UnityEditor.Search:ASIAI0B)
Imported 'GUID: b0e29a3b2e6d01345abeaefb681b5f22' -> (Import Result ID: '710773e09d72a3e1e4d788aafaaa7893') in 0.002 seconds [static and dynamic dependencies]. Details - ImportResultOutputID=12a0882bb571092156169f47a8eb1165 DependenciesID=e4d5cda686dbe112d475cdaf251575b6 StaticDependenciesID=ff01e36058bc4c2e14234539722995ff 
Number of updated asset objects reloaded before import = 0
Number of asset objects unloaded after import = 0
========================================================================
Received Import Request.
  Time of request: 2026-10-09T14:11:47.54744Z
  Time since last request: 0.000788181 seconds.
  importAddress: GUID: 943deaaee9c9347e0a455aa208526c42 - Path: Packages/com.unity.inputsystem/InputSystem/Editor/AssetEditor/PackageResources/pro/actionTreeBackgroundWithoutBorder.png - Importer: ScriptedImporter/UnityEditor.QuickSearchModule:UnityEditor.Search:ASIAI0B
Importing 'GUID: 943deaaee9c9347e0a455aa208526c42 - Path: Packages/com.unity.inputsystem/InputSystem/Editor/AssetEditor/PackageResources/pro/actionTreeBackgroundWithoutBorder.png - Importer: ScriptedImporter/UnityEditor.QuickSearchModule:UnityEditor.Search:ASIAI0B' with importer (ScriptedImporter : UnityEditor.QuickSearchModule:UnityEditor.Search:ASIAI0B)
Imported 'GUID: 943deaaee9c9347e0a455aa208526c42' -> (Import Result ID: 'a2164a55ecfdf56138b6dab71b2ad8e4') in 0.005 seconds [static and dynamic dependencies]. Details - ImportResultOutputID=46024358bfcc2b2f6b48be7988bcd020 DependenciesID=77e46ac6d170c6bdab409c684da6da9a StaticDependenciesID=c4a85936b655e202411f355f99fcca52 
Number of updated asset objects reloaded before import = 0
Number of asset objects unloaded after import = 1
========================================================================
Received Import Request.
  Time of request: 2026-10-09T14:11:47.560497Z
  Time since last request: 0.000310019 seconds.
  importAddress: GUID: c5640f63fd494e11936f2f231d83eb4b - Path: Packages/com.unity.inputsystem/InputSystem/Runtime/Plugins/iOS/iOSStepCounter.cs - Importer: ScriptedImporter/UnityEditor.QuickSearchModule:UnityEditor.Search:ASIAI0B
Importing 'GUID: c5640f63fd494e11936f2f231d83eb4b - Path: Packages/com.unity.inputsystem/InputSystem/Runtime/Plugins/iOS/iOSStepCounter.cs - Importer: ScriptedImporter/UnityEditor.QuickSearchModule:UnityEditor.Search:ASIAI0B' with importer (ScriptedImporter : UnityEditor.QuickSearchModule:UnityEditor.Search:ASIAI0B)
Imported 'GUID: c5640f63fd494e11936f2f231d83eb4b' -> (Import Result ID: '77ebddcc3dc6175598250d6dbed598f7') in 0.001 seconds [static and dynamic dependencies]. Details - ImportResultOutputID=d4e78d500cfd6a8c9a67da4e2ebfff62 DependenciesID=98eff2f0aa60e9ee936e0f0f27ba0c61 StaticDependenciesID=1f3a06a0d9260f03a652b42b0133f0bd 
Number of updated asset objects reloaded before import = 0
Number of asset objects unloaded after import = 0
========================================================================
Received Import Request.
  Time of request: 2026-10-09T14:11:47.568991Z
  Time since last request: 0.000376994 seconds.
  importAddress: GUID: a9be5e04bc92741ccbe2c262bfaa517f - Path: Packages/com.unity.inputsystem/InputSystem/Runtime/Plugins/XR/XRSupport.cs - Importer: ScriptedImporter/UnityEditor.QuickSearchModule:UnityEditor.Search:ASIAI0B
Importing 'GUID: a9be5e04bc92741ccbe2c262bfaa517f - Path: Packages/com.unity.inputsystem/InputSystem/Runtime/Plugins/XR/XRSupport.cs - Importer: ScriptedImporter/UnityEditor.QuickSearchModule:UnityEditor.Search:ASIAI0B' with importer (ScriptedImporter : UnityEditor.QuickSearchModule:UnityEditor.Search:ASIAI0B)
Imported 'GUID: a9be5e04bc92741ccbe2c262bfaa517f' -> (Import Result ID: '1b21b804cd317e5a70615c6e0518c745') in 0.002 seconds [static and dynamic dependencies]. Details - ImportResultOutputID=1ec4d4bb26f8fc8749168bd78ffbfc01 DependenciesID=af647222e03a683181d2e2a29cf7dae4 StaticDependenciesID=7d6628aa88b42a79faef4b6b92c8c063 
Number of updated asset objects reloaded before import = 0
Number of asset objects unloaded after import = 0
========================================================================
Received Import Request.
  Time of request: 2026-10-09T14:11:47.578505Z
  Time since last request: 0.00031086 seconds.
  importAddress: GUID: 5ab69704aa4984b49bc426da72fabbed - Path: Packages/com.unity.inputsystem/InputSystem/Editor/AssetEditor/PackageResources/personal/foldoutBackground.png - Importer: ScriptedImporter/UnityEditor.QuickSearchModule:UnityEditor.Search:ASIAI0B
Importing 'GUID: 5ab69704aa4984b49bc426da72fabbed - Path: Packages/com.unity.inputsystem/InputSystem/Editor/AssetEditor/PackageResources/personal/foldoutBackground.png - Importer: ScriptedImporter/UnityEditor.QuickSearchModule:UnityEditor.Search:ASIAI0B' with importer (ScriptedImporter : UnityEditor.QuickSearchModule:UnityEditor.Search:ASIAI0B)
Imported 'GUID: 5ab69704aa4984b49bc426da72fabbed' -> (Import Result ID: 'ebcef99c7773b9fd51a4d3d7a6c587f2') in 0.004 seconds [static and dynamic dependencies]. Details - ImportResultOutputID=66f6d437ad85e74cf5794ab96207ce87 DependenciesID=1ae0eee334ea147adc487e61ebd93a5f StaticDependenciesID=b278a29f513c9c7ba277da8cb38ad8c1 
Number of updated asset objects reloaded before import = 0
Number of asset objects unloaded after import = 1
========================================================================
Received Import Request.
  Time of request: 2026-10-09T14:11:47.590423Z
  Time since last request: 0.000238425 seconds.
  importAddress: GUID: e78bab4d8055a47fd933966a032e34ef - Path: Packages/com.unity.inputsystem/InputSystem/Runtime/Plugins/WebGL/WebGLGamepad.cs - Importer: ScriptedImporter/UnityEditor.QuickSearchModule:UnityEditor.Search:ASIAI0B
Importing 'GUID: e78bab4d8055a47fd933966a032e34ef - Path: Packages/com.unity.inputsystem/InputSystem/Runtime/Plugins/WebGL/WebGLGamepad.cs - Importer: ScriptedImporter/UnityEditor.QuickSearchModule:UnityEditor.Search:ASIAI0B' with importer (ScriptedImporter : UnityEditor.QuickSearchModule:UnityEditor.Search:ASIAI0B)
Imported 'GUID: e78bab4d8055a47fd933966a032e34ef' -> (Import Result ID: '148d6e01946e33c6814069f99c1cb2d8') in 0.002 seconds [static and dynamic dependencies]. Details - ImportResultOutputID=93bf5c2ff0238aae261233435a7145c3 DependenciesID=25d75390735de21940384953b514c541 StaticDependenciesID=9db235595a3cad28c11b5719691fed00 
Number of updated asset objects reloaded before import = 0
Number of asset objects unloaded after import = 0
========================================================================
Received Import Request.
  Time of request: 2026-10-09T14:11:47.599864Z
  Time since last request: 0.000332751 seconds.
  importAddress: GUID: 9231fc068a549684f8ece75b66d6095b - Path: Packages/com.unity.inputsystem/InputSystem/Runtime/Plugins/XR/Devices/WindowsMR.cs - Importer: ScriptedImporter/UnityEditor.QuickSearchModule:UnityEditor.Search:ASIAI0B
Importing 'GUID: 9231fc068a549684f8ece75b66d6095b - Path: Packages/com.unity.inputsystem/InputSystem/Runtime/Plugins/XR/Devices/WindowsMR.cs - Importer: ScriptedImporter/UnityEditor.QuickSearchModule:UnityEditor.Search:ASIAI0B' with importer (ScriptedImporter : UnityEditor.QuickSearchModule:UnityEditor.Search:ASIAI0B)
Imported 'GUID: 9231fc068a549684f8ece75b66d6095b' -> (Import Result ID: '51bbbf0b41da2a631ce499720346549f') in 0.001 seconds [static and dynamic dependencies]. Details - ImportResultOutputID=a6cfc89a9c9f7f17090a7cfbb786cc5a DependenciesID=4dad0143ef0d41e3fcfb46e228a94a6e StaticDependenciesID=09c4347f226b63ab9fc21b882dec22d5 
Number of updated asset objects reloaded before import = 0
Number of asset objects unloaded after import = 0
========================================================================
Received Import Request.
  Time of request: 2026-10-09T14:11:47.60901Z
  Time since last request: 0.000278981 seconds.
  importAddress: GUID: b7430542eee4694469709e804d36cbbb - Path: Packages/com.unity.inputsystem/InputSystem/Runtime/Plugins/UI/ExtendedSubmitCancelEventData.cs - Importer: ScriptedImporter/UnityEditor.QuickSearchModule:UnityEditor.Search:ASIAI0B
Importing 'GUID: b7430542eee4694469709e804d36cbbb - Path: Packages/com.unity.inputsystem/InputSystem/Runtime/Plugins/UI/ExtendedSubmitCancelEventData.cs - Importer: ScriptedImporter/UnityEditor.QuickSearchModule:UnityEditor.Search:ASIAI0B' with importer (ScriptedImporter : UnityEditor.QuickSearchModule:UnityEditor.Search:ASIAI0B)
Imported 'GUID: b7430542eee4694469709e804d36cbbb' -> (Import Result ID: 'e334c75635005fce14e3cbbf234c187d') in 0.002 seconds [static and dynamic dependencies]. Details - ImportResultOutputID=b7bbd2429a4eb1b00ae491fb61ea1997 DependenciesID=56a4fa1d8b8c4404c80fdaff807d7a55 StaticDependenciesID=da6b57a3731b08a051f7ec4f6afda3c3 
Number of updated asset objects reloaded before import = 0
Number of asset objects unloaded after import = 0
========================================================================
Received Import Request.
  Time of request: 2026-10-09T14:11:47.61886Z
  Time since last request: 0.0003 seconds.
  importAddress: GUID: ce5f11cd993284c4f9c54f854bdc8c9c - Path: Packages/com.unity.inputsystem/InputSystem/Editor/AssetEditor/PackageResources/personal/actionTreeBackground.png - Importer: ScriptedImporter/UnityEditor.QuickSearchModule:UnityEditor.Search:ASIAI0B
Importing 'GUID: ce5f11cd993284c4f9c54f854bdc8c9c - Path: Packages/com.unity.inputsystem/InputSystem/Editor/AssetEditor/PackageResources/personal/actionTreeBackground.png - Importer: ScriptedImporter/UnityEditor.QuickSearchModule:UnityEditor.Search:ASIAI0B' with importer (ScriptedImporter : UnityEditor.QuickSearchModule:UnityEditor.Search:ASIAI0B)
Imported 'GUID: ce5f11cd993284c4f9c54f854bdc8c9c' -> (Import Result ID: 'd6e61ff36569d5ac54b1ae220b44fe9e') in 0.004 seconds [static and dynamic dependencies]. Details - ImportResultOutputID=f929e0dbe8f05441a81b9425e38d328d DependenciesID=891f3172617770de130d1443661b6649 StaticDependenciesID=d0eb8183782b3ae890b8e76559cf2af6 
Number of updated asset objects reloaded before import = 0
Number of asset objects unloaded after import = 1
========================================================================
Received Import Request.
  Time of request: 2026-10-09T14:11:47.630887Z
  Time since last request: 0.000329104 seconds.
  importAddress: GUID: 01614664b831546d2ae94a42149d80ac - Path: Packages/com.unity.inputsystem/InputSystem/Runtime/Plugins/UI/InputSystemUIInputModule.cs - Importer: ScriptedImporter/UnityEditor.QuickSearchModule:UnityEditor.Search:ASIAI0B
Importing 'GUID: 01614664b831546d2ae94a42149d80ac - Path: Packages/com.unity.inputsystem/InputSystem/Runtime/Plugins/UI/InputSystemUIInputModule.cs - Importer: ScriptedImporter/UnityEditor.QuickSearchModule:UnityEditor.Search:ASIAI0B' with importer (ScriptedImporter : UnityEditor.QuickSearchModule:UnityEditor.Search:ASIAI0B)
Imported 'GUID: 01614664b831546d2ae94a42149d80ac' -> (Import Result ID: 'ecfa16435de905ab8a28cc1cd7dbc4ff') in 0.002 seconds [static and dynamic dependencies]. Details - ImportResultOutputID=45991989a64b037a08171b13e46c29c9 DependenciesID=fe75803b51bbd520dc09bd1a4f9d086e StaticDependenciesID=4bc6326105d03f2f9905c1e815b76b76 
Number of updated asset objects reloaded before import = 0
Number of asset objects unloaded after import = 1
========================================================================
Received Import Request.
  Time of request: 2026-10-09T14:11:47.640744Z
  Time since last request: 0.000143027 seconds.
  importAddress: GUID: c0996bc290ff74bf4834f4a8b7dc8c3e - Path: Packages/com.unity.inputsystem/InputSystem/Editor/AssetEditor/PackageResources/pro/foldoutBackground.png - Importer: ScriptedImporter/UnityEditor.QuickSearchModule:UnityEditor.Search:ASIAI0B
Importing 'GUID: c0996bc290ff74bf4834f4a8b7dc8c3e - Path: Packages/com.unity.inputsystem/InputSystem/Editor/AssetEditor/PackageResources/pro/foldoutBackground.png - Importer: ScriptedImporter/UnityEditor.QuickSearchModule:UnityEditor.Search:ASIAI0B' with importer (ScriptedImporter : UnityEditor.QuickSearchModule:UnityEditor.Search:ASIAI0B)
Imported 'GUID: c0996bc290ff74bf4834f4a8b7dc8c3e' -> (Import Result ID: '9334db6b95591e5afa54ef05bcfb963c') in 0.004 seconds [static and dynamic dependencies]. Details - ImportResultOutputID=6a6123d8caf26671b435f690e735e9fc DependenciesID=c34cf1f626eedb3cf497b51387bde25f StaticDependenciesID=2c721af38653904476eb38fb45a546b4 
Number of updated asset objects reloaded before import = 0
Number of asset objects unloaded after import = 1
========================================================================
Received Import Request.
  Time of request: 2026-10-09T14:11:47.65203Z
  Time since last request: 0.000317102 seconds.
  importAddress: GUID: 25881642ba784356b23ef34898fdc690 - Path: Packages/com.unity.inputsystem/InputSystem/Runtime/Utilities/Observables/TakeNObservable.cs - Importer: ScriptedImporter/UnityEditor.QuickSearchModule:UnityEditor.Search:ASIAI0B
Importing 'GUID: 25881642ba784356b23ef34898fdc690 - Path: Packages/com.unity.inputsystem/InputSystem/Runtime/Utilities/Observables/TakeNObservable.cs - Importer: ScriptedImporter/UnityEditor.QuickSearchModule:UnityEditor.Search:ASIAI0B' with importer (ScriptedImporter : UnityEditor.QuickSearchModule:UnityEditor.Search:ASIAI0B)
Imported 'GUID: 25881642ba784356b23ef34898fdc690' -> (Import Result ID: '7f8dc2de135aab9c3c47297ccf9bc020') in 0.001 seconds [static and dynamic dependencies]. Details - ImportResultOutputID=466dedbcb477d744bc5f9fdca5b614ee DependenciesID=ed57dfdc0e24a0fc1c770ca6eeebcdcc StaticDependenciesID=caca62bd661347bcd0ce525f7996bc2b 
Number of updated asset objects reloaded before import = 0
Number of asset objects unloaded after import = 0
========================================================================
Received Import Request.
  Time of request: 2026-10-09T14:11:47.66113Z
  Time since last request: 0.000295932 seconds.
  importAddress: GUID: 34e7ea3151ed73745b7924e453c67eca - Path: Packages/com.unity.inputsystem/InputSystem/Runtime/Plugins/UI/NavigationModel.cs - Importer: ScriptedImporter/UnityEditor.QuickSearchModule:UnityEditor.Search:ASIAI0B
Importing 'GUID: 34e7ea3151ed73745b7924e453c67eca - Path: Packages/com.unity.inputsystem/InputSystem/Runtime/Plugins/UI/NavigationModel.cs - Importer: ScriptedImporter/UnityEditor.QuickSearchModule:UnityEditor.Search:ASIAI0B' with importer (ScriptedImporter : UnityEditor.QuickSearchModule:UnityEditor.Search:ASIAI0B)
Imported 'GUID: 34e7ea3151ed73745b7924e453c67eca' -> (Import Result ID: '01ab8a9fcaffc85b6413054d8224831f') in 0.001 seconds [static and dynamic dependencies]. Details - ImportResultOutputID=0de68965e8919a05573ae39c664238ed DependenciesID=5b56367693c6b0a2157c88bb04733628 StaticDependenciesID=bcdd062934c80cc79b0454b813d140e4 
Number of updated asset objects reloaded before import = 0
Number of asset objects unloaded after import = 0
========================================================================
Received Import Request.
  Time of request: 2026-10-09T14:11:47.669825Z
  Time since last request: 0.000285122 seconds.
  importAddress: GUID: 424b6720ff5999446843ba414e58a907 - Path: Packages/com.unity.inputsystem/InputSystem/Runtime/Plugins/UI/VirtualMouseInput.cs - Importer: ScriptedImporter/UnityEditor.QuickSearchModule:UnityEditor.Search:ASIAI0B
Importing 'GUID: 424b6720ff5999446843ba414e58a907 - Path: Packages/com.unity.inputsystem/InputSystem/Runtime/Plugins/UI/VirtualMouseInput.cs - Importer: ScriptedImporter/UnityEditor.QuickSearchModule:UnityEditor.Search:ASIAI0B' with importer (ScriptedImporter : UnityEditor.QuickSearchModule:UnityEditor.Search:ASIAI0B)
Imported 'GUID: 424b6720ff5999446843ba414e58a907' -> (Import Result ID: '386371c615ec6113b7b8fdbc14dac320') in 0.001 seconds [static and dynamic dependencies]. Details - ImportResultOutputID=a82b60d3c445df696cf46289ce493fff DependenciesID=0344332f2d258470fe67191b9b8f5b21 StaticDependenciesID=67b39912dffedbc16614813c379f2238 
Number of updated asset objects reloaded before import = 0
Number of asset objects unloaded after import = 0
========================================================================
Received Import Request.
  Time of request: 2026-10-09T14:11:47.678866Z
  Time since last request: 0.000399586 seconds.
  importAddress: GUID: c2fadf230d1919748a9aa21d40f74619 - Path: Packages/com.unity.inputsystem/InputSystem/Runtime/Plugins/XR/TrackedPoseDriver.cs - Importer: ScriptedImporter/UnityEditor.QuickSearchModule:UnityEditor.Search:ASIAI0B
Importing 'GUID: c2fadf230d1919748a9aa21d40f74619 - Path: Packages/com.unity.inputsystem/InputSystem/Runtime/Plugins/XR/TrackedPoseDriver.cs - Importer: ScriptedImporter/UnityEditor.QuickSearchModule:UnityEditor.Search:ASIAI0B' with importer (ScriptedImporter : UnityEditor.QuickSearchModule:UnityEditor.Search:ASIAI0B)
Imported 'GUID: c2fadf230d1919748a9aa21d40f74619' -> (Import Result ID: 'c4cf0d940d352e995efa675b6d147a84') in 0.002 seconds [static and dynamic dependencies]. Details - ImportResultOutputID=62c374f8ee197a00fd2e7c45a8085471 DependenciesID=23375021825af391829314ff6c42f4ec StaticDependenciesID=4b2b65a24cb0b251c796446f01d6206d 
Number of updated asset objects reloaded before import = 0
Number of asset objects unloaded after import = 1
========================================================================
Received Import Request.
  Time of request: 2026-10-09T14:11:47.692712Z
  Time since last request: 0.00509513 seconds.
  importAddress: GUID: b73918c69dc7a46a7889cf2a9e4232a8 - Path: Packages/com.unity.visualscripting/Editor/VisualScripting.Flow/FlowGraphContext.cs - Importer: ScriptedImporter/UnityEditor.QuickSearchModule:UnityEditor.Search:ASIAI0B
Importing 'GUID: b73918c69dc7a46a7889cf2a9e4232a8 - Path: Packages/com.unity.visualscripting/Editor/VisualScripting.Flow/FlowGraphContext.cs - Importer: ScriptedImporter/UnityEditor.QuickSearchModule:UnityEditor.Search:ASIAI0B' with importer (ScriptedImporter : UnityEditor.QuickSearchModule:UnityEditor.Search:ASIAI0B)
Imported 'GUID: b73918c69dc7a46a7889cf2a9e4232a8' -> (Import Result ID: '2b52acc9a6c0be3160dde2d6438d5009') in 0.002 seconds [static and dynamic dependencies]. Details - ImportResultOutputID=08f4640c8a940d0f4dc0087882693bcb DependenciesID=5052fd15636181e376b52ca37ea54e5a StaticDependenciesID=bc4d5d14f3e55ac28018e73e0522b07a 
Number of updated asset objects reloaded before import = 0
Number of asset objects unloaded after import = 0
========================================================================
Received Import Request.
  Time of request: 2026-10-09T14:11:47.702339Z
  Time since last request: 0.000443839 seconds.
  importAddress: GUID: 5f84d6a1bd34ea6428fa1db0e9f459cb - Path: Packages/com.unity.inputsystem/InputSystem/Runtime/Plugins/XR/Haptics/SendHapticImpulseCommand.cs - Importer: ScriptedImporter/UnityEditor.QuickSearchModule:UnityEditor.Search:ASIAI0B
Importing 'GUID: 5f84d6a1bd34ea6428fa1db0e9f459cb - Path: Packages/com.unity.inputsystem/InputSystem/Runtime/Plugins/XR/Haptics/SendHapticImpulseCommand.cs - Importer: ScriptedImporter/UnityEditor.QuickSearchModule:UnityEditor.Search:ASIAI0B' with importer (ScriptedImporter : UnityEditor.QuickSearchModule:UnityEditor.Search:ASIAI0B)
Imported 'GUID: 5f84d6a1bd34ea6428fa1db0e9f459cb' -> (Import Result ID: 'abcbe0f45babfa6e066f7671c2848470') in 0.002 seconds [static and dynamic dependencies]. Details - ImportResultOutputID=62263a389c09c99b6589425969b4dc18 DependenciesID=02b06399dac9362697b6df146b16e0dd StaticDependenciesID=349d5d51280b3c6e95eb19511c7d24e6 
Number of updated asset objects reloaded before import = 0
Number of asset objects unloaded after import = 0
========================================================================
Received Import Request.
  Time of request: 2026-10-09T14:11:47.711931Z
  Time since last request: 0.000655684 seconds.
  importAddress: GUID: 54cb1906aeb4e4264bc1d2aa3818a43f - Path: Packages/com.unity.visualscripting/Editor/VisualScripting.Core/Unity.VisualScripting.Core.Editor.asmdef - Importer: ScriptedImporter/UnityEditor.QuickSearchModule:UnityEditor.Search:ASIAI0B
Importing 'GUID: 54cb1906aeb4e4264bc1d2aa3818a43f - Path: Packages/com.unity.visualscripting/Editor/VisualScripting.Core/Unity.VisualScripting.Core.Editor.asmdef - Importer: ScriptedImporter/UnityEditor.QuickSearchModule:UnityEditor.Search:ASIAI0B' with importer (ScriptedImporter : UnityEditor.QuickSearchModule:UnityEditor.Search:ASIAI0B)
Imported 'GUID: 54cb1906aeb4e4264bc1d2aa3818a43f' -> (Import Result ID: '755080a2b7d375256aa9ab858f0eef84') in 0.003 seconds [static and dynamic dependencies]. Details - ImportResultOutputID=0933f3d14bcc4f8e7967d39078c6e8b6 DependenciesID=9ae168520ce7e7bfe43ae42dd2f634b4 StaticDependenciesID=0ed657ede8164fb375a5a1401eec4846 
Number of updated asset objects reloaded before import = 0
Number of asset objects unloaded after import = 1
========================================================================
Received Import Request.
  Time of request: 2026-10-09T14:11:47.722982Z
  Time since last request: 0.000131936 seconds.
  importAddress: GUID: 2a3cd7080fc4042768e4e591975cfbc5 - Path: Packages/com.unity.visualscripting/Editor/VisualScripting.Core/BoltStyles.cs - Importer: ScriptedImporter/UnityEditor.QuickSearchModule:UnityEditor.Search:ASIAI0B
Importing 'GUID: 2a3cd7080fc4042768e4e591975cfbc5 - Path: Packages/com.unity.visualscripting/Editor/VisualScripting.Core/BoltStyles.cs - Importer: ScriptedImporter/UnityEditor.QuickSearchModule:UnityEditor.Search:ASIAI0B' with importer (ScriptedImporter : UnityEditor.QuickSearchModule:UnityEditor.Search:ASIAI0B)
Imported 'GUID: 2a3cd7080fc4042768e4e591975cfbc5' -> (Import Result ID: '3206515e10848a1d53fa3475ab51e4ab') in 0.002 seconds [static and dynamic dependencies]. Details - ImportResultOutputID=589e903d0ce3859250aeaf4ff07cc57b DependenciesID=0f6e18f8cd08abc0a19f97761001af45 StaticDependenciesID=d842f801ccaa268c78831dc4154a3d10 
Number of updated asset objects reloaded before import = 0
Number of asset objects unloaded after import = 0
========================================================================
Received Import Request.
  Time of request: 2026-10-09T14:11:47.73172Z
  Time since last request: 0.000319036 seconds.
  importAddress: GUID: fb8aec2313da2234687b591ff0c0e622 - Path: Packages/com.unity.visualscripting/Graphics/FlowPorts_24x.psd - Importer: ScriptedImporter/UnityEditor.QuickSearchModule:UnityEditor.Search:ASIAI0B
Importing 'GUID: fb8aec2313da2234687b591ff0c0e622 - Path: Packages/com.unity.visualscripting/Graphics/FlowPorts_24x.psd - Importer: ScriptedImporter/UnityEditor.QuickSearchModule:UnityEditor.Search:ASIAI0B' with importer (ScriptedImporter : UnityEditor.QuickSearchModule:UnityEditor.Search:ASIAI0B)
Imported 'GUID: fb8aec2313da2234687b591ff0c0e622' -> (Import Result ID: '49528fe3a75741e7b2dbc66885a931d2') in 0.004 seconds [static and dynamic dependencies]. Details - ImportResultOutputID=5c6c90dc56d6f24d036851f3d890265d DependenciesID=95263adb1997a6c8b2e6a6c1c5bd4e4d StaticDependenciesID=824a85c77fab597a086885a19250600b 
Number of updated asset objects reloaded before import = 0
Number of asset objects unloaded after import = 1
========================================================================
Received Import Request.
  Time of request: 2026-10-09T14:11:47.744773Z
  Time since last request: 0.000196206 seconds.
  importAddress: GUID: 9aebf5eaf632b8a4898b295d2cb20c0d - Path: Packages/com.unity.visualscripting/Graphics/GraphGroup.psd - Importer: ScriptedImporter/UnityEditor.QuickSearchModule:UnityEditor.Search:ASIAI0B
Importing 'GUID: 9aebf5eaf632b8a4898b295d2cb20c0d - Path: Packages/com.unity.visualscripting/Graphics/GraphGroup.psd - Importer: ScriptedImporter/UnityEditor.QuickSearchModule:UnityEditor.Search:ASIAI0B' with importer (ScriptedImporter : UnityEditor.QuickSearchModule:UnityEditor.Search:ASIAI0B)
Imported 'GUID: 9aebf5eaf632b8a4898b295d2cb20c0d' -> (Import Result ID: '94f4689b802be116b713be6bdac317e7') in 0.004 seconds [static and dynamic dependencies]. Details - ImportResultOutputID=420f149512e5d009417e75c75db615af DependenciesID=87943f63159cbf607406130efeec1ec7 StaticDependenciesID=70b5bf4b05a2c04d50591ebb4757803c 
Number of updated asset objects reloaded before import = 0
Number of asset objects unloaded after import = 1
========================================================================
Received Import Request.
  Time of request: 2026-10-09T14:11:47.756312Z
  Time since last request: 0.000201546 seconds.
  importAddress: GUID: 5f1b15ef6f7374405b6abe5fae72c2e3 - Path: Packages/com.unity.visualscripting/Editor/VisualScripting.Core/AssetBundleCreator.cs - Importer: ScriptedImporter/UnityEditor.QuickSearchModule:UnityEditor.Search:ASIAI0B
Importing 'GUID: 5f1b15ef6f7374405b6abe5fae72c2e3 - Path: Packages/com.unity.visualscripting/Editor/VisualScripting.Core/AssetBundleCreator.cs - Importer: ScriptedImporter/UnityEditor.QuickSearchModule:UnityEditor.Search:ASIAI0B' with importer (ScriptedImporter : UnityEditor.QuickSearchModule:UnityEditor.Search:ASIAI0B)
Imported 'GUID: 5f1b15ef6f7374405b6abe5fae72c2e3' -> (Import Result ID: 'f026bc5acb3338de2ff6f29344159d1a') in 0.001 seconds [static and dynamic dependencies]. Details - ImportResultOutputID=da8aff3084a264478f34c76c9f9227f1 DependenciesID=4391f01e0091deaac7c356c1e05bd2f1 StaticDependenciesID=1f6c452d7ac7ae361e7e8ab9bdc693d7 
Number of updated asset objects reloaded before import = 0
Number of asset objects unloaded after import = 0
========================================================================
Received Import Request.
  Time of request: 2026-10-09T14:11:47.766235Z
  Time since last request: 0.000576646 seconds.
  importAddress: GUID: 87170d6a42571c440b520411bfeb3af5 - Path: Packages/com.unity.visualscripting/Graphics/FlowPorts_24x.afphoto - Importer: ScriptedImporter/UnityEditor.QuickSearchModule:UnityEditor.Search:ASIAI0B
Importing 'GUID: 87170d6a42571c440b520411bfeb3af5 - Path: Packages/com.unity.visualscripting/Graphics/FlowPorts_24x.afphoto - Importer: ScriptedImporter/UnityEditor.QuickSearchModule:UnityEditor.Search:ASIAI0B' with importer (ScriptedImporter : UnityEditor.QuickSearchModule:UnityEditor.Search:ASIAI0B)
Imported 'GUID: 87170d6a42571c440b520411bfeb3af5' -> (Import Result ID: 'c030fedfbbe224aa01b74fdd161b0517') in 0.002 seconds [static and dynamic dependencies]. Details - ImportResultOutputID=92ca86f7450a7b63c26f9fd321812c8a DependenciesID=7b2cd0bcf244c49120eef1070f39c387 StaticDependenciesID=0ae8ef2095c6dab95914cdb15dda8846 
Number of updated asset objects reloaded before import = 0
Number of asset objects unloaded after import = 1
========================================================================
Received Import Request.
  Time of request: 2026-10-09T14:11:47.775941Z
  Time since last request: 0.000284831 seconds.
  importAddress: GUID: 7ef5652404544c8cab2b662e003e8766 - Path: Packages/com.unity.visualscripting/Editor/VisualScripting.Flow/FlowDragAndDropUtility.cs - Importer: ScriptedImporter/UnityEditor.QuickSearchModule:UnityEditor.Search:ASIAI0B
Importing 'GUID: 7ef5652404544c8cab2b662e003e8766 - Path: Packages/com.unity.visualscripting/Editor/VisualScripting.Flow/FlowDragAndDropUtility.cs - Importer: ScriptedImporter/UnityEditor.QuickSearchModule:UnityEditor.Search:ASIAI0B' with importer (ScriptedImporter : UnityEditor.QuickSearchModule:UnityEditor.Search:ASIAI0B)
Imported 'GUID: 7ef5652404544c8cab2b662e003e8766' -> (Import Result ID: '19dc8da3716b2db3a48cc4afe1ccdd1f') in 0.002 seconds [static and dynamic dependencies]. Details - ImportResultOutputID=87a87c230627f964349f7c826034768c DependenciesID=5b190725f9cbb7553e647c8cb0b6530d StaticDependenciesID=d02c988c4a36d24c6d623a45fbb7995c 
Number of updated asset objects reloaded before import = 0
Number of asset objects unloaded after import = 0
========================================================================
Received Import Request.
  Time of request: 2026-10-09T14:11:47.785205Z
  Time since last request: 0.000275785 seconds.
  importAddress: GUID: 4eea00f49056f4ee98c82b6923b44600 - Path: Packages/com.unity.visualscripting/Editor/SettingsProvider/ProjectSettingsProviderView.cs - Importer: ScriptedImporter/UnityEditor.QuickSearchModule:UnityEditor.Search:ASIAI0B
Importing 'GUID: 4eea00f49056f4ee98c82b6923b44600 - Path: Packages/com.unity.visualscripting/Editor/SettingsProvider/ProjectSettingsProviderView.cs - Importer: ScriptedImporter/UnityEditor.QuickSearchModule:UnityEditor.Search:ASIAI0B' with importer (ScriptedImporter : UnityEditor.QuickSearchModule:UnityEditor.Search:ASIAI0B)
Imported 'GUID: 4eea00f49056f4ee98c82b6923b44600' -> (Import Result ID: 'f2fc51df8c9f5facaff299a502f5d653') in 0.002 seconds [static and dynamic dependencies]. Details - ImportResultOutputID=efe77ba2785d491ef98a73a45cc257f1 DependenciesID=f5c222d31731772f3a8cf6565b718a0f StaticDependenciesID=829563b43ed6b8b624ce7844845f4649 
Number of updated asset objects reloaded before import = 0
Number of asset objects unloaded after import = 0
========================================================================
Received Import Request.
  Time of request: 2026-10-09T14:11:47.794736Z
  Time since last request: 0.000505524 seconds.
  importAddress: GUID: d29ceac7c5137ce448ed2c50bd46467c - Path: Packages/com.unity.visualscripting/Graphics/FlowPorts_12x.afphoto - Importer: ScriptedImporter/UnityEditor.QuickSearchModule:UnityEditor.Search:ASIAI0B
Importing 'GUID: d29ceac7c5137ce448ed2c50bd46467c - Path: Packages/com.unity.visualscripting/Graphics/FlowPorts_12x.afphoto - Importer: ScriptedImporter/UnityEditor.QuickSearchModule:UnityEditor.Search:ASIAI0B' with importer (ScriptedImporter : UnityEditor.QuickSearchModule:UnityEditor.Search:ASIAI0B)
Imported 'GUID: d29ceac7c5137ce448ed2c50bd46467c' -> (Import Result ID: '1700597a2fbedcda338b0e9dd6a9ab7a') in 0.002 seconds [static and dynamic dependencies]. Details - ImportResultOutputID=ddac5025ce93ccdd200101424fac6ac6 DependenciesID=8afc4b27d5305b985a1a667a99176540 StaticDependenciesID=46b77687eb16b3f53fa1c8a592028c49 
Number of updated asset objects reloaded before import = 0
Number of asset objects unloaded after import = 1
========================================================================
Received Import Request.
  Time of request: 2026-10-09T14:11:47.804358Z
  Time since last request: 0.000145612 seconds.
  importAddress: GUID: 545a9d2bc7370224f8d14c22f2f580e0 - Path: Packages/com.unity.visualscripting/package.json - Importer: ScriptedImporter/UnityEditor.QuickSearchModule:UnityEditor.Search:ASIAI0B
Importing 'GUID: 545a9d2bc7370224f8d14c22f2f580e0 - Path: Packages/com.unity.visualscripting/package.json - Importer: ScriptedImporter/UnityEditor.QuickSearchModule:UnityEditor.Search:ASIAI0B' with importer (ScriptedImporter : UnityEditor.QuickSearchModule:UnityEditor.Search:ASIAI0B)
Imported 'GUID: 545a9d2bc7370224f8d14c22f2f580e0' -> (Import Result ID: '27c07b4d89eb1fe8201c5c5d948b2c05') in 0.002 seconds [static and dynamic dependencies]. Details - ImportResultOutputID=e9fa2d0729b7fe088932645f28d7f8f4 DependenciesID=815aac88542451a454f5ba6799e85aec StaticDependenciesID=cfd7ee6973371c55acafa885d1a46bc2 
Number of updated asset objects reloaded before import = 0
Number of asset objects unloaded after import = 1
========================================================================
Received Import Request.
  Time of request: 2026-10-09T14:11:47.813762Z
  Time since last request: 0.000174015 seconds.
  importAddress: GUID: 3fbd3355e4de04d8aaea7a67361a8542 - Path: Packages/com.unity.visualscripting/DocCodeExamples/Unity.VisualScripting.DocCodeExamples.asmdef - Importer: ScriptedImporter/UnityEditor.QuickSearchModule:UnityEditor.Search:ASIAI0B
Importing 'GUID: 3fbd3355e4de04d8aaea7a67361a8542 - Path: Packages/com.unity.visualscripting/DocCodeExamples/Unity.VisualScripting.DocCodeExamples.asmdef - Importer: ScriptedImporter/UnityEditor.QuickSearchModule:UnityEditor.Search:ASIAI0B' with importer (ScriptedImporter : UnityEditor.QuickSearchModule:UnityEditor.Search:ASIAI0B)
Imported 'GUID: 3fbd3355e4de04d8aaea7a67361a8542' -> (Import Result ID: '449865a7e8d776f0cb03a5973b9eacb9') in 0.001 seconds [static and dynamic dependencies]. Details - ImportResultOutputID=83f839ba5a33b81c219ad982a28000c2 DependenciesID=436c1b6bdb661f2e6f0085b5df3dca81 StaticDependenciesID=77c9ad2f296d894554327fa3ead48eaf 
Number of updated asset objects reloaded before import = 0
Number of asset objects unloaded after import = 1
========================================================================
Received Import Request.
  Time of request: 2026-10-09T14:11:47.823391Z
  Time since last request: 0.00121627 seconds.
  importAddress: GUID: 35a21b8c004950548af9fc81919e1aa9 - Path: Packages/com.unity.visualscripting/Graphics/Icons_32x_72dpi.psd - Importer: ScriptedImporter/UnityEditor.QuickSearchModule:UnityEditor.Search:ASIAI0B
Importing 'GUID: 35a21b8c004950548af9fc81919e1aa9 - Path: Packages/com.unity.visualscripting/Graphics/Icons_32x_72dpi.psd - Importer: ScriptedImporter/UnityEditor.QuickSearchModule:UnityEditor.Search:ASIAI0B' with importer (ScriptedImporter : UnityEditor.QuickSearchModule:UnityEditor.Search:ASIAI0B)
Imported 'GUID: 35a21b8c004950548af9fc81919e1aa9' -> (Import Result ID: 'e83c31bbdf6f3a7e3645e6addf37f7f7') in 0.004 seconds [static and dynamic dependencies]. Details - ImportResultOutputID=b03e72edc8e1c429b0cc9ac3429d4fea DependenciesID=be40dd6bae1dfecaca1845bd7c7a678c StaticDependenciesID=59a6f2946a6d56d240caf97c86571bd1 
Number of updated asset objects reloaded before import = 0
Number of asset objects unloaded after import = 1
========================================================================
Received Import Request.
  Time of request: 2026-10-09T14:11:47.834185Z
  Time since last request: 0.000243043 seconds.
  importAddress: GUID: b7453dd8d3980405794f631eea9f420e - Path: Packages/com.unity.visualscripting/Editor/SettingsProvider/EditorPreferencesProviderView.cs - Importer: ScriptedImporter/UnityEditor.QuickSearchModule:UnityEditor.Search:ASIAI0B
Importing 'GUID: b7453dd8d3980405794f631eea9f420e - Path: Packages/com.unity.visualscripting/Editor/SettingsProvider/EditorPreferencesProviderView.cs - Importer: ScriptedImporter/UnityEditor.QuickSearchModule:UnityEditor.Search:ASIAI0B' with importer (ScriptedImporter : UnityEditor.QuickSearchModule:UnityEditor.Search:ASIAI0B)
Imported 'GUID: b7453dd8d3980405794f631eea9f420e' -> (Import Result ID: 'fe32efb3db7e404996d47e6fcd5d8941') in 0.002 seconds [static and dynamic dependencies]. Details - ImportResultOutputID=039bac5037cf6f1fa9635c88b5b5e7b9 DependenciesID=4365bfe3852c93cd4e14cadca23e3f3b StaticDependenciesID=bd1dbf3089e47b19aad651f63e987930 
Number of updated asset objects reloaded before import = 0
Number of asset objects unloaded after import = 0
========================================================================
Received Import Request.
  Time of request: 2026-10-09T14:11:47.843588Z
  Time since last request: 0.000243474 seconds.
  importAddress: GUID: e553fed0b97be3349aff36916eb6fefc - Path: Packages/com.unity.inputsystem/InputSystem/Runtime/Plugins/XR/Haptics/SendBufferedHapticsCommand.cs - Importer: ScriptedImporter/UnityEditor.QuickSearchModule:UnityEditor.Search:ASIAI0B
Importing 'GUID: e553fed0b97be3349aff36916eb6fefc - Path: Packages/com.unity.inputsystem/InputSystem/Runtime/Plugins/XR/Haptics/SendBufferedHapticsCommand.cs - Importer: ScriptedImporter/UnityEditor.QuickSearchModule:UnityEditor.Search:ASIAI0B' with importer (ScriptedImporter : UnityEditor.QuickSearchModule:UnityEditor.Search:ASIAI0B)
Imported 'GUID: e553fed0b97be3349aff36916eb6fefc' -> (Import Result ID: '3f2b2715de8e37c805affff30f35e1d5') in 0.001 seconds [static and dynamic dependencies]. Details - ImportResultOutputID=86343247069a1c4b7343dd8d0ea55610 DependenciesID=a12772859200796a61aaacde5fef5464 StaticDependenciesID=4a6d50d62fe925374e4a028d47cbb72d 
Number of updated asset objects reloaded before import = 0
Number of asset objects unloaded after import = 0
========================================================================
Received Import Request.
  Time of request: 2026-10-09T14:11:47.86595Z
  Time since last request: 0.012959621 seconds.
  importAddress: GUID: 282cb8ec0af2e4987af050cc49330b34 - Path: Packages/com.unity.visualscripting/Runtime/VisualScripting.State/INesterState.cs - Importer: ScriptedImporter/UnityEditor.QuickSearchModule:UnityEditor.Search:ASIAI0B
Importing 'GUID: 282cb8ec0af2e4987af050cc49330b34 - Path: Packages/com.unity.visualscripting/Runtime/VisualScripting.State/INesterState.cs - Importer: ScriptedImporter/UnityEditor.QuickSearchModule:UnityEditor.Search:ASIAI0B' with importer (ScriptedImporter : UnityEditor.QuickSearchModule:UnityEditor.Search:ASIAI0B)
Imported 'GUID: 282cb8ec0af2e4987af050cc49330b34' -> (Import Result ID: '2ce321df3da4db4a7d73576e9d3d3834') in 0.001 seconds [static and dynamic dependencies]. Details - ImportResultOutputID=5571376750e407234bd223d56562cdff DependenciesID=fe761c23aceba4465a1024cb3a128035 StaticDependenciesID=c2c724462f0f748b9284beecc621e7f4 
Number of updated asset objects reloaded before import = 0
Number of asset objects unloaded after import = 0
========================================================================
Received Import Request.
  Time of request: 2026-10-09T14:11:47.875256Z
  Time since last request: 0.000204972 seconds.
  importAddress: GUID: d20b55e1b62454c3cb8261290858b417 - Path: Packages/com.unity.visualscripting/Runtime/VisualScripting.State/StateGraph.cs - Importer: ScriptedImporter/UnityEditor.QuickSearchModule:UnityEditor.Search:ASIAI0B
Importing 'GUID: d20b55e1b62454c3cb8261290858b417 - Path: Packages/com.unity.visualscripting/Runtime/VisualScripting.State/StateGraph.cs - Importer: ScriptedImporter/UnityEditor.QuickSearchModule:UnityEditor.Search:ASIAI0B' with importer (ScriptedImporter : UnityEditor.QuickSearchModule:UnityEditor.Search:ASIAI0B)
Imported 'GUID: d20b55e1b62454c3cb8261290858b417' -> (Import Result ID: '984b4023ebaa9346db4b262f540a2df2') in 0.002 seconds [static and dynamic dependencies]. Details - ImportResultOutputID=fc18e7009b94390ca5678474633bb3d7 DependenciesID=5ac68847cd0eeff5e911ce76827ec887 StaticDependenciesID=6c834cba7ca9657607f7d7abeeae0474 
Number of updated asset objects reloaded before import = 0
Number of asset objects unloaded after import = 0
========================================================================
Received Import Request.
  Time of request: 2026-10-09T14:11:47.884218Z
  Time since last request: 0.000429852 seconds.
  importAddress: GUID: 530e556d4407947dcae7102ff497587d - Path: Packages/com.unity.visualscripting/Runtime/VisualScripting.State/StateGraphAsset.cs - Importer: ScriptedImporter/UnityEditor.QuickSearchModule:UnityEditor.Search:ASIAI0B
Importing 'GUID: 530e556d4407947dcae7102ff497587d - Path: Packages/com.unity.visualscripting/Runtime/VisualScripting.State/StateGraphAsset.cs - Importer: ScriptedImporter/UnityEditor.QuickSearchModule:UnityEditor.Search:ASIAI0B' with importer (ScriptedImporter : UnityEditor.QuickSearchModule:UnityEditor.Search:ASIAI0B)
Imported 'GUID: 530e556d4407947dcae7102ff497587d' -> (Import Result ID: 'bb179478d0d3a17340af5a2531ee6050') in 0.002 seconds [static and dynamic dependencies]. Details - ImportResultOutputID=aadeb53c17f16a9a32b12d47f84b8564 DependenciesID=b899a1d6826c03dfa941e495a073f736 StaticDependenciesID=154b00a8e087eec1141b0da61d1a278a 
Number of updated asset objects reloaded before import = 0
Number of asset objects unloaded after import = 1
========================================================================
Received Import Request.
  Time of request: 2026-10-09T14:11:47.893909Z
  Time since last request: 0.000393244 seconds.
  importAddress: GUID: 3c1d7ff7db0a74ac28a76a55589c6651 - Path: Packages/com.unity.visualscripting/Runtime/VisualScripting.State/StateTransition.cs - Importer: ScriptedImporter/UnityEditor.QuickSearchModule:UnityEditor.Search:ASIAI0B
Importing 'GUID: 3c1d7ff7db0a74ac28a76a55589c6651 - Path: Packages/com.unity.visualscripting/Runtime/VisualScripting.State/StateTransition.cs - Importer: ScriptedImporter/UnityEditor.QuickSearchModule:UnityEditor.Search:ASIAI0B' with importer (ScriptedImporter : UnityEditor.QuickSearchModule:UnityEditor.Search:ASIAI0B)
Imported 'GUID: 3c1d7ff7db0a74ac28a76a55589c6651' -> (Import Result ID: '40be38a53fffac3f88b560c9f75d3510') in 0.002 seconds [static and dynamic dependencies]. Details - ImportResultOutputID=f2ddb2d713f0f9c4711b5044abf1fe76 DependenciesID=9e37529ea8005074de7ffd332de38ff5 StaticDependenciesID=52560bf6bd713d9364e9ae4961f114f2 
Number of updated asset objects reloaded before import = 0
Number of asset objects unloaded after import = 0
========================================================================
Received Import Request.
  Time of request: 2026-10-09T14:11:47.903043Z
  Time since last request: 0.000376392 seconds.
  importAddress: GUID: ff487154bf5ec41f1b830b780c2a8b0a - Path: Packages/com.unity.visualscripting/Runtime/VisualScripting.State/StateEventHooks.cs - Importer: ScriptedImporter/UnityEditor.QuickSearchModule:UnityEditor.Search:ASIAI0B
Importing 'GUID: ff487154bf5ec41f1b830b780c2a8b0a - Path: Packages/com.unity.visualscripting/Runtime/VisualScripting.State/StateEventHooks.cs - Importer: ScriptedImporter/UnityEditor.QuickSearchModule:UnityEditor.Search:ASIAI0B' with importer (ScriptedImporter : UnityEditor.QuickSearchModule:UnityEditor.Search:ASIAI0B)
Imported 'GUID: ff487154bf5ec41f1b830b780c2a8b0a' -> (Import Result ID: '91f97ab09f257eb0e34a18f5a5106c08') in 0.002 seconds [static and dynamic dependencies]. Details - ImportResultOutputID=3d9db65eadcb77caf96e98e85f4720ec DependenciesID=23a2ea79e1bc7fff77d4661220f3975f StaticDependenciesID=3587f22704076a4c09ae17d6d904221d 
Number of updated asset objects reloaded before import = 0
Number of asset objects unloaded after import = 0
========================================================================
Received Import Request.
  Time of request: 2026-10-09T14:11:47.912691Z
  Time since last request: 0.000435563 seconds.
  importAddress: GUID: efe58df89b5b74a97a123b5ed2b70422 - Path: Packages/com.unity.visualscripting/Runtime/VisualScripting.State/StateMachine.cs - Importer: ScriptedImporter/UnityEditor.QuickSearchModule:UnityEditor.Search:ASIAI0B
Importing 'GUID: efe58df89b5b74a97a123b5ed2b70422 - Path: Packages/com.unity.visualscripting/Runtime/VisualScripting.State/StateMachine.cs - Importer: ScriptedImporter/UnityEditor.QuickSearchModule:UnityEditor.Search:ASIAI0B' with importer (ScriptedImporter : UnityEditor.QuickSearchModule:UnityEditor.Search:ASIAI0B)
Imported 'GUID: efe58df89b5b74a97a123b5ed2b70422' -> (Import Result ID: '96329c72f17a1fe2f2c97c0f695b6762') in 0.002 seconds [static and dynamic dependencies]. Details - ImportResultOutputID=aa81d80e19154608f9138dad4ee1ca47 DependenciesID=ec9380978a5dabdf13e03dc0698a51eb StaticDependenciesID=2df4ea48fdb152642663f505722e44cf 
Number of updated asset objects reloaded before import = 0
Number of asset objects unloaded after import = 1
========================================================================
Received Import Request.
  Time of request: 2026-10-09T14:11:47.922159Z
  Time since last request: 0.000588458 seconds.
  importAddress: GUID: 39a4b0bc9629144cba9983be40f9b8c4 - Path: Packages/com.unity.visualscripting/Runtime/VisualScripting.State/StateGraphData.cs - Importer: ScriptedImporter/UnityEditor.QuickSearchModule:UnityEditor.Search:ASIAI0B
Importing 'GUID: 39a4b0bc9629144cba9983be40f9b8c4 - Path: Packages/com.unity.visualscripting/Runtime/VisualScripting.State/StateGraphData.cs - Importer: ScriptedImporter/UnityEditor.QuickSearchModule:UnityEditor.Search:ASIAI0B' with importer (ScriptedImporter : UnityEditor.QuickSearchModule:UnityEditor.Search:ASIAI0B)
Imported 'GUID: 39a4b0bc9629144cba9983be40f9b8c4' -> (Import Result ID: 'fd20497e9525b30a962cc4e0210e42db') in 0.001 seconds [static and dynamic dependencies]. Details - ImportResultOutputID=7d85ffe53da3f0afcb8e0b868b09249e DependenciesID=2603b68668540f6ffa8e40ad32f547f6 StaticDependenciesID=7b743bd9d6bb937f9f341fc5d08d866d 
Number of updated asset objects reloaded before import = 0
Number of asset objects unloaded after import = 0
========================================================================
Received Import Request.
  Time of request: 2026-10-09T14:11:47.932198Z
  Time since last request: 0.000258282 seconds.
  importAddress: GUID: 0d4c8c0a5be6245e2aad918069f79df5 - Path: Packages/com.unity.visualscripting/Runtime/VisualScripting.State/IState.cs - Importer: ScriptedImporter/UnityEditor.QuickSearchModule:UnityEditor.Search:ASIAI0B
Importing 'GUID: 0d4c8c0a5be6245e2aad918069f79df5 - Path: Packages/com.unity.visualscripting/Runtime/VisualScripting.State/IState.cs - Importer: ScriptedImporter/UnityEditor.QuickSearchModule:UnityEditor.Search:ASIAI0B' with importer (ScriptedImporter : UnityEditor.QuickSearchModule:UnityEditor.Search:ASIAI0B)
Imported 'GUID: 0d4c8c0a5be6245e2aad918069f79df5' -> (Import Result ID: 'e4b4419a6c5e9d24bed58900e2358c5a') in 0.002 seconds [static and dynamic dependencies]. Details - ImportResultOutputID=b29d44505bbea98afc1d52fe5677fcae DependenciesID=56f83c225ce5247f0831eef8e964b1a2 StaticDependenciesID=325c4cd579fbe8547abc0b0b621b90bb 
Number of updated asset objects reloaded before import = 0
Number of asset objects unloaded after import = 0
========================================================================
Received Import Request.
  Time of request: 2026-10-09T14:11:47.941967Z
  Time since last request: 0.000218658 seconds.
  importAddress: GUID: 13dd86e0bca1a407a84da6c49b4dda21 - Path: Packages/com.unity.visualscripting/Runtime/VisualScripting.State/NesterState.cs - Importer: ScriptedImporter/UnityEditor.QuickSearchModule:UnityEditor.Search:ASIAI0B
Importing 'GUID: 13dd86e0bca1a407a84da6c49b4dda21 - Path: Packages/com.unity.visualscripting/Runtime/VisualScripting.State/NesterState.cs - Importer: ScriptedImporter/UnityEditor.QuickSearchModule:UnityEditor.Search:ASIAI0B' with importer (ScriptedImporter : UnityEditor.QuickSearchModule:UnityEditor.Search:ASIAI0B)
Imported 'GUID: 13dd86e0bca1a407a84da6c49b4dda21' -> (Import Result ID: 'd5b424cf2df8572b003efda6c2e4fcb8') in 0.003 seconds [static and dynamic dependencies]. Details - ImportResultOutputID=851350cb04b35d5d595f29a8ad103bc8 DependenciesID=b70369876b125168f575a9cbae889b0b StaticDependenciesID=12155b6b5036037c521c3246e109f835 
Number of updated asset objects reloaded before import = 0
Number of asset objects unloaded after import = 0
========================================================================
Received Import Request.
  Time of request: 2026-10-09T14:11:47.95227Z
  Time since last request: 0.00019325 seconds.
  importAddress: GUID: 10477d5d4528e40818aa77439952fa2f - Path: Packages/com.unity.visualscripting/Runtime/VisualScripting.Flow/IUnit.cs - Importer: ScriptedImporter/UnityEditor.QuickSearchModule:UnityEditor.Search:ASIAI0B
Importing 'GUID: 10477d5d4528e40818aa77439952fa2f - Path: Packages/com.unity.visualscripting/Runtime/VisualScripting.Flow/IUnit.cs - Importer: ScriptedImporter/UnityEditor.QuickSearchModule:UnityEditor.Search:ASIAI0B' with importer (ScriptedImporter : UnityEditor.QuickSearchModule:UnityEditor.Search:ASIAI0B)
Imported 'GUID: 10477d5d4528e40818aa77439952fa2f' -> (Import Result ID: '575a7f651c77f203cf0ae03848ce80bf') in 0.002 seconds [static and dynamic dependencies]. Details - ImportResultOutputID=59a8acdfa8502536054ad54fddff1c5f DependenciesID=5d357993b62e615df7a141e62aa6f6ca StaticDependenciesID=3f5f5cdd30c63dcfbaddc3a8eb079f32 
Number of updated asset objects reloaded before import = 0
Number of asset objects unloaded after import = 0
========================================================================
Received Import Request.
  Time of request: 2026-10-09T14:11:47.961329Z
  Time since last request: 0.000247813 seconds.
  importAddress: GUID: b1eb0e9411d1e4ed880da3147ac22dc8 - Path: Packages/com.unity.visualscripting/Editor/VisualScripting.Core/Analysis/IAnalyser.cs - Importer: ScriptedImporter/UnityEditor.QuickSearchModule:UnityEditor.Search:ASIAI0B
Importing 'GUID: b1eb0e9411d1e4ed880da3147ac22dc8 - Path: Packages/com.unity.visualscripting/Editor/VisualScripting.Core/Analysis/IAnalyser.cs - Importer: ScriptedImporter/UnityEditor.QuickSearchModule:UnityEditor.Search:ASIAI0B' with importer (ScriptedImporter : UnityEditor.QuickSearchModule:UnityEditor.Search:ASIAI0B)
Imported 'GUID: b1eb0e9411d1e4ed880da3147ac22dc8' -> (Import Result ID: 'eb64f78e84a6901b0efc9a658cf7e526') in 0.001 seconds [static and dynamic dependencies]. Details - ImportResultOutputID=6a6168848f5b28208e65ae9045b8f247 DependenciesID=a6e662e6a803d7cc43c3b005f99fdff0 StaticDependenciesID=63b733c3853bc77257bf3b33e7b2e495 
Number of updated asset objects reloaded before import = 0
Number of asset objects unloaded after import = 0
========================================================================
Received Import Request.
  Time of request: 2026-10-09T14:11:47.969684Z
  Time since last request: 0.000232895 seconds.
  importAddress: GUID: ed238706c8f164901838f48247dfc1ee - Path: Packages/com.unity.visualscripting/Runtime/VisualScripting.Flow/UnitPreservation.cs - Importer: ScriptedImporter/UnityEditor.QuickSearchModule:UnityEditor.Search:ASIAI0B
Importing 'GUID: ed238706c8f164901838f48247dfc1ee - Path: Packages/com.unity.visualscripting/Runtime/VisualScripting.Flow/UnitPreservation.cs - Importer: ScriptedImporter/UnityEditor.QuickSearchModule:UnityEditor.Search:ASIAI0B' with importer (ScriptedImporter : UnityEditor.QuickSearchModule:UnityEditor.Search:ASIAI0B)
Imported 'GUID: ed238706c8f164901838f48247dfc1ee' -> (Import Result ID: 'd797a0f533337f4ba4d6d5cc8b70a2ae') in 0.002 seconds [static and dynamic dependencies]. Details - ImportResultOutputID=cae5597d9db6e2138d321d0647914ec5 DependenciesID=be64a7a138f313c272b89f9b7aa2c3fe StaticDependenciesID=44f59efa0afb8643c5050e20b2bff430 
Number of updated asset objects reloaded before import = 0
Number of asset objects unloaded after import = 0
========================================================================
Received Import Request.
  Time of request: 2026-10-09T14:11:47.978889Z
  Time since last request: 0.00030529 seconds.
  importAddress: GUID: f1505e7010ba447f9087b4398e0e3473 - Path: Packages/com.unity.visualscripting/Editor/SettingsProvider/ProjectSettings/CoreProviderSettings.cs - Importer: ScriptedImporter/UnityEditor.QuickSearchModule:UnityEditor.Search:ASIAI0B
Importing 'GUID: f1505e7010ba447f9087b4398e0e3473 - Path: Packages/com.unity.visualscripting/Editor/SettingsProvider/ProjectSettings/CoreProviderSettings.cs - Importer: ScriptedImporter/UnityEditor.QuickSearchModule:UnityEditor.Search:ASIAI0B' with importer (ScriptedImporter : UnityEditor.QuickSearchModule:UnityEditor.Search:ASIAI0B)
Imported 'GUID: f1505e7010ba447f9087b4398e0e3473' -> (Import Result ID: '836d353801d9541ead9375356e34204d') in 0.001 seconds [static and dynamic dependencies]. Details - ImportResultOutputID=9971911fd4d53d299be1d60976eaa1ff DependenciesID=33c56b75db696be014ed3384a5e0b09e StaticDependenciesID=741ef8d1fd0bd226dfd56966fa8c563c 
Number of updated asset objects reloaded before import = 0
Number of asset objects unloaded after import = 0
========================================================================
Received Import Request.
  Time of request: 2026-10-09T14:11:47.988896Z
  Time since last request: 0.000858783 seconds.
  importAddress: GUID: c885f6b1d6214c8ea9f1970d774bdfc8 - Path: Packages/com.unity.visualscripting/Runtime/VisualScripting.Flow/IDefaultValue.cs - Importer: ScriptedImporter/UnityEditor.QuickSearchModule:UnityEditor.Search:ASIAI0B
Importing 'GUID: c885f6b1d6214c8ea9f1970d774bdfc8 - Path: Packages/com.unity.visualscripting/Runtime/VisualScripting.Flow/IDefaultValue.cs - Importer: ScriptedImporter/UnityEditor.QuickSearchModule:UnityEditor.Search:ASIAI0B' with importer (ScriptedImporter : UnityEditor.QuickSearchModule:UnityEditor.Search:ASIAI0B)
Imported 'GUID: c885f6b1d6214c8ea9f1970d774bdfc8' -> (Import Result ID: '258aa6f7c28fe3b8e57d87ea80b63208') in 0.001 seconds [static and dynamic dependencies]. Details - ImportResultOutputID=e6e42c6f28268bc95c6c33ae5ad50d63 DependenciesID=d22f138c3b7bb379ba306ed485d37bf4 StaticDependenciesID=9afb317dda48aa9a0da77293f8acfb8f 
Number of updated asset objects reloaded before import = 0
Number of asset objects unloaded after import = 0
========================================================================
Received Import Request.
  Time of request: 2026-10-09T14:11:47.998615Z
  Time since last request: 0.000884211 seconds.
  importAddress: GUID: 4218da2cc7b0547f2a287e752116fd68 - Path: Packages/com.unity.visualscripting/Runtime/VisualScripting.State/State.cs - Importer: ScriptedImporter/UnityEditor.QuickSearchModule:UnityEditor.Search:ASIAI0B
Importing 'GUID: 4218da2cc7b0547f2a287e752116fd68 - Path: Packages/com.unity.visualscripting/Runtime/VisualScripting.State/State.cs - Importer: ScriptedImporter/UnityEditor.QuickSearchModule:UnityEditor.Search:ASIAI0B' with importer (ScriptedImporter : UnityEditor.QuickSearchModule:UnityEditor.Search:ASIAI0B)
Imported 'GUID: 4218da2cc7b0547f2a287e752116fd68' -> (Import Result ID: 'e248e4b2b156562bf9c65a438c4a68c3') in 0.002 seconds [static and dynamic dependencies]. Details - ImportResultOutputID=d23533ae6e8812d20dd6a643c3294802 DependenciesID=3d7c1a0028c5f14613f965600d0582d8 StaticDependenciesID=eeb352cf1475fb7d25523920605d8324 
Number of updated asset objects reloaded before import = 0
Number of asset objects unloaded after import = 0
========================================================================
Received Import Request.
  Time of request: 2026-10-09T14:11:48.008061Z
  Time since last request: 0.000775918 seconds.
  importAddress: GUID: 1ac0dd11da2f64fc5b55b1b8a1d36b55 - Path: Packages/com.unity.visualscripting/Editor/VisualScripting.Core/Analysis/GraphElementAnalysis.cs - Importer: ScriptedImporter/UnityEditor.QuickSearchModule:UnityEditor.Search:ASIAI0B
Importing 'GUID: 1ac0dd11da2f64fc5b55b1b8a1d36b55 - Path: Packages/com.unity.visualscripting/Editor/VisualScripting.Core/Analysis/GraphElementAnalysis.cs - Importer: ScriptedImporter/UnityEditor.QuickSearchModule:UnityEditor.Search:ASIAI0B' with importer (ScriptedImporter : UnityEditor.QuickSearchModule:UnityEditor.Search:ASIAI0B)
Imported 'GUID: 1ac0dd11da2f64fc5b55b1b8a1d36b55' -> (Import Result ID: '60f4c65acc867cab41de977e7810d06b') in 0.001 seconds [static and dynamic dependencies]. Details - ImportResultOutputID=83e90ab0fbb8686d12c2c33d5fdaeb90 DependenciesID=11d2a706bb290efae2ffc859814ed2d5 StaticDependenciesID=0e7f2ac1134c00f2cecb22e00333c13a 
Number of updated asset objects reloaded before import = 0
Number of asset objects unloaded after import = 0
========================================================================
Received Prepare
AcceleratorClientConnectionCallback - disconnected - :0
Unloading 62 Unused Serialized files (Serialized files now loaded: 0)
Unloading 352 unused Assets / (5.5 MB). Loaded Objects now: 7481.
Memory consumption went from 208.5 MB to 202.9 MB.
Total: 12.255157 ms (FindLiveObjects: 0.636708 ms CreateObjectMapping: 0.514751 ms MarkObjects: 8.619380 ms  DeleteObjects: 2.231155 ms)

Prepare: number of updated asset objects reloaded= 0
Editor requested this worker to shutdown with reason: Editor is closing down
AcceleratorClientConnectionCallback - disconnected - :0
AssetImportWorker is now disconnected from the server
Process exiting
[ExitDontLaunchBugReporter] Exiting without the bug reporter. Application will exit with return code 0

SDL leaked 2 allocations
Turn on UNITY_SDL_ALLOCATION_TRACKING for detailed information.
Vulkan PSO: Pipeline cache has not changed skipping save handle[6044f620]
