[UnityConnectServicesConfig] Local config successfully read: "/usr/share/unity3d/config/services-config.json"
[UnityConnectServicesConfig] Service configuration:
    "servicesConfigBaseUrl": "",
    "disableServicesWindow": false,
    "disableUserLogin": false,
    "entitlementCacheTimeoutInSeconds": 60,
    "clientConnectTimeoutSec": 60,
    "clientHandshakeTimeoutSec": 30,
    "clientResolveEntitlementsTimeoutSec": 30,
    "clientUpdateLicenseTimeoutSec": 30,
    "licensingServiceBaseUrl": "",
    "enableProxyAutoconfig": "false"

Unity Editor version:    6000.6.0f1 (f7f8ed4d1e24)
Branch:                  6000.6/respin/6000.6.0f1-fa21a270ab12
Build type:              Release
Batch mode:              YES
System name:             Linux
Distro version:          #1 SMP PREEMPT_DYNAMIC Thu, 01 Oct 2026 17:24:20 +0000
Kernel version:          7.2.8-arch1-2
Architecture:            x86_64
Window Protocol:         Wayland (XWayland)
Available memory:        31340 MB
Date:                    2026-10-09T14:09:47Z
[Licensing::Module] Trying to connect to existing licensing client channel...
[Licensing::IpcConnector] Successfully connected to: "LicenseClient-main" at "2026-10-09T14:09:47.101496Z"
[SignatureVerifier] Application signature verification not supported on this platform.
[Licensing::Client] Handshaking with LicensingClient:
  Version:                 1.18.3+d7ffd15
  Session Id:              24f590d93f33405bbec1701d4cb8cd3d
  Correlation Id:          b0ae15c3281fe6a205cc7ca0849c2f68
  External correlation Id: 395572547706283781
  Machine Id:              7dg1T8WRH1g+50zUqfz9HYsfmdI=
[Licensing::Module] Successfully connected to LicensingClient on channel: "LicenseClient-main" (connect: 0.00s, validation: 0.00s, handshake: 0.00s)
[Licensing::IpcConnector] Successfully connected to: "LicenseClient-main-notifications" at "2026-10-09T14:09:47.102431Z"
[Licensing::Module] Licensing Background thread has ended after 0.00s
Selected window backend: (null) 
Desktop is 2560 x 1440 @ 60 Hz
Initialize udev device monitor.

COMMAND LINE ARGUMENTS:
unityhub-unity-editor-6000.6.0f1
-adb2
-batchMode
-noUpm
-name
AssetImportWorkerHW3
-projectPath
/home/main/github/Proyecto/Puppeteer-Stories/My project
-logFile
Logs/AssetImportWorkerHW3.log
-srvPort
36665
-parentPid
16771
-analyticsCloudUserId
6872890175582
-analyticsLocalProjectId
56f506a5401387fe4bfead1f726ad9e4
-editorAnalyticsEnabled
1
-cbmEditorLicense
c6d1719261a14b86167c3a8ee6b1593d2e9fe7a6
-cbmMachineId
7dg1T8WRH1g+50zUqfz9HYsfmdI=
-noDiagnosticSwitchPersistentStore
-job-worker-count
7
-background-job-worker-count
8
-asset-garbage-collectors
1
-force-vulkan
Successfully changed project path to: /home/main/github/Proyecto/Puppeteer-Stories/My project
/home/main/github/Proyecto/Puppeteer-Stories/My project
[UnityMemory] Configuration Parameters - Can be set up in boot.config
    "memorysetup-temp-allocator-size-gi-baking-worker=262144"
    "memorysetup-temp-allocator-size-gi-baking-worker=262144"
    "memorysetup-temp-allocator-size-gi-baking-worker=262144"
    "memorysetup-temp-allocator-size-gi-baking-worker=262144"
    "memorysetup-temp-allocator-size-gi-baking-worker=262144"
    "memorysetup-temp-allocator-size-nav-mesh-worker=65536"
    "memorysetup-temp-allocator-size-audio-worker=65536"
    "memorysetup-temp-allocator-size-cloud-worker=32768"
    "memorysetup-temp-allocator-size-preload-manager=33554432"
    "memorysetup-remapper-allocator-initial-capacity=32768"
    "memorysetup-temp-allocator-size-gfx=262144"
    "memorysetup-allocator-temp-initial-block-size-main=262144"
    "memorysetup-allocator-temp-initial-block-size-worker=262144"
    "memorysetup-temp-allocator-size-background-worker=32768"
    "memorysetup-temp-allocator-size-job-worker=262144"
    "memorysetup-bucket-allocator-granularity=16"
    "memorysetup-bucket-allocator-bucket-count=8"
    "memorysetup-bucket-allocator-block-size=33554432"
    "memorysetup-bucket-allocator-block-count=8"
    "memorysetup-main-allocator-block-size=16777216"
    "memorysetup-thread-allocator-block-size=16777216"
    "memorysetup-main-allocator-mimalloc-enabled=1"
    "memorysetup-gfx-main-allocator-block-size=16777216"
    "memorysetup-gfx-thread-allocator-block-size=16777216"
    "memorysetup-cache-allocator-block-size=4194304"
    "memorysetup-typetree-allocator-block-size=2097152"
    "memorysetup-profiler-bucket-allocator-granularity=16"
    "memorysetup-profiler-bucket-allocator-bucket-count=8"
    "memorysetup-profiler-bucket-allocator-block-size=33554432"
    "memorysetup-profiler-bucket-allocator-block-count=8"
    "memorysetup-profiler-allocator-block-size=16777216"
    "memorysetup-profiler-editor-allocator-block-size=1048576"
    "memorysetup-temp-allocator-size-main=16777216"
    "memorysetup-job-temp-allocator-block-size=2097152"
    "memorysetup-job-temp-allocator-block-size-background=1048576"
    "memorysetup-job-temp-allocator-reduction-small-platforms=262144"
Player connection [140436620663552]  Target information:

Player connection [140436620663552]  * "[IP] 10.170.26.65 [Port] 0 [Flags] 2 [Guid] 1153019450 [EditorId] 1153019450 [Version] 1048832 [Id] LinuxEditor(16,10.170.26.65) [Debug] 1 [PackageName] LinuxEditor [ProjectName] Editor" 

Player connection [140436620663552] Host joined multi-casting on [225.0.0.222:54997]...
Player connection [140436620663552] Host joined alternative multi-casting on [225.0.0.222:34997]...
JobSystem: Creating JobQueue using job-worker-count value 7
Input System module state changed to: Initialized.
[Physics::Module] Initialized fallback backend.
[Physics::Module] Id: 0xdecafbad
Library Redirect Path: Library/
Initialising UDS system complete:
  - System type: Client
  - Resource namespace: baaaf7aa02a3b2dc2b9eedceb8672c2e
  - Shared memory size: 1073741824
  - Command buffer id: 1052624
  - Command buffer size: 8192
  - Hashmap size: 4194304
  - Service connected: true
  - Service working directory: Library/DataStore/
[Physics::Module] Selected backend.
[Physics::Module] Name: PhysX
[Physics::Module] Id: 0xf2b8ea05
[Physics::Module] SDK Version: 4.1.2
[Physics::Module] Integration Version: 1.0.0
[Physics::Module] Threading Mode: Multi-Threaded
Initialize engine version: 6000.6.0f1 (f7f8ed4d1e24)
[EntityIdStore] init: VM path (explicit commit), pageSize=4096, blockCount=1048576, entitiesPerBlock=256, slots reserved=4294967296 bytes
[Subsystems] Discovering subsystems at path /home/main/Unity/Hub/Editor/6000.6.0f1/Editor/Data/Resources/UnitySubsystems
[Subsystems] Discovering subsystems at path /home/main/github/Proyecto/Puppeteer-Stories/My project/Assets
Forcing GfxDevice: Vulkan
GfxDevice: creating device client; kGfxThreadingModeThreaded
[vulkan] LoadVulkanLibrary libvulkan.so.1[vulkan] Loaded instance function vkGetInstanceProcAddr
[vulkan] Loaded instance function vkGetInstanceProcAddr
[vulkan] Loaded instance function vkCreateInstance
[vulkan] Loaded instance function vkEnumerateInstanceExtensionProperties
[vulkan] Loaded instance function vkEnumerateInstanceLayerProperties
[vulkan] Loaded instance function vkEnumerateInstanceVersion
[Vulkan init] extensions: count=25
[Vulkan init] extensions: name=VK_EXT_acquire_drm_display [enabled=0, external=0]
[Vulkan init] extensions: name=VK_EXT_acquire_xlib_display [enabled=0, external=0]
[Vulkan init] extensions: name=VK_EXT_debug_report [enabled=0, external=0]
[Vulkan init] extensions: name=VK_EXT_debug_utils [enabled=1, external=0]
[Vulkan init] extensions: name=VK_EXT_direct_mode_display [enabled=0, external=0]
[Vulkan init] extensions: name=VK_EXT_display_surface_counter [enabled=0, external=0]
[Vulkan init] extensions: name=VK_EXT_surface_maintenance1 [enabled=0, external=0]
[Vulkan init] extensions: name=VK_EXT_swapchain_colorspace [enabled=1, external=0]
[Vulkan init] extensions: name=VK_KHR_device_group_creation [enabled=0, external=0]
[Vulkan init] extensions: name=VK_KHR_display [enabled=1, external=0]
[Vulkan init] extensions: name=VK_KHR_external_fence_capabilities [enabled=1, external=0]
[Vulkan init] extensions: name=VK_KHR_external_memory_capabilities [enabled=1, external=0]
[Vulkan init] extensions: name=VK_KHR_external_semaphore_capabilities [enabled=1, external=0]
[Vulkan init] extensions: name=VK_KHR_get_display_properties2 [enabled=0, external=0]
[Vulkan init] extensions: name=VK_KHR_get_physical_device_properties2 [enabled=1, external=0]
[Vulkan init] extensions: name=VK_KHR_get_surface_capabilities2 [enabled=0, external=0]
[Vulkan init] extensions: name=VK_KHR_portability_enumeration [enabled=0, external=0]
[Vulkan init] extensions: name=VK_KHR_surface [enabled=1, external=0]
[Vulkan init] extensions: name=VK_KHR_surface_maintenance1 [enabled=0, external=0]
[Vulkan init] extensions: name=VK_KHR_surface_protected_capabilities [enabled=0, external=0]
[Vulkan init] extensions: name=VK_KHR_wayland_surface [enabled=1, external=0]
[Vulkan init] extensions: name=VK_KHR_xcb_surface [enabled=0, external=0]
[Vulkan init] extensions: name=VK_KHR_xlib_surface [enabled=1, external=0]
[Vulkan init] extensions: name=VK_LUNARG_direct_driver_loading [enabled=0, external=0]
[Vulkan init] extensions: name=VK_NV_display_stereo [enabled=0, external=0]
[vulkan] Loaded instance function vkDestroyInstance
[vulkan] Loaded instance function vkGetPhysicalDeviceProperties
[vulkan] Loaded instance function vkEnumeratePhysicalDevices
[Vulkan init] SelectPhysicalDevice requestedDeviceIndex=-1 xrDevice=(nil)
[Vulkan init] Physical Device 0x55fbf931ae40 [0]: "NVIDIA GeForce RTX 4060 Laptop GPU" deviceType=2 vendorID=10de deviceID=28a0
Vulkan detection: 2
[Vulkan init] extensions: count=25
[Vulkan init] extensions: name=VK_EXT_acquire_drm_display [enabled=0, external=0]
[Vulkan init] extensions: name=VK_EXT_acquire_xlib_display [enabled=0, external=0]
[Vulkan init] extensions: name=VK_EXT_debug_report [enabled=0, external=0]
[Vulkan init] extensions: name=VK_EXT_debug_utils [enabled=1, external=0]
[Vulkan init] extensions: name=VK_EXT_direct_mode_display [enabled=0, external=0]
[Vulkan init] extensions: name=VK_EXT_display_surface_counter [enabled=0, external=0]
[Vulkan init] extensions: name=VK_EXT_surface_maintenance1 [enabled=0, external=0]
[Vulkan init] extensions: name=VK_EXT_swapchain_colorspace [enabled=1, external=0]
[Vulkan init] extensions: name=VK_KHR_device_group_creation [enabled=0, external=0]
[Vulkan init] extensions: name=VK_KHR_display [enabled=1, external=0]
[Vulkan init] extensions: name=VK_KHR_external_fence_capabilities [enabled=1, external=0]
[Vulkan init] extensions: name=VK_KHR_external_memory_capabilities [enabled=1, external=0]
[Vulkan init] extensions: name=VK_KHR_external_semaphore_capabilities [enabled=1, external=0]
[Vulkan init] extensions: name=VK_KHR_get_display_properties2 [enabled=0, external=0]
[Vulkan init] extensions: name=VK_KHR_get_physical_device_properties2 [enabled=1, external=0]
[Vulkan init] extensions: name=VK_KHR_get_surface_capabilities2 [enabled=0, external=0]
[Vulkan init] extensions: name=VK_KHR_portability_enumeration [enabled=0, external=0]
[Vulkan init] extensions: name=VK_KHR_surface [enabled=1, external=0]
[Vulkan init] extensions: name=VK_KHR_surface_maintenance1 [enabled=0, external=0]
[Vulkan init] extensions: name=VK_KHR_surface_protected_capabilities [enabled=0, external=0]
[Vulkan init] extensions: name=VK_KHR_wayland_surface [enabled=1, external=0]
[Vulkan init] extensions: name=VK_KHR_xcb_surface [enabled=0, external=0]
[Vulkan init] extensions: name=VK_KHR_xlib_surface [enabled=1, external=0]
[Vulkan init] extensions: name=VK_LUNARG_direct_driver_loading [enabled=0, external=0]
[Vulkan init] extensions: name=VK_NV_display_stereo [enabled=0, external=0]
[vulkan] Loaded instance function vkDestroyInstance
[vulkan] Loaded instance function vkGetPhysicalDeviceProperties
[vulkan] Loaded instance function vkEnumeratePhysicalDevices
[vulkan] Loaded instance function vkGetDeviceProcAddr
[vulkan] Loaded instance function vkGetPhysicalDeviceFeatures
[vulkan] Loaded instance function vkGetPhysicalDeviceFormatProperties
[vulkan] Loaded instance function vkGetPhysicalDeviceImageFormatProperties
[vulkan] Loaded instance function vkGetPhysicalDeviceQueueFamilyProperties
[vulkan] Loaded instance function vkGetPhysicalDeviceMemoryProperties
[vulkan] Loaded instance function vkCreateDevice
[vulkan] Loaded instance function vkEnumerateDeviceExtensionProperties
[vulkan] Loaded instance function vkEnumerateDeviceLayerProperties
[vulkan] Loaded instance function vkGetPhysicalDeviceSparseImageFormatProperties
[vulkan] Loaded instance function vkDestroySurfaceKHR
[vulkan] Loaded instance function vkGetPhysicalDeviceSurfaceSupportKHR
[vulkan] Loaded instance function vkGetPhysicalDeviceSurfaceCapabilitiesKHR
[vulkan] Loaded instance function vkGetPhysicalDeviceSurfaceFormatsKHR
[vulkan] Loaded instance function vkGetPhysicalDeviceSurfacePresentModesKHR
[vulkan] Loaded instance function vkCreateSwapchainKHR
[vulkan] Loaded instance function vkDestroySwapchainKHR
[vulkan] Loaded instance function vkGetSwapchainImagesKHR
[vulkan] Loaded instance function vkAcquireNextImageKHR
[vulkan] Loaded instance function vkQueuePresentKHR
[vulkan] Loaded instance function vkGetPhysicalDeviceDisplayPropertiesKHR
[vulkan] Loaded instance function vkGetPhysicalDeviceDisplayPlanePropertiesKHR
[vulkan] Loaded instance function vkGetDisplayPlaneSupportedDisplaysKHR
[vulkan] Loaded instance function vkGetDisplayModePropertiesKHR
[vulkan] Loaded instance function vkCreateDisplayModeKHR
[vulkan] Loaded instance function vkGetDisplayPlaneCapabilitiesKHR
[vulkan] Loaded instance function vkCreateDisplayPlaneSurfaceKHR
[vulkan] Loaded instance function vkCreateSharedSwapchainsKHR
[vulkan] Loaded instance function vkCreateXlibSurfaceKHR
[vulkan] Loaded instance function vkGetPhysicalDeviceXlibPresentationSupportKHR
[vulkan] Loaded instance function vkSetHdrMetadataEXT
[vulkan] Loaded instance function vkGetPhysicalDeviceFeatures2KHR
[vulkan] Loaded instance function vkGetPhysicalDeviceProperties2KHR
[vulkan] Loaded instance function vkGetPhysicalDeviceFormatProperties2KHR
[vulkan] Loaded instance function vkGetPhysicalDeviceImageFormatProperties2KHR
[vulkan] Loaded instance function vkGetPhysicalDeviceQueueFamilyProperties2KHR
[vulkan] Loaded instance function vkGetPhysicalDeviceMemoryProperties2KHR
[vulkan] Loaded instance function vkGetPhysicalDeviceSparseImageFormatProperties2KHR
[vulkan] Loaded instance function vkGetSemaphoreFdKHR
[vulkan] Loaded instance function vkImportSemaphoreFdKHR
[vulkan] Loaded instance function vkGetFenceFdKHR
[vulkan] Loaded instance function vkImportFenceFdKHR
[vulkan] Loaded instance function vkCreateSamplerYcbcrConversionKHR
[vulkan] Loaded instance function vkDestroySamplerYcbcrConversionKHR
[vulkan] Loaded instance function vkBindBufferMemory2KHR
[vulkan] Loaded instance function vkBindImageMemory2KHR
[vulkan] Loaded instance function vkWaitForPresentKHR
[vulkan] Loaded instance function vkGetPhysicalDeviceExternalSemaphorePropertiesKHR
[vulkan] Loaded instance function vkGetPhysicalDeviceExternalFencePropertiesKHR
[vulkan] Loaded instance function vkGetPhysicalDeviceFragmentShadingRatesKHR
[vulkan] Loaded instance function vkSetDebugUtilsObjectNameEXT
[vulkan] Loaded instance function vkSetDebugUtilsObjectTagEXT
[vulkan] Loaded instance function vkQueueBeginDebugUtilsLabelEXT
[vulkan] Loaded instance function vkQueueEndDebugUtilsLabelEXT
[vulkan] Loaded instance function vkQueueInsertDebugUtilsLabelEXT
[vulkan] Loaded instance function vkCmdBeginDebugUtilsLabelEXT
[vulkan] Loaded instance function vkCmdEndDebugUtilsLabelEXT
[vulkan] Loaded instance function vkCmdInsertDebugUtilsLabelEXT
[Vulkan init] SelectPhysicalDevice requestedDeviceIndex=-1 xrDevice=(nil)
[Vulkan init] Physical Device 0x55fbf92cd1b0 [0]: "NVIDIA GeForce RTX 4060 Laptop GPU" deviceType=2 vendorID=10de deviceID=28a0
[Vulkan init] Selected physical device 0x55fbf92cd1b0
[Vulkan init] Graphics queue count=1
[Vulkan init] extensions: count=290
[Vulkan init] extensions: name=VK_AMD_buffer_marker [enabled=0, external=0]
[Vulkan init] extensions: name=VK_EXT_4444_formats [enabled=1, external=0]
[Vulkan init] extensions: name=VK_EXT_attachment_feedback_loop_dynamic_state [enabled=0, external=0]
[Vulkan init] extensions: name=VK_EXT_attachment_feedback_loop_layout [enabled=0, external=0]
[Vulkan init] extensions: name=VK_EXT_blend_operation_advanced [enabled=0, external=0]
[Vulkan init] extensions: name=VK_EXT_border_color_swizzle [enabled=0, external=0]
[Vulkan init] extensions: name=VK_EXT_buffer_device_address [enabled=0, external=0]
[Vulkan init] extensions: name=VK_EXT_calibrated_timestamps [enabled=0, external=0]
[Vulkan init] extensions: name=VK_EXT_color_write_enable [enabled=0, external=0]
[Vulkan init] extensions: name=VK_EXT_conditional_rendering [enabled=0, external=0]
[Vulkan init] extensions: name=VK_EXT_conservative_rasterization [enabled=1, external=0]
[Vulkan init] extensions: name=VK_EXT_custom_border_color [enabled=0, external=0]
[Vulkan init] extensions: name=VK_EXT_custom_resolve [enabled=0, external=0]
[Vulkan init] extensions: name=VK_EXT_depth_bias_control [enabled=0, external=0]
[Vulkan init] extensions: name=VK_EXT_depth_clamp_control [enabled=0, external=0]
[Vulkan init] extensions: name=VK_EXT_depth_clamp_zero_one [enabled=0, external=0]
[Vulkan init] extensions: name=VK_EXT_depth_clip_control [enabled=0, external=0]
[Vulkan init] extensions: name=VK_EXT_depth_clip_enable [enabled=0, external=0]
[Vulkan init] extensions: name=VK_EXT_depth_range_unrestricted [enabled=0, external=0]
[Vulkan init] extensions: name=VK_EXT_descriptor_buffer [enabled=0, external=0]
[Vulkan init] extensions: name=VK_EXT_descriptor_heap [enabled=0, external=0]
[Vulkan init] extensions: name=VK_EXT_descriptor_indexing [enabled=0, external=0]
[Vulkan init] extensions: name=VK_EXT_device_address_binding_report [enabled=0, external=0]
[Vulkan init] extensions: name=VK_EXT_device_fault [enabled=0, external=0]
[Vulkan init] extensions: name=VK_EXT_device_generated_commands [enabled=0, external=0]
[Vulkan init] extensions: name=VK_EXT_device_memory_report [enabled=0, external=0]
[Vulkan init] extensions: name=VK_EXT_discard_rectangles [enabled=0, external=0]
[Vulkan init] extensions: name=VK_EXT_display_control [enabled=0, external=0]
[Vulkan init] extensions: name=VK_EXT_dynamic_rendering_unused_attachments [enabled=0, external=0]
[Vulkan init] extensions: name=VK_EXT_extended_dynamic_state [enabled=0, external=0]
[Vulkan init] extensions: name=VK_EXT_extended_dynamic_state2 [enabled=0, external=0]
[Vulkan init] extensions: name=VK_EXT_extended_dynamic_state3 [enabled=0, external=0]
[Vulkan init] extensions: name=VK_EXT_external_memory_dma_buf [enabled=0, external=0]
[Vulkan init] extensions: name=VK_EXT_external_memory_host [enabled=1, external=0]
[Vulkan init] extensions: name=VK_EXT_fragment_shader_interlock [enabled=0, external=0]
[Vulkan init] extensions: name=VK_EXT_global_priority [enabled=0, external=0]
[Vulkan init] extensions: name=VK_EXT_global_priority_query [enabled=0, external=0]
[Vulkan init] extensions: name=VK_EXT_graphics_pipeline_library [enabled=0, external=0]
[Vulkan init] extensions: name=VK_EXT_hdr_metadata [enabled=1, external=0]
[Vulkan init] extensions: name=VK_EXT_host_image_copy [enabled=0, external=0]
[Vulkan init] extensions: name=VK_EXT_host_query_reset [enabled=0, external=0]
[Vulkan init] extensions: name=VK_EXT_image_2d_view_of_3d [enabled=0, external=0]
[Vulkan init] extensions: name=VK_EXT_image_drm_format_modifier [enabled=0, external=0]
[Vulkan init] extensions: name=VK_EXT_image_robustness [enabled=0, external=0]
[Vulkan init] extensions: name=VK_EXT_image_sliced_view_of_3d [enabled=0, external=0]
[Vulkan init] extensions: name=VK_EXT_image_view_min_lod [enabled=0, external=0]
[Vulkan init] extensions: name=VK_EXT_index_type_uint8 [enabled=0, external=0]
[Vulkan init] extensions: name=VK_EXT_inline_uniform_block [enabled=0, external=0]
[Vulkan init] extensions: name=VK_EXT_legacy_vertex_attributes [enabled=0, external=0]
[Vulkan init] extensions: name=VK_EXT_line_rasterization [enabled=0, external=0]
[Vulkan init] extensions: name=VK_EXT_load_store_op_none [enabled=1, external=0]
[Vulkan init] extensions: name=VK_EXT_map_memory_placed [enabled=0, external=0]
[Vulkan init] extensions: name=VK_EXT_memory_budget [enabled=1, external=0]
[Vulkan init] extensions: name=VK_EXT_memory_decompression [enabled=0, external=0]
[Vulkan init] extensions: name=VK_EXT_memory_priority [enabled=1, external=0]
[Vulkan init] extensions: name=VK_EXT_mesh_shader [enabled=0, external=0]
[Vulkan init] extensions: name=VK_EXT_multi_draw [enabled=0, external=0]
[Vulkan init] extensions: name=VK_EXT_mutable_descriptor_type [enabled=0, external=0]
[Vulkan init] extensions: name=VK_EXT_nested_command_buffer [enabled=0, external=0]
[Vulkan init] extensions: name=VK_EXT_non_seamless_cube_map [enabled=0, external=0]
[Vulkan init] extensions: name=VK_EXT_opacity_micromap [enabled=0, external=0]
[Vulkan init] extensions: name=VK_EXT_pageable_device_local_memory [enabled=0, external=0]
[Vulkan init] extensions: name=VK_EXT_pci_bus_info [enabled=0, external=0]
[Vulkan init] extensions: name=VK_EXT_physical_device_drm [enabled=0, external=0]
[Vulkan init] extensions: name=VK_EXT_pipeline_creation_cache_control [enabled=0, external=0]
[Vulkan init] extensions: name=VK_EXT_pipeline_creation_feedback [enabled=0, external=0]
[Vulkan init] extensions: name=VK_EXT_pipeline_library_group_handles [enabled=0, external=0]
[Vulkan init] extensions: name=VK_EXT_pipeline_robustness [enabled=0, external=0]
[Vulkan init] extensions: name=VK_EXT_post_depth_coverage [enabled=0, external=0]
[Vulkan init] extensions: name=VK_EXT_present_mode_fifo_latest_ready [enabled=0, external=0]
[Vulkan init] extensions: name=VK_EXT_present_timing [enabled=0, external=0]
[Vulkan init] extensions: name=VK_EXT_primitive_restart_index [enabled=0, external=0]
[Vulkan init] extensions: name=VK_EXT_primitive_topology_list_restart [enabled=0, external=0]
[Vulkan init] extensions: name=VK_EXT_primitives_generated_query [enabled=0, external=0]
[Vulkan init] extensions: name=VK_EXT_private_data [enabled=0, external=0]
[Vulkan init] extensions: name=VK_EXT_provoking_vertex [enabled=0, external=0]
[Vulkan init] extensions: name=VK_EXT_queue_family_foreign [enabled=1, external=0]
[Vulkan init] extensions: name=VK_EXT_ray_tracing_invocation_reorder [enabled=0, external=0]
[Vulkan init] extensions: name=VK_EXT_robustness2 [enabled=0, external=0]
[Vulkan init] extensions: name=VK_EXT_sample_locations [enabled=0, external=0]
[Vulkan init] extensions: name=VK_EXT_sampler_filter_minmax [enabled=0, external=0]
[Vulkan init] extensions: name=VK_EXT_scalar_block_layout [enabled=1, external=0]
[Vulkan init] extensions: name=VK_EXT_separate_stencil_usage [enabled=0, external=0]
[Vulkan init] extensions: name=VK_EXT_shader_64bit_indexing [enabled=0, external=0]
[Vulkan init] extensions: name=VK_EXT_shader_atomic_float [enabled=0, external=0]
[Vulkan init] extensions: name=VK_EXT_shader_demote_to_helper_invocation [enabled=1, external=0]
[Vulkan init] extensions: name=VK_EXT_shader_float8 [enabled=0, external=0]
[Vulkan init] extensions: name=VK_EXT_shader_image_atomic_int64 [enabled=0, external=0]
[Vulkan init] extensions: name=VK_EXT_shader_long_vector [enabled=0, external=0]
[Vulkan init] extensions: name=VK_EXT_shader_module_identifier [enabled=0, external=0]
[Vulkan init] extensions: name=VK_EXT_shader_object [enabled=0, external=0]
[Vulkan init] extensions: name=VK_EXT_shader_replicated_composites [enabled=0, external=0]
[Vulkan init] extensions: name=VK_EXT_shader_split_barrier [enabled=0, external=0]
[Vulkan init] extensions: name=VK_EXT_shader_subgroup_ballot [enabled=0, external=0]
[Vulkan init] extensions: name=VK_EXT_shader_subgroup_partitioned [enabled=0, external=0]
[Vulkan init] extensions: name=VK_EXT_shader_subgroup_vote [enabled=0, external=0]
[Vulkan init] extensions: name=VK_EXT_shader_uniform_buffer_unsized_array [enabled=0, external=0]
[Vulkan init] extensions: name=VK_EXT_shader_viewport_index_layer [enabled=1, external=0]
[Vulkan init] extensions: name=VK_EXT_subgroup_size_control [enabled=0, external=0]
[Vulkan init] extensions: name=VK_EXT_swapchain_maintenance1 [enabled=0, external=0]
[Vulkan init] extensions: name=VK_EXT_texel_buffer_alignment [enabled=0, external=0]
[Vulkan init] extensions: name=VK_EXT_tooling_info [enabled=0, external=0]
[Vulkan init] extensions: name=VK_EXT_transform_feedback [enabled=0, external=0]
[Vulkan init] extensions: name=VK_EXT_vertex_attribute_divisor [enabled=0, external=0]
[Vulkan init] extensions: name=VK_EXT_vertex_attribute_robustness [enabled=0, external=0]
[Vulkan init] extensions: name=VK_EXT_vertex_input_dynamic_state [enabled=1, external=0]
[Vulkan init] extensions: name=VK_EXT_ycbcr_2plane_444_formats [enabled=0, external=0]
[Vulkan init] extensions: name=VK_EXT_ycbcr_image_arrays [enabled=0, external=0]
[Vulkan init] extensions: name=VK_EXT_zero_initialize_device_memory [enabled=0, external=0]
[Vulkan init] extensions: name=VK_GOOGLE_hlsl_functionality1 [enabled=0, external=0]
[Vulkan init] extensions: name=VK_GOOGLE_user_type [enabled=0, external=0]
[Vulkan init] extensions: name=VK_KHR_16bit_storage [enabled=1, external=0]
[Vulkan init] extensions: name=VK_KHR_8bit_storage [enabled=0, external=0]
[Vulkan init] extensions: name=VK_KHR_acceleration_structure [enabled=0, external=0]
[Vulkan init] extensions: name=VK_KHR_bind_memory2 [enabled=1, external=0]
[Vulkan init] extensions: name=VK_KHR_buffer_device_address [enabled=0, external=0]
[Vulkan init] extensions: name=VK_KHR_calibrated_timestamps [enabled=0, external=0]
[Vulkan init] extensions: name=VK_KHR_compute_shader_derivatives [enabled=0, external=0]
[Vulkan init] extensions: name=VK_KHR_cooperative_matrix [enabled=0, external=0]
[Vulkan init] extensions: name=VK_KHR_copy_commands2 [enabled=0, external=0]
[Vulkan init] extensions: name=VK_KHR_copy_memory_indirect [enabled=0, external=0]
[Vulkan init] extensions: name=VK_KHR_create_renderpass2 [enabled=1, external=0]
[Vulkan init] extensions: name=VK_KHR_dedicated_allocation [enabled=1, external=0]
[Vulkan init] extensions: name=VK_KHR_deferred_host_operations [enabled=0, external=0]
[Vulkan init] extensions: name=VK_KHR_depth_clamp_zero_one [enabled=0, external=0]
[Vulkan init] extensions: name=VK_KHR_depth_stencil_resolve [enabled=1, external=0]
[Vulkan init] extensions: name=VK_KHR_descriptor_update_template [enabled=1, external=0]
[Vulkan init] extensions: name=VK_KHR_device_address_commands [enabled=0, external=0]
[Vulkan init] extensions: name=VK_KHR_device_fault [enabled=0, external=0]
[Vulkan init] extensions: name=VK_KHR_device_group [enabled=0, external=0]
[Vulkan init] extensions: name=VK_KHR_draw_indirect_count [enabled=0, external=0]
[Vulkan init] extensions: name=VK_KHR_driver_properties [enabled=1, external=0]
[Vulkan init] extensions: name=VK_KHR_dynamic_rendering [enabled=0, external=0]
[Vulkan init] extensions: name=VK_KHR_dynamic_rendering_local_read [enabled=0, external=0]
[Vulkan init] extensions: name=VK_KHR_external_fence [enabled=1, external=0]
[Vulkan init] extensions: name=VK_KHR_external_fence_fd [enabled=1, external=0]
[Vulkan init] extensions: name=VK_KHR_external_memory [enabled=1, external=0]
[Vulkan init] extensions: name=VK_KHR_external_memory_fd [enabled=1, external=0]
[Vulkan init] extensions: name=VK_KHR_external_semaphore [enabled=1, external=0]
[Vulkan init] extensions: name=VK_KHR_external_semaphore_fd [enabled=1, external=0]
[Vulkan init] extensions: name=VK_KHR_format_feature_flags2 [enabled=0, external=0]
[Vulkan init] extensions: name=VK_KHR_fragment_shader_barycentric [enabled=0, external=0]
[Vulkan init] extensions: name=VK_KHR_fragment_shading_rate [enabled=1, external=0]
[Vulkan init] extensions: name=VK_KHR_get_memory_requirements2 [enabled=1, external=0]
[Vulkan init] extensions: name=VK_KHR_global_priority [enabled=0, external=0]
[Vulkan init] extensions: name=VK_KHR_image_format_list [enabled=1, external=0]
[Vulkan init] extensions: name=VK_KHR_imageless_framebuffer [enabled=0, external=0]
[Vulkan init] extensions: name=VK_KHR_incremental_present [enabled=0, external=0]
[Vulkan init] extensions: name=VK_KHR_index_type_uint8 [enabled=0, external=0]
[Vulkan init] extensions: name=VK_KHR_internally_synchronized_queues [enabled=0, external=0]
[Vulkan init] extensions: name=VK_KHR_line_rasterization [enabled=0, external=0]
[Vulkan init] extensions: name=VK_KHR_load_store_op_none [enabled=0, external=0]
[Vulkan init] extensions: name=VK_KHR_maintenance1 [enabled=1, external=0]
[Vulkan init] extensions: name=VK_KHR_maintenance10 [enabled=0, external=0]
[Vulkan init] extensions: name=VK_KHR_maintenance11 [enabled=0, external=0]
[Vulkan init] extensions: name=VK_KHR_maintenance2 [enabled=1, external=0]
[Vulkan init] extensions: name=VK_KHR_maintenance3 [enabled=0, external=0]
[Vulkan init] extensions: name=VK_KHR_maintenance4 [enabled=0, external=0]
[Vulkan init] extensions: name=VK_KHR_maintenance5 [enabled=0, external=0]
[Vulkan init] extensions: name=VK_KHR_maintenance6 [enabled=0, external=0]
[Vulkan init] extensions: name=VK_KHR_maintenance7 [enabled=0, external=0]
[Vulkan init] extensions: name=VK_KHR_maintenance8 [enabled=0, external=0]
[Vulkan init] extensions: name=VK_KHR_maintenance9 [enabled=0, external=0]
[Vulkan init] extensions: name=VK_KHR_map_memory2 [enabled=0, external=0]
[Vulkan init] extensions: name=VK_KHR_multiview [enabled=1, external=0]
[Vulkan init] extensions: name=VK_KHR_opacity_micromap [enabled=0, external=0]
[Vulkan init] extensions: name=VK_KHR_pipeline_binary [enabled=0, external=0]
[Vulkan init] extensions: name=VK_KHR_pipeline_executable_properties [enabled=0, external=0]
[Vulkan init] extensions: name=VK_KHR_pipeline_library [enabled=0, external=0]
[Vulkan init] extensions: name=VK_KHR_present_id [enabled=1, external=0]
[Vulkan init] extensions: name=VK_KHR_present_id2 [enabled=0, external=0]
[Vulkan init] extensions: name=VK_KHR_present_mode_fifo_latest_ready [enabled=0, external=0]
[Vulkan init] extensions: name=VK_KHR_present_wait [enabled=1, external=0]
[Vulkan init] extensions: name=VK_KHR_present_wait2 [enabled=0, external=0]
[Vulkan init] extensions: name=VK_KHR_push_descriptor [enabled=0, external=0]
[Vulkan init] extensions: name=VK_KHR_ray_query [enabled=0, external=0]
[Vulkan init] extensions: name=VK_KHR_ray_tracing_maintenance1 [enabled=0, external=0]
[Vulkan init] extensions: name=VK_KHR_ray_tracing_pipeline [enabled=0, external=0]
[Vulkan init] extensions: name=VK_KHR_ray_tracing_position_fetch [enabled=0, external=0]
[Vulkan init] extensions: name=VK_KHR_relaxed_block_layout [enabled=0, external=0]
[Vulkan init] extensions: name=VK_KHR_robustness2 [enabled=0, external=0]
[Vulkan init] extensions: name=VK_KHR_sampler_mirror_clamp_to_edge [enabled=1, external=0]
[Vulkan init] extensions: name=VK_KHR_sampler_ycbcr_conversion [enabled=1, external=0]
[Vulkan init] extensions: name=VK_KHR_separate_depth_stencil_layouts [enabled=0, external=0]
[Vulkan init] extensions: name=VK_KHR_shader_abort [enabled=0, external=0]
[Vulkan init] extensions: name=VK_KHR_shader_atomic_int64 [enabled=1, external=0]
[Vulkan init] extensions: name=VK_KHR_shader_bfloat16 [enabled=0, external=0]
[Vulkan init] extensions: name=VK_KHR_shader_clock [enabled=0, external=0]
[Vulkan init] extensions: name=VK_KHR_shader_constant_data [enabled=0, external=0]
[Vulkan init] extensions: name=VK_KHR_shader_draw_parameters [enabled=0, external=0]
[Vulkan init] extensions: name=VK_KHR_shader_expect_assume [enabled=0, external=0]
[Vulkan init] extensions: name=VK_KHR_shader_float16_int8 [enabled=1, external=0]
[Vulkan init] extensions: name=VK_KHR_shader_float_controls [enabled=0, external=0]
[Vulkan init] extensions: name=VK_KHR_shader_float_controls2 [enabled=0, external=0]
[Vulkan init] extensions: name=VK_KHR_shader_fma [enabled=0, external=0]
[Vulkan init] extensions: name=VK_KHR_shader_integer_dot_product [enabled=0, external=0]
[Vulkan init] extensions: name=VK_KHR_shader_maximal_reconvergence [enabled=0, external=0]
[Vulkan init] extensions: name=VK_KHR_shader_non_semantic_info [enabled=1, external=0]
[Vulkan init] extensions: name=VK_KHR_shader_quad_control [enabled=0, external=0]
[Vulkan init] extensions: name=VK_KHR_shader_relaxed_extended_instruction [enabled=0, external=0]
[Vulkan init] extensions: name=VK_KHR_shader_subgroup_extended_types [enabled=0, external=0]
[Vulkan init] extensions: name=VK_KHR_shader_subgroup_rotate [enabled=0, external=0]
[Vulkan init] extensions: name=VK_KHR_shader_subgroup_uniform_control_flow [enabled=0, external=0]
[Vulkan init] extensions: name=VK_KHR_shader_terminate_invocation [enabled=0, external=0]
[Vulkan init] extensions: name=VK_KHR_shader_untyped_pointers [enabled=0, external=0]
[Vulkan init] extensions: name=VK_KHR_shared_presentable_image [enabled=0, external=0]
[Vulkan init] extensions: name=VK_KHR_spirv_1_4 [enabled=0, external=0]
[Vulkan init] extensions: name=VK_KHR_storage_buffer_storage_class [enabled=1, external=0]
[Vulkan init] extensions: name=VK_KHR_swapchain [enabled=1, external=0]
[Vulkan init] extensions: name=VK_KHR_swapchain_maintenance1 [enabled=0, external=0]
[Vulkan init] extensions: name=VK_KHR_swapchain_mutable_format [enabled=1, external=0]
[Vulkan init] extensions: name=VK_KHR_synchronization2 [enabled=0, external=0]
[Vulkan init] extensions: name=VK_KHR_timeline_semaphore [enabled=0, external=0]
[Vulkan init] extensions: name=VK_KHR_unified_image_layouts [enabled=0, external=0]
[Vulkan init] extensions: name=VK_KHR_uniform_buffer_standard_layout [enabled=0, external=0]
[Vulkan init] extensions: name=VK_KHR_variable_pointers [enabled=0, external=0]
[Vulkan init] extensions: name=VK_KHR_vertex_attribute_divisor [enabled=0, external=0]
[Vulkan init] extensions: name=VK_KHR_video_decode_av1 [enabled=0, external=0]
[Vulkan init] extensions: name=VK_KHR_video_decode_h264 [enabled=0, external=0]
[Vulkan init] extensions: name=VK_KHR_video_decode_h265 [enabled=0, external=0]
[Vulkan init] extensions: name=VK_KHR_video_decode_queue [enabled=0, external=0]
[Vulkan init] extensions: name=VK_KHR_video_decode_vp9 [enabled=0, external=0]
[Vulkan init] extensions: name=VK_KHR_video_encode_av1 [enabled=0, external=0]
[Vulkan init] extensions: name=VK_KHR_video_encode_h264 [enabled=0, external=0]
[Vulkan init] extensions: name=VK_KHR_video_encode_h265 [enabled=0, external=0]
[Vulkan init] extensions: name=VK_KHR_video_encode_intra_refresh [enabled=0, external=0]
[Vulkan init] extensions: name=VK_KHR_video_encode_quantization_map [enabled=0, external=0]
[Vulkan init] extensions: name=VK_KHR_video_encode_queue [enabled=0, external=0]
[Vulkan init] extensions: name=VK_KHR_video_maintenance1 [enabled=0, external=0]
[Vulkan init] extensions: name=VK_KHR_video_maintenance2 [enabled=0, external=0]
[Vulkan init] extensions: name=VK_KHR_video_queue [enabled=0, external=0]
[Vulkan init] extensions: name=VK_KHR_vulkan_memory_model [enabled=0, external=0]
[Vulkan init] extensions: name=VK_KHR_workgroup_memory_explicit_layout [enabled=0, external=0]
[Vulkan init] extensions: name=VK_KHR_zero_initialize_workgroup_memory [enabled=0, external=0]
[Vulkan init] extensions: name=VK_NVX_binary_import [enabled=0, external=0]
[Vulkan init] extensions: name=VK_NVX_image_view_handle [enabled=0, external=0]
[Vulkan init] extensions: name=VK_NVX_multiview_per_view_attributes [enabled=0, external=0]
[Vulkan init] extensions: name=VK_NV_clip_space_w_scaling [enabled=0, external=0]
[Vulkan init] extensions: name=VK_NV_cluster_acceleration_structure [enabled=0, external=0]
[Vulkan init] extensions: name=VK_NV_compute_occupancy_priority [enabled=0, external=0]
[Vulkan init] extensions: name=VK_NV_compute_shader_derivatives [enabled=0, external=0]
[Vulkan init] extensions: name=VK_NV_cooperative_matrix [enabled=0, external=0]
[Vulkan init] extensions: name=VK_NV_cooperative_matrix2 [enabled=0, external=0]
[Vulkan init] extensions: name=VK_NV_cooperative_matrix_decode_vector [enabled=0, external=0]
[Vulkan init] extensions: name=VK_NV_cooperative_vector [enabled=0, external=0]
[Vulkan init] extensions: name=VK_NV_copy_memory_indirect [enabled=0, external=0]
[Vulkan init] extensions: name=VK_NV_corner_sampled_image [enabled=0, external=0]
[Vulkan init] extensions: name=VK_NV_coverage_reduction_mode [enabled=0, external=0]
[Vulkan init] extensions: name=VK_NV_cuda_kernel_launch [enabled=0, external=0]
[Vulkan init] extensions: name=VK_NV_dedicated_allocation [enabled=0, external=0]
[Vulkan init] extensions: name=VK_NV_dedicated_allocation_image_aliasing [enabled=0, external=0]
[Vulkan init] extensions: name=VK_NV_descriptor_pool_overallocation [enabled=0, external=0]
[Vulkan init] extensions: name=VK_NV_device_diagnostic_checkpoints [enabled=0, external=0]
[Vulkan init] extensions: name=VK_NV_device_diagnostics_config [enabled=0, external=0]
[Vulkan init] extensions: name=VK_NV_device_generated_commands [enabled=0, external=0]
[Vulkan init] extensions: name=VK_NV_device_generated_commands_compute [enabled=0, external=0]
[Vulkan init] extensions: name=VK_NV_disk_cache_utils [enabled=0, external=0]
[Vulkan init] extensions: name=VK_NV_extended_sparse_address_space [enabled=0, external=0]
[Vulkan init] extensions: name=VK_NV_fill_rectangle [enabled=0, external=0]
[Vulkan init] extensions: name=VK_NV_fragment_coverage_to_color [enabled=0, external=0]
[Vulkan init] extensions: name=VK_NV_fragment_shader_barycentric [enabled=0, external=0]
[Vulkan init] extensions: name=VK_NV_fragment_shading_rate_enums [enabled=0, external=0]
[Vulkan init] extensions: name=VK_NV_framebuffer_mixed_samples [enabled=0, external=0]
[Vulkan init] extensions: name=VK_NV_geometry_shader_passthrough [enabled=0, external=0]
[Vulkan init] extensions: name=VK_NV_inherited_viewport_scissor [enabled=0, external=0]
[Vulkan init] extensions: name=VK_NV_internal_handle [enabled=0, external=0]
[Vulkan init] extensions: name=VK_NV_internal_nvpresent [enabled=0, external=0]
[Vulkan init] extensions: name=VK_NV_linear_color_attachment [enabled=0, external=0]
[Vulkan init] extensions: name=VK_NV_low_latency [enabled=0, external=0]
[Vulkan init] extensions: name=VK_NV_low_latency2 [enabled=0, external=0]
[Vulkan init] extensions: name=VK_NV_memory_decompression [enabled=0, external=0]
[Vulkan init] extensions: name=VK_NV_mesh_shader [enabled=0, external=0]
[Vulkan init] extensions: name=VK_NV_optical_flow [enabled=0, external=0]
[Vulkan init] extensions: name=VK_NV_partitioned_acceleration_structure [enabled=0, external=0]
[Vulkan init] extensions: name=VK_NV_present_metering [enabled=0, external=0]
[Vulkan init] extensions: name=VK_NV_push_constant_bank [enabled=0, external=0]
[Vulkan init] extensions: name=VK_NV_raw_access_chains [enabled=0, external=0]
[Vulkan init] extensions: name=VK_NV_ray_tracing [enabled=0, external=0]
[Vulkan init] extensions: name=VK_NV_ray_tracing_invocation_reorder [enabled=0, external=0]
[Vulkan init] extensions: name=VK_NV_ray_tracing_motion_blur [enabled=0, external=0]
[Vulkan init] extensions: name=VK_NV_representative_fragment_test [enabled=0, external=0]
[Vulkan init] extensions: name=VK_NV_sample_mask_override_coverage [enabled=0, external=0]
[Vulkan init] extensions: name=VK_NV_scissor_exclusive [enabled=0, external=0]
[Vulkan init] extensions: name=VK_NV_shader_atomic_float16_vector [enabled=0, external=0]
[Vulkan init] extensions: name=VK_NV_shader_image_footprint [enabled=0, external=0]
[Vulkan init] extensions: name=VK_NV_shader_sm_builtins [enabled=0, external=0]
[Vulkan init] extensions: name=VK_NV_shader_subgroup_partitioned [enabled=0, external=0]
[Vulkan init] extensions: name=VK_NV_shading_rate_image [enabled=0, external=0]
[Vulkan init] extensions: name=VK_NV_viewport_array2 [enabled=0, external=0]
[Vulkan init] extensions: name=VK_NV_viewport_swizzle [enabled=0, external=0]
[vulkan] Loaded device function vkDestroyDevice
[vulkan] Loaded device function vkGetDeviceQueue
[vulkan] Loaded device function vkQueueSubmit
[vulkan] Loaded device function vkQueueWaitIdle
[vulkan] Loaded device function vkDeviceWaitIdle
[vulkan] Loaded device function vkAllocateMemory
[vulkan] Loaded device function vkFreeMemory
[vulkan] Loaded device function vkMapMemory
[vulkan] Loaded device function vkUnmapMemory
[vulkan] Loaded device function vkFlushMappedMemoryRanges
[vulkan] Loaded device function vkInvalidateMappedMemoryRanges
[vulkan] Loaded device function vkGetDeviceMemoryCommitment
[vulkan] Loaded device function vkBindBufferMemory
[vulkan] Loaded device function vkBindImageMemory
[vulkan] Loaded device function vkGetBufferMemoryRequirements
[vulkan] Loaded device function vkGetImageMemoryRequirements
[vulkan] Loaded device function vkGetImageSparseMemoryRequirements
[vulkan] Loaded device function vkQueueBindSparse
[vulkan] Loaded device function vkCreateFence
[vulkan] Loaded device function vkDestroyFence
[vulkan] Loaded device function vkResetFences
[vulkan] Loaded device function vkGetFenceStatus
[vulkan] Loaded device function vkWaitForFences
[vulkan] Loaded device function vkCreateSemaphore
[vulkan] Loaded device function vkDestroySemaphore
[vulkan] Loaded device function vkCreateEvent
[vulkan] Loaded device function vkDestroyEvent
[vulkan] Loaded device function vkGetEventStatus
[vulkan] Loaded device function vkSetEvent
[vulkan] Loaded device function vkResetEvent
[vulkan] Loaded device function vkCreateQueryPool
[vulkan] Loaded device function vkDestroyQueryPool
[vulkan] Loaded device function vkGetQueryPoolResults
[vulkan] Loaded device function vkCreateBuffer
[vulkan] Loaded device function vkDestroyBuffer
[vulkan] Loaded device function vkCreateBufferView
[vulkan] Loaded device function vkDestroyBufferView
[vulkan] Loaded device function vkCreateImage
[vulkan] Loaded device function vkDestroyImage
[vulkan] Loaded device function vkGetImageSubresourceLayout
[vulkan] Loaded device function vkCreateImageView
[vulkan] Loaded device function vkDestroyImageView
[vulkan] Loaded device function vkCreateShaderModule
[vulkan] Loaded device function vkDestroyShaderModule
[vulkan] Loaded device function vkCreatePipelineCache
[vulkan] Loaded device function vkDestroyPipelineCache
[vulkan] Loaded device function vkGetPipelineCacheData
[vulkan] Loaded device function vkMergePipelineCaches
[vulkan] Loaded device function vkCreateGraphicsPipelines
[vulkan] Loaded device function vkCreateComputePipelines
[vulkan] Loaded device function vkDestroyPipeline
[vulkan] Loaded device function vkCreatePipelineLayout
[vulkan] Loaded device function vkDestroyPipelineLayout
[vulkan] Loaded device function vkCreateSampler
[vulkan] Loaded device function vkDestroySampler
[vulkan] Loaded device function vkCreateDescriptorSetLayout
[vulkan] Loaded device function vkDestroyDescriptorSetLayout
[vulkan] Loaded device function vkCreateDescriptorPool
[vulkan] Loaded device function vkDestroyDescriptorPool
[vulkan] Loaded device function vkResetDescriptorPool
[vulkan] Loaded device function vkAllocateDescriptorSets
[vulkan] Loaded device function vkFreeDescriptorSets
[vulkan] Loaded device function vkUpdateDescriptorSets
[vulkan] Loaded device function vkCreateFramebuffer
[vulkan] Loaded device function vkDestroyFramebuffer
[vulkan] Loaded device function vkCreateRenderPass
[vulkan] Loaded device function vkDestroyRenderPass
[vulkan] Loaded device function vkGetRenderAreaGranularity
[vulkan] Loaded device function vkCreateCommandPool
[vulkan] Loaded device function vkDestroyCommandPool
[vulkan] Loaded device function vkResetCommandPool
[vulkan] Loaded device function vkAllocateCommandBuffers
[vulkan] Loaded device function vkFreeCommandBuffers
[vulkan] Loaded device function vkBeginCommandBuffer
[vulkan] Loaded device function vkEndCommandBuffer
[vulkan] Loaded device function vkResetCommandBuffer
[vulkan] Loaded device function vkCmdBindPipeline
[vulkan] Loaded device function vkCmdSetViewport
[vulkan] Loaded device function vkCmdSetScissor
[vulkan] Loaded device function vkCmdSetLineWidth
[vulkan] Loaded device function vkCmdSetDepthBias
[vulkan] Loaded device function vkCmdSetBlendConstants
[vulkan] Loaded device function vkCmdSetDepthBounds
[vulkan] Loaded device function vkCmdSetStencilCompareMask
[vulkan] Loaded device function vkCmdSetStencilWriteMask
[vulkan] Loaded device function vkCmdSetStencilReference
[vulkan] Loaded device function vkCmdBindDescriptorSets
[vulkan] Loaded device function vkCmdBindIndexBuffer
[vulkan] Loaded device function vkCmdBindVertexBuffers
[vulkan] Loaded device function vkCmdDraw
[vulkan] Loaded device function vkCmdDrawIndexed
[vulkan] Loaded device function vkCmdDrawIndirect
[vulkan] Loaded device function vkCmdDrawIndexedIndirect
[vulkan] Loaded device function vkCmdDispatch
[vulkan] Loaded device function vkCmdDispatchIndirect
[vulkan] Loaded device function vkCmdCopyBuffer
[vulkan] Loaded device function vkCmdCopyImage
[vulkan] Loaded device function vkCmdBlitImage
[vulkan] Loaded device function vkCmdCopyBufferToImage
[vulkan] Loaded device function vkCmdCopyImageToBuffer
[vulkan] Loaded device function vkCmdUpdateBuffer
[vulkan] Loaded device function vkCmdFillBuffer
[vulkan] Loaded device function vkCmdClearColorImage
[vulkan] Loaded device function vkCmdClearDepthStencilImage
[vulkan] Loaded device function vkCmdClearAttachments
[vulkan] Loaded device function vkCmdResolveImage
[vulkan] Loaded device function vkCmdSetEvent
[vulkan] Loaded device function vkCmdResetEvent
[vulkan] Loaded device function vkCmdWaitEvents
[vulkan] Loaded device function vkCmdPipelineBarrier
[vulkan] Loaded device function vkCmdBeginQuery
[vulkan] Loaded device function vkCmdEndQuery
[vulkan] Loaded device function vkCmdResetQueryPool
[vulkan] Loaded device function vkCmdWriteTimestamp
[vulkan] Loaded device function vkCmdCopyQueryPoolResults
[vulkan] Loaded device function vkCmdPushConstants
[vulkan] Loaded device function vkCmdBeginRenderPass
[vulkan] Loaded device function vkCmdNextSubpass
[vulkan] Loaded device function vkCmdEndRenderPass
[vulkan] Loaded device function vkCmdExecuteCommands
[vulkan] Loaded device function vkGetImageMemoryRequirements2KHR
[vulkan] Loaded device function vkGetBufferMemoryRequirements2KHR
[vulkan] Loaded device function vkGetImageSparseMemoryRequirements2KHR
[vulkan] Loaded device function vkCreateDescriptorUpdateTemplateKHR
[vulkan] Loaded device function vkDestroyDescriptorUpdateTemplateKHR
[vulkan] Loaded device function vkUpdateDescriptorSetWithTemplateKHR
[vulkan] Loaded device function vkCmdBeginRenderPass2KHR
[vulkan] Loaded device function vkCmdEndRenderPass2KHR
[vulkan] Loaded device function vkCmdNextSubpass2KHR
[vulkan] Loaded device function vkCreateRenderPass2KHR
[vulkan] Loaded device function vkCmdSetVertexInputEXT
[vulkan] Loaded device function vkCmdSetFragmentShadingRateKHR
[vulkan] Failed to load device function vkGetFramebufferTilePropertiesQCOM
[vulkan] Loaded instance function vkGetFramebufferTilePropertiesQCOM
[vulkan] Failed to load device function vkDebugMarkerSetObjectTagEXT
[vulkan] Loaded instance function vkDebugMarkerSetObjectTagEXT
[vulkan] Failed to load device function vkDebugMarkerSetObjectNameEXT
[vulkan] Loaded instance function vkDebugMarkerSetObjectNameEXT
[vulkan] Failed to load device function vkCmdDebugMarkerBeginEXT
[vulkan] Loaded instance function vkCmdDebugMarkerBeginEXT
[vulkan] Failed to load device function vkCmdDebugMarkerEndEXT
[vulkan] Loaded instance function vkCmdDebugMarkerEndEXT
[vulkan] Failed to load device function vkCmdDebugMarkerInsertEXT
[vulkan] Loaded instance function vkCmdDebugMarkerInsertEXT
Vulkan API version 1.1.0 (1.4.351 supported by driver, 1.1.0 requested)
Vulkan vendor=[NVIDIA] id=[10de]
Vulkan renderer=[NVIDIA GeForce RTX 4060 Laptop GPU] id=[28a0]
Vulkan device type 2
Vulkan driverversion=[615.284.576 (0x99d1c240)] uint=[-1714306496]
Vulkan driverLibraryString=[NVIDIA (4), 615.71.09]
Vulkan PSO: Cache data successfully loaded [size=36,path=/tmp/DefaultCompany/My project/vulkan_pso_cache.bin]
Initialize mono
Mono path[0] = '/home/main/Unity/Hub/Editor/6000.6.0f1/Editor/Data/Managed'
Mono path[1] = '/home/main/Unity/Hub/Editor/6000.6.0f1/Editor/Data/BCLExtensions/runtime/netstandard2.1'
Mono path[2] = '/home/main/Unity/Hub/Editor/6000.6.0f1/Editor/Data/MonoBleedingEdge/lib/mono/unityjit-linux'
Mono config path = '/home/main/Unity/Hub/Editor/6000.6.0f1/Editor/Data/MonoBleedingEdge/etc'
Using monoOptions --debugger-agent=transport=dt_socket,embedding=1,server=y,suspend=n,address=127.0.0.1:56536
CodeReloadManager initialized
Begin MonoManager ReloadAssembly
Registering precompiled unity dll's ...
Register platform support module: /home/main/Unity/Hub/Editor/6000.6.0f1/Editor/Data/PlaybackEngines/WindowsStandaloneSupport/UnityEditor.WindowsStandalone.Extensions.dll
Register platform support module: /home/main/Unity/Hub/Editor/6000.6.0f1/Editor/Data/PlaybackEngines/LinuxStandaloneSupport/UnityEditor.LinuxStandalone.Extensions.dll
Registered in 0.001880 seconds.
Native extension for LinuxStandalone target not found
Native extension for WindowsStandalone target not found
Package Manager log level set to [2]
[Package Manager] Failed to launch server process. Reason: Unity was launched with the -noUpm command-line argument
[Package Manager] Unable to send message (not connected to server process).
[Package Manager] Cannot connect to Unity Package Manager local server
[Package Manager] Failed to launch server process. Reason: Unity was launched with the -noUpm command-line argument
[Package Manager] Unable to send message (not connected to server process).
[Package Manager] Cannot connect to Unity Package Manager local server
ScheduleIndexationOnStartup MainProcess:False IndexOnStartup:True
Scripting: successfully reloaded assembly
- Finished resetting the current domain, in  0.414 seconds
Domain Reload Profiling: 865ms
	BeginReloadAssembly (72ms)
	RebuildCommonClasses (5ms)
	RebuildNativeTypeToScriptingClass (11ms)
	initialDomainReloadingComplete (62ms)
	LoadAllAssembliesAndSetupDomain (299ms)
		LoadAssemblies (71ms)
		TypeCache.Refresh (207ms)
			TypeCache.ScanAssembly (194ms)
		AnalyzeDomain (1ms)
	FinalizeReload (415ms)
		SetupLoadedEditorAssemblies (0ms)
			BeforeProcessingInitializeOnLoad (84ms)
			ProcessInitializeOnLoadAttributes (84ms)
			ProcessInitializeOnLoadMethodAttributes (145ms)
Initializing Unity extensions:
[Licensing::Client] Successfully resolved entitlement details
[Licensing::Module] License group:
  Id: 6872890175582-UnityPersXXXX
  Product: Unity Personal
  Type: Assigned
  Expiration: Unlimited
========================================================================
Worker process is ready to serve import requests
Import Worker Mode flag is 0x00
Begin MonoManager ReloadAssembly
'Packages/com.unity.render-pipelines.core/Editor/Deprecated.cs' contains partial class of Unity.Object, exactly 1 of the partial classes needs to be in a file with the same filename. This is to know the one that can be referenced from ie. GameObjects
'Packages/com.unity.render-pipelines.core/Editor/Deprecated.cs' contains partial class of Unity.Object, exactly 1 of the partial classes needs to be in a file with the same filename. This is to know the one that can be referenced from ie. GameObjects
Native extension for LinuxStandalone target not found
Native extension for WindowsStandalone target not found
[Package Manager] Failed to launch server process. Reason: Unity was launched with the -noUpm command-line argument
[Package Manager] Unable to send message (not connected to server process).
[Package Manager] Cannot connect to Unity Package Manager local server
[Package Manager] Failed to launch server process. Reason: Unity was launched with the -noUpm command-line argument
[Package Manager] Unable to send message (not connected to server process).
[Package Manager] Cannot connect to Unity Package Manager local server
ScheduleIndexationOnStartup MainProcess:False IndexOnStartup:True
Scripting: successfully reloaded assembly
- Finished resetting the current domain, in  0.646 seconds
Domain Reload Profiling: 1313ms
	BeginReloadAssembly (138ms)
		DisableScriptedObjects (6ms)
		CreateAndSetChildDomain (30ms)
	RebuildCommonClasses (9ms)
	RebuildNativeTypeToScriptingClass (10ms)
	initialDomainReloadingComplete (39ms)
	LoadAllAssembliesAndSetupDomain (470ms)
		LoadAssemblies (191ms)
		TypeCache.Refresh (147ms)
			TypeCache.ScanAssembly (134ms)
		AnalyzeDomain (59ms)
			BuildScriptInfoCaches (53ms)
			ResolveRequiredComponents (5ms)
	FinalizeReload (647ms)
		SetupLoadedEditorAssemblies (0ms)
			BeforeProcessingInitializeOnLoad (101ms)
			ProcessInitializeOnLoadAttributes (243ms)
			ProcessInitializeOnLoadMethodAttributes (53ms)
			AfterProcessingInitializeOnLoad (5ms)
		AwakeInstancesAfterBackupRestoration (7ms)
AcceleratorClientConnectionCallback - disconnected - :0
Launched and connected shader compiler UnityShaderCompiler after 0.01 seconds
Unloading 63 Unused Serialized files (Serialized files now loaded: 0)
Unloading 6611 unused Assets / (9.3 MB). Loaded Objects now: 7479.
Memory consumption went from 215.0 MB to 205.7 MB.
Total: 13.404872 ms (FindLiveObjects: 0.628293 ms CreateObjectMapping: 0.418692 ms MarkObjects: 6.973577 ms  DeleteObjects: 5.174829 ms)

========================================================================
Received Import Request.
  Time of request: 2026-10-09T14:09:50.527113Z
  Time since last request: 3952.7754341750001 seconds.
  importAddress: GUID: c02d2b10240a45b9a7a91666db0900bf - Path: Packages/com.unity.collab-proxy/Editor/Views/BranchExplorer/Drawing/Shapes/BranchCaptionShape.cs - Importer: ScriptedImporter/UnityEditor.QuickSearchModule:UnityEditor.Search:ASIAI0B
Importing 'GUID: c02d2b10240a45b9a7a91666db0900bf - Path: Packages/com.unity.collab-proxy/Editor/Views/BranchExplorer/Drawing/Shapes/BranchCaptionShape.cs - Importer: ScriptedImporter/UnityEditor.QuickSearchModule:UnityEditor.Search:ASIAI0B' with importer (ScriptedImporter : UnityEditor.QuickSearchModule:UnityEditor.Search:ASIAI0B)
Imported 'GUID: c02d2b10240a45b9a7a91666db0900bf' -> (Import Result ID: 'f604689f6a64f757e86276e092bd6c44') in 0.068 seconds [static and dynamic dependencies]. Details - ImportResultOutputID=3c4d37c0db1b456ee4dde6d75dfa981d DependenciesID=240137222d3ca16577a6bf89befc61fe StaticDependenciesID=aa17cf88f5adff8f913cdda336edead9 
Number of updated asset objects reloaded before import = 0
Number of asset objects unloaded after import = 0
========================================================================
Received Import Request.
  Time of request: 2026-10-09T14:09:50.621253Z
  Time since last request: 0.014060586 seconds.
  importAddress: GUID: cd78ce5b75b8be84d8b94cd99903161f - Path: Packages/com.unity.ide.visualstudio/CONTRIBUTING.md - Importer: ScriptedImporter/UnityEditor.QuickSearchModule:UnityEditor.Search:ASIAI0B
Importing 'GUID: cd78ce5b75b8be84d8b94cd99903161f - Path: Packages/com.unity.ide.visualstudio/CONTRIBUTING.md - Importer: ScriptedImporter/UnityEditor.QuickSearchModule:UnityEditor.Search:ASIAI0B' with importer (ScriptedImporter : UnityEditor.QuickSearchModule:UnityEditor.Search:ASIAI0B)
Imported 'GUID: cd78ce5b75b8be84d8b94cd99903161f' -> (Import Result ID: 'c7a0d34f6042edcc3fc437ceeddb4ad0') in 0.002 seconds [static and dynamic dependencies]. Details - ImportResultOutputID=a6f4681947f93ca86319c628c5ddd451 DependenciesID=f61edabc032def68c590dbf6b5da1680 StaticDependenciesID=3d5da7662bac8de2e20218fa6a7937f1 
Number of updated asset objects reloaded before import = 0
Number of asset objects unloaded after import = 1
========================================================================
Received Import Request.
  Time of request: 2026-10-09T14:09:50.631628Z
  Time since last request: 0.000062026 seconds.
  importAddress: GUID: 7f3c21f21c1f248ccae8e74af719a88c - Path: Packages/com.unity.collab-proxy/Editor/Views/BranchExplorer/Options/ConditionalFormat/RuleData.cs - Importer: ScriptedImporter/UnityEditor.QuickSearchModule:UnityEditor.Search:ASIAI0B
Importing 'GUID: 7f3c21f21c1f248ccae8e74af719a88c - Path: Packages/com.unity.collab-proxy/Editor/Views/BranchExplorer/Options/ConditionalFormat/RuleData.cs - Importer: ScriptedImporter/UnityEditor.QuickSearchModule:UnityEditor.Search:ASIAI0B' with importer (ScriptedImporter : UnityEditor.QuickSearchModule:UnityEditor.Search:ASIAI0B)
Imported 'GUID: 7f3c21f21c1f248ccae8e74af719a88c' -> (Import Result ID: 'b7cdc2e6997820fde473304de28ad802') in 0.001 seconds [static and dynamic dependencies]. Details - ImportResultOutputID=d0c529d4bf1ba5859251a7543307fe5b DependenciesID=7cb79445a91dcec83edab9e1868fa6a7 StaticDependenciesID=040410671d8473f4f4d6c38add84b307 
Number of updated asset objects reloaded before import = 0
Number of asset objects unloaded after import = 0
========================================================================
Received Import Request.
  Time of request: 2026-10-09T14:09:50.641171Z
  Time since last request: 0.0002786 seconds.
  importAddress: GUID: d791d407901442e49862d3aa783ce8af - Path: Packages/com.unity.ide.visualstudio/Editor/AssemblyInfo.cs - Importer: ScriptedImporter/UnityEditor.QuickSearchModule:UnityEditor.Search:ASIAI0B
Importing 'GUID: d791d407901442e49862d3aa783ce8af - Path: Packages/com.unity.ide.visualstudio/Editor/AssemblyInfo.cs - Importer: ScriptedImporter/UnityEditor.QuickSearchModule:UnityEditor.Search:ASIAI0B' with importer (ScriptedImporter : UnityEditor.QuickSearchModule:UnityEditor.Search:ASIAI0B)
Imported 'GUID: d791d407901442e49862d3aa783ce8af' -> (Import Result ID: '9aabe500d5919c3349119a8e445509e6') in 0.001 seconds [static and dynamic dependencies]. Details - ImportResultOutputID=4ad562a7aef74d9107c4c02a1966e59b DependenciesID=9ad93a0509bfca9dd86a235fcf8336cf StaticDependenciesID=0b05c2349db5f86b078ada5b3745bffa 
Number of updated asset objects reloaded before import = 0
Number of asset objects unloaded after import = 0
========================================================================
Received Import Request.
  Time of request: 2026-10-09T14:09:50.649214Z
  Time since last request: 0.000182982 seconds.
  importAddress: GUID: 3deb46ccbc8389f4cb34c6d0032db5a1 - Path: Packages/com.unity.collab-proxy/Editor/Views/Merge/Developer/DirectoryConflicts/MoveAddMenu.cs - Importer: ScriptedImporter/UnityEditor.QuickSearchModule:UnityEditor.Search:ASIAI0B
Importing 'GUID: 3deb46ccbc8389f4cb34c6d0032db5a1 - Path: Packages/com.unity.collab-proxy/Editor/Views/Merge/Developer/DirectoryConflicts/MoveAddMenu.cs - Importer: ScriptedImporter/UnityEditor.QuickSearchModule:UnityEditor.Search:ASIAI0B' with importer (ScriptedImporter : UnityEditor.QuickSearchModule:UnityEditor.Search:ASIAI0B)
Imported 'GUID: 3deb46ccbc8389f4cb34c6d0032db5a1' -> (Import Result ID: '59ff9379bc60c2cc1dd04cbfcfc0f1a0') in 0.002 seconds [static and dynamic dependencies]. Details - ImportResultOutputID=73706ae1d5da707897231a88db14a3d3 DependenciesID=b857f0c67b5d5c0c51da3e1dca8b7518 StaticDependenciesID=0ce6df32422de736038ff575113075cd 
Number of updated asset objects reloaded before import = 0
Number of asset objects unloaded after import = 0
========================================================================
Received Import Request.
  Time of request: 2026-10-09T14:09:50.657294Z
  Time since last request: 0.000193561 seconds.
  importAddress: GUID: e953ea4cb7dc46e0866cb1b475c70072 - Path: Packages/com.unity.collab-proxy/Editor/Views/BranchExplorer/Drawing/Shapes/Connections/Ellipse.cs - Importer: ScriptedImporter/UnityEditor.QuickSearchModule:UnityEditor.Search:ASIAI0B
Importing 'GUID: e953ea4cb7dc46e0866cb1b475c70072 - Path: Packages/com.unity.collab-proxy/Editor/Views/BranchExplorer/Drawing/Shapes/Connections/Ellipse.cs - Importer: ScriptedImporter/UnityEditor.QuickSearchModule:UnityEditor.Search:ASIAI0B' with importer (ScriptedImporter : UnityEditor.QuickSearchModule:UnityEditor.Search:ASIAI0B)
Imported 'GUID: e953ea4cb7dc46e0866cb1b475c70072' -> (Import Result ID: '35986a4c0a93c741da78c16323c3a146') in 0.002 seconds [static and dynamic dependencies]. Details - ImportResultOutputID=de1a44e5f8b679b2a4d88b64b9f979f6 DependenciesID=41610fbe574436d7ab149738147bb859 StaticDependenciesID=32a74627a0b9af872a1cba4462b628f5 
Number of updated asset objects reloaded before import = 0
Number of asset objects unloaded after import = 0
========================================================================
Received Import Request.
  Time of request: 2026-10-09T14:09:50.665649Z
  Time since last request: 0.000193191 seconds.
  importAddress: GUID: d0e3ad91972c66f5238f5b9b7d5ae58a - Path: Packages/com.unity.modules.unitywebrequesttexture/package.json - Importer: ScriptedImporter/UnityEditor.QuickSearchModule:UnityEditor.Search:ASIAI0B
Importing 'GUID: d0e3ad91972c66f5238f5b9b7d5ae58a - Path: Packages/com.unity.modules.unitywebrequesttexture/package.json - Importer: ScriptedImporter/UnityEditor.QuickSearchModule:UnityEditor.Search:ASIAI0B' with importer (ScriptedImporter : UnityEditor.QuickSearchModule:UnityEditor.Search:ASIAI0B)
Imported 'GUID: d0e3ad91972c66f5238f5b9b7d5ae58a' -> (Import Result ID: '8133eec10c08982bfb6d417ddd7661c6') in 0.002 seconds [static and dynamic dependencies]. Details - ImportResultOutputID=0afbe0c7692b22f6cead7d1739729170 DependenciesID=67ed82bee0326c28999126256518873e StaticDependenciesID=f56c18b9190885c34a222cff706ebe96 
Number of updated asset objects reloaded before import = 0
Number of asset objects unloaded after import = 1
========================================================================
Received Import Request.
  Time of request: 2026-10-09T14:09:50.67376Z
  Time since last request: 0.000303997 seconds.
  importAddress: GUID: 957a5f2d2660a894d926660de2a9d577 - Path: Packages/com.unity.ide.visualstudio/Editor/ProcessRunner.cs - Importer: ScriptedImporter/UnityEditor.QuickSearchModule:UnityEditor.Search:ASIAI0B
Importing 'GUID: 957a5f2d2660a894d926660de2a9d577 - Path: Packages/com.unity.ide.visualstudio/Editor/ProcessRunner.cs - Importer: ScriptedImporter/UnityEditor.QuickSearchModule:UnityEditor.Search:ASIAI0B' with importer (ScriptedImporter : UnityEditor.QuickSearchModule:UnityEditor.Search:ASIAI0B)
Imported 'GUID: 957a5f2d2660a894d926660de2a9d577' -> (Import Result ID: '73cf38870caf6c6d10e9153d0d79637d') in 0.001 seconds [static and dynamic dependencies]. Details - ImportResultOutputID=162259d9156b3b4a98c62f7163cac446 DependenciesID=8697bfe83228490684813afd810233b6 StaticDependenciesID=e437f89a0099a43f41694a0354453f72 
Number of updated asset objects reloaded before import = 0
Number of asset objects unloaded after import = 0
========================================================================
Received Import Request.
  Time of request: 2026-10-09T14:09:50.681635Z
  Time since last request: 0.000338672 seconds.
  importAddress: GUID: 83fb50776194245ea981ff3a8c412370 - Path: Packages/com.unity.collab-proxy/Editor/Views/BranchExplorer/Drawing/Shapes/Connections/BezierCurveExtensions.cs - Importer: ScriptedImporter/UnityEditor.QuickSearchModule:UnityEditor.Search:ASIAI0B
Importing 'GUID: 83fb50776194245ea981ff3a8c412370 - Path: Packages/com.unity.collab-proxy/Editor/Views/BranchExplorer/Drawing/Shapes/Connections/BezierCurveExtensions.cs - Importer: ScriptedImporter/UnityEditor.QuickSearchModule:UnityEditor.Search:ASIAI0B' with importer (ScriptedImporter : UnityEditor.QuickSearchModule:UnityEditor.Search:ASIAI0B)
Imported 'GUID: 83fb50776194245ea981ff3a8c412370' -> (Import Result ID: 'd7ae36b437acacc2426c06ae63583f0b') in 0.001 seconds [static and dynamic dependencies]. Details - ImportResultOutputID=8cfc78eebb9eb976acd0dd72a13a2886 DependenciesID=4cb2bffa49e75e063bed7ee90896891b StaticDependenciesID=593c540421bbafce608448272afc9fa2 
Number of updated asset objects reloaded before import = 0
Number of asset objects unloaded after import = 0
========================================================================
Received Import Request.
  Time of request: 2026-10-09T14:09:50.689639Z
  Time since last request: 0.000269292 seconds.
  importAddress: GUID: 6d56244f8c39a851975d3c0bd432c66f - Path: Packages/com.unity.modules.terrain/package.json - Importer: ScriptedImporter/UnityEditor.QuickSearchModule:UnityEditor.Search:ASIAI0B
Importing 'GUID: 6d56244f8c39a851975d3c0bd432c66f - Path: Packages/com.unity.modules.terrain/package.json - Importer: ScriptedImporter/UnityEditor.QuickSearchModule:UnityEditor.Search:ASIAI0B' with importer (ScriptedImporter : UnityEditor.QuickSearchModule:UnityEditor.Search:ASIAI0B)
Imported 'GUID: 6d56244f8c39a851975d3c0bd432c66f' -> (Import Result ID: '4a307f1c7922dd8b319eec0e367711b3') in 0.002 seconds [static and dynamic dependencies]. Details - ImportResultOutputID=7e9db74f4fbcc5cfe3b08bd5a8196a31 DependenciesID=7f31838cd82efd702d4247bb683d9a66 StaticDependenciesID=1e89021eed740fa5d4e1863310ed121a 
Number of updated asset objects reloaded before import = 0
Number of asset objects unloaded after import = 1
========================================================================
Received Import Request.
  Time of request: 2026-10-09T14:09:50.698331Z
  Time since last request: 0.000531843 seconds.
  importAddress: GUID: ed8e7c93c781e48df93d063a3c0d2972 - Path: Packages/com.unity.ide.visualstudio/Editor/SimpleJSON.cs - Importer: ScriptedImporter/UnityEditor.QuickSearchModule:UnityEditor.Search:ASIAI0B
Importing 'GUID: ed8e7c93c781e48df93d063a3c0d2972 - Path: Packages/com.unity.ide.visualstudio/Editor/SimpleJSON.cs - Importer: ScriptedImporter/UnityEditor.QuickSearchModule:UnityEditor.Search:ASIAI0B' with importer (ScriptedImporter : UnityEditor.QuickSearchModule:UnityEditor.Search:ASIAI0B)
Imported 'GUID: ed8e7c93c781e48df93d063a3c0d2972' -> (Import Result ID: 'ec2ba0401a26b429ed692db5a773487f') in 0.002 seconds [static and dynamic dependencies]. Details - ImportResultOutputID=caf4b8430c3c71bb3567fa37434e3607 DependenciesID=3afc67b61942fe8c6960b4f6aea52299 StaticDependenciesID=9ce2857e6a602a196378a78ce9a2f734 
Number of updated asset objects reloaded before import = 0
Number of asset objects unloaded after import = 0
========================================================================
Received Import Request.
  Time of request: 2026-10-09T14:09:50.706719Z
  Time since last request: 0.000368708 seconds.
  importAddress: GUID: f88a4e9dbb5a07744954a86cbb61d54f - Path: Packages/com.unity.collab-proxy/Editor/Views/Merge/Developer/DirectoryConflicts/ConflictResolutionState.cs - Importer: ScriptedImporter/UnityEditor.QuickSearchModule:UnityEditor.Search:ASIAI0B
Importing 'GUID: f88a4e9dbb5a07744954a86cbb61d54f - Path: Packages/com.unity.collab-proxy/Editor/Views/Merge/Developer/DirectoryConflicts/ConflictResolutionState.cs - Importer: ScriptedImporter/UnityEditor.QuickSearchModule:UnityEditor.Search:ASIAI0B' with importer (ScriptedImporter : UnityEditor.QuickSearchModule:UnityEditor.Search:ASIAI0B)
Imported 'GUID: f88a4e9dbb5a07744954a86cbb61d54f' -> (Import Result ID: 'd8778df49ac45b78cb47c57818a87301') in 0.002 seconds [static and dynamic dependencies]. Details - ImportResultOutputID=38a96c8d9e318525bbe6fbfa61ddbb41 DependenciesID=efa9ba01299dfae361dff4887f707199 StaticDependenciesID=5a6020480f67f5ee2aa1893f01d47ed9 
Number of updated asset objects reloaded before import = 0
Number of asset objects unloaded after import = 0
========================================================================
Received Import Request.
  Time of request: 2026-10-09T14:09:50.715294Z
  Time since last request: 0.000461843 seconds.
  importAddress: GUID: 4b518b37798c97b0f860962cbf615533 - Path: Packages/com.unity.modules.unitywebrequestaudio/package.json - Importer: ScriptedImporter/UnityEditor.QuickSearchModule:UnityEditor.Search:ASIAI0B
Importing 'GUID: 4b518b37798c97b0f860962cbf615533 - Path: Packages/com.unity.modules.unitywebrequestaudio/package.json - Importer: ScriptedImporter/UnityEditor.QuickSearchModule:UnityEditor.Search:ASIAI0B' with importer (ScriptedImporter : UnityEditor.QuickSearchModule:UnityEditor.Search:ASIAI0B)
Imported 'GUID: 4b518b37798c97b0f860962cbf615533' -> (Import Result ID: '9c93dd51c5f8f273ef7292f6dafc059a') in 0.001 seconds [static and dynamic dependencies]. Details - ImportResultOutputID=d91783b995637a43a33b193dd1461c09 DependenciesID=287e5d6fb8054a95a0a1bfa969d7841f StaticDependenciesID=f753cecaff81f8055830f92c4a13472c 
Number of updated asset objects reloaded before import = 0
Number of asset objects unloaded after import = 1
========================================================================
Received Import Request.
  Time of request: 2026-10-09T14:09:50.723366Z
  Time since last request: 0.00043923 seconds.
  importAddress: GUID: cbb1a39d56ce4d9ac1a46ac505893fa7 - Path: Packages/com.unity.modules.terrainphysics/package.ModuleCompilationTrigger - Importer: ScriptedImporter/UnityEditor.QuickSearchModule:UnityEditor.Search:ASIAI0B
Importing 'GUID: cbb1a39d56ce4d9ac1a46ac505893fa7 - Path: Packages/com.unity.modules.terrainphysics/package.ModuleCompilationTrigger - Importer: ScriptedImporter/UnityEditor.QuickSearchModule:UnityEditor.Search:ASIAI0B' with importer (ScriptedImporter : UnityEditor.QuickSearchModule:UnityEditor.Search:ASIAI0B)
Imported 'GUID: cbb1a39d56ce4d9ac1a46ac505893fa7' -> (Import Result ID: '22ecec0cdcd54a5c5588ece23d5d7d9f') in 0.002 seconds [static and dynamic dependencies]. Details - ImportResultOutputID=4d375d6d9ee1ef6695d8d8449a09bcb7 DependenciesID=02a0a57c3d09c3777f2555fc886beb45 StaticDependenciesID=1032f2dac4b411291b7d9110bc8e767d 
Number of updated asset objects reloaded before import = 0
Number of asset objects unloaded after import = 1
========================================================================
Received Import Request.
  Time of request: 2026-10-09T14:09:50.731578Z
  Time since last request: 0.000164847 seconds.
  importAddress: GUID: 601fa35b365bf4075b5ef778935ad1b8 - Path: Packages/com.unity.collab-proxy/Editor/Views/BranchExplorer/Options/DisplayOptions/DisplayOptionsPanel.cs - Importer: ScriptedImporter/UnityEditor.QuickSearchModule:UnityEditor.Search:ASIAI0B
Importing 'GUID: 601fa35b365bf4075b5ef778935ad1b8 - Path: Packages/com.unity.collab-proxy/Editor/Views/BranchExplorer/Options/DisplayOptions/DisplayOptionsPanel.cs - Importer: ScriptedImporter/UnityEditor.QuickSearchModule:UnityEditor.Search:ASIAI0B' with importer (ScriptedImporter : UnityEditor.QuickSearchModule:UnityEditor.Search:ASIAI0B)
Imported 'GUID: 601fa35b365bf4075b5ef778935ad1b8' -> (Import Result ID: 'ed7ebdc1c2899b380fd8440126b9f688') in 0.001 seconds [static and dynamic dependencies]. Details - ImportResultOutputID=6ab674f5bb3d0c20eaa0832da19437d4 DependenciesID=88333a47be20acddd4111bd8f428ddf0 StaticDependenciesID=0625588f14095110b44d907513d8c016 
Number of updated asset objects reloaded before import = 0
Number of asset objects unloaded after import = 0
========================================================================
Received Import Request.
  Time of request: 2026-10-09T14:09:50.740601Z
  Time since last request: 0.000339133 seconds.
  importAddress: GUID: 0b53a404fdd93a8449b983861c7f0e88 - Path: Packages/com.unity.collab-proxy/Editor/Views/Merge/Developer/DirectoryConflicts/DivergentMoveMenu.cs - Importer: ScriptedImporter/UnityEditor.QuickSearchModule:UnityEditor.Search:ASIAI0B
Importing 'GUID: 0b53a404fdd93a8449b983861c7f0e88 - Path: Packages/com.unity.collab-proxy/Editor/Views/Merge/Developer/DirectoryConflicts/DivergentMoveMenu.cs - Importer: ScriptedImporter/UnityEditor.QuickSearchModule:UnityEditor.Search:ASIAI0B' with importer (ScriptedImporter : UnityEditor.QuickSearchModule:UnityEditor.Search:ASIAI0B)
Imported 'GUID: 0b53a404fdd93a8449b983861c7f0e88' -> (Import Result ID: '197a163546532011059ee12bbde21ba2') in 0.002 seconds [static and dynamic dependencies]. Details - ImportResultOutputID=6a240cf522f410615f7207dac6ff1e27 DependenciesID=7cb434bcc81a07e3aff23a0383acab3d StaticDependenciesID=efe2ab3a283c3bca4e7ec99f3038876e 
Number of updated asset objects reloaded before import = 0
Number of asset objects unloaded after import = 0
========================================================================
Received Import Request.
  Time of request: 2026-10-09T14:09:50.748901Z
  Time since last request: 0.000270445 seconds.
  importAddress: GUID: 92a378669877c05c6071d0fed687bb95 - Path: Packages/com.unity.modules.tilemap/package.json - Importer: ScriptedImporter/UnityEditor.QuickSearchModule:UnityEditor.Search:ASIAI0B
Importing 'GUID: 92a378669877c05c6071d0fed687bb95 - Path: Packages/com.unity.modules.tilemap/package.json - Importer: ScriptedImporter/UnityEditor.QuickSearchModule:UnityEditor.Search:ASIAI0B' with importer (ScriptedImporter : UnityEditor.QuickSearchModule:UnityEditor.Search:ASIAI0B)
Imported 'GUID: 92a378669877c05c6071d0fed687bb95' -> (Import Result ID: '57a4d7223ea6d0b5652d398c7b1b5c06') in 0.002 seconds [static and dynamic dependencies]. Details - ImportResultOutputID=732c6f7baf0052d284ec63051982df2d DependenciesID=f209680dd3450c12a7d3e652cf7521d5 StaticDependenciesID=ad3832a82f4ace3126c5b13cf5cdaa16 
Number of updated asset objects reloaded before import = 0
Number of asset objects unloaded after import = 1
========================================================================
Received Import Request.
  Time of request: 2026-10-09T14:09:50.772947Z
  Time since last request: 0.016013632 seconds.
  importAddress: GUID: ea11495227d864849bdb4fa69e931cbc - Path: Packages/com.unity.ugui/Editor/Analytics/UGUIBuildAnalytics.cs - Importer: ScriptedImporter/UnityEditor.QuickSearchModule:UnityEditor.Search:ASIAI0B
Importing 'GUID: ea11495227d864849bdb4fa69e931cbc - Path: Packages/com.unity.ugui/Editor/Analytics/UGUIBuildAnalytics.cs - Importer: ScriptedImporter/UnityEditor.QuickSearchModule:UnityEditor.Search:ASIAI0B' with importer (ScriptedImporter : UnityEditor.QuickSearchModule:UnityEditor.Search:ASIAI0B)
Imported 'GUID: ea11495227d864849bdb4fa69e931cbc' -> (Import Result ID: '7060e857cbc51efb047c90715ac7ce17') in 0.001 seconds [static and dynamic dependencies]. Details - ImportResultOutputID=e775c2b964204430daf7d1c95f44fadb DependenciesID=3eb649e12bad10ff4a38d6ab9dd7f9c8 StaticDependenciesID=f8b9f41e91f0f04ddf5b188b8173d545 
Number of updated asset objects reloaded before import = 0
Number of asset objects unloaded after import = 0
========================================================================
Received Import Request.
  Time of request: 2026-10-09T14:09:50.781748Z
  Time since last request: 0.000467623 seconds.
  importAddress: GUID: 369c09afe05d2c346af49faef943c773 - Path: Packages/com.unity.ide.visualstudio/Editor/Messaging/Serializer.cs - Importer: ScriptedImporter/UnityEditor.QuickSearchModule:UnityEditor.Search:ASIAI0B
Importing 'GUID: 369c09afe05d2c346af49faef943c773 - Path: Packages/com.unity.ide.visualstudio/Editor/Messaging/Serializer.cs - Importer: ScriptedImporter/UnityEditor.QuickSearchModule:UnityEditor.Search:ASIAI0B' with importer (ScriptedImporter : UnityEditor.QuickSearchModule:UnityEditor.Search:ASIAI0B)
Imported 'GUID: 369c09afe05d2c346af49faef943c773' -> (Import Result ID: '104b99b06c3a72fd9309799fcd8e4f11') in 0.001 seconds [static and dynamic dependencies]. Details - ImportResultOutputID=5200b96b2487747398f43a327755b63a DependenciesID=2b3de529b9a7bb75a61a4d232b7b7716 StaticDependenciesID=743835a87b6589ba4bbf5a51b8ca5e6c 
Number of updated asset objects reloaded before import = 0
Number of asset objects unloaded after import = 0
========================================================================
Received Import Request.
  Time of request: 2026-10-09T14:09:50.790174Z
  Time since last request: 0.000714494 seconds.
  importAddress: GUID: 917a51fff055ce547b4ad1215321f3da - Path: Packages/com.unity.ide.visualstudio/Editor/Messaging/ExceptionEventArgs.cs - Importer: ScriptedImporter/UnityEditor.QuickSearchModule:UnityEditor.Search:ASIAI0B
Importing 'GUID: 917a51fff055ce547b4ad1215321f3da - Path: Packages/com.unity.ide.visualstudio/Editor/Messaging/ExceptionEventArgs.cs - Importer: ScriptedImporter/UnityEditor.QuickSearchModule:UnityEditor.Search:ASIAI0B' with importer (ScriptedImporter : UnityEditor.QuickSearchModule:UnityEditor.Search:ASIAI0B)
Imported 'GUID: 917a51fff055ce547b4ad1215321f3da' -> (Import Result ID: 'b6b3b6a2f3b259ddf3c4b7497e480fe3') in 0.003 seconds [static and dynamic dependencies]. Details - ImportResultOutputID=7b8acf94d3b3356c3cd21861c2f192b3 DependenciesID=ce3526511164cb99228df371c56b626f StaticDependenciesID=0d1db9f9c4ad2627b612cefbc1f69d60 
Number of updated asset objects reloaded before import = 0
Number of asset objects unloaded after import = 0
========================================================================
Received Import Request.
  Time of request: 2026-10-09T14:09:50.800144Z
  Time since last request: 0.000204452 seconds.
  importAddress: GUID: ce4ff17ca867d2b48b5c8a4181611901 - Path: Packages/com.unity.ugui/Package Resources/TMP Essential Resources.unitypackage - Importer: ScriptedImporter/UnityEditor.QuickSearchModule:UnityEditor.Search:ASIAI0B
Importing 'GUID: ce4ff17ca867d2b48b5c8a4181611901 - Path: Packages/com.unity.ugui/Package Resources/TMP Essential Resources.unitypackage - Importer: ScriptedImporter/UnityEditor.QuickSearchModule:UnityEditor.Search:ASIAI0B' with importer (ScriptedImporter : UnityEditor.QuickSearchModule:UnityEditor.Search:ASIAI0B)
Imported 'GUID: ce4ff17ca867d2b48b5c8a4181611901' -> (Import Result ID: 'd51de2a68caa7528bab7f04022cc8933') in 0.002 seconds [static and dynamic dependencies]. Details - ImportResultOutputID=3d2e4a9ea090a1927cb8167df06adf4a DependenciesID=5e007d102c89e2620c6b5eb71fac1987 StaticDependenciesID=2f74e604a93099f8faf2094bfb6165c8 
Number of updated asset objects reloaded before import = 0
Number of asset objects unloaded after import = 1
========================================================================
Received Import Request.
  Time of request: 2026-10-09T14:09:50.808571Z
  Time since last request: 0.000395358 seconds.
  importAddress: GUID: 319b8889f363f5947acf209c17a94149 - Path: Packages/com.unity.ugui/package.json - Importer: ScriptedImporter/UnityEditor.QuickSearchModule:UnityEditor.Search:ASIAI0B
Importing 'GUID: 319b8889f363f5947acf209c17a94149 - Path: Packages/com.unity.ugui/package.json - Importer: ScriptedImporter/UnityEditor.QuickSearchModule:UnityEditor.Search:ASIAI0B' with importer (ScriptedImporter : UnityEditor.QuickSearchModule:UnityEditor.Search:ASIAI0B)
Imported 'GUID: 319b8889f363f5947acf209c17a94149' -> (Import Result ID: '742e7b73da3973f5343ba268ab390d72') in 0.001 seconds [static and dynamic dependencies]. Details - ImportResultOutputID=71b72132d198d7d3efa451736e108e6d DependenciesID=cdf4d0239d74dbd1343fb067950cd2ae StaticDependenciesID=0a2b9c0d3c8fcd0a37ea7f8301525159 
Number of updated asset objects reloaded before import = 0
Number of asset objects unloaded after import = 1
========================================================================
Received Import Request.
  Time of request: 2026-10-09T14:09:50.816311Z
  Time since last request: 0.000169878 seconds.
  importAddress: GUID: c94f13e05ef0a7a49bdd39f197f39e5e - Path: Packages/com.unity.ide.visualstudio/Editor/ProjectGeneration/GeneratorFactory.cs - Importer: ScriptedImporter/UnityEditor.QuickSearchModule:UnityEditor.Search:ASIAI0B
Importing 'GUID: c94f13e05ef0a7a49bdd39f197f39e5e - Path: Packages/com.unity.ide.visualstudio/Editor/ProjectGeneration/GeneratorFactory.cs - Importer: ScriptedImporter/UnityEditor.QuickSearchModule:UnityEditor.Search:ASIAI0B' with importer (ScriptedImporter : UnityEditor.QuickSearchModule:UnityEditor.Search:ASIAI0B)
Imported 'GUID: c94f13e05ef0a7a49bdd39f197f39e5e' -> (Import Result ID: 'd2cc8674bfbebdbd85032f2dd78dbff9') in 0.001 seconds [static and dynamic dependencies]. Details - ImportResultOutputID=beca852d8de0e78c886ed67167ddba3e DependenciesID=f9a85789ff9ecc4a7ce7c9aad03bb7ab StaticDependenciesID=ed37eeee5e58c18ef76bbeb50cf76516 
Number of updated asset objects reloaded before import = 0
Number of asset objects unloaded after import = 0
========================================================================
Received Import Request.
  Time of request: 2026-10-09T14:09:50.82405Z
  Time since last request: 0.000491818 seconds.
  importAddress: GUID: e0ae6629cc70b514889df37fccb76832 - Path: Packages/com.unity.ugui/README.md - Importer: ScriptedImporter/UnityEditor.QuickSearchModule:UnityEditor.Search:ASIAI0B
Importing 'GUID: e0ae6629cc70b514889df37fccb76832 - Path: Packages/com.unity.ugui/README.md - Importer: ScriptedImporter/UnityEditor.QuickSearchModule:UnityEditor.Search:ASIAI0B' with importer (ScriptedImporter : UnityEditor.QuickSearchModule:UnityEditor.Search:ASIAI0B)
Imported 'GUID: e0ae6629cc70b514889df37fccb76832' -> (Import Result ID: 'e7444b43833884a9a5587c2fab4480dc') in 0.002 seconds [static and dynamic dependencies]. Details - ImportResultOutputID=0821307b968b3ca8c3af85767411e706 DependenciesID=b720fe5572750a82071f64e11e2c13c9 StaticDependenciesID=e4d36abdcdade4bf15d2fc762d3c407b 
Number of updated asset objects reloaded before import = 0
Number of asset objects unloaded after import = 1
========================================================================
Received Import Request.
  Time of request: 2026-10-09T14:09:50.83234Z
  Time since last request: 0.000312844 seconds.
  importAddress: GUID: 7652904b1008e324fb7cfb952ea87656 - Path: Packages/com.unity.ide.visualstudio/Editor/ProjectGeneration/GUIDProvider.cs - Importer: ScriptedImporter/UnityEditor.QuickSearchModule:UnityEditor.Search:ASIAI0B
Importing 'GUID: 7652904b1008e324fb7cfb952ea87656 - Path: Packages/com.unity.ide.visualstudio/Editor/ProjectGeneration/GUIDProvider.cs - Importer: ScriptedImporter/UnityEditor.QuickSearchModule:UnityEditor.Search:ASIAI0B' with importer (ScriptedImporter : UnityEditor.QuickSearchModule:UnityEditor.Search:ASIAI0B)
Imported 'GUID: 7652904b1008e324fb7cfb952ea87656' -> (Import Result ID: 'c6befce5d474be8e0dc90433c9851b7e') in 0.001 seconds [static and dynamic dependencies]. Details - ImportResultOutputID=1c6025a4c06077b3857f1a3aec505cbc DependenciesID=995f1839d19b1188a7d668969bd52b8a StaticDependenciesID=61c30044949308906499ba5ff839ee02 
Number of updated asset objects reloaded before import = 0
Number of asset objects unloaded after import = 0
========================================================================
Received Import Request.
  Time of request: 2026-10-09T14:09:50.840815Z
  Time since last request: 0.000614928 seconds.
  importAddress: GUID: b73b3de0d473d4a1c887ab31f69b1a8d - Path: Packages/com.unity.ide.visualstudio/Editor/Testing/TestAdaptor.cs - Importer: ScriptedImporter/UnityEditor.QuickSearchModule:UnityEditor.Search:ASIAI0B
Importing 'GUID: b73b3de0d473d4a1c887ab31f69b1a8d - Path: Packages/com.unity.ide.visualstudio/Editor/Testing/TestAdaptor.cs - Importer: ScriptedImporter/UnityEditor.QuickSearchModule:UnityEditor.Search:ASIAI0B' with importer (ScriptedImporter : UnityEditor.QuickSearchModule:UnityEditor.Search:ASIAI0B)
Imported 'GUID: b73b3de0d473d4a1c887ab31f69b1a8d' -> (Import Result ID: '90f33f561c9ab87c00be5c551d8efe27') in 0.002 seconds [static and dynamic dependencies]. Details - ImportResultOutputID=aac6b281f85285a01aa26a541571cd9b DependenciesID=275486ce6739e2aaba2ebe112a8c7ae7 StaticDependenciesID=07e99c7fa9d1a3d7f28e77fdf6b77ac9 
Number of updated asset objects reloaded before import = 0
Number of asset objects unloaded after import = 0
========================================================================
Received Import Request.
  Time of request: 2026-10-09T14:09:50.849064Z
  Time since last request: 0.000429171 seconds.
  importAddress: GUID: 585c3fb85b32bd64e8814074e754163e - Path: Packages/com.unity.ide.visualstudio/Editor/VSWhere/vswhere.exe - Importer: ScriptedImporter/UnityEditor.QuickSearchModule:UnityEditor.Search:ASIAI0B
Importing 'GUID: 585c3fb85b32bd64e8814074e754163e - Path: Packages/com.unity.ide.visualstudio/Editor/VSWhere/vswhere.exe - Importer: ScriptedImporter/UnityEditor.QuickSearchModule:UnityEditor.Search:ASIAI0B' with importer (ScriptedImporter : UnityEditor.QuickSearchModule:UnityEditor.Search:ASIAI0B)
Imported 'GUID: 585c3fb85b32bd64e8814074e754163e' -> (Import Result ID: 'c3cb88ea246e057e7743033651a46f6f') in 0.002 seconds [static and dynamic dependencies]. Details - ImportResultOutputID=dd4742d7eab602682518d73da749879a DependenciesID=bbc8f595797304049ecd2e66d6d60fb6 StaticDependenciesID=f64fbc672e7092fd75ca6bf9bdae8693 
Number of updated asset objects reloaded before import = 0
Number of asset objects unloaded after import = 1
========================================================================
Received Import Request.
  Time of request: 2026-10-09T14:09:50.857803Z
  Time since last request: 0.00051469 seconds.
  importAddress: GUID: 555fcccd6b79a864f83e7a319daa1c3e - Path: Packages/com.unity.ide.visualstudio/Editor/ProjectGeneration/ProjectGenerationFlag.cs - Importer: ScriptedImporter/UnityEditor.QuickSearchModule:UnityEditor.Search:ASIAI0B
Importing 'GUID: 555fcccd6b79a864f83e7a319daa1c3e - Path: Packages/com.unity.ide.visualstudio/Editor/ProjectGeneration/ProjectGenerationFlag.cs - Importer: ScriptedImporter/UnityEditor.QuickSearchModule:UnityEditor.Search:ASIAI0B' with importer (ScriptedImporter : UnityEditor.QuickSearchModule:UnityEditor.Search:ASIAI0B)
Imported 'GUID: 555fcccd6b79a864f83e7a319daa1c3e' -> (Import Result ID: '811894903de210cc221c961459bf70fb') in 0.002 seconds [static and dynamic dependencies]. Details - ImportResultOutputID=5f6fd299444ae12b7f6dd64913f89acd DependenciesID=ecabc21890a8fae45de776140fcc70a5 StaticDependenciesID=7ac854ffb6f601ec5a32a67f7f229848 
Number of updated asset objects reloaded before import = 0
Number of asset objects unloaded after import = 0
========================================================================
Received Import Request.
  Time of request: 2026-10-09T14:09:50.866492Z
  Time since last request: 0.000276066 seconds.
  importAddress: GUID: be7ef402265a7a549b2e43c11d1a22c5 - Path: Packages/com.unity.ide.visualstudio/Editor/VisualStudioForWindowsInstallation.cs - Importer: ScriptedImporter/UnityEditor.QuickSearchModule:UnityEditor.Search:ASIAI0B
Importing 'GUID: be7ef402265a7a549b2e43c11d1a22c5 - Path: Packages/com.unity.ide.visualstudio/Editor/VisualStudioForWindowsInstallation.cs - Importer: ScriptedImporter/UnityEditor.QuickSearchModule:UnityEditor.Search:ASIAI0B' with importer (ScriptedImporter : UnityEditor.QuickSearchModule:UnityEditor.Search:ASIAI0B)
Imported 'GUID: be7ef402265a7a549b2e43c11d1a22c5' -> (Import Result ID: 'b59dd9bf8aeb694082b2a8e5215131e0') in 0.001 seconds [static and dynamic dependencies]. Details - ImportResultOutputID=90235ea02908b4f7cdc8d4c25905b126 DependenciesID=2a4a11ac33a012db03aeaa59889aed9c StaticDependenciesID=13401e167923370e8933c59df3e93402 
Number of updated asset objects reloaded before import = 0
Number of asset objects unloaded after import = 0
========================================================================
Received Import Request.
  Time of request: 2026-10-09T14:09:50.874573Z
  Time since last request: 0.000409354 seconds.
  importAddress: GUID: fae6007c1ac2cc744b2891fd4d279c96 - Path: Packages/com.unity.ide.visualstudio/Editor/Testing/TestRunnerCallbacks.cs - Importer: ScriptedImporter/UnityEditor.QuickSearchModule:UnityEditor.Search:ASIAI0B
Importing 'GUID: fae6007c1ac2cc744b2891fd4d279c96 - Path: Packages/com.unity.ide.visualstudio/Editor/Testing/TestRunnerCallbacks.cs - Importer: ScriptedImporter/UnityEditor.QuickSearchModule:UnityEditor.Search:ASIAI0B' with importer (ScriptedImporter : UnityEditor.QuickSearchModule:UnityEditor.Search:ASIAI0B)
Imported 'GUID: fae6007c1ac2cc744b2891fd4d279c96' -> (Import Result ID: 'a7f94cfe4be54c2eb388102601b03bd5') in 0.001 seconds [static and dynamic dependencies]. Details - ImportResultOutputID=b4eb57ac539aae3a6c41c122653d18f3 DependenciesID=8723a8298310b4a8e1e644396e602af6 StaticDependenciesID=0d5f3bcac8015ac4981abc0f5f34d7aa 
Number of updated asset objects reloaded before import = 0
Number of asset objects unloaded after import = 0
========================================================================
Received Import Request.
  Time of request: 2026-10-09T14:09:50.883355Z
  Time since last request: 0.000760099 seconds.
  importAddress: GUID: 0b59b40c84c6a5348a188c16b17c7b40 - Path: Packages/com.unity.ide.visualstudio/Editor/Testing/TestRunnerApiListener.cs - Importer: ScriptedImporter/UnityEditor.QuickSearchModule:UnityEditor.Search:ASIAI0B
Importing 'GUID: 0b59b40c84c6a5348a188c16b17c7b40 - Path: Packages/com.unity.ide.visualstudio/Editor/Testing/TestRunnerApiListener.cs - Importer: ScriptedImporter/UnityEditor.QuickSearchModule:UnityEditor.Search:ASIAI0B' with importer (ScriptedImporter : UnityEditor.QuickSearchModule:UnityEditor.Search:ASIAI0B)
Imported 'GUID: 0b59b40c84c6a5348a188c16b17c7b40' -> (Import Result ID: '8f8389ce57e0149a89777fcc8c3aad2e') in 0.001 seconds [static and dynamic dependencies]. Details - ImportResultOutputID=6a9c37acd166a71980fb5343720d42dc DependenciesID=40ab65cd90cccaa63ef254362202cc8a StaticDependenciesID=9f9c6063822f0d345e1c596437560b0b 
Number of updated asset objects reloaded before import = 0
Number of asset objects unloaded after import = 0
========================================================================
Received Import Request.
  Time of request: 2026-10-09T14:09:50.891764Z
  Time since last request: 0.00026287 seconds.
  importAddress: GUID: cb67edc1800c2ec4ba8dfb1cf0dfc84a - Path: Packages/com.unity.ide.visualstudio/Editor/COMIntegration/Release/COMIntegration.exe - Importer: ScriptedImporter/UnityEditor.QuickSearchModule:UnityEditor.Search:ASIAI0B
Importing 'GUID: cb67edc1800c2ec4ba8dfb1cf0dfc84a - Path: Packages/com.unity.ide.visualstudio/Editor/COMIntegration/Release/COMIntegration.exe - Importer: ScriptedImporter/UnityEditor.QuickSearchModule:UnityEditor.Search:ASIAI0B' with importer (ScriptedImporter : UnityEditor.QuickSearchModule:UnityEditor.Search:ASIAI0B)
Imported 'GUID: cb67edc1800c2ec4ba8dfb1cf0dfc84a' -> (Import Result ID: 'b9cb2e515f18112a804d6aa7ceb64994') in 0.002 seconds [static and dynamic dependencies]. Details - ImportResultOutputID=b2ce63bef02de3a9ae985dc18e69569a DependenciesID=a3e6ef4a359070fd3ffc89589dbca4c3 StaticDependenciesID=4b63f43a872cfd2b339f719435d3367e 
Number of updated asset objects reloaded before import = 0
Number of asset objects unloaded after import = 1
========================================================================
Received Import Request.
  Time of request: 2026-10-09T14:09:50.915746Z
  Time since last request: 0.016006539 seconds.
  importAddress: GUID: 34e2c9b9d9e44953933afe37461f44e6 - Path: Packages/com.unity.ugui/Editor/TMP/TMP_StyleSheetEditor.cs - Importer: ScriptedImporter/UnityEditor.QuickSearchModule:UnityEditor.Search:ASIAI0B
Importing 'GUID: 34e2c9b9d9e44953933afe37461f44e6 - Path: Packages/com.unity.ugui/Editor/TMP/TMP_StyleSheetEditor.cs - Importer: ScriptedImporter/UnityEditor.QuickSearchModule:UnityEditor.Search:ASIAI0B' with importer (ScriptedImporter : UnityEditor.QuickSearchModule:UnityEditor.Search:ASIAI0B)
Imported 'GUID: 34e2c9b9d9e44953933afe37461f44e6' -> (Import Result ID: '278c1286b94c97357e0f47574e841009') in 0.001 seconds [static and dynamic dependencies]. Details - ImportResultOutputID=6f645850967d027ad0cad003983c0961 DependenciesID=b4a09f22f09a51793153fbd349579425 StaticDependenciesID=7a9f9522b52bfaa7c327b56355c9c471 
Number of updated asset objects reloaded before import = 0
Number of asset objects unloaded after import = 0
========================================================================
Received Import Request.
  Time of request: 2026-10-09T14:09:50.924014Z
  Time since last request: 0.000435373 seconds.
  importAddress: GUID: 585b70cb75dd43efbfead809c30a1731 - Path: Packages/com.unity.ugui/Editor Resources/Textures/btn_AlignBottom_Light.psd - Importer: ScriptedImporter/UnityEditor.QuickSearchModule:UnityEditor.Search:ASIAI0B
Importing 'GUID: 585b70cb75dd43efbfead809c30a1731 - Path: Packages/com.unity.ugui/Editor Resources/Textures/btn_AlignBottom_Light.psd - Importer: ScriptedImporter/UnityEditor.QuickSearchModule:UnityEditor.Search:ASIAI0B' with importer (ScriptedImporter : UnityEditor.QuickSearchModule:UnityEditor.Search:ASIAI0B)
Imported 'GUID: 585b70cb75dd43efbfead809c30a1731' -> (Import Result ID: 'b4f2f1d0ae69c8626bcdebb2027436df') in 0.038 seconds [static and dynamic dependencies]. Details - ImportResultOutputID=292d48118c6f2b3614f0a2a5e0bb55ff DependenciesID=bf3fd0106077cf5c2f2925ad197ff6eb StaticDependenciesID=bf7820c030f54e69665f7f47ff9a9bbd 
Number of updated asset objects reloaded before import = 0
Number of asset objects unloaded after import = 1
========================================================================
Received Import Request.
  Time of request: 2026-10-09T14:09:50.96915Z
  Time since last request: 0.000254175 seconds.
  importAddress: GUID: 225b67dcce9247b4c806e435b34695d2 - Path: Packages/com.unity.ugui/Editor/TMP/TMP_MarkupTagUpdateUtility.cs - Importer: ScriptedImporter/UnityEditor.QuickSearchModule:UnityEditor.Search:ASIAI0B
Importing 'GUID: 225b67dcce9247b4c806e435b34695d2 - Path: Packages/com.unity.ugui/Editor/TMP/TMP_MarkupTagUpdateUtility.cs - Importer: ScriptedImporter/UnityEditor.QuickSearchModule:UnityEditor.Search:ASIAI0B' with importer (ScriptedImporter : UnityEditor.QuickSearchModule:UnityEditor.Search:ASIAI0B)
Imported 'GUID: 225b67dcce9247b4c806e435b34695d2' -> (Import Result ID: 'aa633ea893a5f72c9b35613ae0bce21f') in 0.001 seconds [static and dynamic dependencies]. Details - ImportResultOutputID=280495640754d6538a6d267fc2e8a84b DependenciesID=51f1d3dc71c168954744610f7e2774d3 StaticDependenciesID=b3bd8d134b3215dd9316f546b5950159 
Number of updated asset objects reloaded before import = 0
Number of asset objects unloaded after import = 0
========================================================================
Received Import Request.
  Time of request: 2026-10-09T14:09:50.978042Z
  Time since last request: 0.000248384 seconds.
  importAddress: GUID: abe6991365a27d341a10580f3b7c0f44 - Path: Packages/com.unity.ugui/Editor Resources/Shaders/TMP_SDF_SSD.cginc - Importer: ScriptedImporter/UnityEditor.QuickSearchModule:UnityEditor.Search:ASIAI0B
Importing 'GUID: abe6991365a27d341a10580f3b7c0f44 - Path: Packages/com.unity.ugui/Editor Resources/Shaders/TMP_SDF_SSD.cginc - Importer: ScriptedImporter/UnityEditor.QuickSearchModule:UnityEditor.Search:ASIAI0B' with importer (ScriptedImporter : UnityEditor.QuickSearchModule:UnityEditor.Search:ASIAI0B)
Imported 'GUID: abe6991365a27d341a10580f3b7c0f44' -> (Import Result ID: 'ac26b8600489eea90614ab480d2deb89') in 0.002 seconds [static and dynamic dependencies]. Details - ImportResultOutputID=733ead5b21b64f6c0af7f91d52702074 DependenciesID=c5df4f6344a89edcda494d131ef59aa7 StaticDependenciesID=9897c38eb757426826db6eed204f09ea 
Number of updated asset objects reloaded before import = 0
Number of asset objects unloaded after import = 1
========================================================================
Received Import Request.
  Time of request: 2026-10-09T14:09:50.987611Z
  Time since last request: 0.000292706 seconds.
  importAddress: GUID: a7ec9e7ad8b847b7ae4510af83c5d868 - Path: Packages/com.unity.ugui/Editor Resources/Gizmos/TMP - Dropdown Icon.psd - Importer: ScriptedImporter/UnityEditor.QuickSearchModule:UnityEditor.Search:ASIAI0B
Importing 'GUID: a7ec9e7ad8b847b7ae4510af83c5d868 - Path: Packages/com.unity.ugui/Editor Resources/Gizmos/TMP - Dropdown Icon.psd - Importer: ScriptedImporter/UnityEditor.QuickSearchModule:UnityEditor.Search:ASIAI0B' with importer (ScriptedImporter : UnityEditor.QuickSearchModule:UnityEditor.Search:ASIAI0B)
Imported 'GUID: a7ec9e7ad8b847b7ae4510af83c5d868' -> (Import Result ID: 'cf16b969b8d2652836391885817bcd82') in 0.003 seconds [static and dynamic dependencies]. Details - ImportResultOutputID=f90b671126baad8290cc3ebb0a229ef7 DependenciesID=121ee46693a42bf417493567987cf258 StaticDependenciesID=d7e13e594f4672e2b7ff3cf9892b6d5d 
Number of updated asset objects reloaded before import = 0
Number of asset objects unloaded after import = 1
========================================================================
Received Import Request.
  Time of request: 2026-10-09T14:09:50.998545Z
  Time since last request: 0.000207186 seconds.
  importAddress: GUID: 92027f7f8cfc4feaa477da0dc38d3d46 - Path: Packages/com.unity.ugui/Editor Resources/Textures/btn_AlignJustified.psd - Importer: ScriptedImporter/UnityEditor.QuickSearchModule:UnityEditor.Search:ASIAI0B
Importing 'GUID: 92027f7f8cfc4feaa477da0dc38d3d46 - Path: Packages/com.unity.ugui/Editor Resources/Textures/btn_AlignJustified.psd - Importer: ScriptedImporter/UnityEditor.QuickSearchModule:UnityEditor.Search:ASIAI0B' with importer (ScriptedImporter : UnityEditor.QuickSearchModule:UnityEditor.Search:ASIAI0B)
Imported 'GUID: 92027f7f8cfc4feaa477da0dc38d3d46' -> (Import Result ID: '272962daef252538da4b8a9c504ba712') in 0.003 seconds [static and dynamic dependencies]. Details - ImportResultOutputID=91da9509edd37bb276841d5b49c27cae DependenciesID=10545f1ff49b03b38c224b4fd6b56a37 StaticDependenciesID=a6c55a00bb5417d198517226895b81c7 
Number of updated asset objects reloaded before import = 0
Number of asset objects unloaded after import = 1
========================================================================
Received Import Request.
  Time of request: 2026-10-09T14:09:51.009011Z
  Time since last request: 0.000397792 seconds.
  importAddress: GUID: 30a939dce2fd4073955f2f20e659d506 - Path: Packages/com.unity.ugui/Editor/TMP/TMP_UIStyleManager.cs - Importer: ScriptedImporter/UnityEditor.QuickSearchModule:UnityEditor.Search:ASIAI0B
Importing 'GUID: 30a939dce2fd4073955f2f20e659d506 - Path: Packages/com.unity.ugui/Editor/TMP/TMP_UIStyleManager.cs - Importer: ScriptedImporter/UnityEditor.QuickSearchModule:UnityEditor.Search:ASIAI0B' with importer (ScriptedImporter : UnityEditor.QuickSearchModule:UnityEditor.Search:ASIAI0B)
Imported 'GUID: 30a939dce2fd4073955f2f20e659d506' -> (Import Result ID: '2cbfe108e0132f05ba97e01c282acc5d') in 0.001 seconds [static and dynamic dependencies]. Details - ImportResultOutputID=726f5ae64b0ac1e5a705c1fbd509957a DependenciesID=5db747d215f58de2464c711b6ce8066c StaticDependenciesID=fc10a3d55782f928842fb78dfcb4dae3 
Number of updated asset objects reloaded before import = 0
Number of asset objects unloaded after import = 0
========================================================================
Received Import Request.
  Time of request: 2026-10-09T14:09:51.017426Z
  Time since last request: 0.000274282 seconds.
  importAddress: GUID: e05ace3bd15740cda0bad60d89092a5b - Path: Packages/com.unity.ugui/Editor Resources/Textures/btn_AlignRight_Light.psd - Importer: ScriptedImporter/UnityEditor.QuickSearchModule:UnityEditor.Search:ASIAI0B
Importing 'GUID: e05ace3bd15740cda0bad60d89092a5b - Path: Packages/com.unity.ugui/Editor Resources/Textures/btn_AlignRight_Light.psd - Importer: ScriptedImporter/UnityEditor.QuickSearchModule:UnityEditor.Search:ASIAI0B' with importer (ScriptedImporter : UnityEditor.QuickSearchModule:UnityEditor.Search:ASIAI0B)
Imported 'GUID: e05ace3bd15740cda0bad60d89092a5b' -> (Import Result ID: '94241ebdeb010b95c0cd71a09828616c') in 0.003 seconds [static and dynamic dependencies]. Details - ImportResultOutputID=dbe6340cee3e01f6ec9b9343b3a93d38 DependenciesID=add045711d2ebe875f9ac226503d6be7 StaticDependenciesID=2277cd251d23f0afd7445d327dc8a043 
Number of updated asset objects reloaded before import = 0
Number of asset objects unloaded after import = 1
========================================================================
Received Import Request.
  Time of request: 2026-10-09T14:09:51.027239Z
  Time since last request: 0.00015521 seconds.
  importAddress: GUID: 7241c7dc25374fc1a6ab3ef9da79c363 - Path: Packages/com.unity.ugui/Editor/TMP/TMP_ResourcesLoader.cs - Importer: ScriptedImporter/UnityEditor.QuickSearchModule:UnityEditor.Search:ASIAI0B
Importing 'GUID: 7241c7dc25374fc1a6ab3ef9da79c363 - Path: Packages/com.unity.ugui/Editor/TMP/TMP_ResourcesLoader.cs - Importer: ScriptedImporter/UnityEditor.QuickSearchModule:UnityEditor.Search:ASIAI0B' with importer (ScriptedImporter : UnityEditor.QuickSearchModule:UnityEditor.Search:ASIAI0B)
Imported 'GUID: 7241c7dc25374fc1a6ab3ef9da79c363' -> (Import Result ID: '9d8eed58daf13a95f1b94608832b13fd') in 0.001 seconds [static and dynamic dependencies]. Details - ImportResultOutputID=59d1e6bf0a2fc6012e97de305ce1788d DependenciesID=809904725b334a22d0626fb74b3f5668 StaticDependenciesID=f0f75f214843c24a54c9c36c5c95acc3 
Number of updated asset objects reloaded before import = 0
Number of asset objects unloaded after import = 0
========================================================================
Received Import Request.
  Time of request: 2026-10-09T14:09:51.035552Z
  Time since last request: 0.000257651 seconds.
  importAddress: GUID: aa76955fe5bb44f7915d91db8c7043c4 - Path: Packages/com.unity.ugui/Editor/TMP/TMPro_EditorShaderUtilities.cs - Importer: ScriptedImporter/UnityEditor.QuickSearchModule:UnityEditor.Search:ASIAI0B
Importing 'GUID: aa76955fe5bb44f7915d91db8c7043c4 - Path: Packages/com.unity.ugui/Editor/TMP/TMPro_EditorShaderUtilities.cs - Importer: ScriptedImporter/UnityEditor.QuickSearchModule:UnityEditor.Search:ASIAI0B' with importer (ScriptedImporter : UnityEditor.QuickSearchModule:UnityEditor.Search:ASIAI0B)
Imported 'GUID: aa76955fe5bb44f7915d91db8c7043c4' -> (Import Result ID: '257e4cb1eba95d4c468d8a18a01f5d7a') in 0.001 seconds [static and dynamic dependencies]. Details - ImportResultOutputID=b11f07be2e14306b4f358283661ff23a DependenciesID=fe96723f7a556ccf739e392ed796ae40 StaticDependenciesID=3d6e8a6469d0897856c83258f6522b36 
Number of updated asset objects reloaded before import = 0
Number of asset objects unloaded after import = 0
========================================================================
Received Import Request.
  Time of request: 2026-10-09T14:09:51.044366Z
  Time since last request: 0.000329495 seconds.
  importAddress: GUID: aa160f27c3fe4052a5850e21108811b6 - Path: Packages/com.unity.ugui/Editor/TMP/TMP_InputFieldEditor.cs - Importer: ScriptedImporter/UnityEditor.QuickSearchModule:UnityEditor.Search:ASIAI0B
Importing 'GUID: aa160f27c3fe4052a5850e21108811b6 - Path: Packages/com.unity.ugui/Editor/TMP/TMP_InputFieldEditor.cs - Importer: ScriptedImporter/UnityEditor.QuickSearchModule:UnityEditor.Search:ASIAI0B' with importer (ScriptedImporter : UnityEditor.QuickSearchModule:UnityEditor.Search:ASIAI0B)
Imported 'GUID: aa160f27c3fe4052a5850e21108811b6' -> (Import Result ID: '8da02bea75af9c1ffa870b94d9139de7') in 0.001 seconds [static and dynamic dependencies]. Details - ImportResultOutputID=f3006b3e7eb77522cb4e62e98c0b04e4 DependenciesID=b534900453ed1a316968c23f7e6a3706 StaticDependenciesID=251886a74332da250ceb12b33b40ae5c 
Number of updated asset objects reloaded before import = 0
Number of asset objects unloaded after import = 0
========================================================================
Received Import Request.
  Time of request: 2026-10-09T14:09:51.052504Z
  Time since last request: 0.000365222 seconds.
  importAddress: GUID: 2fd6421f253b4ef1a19526541f9ffc0c - Path: Packages/com.unity.ugui/Editor Resources/Gizmos/TMP - Text Component Icon.psd - Importer: ScriptedImporter/UnityEditor.QuickSearchModule:UnityEditor.Search:ASIAI0B
Importing 'GUID: 2fd6421f253b4ef1a19526541f9ffc0c - Path: Packages/com.unity.ugui/Editor Resources/Gizmos/TMP - Text Component Icon.psd - Importer: ScriptedImporter/UnityEditor.QuickSearchModule:UnityEditor.Search:ASIAI0B' with importer (ScriptedImporter : UnityEditor.QuickSearchModule:UnityEditor.Search:ASIAI0B)
Imported 'GUID: 2fd6421f253b4ef1a19526541f9ffc0c' -> (Import Result ID: '95f9b886aeca4f94487bcaa7a3843c6b') in 0.005 seconds [static and dynamic dependencies]. Details - ImportResultOutputID=cb6d1c8c25fe0c715142b5d9f18c5231 DependenciesID=ecc03168b5030049b34a9f193899dc56 StaticDependenciesID=4236884b77ea0589dc7feee4d4f4f4ab 
Number of updated asset objects reloaded before import = 0
Number of asset objects unloaded after import = 1
========================================================================
Received Import Request.
  Time of request: 2026-10-09T14:09:51.065385Z
  Time since last request: 0.000476279 seconds.
  importAddress: GUID: bb42b2d967d6427983c901a4ffc8ecd9 - Path: Packages/com.unity.ugui/Editor Resources/Textures/btn_AlignMidline_Light.psd - Importer: ScriptedImporter/UnityEditor.QuickSearchModule:UnityEditor.Search:ASIAI0B
Importing 'GUID: bb42b2d967d6427983c901a4ffc8ecd9 - Path: Packages/com.unity.ugui/Editor Resources/Textures/btn_AlignMidline_Light.psd - Importer: ScriptedImporter/UnityEditor.QuickSearchModule:UnityEditor.Search:ASIAI0B' with importer (ScriptedImporter : UnityEditor.QuickSearchModule:UnityEditor.Search:ASIAI0B)
Imported 'GUID: bb42b2d967d6427983c901a4ffc8ecd9' -> (Import Result ID: 'c88b70a1ae68ecad6a5a45226a8a4c85') in 0.004 seconds [static and dynamic dependencies]. Details - ImportResultOutputID=f0c60e5d2599b6f1536e31d451f6d6bb DependenciesID=a45f099f3c2b77ae22f3298e718b3a97 StaticDependenciesID=b36a0de146ba91dc137f1ea09d449ae5 
Number of updated asset objects reloaded before import = 0
Number of asset objects unloaded after import = 1
========================================================================
Received Import Request.
  Time of request: 2026-10-09T14:09:51.094371Z
  Time since last request: 0.016767639 seconds.
  importAddress: GUID: ab2114bdc8544297b417dfefe9f1e410 - Path: Packages/com.unity.ugui/Runtime/TMP/TMP_StyleSheet.cs - Importer: ScriptedImporter/UnityEditor.QuickSearchModule:UnityEditor.Search:ASIAI0B
Importing 'GUID: ab2114bdc8544297b417dfefe9f1e410 - Path: Packages/com.unity.ugui/Runtime/TMP/TMP_StyleSheet.cs - Importer: ScriptedImporter/UnityEditor.QuickSearchModule:UnityEditor.Search:ASIAI0B' with importer (ScriptedImporter : UnityEditor.QuickSearchModule:UnityEditor.Search:ASIAI0B)
Imported 'GUID: ab2114bdc8544297b417dfefe9f1e410' -> (Import Result ID: 'cfdb8d72559c24732a8b26e9c7ec9a09') in 0.002 seconds [static and dynamic dependencies]. Details - ImportResultOutputID=f280ee1a2749af7b5b12b03986890633 DependenciesID=e1e5c552f1c979bab32b0e22ed8151b2 StaticDependenciesID=bce9c535a2a553e252049dfe7f248835 
Number of updated asset objects reloaded before import = 0
Number of asset objects unloaded after import = 0
========================================================================
Received Import Request.
  Time of request: 2026-10-09T14:09:51.103276Z
  Time since last request: 0.000513809 seconds.
  importAddress: GUID: 0ce5fe4db14be432cab1bc46704eef4c - Path: Packages/com.unity.ugui/Runtime/InternalBridge/ObjectUtilsBridge.cs - Importer: ScriptedImporter/UnityEditor.QuickSearchModule:UnityEditor.Search:ASIAI0B
Importing 'GUID: 0ce5fe4db14be432cab1bc46704eef4c - Path: Packages/com.unity.ugui/Runtime/InternalBridge/ObjectUtilsBridge.cs - Importer: ScriptedImporter/UnityEditor.QuickSearchModule:UnityEditor.Search:ASIAI0B' with importer (ScriptedImporter : UnityEditor.QuickSearchModule:UnityEditor.Search:ASIAI0B)
Imported 'GUID: 0ce5fe4db14be432cab1bc46704eef4c' -> (Import Result ID: '87cf62b28a6490a3867892637c7eb7cb') in 0.002 seconds [static and dynamic dependencies]. Details - ImportResultOutputID=873745187731d69e4b7d2c22d2fd16eb DependenciesID=f52f34dd006775cbe40d4ce9b62036fa StaticDependenciesID=7450847922f8c31722108867d4429247 
Number of updated asset objects reloaded before import = 0
Number of asset objects unloaded after import = 0
========================================================================
Received Import Request.
  Time of request: 2026-10-09T14:09:51.111829Z
  Time since last request: 0.000634846 seconds.
  importAddress: GUID: 5ea9f573d4b800a49b9d83a1f61c0a88 - Path: Packages/com.unity.ugui/Runtime/TMP/TMP_FontFeatureTable.cs - Importer: ScriptedImporter/UnityEditor.QuickSearchModule:UnityEditor.Search:ASIAI0B
Importing 'GUID: 5ea9f573d4b800a49b9d83a1f61c0a88 - Path: Packages/com.unity.ugui/Runtime/TMP/TMP_FontFeatureTable.cs - Importer: ScriptedImporter/UnityEditor.QuickSearchModule:UnityEditor.Search:ASIAI0B' with importer (ScriptedImporter : UnityEditor.QuickSearchModule:UnityEditor.Search:ASIAI0B)
Imported 'GUID: 5ea9f573d4b800a49b9d83a1f61c0a88' -> (Import Result ID: '16808c1fe74be816a387d03963267bc9') in 0.001 seconds [static and dynamic dependencies]. Details - ImportResultOutputID=8166b92dd06129a77007d4aa83015d70 DependenciesID=6c61b097ee2584e8301fdc5994a8e9a7 StaticDependenciesID=6a14600412e2a89a0520a43179b0dd12 
Number of updated asset objects reloaded before import = 0
Number of asset objects unloaded after import = 0
========================================================================
Received Import Request.
  Time of request: 2026-10-09T14:09:51.11983Z
  Time since last request: 0.000441153 seconds.
  importAddress: GUID: 2da0c512f12947e489f739169773d7ca - Path: Packages/com.unity.ugui/Runtime/TMP/TMP_InputField.cs - Importer: ScriptedImporter/UnityEditor.QuickSearchModule:UnityEditor.Search:ASIAI0B
Importing 'GUID: 2da0c512f12947e489f739169773d7ca - Path: Packages/com.unity.ugui/Runtime/TMP/TMP_InputField.cs - Importer: ScriptedImporter/UnityEditor.QuickSearchModule:UnityEditor.Search:ASIAI0B' with importer (ScriptedImporter : UnityEditor.QuickSearchModule:UnityEditor.Search:ASIAI0B)
Imported 'GUID: 2da0c512f12947e489f739169773d7ca' -> (Import Result ID: 'a817f6295d46f6072e295f94042b646f') in 0.002 seconds [static and dynamic dependencies]. Details - ImportResultOutputID=806022b7f3115c6182aca9d6a846fd04 DependenciesID=4dc70a5dc474b4d886bf37d82dd31635 StaticDependenciesID=5b5dd2eaec2d38a3073c244280c0fdf0 
Number of updated asset objects reloaded before import = 0
Number of asset objects unloaded after import = 1
========================================================================
Received Import Request.
  Time of request: 2026-10-09T14:09:51.128537Z
  Time since last request: 0.000195074 seconds.
  importAddress: GUID: 543674eec776b1442a192c932e6cd9b3 - Path: Packages/com.unity.ugui/Runtime/TMP/TMP_TextElement.cs - Importer: ScriptedImporter/UnityEditor.QuickSearchModule:UnityEditor.Search:ASIAI0B
Importing 'GUID: 543674eec776b1442a192c932e6cd9b3 - Path: Packages/com.unity.ugui/Runtime/TMP/TMP_TextElement.cs - Importer: ScriptedImporter/UnityEditor.QuickSearchModule:UnityEditor.Search:ASIAI0B' with importer (ScriptedImporter : UnityEditor.QuickSearchModule:UnityEditor.Search:ASIAI0B)
Imported 'GUID: 543674eec776b1442a192c932e6cd9b3' -> (Import Result ID: 'c4b4b011f3a98aa91c492f0a75e8d049') in 0.001 seconds [static and dynamic dependencies]. Details - ImportResultOutputID=0e21f8d0066fdfd90472e992ffbb7710 DependenciesID=883e9767a43eec76042989dbac862c95 StaticDependenciesID=c3c72005c032f43c45ee78819fff7d6c 
Number of updated asset objects reloaded before import = 0
Number of asset objects unloaded after import = 0
========================================================================
Received Import Request.
  Time of request: 2026-10-09T14:09:51.136526Z
  Time since last request: 0.000527194 seconds.
  importAddress: GUID: 3bda1886f58f4e0ab1139400b160c3ee - Path: Packages/com.unity.ugui/Runtime/TMP/TMP_Asset.cs - Importer: ScriptedImporter/UnityEditor.QuickSearchModule:UnityEditor.Search:ASIAI0B
Importing 'GUID: 3bda1886f58f4e0ab1139400b160c3ee - Path: Packages/com.unity.ugui/Runtime/TMP/TMP_Asset.cs - Importer: ScriptedImporter/UnityEditor.QuickSearchModule:UnityEditor.Search:ASIAI0B' with importer (ScriptedImporter : UnityEditor.QuickSearchModule:UnityEditor.Search:ASIAI0B)
Imported 'GUID: 3bda1886f58f4e0ab1139400b160c3ee' -> (Import Result ID: '8e3576891d0e126036b10ba6664b79bd') in 0.001 seconds [static and dynamic dependencies]. Details - ImportResultOutputID=e5394d82e9f9d067d535e81787b32021 DependenciesID=cd1d85496dff2b1ad11e8853703a9b3c StaticDependenciesID=0806e47d483d57fb06c2f15a16cf162d 
Number of updated asset objects reloaded before import = 0
Number of asset objects unloaded after import = 0
========================================================================
Received Import Request.
  Time of request: 2026-10-09T14:09:51.144363Z
  Time since last request: 0.000389277 seconds.
  importAddress: GUID: 32d40088a6124c578ad6b428df586e2e - Path: Packages/com.unity.ugui/Runtime/TMP/TextContainer.cs - Importer: ScriptedImporter/UnityEditor.QuickSearchModule:UnityEditor.Search:ASIAI0B
Importing 'GUID: 32d40088a6124c578ad6b428df586e2e - Path: Packages/com.unity.ugui/Runtime/TMP/TextContainer.cs - Importer: ScriptedImporter/UnityEditor.QuickSearchModule:UnityEditor.Search:ASIAI0B' with importer (ScriptedImporter : UnityEditor.QuickSearchModule:UnityEditor.Search:ASIAI0B)
Imported 'GUID: 32d40088a6124c578ad6b428df586e2e' -> (Import Result ID: '1544607154d72cb184b4877770ecfa51') in 0.002 seconds [static and dynamic dependencies]. Details - ImportResultOutputID=7071332e6ca38b9a43e670d20c88dcae DependenciesID=1d4aa991006e55b01fa6adb1c35d5eca StaticDependenciesID=a80c6dd302b2ce48ad079a125c3ea936 
Number of updated asset objects reloaded before import = 0
Number of asset objects unloaded after import = 0
========================================================================
Received Import Request.
  Time of request: 2026-10-09T14:09:51.153105Z
  Time since last request: 0.000597506 seconds.
  importAddress: GUID: 1c147d10db452eb4b854a35f84472017 - Path: Packages/com.unity.ugui/Runtime/TMP/AssemblyInfo.cs - Importer: ScriptedImporter/UnityEditor.QuickSearchModule:UnityEditor.Search:ASIAI0B
Importing 'GUID: 1c147d10db452eb4b854a35f84472017 - Path: Packages/com.unity.ugui/Runtime/TMP/AssemblyInfo.cs - Importer: ScriptedImporter/UnityEditor.QuickSearchModule:UnityEditor.Search:ASIAI0B' with importer (ScriptedImporter : UnityEditor.QuickSearchModule:UnityEditor.Search:ASIAI0B)
Imported 'GUID: 1c147d10db452eb4b854a35f84472017' -> (Import Result ID: '36266a6ec13eecca5e65fd25e84d37fe') in 0.002 seconds [static and dynamic dependencies]. Details - ImportResultOutputID=b8bf7ceed6d3a681e87e47a92b717634 DependenciesID=f2ef534e95fbc6c70a85c2307fa3cc81 StaticDependenciesID=c12ca4b2a309162fe5187004b12afd6d 
Number of updated asset objects reloaded before import = 0
Number of asset objects unloaded after import = 0
========================================================================
Received Import Request.
  Time of request: 2026-10-09T14:09:51.162282Z
  Time since last request: 0.000577498 seconds.
  importAddress: GUID: a4bbbb1fed4e2b7448af9313d6d00536 - Path: Packages/com.unity.ugui/Runtime/TMP/FontFeatureCommonGPOS.cs - Importer: ScriptedImporter/UnityEditor.QuickSearchModule:UnityEditor.Search:ASIAI0B
Importing 'GUID: a4bbbb1fed4e2b7448af9313d6d00536 - Path: Packages/com.unity.ugui/Runtime/TMP/FontFeatureCommonGPOS.cs - Importer: ScriptedImporter/UnityEditor.QuickSearchModule:UnityEditor.Search:ASIAI0B' with importer (ScriptedImporter : UnityEditor.QuickSearchModule:UnityEditor.Search:ASIAI0B)
Imported 'GUID: a4bbbb1fed4e2b7448af9313d6d00536' -> (Import Result ID: '3bb7fa08eed7623d51c88b08283bccda') in 0.001 seconds [static and dynamic dependencies]. Details - ImportResultOutputID=f91574683be821c4f8df801500de0845 DependenciesID=199c2ddd77b6b0322502c61f32f7fb0a StaticDependenciesID=1f193cb907656937235baf5fe7becc75 
Number of updated asset objects reloaded before import = 0
Number of asset objects unloaded after import = 0
========================================================================
Received Import Request.
  Time of request: 2026-10-09T14:09:51.17093Z
  Time since last request: 0.000149278 seconds.
  importAddress: GUID: 0a017569bfe174e4890797b4d64cbabc - Path: Packages/com.unity.ugui/Runtime/TMP/TMP_FontAssetUtilities.cs - Importer: ScriptedImporter/UnityEditor.QuickSearchModule:UnityEditor.Search:ASIAI0B
Importing 'GUID: 0a017569bfe174e4890797b4d64cbabc - Path: Packages/com.unity.ugui/Runtime/TMP/TMP_FontAssetUtilities.cs - Importer: ScriptedImporter/UnityEditor.QuickSearchModule:UnityEditor.Search:ASIAI0B' with importer (ScriptedImporter : UnityEditor.QuickSearchModule:UnityEditor.Search:ASIAI0B)
Imported 'GUID: 0a017569bfe174e4890797b4d64cbabc' -> (Import Result ID: 'a3501e2b7da2cf99444bcb3e54dc21fc') in 0.001 seconds [static and dynamic dependencies]. Details - ImportResultOutputID=e2e695a06d6577b81ce029de9e32755d DependenciesID=5c924be59d1fe30da549432737ae509b StaticDependenciesID=5886f7f4fd6e31664dea274a0f9fd316 
Number of updated asset objects reloaded before import = 0
Number of asset objects unloaded after import = 0
========================================================================
Received Import Request.
  Time of request: 2026-10-09T14:09:51.178811Z
  Time since last request: 0.000126536 seconds.
  importAddress: GUID: 30bed781e402439ab8ce4e3357708115 - Path: Packages/com.unity.ugui/Runtime/TMP/TMP_Style.cs - Importer: ScriptedImporter/UnityEditor.QuickSearchModule:UnityEditor.Search:ASIAI0B
Importing 'GUID: 30bed781e402439ab8ce4e3357708115 - Path: Packages/com.unity.ugui/Runtime/TMP/TMP_Style.cs - Importer: ScriptedImporter/UnityEditor.QuickSearchModule:UnityEditor.Search:ASIAI0B' with importer (ScriptedImporter : UnityEditor.QuickSearchModule:UnityEditor.Search:ASIAI0B)
Imported 'GUID: 30bed781e402439ab8ce4e3357708115' -> (Import Result ID: '51751974fccd5c845820cdbe984d6bab') in 0.002 seconds [static and dynamic dependencies]. Details - ImportResultOutputID=793542313bced257a13288f9eaa498bb DependenciesID=1d2f63a2915d94db0135c17dca9a6ae4 StaticDependenciesID=2525d9821ff9c62d5c11b3409c1da0ec 
Number of updated asset objects reloaded before import = 0
Number of asset objects unloaded after import = 0
========================================================================
Received Import Request.
  Time of request: 2026-10-09T14:09:51.18686Z
  Time since last request: 0.000183462 seconds.
  importAddress: GUID: 968a09f153574430a6e15ae975145768 - Path: Packages/com.unity.ugui/Runtime/TMP/TMP_Sprite.cs - Importer: ScriptedImporter/UnityEditor.QuickSearchModule:UnityEditor.Search:ASIAI0B
Importing 'GUID: 968a09f153574430a6e15ae975145768 - Path: Packages/com.unity.ugui/Runtime/TMP/TMP_Sprite.cs - Importer: ScriptedImporter/UnityEditor.QuickSearchModule:UnityEditor.Search:ASIAI0B' with importer (ScriptedImporter : UnityEditor.QuickSearchModule:UnityEditor.Search:ASIAI0B)
Imported 'GUID: 968a09f153574430a6e15ae975145768' -> (Import Result ID: '7780694b0e8e5e721961199bea6e9caf') in 0.002 seconds [static and dynamic dependencies]. Details - ImportResultOutputID=8a1466281be9469c5a31358874247fc0 DependenciesID=8e5d9444d0c004c174199d269f8e497f StaticDependenciesID=729735fe2a294d0d43a40f86f6c9ad73 
Number of updated asset objects reloaded before import = 0
Number of asset objects unloaded after import = 0
========================================================================
Received Import Request.
  Time of request: 2026-10-09T14:09:51.195015Z
  Time since last request: 0.00020382 seconds.
  importAddress: GUID: 5b5c6a576605b3c4aab7d27193785f27 - Path: Packages/com.unity.ugui/Runtime/TMP/TMP_SpriteGlyph.cs - Importer: ScriptedImporter/UnityEditor.QuickSearchModule:UnityEditor.Search:ASIAI0B
Importing 'GUID: 5b5c6a576605b3c4aab7d27193785f27 - Path: Packages/com.unity.ugui/Runtime/TMP/TMP_SpriteGlyph.cs - Importer: ScriptedImporter/UnityEditor.QuickSearchModule:UnityEditor.Search:ASIAI0B' with importer (ScriptedImporter : UnityEditor.QuickSearchModule:UnityEditor.Search:ASIAI0B)
Imported 'GUID: 5b5c6a576605b3c4aab7d27193785f27' -> (Import Result ID: '61186ea0f1ea4273552c63f816ecee5b') in 0.001 seconds [static and dynamic dependencies]. Details - ImportResultOutputID=623c982c4ff4971c83022f2ebab63ed9 DependenciesID=64924376bf4ecbac737c0d6d26616a78 StaticDependenciesID=874260100d3fa7e5341bfe3f7fbf5f0c 
Number of updated asset objects reloaded before import = 0
Number of asset objects unloaded after import = 0
========================================================================
Received Import Request.
  Time of request: 2026-10-09T14:09:51.202933Z
  Time since last request: 0.000178814 seconds.
  importAddress: GUID: f695b5f9415c40b39ae877eaff41c96e - Path: Packages/com.unity.ugui/Runtime/TMP/TMP_FontAssetCommon.cs - Importer: ScriptedImporter/UnityEditor.QuickSearchModule:UnityEditor.Search:ASIAI0B
Importing 'GUID: f695b5f9415c40b39ae877eaff41c96e - Path: Packages/com.unity.ugui/Runtime/TMP/TMP_FontAssetCommon.cs - Importer: ScriptedImporter/UnityEditor.QuickSearchModule:UnityEditor.Search:ASIAI0B' with importer (ScriptedImporter : UnityEditor.QuickSearchModule:UnityEditor.Search:ASIAI0B)
Imported 'GUID: f695b5f9415c40b39ae877eaff41c96e' -> (Import Result ID: '8b5becc9ac356386f1bcd358044326a2') in 0.001 seconds [static and dynamic dependencies]. Details - ImportResultOutputID=78c4248c38c2cff8193b4ed42e5f173d DependenciesID=8553c8103b595fb709fecde1f88ee06c StaticDependenciesID=1118a6b939736e9cc0c04ca5a6d5249c 
Number of updated asset objects reloaded before import = 0
Number of asset objects unloaded after import = 0
========================================================================
Received Import Request.
  Time of request: 2026-10-09T14:09:51.211451Z
  Time since last request: 0.000483242 seconds.
  importAddress: GUID: 058cba836c1846c3aa1c5fd2e28aea77 - Path: Packages/com.unity.ugui/Runtime/TMP/TMP_SubMeshUI.cs - Importer: ScriptedImporter/UnityEditor.QuickSearchModule:UnityEditor.Search:ASIAI0B
Importing 'GUID: 058cba836c1846c3aa1c5fd2e28aea77 - Path: Packages/com.unity.ugui/Runtime/TMP/TMP_SubMeshUI.cs - Importer: ScriptedImporter/UnityEditor.QuickSearchModule:UnityEditor.Search:ASIAI0B' with importer (ScriptedImporter : UnityEditor.QuickSearchModule:UnityEditor.Search:ASIAI0B)
Imported 'GUID: 058cba836c1846c3aa1c5fd2e28aea77' -> (Import Result ID: '424055b8a99314cc73c9d4ab61be396e') in 0.001 seconds [static and dynamic dependencies]. Details - ImportResultOutputID=9b4365d4ac8c85f45dc32df654521d04 DependenciesID=56c5da53735a8755dac17f5d76318c06 StaticDependenciesID=9c98a4211feb537b9ad9f5ea5efab1d1 
Number of updated asset objects reloaded before import = 0
Number of asset objects unloaded after import = 0
========================================================================
Received Import Request.
  Time of request: 2026-10-09T14:09:51.218987Z
  Time since last request: 0.000266708 seconds.
  importAddress: GUID: 4ac5b6a65aaeb59478e3b78660e9f134 - Path: Packages/com.unity.ugui/Runtime/TMP/TMP_Character.cs - Importer: ScriptedImporter/UnityEditor.QuickSearchModule:UnityEditor.Search:ASIAI0B
Importing 'GUID: 4ac5b6a65aaeb59478e3b78660e9f134 - Path: Packages/com.unity.ugui/Runtime/TMP/TMP_Character.cs - Importer: ScriptedImporter/UnityEditor.QuickSearchModule:UnityEditor.Search:ASIAI0B' with importer (ScriptedImporter : UnityEditor.QuickSearchModule:UnityEditor.Search:ASIAI0B)
Imported 'GUID: 4ac5b6a65aaeb59478e3b78660e9f134' -> (Import Result ID: 'd3d6c74a1c1ad47b60146104658b1b7b') in 0.002 seconds [static and dynamic dependencies]. Details - ImportResultOutputID=4da963db1b0874a7b206c88a54c8fafb DependenciesID=59b68ebb250704a416a785060bf57d31 StaticDependenciesID=38d3554c9575d0f69cc1fb3740533414 
Number of updated asset objects reloaded before import = 0
Number of asset objects unloaded after import = 0
========================================================================
Received Import Request.
  Time of request: 2026-10-09T14:09:51.253591Z
  Time since last request: 0.026604541 seconds.
  importAddress: GUID: a62706dc421fc9b4fa368a8050a930f7 - Path: Packages/com.unity.ugui/Editor/UGUI/UI/PrefabLayoutRebuilder.cs - Importer: ScriptedImporter/UnityEditor.QuickSearchModule:UnityEditor.Search:ASIAI0B
Importing 'GUID: a62706dc421fc9b4fa368a8050a930f7 - Path: Packages/com.unity.ugui/Editor/UGUI/UI/PrefabLayoutRebuilder.cs - Importer: ScriptedImporter/UnityEditor.QuickSearchModule:UnityEditor.Search:ASIAI0B' with importer (ScriptedImporter : UnityEditor.QuickSearchModule:UnityEditor.Search:ASIAI0B)
Imported 'GUID: a62706dc421fc9b4fa368a8050a930f7' -> (Import Result ID: 'b1ac193197993e88b847268edba131d9') in 0.002 seconds [static and dynamic dependencies]. Details - ImportResultOutputID=666010c292955303280ab14b138c093a DependenciesID=6e07f94ac2286a3273fd1262358d7d19 StaticDependenciesID=9fa75dd8528d0656876c7a0df2f88496 
Number of updated asset objects reloaded before import = 0
Number of asset objects unloaded after import = 0
========================================================================
Received Import Request.
  Time of request: 2026-10-09T14:09:51.263152Z
  Time since last request: 0.000773073 seconds.
  importAddress: GUID: f867743975592a743a3581ff042bcc25 - Path: Packages/com.unity.ugui/Editor/UGUI/UI/MenuOptions.cs - Importer: ScriptedImporter/UnityEditor.QuickSearchModule:UnityEditor.Search:ASIAI0B
Importing 'GUID: f867743975592a743a3581ff042bcc25 - Path: Packages/com.unity.ugui/Editor/UGUI/UI/MenuOptions.cs - Importer: ScriptedImporter/UnityEditor.QuickSearchModule:UnityEditor.Search:ASIAI0B' with importer (ScriptedImporter : UnityEditor.QuickSearchModule:UnityEditor.Search:ASIAI0B)
Imported 'GUID: f867743975592a743a3581ff042bcc25' -> (Import Result ID: '305fa23d84a7e37f4962d054bdeead24') in 0.002 seconds [static and dynamic dependencies]. Details - ImportResultOutputID=7199e10c671463e2e87bdff834f5084b DependenciesID=94ae97e1ee681e443f73c1f71a6f2ddd StaticDependenciesID=75590f86f26daacb508ed943bdc83a0c 
Number of updated asset objects reloaded before import = 0
Number of asset objects unloaded after import = 0
========================================================================
Received Import Request.
  Time of request: 2026-10-09T14:09:51.271852Z
  Time since last request: 0.000246871 seconds.
  importAddress: GUID: 6a981cd1456bec84b86e1c66773f57f5 - Path: Packages/com.unity.ugui/Editor/UGUI/UI/GridLayoutGroupEditor.cs - Importer: ScriptedImporter/UnityEditor.QuickSearchModule:UnityEditor.Search:ASIAI0B
Importing 'GUID: 6a981cd1456bec84b86e1c66773f57f5 - Path: Packages/com.unity.ugui/Editor/UGUI/UI/GridLayoutGroupEditor.cs - Importer: ScriptedImporter/UnityEditor.QuickSearchModule:UnityEditor.Search:ASIAI0B' with importer (ScriptedImporter : UnityEditor.QuickSearchModule:UnityEditor.Search:ASIAI0B)
Imported 'GUID: 6a981cd1456bec84b86e1c66773f57f5' -> (Import Result ID: 'add4a57dd4590c6803c813b9ce1b4533') in 0.001 seconds [static and dynamic dependencies]. Details - ImportResultOutputID=0256ec46b4f289e04c1fabbdcd69ea65 DependenciesID=1d94d9fd4cd9103d77f9dc0337b12454 StaticDependenciesID=f2231fb885bde50279e677cd199a7e6b 
Number of updated asset objects reloaded before import = 0
Number of asset objects unloaded after import = 0
========================================================================
Received Import Request.
  Time of request: 2026-10-09T14:09:51.280627Z
  Time since last request: 0.000323483 seconds.
  importAddress: GUID: b10cb8fee5b39014d8a417bf413f5e5c - Path: Packages/com.unity.ugui/Editor/UGUI/UI/MaskEditor.cs - Importer: ScriptedImporter/UnityEditor.QuickSearchModule:UnityEditor.Search:ASIAI0B
Importing 'GUID: b10cb8fee5b39014d8a417bf413f5e5c - Path: Packages/com.unity.ugui/Editor/UGUI/UI/MaskEditor.cs - Importer: ScriptedImporter/UnityEditor.QuickSearchModule:UnityEditor.Search:ASIAI0B' with importer (ScriptedImporter : UnityEditor.QuickSearchModule:UnityEditor.Search:ASIAI0B)
Imported 'GUID: b10cb8fee5b39014d8a417bf413f5e5c' -> (Import Result ID: '23b46ded23029c2a4c71119872c410df') in 0.002 seconds [static and dynamic dependencies]. Details - ImportResultOutputID=19ed6c40eaa628d6478196581c8f8d9f DependenciesID=5d41f588c794e6f54ad90d979fec81b0 StaticDependenciesID=447798b3d48238b29e170999ddb30c29 
Number of updated asset objects reloaded before import = 0
Number of asset objects unloaded after import = 0
========================================================================
Received Import Request.
  Time of request: 2026-10-09T14:09:51.289679Z
  Time since last request: 0.00056244 seconds.
  importAddress: GUID: 260b531edc40677429c0198d6961e448 - Path: Packages/com.unity.ugui/Editor/UGUI/UI/SpriteDrawUtility.cs - Importer: ScriptedImporter/UnityEditor.QuickSearchModule:UnityEditor.Search:ASIAI0B
Importing 'GUID: 260b531edc40677429c0198d6961e448 - Path: Packages/com.unity.ugui/Editor/UGUI/UI/SpriteDrawUtility.cs - Importer: ScriptedImporter/UnityEditor.QuickSearchModule:UnityEditor.Search:ASIAI0B' with importer (ScriptedImporter : UnityEditor.QuickSearchModule:UnityEditor.Search:ASIAI0B)
Imported 'GUID: 260b531edc40677429c0198d6961e448' -> (Import Result ID: '30c180ee700966627f16f49df03d32e9') in 0.001 seconds [static and dynamic dependencies]. Details - ImportResultOutputID=eb5d7d72853c1bcd7bdc3a1652206d58 DependenciesID=3a25fbe635c338838cdc4a24993f2e80 StaticDependenciesID=2464c913ec1c004c8151f33755774002 
Number of updated asset objects reloaded before import = 0
Number of asset objects unloaded after import = 0
========================================================================
Received Import Request.
  Time of request: 2026-10-09T14:09:51.298685Z
  Time since last request: 0.000287466 seconds.
  importAddress: GUID: 794f3951c48395848920fdb593a2ae38 - Path: Packages/com.unity.ugui/Editor/UGUI/UI/LayoutPropertiesPreview.cs - Importer: ScriptedImporter/UnityEditor.QuickSearchModule:UnityEditor.Search:ASIAI0B
Importing 'GUID: 794f3951c48395848920fdb593a2ae38 - Path: Packages/com.unity.ugui/Editor/UGUI/UI/LayoutPropertiesPreview.cs - Importer: ScriptedImporter/UnityEditor.QuickSearchModule:UnityEditor.Search:ASIAI0B' with importer (ScriptedImporter : UnityEditor.QuickSearchModule:UnityEditor.Search:ASIAI0B)
Imported 'GUID: 794f3951c48395848920fdb593a2ae38' -> (Import Result ID: 'f222eb0f322de065975243b0a72c102e') in 0.002 seconds [static and dynamic dependencies]. Details - ImportResultOutputID=61aa4296f8575ada3550c30bc078dffb DependenciesID=e14983300b6327084192029e7073883c StaticDependenciesID=bab4fe6958cde38af4ac0e8d28f93303 
Number of updated asset objects reloaded before import = 0
Number of asset objects unloaded after import = 0
========================================================================
Received Import Request.
  Time of request: 2026-10-09T14:09:51.307989Z
  Time since last request: 0.000706719 seconds.
  importAddress: GUID: 127023922adddf744b59fa7b0b0c3030 - Path: Packages/com.unity.ugui/Editor/UGUI/UI/InterceptedEventsPreview.cs - Importer: ScriptedImporter/UnityEditor.QuickSearchModule:UnityEditor.Search:ASIAI0B
Importing 'GUID: 127023922adddf744b59fa7b0b0c3030 - Path: Packages/com.unity.ugui/Editor/UGUI/UI/InterceptedEventsPreview.cs - Importer: ScriptedImporter/UnityEditor.QuickSearchModule:UnityEditor.Search:ASIAI0B' with importer (ScriptedImporter : UnityEditor.QuickSearchModule:UnityEditor.Search:ASIAI0B)
Imported 'GUID: 127023922adddf744b59fa7b0b0c3030' -> (Import Result ID: '1316ddb43ff58ceef0699a0ff4653c36') in 0.001 seconds [static and dynamic dependencies]. Details - ImportResultOutputID=c949b4fcfd4097dbbf3626112fbd74ea DependenciesID=c22ce8ea93387f55a4553c63a58c6bb7 StaticDependenciesID=189b44f37959c03f5677a834198dd8b7 
Number of updated asset objects reloaded before import = 0
Number of asset objects unloaded after import = 0
========================================================================
Received Import Request.
  Time of request: 2026-10-09T14:09:51.316258Z
  Time since last request: 0.000459568 seconds.
  importAddress: GUID: 21d2d5d6901f2ca43a8015c60ada4e2c - Path: Packages/com.unity.ugui/Editor/UGUI/UI/InputFieldEditor.cs - Importer: ScriptedImporter/UnityEditor.QuickSearchModule:UnityEditor.Search:ASIAI0B
Importing 'GUID: 21d2d5d6901f2ca43a8015c60ada4e2c - Path: Packages/com.unity.ugui/Editor/UGUI/UI/InputFieldEditor.cs - Importer: ScriptedImporter/UnityEditor.QuickSearchModule:UnityEditor.Search:ASIAI0B' with importer (ScriptedImporter : UnityEditor.QuickSearchModule:UnityEditor.Search:ASIAI0B)
Imported 'GUID: 21d2d5d6901f2ca43a8015c60ada4e2c' -> (Import Result ID: 'c8c03f34b4d5b73fb3edef01a4fc0724') in 0.001 seconds [static and dynamic dependencies]. Details - ImportResultOutputID=39ae7dfbb0a3711b59076117993be0ff DependenciesID=2da345c036a3e6f8d44a83f45336736b StaticDependenciesID=be40b6b84fc61e0dd0c865b8bf39d2ce 
Number of updated asset objects reloaded before import = 0
Number of asset objects unloaded after import = 0
========================================================================
Received Import Request.
  Time of request: 2026-10-09T14:09:51.324639Z
  Time since last request: 0.000671253 seconds.
  importAddress: GUID: e976a5e755c7016418f66e15223c1b90 - Path: Packages/com.unity.ugui/Editor/UGUI/EventSystem/PhysicsRaycasterEditor.cs - Importer: ScriptedImporter/UnityEditor.QuickSearchModule:UnityEditor.Search:ASIAI0B
Importing 'GUID: e976a5e755c7016418f66e15223c1b90 - Path: Packages/com.unity.ugui/Editor/UGUI/EventSystem/PhysicsRaycasterEditor.cs - Importer: ScriptedImporter/UnityEditor.QuickSearchModule:UnityEditor.Search:ASIAI0B' with importer (ScriptedImporter : UnityEditor.QuickSearchModule:UnityEditor.Search:ASIAI0B)
Imported 'GUID: e976a5e755c7016418f66e15223c1b90' -> (Import Result ID: '3c3789fe9ac1fc86cff0e287a7a4f585') in 0.004 seconds [static and dynamic dependencies]. Details - ImportResultOutputID=03236197192d16e3049043614c026b71 DependenciesID=fb76482efda799e88d645d136bd2e9b0 StaticDependenciesID=5e05541f9608b67d7de778eb15ac6516 
Number of updated asset objects reloaded before import = 0
Number of asset objects unloaded after import = 0
========================================================================
Received Import Request.
  Time of request: 2026-10-09T14:09:51.335975Z
  Time since last request: 0.000211595 seconds.
  importAddress: GUID: c4777500b5da6094e956c3d4f04de4db - Path: Packages/com.unity.ugui/Editor/TMP/PropertyDrawers/TMP_GlyphPropertyDrawer.cs - Importer: ScriptedImporter/UnityEditor.QuickSearchModule:UnityEditor.Search:ASIAI0B
Importing 'GUID: c4777500b5da6094e956c3d4f04de4db - Path: Packages/com.unity.ugui/Editor/TMP/PropertyDrawers/TMP_GlyphPropertyDrawer.cs - Importer: ScriptedImporter/UnityEditor.QuickSearchModule:UnityEditor.Search:ASIAI0B' with importer (ScriptedImporter : UnityEditor.QuickSearchModule:UnityEditor.Search:ASIAI0B)
Imported 'GUID: c4777500b5da6094e956c3d4f04de4db' -> (Import Result ID: 'f0cf5d788cb727b3237f923a6facb961') in 0.002 seconds [static and dynamic dependencies]. Details - ImportResultOutputID=d4f4c2904a6d7028a0ce03d6e48cfeed DependenciesID=403a6880a9091a159377b9d620fc7d95 StaticDependenciesID=f492bd1d376f88e692069d9e3ae03d49 
Number of updated asset objects reloaded before import = 0
Number of asset objects unloaded after import = 0
========================================================================
Received Import Request.
  Time of request: 2026-10-09T14:09:51.344607Z
  Time since last request: 0.000253022 seconds.
  importAddress: GUID: 05f582d4fbc8e0c40afccb76bbbe0935 - Path: Packages/com.unity.ugui/Editor/UGUI/UI/DropdownEditor.cs - Importer: ScriptedImporter/UnityEditor.QuickSearchModule:UnityEditor.Search:ASIAI0B
Importing 'GUID: 05f582d4fbc8e0c40afccb76bbbe0935 - Path: Packages/com.unity.ugui/Editor/UGUI/UI/DropdownEditor.cs - Importer: ScriptedImporter/UnityEditor.QuickSearchModule:UnityEditor.Search:ASIAI0B' with importer (ScriptedImporter : UnityEditor.QuickSearchModule:UnityEditor.Search:ASIAI0B)
Imported 'GUID: 05f582d4fbc8e0c40afccb76bbbe0935' -> (Import Result ID: 'b0bb9995cb0e4febdedfd53e4d19e1e3') in 0.002 seconds [static and dynamic dependencies]. Details - ImportResultOutputID=7dd559f8bb417f5ec3cde3a1360434c8 DependenciesID=6746606b8f9630465e12920b96145e95 StaticDependenciesID=27b53591a2554ab8c83916e7ea136e01 
Number of updated asset objects reloaded before import = 0
Number of asset objects unloaded after import = 0
========================================================================
Received Import Request.
  Time of request: 2026-10-09T14:09:51.353765Z
  Time since last request: 0.000216745 seconds.
  importAddress: GUID: 149e85704eb73624ba2d705408274f3e - Path: Packages/com.unity.ugui/Editor/TMP/PropertyDrawers/TMP_MarkToMarkAdjustmentRecordPropertyDrawer.cs - Importer: ScriptedImporter/UnityEditor.QuickSearchModule:UnityEditor.Search:ASIAI0B
Importing 'GUID: 149e85704eb73624ba2d705408274f3e - Path: Packages/com.unity.ugui/Editor/TMP/PropertyDrawers/TMP_MarkToMarkAdjustmentRecordPropertyDrawer.cs - Importer: ScriptedImporter/UnityEditor.QuickSearchModule:UnityEditor.Search:ASIAI0B' with importer (ScriptedImporter : UnityEditor.QuickSearchModule:UnityEditor.Search:ASIAI0B)
Imported 'GUID: 149e85704eb73624ba2d705408274f3e' -> (Import Result ID: '5cd15c8336c1ee77cea3491e5e9ae926') in 0.001 seconds [static and dynamic dependencies]. Details - ImportResultOutputID=5faa7e190da0ff651226ca3d4716da90 DependenciesID=0bc186c07fdd030a097337c09500bd90 StaticDependenciesID=b33a796d4ebca5bb51edd90b98d166c3 
Number of updated asset objects reloaded before import = 0
Number of asset objects unloaded after import = 0
========================================================================
Received Import Request.
  Time of request: 2026-10-09T14:09:51.36213Z
  Time since last request: 0.000256929 seconds.
  importAddress: GUID: f4688fdb7df04437aeb418b961361dc5 - Path: Packages/com.unity.ugui/Runtime/TMP/TextMeshProUGUI.cs - Importer: ScriptedImporter/UnityEditor.QuickSearchModule:UnityEditor.Search:ASIAI0B
Importing 'GUID: f4688fdb7df04437aeb418b961361dc5 - Path: Packages/com.unity.ugui/Runtime/TMP/TextMeshProUGUI.cs - Importer: ScriptedImporter/UnityEditor.QuickSearchModule:UnityEditor.Search:ASIAI0B' with importer (ScriptedImporter : UnityEditor.QuickSearchModule:UnityEditor.Search:ASIAI0B)
Imported 'GUID: f4688fdb7df04437aeb418b961361dc5' -> (Import Result ID: 'af4dc111c58575a012091de1f3c0784e') in 0.002 seconds [static and dynamic dependencies]. Details - ImportResultOutputID=04b2db6f18e5e8ea246b95110c21ddd3 DependenciesID=6bbf63091d526ae71a1e2bdce0dc3495 StaticDependenciesID=1b46577e6aeb988643907ffd47f68634 
Number of updated asset objects reloaded before import = 0
Number of asset objects unloaded after import = 1
========================================================================
Received Import Request.
  Time of request: 2026-10-09T14:09:51.37156Z
  Time since last request: 0.000340265 seconds.
  importAddress: GUID: e3882522a08b6f5459b4dea6f8791278 - Path: Packages/com.unity.ugui/Editor/TMP/PropertyDrawers/GlyphMetricsPropertyDrawer.cs - Importer: ScriptedImporter/UnityEditor.QuickSearchModule:UnityEditor.Search:ASIAI0B
Importing 'GUID: e3882522a08b6f5459b4dea6f8791278 - Path: Packages/com.unity.ugui/Editor/TMP/PropertyDrawers/GlyphMetricsPropertyDrawer.cs - Importer: ScriptedImporter/UnityEditor.QuickSearchModule:UnityEditor.Search:ASIAI0B' with importer (ScriptedImporter : UnityEditor.QuickSearchModule:UnityEditor.Search:ASIAI0B)
Imported 'GUID: e3882522a08b6f5459b4dea6f8791278' -> (Import Result ID: '929fa621385031fcf73a5d64f0c3eb63') in 0.002 seconds [static and dynamic dependencies]. Details - ImportResultOutputID=ad60c212e7d9477c60e25ae1d7342f8c DependenciesID=b73b7ccfb0a2bfa0f4bcba0cef2e8449 StaticDependenciesID=423bbdbf01768805e53890957aca0adf 
Number of updated asset objects reloaded before import = 0
Number of asset objects unloaded after import = 0
========================================================================
Received Import Request.
  Time of request: 2026-10-09T14:09:51.38135Z
  Time since last request: 0.000481909 seconds.
  importAddress: GUID: 472a6f18dd2f97c41af72271d22db869 - Path: Packages/com.unity.ugui/Editor/UGUI/UI/ButtonEditor.cs - Importer: ScriptedImporter/UnityEditor.QuickSearchModule:UnityEditor.Search:ASIAI0B
Importing 'GUID: 472a6f18dd2f97c41af72271d22db869 - Path: Packages/com.unity.ugui/Editor/UGUI/UI/ButtonEditor.cs - Importer: ScriptedImporter/UnityEditor.QuickSearchModule:UnityEditor.Search:ASIAI0B' with importer (ScriptedImporter : UnityEditor.QuickSearchModule:UnityEditor.Search:ASIAI0B)
Imported 'GUID: 472a6f18dd2f97c41af72271d22db869' -> (Import Result ID: '0f819b933a53a31aada595da3bb2ef80') in 0.001 seconds [static and dynamic dependencies]. Details - ImportResultOutputID=47d9cd98a9d8591e6fee13d526a7a850 DependenciesID=b1380f3e248d97873acaf474849ddf73 StaticDependenciesID=756f071a20568a6ac0338c339918c13b 
Number of updated asset objects reloaded before import = 0
Number of asset objects unloaded after import = 0
========================================================================
Received Import Request.
  Time of request: 2026-10-09T14:09:51.389978Z
  Time since last request: 0.000297285 seconds.
  importAddress: GUID: e6413f4090046814d802ddbff9890878 - Path: Packages/com.unity.ugui/Editor/UGUI/UI/RawImageEditor.cs - Importer: ScriptedImporter/UnityEditor.QuickSearchModule:UnityEditor.Search:ASIAI0B
Importing 'GUID: e6413f4090046814d802ddbff9890878 - Path: Packages/com.unity.ugui/Editor/UGUI/UI/RawImageEditor.cs - Importer: ScriptedImporter/UnityEditor.QuickSearchModule:UnityEditor.Search:ASIAI0B' with importer (ScriptedImporter : UnityEditor.QuickSearchModule:UnityEditor.Search:ASIAI0B)
Imported 'GUID: e6413f4090046814d802ddbff9890878' -> (Import Result ID: '4ef64344da8f08dcf02b822635e4ad37') in 0.002 seconds [static and dynamic dependencies]. Details - ImportResultOutputID=519db666cceaf5ce9c429afda2d99fb8 DependenciesID=49611ef8addd95ccdcfa588d5dccf630 StaticDependenciesID=4a747864baad7bd14ab953c1e3a4f4df 
Number of updated asset objects reloaded before import = 0
Number of asset objects unloaded after import = 0
========================================================================
Received Import Request.
  Time of request: 2026-10-09T14:09:51.41787Z
  Time since last request: 0.019623641 seconds.
  importAddress: GUID: 4e29b1a8efbd4b44bb3f3716e73f07ff - Path: Packages/com.unity.ugui/Runtime/UGUI/UI/Core/Button.cs - Importer: ScriptedImporter/UnityEditor.QuickSearchModule:UnityEditor.Search:ASIAI0B
Importing 'GUID: 4e29b1a8efbd4b44bb3f3716e73f07ff - Path: Packages/com.unity.ugui/Runtime/UGUI/UI/Core/Button.cs - Importer: ScriptedImporter/UnityEditor.QuickSearchModule:UnityEditor.Search:ASIAI0B' with importer (ScriptedImporter : UnityEditor.QuickSearchModule:UnityEditor.Search:ASIAI0B)
Imported 'GUID: 4e29b1a8efbd4b44bb3f3716e73f07ff' -> (Import Result ID: '324943d50a41f3bb09c09fbe9ddba8ce') in 0.001 seconds [static and dynamic dependencies]. Details - ImportResultOutputID=b422a7eb9076e715eb9abfc575c1086b DependenciesID=4ec5e5ea3799a8b495a641785e813635 StaticDependenciesID=a7b34013048ad04757043cff94e00b9c 
Number of updated asset objects reloaded before import = 0
Number of asset objects unloaded after import = 0
========================================================================
Received Import Request.
  Time of request: 2026-10-09T14:09:51.426243Z
  Time since last request: 0.000455109 seconds.
  importAddress: GUID: 05242c3d99f24a74f99cc20369fcb344 - Path: Packages/com.unity.ugui/Tests/Editor/Common/UnityEditor.UI.Common.Tests.asmdef - Importer: ScriptedImporter/UnityEditor.QuickSearchModule:UnityEditor.Search:ASIAI0B
Importing 'GUID: 05242c3d99f24a74f99cc20369fcb344 - Path: Packages/com.unity.ugui/Tests/Editor/Common/UnityEditor.UI.Common.Tests.asmdef - Importer: ScriptedImporter/UnityEditor.QuickSearchModule:UnityEditor.Search:ASIAI0B' with importer (ScriptedImporter : UnityEditor.QuickSearchModule:UnityEditor.Search:ASIAI0B)
Imported 'GUID: 05242c3d99f24a74f99cc20369fcb344' -> (Import Result ID: 'd72bb03f4a8140f29a22769f5d854f61') in 0.003 seconds [static and dynamic dependencies]. Details - ImportResultOutputID=509693ba3a8f567ca5cc34631777c051 DependenciesID=65af3d4c376f40d4e2c2beb805ec022b StaticDependenciesID=0df72a8387c6255cc05eec618c34eae4 
Number of updated asset objects reloaded before import = 0
Number of asset objects unloaded after import = 1
========================================================================
Received Import Request.
  Time of request: 2026-10-09T14:09:51.436172Z
  Time since last request: 0.000119603 seconds.
  importAddress: GUID: 69e3979b7029e8a4da2d96b714ba5c3a - Path: Packages/com.unity.ugui/Runtime/UGUI/UI/Core/GraphicRegistry.cs - Importer: ScriptedImporter/UnityEditor.QuickSearchModule:UnityEditor.Search:ASIAI0B
Importing 'GUID: 69e3979b7029e8a4da2d96b714ba5c3a - Path: Packages/com.unity.ugui/Runtime/UGUI/UI/Core/GraphicRegistry.cs - Importer: ScriptedImporter/UnityEditor.QuickSearchModule:UnityEditor.Search:ASIAI0B' with importer (ScriptedImporter : UnityEditor.QuickSearchModule:UnityEditor.Search:ASIAI0B)
Imported 'GUID: 69e3979b7029e8a4da2d96b714ba5c3a' -> (Import Result ID: 'b3fac124a7cc5e21efd2e2dd45dadbb4') in 0.002 seconds [static and dynamic dependencies]. Details - ImportResultOutputID=7d474fff7d15a7288992c190f704ac79 DependenciesID=c717a91c974c28bff4688f5e3bb243fd StaticDependenciesID=1b442cfcc11bb00b2d60c0cd7b93495a 
Number of updated asset objects reloaded before import = 0
Number of asset objects unloaded after import = 0
========================================================================
Received Import Request.
  Time of request: 2026-10-09T14:09:51.445573Z
  Time since last request: 0.000159879 seconds.
  importAddress: GUID: 7bd96d76711152648a736c4d28d865f2 - Path: Packages/com.unity.ugui/Runtime/UGUI/UI/Core/MaskUtilities.cs - Importer: ScriptedImporter/UnityEditor.QuickSearchModule:UnityEditor.Search:ASIAI0B
Importing 'GUID: 7bd96d76711152648a736c4d28d865f2 - Path: Packages/com.unity.ugui/Runtime/UGUI/UI/Core/MaskUtilities.cs - Importer: ScriptedImporter/UnityEditor.QuickSearchModule:UnityEditor.Search:ASIAI0B' with importer (ScriptedImporter : UnityEditor.QuickSearchModule:UnityEditor.Search:ASIAI0B)
Imported 'GUID: 7bd96d76711152648a736c4d28d865f2' -> (Import Result ID: '875689f5817ff2d1dc886eebf27cb721') in 0.002 seconds [static and dynamic dependencies]. Details - ImportResultOutputID=6e89ce48fb9d7077b02e47fd4312741c DependenciesID=f17dccf5e01b7d7537b023f3613bd7e4 StaticDependenciesID=c35809eb0ac6c03a7aa9e26f3442aa68 
Number of updated asset objects reloaded before import = 0
Number of asset objects unloaded after import = 0
========================================================================
Received Import Request.
  Time of request: 2026-10-09T14:09:51.453641Z
  Time since last request: 0.000242443 seconds.
  importAddress: GUID: 6370fe1d392924d45b0cfd255bf60d2a - Path: Packages/com.unity.ugui/Tests/Editor/Common/VersionTests.cs - Importer: ScriptedImporter/UnityEditor.QuickSearchModule:UnityEditor.Search:ASIAI0B
Importing 'GUID: 6370fe1d392924d45b0cfd255bf60d2a - Path: Packages/com.unity.ugui/Tests/Editor/Common/VersionTests.cs - Importer: ScriptedImporter/UnityEditor.QuickSearchModule:UnityEditor.Search:ASIAI0B' with importer (ScriptedImporter : UnityEditor.QuickSearchModule:UnityEditor.Search:ASIAI0B)
Imported 'GUID: 6370fe1d392924d45b0cfd255bf60d2a' -> (Import Result ID: '88e9e95c9ce72bee81dab4a05b587ac5') in 0.001 seconds [static and dynamic dependencies]. Details - ImportResultOutputID=4c1e90173937d89f1cdefe8e2118751b DependenciesID=2e596509d81c2435de04606a47ef77a5 StaticDependenciesID=0b898c53e62a98b427f3ae177560bc25 
Number of updated asset objects reloaded before import = 0
Number of asset objects unloaded after import = 0
========================================================================
Received Import Request.
  Time of request: 2026-10-09T14:09:51.461762Z
  Time since last request: 0.000229468 seconds.
  importAddress: GUID: fc31799bd6dc1f74a8adfee1acd05a9b - Path: Packages/com.unity.ugui/Tests/Editor/UGUI/WrapperWindowFixture.cs - Importer: ScriptedImporter/UnityEditor.QuickSearchModule:UnityEditor.Search:ASIAI0B
Importing 'GUID: fc31799bd6dc1f74a8adfee1acd05a9b - Path: Packages/com.unity.ugui/Tests/Editor/UGUI/WrapperWindowFixture.cs - Importer: ScriptedImporter/UnityEditor.QuickSearchModule:UnityEditor.Search:ASIAI0B' with importer (ScriptedImporter : UnityEditor.QuickSearchModule:UnityEditor.Search:ASIAI0B)
Imported 'GUID: fc31799bd6dc1f74a8adfee1acd05a9b' -> (Import Result ID: '7b32bcd4e853a6ac2245d69996e817f5') in 0.001 seconds [static and dynamic dependencies]. Details - ImportResultOutputID=1c1ba294107816e6cb63b16db0f415cb DependenciesID=5e58838ee9d559cf85bd615a9f9b48e8 StaticDependenciesID=156b896824ad101e222124d4fbb61313 
Number of updated asset objects reloaded before import = 0
Number of asset objects unloaded after import = 0
========================================================================
Received Import Request.
  Time of request: 2026-10-09T14:09:51.469526Z
  Time since last request: 0.000365342 seconds.
  importAddress: GUID: 928dc55e2c8c3ee4dad33b6d561cb6ea - Path: Packages/com.unity.ugui/Runtime/UGUI/UI/Core/IGraphicEnabledDisabled.cs - Importer: ScriptedImporter/UnityEditor.QuickSearchModule:UnityEditor.Search:ASIAI0B
Importing 'GUID: 928dc55e2c8c3ee4dad33b6d561cb6ea - Path: Packages/com.unity.ugui/Runtime/UGUI/UI/Core/IGraphicEnabledDisabled.cs - Importer: ScriptedImporter/UnityEditor.QuickSearchModule:UnityEditor.Search:ASIAI0B' with importer (ScriptedImporter : UnityEditor.QuickSearchModule:UnityEditor.Search:ASIAI0B)
Imported 'GUID: 928dc55e2c8c3ee4dad33b6d561cb6ea' -> (Import Result ID: '8c551b1d13038ebee6ce87b07f82835f') in 0.001 seconds [static and dynamic dependencies]. Details - ImportResultOutputID=3475afd34fa9617cbc91704da44cbfce DependenciesID=c3e05bdfcf5278726a3ab49a01a0357a StaticDependenciesID=30db25f5cacd850a3ea1331fd7249ba2 
Number of updated asset objects reloaded before import = 0
Number of asset objects unloaded after import = 0
========================================================================
Received Import Request.
  Time of request: 2026-10-09T14:09:51.477372Z
  Time since last request: 0.000367005 seconds.
  importAddress: GUID: c18288a8d31fc9043a807ee8a9f1ae64 - Path: Packages/com.unity.ugui/Editor/UGUI/UI/PropertyDrawers/AnimationTriggersDrawer.cs - Importer: ScriptedImporter/UnityEditor.QuickSearchModule:UnityEditor.Search:ASIAI0B
Importing 'GUID: c18288a8d31fc9043a807ee8a9f1ae64 - Path: Packages/com.unity.ugui/Editor/UGUI/UI/PropertyDrawers/AnimationTriggersDrawer.cs - Importer: ScriptedImporter/UnityEditor.QuickSearchModule:UnityEditor.Search:ASIAI0B' with importer (ScriptedImporter : UnityEditor.QuickSearchModule:UnityEditor.Search:ASIAI0B)
Imported 'GUID: c18288a8d31fc9043a807ee8a9f1ae64' -> (Import Result ID: 'e0fffe32e52c442b8808cbf1f846050c') in 0.001 seconds [static and dynamic dependencies]. Details - ImportResultOutputID=89798c7ca1af0bb1e2dc82b6de0ec0c5 DependenciesID=cee3291d9e3c77a7230c9a14b8522431 StaticDependenciesID=1a636ffdcdb05c7372ca48ffc87c95c5 
Number of updated asset objects reloaded before import = 0
Number of asset objects unloaded after import = 0
========================================================================
Received Import Request.
  Time of request: 2026-10-09T14:09:51.485118Z
  Time since last request: 0.000443938 seconds.
  importAddress: GUID: dc42784cf147c0c48a680349fa168899 - Path: Packages/com.unity.ugui/Runtime/UGUI/UI/Core/GraphicRaycaster.cs - Importer: ScriptedImporter/UnityEditor.QuickSearchModule:UnityEditor.Search:ASIAI0B
Importing 'GUID: dc42784cf147c0c48a680349fa168899 - Path: Packages/com.unity.ugui/Runtime/UGUI/UI/Core/GraphicRaycaster.cs - Importer: ScriptedImporter/UnityEditor.QuickSearchModule:UnityEditor.Search:ASIAI0B' with importer (ScriptedImporter : UnityEditor.QuickSearchModule:UnityEditor.Search:ASIAI0B)
Imported 'GUID: dc42784cf147c0c48a680349fa168899' -> (Import Result ID: '0394f4a778f5a7ff0f277993a3f0dd70') in 0.001 seconds [static and dynamic dependencies]. Details - ImportResultOutputID=cbd78aa8fb2fc5d0b1ccebc8ee35f96f DependenciesID=2b50f07b32945344519711afe785c01e StaticDependenciesID=1bbcbfa0353baacba7577c06c5b94fd1 
Number of updated asset objects reloaded before import = 0
Number of asset objects unloaded after import = 0
========================================================================
Received Import Request.
  Time of request: 2026-10-09T14:09:51.492559Z
  Time since last request: 0.000456903 seconds.
  importAddress: GUID: 4f231c4fb786f3946a6b90b886c48677 - Path: Packages/com.unity.ugui/Runtime/UGUI/EventSystem/InputModules/StandaloneInputModule.cs - Importer: ScriptedImporter/UnityEditor.QuickSearchModule:UnityEditor.Search:ASIAI0B
Importing 'GUID: 4f231c4fb786f3946a6b90b886c48677 - Path: Packages/com.unity.ugui/Runtime/UGUI/EventSystem/InputModules/StandaloneInputModule.cs - Importer: ScriptedImporter/UnityEditor.QuickSearchModule:UnityEditor.Search:ASIAI0B' with importer (ScriptedImporter : UnityEditor.QuickSearchModule:UnityEditor.Search:ASIAI0B)
Imported 'GUID: 4f231c4fb786f3946a6b90b886c48677' -> (Import Result ID: '2401a54019f71b46f305ac55c4b4f7e2') in 0.001 seconds [static and dynamic dependencies]. Details - ImportResultOutputID=806a19e00c2b59c1c7b990813291e1bd DependenciesID=b2e9e2b6dfbc34bfcb980e5d978bd575 StaticDependenciesID=fa8c8c583fe14bd429e0d81e881de63d 
Number of updated asset objects reloaded before import = 0
Number of asset objects unloaded after import = 0
========================================================================
Received Import Request.
  Time of request: 2026-10-09T14:09:51.500413Z
  Time since last request: 0.000255557 seconds.
  importAddress: GUID: 91f495459b6e34f419ac123740d798b1 - Path: Packages/com.unity.ugui/Runtime/UGUI/EventSystem/EventData/BaseEventData.cs - Importer: ScriptedImporter/UnityEditor.QuickSearchModule:UnityEditor.Search:ASIAI0B
Importing 'GUID: 91f495459b6e34f419ac123740d798b1 - Path: Packages/com.unity.ugui/Runtime/UGUI/EventSystem/EventData/BaseEventData.cs - Importer: ScriptedImporter/UnityEditor.QuickSearchModule:UnityEditor.Search:ASIAI0B' with importer (ScriptedImporter : UnityEditor.QuickSearchModule:UnityEditor.Search:ASIAI0B)
Imported 'GUID: 91f495459b6e34f419ac123740d798b1' -> (Import Result ID: 'f2ea66ae51e319cae1d91bb738015989') in 0.001 seconds [static and dynamic dependencies]. Details - ImportResultOutputID=b270e55b30e8674aa7da480eb551756b DependenciesID=0812ee5a17f94f6945e7694d1719dc15 StaticDependenciesID=47ede24a193ac3d6f23a9b7f1c9e1e3e 
Number of updated asset objects reloaded before import = 0
Number of asset objects unloaded after import = 0
========================================================================
Received Import Request.
  Time of request: 2026-10-09T14:09:51.508504Z
  Time since last request: 0.000176129 seconds.
  importAddress: GUID: a6238e9452bfc704f82ff36791fe1a45 - Path: Packages/com.unity.ugui/Runtime/UGUI/UI/Core/Graphic.cs - Importer: ScriptedImporter/UnityEditor.QuickSearchModule:UnityEditor.Search:ASIAI0B
Importing 'GUID: a6238e9452bfc704f82ff36791fe1a45 - Path: Packages/com.unity.ugui/Runtime/UGUI/UI/Core/Graphic.cs - Importer: ScriptedImporter/UnityEditor.QuickSearchModule:UnityEditor.Search:ASIAI0B' with importer (ScriptedImporter : UnityEditor.QuickSearchModule:UnityEditor.Search:ASIAI0B)
Imported 'GUID: a6238e9452bfc704f82ff36791fe1a45' -> (Import Result ID: '9e30db6149337273a257600657bc0b59') in 0.001 seconds [static and dynamic dependencies]. Details - ImportResultOutputID=b459a1a5058fe7d87cdae3249fb1f038 DependenciesID=4ac2c4e80bb1ec91277a0273d15e5219 StaticDependenciesID=0124ed15031886cbb00dab95891134cc 
Number of updated asset objects reloaded before import = 0
Number of asset objects unloaded after import = 0
========================================================================
Received Import Request.
  Time of request: 2026-10-09T14:09:51.516479Z
  Time since last request: 0.000163214 seconds.
  importAddress: GUID: 7be84a49bb2cd7e4a9ed097ba22794d0 - Path: Packages/com.unity.ugui/Runtime/UGUI/UI/Animation/CoroutineTween.cs - Importer: ScriptedImporter/UnityEditor.QuickSearchModule:UnityEditor.Search:ASIAI0B
Importing 'GUID: 7be84a49bb2cd7e4a9ed097ba22794d0 - Path: Packages/com.unity.ugui/Runtime/UGUI/UI/Animation/CoroutineTween.cs - Importer: ScriptedImporter/UnityEditor.QuickSearchModule:UnityEditor.Search:ASIAI0B' with importer (ScriptedImporter : UnityEditor.QuickSearchModule:UnityEditor.Search:ASIAI0B)
Imported 'GUID: 7be84a49bb2cd7e4a9ed097ba22794d0' -> (Import Result ID: 'e81f14493eb6bd23b9a274d4fa47ac9a') in 0.001 seconds [static and dynamic dependencies]. Details - ImportResultOutputID=de03ea265f86f701b4f87cd3e3fd9744 DependenciesID=9e5346b01517c2c60aa273495411735e StaticDependenciesID=dda6027261f65248befdd80779efbde9 
Number of updated asset objects reloaded before import = 0
Number of asset objects unloaded after import = 0
========================================================================
Received Import Request.
  Time of request: 2026-10-09T14:09:51.524155Z
  Time since last request: 0.00026786 seconds.
  importAddress: GUID: 1385bc74f3945c943be16ecbb1381063 - Path: Packages/com.unity.ugui/Editor/UGUI/UI/PropertyDrawers/DropdownOptionListDrawer.cs - Importer: ScriptedImporter/UnityEditor.QuickSearchModule:UnityEditor.Search:ASIAI0B
Importing 'GUID: 1385bc74f3945c943be16ecbb1381063 - Path: Packages/com.unity.ugui/Editor/UGUI/UI/PropertyDrawers/DropdownOptionListDrawer.cs - Importer: ScriptedImporter/UnityEditor.QuickSearchModule:UnityEditor.Search:ASIAI0B' with importer (ScriptedImporter : UnityEditor.QuickSearchModule:UnityEditor.Search:ASIAI0B)
Imported 'GUID: 1385bc74f3945c943be16ecbb1381063' -> (Import Result ID: 'ab735878a9a7570635b7e536246c3bb9') in 0.002 seconds [static and dynamic dependencies]. Details - ImportResultOutputID=7677e41fb6980416b1f1481a135dd336 DependenciesID=97066356d17063c3c13994cecf9a330d StaticDependenciesID=965742dce3a227fff4811f469d465ab3 
Number of updated asset objects reloaded before import = 0
Number of asset objects unloaded after import = 0
========================================================================
Received Import Request.
  Time of request: 2026-10-09T14:09:51.531853Z
  Time since last request: 0.000174276 seconds.
  importAddress: GUID: 7a79c4e23d4d4b64bfa5fa9e6671a460 - Path: Packages/com.unity.ugui/Runtime/UGUI/EventSystem/UIElements/PanelRaycaster.cs - Importer: ScriptedImporter/UnityEditor.QuickSearchModule:UnityEditor.Search:ASIAI0B
Importing 'GUID: 7a79c4e23d4d4b64bfa5fa9e6671a460 - Path: Packages/com.unity.ugui/Runtime/UGUI/EventSystem/UIElements/PanelRaycaster.cs - Importer: ScriptedImporter/UnityEditor.QuickSearchModule:UnityEditor.Search:ASIAI0B' with importer (ScriptedImporter : UnityEditor.QuickSearchModule:UnityEditor.Search:ASIAI0B)
Imported 'GUID: 7a79c4e23d4d4b64bfa5fa9e6671a460' -> (Import Result ID: '4a435b60c463eb9fa3e1e19e123f2fbb') in 0.002 seconds [static and dynamic dependencies]. Details - ImportResultOutputID=78174be22f839db463ab29e43b3b1577 DependenciesID=acbe20a7bc2acc0738ca1d177acf5477 StaticDependenciesID=bb2b23eb9b08a7d22e22e8f5f8bc93f4 
Number of updated asset objects reloaded before import = 0
Number of asset objects unloaded after import = 0
========================================================================
Received Import Request.
  Time of request: 2026-10-09T14:09:51.540826Z
  Time since last request: 0.001030734 seconds.
  importAddress: GUID: 5c221dffa89042038c946376c731c918 - Path: Packages/com.unity.ugui/Tests/Editor/TMP/TMP_ControlTests.cs - Importer: ScriptedImporter/UnityEditor.QuickSearchModule:UnityEditor.Search:ASIAI0B
Importing 'GUID: 5c221dffa89042038c946376c731c918 - Path: Packages/com.unity.ugui/Tests/Editor/TMP/TMP_ControlTests.cs - Importer: ScriptedImporter/UnityEditor.QuickSearchModule:UnityEditor.Search:ASIAI0B' with importer (ScriptedImporter : UnityEditor.QuickSearchModule:UnityEditor.Search:ASIAI0B)
Imported 'GUID: 5c221dffa89042038c946376c731c918' -> (Import Result ID: '8a8b209e31ec04cd2433450948f9fee7') in 0.001 seconds [static and dynamic dependencies]. Details - ImportResultOutputID=215efdc81f03f7a21f0e79f40204d5c4 DependenciesID=eebe767b2670586f6e141a88f8fae9ee StaticDependenciesID=467297d577c1bb70f3d577fc7557cea9 
Number of updated asset objects reloaded before import = 0
Number of asset objects unloaded after import = 0
========================================================================
Received Import Request.
  Time of request: 2026-10-09T14:09:51.548458Z
  Time since last request: 0.000288539 seconds.
  importAddress: GUID: 393b15da08c88194dbbcacd6ee15a89c - Path: Packages/com.unity.ugui/Tests/Editor/UGUI/TestBehaviourBase.cs - Importer: ScriptedImporter/UnityEditor.QuickSearchModule:UnityEditor.Search:ASIAI0B
Importing 'GUID: 393b15da08c88194dbbcacd6ee15a89c - Path: Packages/com.unity.ugui/Tests/Editor/UGUI/TestBehaviourBase.cs - Importer: ScriptedImporter/UnityEditor.QuickSearchModule:UnityEditor.Search:ASIAI0B' with importer (ScriptedImporter : UnityEditor.QuickSearchModule:UnityEditor.Search:ASIAI0B)
Imported 'GUID: 393b15da08c88194dbbcacd6ee15a89c' -> (Import Result ID: '707ef8674b3f766277b279378ecf4c78') in 0.001 seconds [static and dynamic dependencies]. Details - ImportResultOutputID=dbd26063f78afce25b59b89a1d6effcb DependenciesID=4f4d2e4b70b767832e1f514bed16f5c1 StaticDependenciesID=00ef430f276cc97878796e520d0276ac 
Number of updated asset objects reloaded before import = 0
Number of asset objects unloaded after import = 0
========================================================================
Received Import Request.
  Time of request: 2026-10-09T14:09:51.564957Z
  Time since last request: 0.00838949 seconds.
  importAddress: GUID: 69ae55f76840b2849ba56cfb53a17df0 - Path: Packages/com.unity.ugui/Runtime/UGUI/UI/Core/StencilMaterial.cs - Importer: ScriptedImporter/UnityEditor.QuickSearchModule:UnityEditor.Search:ASIAI0B
Importing 'GUID: 69ae55f76840b2849ba56cfb53a17df0 - Path: Packages/com.unity.ugui/Runtime/UGUI/UI/Core/StencilMaterial.cs - Importer: ScriptedImporter/UnityEditor.QuickSearchModule:UnityEditor.Search:ASIAI0B' with importer (ScriptedImporter : UnityEditor.QuickSearchModule:UnityEditor.Search:ASIAI0B)
Imported 'GUID: 69ae55f76840b2849ba56cfb53a17df0' -> (Import Result ID: '6b14a30bdcc32a09b8cae24d3c91ee4d') in 0.002 seconds [static and dynamic dependencies]. Details - ImportResultOutputID=72cf33f339406d8d685a80525fa11f82 DependenciesID=c22e5505e26089ad46205f425f232624 StaticDependenciesID=4eaae09aba1f3eb93e924e03927ab93e 
Number of updated asset objects reloaded before import = 0
Number of asset objects unloaded after import = 0
========================================================================
Received Import Request.
  Time of request: 2026-10-09T14:09:51.573482Z
  Time since last request: 0.000499894 seconds.
  importAddress: GUID: 25b01819c6e1649428db2a9b274cf364 - Path: Packages/com.unity.ugui/Runtime/UGUI/UI/Core/SpriteState.cs - Importer: ScriptedImporter/UnityEditor.QuickSearchModule:UnityEditor.Search:ASIAI0B
Importing 'GUID: 25b01819c6e1649428db2a9b274cf364 - Path: Packages/com.unity.ugui/Runtime/UGUI/UI/Core/SpriteState.cs - Importer: ScriptedImporter/UnityEditor.QuickSearchModule:UnityEditor.Search:ASIAI0B' with importer (ScriptedImporter : UnityEditor.QuickSearchModule:UnityEditor.Search:ASIAI0B)
Imported 'GUID: 25b01819c6e1649428db2a9b274cf364' -> (Import Result ID: '5796f5d466e11d8a66346ad335401c6c') in 0.001 seconds [static and dynamic dependencies]. Details - ImportResultOutputID=af9f2422e3d060c8fc7c62cee7043253 DependenciesID=bb1e9cb5183db10c796fa153af93be60 StaticDependenciesID=bf5322b404895a5a789d81d16a226ed3 
Number of updated asset objects reloaded before import = 0
Number of asset objects unloaded after import = 0
========================================================================
Received Import Request.
  Time of request: 2026-10-09T14:09:51.581646Z
  Time since last request: 0.000275744 seconds.
  importAddress: GUID: 35a0d10199de49f4db0128003bfd3bda - Path: Packages/com.unity.ugui/Tests/Editor/UGUI/Canvas/CanvasElementsMaintainValidPositionsWhenCameraOrthoSizeIsZero.cs - Importer: ScriptedImporter/UnityEditor.QuickSearchModule:UnityEditor.Search:ASIAI0B
Importing 'GUID: 35a0d10199de49f4db0128003bfd3bda - Path: Packages/com.unity.ugui/Tests/Editor/UGUI/Canvas/CanvasElementsMaintainValidPositionsWhenCameraOrthoSizeIsZero.cs - Importer: ScriptedImporter/UnityEditor.QuickSearchModule:UnityEditor.Search:ASIAI0B' with importer (ScriptedImporter : UnityEditor.QuickSearchModule:UnityEditor.Search:ASIAI0B)
Imported 'GUID: 35a0d10199de49f4db0128003bfd3bda' -> (Import Result ID: '437c97de447324030196d156108776f3') in 0.001 seconds [static and dynamic dependencies]. Details - ImportResultOutputID=d91f895f88eb7503502c7db2395aaed1 DependenciesID=8d5ebe20b2a7e7065840abe65898022a StaticDependenciesID=e0b50e165115aba5a3e30a986fbbc7f3 
Number of updated asset objects reloaded before import = 0
Number of asset objects unloaded after import = 0
========================================================================
Received Import Request.
  Time of request: 2026-10-09T14:09:51.590012Z
  Time since last request: 0.000512707 seconds.
  importAddress: GUID: 4f5ed95515938d14189b094f8654d0bd - Path: Packages/com.unity.ugui/Tests/Runtime/UGUI/Button/TestButton.cs - Importer: ScriptedImporter/UnityEditor.QuickSearchModule:UnityEditor.Search:ASIAI0B
Importing 'GUID: 4f5ed95515938d14189b094f8654d0bd - Path: Packages/com.unity.ugui/Tests/Runtime/UGUI/Button/TestButton.cs - Importer: ScriptedImporter/UnityEditor.QuickSearchModule:UnityEditor.Search:ASIAI0B' with importer (ScriptedImporter : UnityEditor.QuickSearchModule:UnityEditor.Search:ASIAI0B)
Imported 'GUID: 4f5ed95515938d14189b094f8654d0bd' -> (Import Result ID: '8be10ccdbad3337f0b88c71ad5f9e58a') in 0.001 seconds [static and dynamic dependencies]. Details - ImportResultOutputID=0bb70e72f8bef3c1a2b4307309d08afe DependenciesID=ed12d19a0499c260034c0c38e28fb480 StaticDependenciesID=24e8d00c3caf3e3fb8b83c1049c95a92 
Number of updated asset objects reloaded before import = 0
Number of asset objects unloaded after import = 0
========================================================================
Received Import Request.
  Time of request: 2026-10-09T14:09:51.597802Z
  Time since last request: 0.00041256 seconds.
  importAddress: GUID: 3cbc4280d63720c448a3c6fee4b1ec88 - Path: Packages/com.unity.ugui/Tests/Editor/UGUI/Canvas/CanvasUseReflectionProbes.cs - Importer: ScriptedImporter/UnityEditor.QuickSearchModule:UnityEditor.Search:ASIAI0B
Importing 'GUID: 3cbc4280d63720c448a3c6fee4b1ec88 - Path: Packages/com.unity.ugui/Tests/Editor/UGUI/Canvas/CanvasUseReflectionProbes.cs - Importer: ScriptedImporter/UnityEditor.QuickSearchModule:UnityEditor.Search:ASIAI0B' with importer (ScriptedImporter : UnityEditor.QuickSearchModule:UnityEditor.Search:ASIAI0B)
Imported 'GUID: 3cbc4280d63720c448a3c6fee4b1ec88' -> (Import Result ID: '73cad32b95b0f0d11ba2c172050106fb') in 0.001 seconds [static and dynamic dependencies]. Details - ImportResultOutputID=e62dc3091062ffe0af4a04c67ecc9404 DependenciesID=d633fb8f838f862343a7bf7cb857a669 StaticDependenciesID=de560d83b62e63e3664d4867ebdefb6a 
Number of updated asset objects reloaded before import = 0
Number of asset objects unloaded after import = 0
========================================================================
Received Import Request.
  Time of request: 2026-10-09T14:09:51.606034Z
  Time since last request: 0.000429522 seconds.
  importAddress: GUID: 812aaaefaab404448a3e4db49dfa5206 - Path: Packages/com.unity.ugui/Tests/Editor/UGUI/Text/FontCreatedByScript.cs - Importer: ScriptedImporter/UnityEditor.QuickSearchModule:UnityEditor.Search:ASIAI0B
Importing 'GUID: 812aaaefaab404448a3e4db49dfa5206 - Path: Packages/com.unity.ugui/Tests/Editor/UGUI/Text/FontCreatedByScript.cs - Importer: ScriptedImporter/UnityEditor.QuickSearchModule:UnityEditor.Search:ASIAI0B' with importer (ScriptedImporter : UnityEditor.QuickSearchModule:UnityEditor.Search:ASIAI0B)
Imported 'GUID: 812aaaefaab404448a3e4db49dfa5206' -> (Import Result ID: '912d8c30d7a9cf33ca097e39cbf70aae') in 0.001 seconds [static and dynamic dependencies]. Details - ImportResultOutputID=9e18e2254d7e69e69182f321c12d522d DependenciesID=92513aa67a3732326a2f3823ea2ede2a StaticDependenciesID=621f9c9ca246581d2dfbd4ecfd84b491 
Number of updated asset objects reloaded before import = 0
Number of asset objects unloaded after import = 0
========================================================================
Received Import Request.
  Time of request: 2026-10-09T14:09:51.614777Z
  Time since last request: 0.00075553 seconds.
  importAddress: GUID: be07f70ee67e6d74e851a9333719bbb6 - Path: Packages/com.unity.ugui/Tests/Runtime/UGUI/Canvas/NestedCanvasMaintainsCorrectSize.cs - Importer: ScriptedImporter/UnityEditor.QuickSearchModule:UnityEditor.Search:ASIAI0B
Importing 'GUID: be07f70ee67e6d74e851a9333719bbb6 - Path: Packages/com.unity.ugui/Tests/Runtime/UGUI/Canvas/NestedCanvasMaintainsCorrectSize.cs - Importer: ScriptedImporter/UnityEditor.QuickSearchModule:UnityEditor.Search:ASIAI0B' with importer (ScriptedImporter : UnityEditor.QuickSearchModule:UnityEditor.Search:ASIAI0B)
Imported 'GUID: be07f70ee67e6d74e851a9333719bbb6' -> (Import Result ID: 'c6564d19eb057ea936cc5af706593b73') in 0.002 seconds [static and dynamic dependencies]. Details - ImportResultOutputID=3979aa1a5f82b078af6ba3dae770fa73 DependenciesID=6b98b98a489dd5c011860a2bb73d5dd8 StaticDependenciesID=af3f3bf560f9c6422cc8a4e138fb35bb 
Number of updated asset objects reloaded before import = 0
Number of asset objects unloaded after import = 0
========================================================================
Received Import Request.
  Time of request: 2026-10-09T14:09:51.623355Z
  Time since last request: 0.00034313 seconds.
  importAddress: GUID: b9ba34e0b1884454fbc4257260e22b64 - Path: Packages/com.unity.ugui/Runtime/UGUI/UI/Core/SetPropertyUtility.cs - Importer: ScriptedImporter/UnityEditor.QuickSearchModule:UnityEditor.Search:ASIAI0B
Importing 'GUID: b9ba34e0b1884454fbc4257260e22b64 - Path: Packages/com.unity.ugui/Runtime/UGUI/UI/Core/SetPropertyUtility.cs - Importer: ScriptedImporter/UnityEditor.QuickSearchModule:UnityEditor.Search:ASIAI0B' with importer (ScriptedImporter : UnityEditor.QuickSearchModule:UnityEditor.Search:ASIAI0B)
Imported 'GUID: b9ba34e0b1884454fbc4257260e22b64' -> (Import Result ID: '0135dfad65ba4ea3cbd0abaefdb184b2') in 0.002 seconds [static and dynamic dependencies]. Details - ImportResultOutputID=0b6f9c8f487b946de547c4df322eb887 DependenciesID=daf171d64588fd90947c2ebccf7e208a StaticDependenciesID=50dba0b06468b0cc31f9461f8be0bf58 
Number of updated asset objects reloaded before import = 0
Number of asset objects unloaded after import = 0
========================================================================
Received Import Request.
  Time of request: 2026-10-09T14:09:51.631886Z
  Time since last request: 0.000290944 seconds.
  importAddress: GUID: 735d54f21944f834f931716514c87a84 - Path: Packages/com.unity.ugui/Tests/Runtime/UGUI/Canvas/RectMask2DWithNestedCanvasCullsUsingCorrectCanvasRect.cs - Importer: ScriptedImporter/UnityEditor.QuickSearchModule:UnityEditor.Search:ASIAI0B
Importing 'GUID: 735d54f21944f834f931716514c87a84 - Path: Packages/com.unity.ugui/Tests/Runtime/UGUI/Canvas/RectMask2DWithNestedCanvasCullsUsingCorrectCanvasRect.cs - Importer: ScriptedImporter/UnityEditor.QuickSearchModule:UnityEditor.Search:ASIAI0B' with importer (ScriptedImporter : UnityEditor.QuickSearchModule:UnityEditor.Search:ASIAI0B)
Imported 'GUID: 735d54f21944f834f931716514c87a84' -> (Import Result ID: '1fefb2160bf125599268818c92bd89b0') in 0.003 seconds [static and dynamic dependencies]. Details - ImportResultOutputID=e0d1b546ba60347737a049f4ae6ab8bd DependenciesID=bb2856f11bd6cb1ee281cccd11524d83 StaticDependenciesID=bd4cac0232e5e14dd2f2476a8eb20697 
Number of updated asset objects reloaded before import = 0
Number of asset objects unloaded after import = 0
========================================================================
Received Import Request.
  Time of request: 2026-10-09T14:09:51.641561Z
  Time since last request: 0.000203179 seconds.
  importAddress: GUID: 9390296e78291b543b2f4a9761ef8139 - Path: Packages/com.unity.ugui/Tests/Runtime/UGUI/Canvas/CheckMeshColorsAndColors32Match.cs - Importer: ScriptedImporter/UnityEditor.QuickSearchModule:UnityEditor.Search:ASIAI0B
Importing 'GUID: 9390296e78291b543b2f4a9761ef8139 - Path: Packages/com.unity.ugui/Tests/Runtime/UGUI/Canvas/CheckMeshColorsAndColors32Match.cs - Importer: ScriptedImporter/UnityEditor.QuickSearchModule:UnityEditor.Search:ASIAI0B' with importer (ScriptedImporter : UnityEditor.QuickSearchModule:UnityEditor.Search:ASIAI0B)
Imported 'GUID: 9390296e78291b543b2f4a9761ef8139' -> (Import Result ID: 'f4505d74b374256ce376fafb78340465') in 0.001 seconds [static and dynamic dependencies]. Details - ImportResultOutputID=8fa9acd9ccab3ebd57c0e21a3e563dc2 DependenciesID=c8d3784dd22f22d7812439b4727adb88 StaticDependenciesID=a0bdfacf1cee765e96a39f8435d63dc5 
Number of updated asset objects reloaded before import = 0
Number of asset objects unloaded after import = 0
========================================================================
Received Import Request.
  Time of request: 2026-10-09T14:09:51.650009Z
  Time since last request: 0.000179816 seconds.
  importAddress: GUID: e6323ebef616fee4486ee155cd56d191 - Path: Packages/com.unity.ugui/Tests/Runtime/UGUI/EventSystem/GraphicRaycasterTests.cs - Importer: ScriptedImporter/UnityEditor.QuickSearchModule:UnityEditor.Search:ASIAI0B
Importing 'GUID: e6323ebef616fee4486ee155cd56d191 - Path: Packages/com.unity.ugui/Tests/Runtime/UGUI/EventSystem/GraphicRaycasterTests.cs - Importer: ScriptedImporter/UnityEditor.QuickSearchModule:UnityEditor.Search:ASIAI0B' with importer (ScriptedImporter : UnityEditor.QuickSearchModule:UnityEditor.Search:ASIAI0B)
Imported 'GUID: e6323ebef616fee4486ee155cd56d191' -> (Import Result ID: '910cb863687020bbf11004731f8db09c') in 0.002 seconds [static and dynamic dependencies]. Details - ImportResultOutputID=6b7738afd33faa635f43d6cf69dc0326 DependenciesID=01499023cbb935a17ee461980c97ae74 StaticDependenciesID=5c0222d4273b9007e10890b11adf8ec1 
Number of updated asset objects reloaded before import = 0
Number of asset objects unloaded after import = 0
========================================================================
Received Import Request.
  Time of request: 2026-10-09T14:09:51.658495Z
  Time since last request: 0.000164136 seconds.
  importAddress: GUID: 4b8be68229770db4ea3c78ab0d854325 - Path: Packages/com.unity.ugui/Tests/Editor/UGUI/InputField/CharacterLimitValidation.cs - Importer: ScriptedImporter/UnityEditor.QuickSearchModule:UnityEditor.Search:ASIAI0B
Importing 'GUID: 4b8be68229770db4ea3c78ab0d854325 - Path: Packages/com.unity.ugui/Tests/Editor/UGUI/InputField/CharacterLimitValidation.cs - Importer: ScriptedImporter/UnityEditor.QuickSearchModule:UnityEditor.Search:ASIAI0B' with importer (ScriptedImporter : UnityEditor.QuickSearchModule:UnityEditor.Search:ASIAI0B)
Imported 'GUID: 4b8be68229770db4ea3c78ab0d854325' -> (Import Result ID: '878fd432e7d75f81e53454e1e863fa5f') in 0.002 seconds [static and dynamic dependencies]. Details - ImportResultOutputID=b06170d7288e978d55a683702faed989 DependenciesID=f4b4b9824445f396c667c55d53908086 StaticDependenciesID=d718fa8873a9c68ad4b5a388463f8b3f 
Number of updated asset objects reloaded before import = 0
Number of asset objects unloaded after import = 0
========================================================================
Received Import Request.
  Time of request: 2026-10-09T14:09:51.668042Z
  Time since last request: 0.00054682 seconds.
  importAddress: GUID: 4adb1f65bbae8004a88d8f5bc3523298 - Path: Packages/com.unity.ugui/Tests/Editor/UGUI/EventSystem/EventTriggerRemoveDuringExecution.cs - Importer: ScriptedImporter/UnityEditor.QuickSearchModule:UnityEditor.Search:ASIAI0B
Importing 'GUID: 4adb1f65bbae8004a88d8f5bc3523298 - Path: Packages/com.unity.ugui/Tests/Editor/UGUI/EventSystem/EventTriggerRemoveDuringExecution.cs - Importer: ScriptedImporter/UnityEditor.QuickSearchModule:UnityEditor.Search:ASIAI0B' with importer (ScriptedImporter : UnityEditor.QuickSearchModule:UnityEditor.Search:ASIAI0B)
Imported 'GUID: 4adb1f65bbae8004a88d8f5bc3523298' -> (Import Result ID: '54a7575858e4ec8a058c657f208adcf4') in 0.001 seconds [static and dynamic dependencies]. Details - ImportResultOutputID=32494c8f8a0c82f8a3cb47551023613a DependenciesID=69ce3ffa434b7ff0afff192fc25acf5e StaticDependenciesID=011568bfe26afca6b4907dbb160cbe75 
Number of updated asset objects reloaded before import = 0
Number of asset objects unloaded after import = 0
========================================================================
Received Import Request.
  Time of request: 2026-10-09T14:09:51.679031Z
  Time since last request: 0.000177011 seconds.
  importAddress: GUID: b180d0cec21671c45a32a9ce99bff2f5 - Path: Packages/com.unity.ugui/Tests/Editor/UGUI/Dropdown/DropdownOptionsListDrawer.cs - Importer: ScriptedImporter/UnityEditor.QuickSearchModule:UnityEditor.Search:ASIAI0B
Importing 'GUID: b180d0cec21671c45a32a9ce99bff2f5 - Path: Packages/com.unity.ugui/Tests/Editor/UGUI/Dropdown/DropdownOptionsListDrawer.cs - Importer: ScriptedImporter/UnityEditor.QuickSearchModule:UnityEditor.Search:ASIAI0B' with importer (ScriptedImporter : UnityEditor.QuickSearchModule:UnityEditor.Search:ASIAI0B)
Imported 'GUID: b180d0cec21671c45a32a9ce99bff2f5' -> (Import Result ID: 'aad83835a7429ebd3620ce87ee7f15a9') in 0.002 seconds [static and dynamic dependencies]. Details - ImportResultOutputID=2ff79b2584d4709cb82721aa3fc9f377 DependenciesID=0f86a09d6cb8c841f035c758960996bf StaticDependenciesID=5a5b0705aab629ae9ae7e4ab9b1f4f89 
Number of updated asset objects reloaded before import = 0
Number of asset objects unloaded after import = 0
========================================================================
Received Import Request.
  Time of request: 2026-10-09T14:09:51.687643Z
  Time since last request: 0.00019853 seconds.
  importAddress: GUID: ec35c13a8280a8d4e817bc4afd8a95de - Path: Packages/com.unity.ugui/Tests/Runtime/UGUI/Canvas/CanvasSizeCorrectInAwakeAndStart.cs - Importer: ScriptedImporter/UnityEditor.QuickSearchModule:UnityEditor.Search:ASIAI0B
Importing 'GUID: ec35c13a8280a8d4e817bc4afd8a95de - Path: Packages/com.unity.ugui/Tests/Runtime/UGUI/Canvas/CanvasSizeCorrectInAwakeAndStart.cs - Importer: ScriptedImporter/UnityEditor.QuickSearchModule:UnityEditor.Search:ASIAI0B' with importer (ScriptedImporter : UnityEditor.QuickSearchModule:UnityEditor.Search:ASIAI0B)
Imported 'GUID: ec35c13a8280a8d4e817bc4afd8a95de' -> (Import Result ID: 'c2e43b2900bf538b6cda065663f0700a') in 0.001 seconds [static and dynamic dependencies]. Details - ImportResultOutputID=9ccf8ea54e36bd01f98bf3f4c0a61f5b DependenciesID=5648829de802be6a83209cc2bcef8fd8 StaticDependenciesID=e4f2b880c62cea3a055a9c80eea71024 
Number of updated asset objects reloaded before import = 0
Number of asset objects unloaded after import = 0
========================================================================
Received Import Request.
  Time of request: 2026-10-09T14:09:51.695815Z
  Time since last request: 0.000397242 seconds.
  importAddress: GUID: 1a26e19d51cbfac42a02631ad1f9e39e - Path: Packages/com.unity.ugui/Tests/Runtime/UGUI/Canvas/BridgeScriptForRetainingObjects.cs - Importer: ScriptedImporter/UnityEditor.QuickSearchModule:UnityEditor.Search:ASIAI0B
Importing 'GUID: 1a26e19d51cbfac42a02631ad1f9e39e - Path: Packages/com.unity.ugui/Tests/Runtime/UGUI/Canvas/BridgeScriptForRetainingObjects.cs - Importer: ScriptedImporter/UnityEditor.QuickSearchModule:UnityEditor.Search:ASIAI0B' with importer (ScriptedImporter : UnityEditor.QuickSearchModule:UnityEditor.Search:ASIAI0B)
Imported 'GUID: 1a26e19d51cbfac42a02631ad1f9e39e' -> (Import Result ID: '7089486b979d3328f2b661892604b7dc') in 0.001 seconds [static and dynamic dependencies]. Details - ImportResultOutputID=7f6d60f1dfda5274b655f525d8361f06 DependenciesID=f9b89c07d861ea6ff759051c25ef0dce StaticDependenciesID=f9ed2b61631f022c876064981e3e0b57 
Number of updated asset objects reloaded before import = 0
Number of asset objects unloaded after import = 0
========================================================================
Received Import Request.
  Time of request: 2026-10-09T14:09:51.712929Z
  Time since last request: 0.009354231 seconds.
  importAddress: GUID: 9713795381722eb43b623dffba25d115 - Path: Packages/com.unity.ugui/Tests/Runtime/UGUI/Image/TestableImage.cs - Importer: ScriptedImporter/UnityEditor.QuickSearchModule:UnityEditor.Search:ASIAI0B
Importing 'GUID: 9713795381722eb43b623dffba25d115 - Path: Packages/com.unity.ugui/Tests/Runtime/UGUI/Image/TestableImage.cs - Importer: ScriptedImporter/UnityEditor.QuickSearchModule:UnityEditor.Search:ASIAI0B' with importer (ScriptedImporter : UnityEditor.QuickSearchModule:UnityEditor.Search:ASIAI0B)
Imported 'GUID: 9713795381722eb43b623dffba25d115' -> (Import Result ID: 'd614a2080cf3a55e7fd0daf65c70daaf') in 0.001 seconds [static and dynamic dependencies]. Details - ImportResultOutputID=1d287369edb0e2a0320782a9fd5aac44 DependenciesID=8123a66cbec411e01c6ef04b3aedd5b4 StaticDependenciesID=3a46b34870b542050c1962b8fda0a48c 
Number of updated asset objects reloaded before import = 0
Number of asset objects unloaded after import = 0
========================================================================
Received Import Request.
  Time of request: 2026-10-09T14:09:51.721699Z
  Time since last request: 0.000867159 seconds.
  importAddress: GUID: 309b0604924786544a3786ec4073c5a1 - Path: Packages/com.unity.ugui/Tests/Runtime/UGUI/Layout/ContentSizeFitterTests.cs - Importer: ScriptedImporter/UnityEditor.QuickSearchModule:UnityEditor.Search:ASIAI0B
Importing 'GUID: 309b0604924786544a3786ec4073c5a1 - Path: Packages/com.unity.ugui/Tests/Runtime/UGUI/Layout/ContentSizeFitterTests.cs - Importer: ScriptedImporter/UnityEditor.QuickSearchModule:UnityEditor.Search:ASIAI0B' with importer (ScriptedImporter : UnityEditor.QuickSearchModule:UnityEditor.Search:ASIAI0B)
Imported 'GUID: 309b0604924786544a3786ec4073c5a1' -> (Import Result ID: 'b09d099522a0369f8d0181f0d78485ae') in 0.002 seconds [static and dynamic dependencies]. Details - ImportResultOutputID=8b22409fe059147661a71cbecf5a812a DependenciesID=291aeb4bb59099ef8c4010d03a68f6f4 StaticDependenciesID=05f454b52fd227a00502dbeef267562c 
Number of updated asset objects reloaded before import = 0
Number of asset objects unloaded after import = 0
========================================================================
Received Import Request.
  Time of request: 2026-10-09T14:09:51.730308Z
  Time since last request: 0.000923725 seconds.
  importAddress: GUID: 2db6ae1a3fb0947168501ebed95a108c - Path: Packages/com.unity.ugui/Tests/Runtime/UGUI/SafeArea/SafeAreaRotateFlagTests.cs - Importer: ScriptedImporter/UnityEditor.QuickSearchModule:UnityEditor.Search:ASIAI0B
Importing 'GUID: 2db6ae1a3fb0947168501ebed95a108c - Path: Packages/com.unity.ugui/Tests/Runtime/UGUI/SafeArea/SafeAreaRotateFlagTests.cs - Importer: ScriptedImporter/UnityEditor.QuickSearchModule:UnityEditor.Search:ASIAI0B' with importer (ScriptedImporter : UnityEditor.QuickSearchModule:UnityEditor.Search:ASIAI0B)
Imported 'GUID: 2db6ae1a3fb0947168501ebed95a108c' -> (Import Result ID: '7fcf62004750e99cde384bb5434c9973') in 0.001 seconds [static and dynamic dependencies]. Details - ImportResultOutputID=393019252051b09a8d8dd732d7f1e7e4 DependenciesID=296f669815d7bd0f5a665878e9d6f692 StaticDependenciesID=0bd5633c690a01850bd0db01067bec96 
Number of updated asset objects reloaded before import = 0
Number of asset objects unloaded after import = 0
========================================================================
Received Import Request.
  Time of request: 2026-10-09T14:09:51.73846Z
  Time since last request: 0.000432397 seconds.
  importAddress: GUID: 8a8695521f0d02e499659fee002a26c2 - Path: Packages/com.unity.ugui/Runtime/UGUI/UI/Core/Layout/GridLayoutGroup.cs - Importer: ScriptedImporter/UnityEditor.QuickSearchModule:UnityEditor.Search:ASIAI0B
Importing 'GUID: 8a8695521f0d02e499659fee002a26c2 - Path: Packages/com.unity.ugui/Runtime/UGUI/UI/Core/Layout/GridLayoutGroup.cs - Importer: ScriptedImporter/UnityEditor.QuickSearchModule:UnityEditor.Search:ASIAI0B' with importer (ScriptedImporter : UnityEditor.QuickSearchModule:UnityEditor.Search:ASIAI0B)
Imported 'GUID: 8a8695521f0d02e499659fee002a26c2' -> (Import Result ID: '821b9bb90b48f86e18fa7bea02fd906d') in 0.002 seconds [static and dynamic dependencies]. Details - ImportResultOutputID=2baa1313ec3dbbc845055082c60d53d4 DependenciesID=f340ccf2c14afaa64e372f8ff39be9b6 StaticDependenciesID=e176ac5294f37b6bb1179dfc3db006e7 
Number of updated asset objects reloaded before import = 0
Number of asset objects unloaded after import = 0
========================================================================
Received Import Request.
  Time of request: 2026-10-09T14:09:51.746799Z
  Time since last request: 0.000400067 seconds.
  importAddress: GUID: 7883cd788d83a71478342eef943e8150 - Path: Packages/com.unity.ugui/Tests/Runtime/UGUI/ScrollRect/ScrollRectStableLayout.cs - Importer: ScriptedImporter/UnityEditor.QuickSearchModule:UnityEditor.Search:ASIAI0B
Importing 'GUID: 7883cd788d83a71478342eef943e8150 - Path: Packages/com.unity.ugui/Tests/Runtime/UGUI/ScrollRect/ScrollRectStableLayout.cs - Importer: ScriptedImporter/UnityEditor.QuickSearchModule:UnityEditor.Search:ASIAI0B' with importer (ScriptedImporter : UnityEditor.QuickSearchModule:UnityEditor.Search:ASIAI0B)
Imported 'GUID: 7883cd788d83a71478342eef943e8150' -> (Import Result ID: 'b282381bbd9d44acb1483f3b28f270cd') in 0.002 seconds [static and dynamic dependencies]. Details - ImportResultOutputID=22cf47b4216e38ee871eafe421189618 DependenciesID=9eb065a901c1567f2ee238306f8d58f8 StaticDependenciesID=3573001a268d69c12d24aeeb95f28d6e 
Number of updated asset objects reloaded before import = 0
Number of asset objects unloaded after import = 0
========================================================================
Received Import Request.
  Time of request: 2026-10-09T14:09:51.756303Z
  Time since last request: 0.000658109 seconds.
  importAddress: GUID: 621a76c0c3927aa45aba7d2ad0c8e1c8 - Path: Packages/com.unity.ugui/Tests/Runtime/UGUI/Util/GraphicTestHelper.cs - Importer: ScriptedImporter/UnityEditor.QuickSearchModule:UnityEditor.Search:ASIAI0B
Importing 'GUID: 621a76c0c3927aa45aba7d2ad0c8e1c8 - Path: Packages/com.unity.ugui/Tests/Runtime/UGUI/Util/GraphicTestHelper.cs - Importer: ScriptedImporter/UnityEditor.QuickSearchModule:UnityEditor.Search:ASIAI0B' with importer (ScriptedImporter : UnityEditor.QuickSearchModule:UnityEditor.Search:ASIAI0B)
Imported 'GUID: 621a76c0c3927aa45aba7d2ad0c8e1c8' -> (Import Result ID: 'b9b75ab9cb4961eb9bba4a1b6ab8f759') in 0.002 seconds [static and dynamic dependencies]. Details - ImportResultOutputID=33050a8276415a33a587bc9e49b87261 DependenciesID=a274ff9904dae2d05dab3050e84ee348 StaticDependenciesID=8e125567748b2615123cb9b67722ed32 
Number of updated asset objects reloaded before import = 0
Number of asset objects unloaded after import = 0
========================================================================
Received Import Request.
  Time of request: 2026-10-09T14:09:51.764998Z
  Time since last request: 0.000341658 seconds.
  importAddress: GUID: 8e3e781d26ad4aeca78526b3464f26d7 - Path: Packages/com.unity.ugui/Tests/Runtime/UGUI/RawImage/RawImageTests.cs - Importer: ScriptedImporter/UnityEditor.QuickSearchModule:UnityEditor.Search:ASIAI0B
Importing 'GUID: 8e3e781d26ad4aeca78526b3464f26d7 - Path: Packages/com.unity.ugui/Tests/Runtime/UGUI/RawImage/RawImageTests.cs - Importer: ScriptedImporter/UnityEditor.QuickSearchModule:UnityEditor.Search:ASIAI0B' with importer (ScriptedImporter : UnityEditor.QuickSearchModule:UnityEditor.Search:ASIAI0B)
Imported 'GUID: 8e3e781d26ad4aeca78526b3464f26d7' -> (Import Result ID: '4c97b248d5c814268a8f27daf7914a96') in 0.002 seconds [static and dynamic dependencies]. Details - ImportResultOutputID=a8d612e68f56e102a01fa178f380108b DependenciesID=afc31004f52b3ae0eb0b72d98fa26d1a StaticDependenciesID=07bab0ecfa3c15838389b83bae1ea94b 
Number of updated asset objects reloaded before import = 0
Number of asset objects unloaded after import = 0
========================================================================
Received Import Request.
  Time of request: 2026-10-09T14:09:51.773846Z
  Time since last request: 0.000422168 seconds.
  importAddress: GUID: 5a522d5dce4ce4b0e840babe8fd40834 - Path: Packages/com.unity.ugui/Tests/Runtime/UGUI/SafeArea/SafeAreaTests.cs - Importer: ScriptedImporter/UnityEditor.QuickSearchModule:UnityEditor.Search:ASIAI0B
Importing 'GUID: 5a522d5dce4ce4b0e840babe8fd40834 - Path: Packages/com.unity.ugui/Tests/Runtime/UGUI/SafeArea/SafeAreaTests.cs - Importer: ScriptedImporter/UnityEditor.QuickSearchModule:UnityEditor.Search:ASIAI0B' with importer (ScriptedImporter : UnityEditor.QuickSearchModule:UnityEditor.Search:ASIAI0B)
Imported 'GUID: 5a522d5dce4ce4b0e840babe8fd40834' -> (Import Result ID: '15415a886bc710c26ed31c6cf5c6798b') in 0.001 seconds [static and dynamic dependencies]. Details - ImportResultOutputID=ad0dffdaddda231e67ee18d0bc6e7378 DependenciesID=44527318afefa97c4ec7f9b99631b8d3 StaticDependenciesID=6a19701c5e3ae270ac2edc4b7b74b4f1 
Number of updated asset objects reloaded before import = 0
Number of asset objects unloaded after import = 0
========================================================================
Received Import Request.
  Time of request: 2026-10-09T14:09:51.781775Z
  Time since last request: 0.000593869 seconds.
  importAddress: GUID: 0b2706df6fdff50448f84a3f6629b40f - Path: Packages/com.unity.ugui/Tests/Runtime/UGUI/Util/ExceptionUtils.cs - Importer: ScriptedImporter/UnityEditor.QuickSearchModule:UnityEditor.Search:ASIAI0B
Importing 'GUID: 0b2706df6fdff50448f84a3f6629b40f - Path: Packages/com.unity.ugui/Tests/Runtime/UGUI/Util/ExceptionUtils.cs - Importer: ScriptedImporter/UnityEditor.QuickSearchModule:UnityEditor.Search:ASIAI0B' with importer (ScriptedImporter : UnityEditor.QuickSearchModule:UnityEditor.Search:ASIAI0B)
Imported 'GUID: 0b2706df6fdff50448f84a3f6629b40f' -> (Import Result ID: '4214f36f10a28f91c2274bbc7e47e185') in 0.001 seconds [static and dynamic dependencies]. Details - ImportResultOutputID=5de51861c1bbac2441eee8ec49658045 DependenciesID=d79dd3428a6829954bc30c727394ca87 StaticDependenciesID=3ad133c34242f88b147f52ab746db8fb 
Number of updated asset objects reloaded before import = 0
Number of asset objects unloaded after import = 0
========================================================================
Received Import Request.
  Time of request: 2026-10-09T14:09:51.792697Z
  Time since last request: 0.000416678 seconds.
  importAddress: GUID: 5da88f348abcbd94585671a69c672781 - Path: Packages/com.unity.ugui/Tests/Runtime/UGUI/Util/ImageHook.cs - Importer: ScriptedImporter/UnityEditor.QuickSearchModule:UnityEditor.Search:ASIAI0B
Importing 'GUID: 5da88f348abcbd94585671a69c672781 - Path: Packages/com.unity.ugui/Tests/Runtime/UGUI/Util/ImageHook.cs - Importer: ScriptedImporter/UnityEditor.QuickSearchModule:UnityEditor.Search:ASIAI0B' with importer (ScriptedImporter : UnityEditor.QuickSearchModule:UnityEditor.Search:ASIAI0B)
Imported 'GUID: 5da88f348abcbd94585671a69c672781' -> (Import Result ID: '1560a2af18d05d2e4a0e60d872ef9622') in 0.001 seconds [static and dynamic dependencies]. Details - ImportResultOutputID=5708a3f1b2030cc3081ce7f1013d73e2 DependenciesID=67969bd8154141c2a7a1affc37ab02bd StaticDependenciesID=aca7f15b7c58a285872f305730d73fdb 
Number of updated asset objects reloaded before import = 0
Number of asset objects unloaded after import = 0
========================================================================
Received Import Request.
  Time of request: 2026-10-09T14:09:51.800397Z
  Time since last request: 0.000315879 seconds.
  importAddress: GUID: 86710e43de46f6f4bac7c8e50813a599 - Path: Packages/com.unity.ugui/Runtime/UGUI/UI/Core/Layout/AspectRatioFitter.cs - Importer: ScriptedImporter/UnityEditor.QuickSearchModule:UnityEditor.Search:ASIAI0B
Importing 'GUID: 86710e43de46f6f4bac7c8e50813a599 - Path: Packages/com.unity.ugui/Runtime/UGUI/UI/Core/Layout/AspectRatioFitter.cs - Importer: ScriptedImporter/UnityEditor.QuickSearchModule:UnityEditor.Search:ASIAI0B' with importer (ScriptedImporter : UnityEditor.QuickSearchModule:UnityEditor.Search:ASIAI0B)
Imported 'GUID: 86710e43de46f6f4bac7c8e50813a599' -> (Import Result ID: '855eb2f5da178f9c32dbc7a8dbb19e8d') in 0.001 seconds [static and dynamic dependencies]. Details - ImportResultOutputID=d13bdb2f2ce70f8f0fd8dac1e225677b DependenciesID=c6cdd29b17187bc6d2ec6e5701c1a74b StaticDependenciesID=4631162ef55189991bc29960109aa006 
Number of updated asset objects reloaded before import = 0
Number of asset objects unloaded after import = 0
========================================================================
Received Import Request.
  Time of request: 2026-10-09T14:09:51.807976Z
  Time since last request: 0.000243274 seconds.
  importAddress: GUID: e9a32780b69dcdb438da3e3f43202f54 - Path: Packages/com.unity.ugui/Tests/Runtime/UGUI/LayoutGroup/LayoutGroupArrangement.cs - Importer: ScriptedImporter/UnityEditor.QuickSearchModule:UnityEditor.Search:ASIAI0B
Importing 'GUID: e9a32780b69dcdb438da3e3f43202f54 - Path: Packages/com.unity.ugui/Tests/Runtime/UGUI/LayoutGroup/LayoutGroupArrangement.cs - Importer: ScriptedImporter/UnityEditor.QuickSearchModule:UnityEditor.Search:ASIAI0B' with importer (ScriptedImporter : UnityEditor.QuickSearchModule:UnityEditor.Search:ASIAI0B)
Imported 'GUID: e9a32780b69dcdb438da3e3f43202f54' -> (Import Result ID: 'c3b21d1ad14ef04eb09f1be8b20863b8') in 0.001 seconds [static and dynamic dependencies]. Details - ImportResultOutputID=4c0ba027f04b3b1e8e37b0da59ac08c4 DependenciesID=0d2c97b717049b5fc33a1a635440ca3f StaticDependenciesID=7eff0421d22569d0f5f433e0eff70201 
Number of updated asset objects reloaded before import = 0
Number of asset objects unloaded after import = 0
========================================================================
Received Import Request.
  Time of request: 2026-10-09T14:09:51.815625Z
  Time since last request: 0.000184575 seconds.
  importAddress: GUID: ea944378afa086f438b3352ad7b0e835 - Path: Packages/com.unity.ugui/Tests/Runtime/UGUI/Util/PrivateFieldSetter.cs - Importer: ScriptedImporter/UnityEditor.QuickSearchModule:UnityEditor.Search:ASIAI0B
Importing 'GUID: ea944378afa086f438b3352ad7b0e835 - Path: Packages/com.unity.ugui/Tests/Runtime/UGUI/Util/PrivateFieldSetter.cs - Importer: ScriptedImporter/UnityEditor.QuickSearchModule:UnityEditor.Search:ASIAI0B' with importer (ScriptedImporter : UnityEditor.QuickSearchModule:UnityEditor.Search:ASIAI0B)
Imported 'GUID: ea944378afa086f438b3352ad7b0e835' -> (Import Result ID: '6bc91039c8dc35478b0293b9f5151201') in 0.002 seconds [static and dynamic dependencies]. Details - ImportResultOutputID=48b2bd7b0a58dd2e63a575c122714597 DependenciesID=84a2426c8ee2a485b18f938f560daaab StaticDependenciesID=4928397166d92fc91887970da64f29e2 
Number of updated asset objects reloaded before import = 0
Number of asset objects unloaded after import = 0
========================================================================
Received Import Request.
  Time of request: 2026-10-09T14:09:51.823866Z
  Time since last request: 0.000484604 seconds.
  importAddress: GUID: 9f1026265f8e3d54fb6e9f082c43debf - Path: Packages/com.unity.ugui/Runtime/UGUI/UI/Core/Culling/ClipperRegistry.cs - Importer: ScriptedImporter/UnityEditor.QuickSearchModule:UnityEditor.Search:ASIAI0B
Importing 'GUID: 9f1026265f8e3d54fb6e9f082c43debf - Path: Packages/com.unity.ugui/Runtime/UGUI/UI/Core/Culling/ClipperRegistry.cs - Importer: ScriptedImporter/UnityEditor.QuickSearchModule:UnityEditor.Search:ASIAI0B' with importer (ScriptedImporter : UnityEditor.QuickSearchModule:UnityEditor.Search:ASIAI0B)
Imported 'GUID: 9f1026265f8e3d54fb6e9f082c43debf' -> (Import Result ID: 'c0b850e3e1ee9863ffb3149a8c24793b') in 0.001 seconds [static and dynamic dependencies]. Details - ImportResultOutputID=a1a919cffd30d6477ecb2c3fea131bae DependenciesID=2e8e4975df639605359a0f175581bf33 StaticDependenciesID=c2d23ebadf6c26da619ec6e1253185ec 
Number of updated asset objects reloaded before import = 0
Number of asset objects unloaded after import = 0
========================================================================
Received Import Request.
  Time of request: 2026-10-09T14:09:51.832156Z
  Time since last request: 0.000449098 seconds.
  importAddress: GUID: e1b0ab339722791498cc804831a17ad3 - Path: Packages/com.unity.ugui/Tests/Runtime/UGUI/InputField/DesktopInputFieldTests.cs - Importer: ScriptedImporter/UnityEditor.QuickSearchModule:UnityEditor.Search:ASIAI0B
Importing 'GUID: e1b0ab339722791498cc804831a17ad3 - Path: Packages/com.unity.ugui/Tests/Runtime/UGUI/InputField/DesktopInputFieldTests.cs - Importer: ScriptedImporter/UnityEditor.QuickSearchModule:UnityEditor.Search:ASIAI0B' with importer (ScriptedImporter : UnityEditor.QuickSearchModule:UnityEditor.Search:ASIAI0B)
Imported 'GUID: e1b0ab339722791498cc804831a17ad3' -> (Import Result ID: 'f2876ee1b5b195a5ec75df489d8da4b8') in 0.001 seconds [static and dynamic dependencies]. Details - ImportResultOutputID=bfa871e647e5e1c779fb2828d1ffe953 DependenciesID=17bfe7240eabc10effcf9669cf9cb1ce StaticDependenciesID=673a1d89ede1e34a20b65ac603d1cb11 
Number of updated asset objects reloaded before import = 0
Number of asset objects unloaded after import = 0
========================================================================
Received Import Request.
  Time of request: 2026-10-09T14:09:51.840101Z
  Time since last request: 0.000450881 seconds.
  importAddress: GUID: 32a4a0ea998dd6149937d2774781c436 - Path: Packages/com.unity.ugui/Tests/Runtime/UGUI/ScrollBar/ScrollBarClamp.cs - Importer: ScriptedImporter/UnityEditor.QuickSearchModule:UnityEditor.Search:ASIAI0B
Importing 'GUID: 32a4a0ea998dd6149937d2774781c436 - Path: Packages/com.unity.ugui/Tests/Runtime/UGUI/ScrollBar/ScrollBarClamp.cs - Importer: ScriptedImporter/UnityEditor.QuickSearchModule:UnityEditor.Search:ASIAI0B' with importer (ScriptedImporter : UnityEditor.QuickSearchModule:UnityEditor.Search:ASIAI0B)
Imported 'GUID: 32a4a0ea998dd6149937d2774781c436' -> (Import Result ID: '40aaf089959b70647957587112589496') in 0.002 seconds [static and dynamic dependencies]. Details - ImportResultOutputID=8c58b3552ed1e9b9164b5e97d84a8044 DependenciesID=3061f22eeaac92c98d354f391709c90c StaticDependenciesID=8a36080df37a5391c60bd975a0da6560 
Number of updated asset objects reloaded before import = 0
Number of asset objects unloaded after import = 0
========================================================================
Received Import Request.
  Time of request: 2026-10-09T14:09:51.861217Z
  Time since last request: 0.012831562 seconds.
  importAddress: GUID: c6561bdb03b3b415a9725d8af46e62d4 - Path: Packages/com.unity.collections/Unity.Collections/ConcurrentMask.cs - Importer: ScriptedImporter/UnityEditor.QuickSearchModule:UnityEditor.Search:ASIAI0B
Importing 'GUID: c6561bdb03b3b415a9725d8af46e62d4 - Path: Packages/com.unity.collections/Unity.Collections/ConcurrentMask.cs - Importer: ScriptedImporter/UnityEditor.QuickSearchModule:UnityEditor.Search:ASIAI0B' with importer (ScriptedImporter : UnityEditor.QuickSearchModule:UnityEditor.Search:ASIAI0B)
Imported 'GUID: c6561bdb03b3b415a9725d8af46e62d4' -> (Import Result ID: '9ef59b728300a8a4c6532b931a9c7aae') in 0.001 seconds [static and dynamic dependencies]. Details - ImportResultOutputID=4a98ff8dcc072cef897f812543f78ad3 DependenciesID=58c83d50a06098da5c7a6f4c0ef6693f StaticDependenciesID=df527f5e826d957ccc6dca83a041b112 
Number of updated asset objects reloaded before import = 0
Number of asset objects unloaded after import = 0
========================================================================
Received Import Request.
  Time of request: 2026-10-09T14:09:51.869844Z
  Time since last request: 0.000673357 seconds.
  importAddress: GUID: 13912e20398d4a03883c4ee9ee4d8818 - Path: Packages/com.unity.collections/Unity.Collections/DataStreamWriter.cs - Importer: ScriptedImporter/UnityEditor.QuickSearchModule:UnityEditor.Search:ASIAI0B
Importing 'GUID: 13912e20398d4a03883c4ee9ee4d8818 - Path: Packages/com.unity.collections/Unity.Collections/DataStreamWriter.cs - Importer: ScriptedImporter/UnityEditor.QuickSearchModule:UnityEditor.Search:ASIAI0B' with importer (ScriptedImporter : UnityEditor.QuickSearchModule:UnityEditor.Search:ASIAI0B)
Imported 'GUID: 13912e20398d4a03883c4ee9ee4d8818' -> (Import Result ID: '686c34028d9f7454db3892387f9b8233') in 0.001 seconds [static and dynamic dependencies]. Details - ImportResultOutputID=5522f29ff059e28ec22754afda8e44cc DependenciesID=e988421ec621d46db9f3d19cd03102ff StaticDependenciesID=cbb70a186604f234b850e5d85fe7d72f 
Number of updated asset objects reloaded before import = 0
Number of asset objects unloaded after import = 0
========================================================================
Received Import Request.
  Time of request: 2026-10-09T14:09:51.877722Z
  Time since last request: 0.000655494 seconds.
  importAddress: GUID: babbfc241a32b8241bf31319e1447eb2 - Path: Packages/com.unity.collections/Unity.Collections/Memory.cs - Importer: ScriptedImporter/UnityEditor.QuickSearchModule:UnityEditor.Search:ASIAI0B
Importing 'GUID: babbfc241a32b8241bf31319e1447eb2 - Path: Packages/com.unity.collections/Unity.Collections/Memory.cs - Importer: ScriptedImporter/UnityEditor.QuickSearchModule:UnityEditor.Search:ASIAI0B' with importer (ScriptedImporter : UnityEditor.QuickSearchModule:UnityEditor.Search:ASIAI0B)
Imported 'GUID: babbfc241a32b8241bf31319e1447eb2' -> (Import Result ID: 'b1242f342c0ddf80f230aa010f45313e') in 0.001 seconds [static and dynamic dependencies]. Details - ImportResultOutputID=5deb6a6a1fec2b4185b0572e72139615 DependenciesID=6d3523bba365748ab03df2e0b6260bf3 StaticDependenciesID=e86acba39be356b591e1c624326befc4 
Number of updated asset objects reloaded before import = 0
Number of asset objects unloaded after import = 0
========================================================================
Received Import Request.
  Time of request: 2026-10-09T14:09:51.885979Z
  Time since last request: 0.000684257 seconds.
  importAddress: GUID: a2aa8b5b9af347fdbe909f0811e6ac90 - Path: Packages/com.unity.collections/Unity.Collections/AutoFreeAllocator.cs - Importer: ScriptedImporter/UnityEditor.QuickSearchModule:UnityEditor.Search:ASIAI0B
Importing 'GUID: a2aa8b5b9af347fdbe909f0811e6ac90 - Path: Packages/com.unity.collections/Unity.Collections/AutoFreeAllocator.cs - Importer: ScriptedImporter/UnityEditor.QuickSearchModule:UnityEditor.Search:ASIAI0B' with importer (ScriptedImporter : UnityEditor.QuickSearchModule:UnityEditor.Search:ASIAI0B)
Imported 'GUID: a2aa8b5b9af347fdbe909f0811e6ac90' -> (Import Result ID: '28267b09bee7b3df4293b4e27c381024') in 0.001 seconds [static and dynamic dependencies]. Details - ImportResultOutputID=e60aeed5dcd157a3ce49297edfc5dcb1 DependenciesID=94398f93e0fecfc0956b1ca0578d3c00 StaticDependenciesID=07e49dc0ae5ddc78e20b6873db374a62 
Number of updated asset objects reloaded before import = 0
Number of asset objects unloaded after import = 0
========================================================================
Received Import Request.
  Time of request: 2026-10-09T14:09:51.894246Z
  Time since last request: 0.000565957 seconds.
  importAddress: GUID: af5aad29a2c56fd449428c9041fc68bb - Path: Packages/com.unity.collections/README.md - Importer: ScriptedImporter/UnityEditor.QuickSearchModule:UnityEditor.Search:ASIAI0B
Importing 'GUID: af5aad29a2c56fd449428c9041fc68bb - Path: Packages/com.unity.collections/README.md - Importer: ScriptedImporter/UnityEditor.QuickSearchModule:UnityEditor.Search:ASIAI0B' with importer (ScriptedImporter : UnityEditor.QuickSearchModule:UnityEditor.Search:ASIAI0B)
Imported 'GUID: af5aad29a2c56fd449428c9041fc68bb' -> (Import Result ID: '68cd560488a5770ffa84995fa9b8d51e') in 0.002 seconds [static and dynamic dependencies]. Details - ImportResultOutputID=d6aecd553ffd53179b889cf6073fea48 DependenciesID=f9413f24007aa9ee1dbcbd28e5e6e2a3 StaticDependenciesID=8c35e57fc0b352bcdda2cf112d21d375 
Number of updated asset objects reloaded before import = 0
Number of asset objects unloaded after import = 1
========================================================================
Received Import Request.
  Time of request: 2026-10-09T14:09:51.902582Z
  Time since last request: 0.000393124 seconds.
  importAddress: GUID: d9848a39deeb4ff9aa9e4cec03215a4b - Path: Packages/com.unity.collections/DocCodeSamples.Tests/CollectionsExamples.cs - Importer: ScriptedImporter/UnityEditor.QuickSearchModule:UnityEditor.Search:ASIAI0B
Importing 'GUID: d9848a39deeb4ff9aa9e4cec03215a4b - Path: Packages/com.unity.collections/DocCodeSamples.Tests/CollectionsExamples.cs - Importer: ScriptedImporter/UnityEditor.QuickSearchModule:UnityEditor.Search:ASIAI0B' with importer (ScriptedImporter : UnityEditor.QuickSearchModule:UnityEditor.Search:ASIAI0B)
Imported 'GUID: d9848a39deeb4ff9aa9e4cec03215a4b' -> (Import Result ID: '33654e3e4dd5558499d4c47176189295') in 0.001 seconds [static and dynamic dependencies]. Details - ImportResultOutputID=0979e4eb24768d3f6734550e23fbbd50 DependenciesID=d58b380eb40bb63e78e4e441a1dd93ee StaticDependenciesID=21779963c6cdcb86470a1ab889994a52 
Number of updated asset objects reloaded before import = 0
Number of asset objects unloaded after import = 0
========================================================================
Received Import Request.
  Time of request: 2026-10-09T14:09:51.911129Z
  Time since last request: 0.000386081 seconds.
  importAddress: GUID: 568f02fe7676e4d659782d6038df91de - Path: Packages/com.unity.collections/LICENSE.md - Importer: ScriptedImporter/UnityEditor.QuickSearchModule:UnityEditor.Search:ASIAI0B
Importing 'GUID: 568f02fe7676e4d659782d6038df91de - Path: Packages/com.unity.collections/LICENSE.md - Importer: ScriptedImporter/UnityEditor.QuickSearchModule:UnityEditor.Search:ASIAI0B' with importer (ScriptedImporter : UnityEditor.QuickSearchModule:UnityEditor.Search:ASIAI0B)
Imported 'GUID: 568f02fe7676e4d659782d6038df91de' -> (Import Result ID: '47a8fbd8e6f85928e158b5ac69200017') in 0.001 seconds [static and dynamic dependencies]. Details - ImportResultOutputID=effa4f90f6bb9916e7b6bfaf19f53f8e DependenciesID=1d2c308551a4a9710bccbf66ed03894b StaticDependenciesID=b3f2b0af16376ac14d88ea90e8b30d38 
Number of updated asset objects reloaded before import = 0
Number of asset objects unloaded after import = 1
========================================================================
Received Import Request.
  Time of request: 2026-10-09T14:09:51.919227Z
  Time since last request: 0.000462463 seconds.
  importAddress: GUID: af94bd3a805f27e42ab86647265be74e - Path: Packages/com.unity.ugui/Tests/Runtime/UGUI/EventSystem/InputModuleTests/PointerExitCallbackCheck.cs - Importer: ScriptedImporter/UnityEditor.QuickSearchModule:UnityEditor.Search:ASIAI0B
Importing 'GUID: af94bd3a805f27e42ab86647265be74e - Path: Packages/com.unity.ugui/Tests/Runtime/UGUI/EventSystem/InputModuleTests/PointerExitCallbackCheck.cs - Importer: ScriptedImporter/UnityEditor.QuickSearchModule:UnityEditor.Search:ASIAI0B' with importer (ScriptedImporter : UnityEditor.QuickSearchModule:UnityEditor.Search:ASIAI0B)
Imported 'GUID: af94bd3a805f27e42ab86647265be74e' -> (Import Result ID: 'a8d53010ab1a8c20d8e4349d2c0e2d04') in 0.002 seconds [static and dynamic dependencies]. Details - ImportResultOutputID=a04610b07f6c55e35976acf79442e3a7 DependenciesID=db052e061f30e6a4079e018a88a96d84 StaticDependenciesID=ac7edece03f8bfead499249135c913ea 
Number of updated asset objects reloaded before import = 0
Number of asset objects unloaded after import = 0
========================================================================
Received Import Request.
  Time of request: 2026-10-09T14:09:51.927944Z
  Time since last request: 0.000168465 seconds.
  importAddress: GUID: ec1f6f558fc0b9a4fac43b21ec79cd5a - Path: Packages/com.unity.collections/Unity.Collections/BitField.cs - Importer: ScriptedImporter/UnityEditor.QuickSearchModule:UnityEditor.Search:ASIAI0B
Importing 'GUID: ec1f6f558fc0b9a4fac43b21ec79cd5a - Path: Packages/com.unity.collections/Unity.Collections/BitField.cs - Importer: ScriptedImporter/UnityEditor.QuickSearchModule:UnityEditor.Search:ASIAI0B' with importer (ScriptedImporter : UnityEditor.QuickSearchModule:UnityEditor.Search:ASIAI0B)
Imported 'GUID: ec1f6f558fc0b9a4fac43b21ec79cd5a' -> (Import Result ID: '314f2aa2a9a6807202c99358439e93d5') in 0.001 seconds [static and dynamic dependencies]. Details - ImportResultOutputID=2d06552cb89072004a672e898df2a4ec DependenciesID=adfa1a12eccf6f00ea55377294222795 StaticDependenciesID=d30fd3540fda0d7a1cfba0e37d168fae 
Number of updated asset objects reloaded before import = 0
Number of asset objects unloaded after import = 0
========================================================================
Received Import Request.
  Time of request: 2026-10-09T14:09:51.935509Z
  Time since last request: 0.000300091 seconds.
  importAddress: GUID: eb4fb871430ff484e9ee3850946c504d - Path: Packages/com.unity.ugui/Tests/Runtime/UGUI/EventSystem/InputModuleTests/PointerEnterCallbackCheck.cs - Importer: ScriptedImporter/UnityEditor.QuickSearchModule:UnityEditor.Search:ASIAI0B
Importing 'GUID: eb4fb871430ff484e9ee3850946c504d - Path: Packages/com.unity.ugui/Tests/Runtime/UGUI/EventSystem/InputModuleTests/PointerEnterCallbackCheck.cs - Importer: ScriptedImporter/UnityEditor.QuickSearchModule:UnityEditor.Search:ASIAI0B' with importer (ScriptedImporter : UnityEditor.QuickSearchModule:UnityEditor.Search:ASIAI0B)
Imported 'GUID: eb4fb871430ff484e9ee3850946c504d' -> (Import Result ID: '3a8fc017e82c9373269a8abcf3f870a1') in 0.003 seconds [static and dynamic dependencies]. Details - ImportResultOutputID=0f816f2d5cbf726f4f507ac11307f5e5 DependenciesID=06e6a59ce8ad29e52f4b2f9a0e1743fc StaticDependenciesID=fce26c74f58335273758af7d9d92eee4 
Number of updated asset objects reloaded before import = 0
Number of asset objects unloaded after import = 0
========================================================================
Received Import Request.
  Time of request: 2026-10-09T14:09:51.945315Z
  Time since last request: 0.00018218 seconds.
  importAddress: GUID: 85f3c3a3c2623cd4da1661b0479e2ef2 - Path: Packages/com.unity.ugui/Runtime/UGUI/UI/Core/VertexModifiers/IMeshModifier.cs - Importer: ScriptedImporter/UnityEditor.QuickSearchModule:UnityEditor.Search:ASIAI0B
Importing 'GUID: 85f3c3a3c2623cd4da1661b0479e2ef2 - Path: Packages/com.unity.ugui/Runtime/UGUI/UI/Core/VertexModifiers/IMeshModifier.cs - Importer: ScriptedImporter/UnityEditor.QuickSearchModule:UnityEditor.Search:ASIAI0B' with importer (ScriptedImporter : UnityEditor.QuickSearchModule:UnityEditor.Search:ASIAI0B)
Imported 'GUID: 85f3c3a3c2623cd4da1661b0479e2ef2' -> (Import Result ID: 'ff5e0015dd330aa8455b64ec7007fbc9') in 0.001 seconds [static and dynamic dependencies]. Details - ImportResultOutputID=fcfd7670dcb474b7774e2cc26a255218 DependenciesID=4dff0c0a8366551402dec5e68313b9d2 StaticDependenciesID=ff9a2ecf5b0c27ed77b8ffc55232427d 
Number of updated asset objects reloaded before import = 0
Number of asset objects unloaded after import = 0
========================================================================
Received Import Request.
  Time of request: 2026-10-09T14:09:51.953154Z
  Time since last request: 0.000212346 seconds.
  importAddress: GUID: 0cdef7b1946241588e9a3b52426940e4 - Path: Packages/com.unity.collections/Unity.Collections/FixedStringFormatMethods.tt - Importer: ScriptedImporter/UnityEditor.QuickSearchModule:UnityEditor.Search:ASIAI0B
Importing 'GUID: 0cdef7b1946241588e9a3b52426940e4 - Path: Packages/com.unity.collections/Unity.Collections/FixedStringFormatMethods.tt - Importer: ScriptedImporter/UnityEditor.QuickSearchModule:UnityEditor.Search:ASIAI0B' with importer (ScriptedImporter : UnityEditor.QuickSearchModule:UnityEditor.Search:ASIAI0B)
Imported 'GUID: 0cdef7b1946241588e9a3b52426940e4' -> (Import Result ID: 'aa266866c540fb0827a846ad1f3519cb') in 0.001 seconds [static and dynamic dependencies]. Details - ImportResultOutputID=6b16e8f04adeaf729559cb24a82ffb48 DependenciesID=2467e4095f31ef7b9fb66964087fa287 StaticDependenciesID=d86a71676caf101cded1b0dafc9e49f7 
Number of updated asset objects reloaded before import = 0
Number of asset objects unloaded after import = 1
========================================================================
Received Import Request.
  Time of request: 2026-10-09T14:09:51.961146Z
  Time since last request: 0.000384708 seconds.
  importAddress: GUID: a5d815866ec304e56b03ec5cfc5f8b0a - Path: Packages/com.unity.collections/CHANGELOG.md - Importer: ScriptedImporter/UnityEditor.QuickSearchModule:UnityEditor.Search:ASIAI0B
Importing 'GUID: a5d815866ec304e56b03ec5cfc5f8b0a - Path: Packages/com.unity.collections/CHANGELOG.md - Importer: ScriptedImporter/UnityEditor.QuickSearchModule:UnityEditor.Search:ASIAI0B' with importer (ScriptedImporter : UnityEditor.QuickSearchModule:UnityEditor.Search:ASIAI0B)
Imported 'GUID: a5d815866ec304e56b03ec5cfc5f8b0a' -> (Import Result ID: '69a05636b0a5b6ea0298e56a8edc4b70') in 0.002 seconds [static and dynamic dependencies]. Details - ImportResultOutputID=7c7842735ebeaa57df9b6bb46deda71c DependenciesID=8fca1294acaa670aadd9cf996f777b8d StaticDependenciesID=725397e3c7221afa3247ac35b897df92 
Number of updated asset objects reloaded before import = 0
Number of asset objects unloaded after import = 1
========================================================================
Received Import Request.
  Time of request: 2026-10-09T14:09:51.9701Z
  Time since last request: 0.00029454 seconds.
  importAddress: GUID: cfabb0440166ab443bba8876756fdfa9 - Path: Packages/com.unity.ugui/Runtime/UGUI/UI/Core/VertexModifiers/Shadow.cs - Importer: ScriptedImporter/UnityEditor.QuickSearchModule:UnityEditor.Search:ASIAI0B
Importing 'GUID: cfabb0440166ab443bba8876756fdfa9 - Path: Packages/com.unity.ugui/Runtime/UGUI/UI/Core/VertexModifiers/Shadow.cs - Importer: ScriptedImporter/UnityEditor.QuickSearchModule:UnityEditor.Search:ASIAI0B' with importer (ScriptedImporter : UnityEditor.QuickSearchModule:UnityEditor.Search:ASIAI0B)
Imported 'GUID: cfabb0440166ab443bba8876756fdfa9' -> (Import Result ID: '2bf37425dc49fd73c4722be112dac9c0') in 0.001 seconds [static and dynamic dependencies]. Details - ImportResultOutputID=b23722b8e7ce29113c2e4b7fb8b06949 DependenciesID=1ac7e35e20da6861974c243309f7cc42 StaticDependenciesID=36b3dff193a1255e048e0e2c12002e97 
Number of updated asset objects reloaded before import = 0
Number of asset objects unloaded after import = 0
========================================================================
Received Import Request.
  Time of request: 2026-10-09T14:09:51.979199Z
  Time since last request: 0.000394627 seconds.
  importAddress: GUID: 41cc650015014737ae58d20e77323080 - Path: Packages/com.unity.collections/Unity.Collections/NativeArrayExtensions.cs - Importer: ScriptedImporter/UnityEditor.QuickSearchModule:UnityEditor.Search:ASIAI0B
Importing 'GUID: 41cc650015014737ae58d20e77323080 - Path: Packages/com.unity.collections/Unity.Collections/NativeArrayExtensions.cs - Importer: ScriptedImporter/UnityEditor.QuickSearchModule:UnityEditor.Search:ASIAI0B' with importer (ScriptedImporter : UnityEditor.QuickSearchModule:UnityEditor.Search:ASIAI0B)
Imported 'GUID: 41cc650015014737ae58d20e77323080' -> (Import Result ID: '28ebdb3d4f5a4550870a8589eaea67b3') in 0.001 seconds [static and dynamic dependencies]. Details - ImportResultOutputID=c6447bd60095abcce6912333ff3a0e7d DependenciesID=b6fa60ff325f6f52fad654fe24793f6e StaticDependenciesID=e8a1a69151f8dc2a052f1ef9e9d3c9c5 
Number of updated asset objects reloaded before import = 0
Number of asset objects unloaded after import = 0
========================================================================
Received Import Request.
  Time of request: 2026-10-09T14:09:51.987157Z
  Time since last request: 0.00031604 seconds.
  importAddress: GUID: dde1b485b0c74a789255539c2152dd1b - Path: Packages/com.unity.collections/Unity.Collections/DataStreamExtensions.cs - Importer: ScriptedImporter/UnityEditor.QuickSearchModule:UnityEditor.Search:ASIAI0B
Importing 'GUID: dde1b485b0c74a789255539c2152dd1b - Path: Packages/com.unity.collections/Unity.Collections/DataStreamExtensions.cs - Importer: ScriptedImporter/UnityEditor.QuickSearchModule:UnityEditor.Search:ASIAI0B' with importer (ScriptedImporter : UnityEditor.QuickSearchModule:UnityEditor.Search:ASIAI0B)
Imported 'GUID: dde1b485b0c74a789255539c2152dd1b' -> (Import Result ID: '4f87e116e20f66e2eba7593d59eb76ca') in 0.001 seconds [static and dynamic dependencies]. Details - ImportResultOutputID=d4a01ccf052b96de89f2f6a740c45c42 DependenciesID=7f8251c372a3415389950e55b7daf571 StaticDependenciesID=5d8e8092db59c685a52a996a2db5b75c 
Number of updated asset objects reloaded before import = 0
Number of asset objects unloaded after import = 0
========================================================================
Received Import Request.
  Time of request: 2026-10-09T14:09:52.008131Z
  Time since last request: 0.013038869 seconds.
  importAddress: GUID: 80ca4f6f8df346a7b0719fe317b538ac - Path: Packages/com.unity.collections/Unity.Collections/xxHash3.AVX2.cs - Importer: ScriptedImporter/UnityEditor.QuickSearchModule:UnityEditor.Search:ASIAI0B
Importing 'GUID: 80ca4f6f8df346a7b0719fe317b538ac - Path: Packages/com.unity.collections/Unity.Collections/xxHash3.AVX2.cs - Importer: ScriptedImporter/UnityEditor.QuickSearchModule:UnityEditor.Search:ASIAI0B' with importer (ScriptedImporter : UnityEditor.QuickSearchModule:UnityEditor.Search:ASIAI0B)
Imported 'GUID: 80ca4f6f8df346a7b0719fe317b538ac' -> (Import Result ID: '2cb31722a586ec71d76108f996bcd5d6') in 0.001 seconds [static and dynamic dependencies]. Details - ImportResultOutputID=ab8d4ae5f604f7c58035b732d82ea83e DependenciesID=bcd388210a173f73b1990065623d6e8e StaticDependenciesID=80ab7bb0674369a0385afcc66e2368d0 
Number of updated asset objects reloaded before import = 0
Number of asset objects unloaded after import = 0
========================================================================
Received Import Request.
  Time of request: 2026-10-09T14:09:52.016075Z
  Time since last request: 0.000537223 seconds.
  importAddress: GUID: 5225ac49dbd6eb941b91278b59ac4ac0 - Path: Packages/com.unity.collections/Unity.Collections/UnsafeParallelHashMap.cs - Importer: ScriptedImporter/UnityEditor.QuickSearchModule:UnityEditor.Search:ASIAI0B
Importing 'GUID: 5225ac49dbd6eb941b91278b59ac4ac0 - Path: Packages/com.unity.collections/Unity.Collections/UnsafeParallelHashMap.cs - Importer: ScriptedImporter/UnityEditor.QuickSearchModule:UnityEditor.Search:ASIAI0B' with importer (ScriptedImporter : UnityEditor.QuickSearchModule:UnityEditor.Search:ASIAI0B)
Imported 'GUID: 5225ac49dbd6eb941b91278b59ac4ac0' -> (Import Result ID: 'e72b75e3b8dd1691e7566f61eee3bfc8') in 0.001 seconds [static and dynamic dependencies]. Details - ImportResultOutputID=72200dde7794cbdb41083e354d498f02 DependenciesID=d2df6f7b4fdbe20372769048b16d04fb StaticDependenciesID=83699909e1148b10ba1a803f1494347a 
Number of updated asset objects reloaded before import = 0
Number of asset objects unloaded after import = 0
========================================================================
Received Import Request.
  Time of request: 2026-10-09T14:09:52.024042Z
  Time since last request: 0.000588479 seconds.
  importAddress: GUID: 303e5975f34d18c4d81f25c4af12839a - Path: Packages/com.unity.collections/Unity.Collections.CodeGen/JobReflectionDataPostProcessor.cs - Importer: ScriptedImporter/UnityEditor.QuickSearchModule:UnityEditor.Search:ASIAI0B
Importing 'GUID: 303e5975f34d18c4d81f25c4af12839a - Path: Packages/com.unity.collections/Unity.Collections.CodeGen/JobReflectionDataPostProcessor.cs - Importer: ScriptedImporter/UnityEditor.QuickSearchModule:UnityEditor.Search:ASIAI0B' with importer (ScriptedImporter : UnityEditor.QuickSearchModule:UnityEditor.Search:ASIAI0B)
Imported 'GUID: 303e5975f34d18c4d81f25c4af12839a' -> (Import Result ID: 'c6d0db8dc89b7ff001398f81cdd602fd') in 0.002 seconds [static and dynamic dependencies]. Details - ImportResultOutputID=88f7e18e01ea397bc7e820c286bb52e9 DependenciesID=808f4e87f2bb7321be041cfa988cd9fc StaticDependenciesID=c858397aa9a95d1bcffb1623f4cc1444 
Number of updated asset objects reloaded before import = 0
Number of asset objects unloaded after import = 0
========================================================================
Received Import Request.
  Time of request: 2026-10-09T14:09:52.032596Z
  Time since last request: 0.00019305 seconds.
  importAddress: GUID: ca5dd80efed23904a980e0f7fb23ed5d - Path: Packages/com.unity.collections/Unity.Collections/NativeReference.cs - Importer: ScriptedImporter/UnityEditor.QuickSearchModule:UnityEditor.Search:ASIAI0B
Importing 'GUID: ca5dd80efed23904a980e0f7fb23ed5d - Path: Packages/com.unity.collections/Unity.Collections/NativeReference.cs - Importer: ScriptedImporter/UnityEditor.QuickSearchModule:UnityEditor.Search:ASIAI0B' with importer (ScriptedImporter : UnityEditor.QuickSearchModule:UnityEditor.Search:ASIAI0B)
Imported 'GUID: ca5dd80efed23904a980e0f7fb23ed5d' -> (Import Result ID: '3789fb8eff16abb285f393a454ffe990') in 0.001 seconds [static and dynamic dependencies]. Details - ImportResultOutputID=2194fb2a481ffd771280b8566b0aa9c4 DependenciesID=175a57c6f37ceaba28f671da541863c5 StaticDependenciesID=25da7c95b2d015d298c3d07a06797c71 
Number of updated asset objects reloaded before import = 0
Number of asset objects unloaded after import = 0
========================================================================
Received Import Request.
  Time of request: 2026-10-09T14:09:52.04016Z
  Time since last request: 0.000243575 seconds.
  importAddress: GUID: 1d503f3e3b7fd2147a8ddc4135fcc0e3 - Path: Packages/com.unity.collections/Unity.Collections.BurstCompatibilityGen/BurstCompatibilityTests.cs - Importer: ScriptedImporter/UnityEditor.QuickSearchModule:UnityEditor.Search:ASIAI0B
Importing 'GUID: 1d503f3e3b7fd2147a8ddc4135fcc0e3 - Path: Packages/com.unity.collections/Unity.Collections.BurstCompatibilityGen/BurstCompatibilityTests.cs - Importer: ScriptedImporter/UnityEditor.QuickSearchModule:UnityEditor.Search:ASIAI0B' with importer (ScriptedImporter : UnityEditor.QuickSearchModule:UnityEditor.Search:ASIAI0B)
Imported 'GUID: 1d503f3e3b7fd2147a8ddc4135fcc0e3' -> (Import Result ID: '82c53128f7c5f763c7264e181c219b31') in 0.002 seconds [static and dynamic dependencies]. Details - ImportResultOutputID=0ba9c96fbdc96a75e9d425e9f505cb01 DependenciesID=d603e7783567cf6bc87adfcb5cf1124a StaticDependenciesID=0e790910fed54f2de52feda99594bebe 
Number of updated asset objects reloaded before import = 0
Number of asset objects unloaded after import = 0
========================================================================
Received Import Request.
  Time of request: 2026-10-09T14:09:52.048131Z
  Time since last request: 0.000160569 seconds.
  importAddress: GUID: f9c067f2cfe24ce98e2deecdb0ed12a3 - Path: Packages/com.unity.collections/Unity.Collections/UTF8ArrayUnsafeUtility.cs - Importer: ScriptedImporter/UnityEditor.QuickSearchModule:UnityEditor.Search:ASIAI0B
Importing 'GUID: f9c067f2cfe24ce98e2deecdb0ed12a3 - Path: Packages/com.unity.collections/Unity.Collections/UTF8ArrayUnsafeUtility.cs - Importer: ScriptedImporter/UnityEditor.QuickSearchModule:UnityEditor.Search:ASIAI0B' with importer (ScriptedImporter : UnityEditor.QuickSearchModule:UnityEditor.Search:ASIAI0B)
Imported 'GUID: f9c067f2cfe24ce98e2deecdb0ed12a3' -> (Import Result ID: 'fd2d7fcbe8b5d6a27578acf723339168') in 0.002 seconds [static and dynamic dependencies]. Details - ImportResultOutputID=ebf5b6597e4d57e7d4a6c0e152555308 DependenciesID=12de5f0478d7b6813f70f2ddd91c5975 StaticDependenciesID=73b58921696f8c757949bfa84b2e57e4 
Number of updated asset objects reloaded before import = 0
Number of asset objects unloaded after import = 0
========================================================================
Received Import Request.
  Time of request: 2026-10-09T14:09:52.05645Z
  Time since last request: 0.000413001 seconds.
  importAddress: GUID: d6cb74ab64d3d476393e420d9d74dec4 - Path: Packages/com.unity.collections/Unity.Collections.PerformanceTests/NativeArraySortPerformanceTests.cs - Importer: ScriptedImporter/UnityEditor.QuickSearchModule:UnityEditor.Search:ASIAI0B
Importing 'GUID: d6cb74ab64d3d476393e420d9d74dec4 - Path: Packages/com.unity.collections/Unity.Collections.PerformanceTests/NativeArraySortPerformanceTests.cs - Importer: ScriptedImporter/UnityEditor.QuickSearchModule:UnityEditor.Search:ASIAI0B' with importer (ScriptedImporter : UnityEditor.QuickSearchModule:UnityEditor.Search:ASIAI0B)
Imported 'GUID: d6cb74ab64d3d476393e420d9d74dec4' -> (Import Result ID: '94a8edc934bb3c1279e01606cd5c0f37') in 0.002 seconds [static and dynamic dependencies]. Details - ImportResultOutputID=89b9cbd71813efe3e698002d8a08c4c6 DependenciesID=3259153204584f1dc18ea7f1d6983c43 StaticDependenciesID=8b5112e04a0cd49c022925ffe13bb8d6 
Number of updated asset objects reloaded before import = 0
Number of asset objects unloaded after import = 0
========================================================================
Received Import Request.
  Time of request: 2026-10-09T14:09:52.065718Z
  Time since last request: 0.00014448 seconds.
  importAddress: GUID: 29f92070f574cff4a948d1b4f2b88cd3 - Path: Packages/com.unity.collections/Unity.Collections.PerformanceTests/BenchmarkAllocator.cs - Importer: ScriptedImporter/UnityEditor.QuickSearchModule:UnityEditor.Search:ASIAI0B
Importing 'GUID: 29f92070f574cff4a948d1b4f2b88cd3 - Path: Packages/com.unity.collections/Unity.Collections.PerformanceTests/BenchmarkAllocator.cs - Importer: ScriptedImporter/UnityEditor.QuickSearchModule:UnityEditor.Search:ASIAI0B' with importer (ScriptedImporter : UnityEditor.QuickSearchModule:UnityEditor.Search:ASIAI0B)
Imported 'GUID: 29f92070f574cff4a948d1b4f2b88cd3' -> (Import Result ID: 'a3b3d12d7192dd2e631dc16f0e13949b') in 0.001 seconds [static and dynamic dependencies]. Details - ImportResultOutputID=1b96ccdc7053d2d34b4708174328e47e DependenciesID=d9b9f6047adbaac26d9509306b623bb1 StaticDependenciesID=c0052d97b20956b0d56d4a78a6bd6d58 
Number of updated asset objects reloaded before import = 0
Number of asset objects unloaded after import = 0
========================================================================
Received Import Request.
  Time of request: 2026-10-09T14:09:52.074412Z
  Time since last request: 0.000152485 seconds.
  importAddress: GUID: 1de5774def35a6642a480cfd1b8c11d7 - Path: Packages/com.unity.collections/Unity.Collections/NativeParallelMultiHashMap.cs - Importer: ScriptedImporter/UnityEditor.QuickSearchModule:UnityEditor.Search:ASIAI0B
Importing 'GUID: 1de5774def35a6642a480cfd1b8c11d7 - Path: Packages/com.unity.collections/Unity.Collections/NativeParallelMultiHashMap.cs - Importer: ScriptedImporter/UnityEditor.QuickSearchModule:UnityEditor.Search:ASIAI0B' with importer (ScriptedImporter : UnityEditor.QuickSearchModule:UnityEditor.Search:ASIAI0B)
Imported 'GUID: 1de5774def35a6642a480cfd1b8c11d7' -> (Import Result ID: 'ef63394fca427b83a5ce3592ff74987c') in 0.002 seconds [static and dynamic dependencies]. Details - ImportResultOutputID=fe6807a26d203dee1c8da358de6bcb20 DependenciesID=d59908fe52abea58eae5cf6a0fce7490 StaticDependenciesID=6c2b5aa28dd8802040a7e75314b6bd76 
Number of updated asset objects reloaded before import = 0
Number of asset objects unloaded after import = 0
========================================================================
Received Import Request.
  Time of request: 2026-10-09T14:09:52.084978Z
  Time since last request: 0.000275815 seconds.
  importAddress: GUID: 7a96926915a7746789220056d7c409a5 - Path: Packages/com.unity.collections/Unity.Collections.Editor/JobsMenu.cs - Importer: ScriptedImporter/UnityEditor.QuickSearchModule:UnityEditor.Search:ASIAI0B
Importing 'GUID: 7a96926915a7746789220056d7c409a5 - Path: Packages/com.unity.collections/Unity.Collections.Editor/JobsMenu.cs - Importer: ScriptedImporter/UnityEditor.QuickSearchModule:UnityEditor.Search:ASIAI0B' with importer (ScriptedImporter : UnityEditor.QuickSearchModule:UnityEditor.Search:ASIAI0B)
Imported 'GUID: 7a96926915a7746789220056d7c409a5' -> (Import Result ID: '74e2b8599f1d46c353d2b3e3d9208874') in 0.001 seconds [static and dynamic dependencies]. Details - ImportResultOutputID=7a7d9775ed2f284712bc1cac10d80032 DependenciesID=b37a7a63ab0c71230adb7af75fbff415 StaticDependenciesID=f5e5fd30a05bac942f69364648e6bb17 
Number of updated asset objects reloaded before import = 0
Number of asset objects unloaded after import = 0
========================================================================
Received Import Request.
  Time of request: 2026-10-09T14:09:52.093444Z
  Time since last request: 0.000263522 seconds.
  importAddress: GUID: 5811fa70eb1e3da40b802cd058899005 - Path: Packages/com.unity.collections/Unity.Collections/UnsafeAtomicCounter.cs - Importer: ScriptedImporter/UnityEditor.QuickSearchModule:UnityEditor.Search:ASIAI0B
Importing 'GUID: 5811fa70eb1e3da40b802cd058899005 - Path: Packages/com.unity.collections/Unity.Collections/UnsafeAtomicCounter.cs - Importer: ScriptedImporter/UnityEditor.QuickSearchModule:UnityEditor.Search:ASIAI0B' with importer (ScriptedImporter : UnityEditor.QuickSearchModule:UnityEditor.Search:ASIAI0B)
Imported 'GUID: 5811fa70eb1e3da40b802cd058899005' -> (Import Result ID: '08df2dc803d8dd41914d0d8b35091aae') in 0.001 seconds [static and dynamic dependencies]. Details - ImportResultOutputID=e46b2d5789b4795f5ebe1c5656774ddd DependenciesID=f42cbd8cac896cabda0d9b1f23803f56 StaticDependenciesID=e7441e2f554a44161d4567f1b1610ebf 
Number of updated asset objects reloaded before import = 0
Number of asset objects unloaded after import = 0
========================================================================
Received Import Request.
  Time of request: 2026-10-09T14:09:52.101441Z
  Time since last request: 0.000208129 seconds.
  importAddress: GUID: 656438ffe79c94447bf483cf17d90bf6 - Path: Packages/com.unity.collections/Unity.Collections/UnsafeUtilityEx.cs - Importer: ScriptedImporter/UnityEditor.QuickSearchModule:UnityEditor.Search:ASIAI0B
Importing 'GUID: 656438ffe79c94447bf483cf17d90bf6 - Path: Packages/com.unity.collections/Unity.Collections/UnsafeUtilityEx.cs - Importer: ScriptedImporter/UnityEditor.QuickSearchModule:UnityEditor.Search:ASIAI0B' with importer (ScriptedImporter : UnityEditor.QuickSearchModule:UnityEditor.Search:ASIAI0B)
Imported 'GUID: 656438ffe79c94447bf483cf17d90bf6' -> (Import Result ID: 'e06a6a2249c1efd7adb3c4f9ef28bec0') in 0.002 seconds [static and dynamic dependencies]. Details - ImportResultOutputID=cf7aac33a5a10808b5305c63bea57c39 DependenciesID=18fc8fa418ed1cbf9538158c68cbcfff StaticDependenciesID=ea3ff4eaa1cb2cf34f7194eaaa8e0068 
Number of updated asset objects reloaded before import = 0
Number of asset objects unloaded after import = 0
========================================================================
Received Import Request.
  Time of request: 2026-10-09T14:09:52.10973Z
  Time since last request: 0.000184133 seconds.
  importAddress: GUID: 38714c3d9f5dd4b4ba7fb2fd79dca07d - Path: Packages/com.unity.collections/Unity.Collections.PerformanceTests/ListPerformanceTests.cs - Importer: ScriptedImporter/UnityEditor.QuickSearchModule:UnityEditor.Search:ASIAI0B
Importing 'GUID: 38714c3d9f5dd4b4ba7fb2fd79dca07d - Path: Packages/com.unity.collections/Unity.Collections.PerformanceTests/ListPerformanceTests.cs - Importer: ScriptedImporter/UnityEditor.QuickSearchModule:UnityEditor.Search:ASIAI0B' with importer (ScriptedImporter : UnityEditor.QuickSearchModule:UnityEditor.Search:ASIAI0B)
Imported 'GUID: 38714c3d9f5dd4b4ba7fb2fd79dca07d' -> (Import Result ID: 'a35a1f4496635ce6199534d7702396c1') in 0.001 seconds [static and dynamic dependencies]. Details - ImportResultOutputID=00f4db97cb127587eb0fe1a88972d899 DependenciesID=b11eea5a477708a93b774d93bec891fe StaticDependenciesID=b6c2678f0ba588a7772e1bdc746dc193 
Number of updated asset objects reloaded before import = 0
Number of asset objects unloaded after import = 0
========================================================================
Received Import Request.
  Time of request: 2026-10-09T14:09:52.11695Z
  Time since last request: 0.000147786 seconds.
  importAddress: GUID: 6b56ef4acca0448596282b536b461f22 - Path: Packages/com.unity.collections/Unity.Collections/UIntFloat.cs - Importer: ScriptedImporter/UnityEditor.QuickSearchModule:UnityEditor.Search:ASIAI0B
Importing 'GUID: 6b56ef4acca0448596282b536b461f22 - Path: Packages/com.unity.collections/Unity.Collections/UIntFloat.cs - Importer: ScriptedImporter/UnityEditor.QuickSearchModule:UnityEditor.Search:ASIAI0B' with importer (ScriptedImporter : UnityEditor.QuickSearchModule:UnityEditor.Search:ASIAI0B)
Imported 'GUID: 6b56ef4acca0448596282b536b461f22' -> (Import Result ID: '9f31ce35094bee6b2c479c332ecb1a05') in 0.001 seconds [static and dynamic dependencies]. Details - ImportResultOutputID=2e6f639d33c11031813fdeb746b4b331 DependenciesID=6d1ff0b9952708d2d9d078425a854a95 StaticDependenciesID=9a5bab3311ea957ac69e3900c3682a97 
Number of updated asset objects reloaded before import = 0
Number of asset objects unloaded after import = 0
========================================================================
Received Import Request.
  Time of request: 2026-10-09T14:09:52.124867Z
  Time since last request: 0.000632962 seconds.
  importAddress: GUID: e0cd26848372d4e5c891c569017e11f1 - Path: Packages/com.unity.collections/Unity.Collections/Unity.Collections.asmdef - Importer: ScriptedImporter/UnityEditor.QuickSearchModule:UnityEditor.Search:ASIAI0B
Importing 'GUID: e0cd26848372d4e5c891c569017e11f1 - Path: Packages/com.unity.collections/Unity.Collections/Unity.Collections.asmdef - Importer: ScriptedImporter/UnityEditor.QuickSearchModule:UnityEditor.Search:ASIAI0B' with importer (ScriptedImporter : UnityEditor.QuickSearchModule:UnityEditor.Search:ASIAI0B)
Imported 'GUID: e0cd26848372d4e5c891c569017e11f1' -> (Import Result ID: '5c558b07f30c78d763b5b230161f4a27') in 0.001 seconds [static and dynamic dependencies]. Details - ImportResultOutputID=0df693f062d91fb95b50d63c8b781990 DependenciesID=27e58925a39dbc76b06900e703e67510 StaticDependenciesID=daf132021d577b83eb52cdc69449d807 
Number of updated asset objects reloaded before import = 0
Number of asset objects unloaded after import = 1
========================================================================
Received Import Request.
  Time of request: 2026-10-09T14:09:52.132835Z
  Time since last request: 0.000429863 seconds.
  importAddress: GUID: 469c3f7cf80934f0fb79e0ab07665b81 - Path: Packages/com.unity.collections/Unity.Collections/UnsafeAppendBuffer.cs - Importer: ScriptedImporter/UnityEditor.QuickSearchModule:UnityEditor.Search:ASIAI0B
Importing 'GUID: 469c3f7cf80934f0fb79e0ab07665b81 - Path: Packages/com.unity.collections/Unity.Collections/UnsafeAppendBuffer.cs - Importer: ScriptedImporter/UnityEditor.QuickSearchModule:UnityEditor.Search:ASIAI0B' with importer (ScriptedImporter : UnityEditor.QuickSearchModule:UnityEditor.Search:ASIAI0B)
Imported 'GUID: 469c3f7cf80934f0fb79e0ab07665b81' -> (Import Result ID: 'e3572223266c42860dbd15135208f93b') in 0.001 seconds [static and dynamic dependencies]. Details - ImportResultOutputID=e1edfbb947b805c4f0df20d17214b389 DependenciesID=567b34f828d25f92c9cc40ea2ea2cc39 StaticDependenciesID=d9085d2d44cb69891e01f08345a28e12 
Number of updated asset objects reloaded before import = 0
Number of asset objects unloaded after import = 0
========================================================================
Received Import Request.
  Time of request: 2026-10-09T14:09:52.149379Z
  Time since last request: 0.008650578 seconds.
  importAddress: GUID: 073d9e43aff74464ab326f22b63d0dce - Path: Packages/com.unity.collections/Unity.Collections.Tests/NativeParallelHashMapTestsFixture.cs - Importer: ScriptedImporter/UnityEditor.QuickSearchModule:UnityEditor.Search:ASIAI0B
Importing 'GUID: 073d9e43aff74464ab326f22b63d0dce - Path: Packages/com.unity.collections/Unity.Collections.Tests/NativeParallelHashMapTestsFixture.cs - Importer: ScriptedImporter/UnityEditor.QuickSearchModule:UnityEditor.Search:ASIAI0B' with importer (ScriptedImporter : UnityEditor.QuickSearchModule:UnityEditor.Search:ASIAI0B)
Imported 'GUID: 073d9e43aff74464ab326f22b63d0dce' -> (Import Result ID: '2a215c8ab9a945e28947d52a9a5a573c') in 0.001 seconds [static and dynamic dependencies]. Details - ImportResultOutputID=aac9c5ce60435df5287d0a55d950326e DependenciesID=f2edd5573120bfc8edb61ee94a4de486 StaticDependenciesID=13d5325a278aede19d4f70cb78871bd8 
Number of updated asset objects reloaded before import = 0
Number of asset objects unloaded after import = 0
========================================================================
Received Import Request.
  Time of request: 2026-10-09T14:09:52.158243Z
  Time since last request: 0.000699195 seconds.
  importAddress: GUID: 2875d3f6474aaee46b2421966a741a1d - Path: Packages/com.unity.collections/Unity.Collections.Tests/AllocatorRewindableTests.cs - Importer: ScriptedImporter/UnityEditor.QuickSearchModule:UnityEditor.Search:ASIAI0B
Importing 'GUID: 2875d3f6474aaee46b2421966a741a1d - Path: Packages/com.unity.collections/Unity.Collections.Tests/AllocatorRewindableTests.cs - Importer: ScriptedImporter/UnityEditor.QuickSearchModule:UnityEditor.Search:ASIAI0B' with importer (ScriptedImporter : UnityEditor.QuickSearchModule:UnityEditor.Search:ASIAI0B)
Imported 'GUID: 2875d3f6474aaee46b2421966a741a1d' -> (Import Result ID: 'c2ee6729c9e7894c162ee788ab4b1503') in 0.001 seconds [static and dynamic dependencies]. Details - ImportResultOutputID=06148d7f1b6bf51c10bb5465e4eb8aad DependenciesID=92c20e60249f1d359afd4b8de9275df3 StaticDependenciesID=63c503ed9887512cbd29761c238713d8 
Number of updated asset objects reloaded before import = 0
Number of asset objects unloaded after import = 0
========================================================================
Received Import Request.
  Time of request: 2026-10-09T14:09:52.16666Z
  Time since last request: 0.000712189 seconds.
  importAddress: GUID: 41c1d83e4d34d6247b6e021d9053b364 - Path: Packages/com.unity.collections/Unity.Collections.Tests/GenericContainerTest.cs - Importer: ScriptedImporter/UnityEditor.QuickSearchModule:UnityEditor.Search:ASIAI0B
Importing 'GUID: 41c1d83e4d34d6247b6e021d9053b364 - Path: Packages/com.unity.collections/Unity.Collections.Tests/GenericContainerTest.cs - Importer: ScriptedImporter/UnityEditor.QuickSearchModule:UnityEditor.Search:ASIAI0B' with importer (ScriptedImporter : UnityEditor.QuickSearchModule:UnityEditor.Search:ASIAI0B)
Imported 'GUID: 41c1d83e4d34d6247b6e021d9053b364' -> (Import Result ID: '4adef60c0097f4eef7ce8248292ca840') in 0.001 seconds [static and dynamic dependencies]. Details - ImportResultOutputID=92a8762a1538948d5972d84eeacf6810 DependenciesID=5590100f808702861fc23772a2d0e17c StaticDependenciesID=17a5e969bcdf6b161978c98cea47c781 
Number of updated asset objects reloaded before import = 0
Number of asset objects unloaded after import = 0
========================================================================
Received Import Request.
  Time of request: 2026-10-09T14:09:52.174867Z
  Time since last request: 0.000538775 seconds.
  importAddress: GUID: d438077bfbb9810469c3c896a295855a - Path: Packages/com.unity.collections/Unity.Collections.PerformanceTests/RewindableAllocatorPerformanceTests.cs - Importer: ScriptedImporter/UnityEditor.QuickSearchModule:UnityEditor.Search:ASIAI0B
Importing 'GUID: d438077bfbb9810469c3c896a295855a - Path: Packages/com.unity.collections/Unity.Collections.PerformanceTests/RewindableAllocatorPerformanceTests.cs - Importer: ScriptedImporter/UnityEditor.QuickSearchModule:UnityEditor.Search:ASIAI0B' with importer (ScriptedImporter : UnityEditor.QuickSearchModule:UnityEditor.Search:ASIAI0B)
Imported 'GUID: d438077bfbb9810469c3c896a295855a' -> (Import Result ID: '8f483c08da70fc0fcd44bb015397f2f1') in 0.002 seconds [static and dynamic dependencies]. Details - ImportResultOutputID=4153e11464d3c7425b00dab42e6bd1d7 DependenciesID=a055d074421de6f577580c0dfcc37827 StaticDependenciesID=bd251a3c793d9f5d5c5ce83e1ba43c0a 
Number of updated asset objects reloaded before import = 0
Number of asset objects unloaded after import = 0
========================================================================
Received Import Request.
  Time of request: 2026-10-09T14:09:52.183156Z
  Time since last request: 0.000430394 seconds.
  importAddress: GUID: 0b998d1d480ff8743817da102884ab16 - Path: Packages/com.unity.collections/Unity.Collections.Tests/NativeTextTests.cs - Importer: ScriptedImporter/UnityEditor.QuickSearchModule:UnityEditor.Search:ASIAI0B
Importing 'GUID: 0b998d1d480ff8743817da102884ab16 - Path: Packages/com.unity.collections/Unity.Collections.Tests/NativeTextTests.cs - Importer: ScriptedImporter/UnityEditor.QuickSearchModule:UnityEditor.Search:ASIAI0B' with importer (ScriptedImporter : UnityEditor.QuickSearchModule:UnityEditor.Search:ASIAI0B)
Imported 'GUID: 0b998d1d480ff8743817da102884ab16' -> (Import Result ID: '4c654d4f21c34b9cd92ed00c793a6123') in 0.001 seconds [static and dynamic dependencies]. Details - ImportResultOutputID=d3dd6dccf6a6cf91d8a6bdde3bda4fe7 DependenciesID=568c2d2a318e8294c3b803fff427b5cd StaticDependenciesID=3f3f110b6e05c1268e3e45afb43303bc 
Number of updated asset objects reloaded before import = 0
Number of asset objects unloaded after import = 0
========================================================================
Received Import Request.
  Time of request: 2026-10-09T14:09:52.191551Z
  Time since last request: 0.00033711 seconds.
  importAddress: GUID: b9cafe65ae4b7c5408e16a4d9eeeb599 - Path: Packages/com.unity.collections/Unity.Collections.PerformanceTests/QueuePerformanceTests.cs - Importer: ScriptedImporter/UnityEditor.QuickSearchModule:UnityEditor.Search:ASIAI0B
Importing 'GUID: b9cafe65ae4b7c5408e16a4d9eeeb599 - Path: Packages/com.unity.collections/Unity.Collections.PerformanceTests/QueuePerformanceTests.cs - Importer: ScriptedImporter/UnityEditor.QuickSearchModule:UnityEditor.Search:ASIAI0B' with importer (ScriptedImporter : UnityEditor.QuickSearchModule:UnityEditor.Search:ASIAI0B)
Imported 'GUID: b9cafe65ae4b7c5408e16a4d9eeeb599' -> (Import Result ID: '228d9361ad6453472b9848f493f7febe') in 0.001 seconds [static and dynamic dependencies]. Details - ImportResultOutputID=d74a9884add283d5715d0ac625c1cd3e DependenciesID=4bc98d2d6447cfaeae94ede6a0195376 StaticDependenciesID=9e398f1b8e40444049cfc5a00bfc0d69 
Number of updated asset objects reloaded before import = 0
Number of asset objects unloaded after import = 0
========================================================================
Received Import Request.
  Time of request: 2026-10-09T14:09:52.200191Z
  Time since last request: 0.000511825 seconds.
  importAddress: GUID: e064d25778ff3b249a575bb25f2eaf3e - Path: Packages/com.unity.collections/Unity.Collections.PerformanceTests.Internal/Unity.Collections.PerformanceTests.Internal.asmref - Importer: ScriptedImporter/UnityEditor.QuickSearchModule:UnityEditor.Search:ASIAI0B
Importing 'GUID: e064d25778ff3b249a575bb25f2eaf3e - Path: Packages/com.unity.collections/Unity.Collections.PerformanceTests.Internal/Unity.Collections.PerformanceTests.Internal.asmref - Importer: ScriptedImporter/UnityEditor.QuickSearchModule:UnityEditor.Search:ASIAI0B' with importer (ScriptedImporter : UnityEditor.QuickSearchModule:UnityEditor.Search:ASIAI0B)
Imported 'GUID: e064d25778ff3b249a575bb25f2eaf3e' -> (Import Result ID: '83ffbda52a58e2c1711ecf14072e3c52') in 0.002 seconds [static and dynamic dependencies]. Details - ImportResultOutputID=0b213e58eac83c554e499c1f3d4ce5b6 DependenciesID=3210854b452bf9c2f23ff4769fdc1116 StaticDependenciesID=daba5336aeb4a5c4f5a0e63daa3e25d4 
Number of updated asset objects reloaded before import = 0
Number of asset objects unloaded after import = 1
========================================================================
Received Import Request.
  Time of request: 2026-10-09T14:09:52.210008Z
  Time since last request: 0.000598126 seconds.
  importAddress: GUID: e882b40f28163514db4c9a34dbf1d6a5 - Path: Packages/com.unity.collections/Unity.Collections.Tests/NativeArraySortTests.cs - Importer: ScriptedImporter/UnityEditor.QuickSearchModule:UnityEditor.Search:ASIAI0B
Importing 'GUID: e882b40f28163514db4c9a34dbf1d6a5 - Path: Packages/com.unity.collections/Unity.Collections.Tests/NativeArraySortTests.cs - Importer: ScriptedImporter/UnityEditor.QuickSearchModule:UnityEditor.Search:ASIAI0B' with importer (ScriptedImporter : UnityEditor.QuickSearchModule:UnityEditor.Search:ASIAI0B)
Imported 'GUID: e882b40f28163514db4c9a34dbf1d6a5' -> (Import Result ID: 'b88997a236e31eb7418a920be1c73a34') in 0.001 seconds [static and dynamic dependencies]. Details - ImportResultOutputID=9648ae90c40e4fa63ccd8a00a705a0aa DependenciesID=a0d8c52daf9404d1e79b86e188a9d17d StaticDependenciesID=a51a34304fb4ca5c3ec57c6df6167e7f 
Number of updated asset objects reloaded before import = 0
Number of asset objects unloaded after import = 0
========================================================================
Received Import Request.
  Time of request: 2026-10-09T14:09:52.218594Z
  Time since last request: 0.000708342 seconds.
  importAddress: GUID: 4bd84e58bd56f496990c0624dfe88a1a - Path: Packages/com.unity.collections/Unity.Collections.Tests/NativeParallelHashMapTests.cs - Importer: ScriptedImporter/UnityEditor.QuickSearchModule:UnityEditor.Search:ASIAI0B
Importing 'GUID: 4bd84e58bd56f496990c0624dfe88a1a - Path: Packages/com.unity.collections/Unity.Collections.Tests/NativeParallelHashMapTests.cs - Importer: ScriptedImporter/UnityEditor.QuickSearchModule:UnityEditor.Search:ASIAI0B' with importer (ScriptedImporter : UnityEditor.QuickSearchModule:UnityEditor.Search:ASIAI0B)
Imported 'GUID: 4bd84e58bd56f496990c0624dfe88a1a' -> (Import Result ID: '1e29974b8960b87f98db2e272b7223c9') in 0.001 seconds [static and dynamic dependencies]. Details - ImportResultOutputID=bda8703659ce16f4ec6cbabb34bd3f6c DependenciesID=bf9ee841db8b7c4dfecd2c7ebb352c5f StaticDependenciesID=635c03218b581af1ee2cd34ea7d8a8fe 
Number of updated asset objects reloaded before import = 0
Number of asset objects unloaded after import = 0
========================================================================
Received Import Request.
  Time of request: 2026-10-09T14:09:52.226188Z
  Time since last request: 0.000308906 seconds.
  importAddress: GUID: 7f00410a200de4d6d865ce65201c861f - Path: Packages/com.unity.collections/Unity.Collections.Tests/NativeParallelMultiHashMapTests_JobDebugger.cs - Importer: ScriptedImporter/UnityEditor.QuickSearchModule:UnityEditor.Search:ASIAI0B
Importing 'GUID: 7f00410a200de4d6d865ce65201c861f - Path: Packages/com.unity.collections/Unity.Collections.Tests/NativeParallelMultiHashMapTests_JobDebugger.cs - Importer: ScriptedImporter/UnityEditor.QuickSearchModule:UnityEditor.Search:ASIAI0B' with importer (ScriptedImporter : UnityEditor.QuickSearchModule:UnityEditor.Search:ASIAI0B)
Imported 'GUID: 7f00410a200de4d6d865ce65201c861f' -> (Import Result ID: 'c026ccb89a8b9403b385e6c34c2a8a65') in 0.001 seconds [static and dynamic dependencies]. Details - ImportResultOutputID=b2f660a9337bd1e39668818b592cd88b DependenciesID=12a1c70e340334f4d6dd36a6447326b7 StaticDependenciesID=aad140d5709c14d53b93d7136e6129c7 
Number of updated asset objects reloaded before import = 0
Number of asset objects unloaded after import = 0
========================================================================
Received Import Request.
  Time of request: 2026-10-09T14:09:52.235018Z
  Time since last request: 0.000853543 seconds.
  importAddress: GUID: edf89c00aa475ae48a7726b87fc0f00c - Path: Packages/com.unity.collections/Unity.Collections.Tests/NativeParallelHashSetTests.tt - Importer: ScriptedImporter/UnityEditor.QuickSearchModule:UnityEditor.Search:ASIAI0B
Importing 'GUID: edf89c00aa475ae48a7726b87fc0f00c - Path: Packages/com.unity.collections/Unity.Collections.Tests/NativeParallelHashSetTests.tt - Importer: ScriptedImporter/UnityEditor.QuickSearchModule:UnityEditor.Search:ASIAI0B' with importer (ScriptedImporter : UnityEditor.QuickSearchModule:UnityEditor.Search:ASIAI0B)
Imported 'GUID: edf89c00aa475ae48a7726b87fc0f00c' -> (Import Result ID: '5efb18127021b1b80dafcc361c6bebc5') in 0.001 seconds [static and dynamic dependencies]. Details - ImportResultOutputID=07236ee80700710ffd8cde921198c489 DependenciesID=61dac4ac125789f1c401d4f69420e3ad StaticDependenciesID=d6875a419698a73e66009fa9d392cf76 
Number of updated asset objects reloaded before import = 0
Number of asset objects unloaded after import = 1
========================================================================
Received Import Request.
  Time of request: 2026-10-09T14:09:52.243479Z
  Time since last request: 0.000151653 seconds.
  importAddress: GUID: a6ecd2aa79759e64ba59ab5f51d661ac - Path: Packages/com.unity.collections/Unity.Collections.PerformanceTests/PerformanceTestFrameworkOutputListAdd.png - Importer: ScriptedImporter/UnityEditor.QuickSearchModule:UnityEditor.Search:ASIAI0B
Importing 'GUID: a6ecd2aa79759e64ba59ab5f51d661ac - Path: Packages/com.unity.collections/Unity.Collections.PerformanceTests/PerformanceTestFrameworkOutputListAdd.png - Importer: ScriptedImporter/UnityEditor.QuickSearchModule:UnityEditor.Search:ASIAI0B' with importer (ScriptedImporter : UnityEditor.QuickSearchModule:UnityEditor.Search:ASIAI0B)
Imported 'GUID: a6ecd2aa79759e64ba59ab5f51d661ac' -> (Import Result ID: '59dfa5689693949c602d488d511c18ce') in 0.005 seconds [static and dynamic dependencies]. Details - ImportResultOutputID=df3063b58d19bbcb8b36794bfd325eb3 DependenciesID=a22e98c35a1648ce350e51dd8c0fd400 StaticDependenciesID=df7f6a391aa975e6008f9e78adff33bd 
Number of updated asset objects reloaded before import = 0
Number of asset objects unloaded after import = 1
========================================================================
Received Import Request.
  Time of request: 2026-10-09T14:09:52.255588Z
  Time since last request: 0.000276546 seconds.
  importAddress: GUID: d625a8f5b6435b040873e7fe625dbbf8 - Path: Packages/com.unity.collections/Unity.Collections.PerformanceTests/QueueParallelPerformanceTests.cs - Importer: ScriptedImporter/UnityEditor.QuickSearchModule:UnityEditor.Search:ASIAI0B
Importing 'GUID: d625a8f5b6435b040873e7fe625dbbf8 - Path: Packages/com.unity.collections/Unity.Collections.PerformanceTests/QueueParallelPerformanceTests.cs - Importer: ScriptedImporter/UnityEditor.QuickSearchModule:UnityEditor.Search:ASIAI0B' with importer (ScriptedImporter : UnityEditor.QuickSearchModule:UnityEditor.Search:ASIAI0B)
Imported 'GUID: d625a8f5b6435b040873e7fe625dbbf8' -> (Import Result ID: '4559f381bfc8bad215dbdca4320dac9c') in 0.002 seconds [static and dynamic dependencies]. Details - ImportResultOutputID=181649ef42acb642fef5b3e0921feca5 DependenciesID=ca5f588c076633e60ef6314841dc931d StaticDependenciesID=4a60f31b7b89c2e3b2d6c6526fe02a92 
Number of updated asset objects reloaded before import = 0
Number of asset objects unloaded after import = 0
========================================================================
Received Import Request.
  Time of request: 2026-10-09T14:09:52.265138Z
  Time since last request: 0.000463856 seconds.
  importAddress: GUID: b672a3eb87f4b4445a169c2d003fcbd3 - Path: Packages/com.unity.collections/Unity.Collections.PerformanceTests/UnsafeListPerformanceTests.cs - Importer: ScriptedImporter/UnityEditor.QuickSearchModule:UnityEditor.Search:ASIAI0B
Importing 'GUID: b672a3eb87f4b4445a169c2d003fcbd3 - Path: Packages/com.unity.collections/Unity.Collections.PerformanceTests/UnsafeListPerformanceTests.cs - Importer: ScriptedImporter/UnityEditor.QuickSearchModule:UnityEditor.Search:ASIAI0B' with importer (ScriptedImporter : UnityEditor.QuickSearchModule:UnityEditor.Search:ASIAI0B)
Imported 'GUID: b672a3eb87f4b4445a169c2d003fcbd3' -> (Import Result ID: '9e32ef9b66b3332ede122db375aaca3c') in 0.002 seconds [static and dynamic dependencies]. Details - ImportResultOutputID=56d58f4a0d5539b49c17187e20e7f1e1 DependenciesID=12e49650b6f7301a835d1ed8263a71bc StaticDependenciesID=6eeeb8145094e54bb5ec3b069760a7ed 
Number of updated asset objects reloaded before import = 0
Number of asset objects unloaded after import = 0
========================================================================
Received Import Request.
  Time of request: 2026-10-09T14:09:52.275482Z
  Time since last request: 0.000430694 seconds.
  importAddress: GUID: 7d464d1935bb3084cbed9d87692699cf - Path: Packages/com.unity.collections/Unity.Collections.Tests/CustomContainerTests.cs - Importer: ScriptedImporter/UnityEditor.QuickSearchModule:UnityEditor.Search:ASIAI0B
Importing 'GUID: 7d464d1935bb3084cbed9d87692699cf - Path: Packages/com.unity.collections/Unity.Collections.Tests/CustomContainerTests.cs - Importer: ScriptedImporter/UnityEditor.QuickSearchModule:UnityEditor.Search:ASIAI0B' with importer (ScriptedImporter : UnityEditor.QuickSearchModule:UnityEditor.Search:ASIAI0B)
Imported 'GUID: 7d464d1935bb3084cbed9d87692699cf' -> (Import Result ID: 'e394134e8d8926fea656124f604b18d9') in 0.001 seconds [static and dynamic dependencies]. Details - ImportResultOutputID=36e4e6a9d12e59ba60c6074f09f0745d DependenciesID=687bfa812bc517d8182e37ffe93e22b2 StaticDependenciesID=580fb7a2b5d205507674407ea61811f0 
Number of updated asset objects reloaded before import = 0
Number of asset objects unloaded after import = 0
========================================================================
Received Import Request.
  Time of request: 2026-10-09T14:09:52.284338Z
  Time since last request: 0.000261268 seconds.
  importAddress: GUID: 4668a20175cc94ab284013b3a4ce4a9e - Path: Packages/com.unity.collections/Unity.Collections.Tests/EmbeddedPackageOnlyTestAttribute.cs - Importer: ScriptedImporter/UnityEditor.QuickSearchModule:UnityEditor.Search:ASIAI0B
Importing 'GUID: 4668a20175cc94ab284013b3a4ce4a9e - Path: Packages/com.unity.collections/Unity.Collections.Tests/EmbeddedPackageOnlyTestAttribute.cs - Importer: ScriptedImporter/UnityEditor.QuickSearchModule:UnityEditor.Search:ASIAI0B' with importer (ScriptedImporter : UnityEditor.QuickSearchModule:UnityEditor.Search:ASIAI0B)
Imported 'GUID: 4668a20175cc94ab284013b3a4ce4a9e' -> (Import Result ID: '4babeda1d913940631c5abfb720fff24') in 0.001 seconds [static and dynamic dependencies]. Details - ImportResultOutputID=570353b7c50151cabe1a044aab44553b DependenciesID=1ca7731bea79c5b3de757fa84146bbab StaticDependenciesID=6c170bbaddce54bea1fbdb3ac11ac451 
Number of updated asset objects reloaded before import = 0
Number of asset objects unloaded after import = 0
========================================================================
Received Import Request.
  Time of request: 2026-10-09T14:09:52.295685Z
  Time since last request: 0.003430153 seconds.
  importAddress: GUID: 2d33d4223be73b4448d51d31323799fd - Path: Packages/com.unity.collections/Unity.Collections.Tests/UnsafeParallelMultiHashMapTests.cs - Importer: ScriptedImporter/UnityEditor.QuickSearchModule:UnityEditor.Search:ASIAI0B
Importing 'GUID: 2d33d4223be73b4448d51d31323799fd - Path: Packages/com.unity.collections/Unity.Collections.Tests/UnsafeParallelMultiHashMapTests.cs - Importer: ScriptedImporter/UnityEditor.QuickSearchModule:UnityEditor.Search:ASIAI0B' with importer (ScriptedImporter : UnityEditor.QuickSearchModule:UnityEditor.Search:ASIAI0B)
Imported 'GUID: 2d33d4223be73b4448d51d31323799fd' -> (Import Result ID: 'f927920ad19de6e072d826581e055db2') in 0.001 seconds [static and dynamic dependencies]. Details - ImportResultOutputID=7d7d48301cb96fc1cc1469ae80eff783 DependenciesID=8e8dd17ed4a830c9969418c572b1b409 StaticDependenciesID=a2e969b9f0b10b2194828dc36f1c4763 
Number of updated asset objects reloaded before import = 0
Number of asset objects unloaded after import = 0
========================================================================
Received Import Request.
  Time of request: 2026-10-09T14:09:52.303984Z
  Time since last request: 0.000503761 seconds.
  importAddress: GUID: dad573b7a5d91e84bab5aada3f2f0530 - Path: Packages/com.unity.collections/Unity.Collections/Jobs/RegisterGenericJobTypeAttribute.cs - Importer: ScriptedImporter/UnityEditor.QuickSearchModule:UnityEditor.Search:ASIAI0B
Importing 'GUID: dad573b7a5d91e84bab5aada3f2f0530 - Path: Packages/com.unity.collections/Unity.Collections/Jobs/RegisterGenericJobTypeAttribute.cs - Importer: ScriptedImporter/UnityEditor.QuickSearchModule:UnityEditor.Search:ASIAI0B' with importer (ScriptedImporter : UnityEditor.QuickSearchModule:UnityEditor.Search:ASIAI0B)
Imported 'GUID: dad573b7a5d91e84bab5aada3f2f0530' -> (Import Result ID: '0197cfd5113f542b56e1236ff7662537') in 0.001 seconds [static and dynamic dependencies]. Details - ImportResultOutputID=b1e81273ab81f477fb03174c68b6213e DependenciesID=aec722da1a9b877209b6fdc4b70a8cc3 StaticDependenciesID=8b34aa7ceb8e7db83c3dcd156db445f2 
Number of updated asset objects reloaded before import = 0
Number of asset objects unloaded after import = 0
========================================================================
Received Import Request.
  Time of request: 2026-10-09T14:09:52.3124Z
  Time since last request: 0.000441995 seconds.
  importAddress: GUID: 298bc460cd9598745b3b942e70574db0 - Path: Packages/com.unity.collections/Unity.Collections.Tests/Jobs/CoreCLRTestAssemblies/InternalJobNestedPrivate/InternalJobNestedPrivate.asmdef - Importer: ScriptedImporter/UnityEditor.QuickSearchModule:UnityEditor.Search:ASIAI0B
Importing 'GUID: 298bc460cd9598745b3b942e70574db0 - Path: Packages/com.unity.collections/Unity.Collections.Tests/Jobs/CoreCLRTestAssemblies/InternalJobNestedPrivate/InternalJobNestedPrivate.asmdef - Importer: ScriptedImporter/UnityEditor.QuickSearchModule:UnityEditor.Search:ASIAI0B' with importer (ScriptedImporter : UnityEditor.QuickSearchModule:UnityEditor.Search:ASIAI0B)
Imported 'GUID: 298bc460cd9598745b3b942e70574db0' -> (Import Result ID: '8746f248a976a279f6fee79fd60ed3a9') in 0.001 seconds [static and dynamic dependencies]. Details - ImportResultOutputID=95118340f30c911d780dd31dddeee578 DependenciesID=19512ca2d841522e3308649e0827f608 StaticDependenciesID=494c204cec9180d23cd6217ce0cc6e0e 
Number of updated asset objects reloaded before import = 0
Number of asset objects unloaded after import = 1
========================================================================
Received Import Request.
  Time of request: 2026-10-09T14:09:52.320888Z
  Time since last request: 0.000726817 seconds.
  importAddress: GUID: d35de0fc3fdf6cd4d8cc89e32adcfd92 - Path: Packages/com.unity.collections/Unity.Collections.Tests/UnsafeQueueTests_InJobs.cs - Importer: ScriptedImporter/UnityEditor.QuickSearchModule:UnityEditor.Search:ASIAI0B
Importing 'GUID: d35de0fc3fdf6cd4d8cc89e32adcfd92 - Path: Packages/com.unity.collections/Unity.Collections.Tests/UnsafeQueueTests_InJobs.cs - Importer: ScriptedImporter/UnityEditor.QuickSearchModule:UnityEditor.Search:ASIAI0B' with importer (ScriptedImporter : UnityEditor.QuickSearchModule:UnityEditor.Search:ASIAI0B)
Imported 'GUID: d35de0fc3fdf6cd4d8cc89e32adcfd92' -> (Import Result ID: 'c36a7729f9c95dfe1a20c3043a0d13f1') in 0.001 seconds [static and dynamic dependencies]. Details - ImportResultOutputID=fd9e51d09cab77ccaf982c863a05433b DependenciesID=b6da798b81ec7b91ba32de9580f1751a StaticDependenciesID=25bab0314c0c2b5fae1a45fd90a387ea 
Number of updated asset objects reloaded before import = 0
Number of asset objects unloaded after import = 0
========================================================================
Received Import Request.
  Time of request: 2026-10-09T14:09:52.32891Z
  Time since last request: 0.000506265 seconds.
  importAddress: GUID: d410bd21cbf6a6e4381b336d9c72ffa5 - Path: Packages/com.unity.collections/Unity.Collections.Tests/UnsafeHashMapTests.cs - Importer: ScriptedImporter/UnityEditor.QuickSearchModule:UnityEditor.Search:ASIAI0B
Importing 'GUID: d410bd21cbf6a6e4381b336d9c72ffa5 - Path: Packages/com.unity.collections/Unity.Collections.Tests/UnsafeHashMapTests.cs - Importer: ScriptedImporter/UnityEditor.QuickSearchModule:UnityEditor.Search:ASIAI0B' with importer (ScriptedImporter : UnityEditor.QuickSearchModule:UnityEditor.Search:ASIAI0B)
Imported 'GUID: d410bd21cbf6a6e4381b336d9c72ffa5' -> (Import Result ID: 'f8fd311722056bea041031542ad8d61d') in 0.002 seconds [static and dynamic dependencies]. Details - ImportResultOutputID=f86516ee4391e850e30b6d5fb3e8a8ee DependenciesID=0f7d44ad5c706c80fefc3aaf6513c740 StaticDependenciesID=aaccd07d4113e805bf3bce2aa5c52761 
Number of updated asset objects reloaded before import = 0
Number of asset objects unloaded after import = 0
========================================================================
Received Import Request.
  Time of request: 2026-10-09T14:09:52.337805Z
  Time since last request: 0.000743237 seconds.
  importAddress: GUID: 05a99ad2800ad2f49b22ab35d999bfc7 - Path: Packages/com.unity.collections/Unity.Collections/Jobs/EarlyInitHelpers.cs - Importer: ScriptedImporter/UnityEditor.QuickSearchModule:UnityEditor.Search:ASIAI0B
Importing 'GUID: 05a99ad2800ad2f49b22ab35d999bfc7 - Path: Packages/com.unity.collections/Unity.Collections/Jobs/EarlyInitHelpers.cs - Importer: ScriptedImporter/UnityEditor.QuickSearchModule:UnityEditor.Search:ASIAI0B' with importer (ScriptedImporter : UnityEditor.QuickSearchModule:UnityEditor.Search:ASIAI0B)
Imported 'GUID: 05a99ad2800ad2f49b22ab35d999bfc7' -> (Import Result ID: '78fb8a7ddea26cfd361d115cc07c5f91') in 0.001 seconds [static and dynamic dependencies]. Details - ImportResultOutputID=688410d541e51c521dcaa9a80bd14d0f DependenciesID=41c2217dd17ad686ee9226096af0e2df StaticDependenciesID=54837fc9822f0b49cf2ba4b525299338 
Number of updated asset objects reloaded before import = 0
Number of asset objects unloaded after import = 0
========================================================================
Received Import Request.
  Time of request: 2026-10-09T14:09:52.34641Z
  Time since last request: 0.000882958 seconds.
  importAddress: GUID: 8ce25c0534e0a234d8b710cadd871f84 - Path: Packages/com.unity.collections/Unity.Collections.Tests/UnsafeParallelHashSetTests.cs - Importer: ScriptedImporter/UnityEditor.QuickSearchModule:UnityEditor.Search:ASIAI0B
Importing 'GUID: 8ce25c0534e0a234d8b710cadd871f84 - Path: Packages/com.unity.collections/Unity.Collections.Tests/UnsafeParallelHashSetTests.cs - Importer: ScriptedImporter/UnityEditor.QuickSearchModule:UnityEditor.Search:ASIAI0B' with importer (ScriptedImporter : UnityEditor.QuickSearchModule:UnityEditor.Search:ASIAI0B)
Imported 'GUID: 8ce25c0534e0a234d8b710cadd871f84' -> (Import Result ID: '1e692ba808258f24d2a315e000c9f0be') in 0.002 seconds [static and dynamic dependencies]. Details - ImportResultOutputID=c878f3d5e0b4637a00568edd8a88161e DependenciesID=dac1b7e261feb7210f5e585db89946d5 StaticDependenciesID=334a69e4a06501e783d635a2b31054b5 
Number of updated asset objects reloaded before import = 0
Number of asset objects unloaded after import = 0
========================================================================
Received Import Request.
  Time of request: 2026-10-09T14:09:52.354661Z
  Time since last request: 0.000403774 seconds.
  importAddress: GUID: 2e3a7e16dc0bd2346a2514dd143105a9 - Path: Packages/com.unity.collections/Unity.Collections.PerformanceTests/Unity.PerformanceTesting.Benchmark/README.md - Importer: ScriptedImporter/UnityEditor.QuickSearchModule:UnityEditor.Search:ASIAI0B
Importing 'GUID: 2e3a7e16dc0bd2346a2514dd143105a9 - Path: Packages/com.unity.collections/Unity.Collections.PerformanceTests/Unity.PerformanceTesting.Benchmark/README.md - Importer: ScriptedImporter/UnityEditor.QuickSearchModule:UnityEditor.Search:ASIAI0B' with importer (ScriptedImporter : UnityEditor.QuickSearchModule:UnityEditor.Search:ASIAI0B)
Imported 'GUID: 2e3a7e16dc0bd2346a2514dd143105a9' -> (Import Result ID: 'e510acafc5e3e022106f533774c93471') in 0.002 seconds [static and dynamic dependencies]. Details - ImportResultOutputID=9c3fc1f930eab6b179c2d18c25d4eb60 DependenciesID=8f3643f16d1f418a97f5bf27ab1b6b60 StaticDependenciesID=9197b37705d891f68a3b81f7cd891e0e 
Number of updated asset objects reloaded before import = 0
Number of asset objects unloaded after import = 1
========================================================================
Received Import Request.
  Time of request: 2026-10-09T14:09:52.363203Z
  Time since last request: 0.000467763 seconds.
  importAddress: GUID: 885d383951746604982b43fd5255f058 - Path: Packages/com.unity.collections/Unity.Collections.Tests/UnsafeRingQueueTests.cs - Importer: ScriptedImporter/UnityEditor.QuickSearchModule:UnityEditor.Search:ASIAI0B
Importing 'GUID: 885d383951746604982b43fd5255f058 - Path: Packages/com.unity.collections/Unity.Collections.Tests/UnsafeRingQueueTests.cs - Importer: ScriptedImporter/UnityEditor.QuickSearchModule:UnityEditor.Search:ASIAI0B' with importer (ScriptedImporter : UnityEditor.QuickSearchModule:UnityEditor.Search:ASIAI0B)
Imported 'GUID: 885d383951746604982b43fd5255f058' -> (Import Result ID: '78833df6fdcb4323c16c6feab8f1422d') in 0.002 seconds [static and dynamic dependencies]. Details - ImportResultOutputID=81ea0e3fdcc01a65714f5c91e1fe92ed DependenciesID=4ad0b7ef9714a73a28d3626702ffc2d2 StaticDependenciesID=af0b892f1699bb78e7606e57d04191f3 
Number of updated asset objects reloaded before import = 0
Number of asset objects unloaded after import = 0
========================================================================
Received Import Request.
  Time of request: 2026-10-09T14:09:52.371193Z
  Time since last request: 0.000368317 seconds.
  importAddress: GUID: 1eb7e6f92b1d7d64ba0a48ea751728f3 - Path: Packages/com.unity.nuget.mono-cecil/CHANGELOG.md - Importer: ScriptedImporter/UnityEditor.QuickSearchModule:UnityEditor.Search:ASIAI0B
Importing 'GUID: 1eb7e6f92b1d7d64ba0a48ea751728f3 - Path: Packages/com.unity.nuget.mono-cecil/CHANGELOG.md - Importer: ScriptedImporter/UnityEditor.QuickSearchModule:UnityEditor.Search:ASIAI0B' with importer (ScriptedImporter : UnityEditor.QuickSearchModule:UnityEditor.Search:ASIAI0B)
Imported 'GUID: 1eb7e6f92b1d7d64ba0a48ea751728f3' -> (Import Result ID: 'db949b869998e48ec2cac4ac6a63c18b') in 0.001 seconds [static and dynamic dependencies]. Details - ImportResultOutputID=3c9612d6f1f79e26dcbeab794fb3c091 DependenciesID=910a123d0c10d95091abbf7a5a0d590e StaticDependenciesID=b404c0486d12f503042a04d10d7a0aab 
Number of updated asset objects reloaded before import = 0
Number of asset objects unloaded after import = 1
========================================================================
Received Import Request.
  Time of request: 2026-10-09T14:09:52.37933Z
  Time since last request: 0.000281566 seconds.
  importAddress: GUID: 309bb9a8839ee1340af783c0cbfb01bc - Path: Packages/com.unity.collections/Unity.Collections.Tests/Jobs/CoreCLRTestAssemblies/ProtectedJobNested/ProtectedJobNested.asmdef - Importer: ScriptedImporter/UnityEditor.QuickSearchModule:UnityEditor.Search:ASIAI0B
Importing 'GUID: 309bb9a8839ee1340af783c0cbfb01bc - Path: Packages/com.unity.collections/Unity.Collections.Tests/Jobs/CoreCLRTestAssemblies/ProtectedJobNested/ProtectedJobNested.asmdef - Importer: ScriptedImporter/UnityEditor.QuickSearchModule:UnityEditor.Search:ASIAI0B' with importer (ScriptedImporter : UnityEditor.QuickSearchModule:UnityEditor.Search:ASIAI0B)
Imported 'GUID: 309bb9a8839ee1340af783c0cbfb01bc' -> (Import Result ID: '2308c36dff1c86caffbac161b1b5e655') in 0.002 seconds [static and dynamic dependencies]. Details - ImportResultOutputID=889804a75027bd253201ebac5d6e3d0a DependenciesID=8e5b83d6b9140d3fdd423f077273ca90 StaticDependenciesID=d82f59fcc04e134b356f0418dd0f209f 
Number of updated asset objects reloaded before import = 0
Number of asset objects unloaded after import = 1
========================================================================
Received Import Request.
  Time of request: 2026-10-09T14:09:52.387909Z
  Time since last request: 0.000620508 seconds.
  importAddress: GUID: 52cbbdc3dcf848dd9efc09bfa529fa74 - Path: Packages/com.unity.collections/Unity.Collections.Tests/UTF8ArrayUnsafeUtilityTests.cs - Importer: ScriptedImporter/UnityEditor.QuickSearchModule:UnityEditor.Search:ASIAI0B
Importing 'GUID: 52cbbdc3dcf848dd9efc09bfa529fa74 - Path: Packages/com.unity.collections/Unity.Collections.Tests/UTF8ArrayUnsafeUtilityTests.cs - Importer: ScriptedImporter/UnityEditor.QuickSearchModule:UnityEditor.Search:ASIAI0B' with importer (ScriptedImporter : UnityEditor.QuickSearchModule:UnityEditor.Search:ASIAI0B)
Imported 'GUID: 52cbbdc3dcf848dd9efc09bfa529fa74' -> (Import Result ID: '3f5f2d9f0b44843ef84d35a8e87d407a') in 0.001 seconds [static and dynamic dependencies]. Details - ImportResultOutputID=2610f8971dcbde39c1f6fb0f6b3d7533 DependenciesID=63376b2591df14ec918a33e0bde94f35 StaticDependenciesID=09b2597dd41f6ac343af7a86ea3d6e67 
Number of updated asset objects reloaded before import = 0
Number of asset objects unloaded after import = 0
========================================================================
Received Import Request.
  Time of request: 2026-10-09T14:09:52.396124Z
  Time since last request: 0.000456773 seconds.
  importAddress: GUID: f93f25e0a74e18d4d850b4f26fb47d7d - Path: Packages/com.unity.collections/Unity.Collections.Tests/Jobs/BurstCompiledSchedulingTests.cs - Importer: ScriptedImporter/UnityEditor.QuickSearchModule:UnityEditor.Search:ASIAI0B
Importing 'GUID: f93f25e0a74e18d4d850b4f26fb47d7d - Path: Packages/com.unity.collections/Unity.Collections.Tests/Jobs/BurstCompiledSchedulingTests.cs - Importer: ScriptedImporter/UnityEditor.QuickSearchModule:UnityEditor.Search:ASIAI0B' with importer (ScriptedImporter : UnityEditor.QuickSearchModule:UnityEditor.Search:ASIAI0B)
Imported 'GUID: f93f25e0a74e18d4d850b4f26fb47d7d' -> (Import Result ID: '012fc98a8cd40ba778f843f9f1f639c6') in 0.001 seconds [static and dynamic dependencies]. Details - ImportResultOutputID=34e1f4f954d789466b6bb93cdb5340ed DependenciesID=87b464d5275853ec8591f11e5240a25e StaticDependenciesID=36b4cc33c2fb8fe61ad78b02713a34cb 
Number of updated asset objects reloaded before import = 0
Number of asset objects unloaded after import = 0
========================================================================
Received Import Request.
  Time of request: 2026-10-09T14:09:52.407013Z
  Time since last request: 0.000169837 seconds.
  importAddress: GUID: f07b7acbd86c449cbe60089bd4f5a245 - Path: Packages/com.unity.collections/Unity.Collections.Tests/UnsafeStreamTests.cs - Importer: ScriptedImporter/UnityEditor.QuickSearchModule:UnityEditor.Search:ASIAI0B
Importing 'GUID: f07b7acbd86c449cbe60089bd4f5a245 - Path: Packages/com.unity.collections/Unity.Collections.Tests/UnsafeStreamTests.cs - Importer: ScriptedImporter/UnityEditor.QuickSearchModule:UnityEditor.Search:ASIAI0B' with importer (ScriptedImporter : UnityEditor.QuickSearchModule:UnityEditor.Search:ASIAI0B)
Imported 'GUID: f07b7acbd86c449cbe60089bd4f5a245' -> (Import Result ID: 'd041a9636cf4d835de0f771f747ae26b') in 0.001 seconds [static and dynamic dependencies]. Details - ImportResultOutputID=b342f26111214f1ab38657f61f3c7ab5 DependenciesID=cb68297eb9bca9b065b1cda86ae5e42a StaticDependenciesID=4e347f6e4b5b2ce82000b57de22624f6 
Number of updated asset objects reloaded before import = 0
Number of asset objects unloaded after import = 0
========================================================================
Received Import Request.
  Time of request: 2026-10-09T14:09:52.415861Z
  Time since last request: 0.000158155 seconds.
  importAddress: GUID: ad64d0820d4d7924d9ffb4f53ad1b75e - Path: Packages/com.unity.collections/Unity.Collections.Tests/UnsafeParallelHashMapTests.cs - Importer: ScriptedImporter/UnityEditor.QuickSearchModule:UnityEditor.Search:ASIAI0B
Importing 'GUID: ad64d0820d4d7924d9ffb4f53ad1b75e - Path: Packages/com.unity.collections/Unity.Collections.Tests/UnsafeParallelHashMapTests.cs - Importer: ScriptedImporter/UnityEditor.QuickSearchModule:UnityEditor.Search:ASIAI0B' with importer (ScriptedImporter : UnityEditor.QuickSearchModule:UnityEditor.Search:ASIAI0B)
Imported 'GUID: ad64d0820d4d7924d9ffb4f53ad1b75e' -> (Import Result ID: 'd12cc4d02b3aaaa63047699761f29e4b') in 0.001 seconds [static and dynamic dependencies]. Details - ImportResultOutputID=d5a40c01aaed1e9d572df1313fec0eee DependenciesID=174fca1a15d47d2843b77d816e220078 StaticDependenciesID=bac900e2425e4908385473241c7fbfc6 
Number of updated asset objects reloaded before import = 0
Number of asset objects unloaded after import = 0
========================================================================
Received Import Request.
  Time of request: 2026-10-09T14:09:52.439988Z
  Time since last request: 0.015940115 seconds.
  importAddress: GUID: 5e63515167650a541b309ba3bfd4db3d - Path: Packages/com.unity.searcher/Editor/Resources/FlatSkin/Font/Roboto-LightItalic.ttf - Importer: ScriptedImporter/UnityEditor.QuickSearchModule:UnityEditor.Search:ASIAI0B
Importing 'GUID: 5e63515167650a541b309ba3bfd4db3d - Path: Packages/com.unity.searcher/Editor/Resources/FlatSkin/Font/Roboto-LightItalic.ttf - Importer: ScriptedImporter/UnityEditor.QuickSearchModule:UnityEditor.Search:ASIAI0B' with importer (ScriptedImporter : UnityEditor.QuickSearchModule:UnityEditor.Search:ASIAI0B)
Imported 'GUID: 5e63515167650a541b309ba3bfd4db3d' -> (Import Result ID: 'b5ce101c36669f7f92c1ec694f52531e') in 0.008 seconds [static and dynamic dependencies]. Details - ImportResultOutputID=9390aad5d2081aefa4900c5a117e29b5 DependenciesID=d0d45387bbb726622cec4c9351e608e3 StaticDependenciesID=d982f079dd643c9e7a4257e3570e2064 
Number of updated asset objects reloaded before import = 0
Number of asset objects unloaded after import = 3
========================================================================
Received Import Request.
  Time of request: 2026-10-09T14:09:52.455072Z
  Time since last request: 0.000239978 seconds.
  importAddress: GUID: c82e859b16636ddd2ca4a1f63fd34938 - Path: Packages/com.unity.modules.androidjni/package.ModuleCompilationTrigger - Importer: ScriptedImporter/UnityEditor.QuickSearchModule:UnityEditor.Search:ASIAI0B
Importing 'GUID: c82e859b16636ddd2ca4a1f63fd34938 - Path: Packages/com.unity.modules.androidjni/package.ModuleCompilationTrigger - Importer: ScriptedImporter/UnityEditor.QuickSearchModule:UnityEditor.Search:ASIAI0B' with importer (ScriptedImporter : UnityEditor.QuickSearchModule:UnityEditor.Search:ASIAI0B)
Imported 'GUID: c82e859b16636ddd2ca4a1f63fd34938' -> (Import Result ID: '1670d41f6328a2d02d286ac573742550') in 0.002 seconds [static and dynamic dependencies]. Details - ImportResultOutputID=43f659eca84a0b065325b83b01e43295 DependenciesID=a6ace167afb587071189716480168a39 StaticDependenciesID=8adfee647e63ae38f536ec72dd105921 
Number of updated asset objects reloaded before import = 0
Number of asset objects unloaded after import = 1
========================================================================
Received Import Request.
  Time of request: 2026-10-09T14:09:52.46405Z
  Time since last request: 0.000815482 seconds.
  importAddress: GUID: c5b36095078d8694ba9e3ae3fd867b2e - Path: Packages/com.unity.searcher/Editor/Resources/FlatSkin/SearchSmallDownOn@2x.png - Importer: ScriptedImporter/UnityEditor.QuickSearchModule:UnityEditor.Search:ASIAI0B
Importing 'GUID: c5b36095078d8694ba9e3ae3fd867b2e - Path: Packages/com.unity.searcher/Editor/Resources/FlatSkin/SearchSmallDownOn@2x.png - Importer: ScriptedImporter/UnityEditor.QuickSearchModule:UnityEditor.Search:ASIAI0B' with importer (ScriptedImporter : UnityEditor.QuickSearchModule:UnityEditor.Search:ASIAI0B)
Imported 'GUID: c5b36095078d8694ba9e3ae3fd867b2e' -> (Import Result ID: '31bf306f34f5f09678977f93df30eb13') in 0.006 seconds [static and dynamic dependencies]. Details - ImportResultOutputID=becfe719cb9f7d5e944fdf9e074ebf1b DependenciesID=fd388f52cb5278975c45653ee9b7f117 StaticDependenciesID=0536a9d2ccb528b57a79d5a206dd03e6 
Number of updated asset objects reloaded before import = 0
Number of asset objects unloaded after import = 1
========================================================================
Received Import Request.
  Time of request: 2026-10-09T14:09:52.478188Z
  Time since last request: 0.001606639 seconds.
  importAddress: GUID: 416e1b35d3077b043be46d805db72d13 - Path: Packages/com.unity.searcher/Editor/Searcher/Searcher.cs - Importer: ScriptedImporter/UnityEditor.QuickSearchModule:UnityEditor.Search:ASIAI0B
Importing 'GUID: 416e1b35d3077b043be46d805db72d13 - Path: Packages/com.unity.searcher/Editor/Searcher/Searcher.cs - Importer: ScriptedImporter/UnityEditor.QuickSearchModule:UnityEditor.Search:ASIAI0B' with importer (ScriptedImporter : UnityEditor.QuickSearchModule:UnityEditor.Search:ASIAI0B)
Imported 'GUID: 416e1b35d3077b043be46d805db72d13' -> (Import Result ID: '44ae55bcfd03ff06387e3db7263e1af1') in 0.002 seconds [static and dynamic dependencies]. Details - ImportResultOutputID=3b12798ffa001fa49d90e6f64d13af80 DependenciesID=742a1dfc2a1dc08a441419222d830cf2 StaticDependenciesID=330ad8e22e29d00b63cae25f54bee6cf 
Number of updated asset objects reloaded before import = 0
Number of asset objects unloaded after import = 0
========================================================================
Received Import Request.
  Time of request: 2026-10-09T14:09:52.488244Z
  Time since last request: 0.000208649 seconds.
  importAddress: GUID: 1062c701058745940ae5dca6219c64c8 - Path: Packages/com.unity.searcher/Editor/Resources/FlatSkin/Font/Roboto-Black.ttf - Importer: ScriptedImporter/UnityEditor.QuickSearchModule:UnityEditor.Search:ASIAI0B
Importing 'GUID: 1062c701058745940ae5dca6219c64c8 - Path: Packages/com.unity.searcher/Editor/Resources/FlatSkin/Font/Roboto-Black.ttf - Importer: ScriptedImporter/UnityEditor.QuickSearchModule:UnityEditor.Search:ASIAI0B' with importer (ScriptedImporter : UnityEditor.QuickSearchModule:UnityEditor.Search:ASIAI0B)
Imported 'GUID: 1062c701058745940ae5dca6219c64c8' -> (Import Result ID: '5fdbbf3949be0d47da359ddb865f79db') in 0.003 seconds [static and dynamic dependencies]. Details - ImportResultOutputID=d75c44f33d137e159bf0ab95f6c08182 DependenciesID=f31ffaa5599d2b269a48497356b4bf1c StaticDependenciesID=c25d7a0e4f63df6b590b0348078764bb 
Number of updated asset objects reloaded before import = 0
Number of asset objects unloaded after import = 3
========================================================================
Received Import Request.
  Time of request: 2026-10-09T14:09:52.498057Z
  Time since last request: 0.000195134 seconds.
  importAddress: GUID: bfd567a3d1631a761bca9e99fa53d86d - Path: Packages/com.unity.modules.ui/package.json - Importer: ScriptedImporter/UnityEditor.QuickSearchModule:UnityEditor.Search:ASIAI0B
Importing 'GUID: bfd567a3d1631a761bca9e99fa53d86d - Path: Packages/com.unity.modules.ui/package.json - Importer: ScriptedImporter/UnityEditor.QuickSearchModule:UnityEditor.Search:ASIAI0B' with importer (ScriptedImporter : UnityEditor.QuickSearchModule:UnityEditor.Search:ASIAI0B)
Imported 'GUID: bfd567a3d1631a761bca9e99fa53d86d' -> (Import Result ID: '8d90e2d7ff05bf162b45d3d48941b265') in 0.001 seconds [static and dynamic dependencies]. Details - ImportResultOutputID=0fbf2ce262769c7eb783ba67e93dbc55 DependenciesID=10aa51bd10d33183fb9576154ff4b495 StaticDependenciesID=855e896cc4ad5bd758185b4866753289 
Number of updated asset objects reloaded before import = 0
Number of asset objects unloaded after import = 1
========================================================================
Received Import Request.
  Time of request: 2026-10-09T14:09:52.506109Z
  Time since last request: 0.000092312 seconds.
  importAddress: GUID: d93c1bc57fdf1ac4dad1bf04fac05464 - Path: Packages/com.unity.searcher/Editor/Resources/FlatSkin/Font/Roboto-MediumItalic.ttf - Importer: ScriptedImporter/UnityEditor.QuickSearchModule:UnityEditor.Search:ASIAI0B
Importing 'GUID: d93c1bc57fdf1ac4dad1bf04fac05464 - Path: Packages/com.unity.searcher/Editor/Resources/FlatSkin/Font/Roboto-MediumItalic.ttf - Importer: ScriptedImporter/UnityEditor.QuickSearchModule:UnityEditor.Search:ASIAI0B' with importer (ScriptedImporter : UnityEditor.QuickSearchModule:UnityEditor.Search:ASIAI0B)
Imported 'GUID: d93c1bc57fdf1ac4dad1bf04fac05464' -> (Import Result ID: 'e9ed1746c2e7af1750acc5c736e97841') in 0.004 seconds [static and dynamic dependencies]. Details - ImportResultOutputID=2059a74f5fd15684c54640ff7134cdd1 DependenciesID=2a5ad43149f9cc412f32948b25e5df95 StaticDependenciesID=50e7d6c6204c03573f0b208ec36ea681 
Number of updated asset objects reloaded before import = 0
Number of asset objects unloaded after import = 3
========================================================================
Received Import Request.
  Time of request: 2026-10-09T14:09:52.516266Z
  Time since last request: 0.000169095 seconds.
  importAddress: GUID: ec02776fe29df900b897106d61977735 - Path: Packages/com.unity.modules.director/package.json - Importer: ScriptedImporter/UnityEditor.QuickSearchModule:UnityEditor.Search:ASIAI0B
Importing 'GUID: ec02776fe29df900b897106d61977735 - Path: Packages/com.unity.modules.director/package.json - Importer: ScriptedImporter/UnityEditor.QuickSearchModule:UnityEditor.Search:ASIAI0B' with importer (ScriptedImporter : UnityEditor.QuickSearchModule:UnityEditor.Search:ASIAI0B)
Imported 'GUID: ec02776fe29df900b897106d61977735' -> (Import Result ID: 'dcbf410dbb27768d86b19e056f25a800') in 0.001 seconds [static and dynamic dependencies]. Details - ImportResultOutputID=91e5c83fd74d23d8222839c28c384b2f DependenciesID=fd4fd602964d2cadca44d07abb86c540 StaticDependenciesID=e8e67c11c122e2e45a305acfd9fb232e 
Number of updated asset objects reloaded before import = 0
Number of asset objects unloaded after import = 1
========================================================================
Received Import Request.
  Time of request: 2026-10-09T14:09:52.525698Z
  Time since last request: 0.000250808 seconds.
  importAddress: GUID: 2a29e27936eb547458f646f71125b264 - Path: Packages/com.unity.searcher/Editor/Resources/FlatSkin/Font/Roboto-Light.ttf - Importer: ScriptedImporter/UnityEditor.QuickSearchModule:UnityEditor.Search:ASIAI0B
Importing 'GUID: 2a29e27936eb547458f646f71125b264 - Path: Packages/com.unity.searcher/Editor/Resources/FlatSkin/Font/Roboto-Light.ttf - Importer: ScriptedImporter/UnityEditor.QuickSearchModule:UnityEditor.Search:ASIAI0B' with importer (ScriptedImporter : UnityEditor.QuickSearchModule:UnityEditor.Search:ASIAI0B)
Imported 'GUID: 2a29e27936eb547458f646f71125b264' -> (Import Result ID: 'e30bd34a46c0dc2978ea1c3e3bd3dd35') in 0.003 seconds [static and dynamic dependencies]. Details - ImportResultOutputID=15258217d843a30c9e5a41883003bcd5 DependenciesID=1c88ebd9a6ea9da2d273dcb7a46e21c3 StaticDependenciesID=ddc78fbb92ff288ed6836d64aa8f69b8 
Number of updated asset objects reloaded before import = 0
Number of asset objects unloaded after import = 3
========================================================================
Received Import Request.
  Time of request: 2026-10-09T14:09:52.535956Z
  Time since last request: 0.000237934 seconds.
  importAddress: GUID: 17a4fd582bf2d47479cf5c1508ca82c6 - Path: Packages/com.unity.nuget.mono-cecil/package.json - Importer: ScriptedImporter/UnityEditor.QuickSearchModule:UnityEditor.Search:ASIAI0B
Importing 'GUID: 17a4fd582bf2d47479cf5c1508ca82c6 - Path: Packages/com.unity.nuget.mono-cecil/package.json - Importer: ScriptedImporter/UnityEditor.QuickSearchModule:UnityEditor.Search:ASIAI0B' with importer (ScriptedImporter : UnityEditor.QuickSearchModule:UnityEditor.Search:ASIAI0B)
Imported 'GUID: 17a4fd582bf2d47479cf5c1508ca82c6' -> (Import Result ID: '00bd56101277cdc4ae6e0ca23afd6c5f') in 0.001 seconds [static and dynamic dependencies]. Details - ImportResultOutputID=1252c275d8d1d0d11fdd17f916104629 DependenciesID=36d25a5e3b15db5d48a9b7624d0e6a32 StaticDependenciesID=02b9a80bf1d6a7934191b8849bbbed5d 
Number of updated asset objects reloaded before import = 0
Number of asset objects unloaded after import = 1
========================================================================
Received Import Request.
  Time of request: 2026-10-09T14:09:52.5442Z
  Time since last request: 0.000397131 seconds.
  importAddress: GUID: aaf6804a66b394e9b8c133f80fc0c3e3 - Path: Packages/com.unity.nuget.mono-cecil/Tests/Editor/Unity.Nuget.Mono-Cecil.Editor.Tests.asmdef - Importer: ScriptedImporter/UnityEditor.QuickSearchModule:UnityEditor.Search:ASIAI0B
Importing 'GUID: aaf6804a66b394e9b8c133f80fc0c3e3 - Path: Packages/com.unity.nuget.mono-cecil/Tests/Editor/Unity.Nuget.Mono-Cecil.Editor.Tests.asmdef - Importer: ScriptedImporter/UnityEditor.QuickSearchModule:UnityEditor.Search:ASIAI0B' with importer (ScriptedImporter : UnityEditor.QuickSearchModule:UnityEditor.Search:ASIAI0B)
Imported 'GUID: aaf6804a66b394e9b8c133f80fc0c3e3' -> (Import Result ID: '15b1dd6170435634c85476d4696960af') in 0.002 seconds [static and dynamic dependencies]. Details - ImportResultOutputID=45b027d838cad5bf17d627d95347bc1a DependenciesID=be2fd9883fcb6d1984bafcd0c95561a0 StaticDependenciesID=019866dcac05903ea5428d3c9bd67c04 
Number of updated asset objects reloaded before import = 0
Number of asset objects unloaded after import = 1
========================================================================
Received Import Request.
  Time of request: 2026-10-09T14:09:52.552968Z
  Time since last request: 0.000265125 seconds.
  importAddress: GUID: 0ce03cb7950ade54ab84650691ce7a38 - Path: Packages/com.unity.searcher/CHANGELOG.md - Importer: ScriptedImporter/UnityEditor.QuickSearchModule:UnityEditor.Search:ASIAI0B
Importing 'GUID: 0ce03cb7950ade54ab84650691ce7a38 - Path: Packages/com.unity.searcher/CHANGELOG.md - Importer: ScriptedImporter/UnityEditor.QuickSearchModule:UnityEditor.Search:ASIAI0B' with importer (ScriptedImporter : UnityEditor.QuickSearchModule:UnityEditor.Search:ASIAI0B)
Imported 'GUID: 0ce03cb7950ade54ab84650691ce7a38' -> (Import Result ID: 'e88de35f455150c24408a4e4e691cb01') in 0.002 seconds [static and dynamic dependencies]. Details - ImportResultOutputID=676ec867ccc11bbf8043e8d3c4db5bc1 DependenciesID=6f4deaf204ac5fb53e8a774a31646267 StaticDependenciesID=2c41d7d7bb0ea89cb8b7e8dfa1612a98 
Number of updated asset objects reloaded before import = 0
Number of asset objects unloaded after import = 1
========================================================================
Received Import Request.
  Time of request: 2026-10-09T14:09:52.575042Z
  Time since last request: 0.013885609 seconds.
  importAddress: GUID: df380645f10b7bc4b97d4f5eb6303d95 - Path: Packages/com.unity.render-pipelines.core/Runtime/Unity.RenderPipelines.Core.Runtime.asmdef - Importer: ScriptedImporter/UnityEditor.QuickSearchModule:UnityEditor.Search:ASIAI0B
Importing 'GUID: df380645f10b7bc4b97d4f5eb6303d95 - Path: Packages/com.unity.render-pipelines.core/Runtime/Unity.RenderPipelines.Core.Runtime.asmdef - Importer: ScriptedImporter/UnityEditor.QuickSearchModule:UnityEditor.Search:ASIAI0B' with importer (ScriptedImporter : UnityEditor.QuickSearchModule:UnityEditor.Search:ASIAI0B)
Imported 'GUID: df380645f10b7bc4b97d4f5eb6303d95' -> (Import Result ID: '28cdd07147de3c6a4dd12e88b796dff9') in 0.002 seconds [static and dynamic dependencies]. Details - ImportResultOutputID=b418ec76789d0ba982005b24c85a7373 DependenciesID=640c812617c92e79b2e64fce2544d794 StaticDependenciesID=9ab0018ba70a6b1747fe1eb91efba154 
Number of updated asset objects reloaded before import = 0
Number of asset objects unloaded after import = 1
========================================================================
Received Import Request.
  Time of request: 2026-10-09T14:09:52.58372Z
  Time since last request: 0.000220051 seconds.
  importAddress: GUID: af2a485654b7642d987c8758da936d55 - Path: Packages/com.unity.render-pipelines.core/Runtime/AssemblyInfo.cs - Importer: ScriptedImporter/UnityEditor.QuickSearchModule:UnityEditor.Search:ASIAI0B
Importing 'GUID: af2a485654b7642d987c8758da936d55 - Path: Packages/com.unity.render-pipelines.core/Runtime/AssemblyInfo.cs - Importer: ScriptedImporter/UnityEditor.QuickSearchModule:UnityEditor.Search:ASIAI0B' with importer (ScriptedImporter : UnityEditor.QuickSearchModule:UnityEditor.Search:ASIAI0B)
Imported 'GUID: af2a485654b7642d987c8758da936d55' -> (Import Result ID: '8b2da5d2c31d875cb04cb3951a078c03') in 0.001 seconds [static and dynamic dependencies]. Details - ImportResultOutputID=6f4e7604f287ecb0f023ec0f24c61a1a DependenciesID=860e0bb4d63c0c53446eca9f91c377db StaticDependenciesID=d624d53f8ba37fb7140425a8a5397937 
Number of updated asset objects reloaded before import = 0
Number of asset objects unloaded after import = 0
========================================================================
Received Import Request.
  Time of request: 2026-10-09T14:09:52.591717Z
  Time since last request: 0.000163916 seconds.
  importAddress: GUID: db823efdb635ec84d8ecae05788f8143 - Path: Packages/com.unity.render-pipelines.core/Editor/EditorWindowWithHelpButton.cs - Importer: ScriptedImporter/UnityEditor.QuickSearchModule:UnityEditor.Search:ASIAI0B
Importing 'GUID: db823efdb635ec84d8ecae05788f8143 - Path: Packages/com.unity.render-pipelines.core/Editor/EditorWindowWithHelpButton.cs - Importer: ScriptedImporter/UnityEditor.QuickSearchModule:UnityEditor.Search:ASIAI0B' with importer (ScriptedImporter : UnityEditor.QuickSearchModule:UnityEditor.Search:ASIAI0B)
Imported 'GUID: db823efdb635ec84d8ecae05788f8143' -> (Import Result ID: 'e7fbac682c380f742764ee7afb7d1c76') in 0.002 seconds [static and dynamic dependencies]. Details - ImportResultOutputID=5b27ac4a4283e1bdaefcee60b1568ad6 DependenciesID=0b722189e8cbb06a76d65d1916a57f97 StaticDependenciesID=4919865c0a07981075ab69c517889425 
Number of updated asset objects reloaded before import = 0
Number of asset objects unloaded after import = 0
========================================================================
Received Import Request.
  Time of request: 2026-10-09T14:09:52.600374Z
  Time since last request: 0.000185436 seconds.
  importAddress: GUID: 867080e20dd74324299ec0ac8f95d246 - Path: Packages/com.unity.render-pipelines.core/Editor/SerializedPropertyExtension.cs - Importer: ScriptedImporter/UnityEditor.QuickSearchModule:UnityEditor.Search:ASIAI0B
Importing 'GUID: 867080e20dd74324299ec0ac8f95d246 - Path: Packages/com.unity.render-pipelines.core/Editor/SerializedPropertyExtension.cs - Importer: ScriptedImporter/UnityEditor.QuickSearchModule:UnityEditor.Search:ASIAI0B' with importer (ScriptedImporter : UnityEditor.QuickSearchModule:UnityEditor.Search:ASIAI0B)
Imported 'GUID: 867080e20dd74324299ec0ac8f95d246' -> (Import Result ID: '9c0d39ed8d27e142656ce2b8c99e8c1a') in 0.001 seconds [static and dynamic dependencies]. Details - ImportResultOutputID=7935815f65f81d329989d8d2bbf669f3 DependenciesID=47789dffa61a2960f6c5e82268bca4c9 StaticDependenciesID=b13018289324ee48680f7ee4ba071aaf 
Number of updated asset objects reloaded before import = 0
Number of asset objects unloaded after import = 0
========================================================================
Received Import Request.
  Time of request: 2026-10-09T14:09:52.608687Z
  Time since last request: 0.000542612 seconds.
  importAddress: GUID: 81243a379b2b06849987da115b6e86f6 - Path: Packages/com.unity.render-pipelines.core/Editor/RelativePropertiesDrawer.cs - Importer: ScriptedImporter/UnityEditor.QuickSearchModule:UnityEditor.Search:ASIAI0B
Importing 'GUID: 81243a379b2b06849987da115b6e86f6 - Path: Packages/com.unity.render-pipelines.core/Editor/RelativePropertiesDrawer.cs - Importer: ScriptedImporter/UnityEditor.QuickSearchModule:UnityEditor.Search:ASIAI0B' with importer (ScriptedImporter : UnityEditor.QuickSearchModule:UnityEditor.Search:ASIAI0B)
Imported 'GUID: 81243a379b2b06849987da115b6e86f6' -> (Import Result ID: 'e177fc64483d09139b59d63650fd7ecf') in 0.002 seconds [static and dynamic dependencies]. Details - ImportResultOutputID=cccea3fd1bdd2546208d25dfc56c2d4a DependenciesID=c262cc2d474816e40afb5bbb29deac76 StaticDependenciesID=10dc6635692a831e57f907261af382a6 
Number of updated asset objects reloaded before import = 0
Number of asset objects unloaded after import = 0
========================================================================
Received Import Request.
  Time of request: 2026-10-09T14:09:52.617337Z
  Time since last request: 0.00052532 seconds.
  importAddress: GUID: 75497c58fb28415a98098a98e7133272 - Path: Packages/com.unity.render-pipelines.core/ValidationConfig.json - Importer: ScriptedImporter/UnityEditor.QuickSearchModule:UnityEditor.Search:ASIAI0B
Importing 'GUID: 75497c58fb28415a98098a98e7133272 - Path: Packages/com.unity.render-pipelines.core/ValidationConfig.json - Importer: ScriptedImporter/UnityEditor.QuickSearchModule:UnityEditor.Search:ASIAI0B' with importer (ScriptedImporter : UnityEditor.QuickSearchModule:UnityEditor.Search:ASIAI0B)
Imported 'GUID: 75497c58fb28415a98098a98e7133272' -> (Import Result ID: '00cc65407fcf9e57145fc3bcdcdecacb') in 0.001 seconds [static and dynamic dependencies]. Details - ImportResultOutputID=42198d852916ac065c692304938ff4ee DependenciesID=ad82d58d59123848f01b44e316c0c355 StaticDependenciesID=e89e1fe0a1e74e8482e86c1184813ecc 
Number of updated asset objects reloaded before import = 0
Number of asset objects unloaded after import = 1
========================================================================
Received Import Request.
  Time of request: 2026-10-09T14:09:52.625528Z
  Time since last request: 0.000331719 seconds.
  importAddress: GUID: 18baba7656dce1149bf3937e025993fa - Path: Packages/com.unity.render-pipelines.core/Editor-PrivateShared/AssemblyInfo.cs - Importer: ScriptedImporter/UnityEditor.QuickSearchModule:UnityEditor.Search:ASIAI0B
Importing 'GUID: 18baba7656dce1149bf3937e025993fa - Path: Packages/com.unity.render-pipelines.core/Editor-PrivateShared/AssemblyInfo.cs - Importer: ScriptedImporter/UnityEditor.QuickSearchModule:UnityEditor.Search:ASIAI0B' with importer (ScriptedImporter : UnityEditor.QuickSearchModule:UnityEditor.Search:ASIAI0B)
Imported 'GUID: 18baba7656dce1149bf3937e025993fa' -> (Import Result ID: '40c158e49129fba4a25692c5d1f7321d') in 0.002 seconds [static and dynamic dependencies]. Details - ImportResultOutputID=aa35d5158ba91772124890a5dc6772ec DependenciesID=55a2eded77de5c7e91a1756a67a635d3 StaticDependenciesID=09dc32a5e3db308ae53839d87a5cca0e 
Number of updated asset objects reloaded before import = 0
Number of asset objects unloaded after import = 0
========================================================================
Received Import Request.
  Time of request: 2026-10-09T14:09:52.633955Z
  Time since last request: 0.000154128 seconds.
  importAddress: GUID: 1af35a910338381f753e8a985eb5daab - Path: Packages/com.unity.modules.adaptiveperformance/package.ModuleCompilationTrigger - Importer: ScriptedImporter/UnityEditor.QuickSearchModule:UnityEditor.Search:ASIAI0B
Importing 'GUID: 1af35a910338381f753e8a985eb5daab - Path: Packages/com.unity.modules.adaptiveperformance/package.ModuleCompilationTrigger - Importer: ScriptedImporter/UnityEditor.QuickSearchModule:UnityEditor.Search:ASIAI0B' with importer (ScriptedImporter : UnityEditor.QuickSearchModule:UnityEditor.Search:ASIAI0B)
Imported 'GUID: 1af35a910338381f753e8a985eb5daab' -> (Import Result ID: '2d61e9446a2b00652d25f3cff1048cd7') in 0.001 seconds [static and dynamic dependencies]. Details - ImportResultOutputID=52ff260d2f8eb42a1337e2032d5889fc DependenciesID=41ff4d369092a88b28375fff2a1782ef StaticDependenciesID=240968e60e77e5aecfdc998497fedb23 
Number of updated asset objects reloaded before import = 0
Number of asset objects unloaded after import = 1
========================================================================
Received Import Request.
  Time of request: 2026-10-09T14:09:52.64185Z
  Time since last request: 0.000167894 seconds.
  importAddress: GUID: eefc64b67f7aad040905b2000990f5f3 - Path: Packages/com.unity.render-pipelines.core/THIRD PARTY NOTICES.md - Importer: ScriptedImporter/UnityEditor.QuickSearchModule:UnityEditor.Search:ASIAI0B
Importing 'GUID: eefc64b67f7aad040905b2000990f5f3 - Path: Packages/com.unity.render-pipelines.core/THIRD PARTY NOTICES.md - Importer: ScriptedImporter/UnityEditor.QuickSearchModule:UnityEditor.Search:ASIAI0B' with importer (ScriptedImporter : UnityEditor.QuickSearchModule:UnityEditor.Search:ASIAI0B)
Imported 'GUID: eefc64b67f7aad040905b2000990f5f3' -> (Import Result ID: 'e0be8f2513276079b98ce1e50b5736ac') in 0.002 seconds [static and dynamic dependencies]. Details - ImportResultOutputID=10d52cc39c61c66c3df9124b4e89a282 DependenciesID=433bb7bd41bf48ddabd3dc699e35c782 StaticDependenciesID=42eda91ad049d2bebee28f6d9934b659 
Number of updated asset objects reloaded before import = 0
Number of asset objects unloaded after import = 1
========================================================================
Received Import Request.
  Time of request: 2026-10-09T14:09:52.650067Z
  Time since last request: 0.000309688 seconds.
  importAddress: GUID: b55ea781ffec78245a85c7b70fefee48 - Path: Packages/com.unity.render-pipelines.core/Editor/ContextualMenuDispatcher.cs - Importer: ScriptedImporter/UnityEditor.QuickSearchModule:UnityEditor.Search:ASIAI0B
Importing 'GUID: b55ea781ffec78245a85c7b70fefee48 - Path: Packages/com.unity.render-pipelines.core/Editor/ContextualMenuDispatcher.cs - Importer: ScriptedImporter/UnityEditor.QuickSearchModule:UnityEditor.Search:ASIAI0B' with importer (ScriptedImporter : UnityEditor.QuickSearchModule:UnityEditor.Search:ASIAI0B)
Imported 'GUID: b55ea781ffec78245a85c7b70fefee48' -> (Import Result ID: '64342e3b3fbcb6a26dbbd71c1bf3489a') in 0.001 seconds [static and dynamic dependencies]. Details - ImportResultOutputID=54ef999af7bf4d7d3878a775836ae1ec DependenciesID=db9935c4e5834771357ce26317bfea29 StaticDependenciesID=37435f8f2ab786a88191b383fa3f5350 
Number of updated asset objects reloaded before import = 0
Number of asset objects unloaded after import = 0
========================================================================
Received Import Request.
  Time of request: 2026-10-09T14:09:52.658339Z
  Time since last request: 0.000370571 seconds.
  importAddress: GUID: 1c13e3f9217a6854ebb4d5d716b60103 - Path: Packages/com.unity.render-pipelines.core/Editor/CoreRenderPipelinePreferences.cs - Importer: ScriptedImporter/UnityEditor.QuickSearchModule:UnityEditor.Search:ASIAI0B
Importing 'GUID: 1c13e3f9217a6854ebb4d5d716b60103 - Path: Packages/com.unity.render-pipelines.core/Editor/CoreRenderPipelinePreferences.cs - Importer: ScriptedImporter/UnityEditor.QuickSearchModule:UnityEditor.Search:ASIAI0B' with importer (ScriptedImporter : UnityEditor.QuickSearchModule:UnityEditor.Search:ASIAI0B)
Imported 'GUID: 1c13e3f9217a6854ebb4d5d716b60103' -> (Import Result ID: '9477dd65ce6139b7819e06dc9aa4e851') in 0.002 seconds [static and dynamic dependencies]. Details - ImportResultOutputID=3a08c853049945536f55e60fd87393fd DependenciesID=328d2f4f5c75d84dcc0161c547d1ca7c StaticDependenciesID=8db639720751fc1f1340f1522af703f5 
Number of updated asset objects reloaded before import = 0
Number of asset objects unloaded after import = 0
========================================================================
Received Import Request.
  Time of request: 2026-10-09T14:09:52.666598Z
  Time since last request: 0.000292706 seconds.
  importAddress: GUID: 38b347b69c1c6df4eab3367bbdbc6ac0 - Path: Packages/com.unity.render-pipelines.core/Runtime/Documentation.cs - Importer: ScriptedImporter/UnityEditor.QuickSearchModule:UnityEditor.Search:ASIAI0B
Importing 'GUID: 38b347b69c1c6df4eab3367bbdbc6ac0 - Path: Packages/com.unity.render-pipelines.core/Runtime/Documentation.cs - Importer: ScriptedImporter/UnityEditor.QuickSearchModule:UnityEditor.Search:ASIAI0B' with importer (ScriptedImporter : UnityEditor.QuickSearchModule:UnityEditor.Search:ASIAI0B)
Imported 'GUID: 38b347b69c1c6df4eab3367bbdbc6ac0' -> (Import Result ID: 'e55ec71e857fd784c87cda5975386133') in 0.001 seconds [static and dynamic dependencies]. Details - ImportResultOutputID=96969d1621223628426ec4123269b134 DependenciesID=ac305d7a370b1a261adfede136689291 StaticDependenciesID=82381af091547ac5e1b54520624f11ab 
Number of updated asset objects reloaded before import = 0
Number of asset objects unloaded after import = 0
========================================================================
Received Import Request.
  Time of request: 2026-10-09T14:09:52.675221Z
  Time since last request: 0.00057833 seconds.
  importAddress: GUID: 6e199542932514047864b6e8dcd90aa0 - Path: Packages/com.unity.render-pipelines.core/Editor/Deprecated.cs - Importer: ScriptedImporter/UnityEditor.QuickSearchModule:UnityEditor.Search:ASIAI0B
Importing 'GUID: 6e199542932514047864b6e8dcd90aa0 - Path: Packages/com.unity.render-pipelines.core/Editor/Deprecated.cs - Importer: ScriptedImporter/UnityEditor.QuickSearchModule:UnityEditor.Search:ASIAI0B' with importer (ScriptedImporter : UnityEditor.QuickSearchModule:UnityEditor.Search:ASIAI0B)
Imported 'GUID: 6e199542932514047864b6e8dcd90aa0' -> (Import Result ID: '29e7c235cc48d957c20c176e03a46c62') in 0.002 seconds [static and dynamic dependencies]. Details - ImportResultOutputID=b8e648902c03e3bd5235009992c6f334 DependenciesID=e8ac42395b05857604f14b8de87d31f1 StaticDependenciesID=45969acadc812abee45640d8ce8fb199 
Number of updated asset objects reloaded before import = 0
Number of asset objects unloaded after import = 0
========================================================================
Received Import Request.
  Time of request: 2026-10-09T14:09:52.683196Z
  Time since last request: 0.00031069 seconds.
  importAddress: GUID: 2d88aa45be83f6b4abd463321da9123e - Path: Packages/com.unity.render-pipelines.core/Editor/StringExtensions.cs - Importer: ScriptedImporter/UnityEditor.QuickSearchModule:UnityEditor.Search:ASIAI0B
Importing 'GUID: 2d88aa45be83f6b4abd463321da9123e - Path: Packages/com.unity.render-pipelines.core/Editor/StringExtensions.cs - Importer: ScriptedImporter/UnityEditor.QuickSearchModule:UnityEditor.Search:ASIAI0B' with importer (ScriptedImporter : UnityEditor.QuickSearchModule:UnityEditor.Search:ASIAI0B)
Imported 'GUID: 2d88aa45be83f6b4abd463321da9123e' -> (Import Result ID: '339e267ccdb8dc4a558818b3a5d99e74') in 0.001 seconds [static and dynamic dependencies]. Details - ImportResultOutputID=93349e5d83d5a3bd7fdc6b0235561047 DependenciesID=ef80ce522105721d547ed779a97a9107 StaticDependenciesID=7dbe2f737c2e92345385407e18228581 
Number of updated asset objects reloaded before import = 0
Number of asset objects unloaded after import = 0
========================================================================
Received Import Request.
  Time of request: 2026-10-09T14:09:52.691726Z
  Time since last request: 0.000311492 seconds.
  importAddress: GUID: 20456a2cc8a214f9d9846725cff9fea4 - Path: Packages/com.unity.render-pipelines.core/CHANGELOG.md - Importer: ScriptedImporter/UnityEditor.QuickSearchModule:UnityEditor.Search:ASIAI0B
Importing 'GUID: 20456a2cc8a214f9d9846725cff9fea4 - Path: Packages/com.unity.render-pipelines.core/CHANGELOG.md - Importer: ScriptedImporter/UnityEditor.QuickSearchModule:UnityEditor.Search:ASIAI0B' with importer (ScriptedImporter : UnityEditor.QuickSearchModule:UnityEditor.Search:ASIAI0B)
Imported 'GUID: 20456a2cc8a214f9d9846725cff9fea4' -> (Import Result ID: '6e5ee7e0523cec604c6794ac686fcf93') in 0.002 seconds [static and dynamic dependencies]. Details - ImportResultOutputID=bb2fa5d7b5d89f17f00e9ccb81bded96 DependenciesID=6f1170718cfc62c4165aad59aab7a83f StaticDependenciesID=e1ec4f352d809ab4c4db71c3a0a3ee4d 
Number of updated asset objects reloaded before import = 0
Number of asset objects unloaded after import = 1
========================================================================
Received Import Request.
  Time of request: 2026-10-09T14:09:52.701269Z
  Time since last request: 0.000713823 seconds.
  importAddress: GUID: 72fc1f568d054a98b8831b44d24b09cc - Path: Packages/com.unity.render-pipelines.core/Runtime-PrivateShared/DebugUIUtilities.cs - Importer: ScriptedImporter/UnityEditor.QuickSearchModule:UnityEditor.Search:ASIAI0B
Importing 'GUID: 72fc1f568d054a98b8831b44d24b09cc - Path: Packages/com.unity.render-pipelines.core/Runtime-PrivateShared/DebugUIUtilities.cs - Importer: ScriptedImporter/UnityEditor.QuickSearchModule:UnityEditor.Search:ASIAI0B' with importer (ScriptedImporter : UnityEditor.QuickSearchModule:UnityEditor.Search:ASIAI0B)
Imported 'GUID: 72fc1f568d054a98b8831b44d24b09cc' -> (Import Result ID: '8742d8c92b094c87a5cecc36df8462c5') in 0.002 seconds [static and dynamic dependencies]. Details - ImportResultOutputID=b520be29ae3dc181abec805b36c00d4b DependenciesID=6e160256f856c26bef8c69e72ece19db StaticDependenciesID=83b2243ed17523e7a1144e8362b6af76 
Number of updated asset objects reloaded before import = 0
Number of asset objects unloaded after import = 0
========================================================================
Received Import Request.
  Time of request: 2026-10-09T14:09:52.717953Z
  Time since last request: 0.008608549 seconds.
  importAddress: GUID: b06473c622f844540bd141fc0efae169 - Path: Packages/com.unity.render-pipelines.core/ShaderLibrary/HDROutput.hlsl - Importer: ScriptedImporter/UnityEditor.QuickSearchModule:UnityEditor.Search:ASIAI0B
Importing 'GUID: b06473c622f844540bd141fc0efae169 - Path: Packages/com.unity.render-pipelines.core/ShaderLibrary/HDROutput.hlsl - Importer: ScriptedImporter/UnityEditor.QuickSearchModule:UnityEditor.Search:ASIAI0B' with importer (ScriptedImporter : UnityEditor.QuickSearchModule:UnityEditor.Search:ASIAI0B)
Imported 'GUID: b06473c622f844540bd141fc0efae169' -> (Import Result ID: '3e39d9f0cc586da6450e46918c5c7175') in 0.002 seconds [static and dynamic dependencies]. Details - ImportResultOutputID=e1bdb0773d376f7c3def1dad2bbe9af2 DependenciesID=07ff74ea1b0a901f0400ef80ec3e2bcc StaticDependenciesID=d2edd0d2fee2d66db1a16eb067a437e8 
Number of updated asset objects reloaded before import = 0
Number of asset objects unloaded after import = 1
========================================================================
Received Import Request.
  Time of request: 2026-10-09T14:09:52.726754Z
  Time since last request: 0.000686852 seconds.
  importAddress: GUID: 6f22d4e29906d3c47892e0c92874b752 - Path: Packages/com.unity.render-pipelines.core/ShaderLibrary/VirtualTexturing.hlsl - Importer: ScriptedImporter/UnityEditor.QuickSearchModule:UnityEditor.Search:ASIAI0B
Importing 'GUID: 6f22d4e29906d3c47892e0c92874b752 - Path: Packages/com.unity.render-pipelines.core/ShaderLibrary/VirtualTexturing.hlsl - Importer: ScriptedImporter/UnityEditor.QuickSearchModule:UnityEditor.Search:ASIAI0B' with importer (ScriptedImporter : UnityEditor.QuickSearchModule:UnityEditor.Search:ASIAI0B)
Imported 'GUID: 6f22d4e29906d3c47892e0c92874b752' -> (Import Result ID: '2dc234b776f3cfebb9e1a5e0f4526440') in 0.001 seconds [static and dynamic dependencies]. Details - ImportResultOutputID=4f891e73582ab3978daf8dd162450dd8 DependenciesID=50f163673ae9f81e64d8d7a558ba721b StaticDependenciesID=b46d975341547c92a806971619b93b40 
Number of updated asset objects reloaded before import = 0
Number of asset objects unloaded after import = 1
========================================================================
Received Import Request.
  Time of request: 2026-10-09T14:09:52.735108Z
  Time since last request: 0.000709344 seconds.
  importAddress: GUID: f36f5598be293c04db2a21f9e7463518 - Path: Packages/com.unity.render-pipelines.core/ShaderLibrary/FoveatedRendering.hlsl - Importer: ScriptedImporter/UnityEditor.QuickSearchModule:UnityEditor.Search:ASIAI0B
Importing 'GUID: f36f5598be293c04db2a21f9e7463518 - Path: Packages/com.unity.render-pipelines.core/ShaderLibrary/FoveatedRendering.hlsl - Importer: ScriptedImporter/UnityEditor.QuickSearchModule:UnityEditor.Search:ASIAI0B' with importer (ScriptedImporter : UnityEditor.QuickSearchModule:UnityEditor.Search:ASIAI0B)
Imported 'GUID: f36f5598be293c04db2a21f9e7463518' -> (Import Result ID: '74dc639bbd39d0c1d0e093153e0f2362') in 0.001 seconds [static and dynamic dependencies]. Details - ImportResultOutputID=ab7ec3c23231831c38e2bb1ea4cd55f0 DependenciesID=07e8b8e4ace0adcf966347f2659a3e3b StaticDependenciesID=59e17005b1fa6ac5e62548eb197bf27a 
Number of updated asset objects reloaded before import = 0
Number of asset objects unloaded after import = 1
========================================================================
Received Import Request.
  Time of request: 2026-10-09T14:09:52.743197Z
  Time since last request: 0.000512918 seconds.
  importAddress: GUID: 1a3c09fe584943f9ba43ae5a5cf0700d - Path: Packages/com.unity.render-pipelines.core/ShaderLibrary/SixWayLighting.hlsl - Importer: ScriptedImporter/UnityEditor.QuickSearchModule:UnityEditor.Search:ASIAI0B
Importing 'GUID: 1a3c09fe584943f9ba43ae5a5cf0700d - Path: Packages/com.unity.render-pipelines.core/ShaderLibrary/SixWayLighting.hlsl - Importer: ScriptedImporter/UnityEditor.QuickSearchModule:UnityEditor.Search:ASIAI0B' with importer (ScriptedImporter : UnityEditor.QuickSearchModule:UnityEditor.Search:ASIAI0B)
Imported 'GUID: 1a3c09fe584943f9ba43ae5a5cf0700d' -> (Import Result ID: 'd9ccb56020bafa8a871b78f3631ece71') in 0.001 seconds [static and dynamic dependencies]. Details - ImportResultOutputID=d575f87b4a2786d00f5466e58fab4f7e DependenciesID=b1d7e4902461e9f2f4d5bf9302f8a636 StaticDependenciesID=a83442c09126c6c3038ca462e114f54e 
Number of updated asset objects reloaded before import = 0
Number of asset objects unloaded after import = 1
========================================================================
Received Import Request.
  Time of request: 2026-10-09T14:09:52.751288Z
  Time since last request: 0.000418431 seconds.
  importAddress: GUID: 79062f3c36657da4e9a366000411cf78 - Path: Packages/com.unity.render-pipelines.core/ShaderLibrary/Texture.hlsl - Importer: ScriptedImporter/UnityEditor.QuickSearchModule:UnityEditor.Search:ASIAI0B
Importing 'GUID: 79062f3c36657da4e9a366000411cf78 - Path: Packages/com.unity.render-pipelines.core/ShaderLibrary/Texture.hlsl - Importer: ScriptedImporter/UnityEditor.QuickSearchModule:UnityEditor.Search:ASIAI0B' with importer (ScriptedImporter : UnityEditor.QuickSearchModule:UnityEditor.Search:ASIAI0B)
Imported 'GUID: 79062f3c36657da4e9a366000411cf78' -> (Import Result ID: '338048a7ca27a34283ba55e44f586357') in 0.003 seconds [static and dynamic dependencies]. Details - ImportResultOutputID=f37501a088fa6fb360ea1904ccdbca9a DependenciesID=1f8fd5d4c26d8ed4d91d51eb75972095 StaticDependenciesID=7bf6edab27bdae42dce084f253eb03ee 
Number of updated asset objects reloaded before import = 0
Number of asset objects unloaded after import = 1
========================================================================
Received Import Request.
  Time of request: 2026-10-09T14:09:52.761152Z
  Time since last request: 0.000193642 seconds.
  importAddress: GUID: ca3a5025616550a40816a5272a4f7631 - Path: Packages/com.unity.render-pipelines.core/ShaderLibrary/CommonDeprecated.hlsl - Importer: ScriptedImporter/UnityEditor.QuickSearchModule:UnityEditor.Search:ASIAI0B
Importing 'GUID: ca3a5025616550a40816a5272a4f7631 - Path: Packages/com.unity.render-pipelines.core/ShaderLibrary/CommonDeprecated.hlsl - Importer: ScriptedImporter/UnityEditor.QuickSearchModule:UnityEditor.Search:ASIAI0B' with importer (ScriptedImporter : UnityEditor.QuickSearchModule:UnityEditor.Search:ASIAI0B)
Imported 'GUID: ca3a5025616550a40816a5272a4f7631' -> (Import Result ID: 'de23c31351ab15bb71fac4be59180058') in 0.001 seconds [static and dynamic dependencies]. Details - ImportResultOutputID=e720630b18d932dba3084d6a7d880559 DependenciesID=5b0c063e4ecda4a799ed5a464884c941 StaticDependenciesID=b73ab155a269d4f247d4a43332f88cf0 
Number of updated asset objects reloaded before import = 0
Number of asset objects unloaded after import = 1
========================================================================
Received Import Request.
  Time of request: 2026-10-09T14:09:52.768744Z
  Time since last request: 0.000196357 seconds.
  importAddress: GUID: 024209fcf73c38243ae3b71c8955f187 - Path: Packages/com.unity.render-pipelines.core/ShaderLibrary/DynamicScaling.hlsl - Importer: ScriptedImporter/UnityEditor.QuickSearchModule:UnityEditor.Search:ASIAI0B
Importing 'GUID: 024209fcf73c38243ae3b71c8955f187 - Path: Packages/com.unity.render-pipelines.core/ShaderLibrary/DynamicScaling.hlsl - Importer: ScriptedImporter/UnityEditor.QuickSearchModule:UnityEditor.Search:ASIAI0B' with importer (ScriptedImporter : UnityEditor.QuickSearchModule:UnityEditor.Search:ASIAI0B)
Imported 'GUID: 024209fcf73c38243ae3b71c8955f187' -> (Import Result ID: '678c560912574040bf48b77b716c44b6') in 0.001 seconds [static and dynamic dependencies]. Details - ImportResultOutputID=831c36e94dd0ef2d08e3f1dcd55dc421 DependenciesID=612ebfb3681a80aadfc5fef1456bc34c StaticDependenciesID=fd18db66af4168bab503f92e3a9106ea 
Number of updated asset objects reloaded before import = 0
Number of asset objects unloaded after import = 1
========================================================================
Received Import Request.
  Time of request: 2026-10-09T14:09:52.776646Z
  Time since last request: 0.000244035 seconds.
  importAddress: GUID: 259e4e1d42f9302459819d218966a11c - Path: Packages/com.unity.render-pipelines.core/ShaderLibrary/PhysicalCamera.hlsl - Importer: ScriptedImporter/UnityEditor.QuickSearchModule:UnityEditor.Search:ASIAI0B
Importing 'GUID: 259e4e1d42f9302459819d218966a11c - Path: Packages/com.unity.render-pipelines.core/ShaderLibrary/PhysicalCamera.hlsl - Importer: ScriptedImporter/UnityEditor.QuickSearchModule:UnityEditor.Search:ASIAI0B' with importer (ScriptedImporter : UnityEditor.QuickSearchModule:UnityEditor.Search:ASIAI0B)
Imported 'GUID: 259e4e1d42f9302459819d218966a11c' -> (Import Result ID: '0d207f3500493c618e247d281c4cddf4') in 0.001 seconds [static and dynamic dependencies]. Details - ImportResultOutputID=090257fc8665d0da436e09a525df23e1 DependenciesID=1c3c9a127ca8cc87f739af494ae81e27 StaticDependenciesID=9d1a1fd0658b4b1048d22c81c89da7ed 
Number of updated asset objects reloaded before import = 0
Number of asset objects unloaded after import = 1
========================================================================
Received Import Request.
  Time of request: 2026-10-09T14:09:52.784811Z
  Time since last request: 0.000474115 seconds.
  importAddress: GUID: cc0d8451b1d348689c76bbac2a797aaa - Path: Packages/com.unity.render-pipelines.core/ShaderLibrary/Threading.hlsl - Importer: ScriptedImporter/UnityEditor.QuickSearchModule:UnityEditor.Search:ASIAI0B
Importing 'GUID: cc0d8451b1d348689c76bbac2a797aaa - Path: Packages/com.unity.render-pipelines.core/ShaderLibrary/Threading.hlsl - Importer: ScriptedImporter/UnityEditor.QuickSearchModule:UnityEditor.Search:ASIAI0B' with importer (ScriptedImporter : UnityEditor.QuickSearchModule:UnityEditor.Search:ASIAI0B)
Imported 'GUID: cc0d8451b1d348689c76bbac2a797aaa' -> (Import Result ID: 'aac1be9e9f5e8a87f9f43d938b56369b') in 0.001 seconds [static and dynamic dependencies]. Details - ImportResultOutputID=8f0f771c52c4c5fc9178155ba5f18835 DependenciesID=d9125ffc4011d39ecda56c6df9efdb85 StaticDependenciesID=af00e5d8e75e9a9c67e7232bcf0f345b 
Number of updated asset objects reloaded before import = 0
Number of asset objects unloaded after import = 1
========================================================================
Received Import Request.
  Time of request: 2026-10-09T14:09:52.793275Z
  Time since last request: 0.000339383 seconds.
  importAddress: GUID: 0a40799d368cbbd4982d2f423cdd8595 - Path: Packages/com.unity.render-pipelines.core/ShaderLibrary/PerPixelDisplacement.hlsl - Importer: ScriptedImporter/UnityEditor.QuickSearchModule:UnityEditor.Search:ASIAI0B
Importing 'GUID: 0a40799d368cbbd4982d2f423cdd8595 - Path: Packages/com.unity.render-pipelines.core/ShaderLibrary/PerPixelDisplacement.hlsl - Importer: ScriptedImporter/UnityEditor.QuickSearchModule:UnityEditor.Search:ASIAI0B' with importer (ScriptedImporter : UnityEditor.QuickSearchModule:UnityEditor.Search:ASIAI0B)
Imported 'GUID: 0a40799d368cbbd4982d2f423cdd8595' -> (Import Result ID: '0ea4217553f7e782d704e6db7f02650e') in 0.001 seconds [static and dynamic dependencies]. Details - ImportResultOutputID=5dc8b2c78a3890405ef25d903dca29aa DependenciesID=7e08d3290c011ddd0b696449ad0f9360 StaticDependenciesID=fbfc34e1720751786dc7a7bf7946e858 
Number of updated asset objects reloaded before import = 0
Number of asset objects unloaded after import = 1
========================================================================
Received Import Request.
  Time of request: 2026-10-09T14:09:52.801066Z
  Time since last request: 0.000232203 seconds.
  importAddress: GUID: 5eb5e8e99ae281342bae5c7b296b3ae3 - Path: Packages/com.unity.render-pipelines.core/ShaderLibrary/BSDF.hlsl - Importer: ScriptedImporter/UnityEditor.QuickSearchModule:UnityEditor.Search:ASIAI0B
Importing 'GUID: 5eb5e8e99ae281342bae5c7b296b3ae3 - Path: Packages/com.unity.render-pipelines.core/ShaderLibrary/BSDF.hlsl - Importer: ScriptedImporter/UnityEditor.QuickSearchModule:UnityEditor.Search:ASIAI0B' with importer (ScriptedImporter : UnityEditor.QuickSearchModule:UnityEditor.Search:ASIAI0B)
Imported 'GUID: 5eb5e8e99ae281342bae5c7b296b3ae3' -> (Import Result ID: '9284d794e8efe01e209db0c5ec9cc4f0') in 0.001 seconds [static and dynamic dependencies]. Details - ImportResultOutputID=f90c10277ab9c10c0509681a5e790e8b DependenciesID=ce20f5a6395cffdf493786e3b38bf0e5 StaticDependenciesID=9fba807a0ad9f23d391887fd8b5375c1 
Number of updated asset objects reloaded before import = 0
Number of asset objects unloaded after import = 1
========================================================================
Received Import Request.
  Time of request: 2026-10-09T14:09:52.809037Z
  Time since last request: 0.000526172 seconds.
  importAddress: GUID: 9f249a7110f8dd14ca061023fb8aa6e5 - Path: Packages/com.unity.render-pipelines.core/Editor/Analytics/BuildTargetAnalytic.cs - Importer: ScriptedImporter/UnityEditor.QuickSearchModule:UnityEditor.Search:ASIAI0B
Importing 'GUID: 9f249a7110f8dd14ca061023fb8aa6e5 - Path: Packages/com.unity.render-pipelines.core/Editor/Analytics/BuildTargetAnalytic.cs - Importer: ScriptedImporter/UnityEditor.QuickSearchModule:UnityEditor.Search:ASIAI0B' with importer (ScriptedImporter : UnityEditor.QuickSearchModule:UnityEditor.Search:ASIAI0B)
Imported 'GUID: 9f249a7110f8dd14ca061023fb8aa6e5' -> (Import Result ID: '72641770bdce53e41b86eff0ede85bf2') in 0.001 seconds [static and dynamic dependencies]. Details - ImportResultOutputID=934cf35fcf10be9739e3d56900b5e559 DependenciesID=949e5ec2a61c05214f340f24a3ebc8f0 StaticDependenciesID=10fa61070f276109ac77f2a653d0bf18 
Number of updated asset objects reloaded before import = 0
Number of asset objects unloaded after import = 0
========================================================================
Received Import Request.
  Time of request: 2026-10-09T14:09:52.816664Z
  Time since last request: 0.000111568 seconds.
  importAddress: GUID: 435c74ddc7b1fd744b934a196d6d3d82 - Path: Packages/com.unity.render-pipelines.core/ShaderLibrary/ScreenCoordOverride.hlsl - Importer: ScriptedImporter/UnityEditor.QuickSearchModule:UnityEditor.Search:ASIAI0B
Importing 'GUID: 435c74ddc7b1fd744b934a196d6d3d82 - Path: Packages/com.unity.render-pipelines.core/ShaderLibrary/ScreenCoordOverride.hlsl - Importer: ScriptedImporter/UnityEditor.QuickSearchModule:UnityEditor.Search:ASIAI0B' with importer (ScriptedImporter : UnityEditor.QuickSearchModule:UnityEditor.Search:ASIAI0B)
Imported 'GUID: 435c74ddc7b1fd744b934a196d6d3d82' -> (Import Result ID: 'd169132ba30965535d0845d5c5648c39') in 0.001 seconds [static and dynamic dependencies]. Details - ImportResultOutputID=e9fb73bf48e0dc91c93ccae674d3b9b5 DependenciesID=f8d5dd8b1c0e83572c36c3998c5d3729 StaticDependenciesID=353e9851a0e0e88ca79bce132521993f 
Number of updated asset objects reloaded before import = 0
Number of asset objects unloaded after import = 1
========================================================================
Received Import Request.
  Time of request: 2026-10-09T14:09:52.824847Z
  Time since last request: 0.000220001 seconds.
  importAddress: GUID: 27d419a4917d0ea49978c236e058d464 - Path: Packages/com.unity.render-pipelines.core/ShaderLibrary/BC6H.hlsl - Importer: ScriptedImporter/UnityEditor.QuickSearchModule:UnityEditor.Search:ASIAI0B
Importing 'GUID: 27d419a4917d0ea49978c236e058d464 - Path: Packages/com.unity.render-pipelines.core/ShaderLibrary/BC6H.hlsl - Importer: ScriptedImporter/UnityEditor.QuickSearchModule:UnityEditor.Search:ASIAI0B' with importer (ScriptedImporter : UnityEditor.QuickSearchModule:UnityEditor.Search:ASIAI0B)
Imported 'GUID: 27d419a4917d0ea49978c236e058d464' -> (Import Result ID: 'b6570d8ff4277745a7ebd890267c7d00') in 0.001 seconds [static and dynamic dependencies]. Details - ImportResultOutputID=061b04088e3fdccc6f008b7a6b6f2014 DependenciesID=1c85378d1cedbb3f4fbca21db1e41580 StaticDependenciesID=aa1b8e120ee9abb4747a809fe27fb132 
Number of updated asset objects reloaded before import = 0
Number of asset objects unloaded after import = 1
========================================================================
Received Import Request.
  Time of request: 2026-10-09T14:09:52.8333Z
  Time since last request: 0.000153547 seconds.
  importAddress: GUID: ed711ee78a4b6e74896cbc8dbf636441 - Path: Packages/com.unity.render-pipelines.core/Editor/Analytics/AnalyticsUtils.cs - Importer: ScriptedImporter/UnityEditor.QuickSearchModule:UnityEditor.Search:ASIAI0B
Importing 'GUID: ed711ee78a4b6e74896cbc8dbf636441 - Path: Packages/com.unity.render-pipelines.core/Editor/Analytics/AnalyticsUtils.cs - Importer: ScriptedImporter/UnityEditor.QuickSearchModule:UnityEditor.Search:ASIAI0B' with importer (ScriptedImporter : UnityEditor.QuickSearchModule:UnityEditor.Search:ASIAI0B)
Imported 'GUID: ed711ee78a4b6e74896cbc8dbf636441' -> (Import Result ID: '52ab55ceac33703b84f54c55dcffb81c') in 0.001 seconds [static and dynamic dependencies]. Details - ImportResultOutputID=4b21c8f39852e3adcfdbc1b82df911fa DependenciesID=a8b67277416998d1a00da0891be379fd StaticDependenciesID=2da4cc33dadc45428d9158fc0eebb232 
Number of updated asset objects reloaded before import = 0
Number of asset objects unloaded after import = 0
========================================================================
Received Import Request.
  Time of request: 2026-10-09T14:09:52.841396Z
  Time since last request: 0.00046611 seconds.
  importAddress: GUID: 93bbf250faa37d446990b9501e7fb7e8 - Path: Packages/com.unity.render-pipelines.core/ShaderLibrary/CommonLighting.hlsl - Importer: ScriptedImporter/UnityEditor.QuickSearchModule:UnityEditor.Search:ASIAI0B
Importing 'GUID: 93bbf250faa37d446990b9501e7fb7e8 - Path: Packages/com.unity.render-pipelines.core/ShaderLibrary/CommonLighting.hlsl - Importer: ScriptedImporter/UnityEditor.QuickSearchModule:UnityEditor.Search:ASIAI0B' with importer (ScriptedImporter : UnityEditor.QuickSearchModule:UnityEditor.Search:ASIAI0B)
Imported 'GUID: 93bbf250faa37d446990b9501e7fb7e8' -> (Import Result ID: '16e9bb81566ffcf9e7c01ee7086857a0') in 0.002 seconds [static and dynamic dependencies]. Details - ImportResultOutputID=f51860ce00b032649363f62377c4958f DependenciesID=64ebd1d781244135d1f9b6034fb7759b StaticDependenciesID=a0948c7e780d2c28296992d7d550a572 
Number of updated asset objects reloaded before import = 0
Number of asset objects unloaded after import = 1
========================================================================
Received Import Request.
  Time of request: 2026-10-09T14:09:52.850026Z
  Time since last request: 0.00040179 seconds.
  importAddress: GUID: 2af09bb13e6547242913c40dfb0e50f9 - Path: Packages/com.unity.render-pipelines.core/ShaderLibrary/AreaLighting.hlsl - Importer: ScriptedImporter/UnityEditor.QuickSearchModule:UnityEditor.Search:ASIAI0B
Importing 'GUID: 2af09bb13e6547242913c40dfb0e50f9 - Path: Packages/com.unity.render-pipelines.core/ShaderLibrary/AreaLighting.hlsl - Importer: ScriptedImporter/UnityEditor.QuickSearchModule:UnityEditor.Search:ASIAI0B' with importer (ScriptedImporter : UnityEditor.QuickSearchModule:UnityEditor.Search:ASIAI0B)
Imported 'GUID: 2af09bb13e6547242913c40dfb0e50f9' -> (Import Result ID: '42bb7ed79cfbe9774f5531ebd15ea8a8') in 0.001 seconds [static and dynamic dependencies]. Details - ImportResultOutputID=655484dd1a27a77caa17d66eaf91d661 DependenciesID=2b0cd5de7777a6a24f6e7dc22413293a StaticDependenciesID=fe447c11b71671c5cc0bd8dd6109dd1a 
Number of updated asset objects reloaded before import = 0
Number of asset objects unloaded after import = 1
========================================================================
Received Import Request.
  Time of request: 2026-10-09T14:09:52.861641Z
  Time since last request: 0.003973708 seconds.
  importAddress: GUID: 7ecd4b4b0c2b54742baf8d885609f3b9 - Path: Packages/com.unity.render-pipelines.core/Editor/Gizmo/HierarchicalSphere.cs - Importer: ScriptedImporter/UnityEditor.QuickSearchModule:UnityEditor.Search:ASIAI0B
Importing 'GUID: 7ecd4b4b0c2b54742baf8d885609f3b9 - Path: Packages/com.unity.render-pipelines.core/Editor/Gizmo/HierarchicalSphere.cs - Importer: ScriptedImporter/UnityEditor.QuickSearchModule:UnityEditor.Search:ASIAI0B' with importer (ScriptedImporter : UnityEditor.QuickSearchModule:UnityEditor.Search:ASIAI0B)
Imported 'GUID: 7ecd4b4b0c2b54742baf8d885609f3b9' -> (Import Result ID: '850953d14ff7799d07c882a90921bf7f') in 0.002 seconds [static and dynamic dependencies]. Details - ImportResultOutputID=93cbc9ff174596ec8b0a265760410a05 DependenciesID=f5f6f2b7e069bf83f5186e096ede7263 StaticDependenciesID=1f8e8cacfd06e3f40482539949240ac3 
Number of updated asset objects reloaded before import = 0
Number of asset objects unloaded after import = 0
========================================================================
Received Import Request.
  Time of request: 2026-10-09T14:09:52.871129Z
  Time since last request: 0.000618985 seconds.
  importAddress: GUID: 64259aeba8ab2c340a3a3a81caebee7d - Path: Packages/com.unity.render-pipelines.core/Editor/Lighting/LightAnchorHandles.cs - Importer: ScriptedImporter/UnityEditor.QuickSearchModule:UnityEditor.Search:ASIAI0B
Importing 'GUID: 64259aeba8ab2c340a3a3a81caebee7d - Path: Packages/com.unity.render-pipelines.core/Editor/Lighting/LightAnchorHandles.cs - Importer: ScriptedImporter/UnityEditor.QuickSearchModule:UnityEditor.Search:ASIAI0B' with importer (ScriptedImporter : UnityEditor.QuickSearchModule:UnityEditor.Search:ASIAI0B)
Imported 'GUID: 64259aeba8ab2c340a3a3a81caebee7d' -> (Import Result ID: '04ca14df02071442d7e13d8b85f354df') in 0.002 seconds [static and dynamic dependencies]. Details - ImportResultOutputID=3ef762500552d12694e8b948ba5c5b17 DependenciesID=b1781d06760aff6de9dcead32c2344b0 StaticDependenciesID=ebe632a3de5b594c01d754dafcf1e46c 
Number of updated asset objects reloaded before import = 0
Number of asset objects unloaded after import = 0
========================================================================
Received Import Request.
  Time of request: 2026-10-09T14:09:52.881026Z
  Time since last request: 0.00033741 seconds.
  importAddress: GUID: f6b878d2c4b3d974db270bab74cd8f18 - Path: Packages/com.unity.render-pipelines.core/Editor/Material/DecalPreferences.cs - Importer: ScriptedImporter/UnityEditor.QuickSearchModule:UnityEditor.Search:ASIAI0B
Importing 'GUID: f6b878d2c4b3d974db270bab74cd8f18 - Path: Packages/com.unity.render-pipelines.core/Editor/Material/DecalPreferences.cs - Importer: ScriptedImporter/UnityEditor.QuickSearchModule:UnityEditor.Search:ASIAI0B' with importer (ScriptedImporter : UnityEditor.QuickSearchModule:UnityEditor.Search:ASIAI0B)
Imported 'GUID: f6b878d2c4b3d974db270bab74cd8f18' -> (Import Result ID: 'd035f3dea3a19d7e07ca3af46c24b742') in 0.001 seconds [static and dynamic dependencies]. Details - ImportResultOutputID=3f3144d6f95e96fe03c8f688ce11ddf2 DependenciesID=fcf399bae1481cda652cab0cef6e2b70 StaticDependenciesID=1377e18407ca5832bd3f696345a19462 
Number of updated asset objects reloaded before import = 0
Number of asset objects unloaded after import = 0
========================================================================
Received Import Request.
  Time of request: 2026-10-09T14:09:52.889594Z
  Time since last request: 0.000465479 seconds.
  importAddress: GUID: 6cf20b5e989565749903509e13e351f6 - Path: Packages/com.unity.render-pipelines.core/Editor/Camera/CameraUI.Rendering.Drawers.cs - Importer: ScriptedImporter/UnityEditor.QuickSearchModule:UnityEditor.Search:ASIAI0B
Importing 'GUID: 6cf20b5e989565749903509e13e351f6 - Path: Packages/com.unity.render-pipelines.core/Editor/Camera/CameraUI.Rendering.Drawers.cs - Importer: ScriptedImporter/UnityEditor.QuickSearchModule:UnityEditor.Search:ASIAI0B' with importer (ScriptedImporter : UnityEditor.QuickSearchModule:UnityEditor.Search:ASIAI0B)
Imported 'GUID: 6cf20b5e989565749903509e13e351f6' -> (Import Result ID: '5dea47113d9ea76e84cc39d48d5f08be') in 0.002 seconds [static and dynamic dependencies]. Details - ImportResultOutputID=28ee1fa5ba4a6a84cdfe6fe90621c23c DependenciesID=34443becd0a1f11bf78ec2709dd5db6a StaticDependenciesID=1dd1e911b9300494855041d0522dbacf 
Number of updated asset objects reloaded before import = 0
Number of asset objects unloaded after import = 0
========================================================================
Received Import Request.
  Time of request: 2026-10-09T14:09:52.898022Z
  Time since last request: 0.000590342 seconds.
  importAddress: GUID: 9aeb57b98b09130459825e3f12b3441f - Path: Packages/com.unity.render-pipelines.core/Editor/Lighting/ProbeVolumeMenuItems.cs - Importer: ScriptedImporter/UnityEditor.QuickSearchModule:UnityEditor.Search:ASIAI0B
Importing 'GUID: 9aeb57b98b09130459825e3f12b3441f - Path: Packages/com.unity.render-pipelines.core/Editor/Lighting/ProbeVolumeMenuItems.cs - Importer: ScriptedImporter/UnityEditor.QuickSearchModule:UnityEditor.Search:ASIAI0B' with importer (ScriptedImporter : UnityEditor.QuickSearchModule:UnityEditor.Search:ASIAI0B)
Imported 'GUID: 9aeb57b98b09130459825e3f12b3441f' -> (Import Result ID: '7a51bdd87cdba2c2cc00a60838e7f84c') in 0.001 seconds [static and dynamic dependencies]. Details - ImportResultOutputID=b7b7668355f246cae9bcb158c2615686 DependenciesID=1de1fa7329ac11118ce934ec86cf3b2f StaticDependenciesID=bbd8ca024165a50e76cd03923f8a2f00 
Number of updated asset objects reloaded before import = 0
Number of asset objects unloaded after import = 0
========================================================================
Received Import Request.
  Time of request: 2026-10-09T14:09:52.905943Z
  Time since last request: 0.000501526 seconds.
  importAddress: GUID: 601dae3a21ff49bab849c25eb27709e1 - Path: Packages/com.unity.render-pipelines.core/Editor/Material/AssetReimportUtils.cs - Importer: ScriptedImporter/UnityEditor.QuickSearchModule:UnityEditor.Search:ASIAI0B
Importing 'GUID: 601dae3a21ff49bab849c25eb27709e1 - Path: Packages/com.unity.render-pipelines.core/Editor/Material/AssetReimportUtils.cs - Importer: ScriptedImporter/UnityEditor.QuickSearchModule:UnityEditor.Search:ASIAI0B' with importer (ScriptedImporter : UnityEditor.QuickSearchModule:UnityEditor.Search:ASIAI0B)
Imported 'GUID: 601dae3a21ff49bab849c25eb27709e1' -> (Import Result ID: 'bdd7ed956d1f65e9ad949230f32f3f53') in 0.001 seconds [static and dynamic dependencies]. Details - ImportResultOutputID=1645aa4426ae6d989954b1b15840a9ae DependenciesID=e6318824be58d3255279fb944e7cc597 StaticDependenciesID=5a5750621a3db2b62df3113b6e3f2879 
Number of updated asset objects reloaded before import = 0
Number of asset objects unloaded after import = 0
========================================================================
Received Import Request.
  Time of request: 2026-10-09T14:09:52.914096Z
  Time since last request: 0.000752275 seconds.
  importAddress: GUID: e7e0182f8c41fea4aaebcffa2915a381 - Path: Packages/com.unity.render-pipelines.core/Editor/Analytics/VolumeProfileUsageAnalytic.cs - Importer: ScriptedImporter/UnityEditor.QuickSearchModule:UnityEditor.Search:ASIAI0B
Importing 'GUID: e7e0182f8c41fea4aaebcffa2915a381 - Path: Packages/com.unity.render-pipelines.core/Editor/Analytics/VolumeProfileUsageAnalytic.cs - Importer: ScriptedImporter/UnityEditor.QuickSearchModule:UnityEditor.Search:ASIAI0B' with importer (ScriptedImporter : UnityEditor.QuickSearchModule:UnityEditor.Search:ASIAI0B)
Imported 'GUID: e7e0182f8c41fea4aaebcffa2915a381' -> (Import Result ID: 'ec0b0359b33c249f0aa4b816f2b156d0') in 0.001 seconds [static and dynamic dependencies]. Details - ImportResultOutputID=3200dd4cfb768e57f9f07d65f2d37572 DependenciesID=cbfa931d76b58f914f978b3f5ddaac1c StaticDependenciesID=01c219b00a04379d54ad551280d26bb3 
Number of updated asset objects reloaded before import = 0
Number of asset objects unloaded after import = 0
========================================================================
Received Import Request.
  Time of request: 2026-10-09T14:09:52.922621Z
  Time since last request: 0.000262871 seconds.
  importAddress: GUID: 3e30261210b9c0040baf9d684f0b3e8d - Path: Packages/com.unity.render-pipelines.core/Editor/Analytics/VolumeProfileOverridesAnalytic.cs - Importer: ScriptedImporter/UnityEditor.QuickSearchModule:UnityEditor.Search:ASIAI0B
Importing 'GUID: 3e30261210b9c0040baf9d684f0b3e8d - Path: Packages/com.unity.render-pipelines.core/Editor/Analytics/VolumeProfileOverridesAnalytic.cs - Importer: ScriptedImporter/UnityEditor.QuickSearchModule:UnityEditor.Search:ASIAI0B' with importer (ScriptedImporter : UnityEditor.QuickSearchModule:UnityEditor.Search:ASIAI0B)
Imported 'GUID: 3e30261210b9c0040baf9d684f0b3e8d' -> (Import Result ID: 'ebdf4e2bcef10688a4cbf7c01a43529f') in 0.001 seconds [static and dynamic dependencies]. Details - ImportResultOutputID=5dae42e2c2d27e5c956347d383dec9ac DependenciesID=6f4efdfc09591d6fae8c52d33bbcb0a8 StaticDependenciesID=66307a2981c481b1fe1f05f58844de09 
Number of updated asset objects reloaded before import = 0
Number of asset objects unloaded after import = 0
========================================================================
Received Import Request.
  Time of request: 2026-10-09T14:09:52.930812Z
  Time since last request: 0.000818158 seconds.
  importAddress: GUID: 57198e360c6d9454b831562cef29b556 - Path: Packages/com.unity.render-pipelines.core/Editor/Lighting/LightUI.Skin.cs - Importer: ScriptedImporter/UnityEditor.QuickSearchModule:UnityEditor.Search:ASIAI0B
Importing 'GUID: 57198e360c6d9454b831562cef29b556 - Path: Packages/com.unity.render-pipelines.core/Editor/Lighting/LightUI.Skin.cs - Importer: ScriptedImporter/UnityEditor.QuickSearchModule:UnityEditor.Search:ASIAI0B' with importer (ScriptedImporter : UnityEditor.QuickSearchModule:UnityEditor.Search:ASIAI0B)
Imported 'GUID: 57198e360c6d9454b831562cef29b556' -> (Import Result ID: '59a4f21224c6faee462752f17a4ab19d') in 0.002 seconds [static and dynamic dependencies]. Details - ImportResultOutputID=8a0204c4970eb27a657db5234aa12f2c DependenciesID=1bb821d2b3fcc91d9d388b3f183e1ff4 StaticDependenciesID=b70972bf75ecb5e521dd0747b9cee9f1 
Number of updated asset objects reloaded before import = 0
Number of asset objects unloaded after import = 0
========================================================================
Received Import Request.
  Time of request: 2026-10-09T14:09:52.939506Z
  Time since last request: 0.000421877 seconds.
  importAddress: GUID: 28e75f38a2dd403448c94e1663867a24 - Path: Packages/com.unity.render-pipelines.core/Editor/Lighting/IESReader.cs - Importer: ScriptedImporter/UnityEditor.QuickSearchModule:UnityEditor.Search:ASIAI0B
Importing 'GUID: 28e75f38a2dd403448c94e1663867a24 - Path: Packages/com.unity.render-pipelines.core/Editor/Lighting/IESReader.cs - Importer: ScriptedImporter/UnityEditor.QuickSearchModule:UnityEditor.Search:ASIAI0B' with importer (ScriptedImporter : UnityEditor.QuickSearchModule:UnityEditor.Search:ASIAI0B)
Imported 'GUID: 28e75f38a2dd403448c94e1663867a24' -> (Import Result ID: '7c6a2e67fa3fca547b4564c53a0630fa') in 0.001 seconds [static and dynamic dependencies]. Details - ImportResultOutputID=d35ac0650786b5f96d0d0fec82dc0d18 DependenciesID=0b2c37cd70950c6acc4b215f7c8a3ad9 StaticDependenciesID=aa8f4487423cb9fa32c36692a4bd146b 
Number of updated asset objects reloaded before import = 0
Number of asset objects unloaded after import = 0
========================================================================
Received Import Request.
  Time of request: 2026-10-09T14:09:52.947721Z
  Time since last request: 0.000280794 seconds.
  importAddress: GUID: 40b2b7ce6c436184b91d2d7ea4ef35ce - Path: Packages/com.unity.render-pipelines.core/Editor/Camera/CameraUI.Environment.Drawers.cs - Importer: ScriptedImporter/UnityEditor.QuickSearchModule:UnityEditor.Search:ASIAI0B
Importing 'GUID: 40b2b7ce6c436184b91d2d7ea4ef35ce - Path: Packages/com.unity.render-pipelines.core/Editor/Camera/CameraUI.Environment.Drawers.cs - Importer: ScriptedImporter/UnityEditor.QuickSearchModule:UnityEditor.Search:ASIAI0B' with importer (ScriptedImporter : UnityEditor.QuickSearchModule:UnityEditor.Search:ASIAI0B)
Imported 'GUID: 40b2b7ce6c436184b91d2d7ea4ef35ce' -> (Import Result ID: 'b246f6cbe0e0f1146cde7b27218dddc6') in 0.002 seconds [static and dynamic dependencies]. Details - ImportResultOutputID=7eea6413cd5b67de287bda01a34f82c3 DependenciesID=9ecf763b1b2480a8bdaffcd23ec1b415 StaticDependenciesID=77e8cd0d3c8f01ba48191f9e4bc05a9e 
Number of updated asset objects reloaded before import = 0
Number of asset objects unloaded after import = 0
========================================================================
Received Import Request.
  Time of request: 2026-10-09T14:09:52.956783Z
  Time since last request: 0.000524659 seconds.
  importAddress: GUID: 5c6068e6e01454142ba896167109475c - Path: Packages/com.unity.render-pipelines.core/Editor/Material/MaterialHeaderScope.cs - Importer: ScriptedImporter/UnityEditor.QuickSearchModule:UnityEditor.Search:ASIAI0B
Importing 'GUID: 5c6068e6e01454142ba896167109475c - Path: Packages/com.unity.render-pipelines.core/Editor/Material/MaterialHeaderScope.cs - Importer: ScriptedImporter/UnityEditor.QuickSearchModule:UnityEditor.Search:ASIAI0B' with importer (ScriptedImporter : UnityEditor.QuickSearchModule:UnityEditor.Search:ASIAI0B)
Imported 'GUID: 5c6068e6e01454142ba896167109475c' -> (Import Result ID: '182d024a1bb3dd5f3e4c2a67bf8ef0a0') in 0.001 seconds [static and dynamic dependencies]. Details - ImportResultOutputID=08d083a733eb58812a468a03788963a5 DependenciesID=d26ec4abe1ec3c731311e7692eb8a90d StaticDependenciesID=7801ff992ee8efabbdcdec670d004baa 
Number of updated asset objects reloaded before import = 0
Number of asset objects unloaded after import = 0
========================================================================
Received Import Request.
  Time of request: 2026-10-09T14:09:52.964527Z
  Time since last request: 0.000441624 seconds.
  importAddress: GUID: 5500b139b5ad27349abf7ca9ddbd6556 - Path: Packages/com.unity.render-pipelines.core/Editor/Lighting/LightAnchorEditorTool.cs - Importer: ScriptedImporter/UnityEditor.QuickSearchModule:UnityEditor.Search:ASIAI0B
Importing 'GUID: 5500b139b5ad27349abf7ca9ddbd6556 - Path: Packages/com.unity.render-pipelines.core/Editor/Lighting/LightAnchorEditorTool.cs - Importer: ScriptedImporter/UnityEditor.QuickSearchModule:UnityEditor.Search:ASIAI0B' with importer (ScriptedImporter : UnityEditor.QuickSearchModule:UnityEditor.Search:ASIAI0B)
Imported 'GUID: 5500b139b5ad27349abf7ca9ddbd6556' -> (Import Result ID: 'b67dd62f97c8cc7d4e34261371248ffe') in 0.001 seconds [static and dynamic dependencies]. Details - ImportResultOutputID=3810077079fa8d12a5232a22a9ebb3d4 DependenciesID=09e1428c8dd7c28aee4a68ebcf46c91c StaticDependenciesID=7cf7f25fc11928753df27d0fa4f532a8 
Number of updated asset objects reloaded before import = 0
Number of asset objects unloaded after import = 0
========================================================================
Received Import Request.
  Time of request: 2026-10-09T14:09:52.974215Z
  Time since last request: 0.000142295 seconds.
  importAddress: GUID: 63524ac66f4f7c044bc3dc991c570e89 - Path: Packages/com.unity.render-pipelines.core/Editor/Lighting/LightUI.Drawers.cs - Importer: ScriptedImporter/UnityEditor.QuickSearchModule:UnityEditor.Search:ASIAI0B
Importing 'GUID: 63524ac66f4f7c044bc3dc991c570e89 - Path: Packages/com.unity.render-pipelines.core/Editor/Lighting/LightUI.Drawers.cs - Importer: ScriptedImporter/UnityEditor.QuickSearchModule:UnityEditor.Search:ASIAI0B' with importer (ScriptedImporter : UnityEditor.QuickSearchModule:UnityEditor.Search:ASIAI0B)
Imported 'GUID: 63524ac66f4f7c044bc3dc991c570e89' -> (Import Result ID: '4ff77994bea3baa0344a4903dc09f86c') in 0.002 seconds [static and dynamic dependencies]. Details - ImportResultOutputID=b6ae08efdbbbe6a46205e37d70a14608 DependenciesID=adcf9a93a0d3ee5baa0ed687d71c0032 StaticDependenciesID=a3422f68261164512494f70fca9db556 
Number of updated asset objects reloaded before import = 0
Number of asset objects unloaded after import = 0
========================================================================
Received Import Request.
  Time of request: 2026-10-09T14:09:52.982299Z
  Time since last request: 0.00026253 seconds.
  importAddress: GUID: cb279d035a8fb402a96ef7d3596f54c8 - Path: Packages/com.unity.render-pipelines.core/Editor/PathTracing/BakeInputSerialization.cs - Importer: ScriptedImporter/UnityEditor.QuickSearchModule:UnityEditor.Search:ASIAI0B
Importing 'GUID: cb279d035a8fb402a96ef7d3596f54c8 - Path: Packages/com.unity.render-pipelines.core/Editor/PathTracing/BakeInputSerialization.cs - Importer: ScriptedImporter/UnityEditor.QuickSearchModule:UnityEditor.Search:ASIAI0B' with importer (ScriptedImporter : UnityEditor.QuickSearchModule:UnityEditor.Search:ASIAI0B)
Imported 'GUID: cb279d035a8fb402a96ef7d3596f54c8' -> (Import Result ID: '72e347069190395b400319a8ac952a11') in 0.002 seconds [static and dynamic dependencies]. Details - ImportResultOutputID=8d3759648b338be880d94df3cf7debd3 DependenciesID=3e4752f6d6ecd9f6c00d53abc974bc87 StaticDependenciesID=d4069ecde2c711b314abaa5ab3a0a815 
Number of updated asset objects reloaded before import = 0
Number of asset objects unloaded after import = 0
========================================================================
Received Import Request.
  Time of request: 2026-10-09T14:09:52.990621Z
  Time since last request: 0.000307995 seconds.
  importAddress: GUID: f82f0aee4a6afa04f86310b233ea3d66 - Path: Packages/com.unity.render-pipelines.core/Editor/Camera/CameraUI.Output.Skin.cs - Importer: ScriptedImporter/UnityEditor.QuickSearchModule:UnityEditor.Search:ASIAI0B
Importing 'GUID: f82f0aee4a6afa04f86310b233ea3d66 - Path: Packages/com.unity.render-pipelines.core/Editor/Camera/CameraUI.Output.Skin.cs - Importer: ScriptedImporter/UnityEditor.QuickSearchModule:UnityEditor.Search:ASIAI0B' with importer (ScriptedImporter : UnityEditor.QuickSearchModule:UnityEditor.Search:ASIAI0B)
Imported 'GUID: f82f0aee4a6afa04f86310b233ea3d66' -> (Import Result ID: 'b65b4bdfceaea0e44d0e012b5acfaa7a') in 0.001 seconds [static and dynamic dependencies]. Details - ImportResultOutputID=b17ea243b690664edfe41732c9829828 DependenciesID=462445b60479b3cb05a310932c25f6fc StaticDependenciesID=3d68ba294af870bffc73ea8fd4b176eb 
Number of updated asset objects reloaded before import = 0
Number of asset objects unloaded after import = 0
========================================================================
Received Import Request.
  Time of request: 2026-10-09T14:09:53.023231Z
  Time since last request: 0.024209461 seconds.
  importAddress: GUID: b8598e63777340dbad41548aeabf81da - Path: Packages/com.unity.render-pipelines.core/Editor/RenderGraph/RenderGraphViewer.SidePanel.cs - Importer: ScriptedImporter/UnityEditor.QuickSearchModule:UnityEditor.Search:ASIAI0B
Importing 'GUID: b8598e63777340dbad41548aeabf81da - Path: Packages/com.unity.render-pipelines.core/Editor/RenderGraph/RenderGraphViewer.SidePanel.cs - Importer: ScriptedImporter/UnityEditor.QuickSearchModule:UnityEditor.Search:ASIAI0B' with importer (ScriptedImporter : UnityEditor.QuickSearchModule:UnityEditor.Search:ASIAI0B)
Imported 'GUID: b8598e63777340dbad41548aeabf81da' -> (Import Result ID: 'd4addc537fca4ec091f75c73ade665a3') in 0.001 seconds [static and dynamic dependencies]. Details - ImportResultOutputID=6d5bcd168c90d444c323f1596988bc90 DependenciesID=4c43a4402e2ab046b6bd51950111380e StaticDependenciesID=1bb55a0f8552320833d2975208a47228 
Number of updated asset objects reloaded before import = 0
Number of asset objects unloaded after import = 0
========================================================================
Received Import Request.
  Time of request: 2026-10-09T14:09:53.031855Z
  Time since last request: 0.00071751 seconds.
  importAddress: GUID: 9149a3cbb036049f68e4e5b6388b9c85 - Path: Packages/com.unity.render-pipelines.core/Editor/PathTracing/Unity.PathTracing.Editor.asmdef - Importer: ScriptedImporter/UnityEditor.QuickSearchModule:UnityEditor.Search:ASIAI0B
Importing 'GUID: 9149a3cbb036049f68e4e5b6388b9c85 - Path: Packages/com.unity.render-pipelines.core/Editor/PathTracing/Unity.PathTracing.Editor.asmdef - Importer: ScriptedImporter/UnityEditor.QuickSearchModule:UnityEditor.Search:ASIAI0B' with importer (ScriptedImporter : UnityEditor.QuickSearchModule:UnityEditor.Search:ASIAI0B)
Imported 'GUID: 9149a3cbb036049f68e4e5b6388b9c85' -> (Import Result ID: 'c89ee11a826137d425497870563a5b50') in 0.002 seconds [static and dynamic dependencies]. Details - ImportResultOutputID=74385f58ac4cffadea41808c22f34f29 DependenciesID=96fb1849d1a63395b9dbd2446c4d9fc1 StaticDependenciesID=6ae0c8b31b5d22460ee8c1b21c1ca4de 
Number of updated asset objects reloaded before import = 0
Number of asset objects unloaded after import = 1
========================================================================
Received Import Request.
  Time of request: 2026-10-09T14:09:53.040378Z
  Time since last request: 0.000611291 seconds.
  importAddress: GUID: cd410e8cdc0119a46a753f48e79c8d07 - Path: Packages/com.unity.render-pipelines.core/Editor/StyleSheets/VolumeEditor.uss - Importer: ScriptedImporter/UnityEditor.QuickSearchModule:UnityEditor.Search:ASIAI0B
Importing 'GUID: cd410e8cdc0119a46a753f48e79c8d07 - Path: Packages/com.unity.render-pipelines.core/Editor/StyleSheets/VolumeEditor.uss - Importer: ScriptedImporter/UnityEditor.QuickSearchModule:UnityEditor.Search:ASIAI0B' with importer (ScriptedImporter : UnityEditor.QuickSearchModule:UnityEditor.Search:ASIAI0B)
Imported 'GUID: cd410e8cdc0119a46a753f48e79c8d07' -> (Import Result ID: 'b4c6ae69dc6b7dacff8380801a5cecbe') in 0.025 seconds [static and dynamic dependencies]. Details - ImportResultOutputID=fabe8e0e24b84ab7a00688042c6b1142 DependenciesID=241ba78b6bed28d506862b60de04d79a StaticDependenciesID=2bd0f41841ddf873ce447c518e56bf9d 
Number of updated asset objects reloaded before import = 0
Number of asset objects unloaded after import = 1
========================================================================
Received Import Request.
  Time of request: 2026-10-09T14:09:53.072778Z
  Time since last request: 0.000217276 seconds.
  importAddress: GUID: 2475d4ff1fb90a64c828b1e6f47e671e - Path: Packages/com.unity.render-pipelines.core/Editor/Utilities/EditorMaterialQuality.cs - Importer: ScriptedImporter/UnityEditor.QuickSearchModule:UnityEditor.Search:ASIAI0B
Importing 'GUID: 2475d4ff1fb90a64c828b1e6f47e671e - Path: Packages/com.unity.render-pipelines.core/Editor/Utilities/EditorMaterialQuality.cs - Importer: ScriptedImporter/UnityEditor.QuickSearchModule:UnityEditor.Search:ASIAI0B' with importer (ScriptedImporter : UnityEditor.QuickSearchModule:UnityEditor.Search:ASIAI0B)
Imported 'GUID: 2475d4ff1fb90a64c828b1e6f47e671e' -> (Import Result ID: 'b23a094489812ed90bc42b8051711be2') in 0.003 seconds [static and dynamic dependencies]. Details - ImportResultOutputID=f6e3ec89844cf07ed0e59e8daf618b90 DependenciesID=006f2d46594a2dfb15587ea83894e684 StaticDependenciesID=9a2ca5df207eae3c85b96e25ebe6ed81 
Number of updated asset objects reloaded before import = 0
Number of asset objects unloaded after import = 0
========================================================================
Received Import Request.
  Time of request: 2026-10-09T14:09:53.083186Z
  Time since last request: 0.000220321 seconds.
  importAddress: GUID: 42d537a8a4089e448a99fc57a06d74a9 - Path: Packages/com.unity.render-pipelines.core/Editor/UnifiedRayTracing/UnifiedRTShaderImporter.cs - Importer: ScriptedImporter/UnityEditor.QuickSearchModule:UnityEditor.Search:ASIAI0B
Importing 'GUID: 42d537a8a4089e448a99fc57a06d74a9 - Path: Packages/com.unity.render-pipelines.core/Editor/UnifiedRayTracing/UnifiedRTShaderImporter.cs - Importer: ScriptedImporter/UnityEditor.QuickSearchModule:UnityEditor.Search:ASIAI0B' with importer (ScriptedImporter : UnityEditor.QuickSearchModule:UnityEditor.Search:ASIAI0B)
Imported 'GUID: 42d537a8a4089e448a99fc57a06d74a9' -> (Import Result ID: '2a9e67f9895f82f85357e092a0abb988') in 0.001 seconds [static and dynamic dependencies]. Details - ImportResultOutputID=dc3bee6407486ef367ca69bf6d8d836c DependenciesID=22dbfe7bf4ea00d5d133d1e98e30ac0b StaticDependenciesID=38f9c2eee258e615f790f78c8faea6c0 
Number of updated asset objects reloaded before import = 0
Number of asset objects unloaded after import = 0
========================================================================
Received Import Request.
  Time of request: 2026-10-09T14:09:53.091359Z
  Time since last request: 0.000165559 seconds.
  importAddress: GUID: 7040da56d9fb04348885577a35fc0706 - Path: Packages/com.unity.render-pipelines.core/Editor/ShaderGenerator/ShaderTypeGeneration.cs - Importer: ScriptedImporter/UnityEditor.QuickSearchModule:UnityEditor.Search:ASIAI0B
Importing 'GUID: 7040da56d9fb04348885577a35fc0706 - Path: Packages/com.unity.render-pipelines.core/Editor/ShaderGenerator/ShaderTypeGeneration.cs - Importer: ScriptedImporter/UnityEditor.QuickSearchModule:UnityEditor.Search:ASIAI0B' with importer (ScriptedImporter : UnityEditor.QuickSearchModule:UnityEditor.Search:ASIAI0B)
Imported 'GUID: 7040da56d9fb04348885577a35fc0706' -> (Import Result ID: '6e28e8184f7636de56afb2ac3fb859fe') in 0.001 seconds [static and dynamic dependencies]. Details - ImportResultOutputID=a7964bf21f9086fd6da3eebd8acc2783 DependenciesID=e873934985ff7deeb8cf498b277db1f1 StaticDependenciesID=a7ab05a1b263652003695f9fb3a2532d 
Number of updated asset objects reloaded before import = 0
Number of asset objects unloaded after import = 0
========================================================================
Received Import Request.
  Time of request: 2026-10-09T14:09:53.099906Z
  Time since last request: 0.000344183 seconds.
  importAddress: GUID: a1fab0dc8c5b451b9f19f59612b24987 - Path: Packages/com.unity.render-pipelines.core/Editor/RenderGraph/RenderGraphEditorLocalDebugSession.cs - Importer: ScriptedImporter/UnityEditor.QuickSearchModule:UnityEditor.Search:ASIAI0B
Importing 'GUID: a1fab0dc8c5b451b9f19f59612b24987 - Path: Packages/com.unity.render-pipelines.core/Editor/RenderGraph/RenderGraphEditorLocalDebugSession.cs - Importer: ScriptedImporter/UnityEditor.QuickSearchModule:UnityEditor.Search:ASIAI0B' with importer (ScriptedImporter : UnityEditor.QuickSearchModule:UnityEditor.Search:ASIAI0B)
Imported 'GUID: a1fab0dc8c5b451b9f19f59612b24987' -> (Import Result ID: '3d332cbe7cf82efb3de306d83cd1cf6b') in 0.002 seconds [static and dynamic dependencies]. Details - ImportResultOutputID=100a232cd4a23dcdff42392d2ab0bf93 DependenciesID=0c99cafc5197b1a5abd57191b320d8ca StaticDependenciesID=7f79a7dfab441d4529af0f0f0da0ff90 
Number of updated asset objects reloaded before import = 0
Number of asset objects unloaded after import = 0
========================================================================
Received Import Request.
  Time of request: 2026-10-09T14:09:53.108865Z
  Time since last request: 0.000249676 seconds.
  importAddress: GUID: dc364c42ee0194a4cace7e9e86e0b9dc - Path: Packages/com.unity.render-pipelines.core/Editor/StyleSheets/HeaderFoldoutLight.uss - Importer: ScriptedImporter/UnityEditor.QuickSearchModule:UnityEditor.Search:ASIAI0B
Importing 'GUID: dc364c42ee0194a4cace7e9e86e0b9dc - Path: Packages/com.unity.render-pipelines.core/Editor/StyleSheets/HeaderFoldoutLight.uss - Importer: ScriptedImporter/UnityEditor.QuickSearchModule:UnityEditor.Search:ASIAI0B' with importer (ScriptedImporter : UnityEditor.QuickSearchModule:UnityEditor.Search:ASIAI0B)
Imported 'GUID: dc364c42ee0194a4cace7e9e86e0b9dc' -> (Import Result ID: '941e375fa8fcd2f5d2988b94a66e5953') in 0.003 seconds [static and dynamic dependencies]. Details - ImportResultOutputID=5c18d213a7bbae84d2461e67b0110062 DependenciesID=dea26bc7fe9f459ddc5e80389dd9a8f7 StaticDependenciesID=dd8b5db5744c8e445be8fddc17bd6743 
Number of updated asset objects reloaded before import = 0
Number of asset objects unloaded after import = 1
========================================================================
Received Import Request.
  Time of request: 2026-10-09T14:09:53.119835Z
  Time since last request: 0.000206476 seconds.
  importAddress: GUID: 8147550de37fb934ca443edbf044e01e - Path: Packages/com.unity.render-pipelines.core/Editor/PostProcessing/LensFlareComponentSRPEditor.cs - Importer: ScriptedImporter/UnityEditor.QuickSearchModule:UnityEditor.Search:ASIAI0B
Importing 'GUID: 8147550de37fb934ca443edbf044e01e - Path: Packages/com.unity.render-pipelines.core/Editor/PostProcessing/LensFlareComponentSRPEditor.cs - Importer: ScriptedImporter/UnityEditor.QuickSearchModule:UnityEditor.Search:ASIAI0B' with importer (ScriptedImporter : UnityEditor.QuickSearchModule:UnityEditor.Search:ASIAI0B)
Imported 'GUID: 8147550de37fb934ca443edbf044e01e' -> (Import Result ID: 'b149188a0f3447c16a6bce1d861f88f2') in 0.001 seconds [static and dynamic dependencies]. Details - ImportResultOutputID=1241af30bc092328265f955b613fc7f2 DependenciesID=954f780d62d245b9c474794e997a72c8 StaticDependenciesID=e526ec38cb8c0bbef8ad564c8c4567b4 
Number of updated asset objects reloaded before import = 0
Number of asset objects unloaded after import = 0
========================================================================
Received Import Request.
  Time of request: 2026-10-09T14:09:53.127249Z
  Time since last request: 0.000168635 seconds.
  importAddress: GUID: 84ea5d606d0d22a488a9047cff058078 - Path: Packages/com.unity.render-pipelines.core/Editor/RenderGraph/RenderGraphViewer.cs - Importer: ScriptedImporter/UnityEditor.QuickSearchModule:UnityEditor.Search:ASIAI0B
Importing 'GUID: 84ea5d606d0d22a488a9047cff058078 - Path: Packages/com.unity.render-pipelines.core/Editor/RenderGraph/RenderGraphViewer.cs - Importer: ScriptedImporter/UnityEditor.QuickSearchModule:UnityEditor.Search:ASIAI0B' with importer (ScriptedImporter : UnityEditor.QuickSearchModule:UnityEditor.Search:ASIAI0B)
Imported 'GUID: 84ea5d606d0d22a488a9047cff058078' -> (Import Result ID: 'fc438591e3101abb9886a304ef9d54be') in 0.001 seconds [static and dynamic dependencies]. Details - ImportResultOutputID=0ac497343c5c220f781c340c9bb96ba5 DependenciesID=fef6960cbef48194812299c541963c08 StaticDependenciesID=8d2ee252d6e5892b5abe9d12d486021f 
Number of updated asset objects reloaded before import = 0
Number of asset objects unloaded after import = 0
========================================================================
Received Import Request.
  Time of request: 2026-10-09T14:09:53.135979Z
  Time since last request: 0.0002409 seconds.
  importAddress: GUID: 00387952e4f43ec45a9084e579a44e4e - Path: Packages/com.unity.render-pipelines.core/Editor/UXML/RenderGraphViewer.uxml - Importer: ScriptedImporter/UnityEditor.QuickSearchModule:UnityEditor.Search:ASIAI0B
Importing 'GUID: 00387952e4f43ec45a9084e579a44e4e - Path: Packages/com.unity.render-pipelines.core/Editor/UXML/RenderGraphViewer.uxml - Importer: ScriptedImporter/UnityEditor.QuickSearchModule:UnityEditor.Search:ASIAI0B' with importer (ScriptedImporter : UnityEditor.QuickSearchModule:UnityEditor.Search:ASIAI0B)
Imported 'GUID: 00387952e4f43ec45a9084e579a44e4e' -> (Import Result ID: '6ff9a4962f1833b98584fef4fb747135') in 0.058 seconds [static and dynamic dependencies]. Details - ImportResultOutputID=77954fc0575b0be85d17589dfd89821c DependenciesID=6ad723595f76dfe3f59da85733c9a619 StaticDependenciesID=140b11c33787ae9e9cb4bf5ad22ec806 
Number of updated asset objects reloaded before import = 0
Number of asset objects unloaded after import = 4
========================================================================
Received Import Request.
  Time of request: 2026-10-09T14:09:53.216913Z
  Time since last request: 0.016433756 seconds.
  importAddress: GUID: d8ce10b4215bd81438b65f7e23ac0946 - Path: Packages/com.unity.render-pipelines.core/Editor/Volume/VolumeParameterDrawer.cs - Importer: ScriptedImporter/UnityEditor.QuickSearchModule:UnityEditor.Search:ASIAI0B
Importing 'GUID: d8ce10b4215bd81438b65f7e23ac0946 - Path: Packages/com.unity.render-pipelines.core/Editor/Volume/VolumeParameterDrawer.cs - Importer: ScriptedImporter/UnityEditor.QuickSearchModule:UnityEditor.Search:ASIAI0B' with importer (ScriptedImporter : UnityEditor.QuickSearchModule:UnityEditor.Search:ASIAI0B)
Imported 'GUID: d8ce10b4215bd81438b65f7e23ac0946' -> (Import Result ID: 'c80b7433c9c6d6097d935b27f6c8f238') in 0.001 seconds [static and dynamic dependencies]. Details - ImportResultOutputID=e2ae9fa3c96bb1a47b77658e5fc43bcc DependenciesID=eb1f4c45f2c63f138fe1b64085396164 StaticDependenciesID=d81214e61075ca5d6282f323396ada4e 
Number of updated asset objects reloaded before import = 0
Number of asset objects unloaded after import = 0
========================================================================
Received Import Request.
  Time of request: 2026-10-09T14:09:53.226084Z
  Time since last request: 0.000305299 seconds.
  importAddress: GUID: f4cce54895670bb4894d26f27e71ba26 - Path: Packages/com.unity.render-pipelines.core/Runtime/Common/DynamicArray.cs - Importer: ScriptedImporter/UnityEditor.QuickSearchModule:UnityEditor.Search:ASIAI0B
Importing 'GUID: f4cce54895670bb4894d26f27e71ba26 - Path: Packages/com.unity.render-pipelines.core/Runtime/Common/DynamicArray.cs - Importer: ScriptedImporter/UnityEditor.QuickSearchModule:UnityEditor.Search:ASIAI0B' with importer (ScriptedImporter : UnityEditor.QuickSearchModule:UnityEditor.Search:ASIAI0B)
Imported 'GUID: f4cce54895670bb4894d26f27e71ba26' -> (Import Result ID: '0b1fd121d2b12fed4d65b2a67233aad9') in 0.002 seconds [static and dynamic dependencies]. Details - ImportResultOutputID=a4e1a6e8798fbbf10908f9dc892e77fa DependenciesID=7bbc256b0bc4d297fa1433bad824b56b StaticDependenciesID=c9e94f11c2c017aa4ab3e330843878bc 
Number of updated asset objects reloaded before import = 0
Number of asset objects unloaded after import = 0
========================================================================
Received Import Request.
  Time of request: 2026-10-09T14:09:53.234109Z
  Time since last request: 0.000468023 seconds.
  importAddress: GUID: 77e120f60a14491ca38ed1ae80b4cfb8 - Path: Packages/com.unity.render-pipelines.core/Runtime/Common/ReloadGroupAttribute.cs - Importer: ScriptedImporter/UnityEditor.QuickSearchModule:UnityEditor.Search:ASIAI0B
Importing 'GUID: 77e120f60a14491ca38ed1ae80b4cfb8 - Path: Packages/com.unity.render-pipelines.core/Runtime/Common/ReloadGroupAttribute.cs - Importer: ScriptedImporter/UnityEditor.QuickSearchModule:UnityEditor.Search:ASIAI0B' with importer (ScriptedImporter : UnityEditor.QuickSearchModule:UnityEditor.Search:ASIAI0B)
Imported 'GUID: 77e120f60a14491ca38ed1ae80b4cfb8' -> (Import Result ID: '71ae2a4077fce7a3434443a108ba5d3c') in 0.001 seconds [static and dynamic dependencies]. Details - ImportResultOutputID=093da952f719bdf04f401223dd09e344 DependenciesID=05fde2a0dfabf108917ae4816a837f09 StaticDependenciesID=9ed88e21d9ef6dc93c53139bd62dc879 
Number of updated asset objects reloaded before import = 0
Number of asset objects unloaded after import = 0
========================================================================
Received Import Request.
  Time of request: 2026-10-09T14:09:53.242746Z
  Time since last request: 0.000224599 seconds.
  importAddress: GUID: ff0586f694b524faead0c7e66b5cc05b - Path: Packages/com.unity.render-pipelines.core/Runtime/CommandBuffers/IUnsafeCommandBuffer.cs - Importer: ScriptedImporter/UnityEditor.QuickSearchModule:UnityEditor.Search:ASIAI0B
Importing 'GUID: ff0586f694b524faead0c7e66b5cc05b - Path: Packages/com.unity.render-pipelines.core/Runtime/CommandBuffers/IUnsafeCommandBuffer.cs - Importer: ScriptedImporter/UnityEditor.QuickSearchModule:UnityEditor.Search:ASIAI0B' with importer (ScriptedImporter : UnityEditor.QuickSearchModule:UnityEditor.Search:ASIAI0B)
Imported 'GUID: ff0586f694b524faead0c7e66b5cc05b' -> (Import Result ID: 'ce65d4c54d1027924d4345cff63a93a1') in 0.002 seconds [static and dynamic dependencies]. Details - ImportResultOutputID=71cb38449f10d1dbc1aba76ff151f56f DependenciesID=fab8901a33228a96bb05195f371de606 StaticDependenciesID=d2cfa3a7fb1932365bf2b2f2733ef47c 
Number of updated asset objects reloaded before import = 0
Number of asset objects unloaded after import = 0
========================================================================
Received Import Request.
  Time of request: 2026-10-09T14:09:53.251529Z
  Time since last request: 0.000302976 seconds.
  importAddress: GUID: 7d7e09e271ad3fd4c9ceb1873a5fb59e - Path: Packages/com.unity.render-pipelines.core/Editor/Volume/VolumeComponentProvider.cs - Importer: ScriptedImporter/UnityEditor.QuickSearchModule:UnityEditor.Search:ASIAI0B
Importing 'GUID: 7d7e09e271ad3fd4c9ceb1873a5fb59e - Path: Packages/com.unity.render-pipelines.core/Editor/Volume/VolumeComponentProvider.cs - Importer: ScriptedImporter/UnityEditor.QuickSearchModule:UnityEditor.Search:ASIAI0B' with importer (ScriptedImporter : UnityEditor.QuickSearchModule:UnityEditor.Search:ASIAI0B)
Imported 'GUID: 7d7e09e271ad3fd4c9ceb1873a5fb59e' -> (Import Result ID: '3f5b3ee13e8ab65f31684a0ae3ea4b29') in 0.001 seconds [static and dynamic dependencies]. Details - ImportResultOutputID=e72b94709863e0071639676e621d0026 DependenciesID=7c1131e71d1c34051271d46b6d01753f StaticDependenciesID=8e15c3de7291cd52b5880b595d3f3ea1 
Number of updated asset objects reloaded before import = 0
Number of asset objects unloaded after import = 0
========================================================================
Received Import Request.
  Time of request: 2026-10-09T14:09:53.260963Z
  Time since last request: 0.00035931 seconds.
  importAddress: GUID: 27f2759742fe50d4fa55a384fd18e06b - Path: Packages/com.unity.render-pipelines.core/Editor/Volume/VolumesPreferences.cs - Importer: ScriptedImporter/UnityEditor.QuickSearchModule:UnityEditor.Search:ASIAI0B
Importing 'GUID: 27f2759742fe50d4fa55a384fd18e06b - Path: Packages/com.unity.render-pipelines.core/Editor/Volume/VolumesPreferences.cs - Importer: ScriptedImporter/UnityEditor.QuickSearchModule:UnityEditor.Search:ASIAI0B' with importer (ScriptedImporter : UnityEditor.QuickSearchModule:UnityEditor.Search:ASIAI0B)
Imported 'GUID: 27f2759742fe50d4fa55a384fd18e06b' -> (Import Result ID: '12c4a9a049b31053db02d16963ecdf8b') in 0.002 seconds [static and dynamic dependencies]. Details - ImportResultOutputID=21147c7b9b1e1579336c8f0fc525867f DependenciesID=8357c7add9dbd2535aca6ad5a68061c3 StaticDependenciesID=b08119253daa02839a41b19afc06c0b3 
Number of updated asset objects reloaded before import = 0
Number of asset objects unloaded after import = 0
========================================================================
Received Import Request.
  Time of request: 2026-10-09T14:09:53.26969Z
  Time since last request: 0.000354642 seconds.
  importAddress: GUID: be7a7d4a589240ca90e5fa75520baf83 - Path: Packages/com.unity.render-pipelines.core/Editor/Utilities/LocalizationHelper.cs - Importer: ScriptedImporter/UnityEditor.QuickSearchModule:UnityEditor.Search:ASIAI0B
Importing 'GUID: be7a7d4a589240ca90e5fa75520baf83 - Path: Packages/com.unity.render-pipelines.core/Editor/Utilities/LocalizationHelper.cs - Importer: ScriptedImporter/UnityEditor.QuickSearchModule:UnityEditor.Search:ASIAI0B' with importer (ScriptedImporter : UnityEditor.QuickSearchModule:UnityEditor.Search:ASIAI0B)
Imported 'GUID: be7a7d4a589240ca90e5fa75520baf83' -> (Import Result ID: '833468ae8675cf08fae50bd0b182d6a2') in 0.001 seconds [static and dynamic dependencies]. Details - ImportResultOutputID=d156ca335328b83196132b9ac8c5734e DependenciesID=d1a297dfacf46acd0ccda3c75d8fd198 StaticDependenciesID=4ac114e7e341a61c31c533ead792545a 
Number of updated asset objects reloaded before import = 0
Number of asset objects unloaded after import = 0
========================================================================
Received Import Request.
  Time of request: 2026-10-09T14:09:53.278961Z
  Time since last request: 0.0003109 seconds.
  importAddress: GUID: 6ad0ab18133a3b54ebaba4af2b423f17 - Path: Packages/com.unity.render-pipelines.core/Editor/Utilities/SerializedBitArray.deprecated.cs - Importer: ScriptedImporter/UnityEditor.QuickSearchModule:UnityEditor.Search:ASIAI0B
Importing 'GUID: 6ad0ab18133a3b54ebaba4af2b423f17 - Path: Packages/com.unity.render-pipelines.core/Editor/Utilities/SerializedBitArray.deprecated.cs - Importer: ScriptedImporter/UnityEditor.QuickSearchModule:UnityEditor.Search:ASIAI0B' with importer (ScriptedImporter : UnityEditor.QuickSearchModule:UnityEditor.Search:ASIAI0B)
Imported 'GUID: 6ad0ab18133a3b54ebaba4af2b423f17' -> (Import Result ID: '1ea6698ef3cba84a6cb00560470941dd') in 0.002 seconds [static and dynamic dependencies]. Details - ImportResultOutputID=24fc1a8543c70f3313f3ee191306c6ab DependenciesID=2b65346489ac288f9dd7ac8f2909d333 StaticDependenciesID=ba02cd248a4990669302380f324b5e03 
Number of updated asset objects reloaded before import = 0
Number of asset objects unloaded after import = 0
========================================================================
Received Import Request.
  Time of request: 2026-10-09T14:09:53.288168Z
  Time since last request: 0.000281074 seconds.
  importAddress: GUID: 5ff37ac5eaefe9e42bcd04b4ebba753e - Path: Packages/com.unity.render-pipelines.core/Runtime/CommandBuffers/RasterCommandBuffer.cs - Importer: ScriptedImporter/UnityEditor.QuickSearchModule:UnityEditor.Search:ASIAI0B
Importing 'GUID: 5ff37ac5eaefe9e42bcd04b4ebba753e - Path: Packages/com.unity.render-pipelines.core/Runtime/CommandBuffers/RasterCommandBuffer.cs - Importer: ScriptedImporter/UnityEditor.QuickSearchModule:UnityEditor.Search:ASIAI0B' with importer (ScriptedImporter : UnityEditor.QuickSearchModule:UnityEditor.Search:ASIAI0B)
Imported 'GUID: 5ff37ac5eaefe9e42bcd04b4ebba753e' -> (Import Result ID: '966479c50c49dbdd38fc1e04114c015a') in 0.001 seconds [static and dynamic dependencies]. Details - ImportResultOutputID=90484759abf105839d4b267d0ed9aa04 DependenciesID=c27e21f9972593686500ac5370d02a8a StaticDependenciesID=1bbfb30e17f0483d86c5180376e87e05 
Number of updated asset objects reloaded before import = 0
Number of asset objects unloaded after import = 0
========================================================================
Received Import Request.
  Time of request: 2026-10-09T14:09:53.298165Z
  Time since last request: 0.000261959 seconds.
  importAddress: GUID: bc85748f0cef607499e03b46e3846ebd - Path: Packages/com.unity.render-pipelines.core/Runtime/Common/CommandBufferPool.cs - Importer: ScriptedImporter/UnityEditor.QuickSearchModule:UnityEditor.Search:ASIAI0B
Importing 'GUID: bc85748f0cef607499e03b46e3846ebd - Path: Packages/com.unity.render-pipelines.core/Runtime/Common/CommandBufferPool.cs - Importer: ScriptedImporter/UnityEditor.QuickSearchModule:UnityEditor.Search:ASIAI0B' with importer (ScriptedImporter : UnityEditor.QuickSearchModule:UnityEditor.Search:ASIAI0B)
Imported 'GUID: bc85748f0cef607499e03b46e3846ebd' -> (Import Result ID: '2781b9387233a304db795792e8a0a707') in 0.001 seconds [static and dynamic dependencies]. Details - ImportResultOutputID=754732d6140e1678312f5689ea82d098 DependenciesID=9ed343d82442b08eb3a5b0ad609db2a3 StaticDependenciesID=178239dd7ed9087d574a4965cf3c21cd 
Number of updated asset objects reloaded before import = 0
Number of asset objects unloaded after import = 0
========================================================================
Received Import Request.
  Time of request: 2026-10-09T14:09:53.307359Z
  Time since last request: 0.00031611 seconds.
  importAddress: GUID: c809a62d5133434283a678284bde6334 - Path: Packages/com.unity.render-pipelines.core/Runtime/Common/Observable.cs - Importer: ScriptedImporter/UnityEditor.QuickSearchModule:UnityEditor.Search:ASIAI0B
Importing 'GUID: c809a62d5133434283a678284bde6334 - Path: Packages/com.unity.render-pipelines.core/Runtime/Common/Observable.cs - Importer: ScriptedImporter/UnityEditor.QuickSearchModule:UnityEditor.Search:ASIAI0B' with importer (ScriptedImporter : UnityEditor.QuickSearchModule:UnityEditor.Search:ASIAI0B)
Imported 'GUID: c809a62d5133434283a678284bde6334' -> (Import Result ID: '72d88b0a92b373662ed9e2890c9587b7') in 0.001 seconds [static and dynamic dependencies]. Details - ImportResultOutputID=200034c5d721ac21f47b0ef5f00cbf3c DependenciesID=810d8f8d644d294e4faa789e6499bb43 StaticDependenciesID=23417d06f9b45b1088ab38120ba1bf88 
Number of updated asset objects reloaded before import = 0
Number of asset objects unloaded after import = 0
========================================================================
Received Import Request.
  Time of request: 2026-10-09T14:09:53.316612Z
  Time since last request: 0.000466161 seconds.
  importAddress: GUID: fa6940bea9f1edf4ea661175c511ca11 - Path: Packages/com.unity.render-pipelines.core/Runtime/Common/ObjectPools.cs - Importer: ScriptedImporter/UnityEditor.QuickSearchModule:UnityEditor.Search:ASIAI0B
Importing 'GUID: fa6940bea9f1edf4ea661175c511ca11 - Path: Packages/com.unity.render-pipelines.core/Runtime/Common/ObjectPools.cs - Importer: ScriptedImporter/UnityEditor.QuickSearchModule:UnityEditor.Search:ASIAI0B' with importer (ScriptedImporter : UnityEditor.QuickSearchModule:UnityEditor.Search:ASIAI0B)
Imported 'GUID: fa6940bea9f1edf4ea661175c511ca11' -> (Import Result ID: '19dd9e53765c6d9650d816c5179f9f28') in 0.002 seconds [static and dynamic dependencies]. Details - ImportResultOutputID=65660e1597e3da5a7ada74aa8d571047 DependenciesID=f1606f490f564cb62d372fc0660d9007 StaticDependenciesID=6c6a40503367337f1d850f26510d2439 
Number of updated asset objects reloaded before import = 0
Number of asset objects unloaded after import = 0
========================================================================
Received Import Request.
  Time of request: 2026-10-09T14:09:53.324669Z
  Time since last request: 0.000147155 seconds.
  importAddress: GUID: 77e4433a29bc5b547a429fcd8552c691 - Path: Packages/com.unity.render-pipelines.core/Editor/Volume/VolumeProfileEditor.cs - Importer: ScriptedImporter/UnityEditor.QuickSearchModule:UnityEditor.Search:ASIAI0B
Importing 'GUID: 77e4433a29bc5b547a429fcd8552c691 - Path: Packages/com.unity.render-pipelines.core/Editor/Volume/VolumeProfileEditor.cs - Importer: ScriptedImporter/UnityEditor.QuickSearchModule:UnityEditor.Search:ASIAI0B' with importer (ScriptedImporter : UnityEditor.QuickSearchModule:UnityEditor.Search:ASIAI0B)
Imported 'GUID: 77e4433a29bc5b547a429fcd8552c691' -> (Import Result ID: '162b596ee505000b21e83b0e7f566edb') in 0.003 seconds [static and dynamic dependencies]. Details - ImportResultOutputID=f012e0be60445b8b8f8a839e1185e97c DependenciesID=3d8f55e8a01a45df4c421cf2120c120b StaticDependenciesID=a5dfd0ab9ba3d792efa11cdf12ea8f68 
Number of updated asset objects reloaded before import = 0
Number of asset objects unloaded after import = 0
========================================================================
Received Import Request.
  Time of request: 2026-10-09T14:09:53.335124Z
  Time since last request: 0.000243134 seconds.
  importAddress: GUID: 43b290740b0e7c34ea95e0fd8b38eb68 - Path: Packages/com.unity.render-pipelines.core/Runtime/Common/DynamicResolutionHandler.cs - Importer: ScriptedImporter/UnityEditor.QuickSearchModule:UnityEditor.Search:ASIAI0B
Importing 'GUID: 43b290740b0e7c34ea95e0fd8b38eb68 - Path: Packages/com.unity.render-pipelines.core/Runtime/Common/DynamicResolutionHandler.cs - Importer: ScriptedImporter/UnityEditor.QuickSearchModule:UnityEditor.Search:ASIAI0B' with importer (ScriptedImporter : UnityEditor.QuickSearchModule:UnityEditor.Search:ASIAI0B)
Imported 'GUID: 43b290740b0e7c34ea95e0fd8b38eb68' -> (Import Result ID: '36e2397d63cabd21770638b132b253fd') in 0.001 seconds [static and dynamic dependencies]. Details - ImportResultOutputID=facd540a1d6aa087994ab31dfc4e20a9 DependenciesID=879a67b938307c803920b05e8f84a519 StaticDependenciesID=5d7114641731db60a8f69a1a8b9a9217 
Number of updated asset objects reloaded before import = 0
Number of asset objects unloaded after import = 0
========================================================================
Received Import Request.
  Time of request: 2026-10-09T14:09:53.343844Z
  Time since last request: 0.000332961 seconds.
  importAddress: GUID: 73fe53b428c5b3440b7e87ee830b608a - Path: Packages/com.unity.render-pipelines.core/Runtime/Debug/ProbeVolumeNumbersDisplayTex.png - Importer: ScriptedImporter/UnityEditor.QuickSearchModule:UnityEditor.Search:ASIAI0B
Importing 'GUID: 73fe53b428c5b3440b7e87ee830b608a - Path: Packages/com.unity.render-pipelines.core/Runtime/Debug/ProbeVolumeNumbersDisplayTex.png - Importer: ScriptedImporter/UnityEditor.QuickSearchModule:UnityEditor.Search:ASIAI0B' with importer (ScriptedImporter : UnityEditor.QuickSearchModule:UnityEditor.Search:ASIAI0B)
Imported 'GUID: 73fe53b428c5b3440b7e87ee830b608a' -> (Import Result ID: 'c74f26eb72f1556abbd710d4c7845517') in 0.003 seconds [static and dynamic dependencies]. Details - ImportResultOutputID=51f6ede54ed3ac0f48f77b20671c3385 DependenciesID=3a5e0b1802ba97211051bca5ba0ad23e StaticDependenciesID=2a76e6f40ff24a9c999e559445c6b83f 
Number of updated asset objects reloaded before import = 0
Number of asset objects unloaded after import = 1
========================================================================
Received Import Request.
  Time of request: 2026-10-09T14:09:53.354506Z
  Time since last request: 0.000261868 seconds.
  importAddress: GUID: 3a80877c579b9144ebdcc6d923bca303 - Path: Packages/com.unity.render-pipelines.core/Runtime/Debug/ProbeVolumeFragmentationDebug.shader - Importer: ScriptedImporter/UnityEditor.QuickSearchModule:UnityEditor.Search:ASIAI0B
Importing 'GUID: 3a80877c579b9144ebdcc6d923bca303 - Path: Packages/com.unity.render-pipelines.core/Runtime/Debug/ProbeVolumeFragmentationDebug.shader - Importer: ScriptedImporter/UnityEditor.QuickSearchModule:UnityEditor.Search:ASIAI0B' with importer (ScriptedImporter : UnityEditor.QuickSearchModule:UnityEditor.Search:ASIAI0B)
Imported 'GUID: 3a80877c579b9144ebdcc6d923bca303' -> (Import Result ID: '7dc1f0d8a5418ef96863176fc29c8858') in 0.005 seconds [static and dynamic dependencies]. Details - ImportResultOutputID=3af9af99ab17c1eb80b34644149fb8b6 DependenciesID=937228e4a736922bd40e6f152512bc0f StaticDependenciesID=13a8c666314af9f153bb86dee5a0db76 
Number of updated asset objects reloaded before import = 0
Number of asset objects unloaded after import = 1
========================================================================
Received Import Request.
  Time of request: 2026-10-09T14:09:53.376762Z
  Time since last request: 0.010482608 seconds.
  importAddress: GUID: 987617381d0b4ad4fafa9f3ab3ae5fb4 - Path: Packages/com.unity.render-pipelines.core/Runtime/Debugging/DebugDisplaySettingsVolumes.cs - Importer: ScriptedImporter/UnityEditor.QuickSearchModule:UnityEditor.Search:ASIAI0B
Importing 'GUID: 987617381d0b4ad4fafa9f3ab3ae5fb4 - Path: Packages/com.unity.render-pipelines.core/Runtime/Debugging/DebugDisplaySettingsVolumes.cs - Importer: ScriptedImporter/UnityEditor.QuickSearchModule:UnityEditor.Search:ASIAI0B' with importer (ScriptedImporter : UnityEditor.QuickSearchModule:UnityEditor.Search:ASIAI0B)
Imported 'GUID: 987617381d0b4ad4fafa9f3ab3ae5fb4' -> (Import Result ID: '889c773b7aaf990844246eace23c15ed') in 0.001 seconds [static and dynamic dependencies]. Details - ImportResultOutputID=f973249311b442e92f4a557b2af3ebf9 DependenciesID=e47661cd5503887bc49985bbb46d35d6 StaticDependenciesID=6a7274fabaf52a91eb496fc97fd6a524 
Number of updated asset objects reloaded before import = 0
Number of asset objects unloaded after import = 0
========================================================================
Received Import Request.
  Time of request: 2026-10-09T14:09:53.385971Z
  Time since last request: 0.000189644 seconds.
  importAddress: GUID: 2885097eeb355a54ea56dc5b842d3469 - Path: Packages/com.unity.render-pipelines.core/Runtime/GPUDriven/BatchLayers.cs - Importer: ScriptedImporter/UnityEditor.QuickSearchModule:UnityEditor.Search:ASIAI0B
Importing 'GUID: 2885097eeb355a54ea56dc5b842d3469 - Path: Packages/com.unity.render-pipelines.core/Runtime/GPUDriven/BatchLayers.cs - Importer: ScriptedImporter/UnityEditor.QuickSearchModule:UnityEditor.Search:ASIAI0B' with importer (ScriptedImporter : UnityEditor.QuickSearchModule:UnityEditor.Search:ASIAI0B)
Imported 'GUID: 2885097eeb355a54ea56dc5b842d3469' -> (Import Result ID: '03561b4d93926af5a476aac278a10ed6') in 0.001 seconds [static and dynamic dependencies]. Details - ImportResultOutputID=4b358320757dd8d31c515bd57fa8e1fd DependenciesID=35249d6759aa381bbda23b6e6e63320e StaticDependenciesID=45893cb51242a4e3a633064d3b63d165 
Number of updated asset objects reloaded before import = 0
Number of asset objects unloaded after import = 0
========================================================================
Received Import Request.
  Time of request: 2026-10-09T14:09:53.394204Z
  Time since last request: 0.000566998 seconds.
  importAddress: GUID: 3a99bcf1786a473e87ec8fb420401e52 - Path: Packages/com.unity.render-pipelines.core/Runtime/Debugging/DebugManager.SchedulerTracker.cs - Importer: ScriptedImporter/UnityEditor.QuickSearchModule:UnityEditor.Search:ASIAI0B
Importing 'GUID: 3a99bcf1786a473e87ec8fb420401e52 - Path: Packages/com.unity.render-pipelines.core/Runtime/Debugging/DebugManager.SchedulerTracker.cs - Importer: ScriptedImporter/UnityEditor.QuickSearchModule:UnityEditor.Search:ASIAI0B' with importer (ScriptedImporter : UnityEditor.QuickSearchModule:UnityEditor.Search:ASIAI0B)
Imported 'GUID: 3a99bcf1786a473e87ec8fb420401e52' -> (Import Result ID: '69d247dfd5a36e9e6cb65dacd39d0307') in 0.002 seconds [static and dynamic dependencies]. Details - ImportResultOutputID=c64ad3f8cc4d31b0fae080b98aab6e88 DependenciesID=0abf4972fa10debc1d84010c50b5ef69 StaticDependenciesID=426021466060a04f84c24a4ecf1ae3c3 
Number of updated asset objects reloaded before import = 0
Number of asset objects unloaded after import = 0
========================================================================
Received Import Request.
  Time of request: 2026-10-09T14:09:53.402898Z
  Time since last request: 0.000526783 seconds.
  importAddress: GUID: 4d348a097ea36d6418bdf3e858a808d0 - Path: Packages/com.unity.render-pipelines.core/Runtime/PathTracing/BakeLightmapDriver.cs - Importer: ScriptedImporter/UnityEditor.QuickSearchModule:UnityEditor.Search:ASIAI0B
Importing 'GUID: 4d348a097ea36d6418bdf3e858a808d0 - Path: Packages/com.unity.render-pipelines.core/Runtime/PathTracing/BakeLightmapDriver.cs - Importer: ScriptedImporter/UnityEditor.QuickSearchModule:UnityEditor.Search:ASIAI0B' with importer (ScriptedImporter : UnityEditor.QuickSearchModule:UnityEditor.Search:ASIAI0B)
Imported 'GUID: 4d348a097ea36d6418bdf3e858a808d0' -> (Import Result ID: '7d9df9a64af52368af30af3b4fbf4876') in 0.001 seconds [static and dynamic dependencies]. Details - ImportResultOutputID=8a5203064218ed744c5c75e717edbe2c DependenciesID=88073892ce59dc4338dc57486fedba1c StaticDependenciesID=4dc590d9e6eaa0e7c5fe7f296db44694 
Number of updated asset objects reloaded before import = 0
Number of asset objects unloaded after import = 0
========================================================================
Received Import Request.
  Time of request: 2026-10-09T14:09:53.411171Z
  Time since last request: 0.000779094 seconds.
  importAddress: GUID: f89ae72a038989e4780e2087fe3911c7 - Path: Packages/com.unity.render-pipelines.core/Runtime/Lighting/SphericalHarmonics.cs - Importer: ScriptedImporter/UnityEditor.QuickSearchModule:UnityEditor.Search:ASIAI0B
Importing 'GUID: f89ae72a038989e4780e2087fe3911c7 - Path: Packages/com.unity.render-pipelines.core/Runtime/Lighting/SphericalHarmonics.cs - Importer: ScriptedImporter/UnityEditor.QuickSearchModule:UnityEditor.Search:ASIAI0B' with importer (ScriptedImporter : UnityEditor.QuickSearchModule:UnityEditor.Search:ASIAI0B)
Imported 'GUID: f89ae72a038989e4780e2087fe3911c7' -> (Import Result ID: 'f5957ec6951600c7c3e3fca6d241fceb') in 0.001 seconds [static and dynamic dependencies]. Details - ImportResultOutputID=71d5d0daa26c03473a8d73e9171c5cb8 DependenciesID=a28d5c731f9c155abb57b6afea5579a5 StaticDependenciesID=fd8d520a0f4344b0251fffcb54caf89d 
Number of updated asset objects reloaded before import = 0
Number of asset objects unloaded after import = 0
========================================================================
Received Import Request.
  Time of request: 2026-10-09T14:09:53.419445Z
  Time since last request: 0.000661795 seconds.
  importAddress: GUID: d2aa9a8abb8f4355a8a8d4cae3e1f907 - Path: Packages/com.unity.render-pipelines.core/Runtime/Debugging/DebugManager.Input.cs - Importer: ScriptedImporter/UnityEditor.QuickSearchModule:UnityEditor.Search:ASIAI0B
Importing 'GUID: d2aa9a8abb8f4355a8a8d4cae3e1f907 - Path: Packages/com.unity.render-pipelines.core/Runtime/Debugging/DebugManager.Input.cs - Importer: ScriptedImporter/UnityEditor.QuickSearchModule:UnityEditor.Search:ASIAI0B' with importer (ScriptedImporter : UnityEditor.QuickSearchModule:UnityEditor.Search:ASIAI0B)
Imported 'GUID: d2aa9a8abb8f4355a8a8d4cae3e1f907' -> (Import Result ID: '707f3972f5b7c9167710ac0d1d40ffb9') in 0.001 seconds [static and dynamic dependencies]. Details - ImportResultOutputID=8d45efc5b5158788c75204d89ecf0af5 DependenciesID=3cd6be7e0c77f6f5cc4f433745ae39ad StaticDependenciesID=d0760b47b69b0034eb64685254f4b4b1 
Number of updated asset objects reloaded before import = 0
Number of asset objects unloaded after import = 0
========================================================================
Received Import Request.
  Time of request: 2026-10-09T14:09:53.427845Z
  Time since last request: 0.00042823 seconds.
  importAddress: GUID: 16870bb28557a8f4182d1c8191e951a5 - Path: Packages/com.unity.render-pipelines.core/Runtime/Debugging/MousePositionDebug.cs - Importer: ScriptedImporter/UnityEditor.QuickSearchModule:UnityEditor.Search:ASIAI0B
Importing 'GUID: 16870bb28557a8f4182d1c8191e951a5 - Path: Packages/com.unity.render-pipelines.core/Runtime/Debugging/MousePositionDebug.cs - Importer: ScriptedImporter/UnityEditor.QuickSearchModule:UnityEditor.Search:ASIAI0B' with importer (ScriptedImporter : UnityEditor.QuickSearchModule:UnityEditor.Search:ASIAI0B)
Imported 'GUID: 16870bb28557a8f4182d1c8191e951a5' -> (Import Result ID: '2a4d6c25474f8d25073bb6adb6b21055') in 0.002 seconds [static and dynamic dependencies]. Details - ImportResultOutputID=8ac908ec7b8b767a39fd19818f02d780 DependenciesID=b00c2c151c37edb25e646ab9ec11878d StaticDependenciesID=49b50673d8618bdb058a5a51816f7055 
Number of updated asset objects reloaded before import = 0
Number of asset objects unloaded after import = 0
========================================================================
Received Import Request.
  Time of request: 2026-10-09T14:09:53.436373Z
  Time since last request: 0.000272859 seconds.
  importAddress: GUID: a9115e9ffa8b6df4ba69fe5eb9b541db - Path: Packages/com.unity.render-pipelines.core/Runtime/Debugging/ProfilingScope.cs - Importer: ScriptedImporter/UnityEditor.QuickSearchModule:UnityEditor.Search:ASIAI0B
Importing 'GUID: a9115e9ffa8b6df4ba69fe5eb9b541db - Path: Packages/com.unity.render-pipelines.core/Runtime/Debugging/ProfilingScope.cs - Importer: ScriptedImporter/UnityEditor.QuickSearchModule:UnityEditor.Search:ASIAI0B' with importer (ScriptedImporter : UnityEditor.QuickSearchModule:UnityEditor.Search:ASIAI0B)
Imported 'GUID: a9115e9ffa8b6df4ba69fe5eb9b541db' -> (Import Result ID: '4d9accc4433b123301e346bcbf3f4eef') in 0.002 seconds [static and dynamic dependencies]. Details - ImportResultOutputID=5c957a8833f1bd00808684d5fce41839 DependenciesID=a1f638efe6d46bcd78b03ea350f4a4d0 StaticDependenciesID=61cc78d574a8cd86c1631d3cafe0db43 
Number of updated asset objects reloaded before import = 0
Number of asset objects unloaded after import = 0
========================================================================
Received Import Request.
  Time of request: 2026-10-09T14:09:53.445019Z
  Time since last request: 0.000438809 seconds.
  importAddress: GUID: 1da457d89e06b5149adee2b1c80760ed - Path: Packages/com.unity.render-pipelines.core/Runtime/GPUDriven/GPUResidentDrawerTypes.cs - Importer: ScriptedImporter/UnityEditor.QuickSearchModule:UnityEditor.Search:ASIAI0B
Importing 'GUID: 1da457d89e06b5149adee2b1c80760ed - Path: Packages/com.unity.render-pipelines.core/Runtime/GPUDriven/GPUResidentDrawerTypes.cs - Importer: ScriptedImporter/UnityEditor.QuickSearchModule:UnityEditor.Search:ASIAI0B' with importer (ScriptedImporter : UnityEditor.QuickSearchModule:UnityEditor.Search:ASIAI0B)
Imported 'GUID: 1da457d89e06b5149adee2b1c80760ed' -> (Import Result ID: '70c9e140d3404424c8b2ace134ba6651') in 0.002 seconds [static and dynamic dependencies]. Details - ImportResultOutputID=7484c168b5d84a910113b13f781c22cb DependenciesID=087d54a5eeb837c37df4e62a70b117aa StaticDependenciesID=f3088e5c97702fa2eeec115276d6d57a 
Number of updated asset objects reloaded before import = 0
Number of asset objects unloaded after import = 0
========================================================================
Received Import Request.
  Time of request: 2026-10-09T14:09:53.454167Z
  Time since last request: 0.000105748 seconds.
  importAddress: GUID: 5b966c0b6fb41a743ad89f19c17430eb - Path: Packages/com.unity.render-pipelines.core/Runtime/Debugging/DebugFrameTiming.cs - Importer: ScriptedImporter/UnityEditor.QuickSearchModule:UnityEditor.Search:ASIAI0B
Importing 'GUID: 5b966c0b6fb41a743ad89f19c17430eb - Path: Packages/com.unity.render-pipelines.core/Runtime/Debugging/DebugFrameTiming.cs - Importer: ScriptedImporter/UnityEditor.QuickSearchModule:UnityEditor.Search:ASIAI0B' with importer (ScriptedImporter : UnityEditor.QuickSearchModule:UnityEditor.Search:ASIAI0B)
Imported 'GUID: 5b966c0b6fb41a743ad89f19c17430eb' -> (Import Result ID: 'e714053bbe531716035a021d6f54f20e') in 0.001 seconds [static and dynamic dependencies]. Details - ImportResultOutputID=8c8ff7fa8afde52d2cdc2d629e671b02 DependenciesID=3c3964fb5eb06d299ef55b06a37924da StaticDependenciesID=4aed679e11cab444d80ce6cdd1225591 
Number of updated asset objects reloaded before import = 0
Number of asset objects unloaded after import = 0
========================================================================
Received Import Request.
  Time of request: 2026-10-09T14:09:53.462385Z
  Time since last request: 0.000570234 seconds.
  importAddress: GUID: 4cce618ad8a6d934dbdc631f979b3aa6 - Path: Packages/com.unity.render-pipelines.core/Runtime/Debugging/DebugUI.cs - Importer: ScriptedImporter/UnityEditor.QuickSearchModule:UnityEditor.Search:ASIAI0B
Importing 'GUID: 4cce618ad8a6d934dbdc631f979b3aa6 - Path: Packages/com.unity.render-pipelines.core/Runtime/Debugging/DebugUI.cs - Importer: ScriptedImporter/UnityEditor.QuickSearchModule:UnityEditor.Search:ASIAI0B' with importer (ScriptedImporter : UnityEditor.QuickSearchModule:UnityEditor.Search:ASIAI0B)
Imported 'GUID: 4cce618ad8a6d934dbdc631f979b3aa6' -> (Import Result ID: '2d621bfea37ac635313cac9f7ad9590c') in 0.002 seconds [static and dynamic dependencies]. Details - ImportResultOutputID=eb9a590ef45fbd7bdfa959af38a5b351 DependenciesID=0b1bf60785c0328d7eb5d5ac7c4b2d03 StaticDependenciesID=0c5a967893fe3174c7bb1d33c2056033 
Number of updated asset objects reloaded before import = 0
Number of asset objects unloaded after import = 0
========================================================================
Received Import Request.
  Time of request: 2026-10-09T14:09:53.471941Z
  Time since last request: 0.000692743 seconds.
  importAddress: GUID: d3743b694e3b469a866192d7dc9bf453 - Path: Packages/com.unity.render-pipelines.core/Runtime/Debugging/RuntimePersistentDebugUI.cs - Importer: ScriptedImporter/UnityEditor.QuickSearchModule:UnityEditor.Search:ASIAI0B
Importing 'GUID: d3743b694e3b469a866192d7dc9bf453 - Path: Packages/com.unity.render-pipelines.core/Runtime/Debugging/RuntimePersistentDebugUI.cs - Importer: ScriptedImporter/UnityEditor.QuickSearchModule:UnityEditor.Search:ASIAI0B' with importer (ScriptedImporter : UnityEditor.QuickSearchModule:UnityEditor.Search:ASIAI0B)
Imported 'GUID: d3743b694e3b469a866192d7dc9bf453' -> (Import Result ID: 'de5407bc2483d2ed2b5944bdf3f10e9a') in 0.001 seconds [static and dynamic dependencies]. Details - ImportResultOutputID=0471485e231b4ad92d5bbbe58798b493 DependenciesID=e2750ddaf72205ed3ebbcb0e0828d77e StaticDependenciesID=260b2c52d055eddb4a95afec6018309d 
Number of updated asset objects reloaded before import = 0
Number of asset objects unloaded after import = 0
========================================================================
Received Import Request.
  Time of request: 2026-10-09T14:09:53.481163Z
  Time since last request: 0.00039085 seconds.
  importAddress: GUID: e5ee786a2f4e04b5bbc5c7b2e645272e - Path: Packages/com.unity.render-pipelines.core/Runtime/Debugging/DebugDisplaySettingsPanel.cs - Importer: ScriptedImporter/UnityEditor.QuickSearchModule:UnityEditor.Search:ASIAI0B
Importing 'GUID: e5ee786a2f4e04b5bbc5c7b2e645272e - Path: Packages/com.unity.render-pipelines.core/Runtime/Debugging/DebugDisplaySettingsPanel.cs - Importer: ScriptedImporter/UnityEditor.QuickSearchModule:UnityEditor.Search:ASIAI0B' with importer (ScriptedImporter : UnityEditor.QuickSearchModule:UnityEditor.Search:ASIAI0B)
Imported 'GUID: e5ee786a2f4e04b5bbc5c7b2e645272e' -> (Import Result ID: 'e60c5b2e88a42f5fc9059526a11a205a') in 0.001 seconds [static and dynamic dependencies]. Details - ImportResultOutputID=fc92c5dd8345646d4308dc83023d1687 DependenciesID=f9f7c7544faa952c3f64078bda556283 StaticDependenciesID=f4497e854b8d05840ccfca85a96f77a0 
Number of updated asset objects reloaded before import = 0
Number of asset objects unloaded after import = 0
========================================================================
Received Import Request.
  Time of request: 2026-10-09T14:09:53.489504Z
  Time since last request: 0.000285684 seconds.
  importAddress: GUID: 01796373c956d2c40b09d1e150c2a2bd - Path: Packages/com.unity.render-pipelines.core/Runtime/Debugging/DebugOverlay.cs - Importer: ScriptedImporter/UnityEditor.QuickSearchModule:UnityEditor.Search:ASIAI0B
Importing 'GUID: 01796373c956d2c40b09d1e150c2a2bd - Path: Packages/com.unity.render-pipelines.core/Runtime/Debugging/DebugOverlay.cs - Importer: ScriptedImporter/UnityEditor.QuickSearchModule:UnityEditor.Search:ASIAI0B' with importer (ScriptedImporter : UnityEditor.QuickSearchModule:UnityEditor.Search:ASIAI0B)
Imported 'GUID: 01796373c956d2c40b09d1e150c2a2bd' -> (Import Result ID: '3b56743129d7c9ba54eb7fd092c3b668') in 0.001 seconds [static and dynamic dependencies]. Details - ImportResultOutputID=04a2b71caa76cf02a616aeacbc4cea11 DependenciesID=eced7a277efc7cfbe78e1d5a5da63d9d StaticDependenciesID=2cee00073f9dd798fe6322ea3a650bce 
Number of updated asset objects reloaded before import = 0
Number of asset objects unloaded after import = 0
========================================================================
Received Import Request.
  Time of request: 2026-10-09T14:09:53.497755Z
  Time since last request: 0.000274222 seconds.
  importAddress: GUID: 7fea6addcc5a75b4a946e867d13833cf - Path: Packages/com.unity.render-pipelines.core/Runtime/GPUDriven/GPUResidentContext.cs - Importer: ScriptedImporter/UnityEditor.QuickSearchModule:UnityEditor.Search:ASIAI0B
Importing 'GUID: 7fea6addcc5a75b4a946e867d13833cf - Path: Packages/com.unity.render-pipelines.core/Runtime/GPUDriven/GPUResidentContext.cs - Importer: ScriptedImporter/UnityEditor.QuickSearchModule:UnityEditor.Search:ASIAI0B' with importer (ScriptedImporter : UnityEditor.QuickSearchModule:UnityEditor.Search:ASIAI0B)
Imported 'GUID: 7fea6addcc5a75b4a946e867d13833cf' -> (Import Result ID: '8115225901151d37622df2d4376ad843') in 0.002 seconds [static and dynamic dependencies]. Details - ImportResultOutputID=171b2514f61193db14745f8e66c3a680 DependenciesID=d695c045f0faa3059ce918a7baf38fcc StaticDependenciesID=374f10c4e8e164682f14bd4b119bcdf5 
Number of updated asset objects reloaded before import = 0
Number of asset objects unloaded after import = 0
========================================================================
Received Import Request.
  Time of request: 2026-10-09T14:09:53.505986Z
  Time since last request: 0.000265696 seconds.
  importAddress: GUID: b2dd686478607420fa4600df5d27143f - Path: Packages/com.unity.render-pipelines.core/Runtime/Debugging/IDebugDisplaySettingsPanel.cs - Importer: ScriptedImporter/UnityEditor.QuickSearchModule:UnityEditor.Search:ASIAI0B
Importing 'GUID: b2dd686478607420fa4600df5d27143f - Path: Packages/com.unity.render-pipelines.core/Runtime/Debugging/IDebugDisplaySettingsPanel.cs - Importer: ScriptedImporter/UnityEditor.QuickSearchModule:UnityEditor.Search:ASIAI0B' with importer (ScriptedImporter : UnityEditor.QuickSearchModule:UnityEditor.Search:ASIAI0B)
Imported 'GUID: b2dd686478607420fa4600df5d27143f' -> (Import Result ID: '03ce66942bee6a7c2a6568d411e3357e') in 0.002 seconds [static and dynamic dependencies]. Details - ImportResultOutputID=b563cfe7344b56a17515f999f87ec0c9 DependenciesID=c8c24ef155e5f8b7246d0ece71549622 StaticDependenciesID=a450b830cfa1bdadca536defeacd4b22 
Number of updated asset objects reloaded before import = 0
Number of asset objects unloaded after import = 0
========================================================================
Received Import Request.
  Time of request: 2026-10-09T14:09:53.528246Z
  Time since last request: 0.013220548 seconds.
  importAddress: GUID: bf7039235906400da1eecd0fd65ace22 - Path: Packages/com.unity.render-pipelines.core/Runtime/RenderPipeline/RenderPipelineGlobalSettings.cs - Importer: ScriptedImporter/UnityEditor.QuickSearchModule:UnityEditor.Search:ASIAI0B
Importing 'GUID: bf7039235906400da1eecd0fd65ace22 - Path: Packages/com.unity.render-pipelines.core/Runtime/RenderPipeline/RenderPipelineGlobalSettings.cs - Importer: ScriptedImporter/UnityEditor.QuickSearchModule:UnityEditor.Search:ASIAI0B' with importer (ScriptedImporter : UnityEditor.QuickSearchModule:UnityEditor.Search:ASIAI0B)
Imported 'GUID: bf7039235906400da1eecd0fd65ace22' -> (Import Result ID: '713df336ac36e0613ee0ef7bd975d0d3') in 0.001 seconds [static and dynamic dependencies]. Details - ImportResultOutputID=5a34744f66b1ed70b6b81831fd674af4 DependenciesID=3c7c877ec84b896ca89725715d53f529 StaticDependenciesID=6c366fd081c1c6ba8f6cc4c1bee19687 
Number of updated asset objects reloaded before import = 0
Number of asset objects unloaded after import = 0
========================================================================
Received Import Request.
  Time of request: 2026-10-09T14:09:53.536738Z
  Time since last request: 0.000739029 seconds.
  importAddress: GUID: da922357540ba0d44ba6435efbaa8da4 - Path: Packages/com.unity.render-pipelines.core/Runtime/PathTracing/ShaderProperties.cs - Importer: ScriptedImporter/UnityEditor.QuickSearchModule:UnityEditor.Search:ASIAI0B
Importing 'GUID: da922357540ba0d44ba6435efbaa8da4 - Path: Packages/com.unity.render-pipelines.core/Runtime/PathTracing/ShaderProperties.cs - Importer: ScriptedImporter/UnityEditor.QuickSearchModule:UnityEditor.Search:ASIAI0B' with importer (ScriptedImporter : UnityEditor.QuickSearchModule:UnityEditor.Search:ASIAI0B)
Imported 'GUID: da922357540ba0d44ba6435efbaa8da4' -> (Import Result ID: 'b06acb592422ecba66c1dcfbf45612b0') in 0.001 seconds [static and dynamic dependencies]. Details - ImportResultOutputID=029e7dcf6a2135f8ad48fa753890a6b5 DependenciesID=00d0b5e0e9dea770ce1e3dbfea15bb8b StaticDependenciesID=f98f11fb6f41b52a41e37879017e0709 
Number of updated asset objects reloaded before import = 0
Number of asset objects unloaded after import = 0
========================================================================
Received Import Request.
  Time of request: 2026-10-09T14:09:53.544918Z
  Time since last request: 0.000650114 seconds.
  importAddress: GUID: 92b6367ea491af341aa7417fbac635ab - Path: Packages/com.unity.render-pipelines.core/Runtime/RenderGraph/RenderGraphResourceRegistry.cs - Importer: ScriptedImporter/UnityEditor.QuickSearchModule:UnityEditor.Search:ASIAI0B
Importing 'GUID: 92b6367ea491af341aa7417fbac635ab - Path: Packages/com.unity.render-pipelines.core/Runtime/RenderGraph/RenderGraphResourceRegistry.cs - Importer: ScriptedImporter/UnityEditor.QuickSearchModule:UnityEditor.Search:ASIAI0B' with importer (ScriptedImporter : UnityEditor.QuickSearchModule:UnityEditor.Search:ASIAI0B)
Imported 'GUID: 92b6367ea491af341aa7417fbac635ab' -> (Import Result ID: '9e3b9cee310933be33c7b146cd2284ea') in 0.002 seconds [static and dynamic dependencies]. Details - ImportResultOutputID=56af7fbcb303faf0d3cf36653a629b0b DependenciesID=942345014cc0220306fe111979b9fd31 StaticDependenciesID=711ec754ad37dfe7e319ea56b376c3bb 
Number of updated asset objects reloaded before import = 0
Number of asset objects unloaded after import = 0
========================================================================
Received Import Request.
  Time of request: 2026-10-09T14:09:53.553817Z
  Time since last request: 0.000371965 seconds.
  importAddress: GUID: ddb80635ace775b4cb05423d24e269fb - Path: Packages/com.unity.render-pipelines.core/Runtime/PathTracing/SphericalHarmonicsUtil.cs - Importer: ScriptedImporter/UnityEditor.QuickSearchModule:UnityEditor.Search:ASIAI0B
Importing 'GUID: ddb80635ace775b4cb05423d24e269fb - Path: Packages/com.unity.render-pipelines.core/Runtime/PathTracing/SphericalHarmonicsUtil.cs - Importer: ScriptedImporter/UnityEditor.QuickSearchModule:UnityEditor.Search:ASIAI0B' with importer (ScriptedImporter : UnityEditor.QuickSearchModule:UnityEditor.Search:ASIAI0B)
Imported 'GUID: ddb80635ace775b4cb05423d24e269fb' -> (Import Result ID: 'feadcdd1496dcbd55b68ac9884f4a011') in 0.002 seconds [static and dynamic dependencies]. Details - ImportResultOutputID=18c6e9e63ecd7ac2b2c84435593f9112 DependenciesID=449422d18b882c591bfaea6702639bb5 StaticDependenciesID=00b5f1432413de6eb7af77286bf86398 
Number of updated asset objects reloaded before import = 0
Number of asset objects unloaded after import = 0
========================================================================
Received Import Request.
  Time of request: 2026-10-09T14:09:53.563484Z
  Time since last request: 0.000140152 seconds.
  importAddress: GUID: 2e7a6390188e38a4c85f34bed59b5c87 - Path: Packages/com.unity.render-pipelines.core/Runtime/RenderGraph/RenderGraphProfilerMarkers.cs - Importer: ScriptedImporter/UnityEditor.QuickSearchModule:UnityEditor.Search:ASIAI0B
Importing 'GUID: 2e7a6390188e38a4c85f34bed59b5c87 - Path: Packages/com.unity.render-pipelines.core/Runtime/RenderGraph/RenderGraphProfilerMarkers.cs - Importer: ScriptedImporter/UnityEditor.QuickSearchModule:UnityEditor.Search:ASIAI0B' with importer (ScriptedImporter : UnityEditor.QuickSearchModule:UnityEditor.Search:ASIAI0B)
Imported 'GUID: 2e7a6390188e38a4c85f34bed59b5c87' -> (Import Result ID: 'ed41832551b04606d86021793ae4574e') in 0.001 seconds [static and dynamic dependencies]. Details - ImportResultOutputID=1124a7ebfebbf8750526c62cc9d99d42 DependenciesID=11815af3d1d96ef385e1b8e47a9fa587 StaticDependenciesID=386b666c89701e8738c0239a7da77da7 
Number of updated asset objects reloaded before import = 0
Number of asset objects unloaded after import = 0
========================================================================
Received Import Request.
  Time of request: 2026-10-09T14:09:53.571992Z
  Time since last request: 0.000569093 seconds.
  importAddress: GUID: dc968a854959c7d4599914d0b01469c2 - Path: Packages/com.unity.render-pipelines.core/Runtime/RenderGraph/RenderGraphObjectPool.cs - Importer: ScriptedImporter/UnityEditor.QuickSearchModule:UnityEditor.Search:ASIAI0B
Importing 'GUID: dc968a854959c7d4599914d0b01469c2 - Path: Packages/com.unity.render-pipelines.core/Runtime/RenderGraph/RenderGraphObjectPool.cs - Importer: ScriptedImporter/UnityEditor.QuickSearchModule:UnityEditor.Search:ASIAI0B' with importer (ScriptedImporter : UnityEditor.QuickSearchModule:UnityEditor.Search:ASIAI0B)
Imported 'GUID: dc968a854959c7d4599914d0b01469c2' -> (Import Result ID: '962e5243edd8d29bf787b95ed1a6c3c4') in 0.001 seconds [static and dynamic dependencies]. Details - ImportResultOutputID=064e3424c13b15aa7da03cf5c8fa8fb9 DependenciesID=bb19cd90d67b49fd50dd48034e200098 StaticDependenciesID=33a3fe905104a8a2c1ed3ee41836d967 
Number of updated asset objects reloaded before import = 0
Number of asset objects unloaded after import = 0
========================================================================
Received Import Request.
  Time of request: 2026-10-09T14:09:53.580154Z
  Time since last request: 0.000570235 seconds.
  importAddress: GUID: 9ee7f7178a92d554fa636bc513594ded - Path: Packages/com.unity.render-pipelines.core/Runtime/PostProcessing/LensFlareDataSRP.cs.hlsl - Importer: ScriptedImporter/UnityEditor.QuickSearchModule:UnityEditor.Search:ASIAI0B
Importing 'GUID: 9ee7f7178a92d554fa636bc513594ded - Path: Packages/com.unity.render-pipelines.core/Runtime/PostProcessing/LensFlareDataSRP.cs.hlsl - Importer: ScriptedImporter/UnityEditor.QuickSearchModule:UnityEditor.Search:ASIAI0B' with importer (ScriptedImporter : UnityEditor.QuickSearchModule:UnityEditor.Search:ASIAI0B)
Imported 'GUID: 9ee7f7178a92d554fa636bc513594ded' -> (Import Result ID: '90e809a0bad0c338d558252cd54f4d60') in 0.001 seconds [static and dynamic dependencies]. Details - ImportResultOutputID=63bd4b81fc06184dbd7fa6dd37cc8fcd DependenciesID=db488b31dbf0dc65c2429212aa7403e0 StaticDependenciesID=3a06f03971ca777e7e23bc94f1426962 
Number of updated asset objects reloaded before import = 0
Number of asset objects unloaded after import = 1
========================================================================
Received Import Request.
  Time of request: 2026-10-09T14:09:53.588467Z
  Time since last request: 0.000340746 seconds.
  importAddress: GUID: 8dc56c58c141cc1409d255b134a28057 - Path: Packages/com.unity.render-pipelines.core/Runtime/PathTracing/UnityComputeDeviceContext.cs - Importer: ScriptedImporter/UnityEditor.QuickSearchModule:UnityEditor.Search:ASIAI0B
Importing 'GUID: 8dc56c58c141cc1409d255b134a28057 - Path: Packages/com.unity.render-pipelines.core/Runtime/PathTracing/UnityComputeDeviceContext.cs - Importer: ScriptedImporter/UnityEditor.QuickSearchModule:UnityEditor.Search:ASIAI0B' with importer (ScriptedImporter : UnityEditor.QuickSearchModule:UnityEditor.Search:ASIAI0B)
Imported 'GUID: 8dc56c58c141cc1409d255b134a28057' -> (Import Result ID: 'e5e570c68f63ad6c6b267394f8e451b9') in 0.001 seconds [static and dynamic dependencies]. Details - ImportResultOutputID=82553c6cf8d858219fdadfe116b1c1e3 DependenciesID=f905031418af3edac847571ab771f935 StaticDependenciesID=81e8f30bcc4803a8bb42e1ef70c60b69 
Number of updated asset objects reloaded before import = 0
Number of asset objects unloaded after import = 0
========================================================================
Received Import Request.
  Time of request: 2026-10-09T14:09:53.596419Z
  Time since last request: 0.000564354 seconds.
  importAddress: GUID: c49c619b6af2be941af9bcbca2641964 - Path: Packages/com.unity.render-pipelines.core/Runtime/PathTracing/Unity.PathTracing.Runtime.asmdef - Importer: ScriptedImporter/UnityEditor.QuickSearchModule:UnityEditor.Search:ASIAI0B
Importing 'GUID: c49c619b6af2be941af9bcbca2641964 - Path: Packages/com.unity.render-pipelines.core/Runtime/PathTracing/Unity.PathTracing.Runtime.asmdef - Importer: ScriptedImporter/UnityEditor.QuickSearchModule:UnityEditor.Search:ASIAI0B' with importer (ScriptedImporter : UnityEditor.QuickSearchModule:UnityEditor.Search:ASIAI0B)
Imported 'GUID: c49c619b6af2be941af9bcbca2641964' -> (Import Result ID: '9b49a209f37a65a19672746d8bb0fddc') in 0.002 seconds [static and dynamic dependencies]. Details - ImportResultOutputID=751de4ca999d345f45ce22a80eb89d8b DependenciesID=04dc372326ecbb47b5b8b8002a2fea45 StaticDependenciesID=93ac6ed00524ae1fac954da732c2da38 
Number of updated asset objects reloaded before import = 0
Number of asset objects unloaded after import = 1
========================================================================
Received Import Request.
  Time of request: 2026-10-09T14:09:53.604568Z
  Time since last request: 0.000154318 seconds.
  importAddress: GUID: aeec61a3ffba2f347be4a0b1d667c503 - Path: Packages/com.unity.render-pipelines.core/Runtime/RenderGraph/RenderGraphResourceTexture.cs - Importer: ScriptedImporter/UnityEditor.QuickSearchModule:UnityEditor.Search:ASIAI0B
Importing 'GUID: aeec61a3ffba2f347be4a0b1d667c503 - Path: Packages/com.unity.render-pipelines.core/Runtime/RenderGraph/RenderGraphResourceTexture.cs - Importer: ScriptedImporter/UnityEditor.QuickSearchModule:UnityEditor.Search:ASIAI0B' with importer (ScriptedImporter : UnityEditor.QuickSearchModule:UnityEditor.Search:ASIAI0B)
Imported 'GUID: aeec61a3ffba2f347be4a0b1d667c503' -> (Import Result ID: '895c872071ca395dedf1742151b5805a') in 0.001 seconds [static and dynamic dependencies]. Details - ImportResultOutputID=6825c6f50de215e4e3e709d0c717f197 DependenciesID=eae0dea1134d521341c3b9136b6e0b3a StaticDependenciesID=0ea5d8bdd248b93302a5d51acd625325 
Number of updated asset objects reloaded before import = 0
Number of asset objects unloaded after import = 0
========================================================================
Received Import Request.
  Time of request: 2026-10-09T14:09:53.612796Z
  Time since last request: 0.000512497 seconds.
  importAddress: GUID: 36e335017ad71d54fbb10842863188ae - Path: Packages/com.unity.render-pipelines.core/Runtime/RenderPipelineResources/FallbackShader.shader - Importer: ScriptedImporter/UnityEditor.QuickSearchModule:UnityEditor.Search:ASIAI0B
Importing 'GUID: 36e335017ad71d54fbb10842863188ae - Path: Packages/com.unity.render-pipelines.core/Runtime/RenderPipelineResources/FallbackShader.shader - Importer: ScriptedImporter/UnityEditor.QuickSearchModule:UnityEditor.Search:ASIAI0B' with importer (ScriptedImporter : UnityEditor.QuickSearchModule:UnityEditor.Search:ASIAI0B)
Imported 'GUID: 36e335017ad71d54fbb10842863188ae' -> (Import Result ID: 'cd5c5d639d58ce45cad287dc2de3a01f') in 0.002 seconds [static and dynamic dependencies]. Details - ImportResultOutputID=b697867554d6c58cc5d59c0fa6271569 DependenciesID=9efc7fbe1b0007dbedf825739bcf865e StaticDependenciesID=31dcffd3a14fb12853c1324714c39523 
Number of updated asset objects reloaded before import = 0
Number of asset objects unloaded after import = 1
========================================================================
Received Import Request.
  Time of request: 2026-10-09T14:09:53.620955Z
  Time since last request: 0.000244025 seconds.
  importAddress: GUID: 8d87e57545548474c86d357b2d08ee30 - Path: Packages/com.unity.render-pipelines.core/Runtime/PostProcessing/LensFlareCommonSRP.cs - Importer: ScriptedImporter/UnityEditor.QuickSearchModule:UnityEditor.Search:ASIAI0B
Importing 'GUID: 8d87e57545548474c86d357b2d08ee30 - Path: Packages/com.unity.render-pipelines.core/Runtime/PostProcessing/LensFlareCommonSRP.cs - Importer: ScriptedImporter/UnityEditor.QuickSearchModule:UnityEditor.Search:ASIAI0B' with importer (ScriptedImporter : UnityEditor.QuickSearchModule:UnityEditor.Search:ASIAI0B)
Imported 'GUID: 8d87e57545548474c86d357b2d08ee30' -> (Import Result ID: 'a4d195d5d8ae7c460dd53453ca8a84d4') in 0.001 seconds [static and dynamic dependencies]. Details - ImportResultOutputID=c5cac6505dd55f27464dde2fa09a2587 DependenciesID=b528eac37f8493130b9b1a97ec126cbc StaticDependenciesID=d052b5c1ed79f5d8b89743ee57b3f4a3 
Number of updated asset objects reloaded before import = 0
Number of asset objects unloaded after import = 0
========================================================================
Received Import Request.
  Time of request: 2026-10-09T14:09:53.629153Z
  Time since last request: 0.000456983 seconds.
  importAddress: GUID: 712023dda7785b54aa46a5d7c812bda3 - Path: Packages/com.unity.render-pipelines.core/Runtime/RenderGraph/RenderGraphUtilsBlit.cs - Importer: ScriptedImporter/UnityEditor.QuickSearchModule:UnityEditor.Search:ASIAI0B
Importing 'GUID: 712023dda7785b54aa46a5d7c812bda3 - Path: Packages/com.unity.render-pipelines.core/Runtime/RenderGraph/RenderGraphUtilsBlit.cs - Importer: ScriptedImporter/UnityEditor.QuickSearchModule:UnityEditor.Search:ASIAI0B' with importer (ScriptedImporter : UnityEditor.QuickSearchModule:UnityEditor.Search:ASIAI0B)
Imported 'GUID: 712023dda7785b54aa46a5d7c812bda3' -> (Import Result ID: 'dce7ba42ed0f6e859dbdec7a60fbcbeb') in 0.005 seconds [static and dynamic dependencies]. Details - ImportResultOutputID=55d44b5cbd31fccbdb9daa7386f7ed2e DependenciesID=e4a4d134cb58e5a1b9cb6eec7a4b021b StaticDependenciesID=1a7587d2875a65a0dbcb29794c048f88 
Number of updated asset objects reloaded before import = 0
Number of asset objects unloaded after import = 0
========================================================================
Received Import Request.
  Time of request: 2026-10-09T14:09:53.640231Z
  Time since last request: 0.000169767 seconds.
  importAddress: GUID: 142844ba90b5f9f489ce89a48bc32e12 - Path: Packages/com.unity.render-pipelines.core/Runtime/RenderGraph/RenderGraphProfileId.cs - Importer: ScriptedImporter/UnityEditor.QuickSearchModule:UnityEditor.Search:ASIAI0B
Importing 'GUID: 142844ba90b5f9f489ce89a48bc32e12 - Path: Packages/com.unity.render-pipelines.core/Runtime/RenderGraph/RenderGraphProfileId.cs - Importer: ScriptedImporter/UnityEditor.QuickSearchModule:UnityEditor.Search:ASIAI0B' with importer (ScriptedImporter : UnityEditor.QuickSearchModule:UnityEditor.Search:ASIAI0B)
Imported 'GUID: 142844ba90b5f9f489ce89a48bc32e12' -> (Import Result ID: '084d4687a5d62146fc36cce245477167') in 0.001 seconds [static and dynamic dependencies]. Details - ImportResultOutputID=2f7492380a4803c4bae8ea808adc12df DependenciesID=afe89def3cbc1edfdc502346df380fb6 StaticDependenciesID=7c9b25f713532a286c310d7c142e7845 
Number of updated asset objects reloaded before import = 0
Number of asset objects unloaded after import = 0
========================================================================
Received Import Request.
  Time of request: 2026-10-09T14:09:53.648582Z
  Time since last request: 0.000641628 seconds.
  importAddress: GUID: 2fcdf4bad9ff6e340a9aaca6de5fe1a3 - Path: Packages/com.unity.render-pipelines.core/Runtime/RenderGraph/IRenderGraphBuilder.cs - Importer: ScriptedImporter/UnityEditor.QuickSearchModule:UnityEditor.Search:ASIAI0B
Importing 'GUID: 2fcdf4bad9ff6e340a9aaca6de5fe1a3 - Path: Packages/com.unity.render-pipelines.core/Runtime/RenderGraph/IRenderGraphBuilder.cs - Importer: ScriptedImporter/UnityEditor.QuickSearchModule:UnityEditor.Search:ASIAI0B' with importer (ScriptedImporter : UnityEditor.QuickSearchModule:UnityEditor.Search:ASIAI0B)
Imported 'GUID: 2fcdf4bad9ff6e340a9aaca6de5fe1a3' -> (Import Result ID: '7b54474a459d665dc6dc4d5383cdc4aa') in 0.001 seconds [static and dynamic dependencies]. Details - ImportResultOutputID=d537793dc2aa395e1fee78bc46da0a68 DependenciesID=9d1cf7add8f7bf92cfccb77fd2d62902 StaticDependenciesID=f382dd128bfe38b4ecc987f6b504575f 
Number of updated asset objects reloaded before import = 0
Number of asset objects unloaded after import = 0
========================================================================
Received Import Request.
  Time of request: 2026-10-09T14:09:53.656942Z
  Time since last request: 0.00040161 seconds.
  importAddress: GUID: 4998ae5b70f43844eb7716decb537ba5 - Path: Packages/com.unity.render-pipelines.core/Runtime/RenderGraph/RenderGraphResourcePool.cs - Importer: ScriptedImporter/UnityEditor.QuickSearchModule:UnityEditor.Search:ASIAI0B
Importing 'GUID: 4998ae5b70f43844eb7716decb537ba5 - Path: Packages/com.unity.render-pipelines.core/Runtime/RenderGraph/RenderGraphResourcePool.cs - Importer: ScriptedImporter/UnityEditor.QuickSearchModule:UnityEditor.Search:ASIAI0B' with importer (ScriptedImporter : UnityEditor.QuickSearchModule:UnityEditor.Search:ASIAI0B)
Imported 'GUID: 4998ae5b70f43844eb7716decb537ba5' -> (Import Result ID: 'ed32f4617e5edc37eb43745f2fb2b1cb') in 0.001 seconds [static and dynamic dependencies]. Details - ImportResultOutputID=51b0092376e06e84eefe892b9ec4db84 DependenciesID=6a08a2a67c6b503079563202efd97f74 StaticDependenciesID=5d4d2511952a59cced4f9268d4b837d0 
Number of updated asset objects reloaded before import = 0
Number of asset objects unloaded after import = 0
========================================================================
Received Import Request.
  Time of request: 2026-10-09T14:09:53.689515Z
  Time since last request: 0.022363315 seconds.
  importAddress: GUID: 4f03e96382963a746a762cee65652eb3 - Path: Packages/com.unity.render-pipelines.core/Runtime/Stripping/RenderPipelineGraphicsSettingsStripperReport.cs - Importer: ScriptedImporter/UnityEditor.QuickSearchModule:UnityEditor.Search:ASIAI0B
Importing 'GUID: 4f03e96382963a746a762cee65652eb3 - Path: Packages/com.unity.render-pipelines.core/Runtime/Stripping/RenderPipelineGraphicsSettingsStripperReport.cs - Importer: ScriptedImporter/UnityEditor.QuickSearchModule:UnityEditor.Search:ASIAI0B' with importer (ScriptedImporter : UnityEditor.QuickSearchModule:UnityEditor.Search:ASIAI0B)
Imported 'GUID: 4f03e96382963a746a762cee65652eb3' -> (Import Result ID: '16a54fbe759cac5fb2e76909837de23e') in 0.002 seconds [static and dynamic dependencies]. Details - ImportResultOutputID=3f281f2b43703af62285f92b38116f91 DependenciesID=4f60e0b5ee35faf2c70f6cc1e0eef292 StaticDependenciesID=35f3ac07351b32a9b397a1077130e568 
Number of updated asset objects reloaded before import = 0
Number of asset objects unloaded after import = 0
========================================================================
Received Import Request.
  Time of request: 2026-10-09T14:09:53.698224Z
  Time since last request: 0.000429261 seconds.
  importAddress: GUID: 081cfbdef2e1c014aa1d1c9aa16fb952 - Path: Packages/com.unity.render-pipelines.core/Runtime/Textures/Texture2DAtlas.cs - Importer: ScriptedImporter/UnityEditor.QuickSearchModule:UnityEditor.Search:ASIAI0B
Importing 'GUID: 081cfbdef2e1c014aa1d1c9aa16fb952 - Path: Packages/com.unity.render-pipelines.core/Runtime/Textures/Texture2DAtlas.cs - Importer: ScriptedImporter/UnityEditor.QuickSearchModule:UnityEditor.Search:ASIAI0B' with importer (ScriptedImporter : UnityEditor.QuickSearchModule:UnityEditor.Search:ASIAI0B)
Imported 'GUID: 081cfbdef2e1c014aa1d1c9aa16fb952' -> (Import Result ID: '78edc57e62ab778cfa4224cc3ffc5b41') in 0.001 seconds [static and dynamic dependencies]. Details - ImportResultOutputID=c7e41aa202af3cfa368c6255337b76ce DependenciesID=4c6aee3084657c5822743e2900d28c0b StaticDependenciesID=76bcc873ab8faf5ca4c66db001ebec50 
Number of updated asset objects reloaded before import = 0
Number of asset objects unloaded after import = 0
========================================================================
Received Import Request.
  Time of request: 2026-10-09T14:09:53.70769Z
  Time since last request: 0.000468845 seconds.
  importAddress: GUID: ff541650e0d7c3146a62582a0bd48d30 - Path: Packages/com.unity.render-pipelines.core/Runtime/UnifiedRayTracing/TraceRayAndQueryHit.hlsl - Importer: ScriptedImporter/UnityEditor.QuickSearchModule:UnityEditor.Search:ASIAI0B
Importing 'GUID: ff541650e0d7c3146a62582a0bd48d30 - Path: Packages/com.unity.render-pipelines.core/Runtime/UnifiedRayTracing/TraceRayAndQueryHit.hlsl - Importer: ScriptedImporter/UnityEditor.QuickSearchModule:UnityEditor.Search:ASIAI0B' with importer (ScriptedImporter : UnityEditor.QuickSearchModule:UnityEditor.Search:ASIAI0B)
Imported 'GUID: ff541650e0d7c3146a62582a0bd48d30' -> (Import Result ID: '450a33d500f3e108b1fa9b1747291539') in 0.002 seconds [static and dynamic dependencies]. Details - ImportResultOutputID=02e1796f35c2e7fbaeb2747bbde1a56b DependenciesID=8a561012f3aae2ed07ebe5259764e685 StaticDependenciesID=36aeeff754d22be2e19cdf9fb5d76dae 
Number of updated asset objects reloaded before import = 0
Number of asset objects unloaded after import = 1
========================================================================
Received Import Request.
  Time of request: 2026-10-09T14:09:53.716727Z
  Time since last request: 0.00018215 seconds.
  importAddress: GUID: 704b415098e24d8fbc8a7ad9b3a16f15 - Path: Packages/com.unity.render-pipelines.core/Runtime/Utilities/ColorSpaceUtils.cs - Importer: ScriptedImporter/UnityEditor.QuickSearchModule:UnityEditor.Search:ASIAI0B
Importing 'GUID: 704b415098e24d8fbc8a7ad9b3a16f15 - Path: Packages/com.unity.render-pipelines.core/Runtime/Utilities/ColorSpaceUtils.cs - Importer: ScriptedImporter/UnityEditor.QuickSearchModule:UnityEditor.Search:ASIAI0B' with importer (ScriptedImporter : UnityEditor.QuickSearchModule:UnityEditor.Search:ASIAI0B)
Imported 'GUID: 704b415098e24d8fbc8a7ad9b3a16f15' -> (Import Result ID: 'a1cb5753c2534e60138466c41e11a2e8') in 0.002 seconds [static and dynamic dependencies]. Details - ImportResultOutputID=bccc65b717bc7f45c412a2f23bf72f6c DependenciesID=c26b8673d89e96e5a7cd2d6860d45f16 StaticDependenciesID=0cac76f6193abd15d5fced9cbe29ceb2 
Number of updated asset objects reloaded before import = 0
Number of asset objects unloaded after import = 0
========================================================================
Received Import Request.
  Time of request: 2026-10-09T14:09:53.725601Z
  Time since last request: 0.000500956 seconds.
  importAddress: GUID: cc56f4b85f1be9749add0bb4a25a4e4b - Path: Packages/com.unity.render-pipelines.core/Runtime/Textures/BufferedRTHandleSystem.cs - Importer: ScriptedImporter/UnityEditor.QuickSearchModule:UnityEditor.Search:ASIAI0B
Importing 'GUID: cc56f4b85f1be9749add0bb4a25a4e4b - Path: Packages/com.unity.render-pipelines.core/Runtime/Textures/BufferedRTHandleSystem.cs - Importer: ScriptedImporter/UnityEditor.QuickSearchModule:UnityEditor.Search:ASIAI0B' with importer (ScriptedImporter : UnityEditor.QuickSearchModule:UnityEditor.Search:ASIAI0B)
Imported 'GUID: cc56f4b85f1be9749add0bb4a25a4e4b' -> (Import Result ID: 'e181880fe6418ac13386551978097bd4') in 0.001 seconds [static and dynamic dependencies]. Details - ImportResultOutputID=574e5a75808088373a8924fd81ac993b DependenciesID=b39f9f83f409e0f4fc0428119e9bc148 StaticDependenciesID=844aea4175b96512457c49bbaaebe114 
Number of updated asset objects reloaded before import = 0
Number of asset objects unloaded after import = 0
========================================================================
Received Import Request.
  Time of request: 2026-10-09T14:09:53.734177Z
  Time since last request: 0.000148497 seconds.
  importAddress: GUID: d89584fc78a387b4b89d50da624e2695 - Path: Packages/com.unity.render-pipelines.core/Runtime/UnifiedRayTracing/TraceRay.hlsl - Importer: ScriptedImporter/UnityEditor.QuickSearchModule:UnityEditor.Search:ASIAI0B
Importing 'GUID: d89584fc78a387b4b89d50da624e2695 - Path: Packages/com.unity.render-pipelines.core/Runtime/UnifiedRayTracing/TraceRay.hlsl - Importer: ScriptedImporter/UnityEditor.QuickSearchModule:UnityEditor.Search:ASIAI0B' with importer (ScriptedImporter : UnityEditor.QuickSearchModule:UnityEditor.Search:ASIAI0B)
Imported 'GUID: d89584fc78a387b4b89d50da624e2695' -> (Import Result ID: 'b94f989f27e7206adf3ac1b28050b10a') in 0.003 seconds [static and dynamic dependencies]. Details - ImportResultOutputID=01f2e96889b635df740fcd4197684988 DependenciesID=915fc85aa029334f2789175a0f5a6745 StaticDependenciesID=e0a6a468a6094361b6a7f6dfdaaa3d30 
Number of updated asset objects reloaded before import = 0
Number of asset objects unloaded after import = 1
========================================================================
Received Import Request.
  Time of request: 2026-10-09T14:09:53.744555Z
  Time since last request: 0.000285964 seconds.
  importAddress: GUID: 3923900e2b41b5e47bc25bfdcbcdc9e6 - Path: Packages/com.unity.render-pipelines.core/Runtime/STP/StpTaa.compute - Importer: ScriptedImporter/UnityEditor.QuickSearchModule:UnityEditor.Search:ASIAI0B
Importing 'GUID: 3923900e2b41b5e47bc25bfdcbcdc9e6 - Path: Packages/com.unity.render-pipelines.core/Runtime/STP/StpTaa.compute - Importer: ScriptedImporter/UnityEditor.QuickSearchModule:UnityEditor.Search:ASIAI0B' with importer (ScriptedImporter : UnityEditor.QuickSearchModule:UnityEditor.Search:ASIAI0B)
Imported 'GUID: 3923900e2b41b5e47bc25bfdcbcdc9e6' -> (Import Result ID: '06727bd8161fb334fd67f144009f857f') in 0.002 seconds [static and dynamic dependencies]. Details - ImportResultOutputID=0e8066f3d770fc31a83cc943bff3ccb5 DependenciesID=cb6267e11528c6699c7927e3adf66a97 StaticDependenciesID=d1ede3dc68106420e8ed5537e6a40d59 
Number of updated asset objects reloaded before import = 0
Number of asset objects unloaded after import = 1
========================================================================
Received Import Request.
  Time of request: 2026-10-09T14:09:53.75493Z
  Time since last request: 0.000332981 seconds.
  importAddress: GUID: bf5115231aebe5d459b1b57b8a3cd703 - Path: Packages/com.unity.render-pipelines.core/Runtime/UnifiedRayTracing/RayTracingContext.cs - Importer: ScriptedImporter/UnityEditor.QuickSearchModule:UnityEditor.Search:ASIAI0B
Importing 'GUID: bf5115231aebe5d459b1b57b8a3cd703 - Path: Packages/com.unity.render-pipelines.core/Runtime/UnifiedRayTracing/RayTracingContext.cs - Importer: ScriptedImporter/UnityEditor.QuickSearchModule:UnityEditor.Search:ASIAI0B' with importer (ScriptedImporter : UnityEditor.QuickSearchModule:UnityEditor.Search:ASIAI0B)
Imported 'GUID: bf5115231aebe5d459b1b57b8a3cd703' -> (Import Result ID: 'fd817e66641bc01098d49aef3afafd88') in 0.002 seconds [static and dynamic dependencies]. Details - ImportResultOutputID=36404e9a96b8a01f798b20a24fbe4f53 DependenciesID=b0f71695cbc75e6b2b10476108673f82 StaticDependenciesID=f5e7b29eeb33adb440fa6a1672bfc94f 
Number of updated asset objects reloaded before import = 0
Number of asset objects unloaded after import = 0
========================================================================
Received Import Request.
  Time of request: 2026-10-09T14:09:53.764425Z
  Time since last request: 0.000281616 seconds.
  importAddress: GUID: 1b516656c1bb6634192a33e967e54491 - Path: Packages/com.unity.render-pipelines.core/Runtime/Upscaling/FSR2Options.cs - Importer: ScriptedImporter/UnityEditor.QuickSearchModule:UnityEditor.Search:ASIAI0B
Importing 'GUID: 1b516656c1bb6634192a33e967e54491 - Path: Packages/com.unity.render-pipelines.core/Runtime/Upscaling/FSR2Options.cs - Importer: ScriptedImporter/UnityEditor.QuickSearchModule:UnityEditor.Search:ASIAI0B' with importer (ScriptedImporter : UnityEditor.QuickSearchModule:UnityEditor.Search:ASIAI0B)
Imported 'GUID: 1b516656c1bb6634192a33e967e54491' -> (Import Result ID: '28d147c3c31fee749d4c6857517abc7e') in 0.002 seconds [static and dynamic dependencies]. Details - ImportResultOutputID=83d930f52c694484b64c96f2ebcd4cf7 DependenciesID=888bbf34f8d7f948470bf40d1f170dff StaticDependenciesID=b170a9a49b97b408ba4de158dfe9cccd 
Number of updated asset objects reloaded before import = 0
Number of asset objects unloaded after import = 0
========================================================================
Received Import Request.
  Time of request: 2026-10-09T14:09:53.774788Z
  Time since last request: 0.000212396 seconds.
  importAddress: GUID: ee2d997a8a7c5de408c0a4194b1a8b4d - Path: Packages/com.unity.render-pipelines.core/Runtime/Textures/RTHandleSystem.cs - Importer: ScriptedImporter/UnityEditor.QuickSearchModule:UnityEditor.Search:ASIAI0B
Importing 'GUID: ee2d997a8a7c5de408c0a4194b1a8b4d - Path: Packages/com.unity.render-pipelines.core/Runtime/Textures/RTHandleSystem.cs - Importer: ScriptedImporter/UnityEditor.QuickSearchModule:UnityEditor.Search:ASIAI0B' with importer (ScriptedImporter : UnityEditor.QuickSearchModule:UnityEditor.Search:ASIAI0B)
Imported 'GUID: ee2d997a8a7c5de408c0a4194b1a8b4d' -> (Import Result ID: 'c05e0607332ad2c5972ee64c80619a85') in 0.001 seconds [static and dynamic dependencies]. Details - ImportResultOutputID=d5edf7f199f27a9a7f7939f3f04a96c1 DependenciesID=d7a248fa3b9219a01afa919860d4264a StaticDependenciesID=098b9ffa275740adf4c6be054bb4775a 
Number of updated asset objects reloaded before import = 0
Number of asset objects unloaded after import = 0
========================================================================
Received Import Request.
  Time of request: 2026-10-09T14:09:53.784013Z
  Time since last request: 0.00019808 seconds.
  importAddress: GUID: a4f17041120a6f24c8d78d484c813aec - Path: Packages/com.unity.render-pipelines.core/Runtime/Sampling/SamplingResources.hlsl - Importer: ScriptedImporter/UnityEditor.QuickSearchModule:UnityEditor.Search:ASIAI0B
Importing 'GUID: a4f17041120a6f24c8d78d484c813aec - Path: Packages/com.unity.render-pipelines.core/Runtime/Sampling/SamplingResources.hlsl - Importer: ScriptedImporter/UnityEditor.QuickSearchModule:UnityEditor.Search:ASIAI0B' with importer (ScriptedImporter : UnityEditor.QuickSearchModule:UnityEditor.Search:ASIAI0B)
Imported 'GUID: a4f17041120a6f24c8d78d484c813aec' -> (Import Result ID: '99cd1fea7c47833c2d70618084c525b6') in 0.002 seconds [static and dynamic dependencies]. Details - ImportResultOutputID=de93411f4cb7af43bde5e3a351670c44 DependenciesID=178311c4d88154c835db6acc216de779 StaticDependenciesID=b463428c18d2e2c1bd0b7a507f537e31 
Number of updated asset objects reloaded before import = 0
Number of asset objects unloaded after import = 1
========================================================================
Received Import Request.
  Time of request: 2026-10-09T14:09:53.792357Z
  Time since last request: 0.0002841 seconds.
  importAddress: GUID: 047623a35563f0e45bbfce747454416c - Path: Packages/com.unity.render-pipelines.core/Runtime/UnifiedRayTracing/Bindings.hlsl - Importer: ScriptedImporter/UnityEditor.QuickSearchModule:UnityEditor.Search:ASIAI0B
Importing 'GUID: 047623a35563f0e45bbfce747454416c - Path: Packages/com.unity.render-pipelines.core/Runtime/UnifiedRayTracing/Bindings.hlsl - Importer: ScriptedImporter/UnityEditor.QuickSearchModule:UnityEditor.Search:ASIAI0B' with importer (ScriptedImporter : UnityEditor.QuickSearchModule:UnityEditor.Search:ASIAI0B)
Imported 'GUID: 047623a35563f0e45bbfce747454416c' -> (Import Result ID: 'b2a96ee1bb529a642b6e6d3b2e5583cb') in 0.002 seconds [static and dynamic dependencies]. Details - ImportResultOutputID=227f9ccbd0a8fec0cde6bd9633bc1ef6 DependenciesID=b7109818d906c27deae932f3673ed2a3 StaticDependenciesID=eddea63e1b24ccfe8fc82c7fa13253bc 
Number of updated asset objects reloaded before import = 0
Number of asset objects unloaded after import = 1
========================================================================
Received Import Request.
  Time of request: 2026-10-09T14:09:53.80088Z
  Time since last request: 0.000480667 seconds.
  importAddress: GUID: b00dc2880e57ba9478272a6854722b7d - Path: Packages/com.unity.render-pipelines.core/Runtime/Settings/IncludeRenderPipelineAsset.cs - Importer: ScriptedImporter/UnityEditor.QuickSearchModule:UnityEditor.Search:ASIAI0B
Importing 'GUID: b00dc2880e57ba9478272a6854722b7d - Path: Packages/com.unity.render-pipelines.core/Runtime/Settings/IncludeRenderPipelineAsset.cs - Importer: ScriptedImporter/UnityEditor.QuickSearchModule:UnityEditor.Search:ASIAI0B' with importer (ScriptedImporter : UnityEditor.QuickSearchModule:UnityEditor.Search:ASIAI0B)
Imported 'GUID: b00dc2880e57ba9478272a6854722b7d' -> (Import Result ID: '33b1387590d18b9365583de8eca20df8') in 0.002 seconds [static and dynamic dependencies]. Details - ImportResultOutputID=6ca7c9a11bae96818b4f6c3fafbca638 DependenciesID=ba7e4434bb6252a35f530d9f13a5837c StaticDependenciesID=52ea87a7d433ae1070ed1f2890607aa9 
Number of updated asset objects reloaded before import = 0
Number of asset objects unloaded after import = 0
========================================================================
Received Import Request.
  Time of request: 2026-10-09T14:09:53.809293Z
  Time since last request: 0.000439531 seconds.
  importAddress: GUID: 53de0087ce88a1640b2b6468a44f0043 - Path: Packages/com.unity.render-pipelines.core/Runtime/Settings/LightmapSamplingSettings.cs - Importer: ScriptedImporter/UnityEditor.QuickSearchModule:UnityEditor.Search:ASIAI0B
Importing 'GUID: 53de0087ce88a1640b2b6468a44f0043 - Path: Packages/com.unity.render-pipelines.core/Runtime/Settings/LightmapSamplingSettings.cs - Importer: ScriptedImporter/UnityEditor.QuickSearchModule:UnityEditor.Search:ASIAI0B' with importer (ScriptedImporter : UnityEditor.QuickSearchModule:UnityEditor.Search:ASIAI0B)
Imported 'GUID: 53de0087ce88a1640b2b6468a44f0043' -> (Import Result ID: 'ca52130856653569e4a2cbc2be334876') in 0.002 seconds [static and dynamic dependencies]. Details - ImportResultOutputID=03d36bfc68f52e442a4d6d5a9005eeb4 DependenciesID=5c6e4e84cd1fe2ddfef7c34c7ae2c163 StaticDependenciesID=0cde2a8cfb6893039c515b27d7f83023 
Number of updated asset objects reloaded before import = 0
Number of asset objects unloaded after import = 0
========================================================================
Received Import Request.
  Time of request: 2026-10-09T14:09:53.818341Z
  Time since last request: 0.00080341 seconds.
  importAddress: GUID: e4d930e9e8a448f3a83cc94a56ea2539 - Path: Packages/com.unity.render-pipelines.core/Runtime/Settings/IDefaultVolumeProfileSettings.cs - Importer: ScriptedImporter/UnityEditor.QuickSearchModule:UnityEditor.Search:ASIAI0B
Importing 'GUID: e4d930e9e8a448f3a83cc94a56ea2539 - Path: Packages/com.unity.render-pipelines.core/Runtime/Settings/IDefaultVolumeProfileSettings.cs - Importer: ScriptedImporter/UnityEditor.QuickSearchModule:UnityEditor.Search:ASIAI0B' with importer (ScriptedImporter : UnityEditor.QuickSearchModule:UnityEditor.Search:ASIAI0B)
Imported 'GUID: e4d930e9e8a448f3a83cc94a56ea2539' -> (Import Result ID: '2e72cc1d22bf51c9ac247c3e093e2278') in 0.002 seconds [static and dynamic dependencies]. Details - ImportResultOutputID=adbe0f630af8ba58d4d5ff9ae9d2634d DependenciesID=6c2825b9ad6ef3611eae985048514e46 StaticDependenciesID=fb1610088059d2c0fba7d2148024ef44 
Number of updated asset objects reloaded before import = 0
Number of asset objects unloaded after import = 0
========================================================================
Received Import Request.
  Time of request: 2026-10-09T14:09:53.84594Z
  Time since last request: 0.019278155 seconds.
  importAddress: GUID: 14a46e0dac04a0245b3f95359167b663 - Path: Packages/com.unity.render-pipelines.core/ShaderLibrary/API/GLES3.hlsl - Importer: ScriptedImporter/UnityEditor.QuickSearchModule:UnityEditor.Search:ASIAI0B
Importing 'GUID: 14a46e0dac04a0245b3f95359167b663 - Path: Packages/com.unity.render-pipelines.core/ShaderLibrary/API/GLES3.hlsl - Importer: ScriptedImporter/UnityEditor.QuickSearchModule:UnityEditor.Search:ASIAI0B' with importer (ScriptedImporter : UnityEditor.QuickSearchModule:UnityEditor.Search:ASIAI0B)
Imported 'GUID: 14a46e0dac04a0245b3f95359167b663' -> (Import Result ID: 'd1b758b75b09f08c9ef92e3a960f7c4a') in 0.001 seconds [static and dynamic dependencies]. Details - ImportResultOutputID=252e650fe1bad0d5dbee590aaf017022 DependenciesID=28df0533a32e1dcb6d4bd7729566f779 StaticDependenciesID=6841d4db51efb6e3759be92ba9e8b98f 
Number of updated asset objects reloaded before import = 0
Number of asset objects unloaded after import = 1
========================================================================
Received Import Request.
  Time of request: 2026-10-09T14:09:53.85368Z
  Time since last request: 0.000357467 seconds.
  importAddress: GUID: d96647d3fcceac0429f12837ce7e2e3e - Path: Packages/com.unity.render-pipelines.core/Runtime/Utilities/CoreMatrixUtils.cs - Importer: ScriptedImporter/UnityEditor.QuickSearchModule:UnityEditor.Search:ASIAI0B
Importing 'GUID: d96647d3fcceac0429f12837ce7e2e3e - Path: Packages/com.unity.render-pipelines.core/Runtime/Utilities/CoreMatrixUtils.cs - Importer: ScriptedImporter/UnityEditor.QuickSearchModule:UnityEditor.Search:ASIAI0B' with importer (ScriptedImporter : UnityEditor.QuickSearchModule:UnityEditor.Search:ASIAI0B)
Imported 'GUID: d96647d3fcceac0429f12837ce7e2e3e' -> (Import Result ID: '700f0019736439a169522addeb7fd34e') in 0.001 seconds [static and dynamic dependencies]. Details - ImportResultOutputID=ceb22513ddf0acaf64c1d41115157c37 DependenciesID=1706e2f0db7badcc96001a78bd2cbd4b StaticDependenciesID=d35fac99f33bec92151db29d58138ff9 
Number of updated asset objects reloaded before import = 0
Number of asset objects unloaded after import = 0
========================================================================
Received Import Request.
  Time of request: 2026-10-09T14:09:53.861868Z
  Time since last request: 0.000456232 seconds.
  importAddress: GUID: a88e3e436344c9246acd63d2edca6fdf - Path: Packages/com.unity.render-pipelines.core/Runtime/XR/XRGraphicsAutomatedTests.cs - Importer: ScriptedImporter/UnityEditor.QuickSearchModule:UnityEditor.Search:ASIAI0B
Importing 'GUID: a88e3e436344c9246acd63d2edca6fdf - Path: Packages/com.unity.render-pipelines.core/Runtime/XR/XRGraphicsAutomatedTests.cs - Importer: ScriptedImporter/UnityEditor.QuickSearchModule:UnityEditor.Search:ASIAI0B' with importer (ScriptedImporter : UnityEditor.QuickSearchModule:UnityEditor.Search:ASIAI0B)
Imported 'GUID: a88e3e436344c9246acd63d2edca6fdf' -> (Import Result ID: 'd7ef5d147d423880dfe1cc5d942add2c') in 0.001 seconds [static and dynamic dependencies]. Details - ImportResultOutputID=6ecec27e917506497b00024706d6d248 DependenciesID=f334f173503818d8ec8bb91ca6742d02 StaticDependenciesID=c2dc5225740a730a43f82c48f671f19b 
Number of updated asset objects reloaded before import = 0
Number of asset objects unloaded after import = 0
========================================================================
Received Import Request.
  Time of request: 2026-10-09T14:09:53.870184Z
  Time since last request: 0.000356545 seconds.
  importAddress: GUID: 722e53e6319a6da4994e39d6e63bfe9e - Path: Packages/com.unity.render-pipelines.core/Runtime/Utilities/ResourceReloader.cs - Importer: ScriptedImporter/UnityEditor.QuickSearchModule:UnityEditor.Search:ASIAI0B
Importing 'GUID: 722e53e6319a6da4994e39d6e63bfe9e - Path: Packages/com.unity.render-pipelines.core/Runtime/Utilities/ResourceReloader.cs - Importer: ScriptedImporter/UnityEditor.QuickSearchModule:UnityEditor.Search:ASIAI0B' with importer (ScriptedImporter : UnityEditor.QuickSearchModule:UnityEditor.Search:ASIAI0B)
Imported 'GUID: 722e53e6319a6da4994e39d6e63bfe9e' -> (Import Result ID: 'cb26db77dfb26f89959f918265fb21c7') in 0.001 seconds [static and dynamic dependencies]. Details - ImportResultOutputID=f13b35886ea1d3fcc4e820bfdfa1cce0 DependenciesID=a9b67afc2666033f98900d43c7e3fd0c StaticDependenciesID=83e0c429726d5705150704802b3ce32f 
Number of updated asset objects reloaded before import = 0
Number of asset objects unloaded after import = 0
========================================================================
Received Import Request.
  Time of request: 2026-10-09T14:09:53.878559Z
  Time since last request: 0.000272449 seconds.
  importAddress: GUID: 17e9ff94ac9e8aa4e81b23222a4dc205 - Path: Packages/com.unity.render-pipelines.core/ShaderLibrary/API/GLCore.hlsl - Importer: ScriptedImporter/UnityEditor.QuickSearchModule:UnityEditor.Search:ASIAI0B
Importing 'GUID: 17e9ff94ac9e8aa4e81b23222a4dc205 - Path: Packages/com.unity.render-pipelines.core/ShaderLibrary/API/GLCore.hlsl - Importer: ScriptedImporter/UnityEditor.QuickSearchModule:UnityEditor.Search:ASIAI0B' with importer (ScriptedImporter : UnityEditor.QuickSearchModule:UnityEditor.Search:ASIAI0B)
Imported 'GUID: 17e9ff94ac9e8aa4e81b23222a4dc205' -> (Import Result ID: 'd2ebba183e29e3ad88e2f14ca9bd7213') in 0.002 seconds [static and dynamic dependencies]. Details - ImportResultOutputID=603772708a887a6b31a9629d537f0665 DependenciesID=78eecf05153153376f52d4c48766e6ad StaticDependenciesID=3c76e3a845c1d0b9b126c365e28366fe 
Number of updated asset objects reloaded before import = 0
Number of asset objects unloaded after import = 1
========================================================================
Received Import Request.
  Time of request: 2026-10-09T14:09:53.887083Z
  Time since last request: 0.000241671 seconds.
  importAddress: GUID: e885d2d1e5bc4382b9f742451fef9b1f - Path: Packages/com.unity.render-pipelines.core/ShaderLibrary/API/FoveatedRendering_Metal.hlsl - Importer: ScriptedImporter/UnityEditor.QuickSearchModule:UnityEditor.Search:ASIAI0B
Importing 'GUID: e885d2d1e5bc4382b9f742451fef9b1f - Path: Packages/com.unity.render-pipelines.core/ShaderLibrary/API/FoveatedRendering_Metal.hlsl - Importer: ScriptedImporter/UnityEditor.QuickSearchModule:UnityEditor.Search:ASIAI0B' with importer (ScriptedImporter : UnityEditor.QuickSearchModule:UnityEditor.Search:ASIAI0B)
Imported 'GUID: e885d2d1e5bc4382b9f742451fef9b1f' -> (Import Result ID: '97c11f446332af4dce6f493109578f69') in 0.001 seconds [static and dynamic dependencies]. Details - ImportResultOutputID=88ad8450c893e2f526de6bed96138358 DependenciesID=811bc274e21ab3dded642bc99cb50192 StaticDependenciesID=8797a92f0b25f9ce972ff3be175828a4 
Number of updated asset objects reloaded before import = 0
Number of asset objects unloaded after import = 1
========================================================================
Received Import Request.
  Time of request: 2026-10-09T14:09:53.895403Z
  Time since last request: 0.000261038 seconds.
  importAddress: GUID: e0badbba7ccb42748817520dc250e720 - Path: Packages/com.unity.render-pipelines.core/ShaderLibrary/API/WebGPU.hlsl - Importer: ScriptedImporter/UnityEditor.QuickSearchModule:UnityEditor.Search:ASIAI0B
Importing 'GUID: e0badbba7ccb42748817520dc250e720 - Path: Packages/com.unity.render-pipelines.core/ShaderLibrary/API/WebGPU.hlsl - Importer: ScriptedImporter/UnityEditor.QuickSearchModule:UnityEditor.Search:ASIAI0B' with importer (ScriptedImporter : UnityEditor.QuickSearchModule:UnityEditor.Search:ASIAI0B)
Imported 'GUID: e0badbba7ccb42748817520dc250e720' -> (Import Result ID: '3e6f87d690f80f9e37a68b4ea6b4fba0') in 0.002 seconds [static and dynamic dependencies]. Details - ImportResultOutputID=326f8fd00056da46c73a57fe8064a130 DependenciesID=a27e2733cdcf2324707e37619221857a StaticDependenciesID=84a0cd4126341494201e74681d5affa4 
Number of updated asset objects reloaded before import = 0
Number of asset objects unloaded after import = 1
========================================================================
Received Import Request.
  Time of request: 2026-10-09T14:09:53.903729Z
  Time since last request: 0.000233415 seconds.
  importAddress: GUID: 3ead45caf3764e9458334a2b99e6d421 - Path: Packages/com.unity.render-pipelines.core/Runtime/Utilities/ColorUtils.cs - Importer: ScriptedImporter/UnityEditor.QuickSearchModule:UnityEditor.Search:ASIAI0B
Importing 'GUID: 3ead45caf3764e9458334a2b99e6d421 - Path: Packages/com.unity.render-pipelines.core/Runtime/Utilities/ColorUtils.cs - Importer: ScriptedImporter/UnityEditor.QuickSearchModule:UnityEditor.Search:ASIAI0B' with importer (ScriptedImporter : UnityEditor.QuickSearchModule:UnityEditor.Search:ASIAI0B)
Imported 'GUID: 3ead45caf3764e9458334a2b99e6d421' -> (Import Result ID: '693137039e92930322999dc5b562dba1') in 0.002 seconds [static and dynamic dependencies]. Details - ImportResultOutputID=7afa72efe10297a1f2faede839f974ca DependenciesID=e05abebb73f3ab7fabb049b5a44c45da StaticDependenciesID=aeccf5ebdb473053b457c1c7f24bb54d 
Number of updated asset objects reloaded before import = 0
Number of asset objects unloaded after import = 0
========================================================================
Received Import Request.
  Time of request: 2026-10-09T14:09:53.912947Z
  Time since last request: 0.000405467 seconds.
  importAddress: GUID: d3562354edd44e76aa9d77b720395854 - Path: Packages/com.unity.render-pipelines.core/Runtime/XR/XRLayoutStack.cs - Importer: ScriptedImporter/UnityEditor.QuickSearchModule:UnityEditor.Search:ASIAI0B
Importing 'GUID: d3562354edd44e76aa9d77b720395854 - Path: Packages/com.unity.render-pipelines.core/Runtime/XR/XRLayoutStack.cs - Importer: ScriptedImporter/UnityEditor.QuickSearchModule:UnityEditor.Search:ASIAI0B' with importer (ScriptedImporter : UnityEditor.QuickSearchModule:UnityEditor.Search:ASIAI0B)
Imported 'GUID: d3562354edd44e76aa9d77b720395854' -> (Import Result ID: 'fd1ffa48ee621ca12a134144df1cc323') in 0.002 seconds [static and dynamic dependencies]. Details - ImportResultOutputID=a725038bb403f317d992caff5e39d338 DependenciesID=10d355fd88c280a07e73793bbc8dd060 StaticDependenciesID=e2e29557051fabf117fcad4947509ee5 
Number of updated asset objects reloaded before import = 0
Number of asset objects unloaded after import = 0
========================================================================
Received Import Request.
  Time of request: 2026-10-09T14:09:53.921935Z
  Time since last request: 0.000436645 seconds.
  importAddress: GUID: e81335bf0a3c45c4fa81ed2fe67eeba0 - Path: Packages/com.unity.render-pipelines.core/ShaderLibrary/API/Switch.hlsl - Importer: ScriptedImporter/UnityEditor.QuickSearchModule:UnityEditor.Search:ASIAI0B
Importing 'GUID: e81335bf0a3c45c4fa81ed2fe67eeba0 - Path: Packages/com.unity.render-pipelines.core/ShaderLibrary/API/Switch.hlsl - Importer: ScriptedImporter/UnityEditor.QuickSearchModule:UnityEditor.Search:ASIAI0B' with importer (ScriptedImporter : UnityEditor.QuickSearchModule:UnityEditor.Search:ASIAI0B)
Imported 'GUID: e81335bf0a3c45c4fa81ed2fe67eeba0' -> (Import Result ID: '421fc461ba214e1e66f6d4d6ea74352c') in 0.001 seconds [static and dynamic dependencies]. Details - ImportResultOutputID=f4125ae28b7fc3ea19facfa5ca75d723 DependenciesID=03a23001364c40b7026ad57ec0fc7f01 StaticDependenciesID=8336ce21f68510b2edb1f82eafff2f46 
Number of updated asset objects reloaded before import = 0
Number of asset objects unloaded after import = 1
========================================================================
Received Import Request.
  Time of request: 2026-10-09T14:09:53.930371Z
  Time since last request: 0.000141144 seconds.
  importAddress: GUID: 65f885ff41204234be23cc2446e7bb85 - Path: Packages/com.unity.render-pipelines.core/Runtime-PrivateShared/InternalBridge/Unity.InternalAPIEngineBridge.RenderPipelines.Core.Runtime.Shared.asmdef - Importer: ScriptedImporter/UnityEditor.QuickSearchModule:UnityEditor.Search:ASIAI0B
Importing 'GUID: 65f885ff41204234be23cc2446e7bb85 - Path: Packages/com.unity.render-pipelines.core/Runtime-PrivateShared/InternalBridge/Unity.InternalAPIEngineBridge.RenderPipelines.Core.Runtime.Shared.asmdef - Importer: ScriptedImporter/UnityEditor.QuickSearchModule:UnityEditor.Search:ASIAI0B' with importer (ScriptedImporter : UnityEditor.QuickSearchModule:UnityEditor.Search:ASIAI0B)
Imported 'GUID: 65f885ff41204234be23cc2446e7bb85' -> (Import Result ID: '762561e66957f5c2192d53788c012d90') in 0.001 seconds [static and dynamic dependencies]. Details - ImportResultOutputID=af0cb5a1ae3307c2a467f2a5b39c0827 DependenciesID=317384668cc3e66d6ed34b6d0c9d96c7 StaticDependenciesID=78ae41d550712106996420ed04a1b386 
Number of updated asset objects reloaded before import = 0
Number of asset objects unloaded after import = 1
========================================================================
Received Import Request.
  Time of request: 2026-10-09T14:09:53.938464Z
  Time since last request: 0.000370873 seconds.
  importAddress: GUID: 4d3b530d53faf114e9c17ced1f0bbbf1 - Path: Packages/com.unity.render-pipelines.core/Runtime/Utilities/HableCurve.cs - Importer: ScriptedImporter/UnityEditor.QuickSearchModule:UnityEditor.Search:ASIAI0B
Importing 'GUID: 4d3b530d53faf114e9c17ced1f0bbbf1 - Path: Packages/com.unity.render-pipelines.core/Runtime/Utilities/HableCurve.cs - Importer: ScriptedImporter/UnityEditor.QuickSearchModule:UnityEditor.Search:ASIAI0B' with importer (ScriptedImporter : UnityEditor.QuickSearchModule:UnityEditor.Search:ASIAI0B)
Imported 'GUID: 4d3b530d53faf114e9c17ced1f0bbbf1' -> (Import Result ID: 'db2285ba9af809b080daf88374c21e2a') in 0.002 seconds [static and dynamic dependencies]. Details - ImportResultOutputID=6aa9019e97ee25a00dccbb139e04d1ff DependenciesID=0e2e1d623d541d6557b46c206be31260 StaticDependenciesID=8e62e5cfc009118a9a2617fa97776eaf 
Number of updated asset objects reloaded before import = 0
Number of asset objects unloaded after import = 0
========================================================================
Received Import Request.
  Time of request: 2026-10-09T14:09:53.947659Z
  Time since last request: 0.00018203 seconds.
  importAddress: GUID: f3e4d64dcf820e040a738f576d8d1f79 - Path: Packages/com.unity.render-pipelines.core/ShaderLibrary/Sampling/SampleUVMapping.hlsl - Importer: ScriptedImporter/UnityEditor.QuickSearchModule:UnityEditor.Search:ASIAI0B
Importing 'GUID: f3e4d64dcf820e040a738f576d8d1f79 - Path: Packages/com.unity.render-pipelines.core/ShaderLibrary/Sampling/SampleUVMapping.hlsl - Importer: ScriptedImporter/UnityEditor.QuickSearchModule:UnityEditor.Search:ASIAI0B' with importer (ScriptedImporter : UnityEditor.QuickSearchModule:UnityEditor.Search:ASIAI0B)
Imported 'GUID: f3e4d64dcf820e040a738f576d8d1f79' -> (Import Result ID: '7fa0d6f48cbb381e50b21426c01a9529') in 0.001 seconds [static and dynamic dependencies]. Details - ImportResultOutputID=74ab107974c91d75e6832ccac2d39e60 DependenciesID=4c92cbfff46baafe8f69aef82c2be021 StaticDependenciesID=16b86d938dc6910813b17f2affec684d 
Number of updated asset objects reloaded before import = 0
Number of asset objects unloaded after import = 1
========================================================================
Received Import Request.
  Time of request: 2026-10-09T14:09:53.955604Z
  Time since last request: 0.000155781 seconds.
  importAddress: GUID: 9b4a00e761b63254eab3f6e8fb135dee - Path: Packages/com.unity.render-pipelines.core/Runtime/XR/XRSRPSettings.cs - Importer: ScriptedImporter/UnityEditor.QuickSearchModule:UnityEditor.Search:ASIAI0B
Importing 'GUID: 9b4a00e761b63254eab3f6e8fb135dee - Path: Packages/com.unity.render-pipelines.core/Runtime/XR/XRSRPSettings.cs - Importer: ScriptedImporter/UnityEditor.QuickSearchModule:UnityEditor.Search:ASIAI0B' with importer (ScriptedImporter : UnityEditor.QuickSearchModule:UnityEditor.Search:ASIAI0B)
Imported 'GUID: 9b4a00e761b63254eab3f6e8fb135dee' -> (Import Result ID: '7b0e2d30ca91f0b5b6a7c3643e215a93') in 0.001 seconds [static and dynamic dependencies]. Details - ImportResultOutputID=0f145411fcb5199b971a67f70be513c4 DependenciesID=3872d79753f196388cb6663edc492aab StaticDependenciesID=d606e7c14650842281acfd69d6fad377 
Number of updated asset objects reloaded before import = 0
Number of asset objects unloaded after import = 0
========================================================================
Received Import Request.
  Time of request: 2026-10-09T14:09:53.96352Z
  Time since last request: 0.000342369 seconds.
  importAddress: GUID: 01b8f0e33ff01164da19412b5fbdc7d4 - Path: Packages/com.unity.render-pipelines.core/ShaderLibrary/Sampling/SampleUVMappingInternal.hlsl - Importer: ScriptedImporter/UnityEditor.QuickSearchModule:UnityEditor.Search:ASIAI0B
Importing 'GUID: 01b8f0e33ff01164da19412b5fbdc7d4 - Path: Packages/com.unity.render-pipelines.core/ShaderLibrary/Sampling/SampleUVMappingInternal.hlsl - Importer: ScriptedImporter/UnityEditor.QuickSearchModule:UnityEditor.Search:ASIAI0B' with importer (ScriptedImporter : UnityEditor.QuickSearchModule:UnityEditor.Search:ASIAI0B)
Imported 'GUID: 01b8f0e33ff01164da19412b5fbdc7d4' -> (Import Result ID: '7182ffbf92286a25a404062831a2dee1') in 0.002 seconds [static and dynamic dependencies]. Details - ImportResultOutputID=ac51a70de5ab834a35b773bf342de41d DependenciesID=a474498d4222dff4a6cb5c61ea407aee StaticDependenciesID=275117a6f1e251f714e36214dd120f0c 
Number of updated asset objects reloaded before import = 0
Number of asset objects unloaded after import = 1
========================================================================
Received Import Request.
  Time of request: 2026-10-09T14:09:53.97388Z
  Time since last request: 0.000178794 seconds.
  importAddress: GUID: 556096baecf4aeb4e9f0d3efce77e08f - Path: Packages/com.unity.render-pipelines.core/Runtime/Volume/VolumeComponent.cs - Importer: ScriptedImporter/UnityEditor.QuickSearchModule:UnityEditor.Search:ASIAI0B
Importing 'GUID: 556096baecf4aeb4e9f0d3efce77e08f - Path: Packages/com.unity.render-pipelines.core/Runtime/Volume/VolumeComponent.cs - Importer: ScriptedImporter/UnityEditor.QuickSearchModule:UnityEditor.Search:ASIAI0B' with importer (ScriptedImporter : UnityEditor.QuickSearchModule:UnityEditor.Search:ASIAI0B)
Imported 'GUID: 556096baecf4aeb4e9f0d3efce77e08f' -> (Import Result ID: 'b16aa7b15ce3ec30e35829b8e989948c') in 0.001 seconds [static and dynamic dependencies]. Details - ImportResultOutputID=3a8f5c882ab41fa970823d93c2d05c16 DependenciesID=c58ccc72e41872eb154cc23cf9853739 StaticDependenciesID=815cc4183ac564c16263805482db9a5e 
Number of updated asset objects reloaded before import = 0
Number of asset objects unloaded after import = 0
========================================================================
Received Import Request.
  Time of request: 2026-10-09T14:09:53.990716Z
  Time since last request: 0.008826196 seconds.
  importAddress: GUID: 5b39e85330fc80e43b645b014ca68eda - Path: Packages/com.unity.render-pipelines.core/Tests/Editor/RemoveComponentTests.cs - Importer: ScriptedImporter/UnityEditor.QuickSearchModule:UnityEditor.Search:ASIAI0B
Importing 'GUID: 5b39e85330fc80e43b645b014ca68eda - Path: Packages/com.unity.render-pipelines.core/Tests/Editor/RemoveComponentTests.cs - Importer: ScriptedImporter/UnityEditor.QuickSearchModule:UnityEditor.Search:ASIAI0B' with importer (ScriptedImporter : UnityEditor.QuickSearchModule:UnityEditor.Search:ASIAI0B)
Imported 'GUID: 5b39e85330fc80e43b645b014ca68eda' -> (Import Result ID: '5b99246060c476fe212aabe8b4a227a5') in 0.002 seconds [static and dynamic dependencies]. Details - ImportResultOutputID=16d8c4e3266a32ac80f880498cd76497 DependenciesID=23eadfc7731a438d77189486eceae1b2 StaticDependenciesID=9d2c95c5e9577a2d1853ab195b4ba383 
Number of updated asset objects reloaded before import = 0
Number of asset objects unloaded after import = 0
========================================================================
Received Import Request.
  Time of request: 2026-10-09T14:09:53.999438Z
  Time since last request: 0.00079282 seconds.
  importAddress: GUID: b1737e8dd5ce0104ca1f1c05b481fad9 - Path: Packages/com.unity.render-pipelines.core/Editor/Icons/MipLevels/Volume@256.png - Importer: ScriptedImporter/UnityEditor.QuickSearchModule:UnityEditor.Search:ASIAI0B
Importing 'GUID: b1737e8dd5ce0104ca1f1c05b481fad9 - Path: Packages/com.unity.render-pipelines.core/Editor/Icons/MipLevels/Volume@256.png - Importer: ScriptedImporter/UnityEditor.QuickSearchModule:UnityEditor.Search:ASIAI0B' with importer (ScriptedImporter : UnityEditor.QuickSearchModule:UnityEditor.Search:ASIAI0B)
Imported 'GUID: b1737e8dd5ce0104ca1f1c05b481fad9' -> (Import Result ID: '98cbf8629caafcfd06fe1f15b93faa61') in 0.004 seconds [static and dynamic dependencies]. Details - ImportResultOutputID=bd71f1242ef5e0a06774f780ced1b0cb DependenciesID=d63d3eba240024245eef262ab8d3aa29 StaticDependenciesID=b3b2bb683fcc2df429e8ce7692299149 
Number of updated asset objects reloaded before import = 0
Number of asset objects unloaded after import = 1
========================================================================
Received Import Request.
  Time of request: 2026-10-09T14:09:54.009441Z
  Time since last request: 0.000236992 seconds.
  importAddress: GUID: 07d524f53c3f0a24b952dad4f0d95192 - Path: Packages/com.unity.render-pipelines.core/Editor/Icons/MipLevels/d_RenderPipelineResources@128.png - Importer: ScriptedImporter/UnityEditor.QuickSearchModule:UnityEditor.Search:ASIAI0B
Importing 'GUID: 07d524f53c3f0a24b952dad4f0d95192 - Path: Packages/com.unity.render-pipelines.core/Editor/Icons/MipLevels/d_RenderPipelineResources@128.png - Importer: ScriptedImporter/UnityEditor.QuickSearchModule:UnityEditor.Search:ASIAI0B' with importer (ScriptedImporter : UnityEditor.QuickSearchModule:UnityEditor.Search:ASIAI0B)
Imported 'GUID: 07d524f53c3f0a24b952dad4f0d95192' -> (Import Result ID: 'b6eaea67f122fc143940152a7b859a6b') in 0.005 seconds [static and dynamic dependencies]. Details - ImportResultOutputID=802b1648e6a5dc8bdfe67e8e67831d39 DependenciesID=45b7e228e74c19164896cc76b1fd8a2c StaticDependenciesID=d0a5edcc7d159c5be7c9f2afc18120a2 
Number of updated asset objects reloaded before import = 0
Number of asset objects unloaded after import = 1
========================================================================
Received Import Request.
  Time of request: 2026-10-09T14:09:54.020891Z
  Time since last request: 0.000151533 seconds.
  importAddress: GUID: adc1ce28e3842cd46b0a08e5ac86a647 - Path: Packages/com.unity.render-pipelines.core/Editor/Icons/MipLevels/d_RenderPipelineResources@16.png - Importer: ScriptedImporter/UnityEditor.QuickSearchModule:UnityEditor.Search:ASIAI0B
Importing 'GUID: adc1ce28e3842cd46b0a08e5ac86a647 - Path: Packages/com.unity.render-pipelines.core/Editor/Icons/MipLevels/d_RenderPipelineResources@16.png - Importer: ScriptedImporter/UnityEditor.QuickSearchModule:UnityEditor.Search:ASIAI0B' with importer (ScriptedImporter : UnityEditor.QuickSearchModule:UnityEditor.Search:ASIAI0B)
Imported 'GUID: adc1ce28e3842cd46b0a08e5ac86a647' -> (Import Result ID: '4550422f282d23185c5d25be9d23077a') in 0.003 seconds [static and dynamic dependencies]. Details - ImportResultOutputID=48c7d304505d6bb8f0b5a04d39a50c2b DependenciesID=a57ebe63cd44bdc08bbb00fa2958f3d4 StaticDependenciesID=0313df922592dba600c8ec38772bea20 
Number of updated asset objects reloaded before import = 0
Number of asset objects unloaded after import = 1
========================================================================
Received Import Request.
  Time of request: 2026-10-09T14:09:54.031205Z
  Time since last request: 0.000328664 seconds.
  importAddress: GUID: 61de5e80a5bf01f40968ac86d656dd62 - Path: Packages/com.unity.render-pipelines.core/Tests/Runtime/AssemblyInfos.cs - Importer: ScriptedImporter/UnityEditor.QuickSearchModule:UnityEditor.Search:ASIAI0B
Importing 'GUID: 61de5e80a5bf01f40968ac86d656dd62 - Path: Packages/com.unity.render-pipelines.core/Tests/Runtime/AssemblyInfos.cs - Importer: ScriptedImporter/UnityEditor.QuickSearchModule:UnityEditor.Search:ASIAI0B' with importer (ScriptedImporter : UnityEditor.QuickSearchModule:UnityEditor.Search:ASIAI0B)
Imported 'GUID: 61de5e80a5bf01f40968ac86d656dd62' -> (Import Result ID: 'cdfb4be4aa848d0e5587d7176debdf35') in 0.001 seconds [static and dynamic dependencies]. Details - ImportResultOutputID=10a3df59993edf9674e1b9e68f9542c9 DependenciesID=ae1942d58501251d2a0f6d0421c2d5ed StaticDependenciesID=c454c11efde62b3a818b7ead74a5e62e 
Number of updated asset objects reloaded before import = 0
Number of asset objects unloaded after import = 0
========================================================================
Received Import Request.
  Time of request: 2026-10-09T14:09:54.040434Z
  Time since last request: 0.00056256 seconds.
  importAddress: GUID: 8a059bee53a757a408e35c70e82ac2fb - Path: Packages/com.unity.render-pipelines.core/Editor/CommandBuffers/CommandBufferGenerator/CommandBufferGenerator.cs - Importer: ScriptedImporter/UnityEditor.QuickSearchModule:UnityEditor.Search:ASIAI0B
Importing 'GUID: 8a059bee53a757a408e35c70e82ac2fb - Path: Packages/com.unity.render-pipelines.core/Editor/CommandBuffers/CommandBufferGenerator/CommandBufferGenerator.cs - Importer: ScriptedImporter/UnityEditor.QuickSearchModule:UnityEditor.Search:ASIAI0B' with importer (ScriptedImporter : UnityEditor.QuickSearchModule:UnityEditor.Search:ASIAI0B)
Imported 'GUID: 8a059bee53a757a408e35c70e82ac2fb' -> (Import Result ID: '5b24a26296f0f2f4d65a29d4a56d21f1') in 0.001 seconds [static and dynamic dependencies]. Details - ImportResultOutputID=d938b3bec70fe07bdc7cf8cebc974d53 DependenciesID=4478df26bc55a40ea4811c2c04c68413 StaticDependenciesID=ca966c34be69182bae08a71aa8829e60 
Number of updated asset objects reloaded before import = 0
Number of asset objects unloaded after import = 0
========================================================================
Received Import Request.
  Time of request: 2026-10-09T14:09:54.048155Z
  Time since last request: 0.000217876 seconds.
  importAddress: GUID: bfba7561301ac2a44b010c12825cd189 - Path: Packages/com.unity.render-pipelines.core/Tests/Editor/SweepLineRectUtilsTests.cs - Importer: ScriptedImporter/UnityEditor.QuickSearchModule:UnityEditor.Search:ASIAI0B
Importing 'GUID: bfba7561301ac2a44b010c12825cd189 - Path: Packages/com.unity.render-pipelines.core/Tests/Editor/SweepLineRectUtilsTests.cs - Importer: ScriptedImporter/UnityEditor.QuickSearchModule:UnityEditor.Search:ASIAI0B' with importer (ScriptedImporter : UnityEditor.QuickSearchModule:UnityEditor.Search:ASIAI0B)
Imported 'GUID: bfba7561301ac2a44b010c12825cd189' -> (Import Result ID: '08b001b064fa55870692b638b1c596c1') in 0.001 seconds [static and dynamic dependencies]. Details - ImportResultOutputID=edfc12d5f8c2abf19a38b64e34034f5b DependenciesID=c6198573e34d0af04f1f84fd68814b62 StaticDependenciesID=6c1c051776e55574d10d4f82fc22adb1 
Number of updated asset objects reloaded before import = 0
Number of asset objects unloaded after import = 0
========================================================================
Received Import Request.
  Time of request: 2026-10-09T14:09:54.056081Z
  Time since last request: 0.000309037 seconds.
  importAddress: GUID: 6666e5f03ff07054dbb7a7ac6e6aaee0 - Path: Packages/com.unity.render-pipelines.core/Tests/Editor/CopyDepthToBuffer.compute - Importer: ScriptedImporter/UnityEditor.QuickSearchModule:UnityEditor.Search:ASIAI0B
Importing 'GUID: 6666e5f03ff07054dbb7a7ac6e6aaee0 - Path: Packages/com.unity.render-pipelines.core/Tests/Editor/CopyDepthToBuffer.compute - Importer: ScriptedImporter/UnityEditor.QuickSearchModule:UnityEditor.Search:ASIAI0B' with importer (ScriptedImporter : UnityEditor.QuickSearchModule:UnityEditor.Search:ASIAI0B)
Imported 'GUID: 6666e5f03ff07054dbb7a7ac6e6aaee0' -> (Import Result ID: '0059a1e5683b3847b77d073f3dbd7bf0') in 0.002 seconds [static and dynamic dependencies]. Details - ImportResultOutputID=237ccfe157538828cd1278d4ad55a620 DependenciesID=43158dcef800bdc8fe39c72196b8fd2f StaticDependenciesID=05ac591e83a0eb37825efc06d8fe9780 
Number of updated asset objects reloaded before import = 0
Number of asset objects unloaded after import = 1
========================================================================
Received Import Request.
  Time of request: 2026-10-09T14:09:54.063511Z
  Time since last request: 0.000236832 seconds.
  importAddress: GUID: bba6d5f6892ce2244a2fd45d3050dfd5 - Path: Packages/com.unity.render-pipelines.core/Tests/Editor/CoreRenderPipelinePreferencesTests.cs - Importer: ScriptedImporter/UnityEditor.QuickSearchModule:UnityEditor.Search:ASIAI0B
Importing 'GUID: bba6d5f6892ce2244a2fd45d3050dfd5 - Path: Packages/com.unity.render-pipelines.core/Tests/Editor/CoreRenderPipelinePreferencesTests.cs - Importer: ScriptedImporter/UnityEditor.QuickSearchModule:UnityEditor.Search:ASIAI0B' with importer (ScriptedImporter : UnityEditor.QuickSearchModule:UnityEditor.Search:ASIAI0B)
Imported 'GUID: bba6d5f6892ce2244a2fd45d3050dfd5' -> (Import Result ID: 'b0fe8ce514b944be5d73dd557606c360') in 0.002 seconds [static and dynamic dependencies]. Details - ImportResultOutputID=519e1fdd4ebfda36665a6987829dd814 DependenciesID=6c54e12ae0e010dbfc59dd6664fa5bcf StaticDependenciesID=6179d1309c0d66c0584285fe95075962 
Number of updated asset objects reloaded before import = 0
Number of asset objects unloaded after import = 0
========================================================================
Received Import Request.
  Time of request: 2026-10-09T14:09:54.072755Z
  Time since last request: 0.000370001 seconds.
  importAddress: GUID: c5ec28e8b398e7c48aed77d34ba9cdf8 - Path: Packages/com.unity.render-pipelines.core/Tests/Editor/RenderGraphTests.OnTileValidationLayer.cs - Importer: ScriptedImporter/UnityEditor.QuickSearchModule:UnityEditor.Search:ASIAI0B
Importing 'GUID: c5ec28e8b398e7c48aed77d34ba9cdf8 - Path: Packages/com.unity.render-pipelines.core/Tests/Editor/RenderGraphTests.OnTileValidationLayer.cs - Importer: ScriptedImporter/UnityEditor.QuickSearchModule:UnityEditor.Search:ASIAI0B' with importer (ScriptedImporter : UnityEditor.QuickSearchModule:UnityEditor.Search:ASIAI0B)
Imported 'GUID: c5ec28e8b398e7c48aed77d34ba9cdf8' -> (Import Result ID: '3459619b8b176b79ecdae28227edfad7') in 0.002 seconds [static and dynamic dependencies]. Details - ImportResultOutputID=8e1156a61c88a55a1dee5006fb807865 DependenciesID=eb7e90dbff99e1d565c9e51bb77092c1 StaticDependenciesID=667cbc9d0b8d3f7e8399f3b24f105f97 
Number of updated asset objects reloaded before import = 0
Number of asset objects unloaded after import = 0
========================================================================
Received Import Request.
  Time of request: 2026-10-09T14:09:54.082667Z
  Time since last request: 0.000384488 seconds.
  importAddress: GUID: ca82ccfbb5485754191e3778316b1424 - Path: Packages/com.unity.render-pipelines.core/Editor/Icons/MipLevels/VolumeProfile@64.png - Importer: ScriptedImporter/UnityEditor.QuickSearchModule:UnityEditor.Search:ASIAI0B
Importing 'GUID: ca82ccfbb5485754191e3778316b1424 - Path: Packages/com.unity.render-pipelines.core/Editor/Icons/MipLevels/VolumeProfile@64.png - Importer: ScriptedImporter/UnityEditor.QuickSearchModule:UnityEditor.Search:ASIAI0B' with importer (ScriptedImporter : UnityEditor.QuickSearchModule:UnityEditor.Search:ASIAI0B)
Imported 'GUID: ca82ccfbb5485754191e3778316b1424' -> (Import Result ID: 'db42fc569340b3d206676a531deb2a76') in 0.003 seconds [static and dynamic dependencies]. Details - ImportResultOutputID=7e74f0a90699f408cc3b4620ecb96e80 DependenciesID=a721b95ceeadfd4114bd794361c17371 StaticDependenciesID=b77c8c580e2b3caef97d10bf5cf5febf 
Number of updated asset objects reloaded before import = 0
Number of asset objects unloaded after import = 1
========================================================================
Received Import Request.
  Time of request: 2026-10-09T14:09:54.093009Z
  Time since last request: 0.000176129 seconds.
  importAddress: GUID: 3db890d1d31f2e8469e35a12ff97e3fe - Path: Packages/com.unity.render-pipelines.core/Tests/Runtime/DebugFrameTimingTests.cs - Importer: ScriptedImporter/UnityEditor.QuickSearchModule:UnityEditor.Search:ASIAI0B
Importing 'GUID: 3db890d1d31f2e8469e35a12ff97e3fe - Path: Packages/com.unity.render-pipelines.core/Tests/Runtime/DebugFrameTimingTests.cs - Importer: ScriptedImporter/UnityEditor.QuickSearchModule:UnityEditor.Search:ASIAI0B' with importer (ScriptedImporter : UnityEditor.QuickSearchModule:UnityEditor.Search:ASIAI0B)
Imported 'GUID: 3db890d1d31f2e8469e35a12ff97e3fe' -> (Import Result ID: '6c1fae4f1a36b4f2052c4406add44161') in 0.002 seconds [static and dynamic dependencies]. Details - ImportResultOutputID=e4bd2262da66ec4f6a7428858a4fdc1c DependenciesID=f7459cb6f4d14f719062463d980ad00f StaticDependenciesID=852e8a5c9eb7212fc9a2e1aa0445152b 
Number of updated asset objects reloaded before import = 0
Number of asset objects unloaded after import = 0
========================================================================
Received Import Request.
  Time of request: 2026-10-09T14:09:54.10281Z
  Time since last request: 0.000213809 seconds.
  importAddress: GUID: 5cbe6d8602c19d042a577a5a0fcf5307 - Path: Packages/com.unity.render-pipelines.core/Tests/Editor/ProbeVolumeBakingSetTests.cs - Importer: ScriptedImporter/UnityEditor.QuickSearchModule:UnityEditor.Search:ASIAI0B
Importing 'GUID: 5cbe6d8602c19d042a577a5a0fcf5307 - Path: Packages/com.unity.render-pipelines.core/Tests/Editor/ProbeVolumeBakingSetTests.cs - Importer: ScriptedImporter/UnityEditor.QuickSearchModule:UnityEditor.Search:ASIAI0B' with importer (ScriptedImporter : UnityEditor.QuickSearchModule:UnityEditor.Search:ASIAI0B)
Imported 'GUID: 5cbe6d8602c19d042a577a5a0fcf5307' -> (Import Result ID: '4a1795993b7c446d7e5d48745431c413') in 0.001 seconds [static and dynamic dependencies]. Details - ImportResultOutputID=462f1804e636a61d80de95c37d7ce3ec DependenciesID=d99ad8b47574e5140a5df898dd21487f StaticDependenciesID=6cbcc461691e49adc9448f1c6fae2106 
Number of updated asset objects reloaded before import = 0
Number of asset objects unloaded after import = 0
========================================================================
Received Import Request.
  Time of request: 2026-10-09T14:09:54.111128Z
  Time since last request: 0.00019257 seconds.
  importAddress: GUID: 1d6a697ae64dee440a8f3b0f3894cdae - Path: Packages/com.unity.render-pipelines.core/Tests/Editor/BitArrayTests.cs - Importer: ScriptedImporter/UnityEditor.QuickSearchModule:UnityEditor.Search:ASIAI0B
Importing 'GUID: 1d6a697ae64dee440a8f3b0f3894cdae - Path: Packages/com.unity.render-pipelines.core/Tests/Editor/BitArrayTests.cs - Importer: ScriptedImporter/UnityEditor.QuickSearchModule:UnityEditor.Search:ASIAI0B' with importer (ScriptedImporter : UnityEditor.QuickSearchModule:UnityEditor.Search:ASIAI0B)
Imported 'GUID: 1d6a697ae64dee440a8f3b0f3894cdae' -> (Import Result ID: '3661d345f6dfad775976064212c21748') in 0.002 seconds [static and dynamic dependencies]. Details - ImportResultOutputID=291b5835e0e34c82ae2c63ad34879ae0 DependenciesID=4dde43c7707039786c32b759eb16c40e StaticDependenciesID=9525e465581da4b93a1765ed8bd63bfc 
Number of updated asset objects reloaded before import = 0
Number of asset objects unloaded after import = 0
========================================================================
Received Import Request.
  Time of request: 2026-10-09T14:09:54.119427Z
  Time since last request: 0.000248213 seconds.
  importAddress: GUID: e5f236ef5fe43d04dbaacc87cfdbf66a - Path: Packages/com.unity.render-pipelines.core/Tests/Editor/NativePassCompilerRenderGraphTests.cs - Importer: ScriptedImporter/UnityEditor.QuickSearchModule:UnityEditor.Search:ASIAI0B
Importing 'GUID: e5f236ef5fe43d04dbaacc87cfdbf66a - Path: Packages/com.unity.render-pipelines.core/Tests/Editor/NativePassCompilerRenderGraphTests.cs - Importer: ScriptedImporter/UnityEditor.QuickSearchModule:UnityEditor.Search:ASIAI0B' with importer (ScriptedImporter : UnityEditor.QuickSearchModule:UnityEditor.Search:ASIAI0B)
Imported 'GUID: e5f236ef5fe43d04dbaacc87cfdbf66a' -> (Import Result ID: 'a0ad26796c379b6f49d3f74daf1514a2') in 0.001 seconds [static and dynamic dependencies]. Details - ImportResultOutputID=362b4af343e52f54c270f7cfcb3aaef9 DependenciesID=8dc35096debf4aba9dd1f436f2ab961c StaticDependenciesID=cf24505562441c1bc210e42a796bcc97 
Number of updated asset objects reloaded before import = 0
Number of asset objects unloaded after import = 0
========================================================================
Received Import Request.
  Time of request: 2026-10-09T14:09:54.127681Z
  Time since last request: 0.000225992 seconds.
  importAddress: GUID: 0cf9c2a50a752824ba2300f36a07abed - Path: Packages/com.unity.render-pipelines.core/Tests/Runtime/XRSubsystemTests.cs - Importer: ScriptedImporter/UnityEditor.QuickSearchModule:UnityEditor.Search:ASIAI0B
Importing 'GUID: 0cf9c2a50a752824ba2300f36a07abed - Path: Packages/com.unity.render-pipelines.core/Tests/Runtime/XRSubsystemTests.cs - Importer: ScriptedImporter/UnityEditor.QuickSearchModule:UnityEditor.Search:ASIAI0B' with importer (ScriptedImporter : UnityEditor.QuickSearchModule:UnityEditor.Search:ASIAI0B)
Imported 'GUID: 0cf9c2a50a752824ba2300f36a07abed' -> (Import Result ID: 'fc09439fb139a61d222595c05faf0adc') in 0.002 seconds [static and dynamic dependencies]. Details - ImportResultOutputID=d9a9655f8f21900cbe1ab98fc5d760fe DependenciesID=fd3cb04427711d7f6ff0c4cde56a4747 StaticDependenciesID=e25b73c73c92ce808712008012479480 
Number of updated asset objects reloaded before import = 0
Number of asset objects unloaded after import = 0
========================================================================
Received Import Request.
  Time of request: 2026-10-09T14:09:54.152849Z
  Time since last request: 0.016015446 seconds.
  importAddress: GUID: c1c8308c6609eff48841494a187bfb72 - Path: Packages/com.unity.render-pipelines.core/Editor/Lighting/Icons/LightPlacement_Icon@128.png - Importer: ScriptedImporter/UnityEditor.QuickSearchModule:UnityEditor.Search:ASIAI0B
Importing 'GUID: c1c8308c6609eff48841494a187bfb72 - Path: Packages/com.unity.render-pipelines.core/Editor/Lighting/Icons/LightPlacement_Icon@128.png - Importer: ScriptedImporter/UnityEditor.QuickSearchModule:UnityEditor.Search:ASIAI0B' with importer (ScriptedImporter : UnityEditor.QuickSearchModule:UnityEditor.Search:ASIAI0B)
Imported 'GUID: c1c8308c6609eff48841494a187bfb72' -> (Import Result ID: 'df466f98d4a20cfa594e8790c3c9cc0b') in 0.003 seconds [static and dynamic dependencies]. Details - ImportResultOutputID=43bc951121360edf42ac7cd95fa6e53a DependenciesID=24daed834543a52533564fd4328041b9 StaticDependenciesID=c7041c9f90d419b6d8f04b373064de07 
Number of updated asset objects reloaded before import = 0
Number of asset objects unloaded after import = 1
========================================================================
Received Import Request.
  Time of request: 2026-10-09T14:09:54.163347Z
  Time since last request: 0.000421056 seconds.
  importAddress: GUID: 31d206dcb4d01ca4295149458ec19c38 - Path: Packages/com.unity.render-pipelines.core/Editor/Icons/RenderGraphViewer/d_Global@2x.png - Importer: ScriptedImporter/UnityEditor.QuickSearchModule:UnityEditor.Search:ASIAI0B
Importing 'GUID: 31d206dcb4d01ca4295149458ec19c38 - Path: Packages/com.unity.render-pipelines.core/Editor/Icons/RenderGraphViewer/d_Global@2x.png - Importer: ScriptedImporter/UnityEditor.QuickSearchModule:UnityEditor.Search:ASIAI0B' with importer (ScriptedImporter : UnityEditor.QuickSearchModule:UnityEditor.Search:ASIAI0B)
Imported 'GUID: 31d206dcb4d01ca4295149458ec19c38' -> (Import Result ID: 'dba3d8d115493f38397d1828eaad580d') in 0.005 seconds [static and dynamic dependencies]. Details - ImportResultOutputID=e27683ec81f3843cf2c002f2c151723d DependenciesID=8070784e52376e0f090479bea8468ef4 StaticDependenciesID=e2ab45f039ca1496dd2505a5dbc85d23 
Number of updated asset objects reloaded before import = 0
Number of asset objects unloaded after import = 1
========================================================================
Received Import Request.
  Time of request: 2026-10-09T14:09:54.174924Z
  Time since last request: 0.000116357 seconds.
  importAddress: GUID: 0283fe60f65159b4a86ebabf444e23f9 - Path: Packages/com.unity.render-pipelines.core/Editor/Lighting/Icons/IESProfile.png - Importer: ScriptedImporter/UnityEditor.QuickSearchModule:UnityEditor.Search:ASIAI0B
Importing 'GUID: 0283fe60f65159b4a86ebabf444e23f9 - Path: Packages/com.unity.render-pipelines.core/Editor/Lighting/Icons/IESProfile.png - Importer: ScriptedImporter/UnityEditor.QuickSearchModule:UnityEditor.Search:ASIAI0B' with importer (ScriptedImporter : UnityEditor.QuickSearchModule:UnityEditor.Search:ASIAI0B)
Imported 'GUID: 0283fe60f65159b4a86ebabf444e23f9' -> (Import Result ID: 'f8b494d14c0b765870db3234e04f2ac4') in 0.003 seconds [static and dynamic dependencies]. Details - ImportResultOutputID=ad8400149399807fe0bc42e290b368e6 DependenciesID=f6c0fbf59868f26e597230cb91ae038b StaticDependenciesID=d476f145384d2f2c2d71b813869b9a1f 
Number of updated asset objects reloaded before import = 0
Number of asset objects unloaded after import = 1
========================================================================
Received Import Request.
  Time of request: 2026-10-09T14:09:54.184508Z
  Time since last request: 0.000148578 seconds.
  importAddress: GUID: 9577fdc34c3b03242bf439342d37043b - Path: Packages/com.unity.render-pipelines.core/Editor/Icons/Processed/RenderPipelineResources Icon.asset - Importer: ScriptedImporter/UnityEditor.QuickSearchModule:UnityEditor.Search:ASIAI0B
Importing 'GUID: 9577fdc34c3b03242bf439342d37043b - Path: Packages/com.unity.render-pipelines.core/Editor/Icons/Processed/RenderPipelineResources Icon.asset - Importer: ScriptedImporter/UnityEditor.QuickSearchModule:UnityEditor.Search:ASIAI0B' with importer (ScriptedImporter : UnityEditor.QuickSearchModule:UnityEditor.Search:ASIAI0B)
Imported 'GUID: 9577fdc34c3b03242bf439342d37043b' -> (Import Result ID: '2c7d0cc37803f85406ce021f83214472') in 0.005 seconds [static and dynamic dependencies]. Details - ImportResultOutputID=95a7d256c5d55cb93aa0f99d86ad7a19 DependenciesID=97ab30f98adc221d3ed2680e7ef61206 StaticDependenciesID=9264c18990a8ab0ab362bdbfdfe2d2c1 
Number of updated asset objects reloaded before import = 0
Number of asset objects unloaded after import = 1
========================================================================
Received Import Request.
  Time of request: 2026-10-09T14:09:54.196355Z
  Time since last request: 0.000152154 seconds.
  importAddress: GUID: f6ca176a623705248878abeaf560002a - Path: Packages/com.unity.render-pipelines.core/Editor/Lighting/Icons/DownSnatchFocused.png - Importer: ScriptedImporter/UnityEditor.QuickSearchModule:UnityEditor.Search:ASIAI0B
Importing 'GUID: f6ca176a623705248878abeaf560002a - Path: Packages/com.unity.render-pipelines.core/Editor/Lighting/Icons/DownSnatchFocused.png - Importer: ScriptedImporter/UnityEditor.QuickSearchModule:UnityEditor.Search:ASIAI0B' with importer (ScriptedImporter : UnityEditor.QuickSearchModule:UnityEditor.Search:ASIAI0B)
Imported 'GUID: f6ca176a623705248878abeaf560002a' -> (Import Result ID: '953aad8a8bef91223b38eb53205f4244') in 0.003 seconds [static and dynamic dependencies]. Details - ImportResultOutputID=d41cd8f8886fdd12560e75da2e61dee0 DependenciesID=e39d56ef4b038fa35048dea0a2b5332d StaticDependenciesID=64ae192ed01118019de12e8fc3ee3fd5 
Number of updated asset objects reloaded before import = 0
Number of asset objects unloaded after import = 1
========================================================================
Received Import Request.
  Time of request: 2026-10-09T14:09:54.206186Z
  Time since last request: 0.000595101 seconds.
  importAddress: GUID: 701c4a9737150564681d632d05a7a83e - Path: Packages/com.unity.render-pipelines.core/Editor/Icons/RenderGraphViewer/Resources@2x.png - Importer: ScriptedImporter/UnityEditor.QuickSearchModule:UnityEditor.Search:ASIAI0B
Importing 'GUID: 701c4a9737150564681d632d05a7a83e - Path: Packages/com.unity.render-pipelines.core/Editor/Icons/RenderGraphViewer/Resources@2x.png - Importer: ScriptedImporter/UnityEditor.QuickSearchModule:UnityEditor.Search:ASIAI0B' with importer (ScriptedImporter : UnityEditor.QuickSearchModule:UnityEditor.Search:ASIAI0B)
Imported 'GUID: 701c4a9737150564681d632d05a7a83e' -> (Import Result ID: '5f435a7a93ab039b0d2682096c21df39') in 0.003 seconds [static and dynamic dependencies]. Details - ImportResultOutputID=795a3eb1b064e1c8011586fe2c1525d6 DependenciesID=d85c0ddbd85322816f8632d2378f2a77 StaticDependenciesID=42df186217b4820f161dd9e1bd27065d 
Number of updated asset objects reloaded before import = 0
Number of asset objects unloaded after import = 1
========================================================================
Received Import Request.
  Time of request: 2026-10-09T14:09:54.216092Z
  Time since last request: 0.000226773 seconds.
  importAddress: GUID: f07c8ecc9e9de7842ab9c99a9256ff7d - Path: Packages/com.unity.render-pipelines.core/Editor/Icons/Processed/PassInspector Icon.asset - Importer: ScriptedImporter/UnityEditor.QuickSearchModule:UnityEditor.Search:ASIAI0B
Importing 'GUID: f07c8ecc9e9de7842ab9c99a9256ff7d - Path: Packages/com.unity.render-pipelines.core/Editor/Icons/Processed/PassInspector Icon.asset - Importer: ScriptedImporter/UnityEditor.QuickSearchModule:UnityEditor.Search:ASIAI0B' with importer (ScriptedImporter : UnityEditor.QuickSearchModule:UnityEditor.Search:ASIAI0B)
Imported 'GUID: f07c8ecc9e9de7842ab9c99a9256ff7d' -> (Import Result ID: 'e274c00f4a70e4813ef12fd5fe0f3eed') in 0.002 seconds [static and dynamic dependencies]. Details - ImportResultOutputID=35de848fd002877120307ddb2d5a83db DependenciesID=7739fd2a87d1653af18b69c982717138 StaticDependenciesID=ccb90cb9cbfb762983be5e63a8d1cbe3 
Number of updated asset objects reloaded before import = 0
Number of asset objects unloaded after import = 1
========================================================================
Received Import Request.
  Time of request: 2026-10-09T14:09:54.224394Z
  Time since last request: 0.000271627 seconds.
  importAddress: GUID: 5e032f76278407d46a6a3dc6ff0bdc36 - Path: Packages/com.unity.render-pipelines.core/Editor/Icons/RenderGraphViewer/d_ScriptLink@2x.png - Importer: ScriptedImporter/UnityEditor.QuickSearchModule:UnityEditor.Search:ASIAI0B
Importing 'GUID: 5e032f76278407d46a6a3dc6ff0bdc36 - Path: Packages/com.unity.render-pipelines.core/Editor/Icons/RenderGraphViewer/d_ScriptLink@2x.png - Importer: ScriptedImporter/UnityEditor.QuickSearchModule:UnityEditor.Search:ASIAI0B' with importer (ScriptedImporter : UnityEditor.QuickSearchModule:UnityEditor.Search:ASIAI0B)
Imported 'GUID: 5e032f76278407d46a6a3dc6ff0bdc36' -> (Import Result ID: '6084892d74323776fb7d5e625e057b48') in 0.003 seconds [static and dynamic dependencies]. Details - ImportResultOutputID=c0aa37707c1969e3167893092ac6bfd3 DependenciesID=9bbf024918a5c73c64622a3553311339 StaticDependenciesID=29e8af6eed6a1914eef7dbf8479f7164 
Number of updated asset objects reloaded before import = 0
Number of asset objects unloaded after import = 1
========================================================================
Received Import Request.
  Time of request: 2026-10-09T14:09:54.235967Z
  Time since last request: 0.000697131 seconds.
  importAddress: GUID: 32b23d5d74f3aee4f9364e34e2f59379 - Path: Packages/com.unity.render-pipelines.core/Editor/Icons/MipLevels/d_Volume@256.png - Importer: ScriptedImporter/UnityEditor.QuickSearchModule:UnityEditor.Search:ASIAI0B
Importing 'GUID: 32b23d5d74f3aee4f9364e34e2f59379 - Path: Packages/com.unity.render-pipelines.core/Editor/Icons/MipLevels/d_Volume@256.png - Importer: ScriptedImporter/UnityEditor.QuickSearchModule:UnityEditor.Search:ASIAI0B' with importer (ScriptedImporter : UnityEditor.QuickSearchModule:UnityEditor.Search:ASIAI0B)
Imported 'GUID: 32b23d5d74f3aee4f9364e34e2f59379' -> (Import Result ID: 'de115606cb854bbbb58ddb2d76179813') in 0.005 seconds [static and dynamic dependencies]. Details - ImportResultOutputID=97886dc9e5e7dd2373dca9120a48831e DependenciesID=939970888b99dcba666b5a603322f846 StaticDependenciesID=88548b08a4b2a5771d567e322268e6a9 
Number of updated asset objects reloaded before import = 0
Number of asset objects unloaded after import = 1
========================================================================
Received Import Request.
  Time of request: 2026-10-09T14:09:54.247388Z
  Time since last request: 0.000186959 seconds.
  importAddress: GUID: 33ff6e2aa12671544bb4df30e6443789 - Path: Packages/com.unity.render-pipelines.core/Editor/Icons/RenderGraphViewer/dash.png - Importer: ScriptedImporter/UnityEditor.QuickSearchModule:UnityEditor.Search:ASIAI0B
Importing 'GUID: 33ff6e2aa12671544bb4df30e6443789 - Path: Packages/com.unity.render-pipelines.core/Editor/Icons/RenderGraphViewer/dash.png - Importer: ScriptedImporter/UnityEditor.QuickSearchModule:UnityEditor.Search:ASIAI0B' with importer (ScriptedImporter : UnityEditor.QuickSearchModule:UnityEditor.Search:ASIAI0B)
Imported 'GUID: 33ff6e2aa12671544bb4df30e6443789' -> (Import Result ID: '2119b44a62022718ccace562aaef842f') in 0.003 seconds [static and dynamic dependencies]. Details - ImportResultOutputID=3a24d686b96ff16c9d46cfeb1f111479 DependenciesID=d46bf831420cb61e2a94429bc4a51942 StaticDependenciesID=a9ee53d390f3d207a383c61272a528ab 
Number of updated asset objects reloaded before import = 0
Number of asset objects unloaded after import = 1
========================================================================
Received Import Request.
  Time of request: 2026-10-09T14:09:54.257222Z
  Time since last request: 0.000169116 seconds.
  importAddress: GUID: 2b2147ee427aa3a468912c85ba64c256 - Path: Packages/com.unity.render-pipelines.core/Editor/Icons/RenderGraphViewer/ScriptLink@2x.png - Importer: ScriptedImporter/UnityEditor.QuickSearchModule:UnityEditor.Search:ASIAI0B
Importing 'GUID: 2b2147ee427aa3a468912c85ba64c256 - Path: Packages/com.unity.render-pipelines.core/Editor/Icons/RenderGraphViewer/ScriptLink@2x.png - Importer: ScriptedImporter/UnityEditor.QuickSearchModule:UnityEditor.Search:ASIAI0B' with importer (ScriptedImporter : UnityEditor.QuickSearchModule:UnityEditor.Search:ASIAI0B)
Imported 'GUID: 2b2147ee427aa3a468912c85ba64c256' -> (Import Result ID: 'e63e42d38507867e8539fc227da0aa57') in 0.003 seconds [static and dynamic dependencies]. Details - ImportResultOutputID=8b476cfa77162a5092b3c6e2032dd456 DependenciesID=d2efbe325648bf3630a140f98fcfae31 StaticDependenciesID=12230c6cea0859d72db81ad47fd07e22 
Number of updated asset objects reloaded before import = 0
Number of asset objects unloaded after import = 1
========================================================================
Received Import Request.
  Time of request: 2026-10-09T14:09:54.267449Z
  Time since last request: 0.000354743 seconds.
  importAddress: GUID: 5b418afba2ea4e542bbc80b91d784d20 - Path: Packages/com.unity.render-pipelines.core/Editor/Icons/RenderGraphViewer/d_Buffer@2x.png - Importer: ScriptedImporter/UnityEditor.QuickSearchModule:UnityEditor.Search:ASIAI0B
Importing 'GUID: 5b418afba2ea4e542bbc80b91d784d20 - Path: Packages/com.unity.render-pipelines.core/Editor/Icons/RenderGraphViewer/d_Buffer@2x.png - Importer: ScriptedImporter/UnityEditor.QuickSearchModule:UnityEditor.Search:ASIAI0B' with importer (ScriptedImporter : UnityEditor.QuickSearchModule:UnityEditor.Search:ASIAI0B)
Imported 'GUID: 5b418afba2ea4e542bbc80b91d784d20' -> (Import Result ID: 'f3880b6552575689fd492c395238292d') in 0.003 seconds [static and dynamic dependencies]. Details - ImportResultOutputID=c5b74f4ec1dcff36ad94bdc6bbe62d24 DependenciesID=b5fd4554b9fb46556d6b3c7ba8cf69ee StaticDependenciesID=74c0621c7381551600509019f5243936 
Number of updated asset objects reloaded before import = 0
Number of asset objects unloaded after import = 1
========================================================================
Received Import Request.
  Time of request: 2026-10-09T14:09:54.276992Z
  Time since last request: 0.000472512 seconds.
  importAddress: GUID: 60e80b0fa23ea904b92263803d64319c - Path: Packages/com.unity.render-pipelines.core/Editor/Icons/RenderGraphViewer/d_MultipleUsage.png - Importer: ScriptedImporter/UnityEditor.QuickSearchModule:UnityEditor.Search:ASIAI0B
Importing 'GUID: 60e80b0fa23ea904b92263803d64319c - Path: Packages/com.unity.render-pipelines.core/Editor/Icons/RenderGraphViewer/d_MultipleUsage.png - Importer: ScriptedImporter/UnityEditor.QuickSearchModule:UnityEditor.Search:ASIAI0B' with importer (ScriptedImporter : UnityEditor.QuickSearchModule:UnityEditor.Search:ASIAI0B)
Imported 'GUID: 60e80b0fa23ea904b92263803d64319c' -> (Import Result ID: 'df153e10e9d4e4abade2df772dee627e') in 0.008 seconds [static and dynamic dependencies]. Details - ImportResultOutputID=5b8306e194ca6204cf4b3d6f704a1312 DependenciesID=5e762a32cc6ae419e20ee5d2be6beba3 StaticDependenciesID=1fd615b89e15c5377b19b527e924fd16 
Number of updated asset objects reloaded before import = 0
Number of asset objects unloaded after import = 3
========================================================================
Received Import Request.
  Time of request: 2026-10-09T14:09:54.291755Z
  Time since last request: 0.000327662 seconds.
  importAddress: GUID: c56daa0c35d8542449aea902efda87ce - Path: Packages/com.unity.render-pipelines.core/Editor/Lighting/Icons/HorizontalGradient.png - Importer: ScriptedImporter/UnityEditor.QuickSearchModule:UnityEditor.Search:ASIAI0B
Importing 'GUID: c56daa0c35d8542449aea902efda87ce - Path: Packages/com.unity.render-pipelines.core/Editor/Lighting/Icons/HorizontalGradient.png - Importer: ScriptedImporter/UnityEditor.QuickSearchModule:UnityEditor.Search:ASIAI0B' with importer (ScriptedImporter : UnityEditor.QuickSearchModule:UnityEditor.Search:ASIAI0B)
Imported 'GUID: c56daa0c35d8542449aea902efda87ce' -> (Import Result ID: '70506e0292de27bc49ae200dbe8f6062') in 0.005 seconds [static and dynamic dependencies]. Details - ImportResultOutputID=67e8513dd84e508bc472dfe46b60edbf DependenciesID=5e13de63454edcce4786cdd088ea1401 StaticDependenciesID=85a0fd58e89c56640b022d8232c4836d 
Number of updated asset objects reloaded before import = 0
Number of asset objects unloaded after import = 1
========================================================================
Received Import Request.
  Time of request: 2026-10-09T14:09:54.303831Z
  Time since last request: 0.000347128 seconds.
  importAddress: GUID: 675ff9ea9d96a004a85fc91680242734 - Path: Packages/com.unity.render-pipelines.core/Editor/Icons/MipLevels/d_Volume@32.png - Importer: ScriptedImporter/UnityEditor.QuickSearchModule:UnityEditor.Search:ASIAI0B
Importing 'GUID: 675ff9ea9d96a004a85fc91680242734 - Path: Packages/com.unity.render-pipelines.core/Editor/Icons/MipLevels/d_Volume@32.png - Importer: ScriptedImporter/UnityEditor.QuickSearchModule:UnityEditor.Search:ASIAI0B' with importer (ScriptedImporter : UnityEditor.QuickSearchModule:UnityEditor.Search:ASIAI0B)
Imported 'GUID: 675ff9ea9d96a004a85fc91680242734' -> (Import Result ID: '2600326b897aecfcef95af462b78d32c') in 0.003 seconds [static and dynamic dependencies]. Details - ImportResultOutputID=83131c740650dfc61ac8643bbb759eb1 DependenciesID=a5af773ae515406cfa39adef6e036cb0 StaticDependenciesID=a5796dcc388bf416b09bce40a2380e09 
Number of updated asset objects reloaded before import = 0
Number of asset objects unloaded after import = 1
========================================================================
Received Import Request.
  Time of request: 2026-10-09T14:09:54.314238Z
  Time since last request: 0.000158756 seconds.
  importAddress: GUID: ef06ba4eb3daf484f8b1a9e1ac266945 - Path: Packages/com.unity.render-pipelines.core/Editor/Lighting/Icons/LightPlacement_Icon@16.png - Importer: ScriptedImporter/UnityEditor.QuickSearchModule:UnityEditor.Search:ASIAI0B
Importing 'GUID: ef06ba4eb3daf484f8b1a9e1ac266945 - Path: Packages/com.unity.render-pipelines.core/Editor/Lighting/Icons/LightPlacement_Icon@16.png - Importer: ScriptedImporter/UnityEditor.QuickSearchModule:UnityEditor.Search:ASIAI0B' with importer (ScriptedImporter : UnityEditor.QuickSearchModule:UnityEditor.Search:ASIAI0B)
Imported 'GUID: ef06ba4eb3daf484f8b1a9e1ac266945' -> (Import Result ID: 'e967b79fb7dbc32e2d9ffd9841e0e412') in 0.003 seconds [static and dynamic dependencies]. Details - ImportResultOutputID=a2a075854462ba8603a5fc1b09983056 DependenciesID=fbb7f5fe6818ea755839823fa0b7618d StaticDependenciesID=5467e1e656826695bc74a8f2471e62eb 
Number of updated asset objects reloaded before import = 0
Number of asset objects unloaded after import = 1
========================================================================
Received Import Request.
  Time of request: 2026-10-09T14:09:54.347429Z
  Time since last request: 0.023436388 seconds.
  importAddress: GUID: 9b18a8aa7da659344b2fce408beb09c3 - Path: Packages/com.unity.render-pipelines.core/Editor/Lighting/Icons/PresetHair.png - Importer: ScriptedImporter/UnityEditor.QuickSearchModule:UnityEditor.Search:ASIAI0B
Importing 'GUID: 9b18a8aa7da659344b2fce408beb09c3 - Path: Packages/com.unity.render-pipelines.core/Editor/Lighting/Icons/PresetHair.png - Importer: ScriptedImporter/UnityEditor.QuickSearchModule:UnityEditor.Search:ASIAI0B' with importer (ScriptedImporter : UnityEditor.QuickSearchModule:UnityEditor.Search:ASIAI0B)
Imported 'GUID: 9b18a8aa7da659344b2fce408beb09c3' -> (Import Result ID: 'd03292930c0ee28b33b42777dd2d6772') in 0.003 seconds [static and dynamic dependencies]. Details - ImportResultOutputID=8bf22ba3c4bca0081f81f8844eecd776 DependenciesID=3eed61729528b66a65035aca59f63da7 StaticDependenciesID=5681f45121e52a27ddfe23b10885e0df 
Number of updated asset objects reloaded before import = 0
Number of asset objects unloaded after import = 1
========================================================================
Received Import Request.
  Time of request: 2026-10-09T14:09:54.357115Z
  Time since last request: 0.000217496 seconds.
  importAddress: GUID: 4dac1eeb02c481340801b3ac458b2976 - Path: Packages/com.unity.render-pipelines.core/Editor/Lighting/Icons/PresetBounce_Right.png - Importer: ScriptedImporter/UnityEditor.QuickSearchModule:UnityEditor.Search:ASIAI0B
Importing 'GUID: 4dac1eeb02c481340801b3ac458b2976 - Path: Packages/com.unity.render-pipelines.core/Editor/Lighting/Icons/PresetBounce_Right.png - Importer: ScriptedImporter/UnityEditor.QuickSearchModule:UnityEditor.Search:ASIAI0B' with importer (ScriptedImporter : UnityEditor.QuickSearchModule:UnityEditor.Search:ASIAI0B)
Imported 'GUID: 4dac1eeb02c481340801b3ac458b2976' -> (Import Result ID: '6758513e16ca50fadc021623ddb60776') in 0.003 seconds [static and dynamic dependencies]. Details - ImportResultOutputID=5d72dd85ac33b638509ee2c3a36a9d60 DependenciesID=1f82e803c47460ebfe30c1e771c2d4c5 StaticDependenciesID=1b3b54c793da5e6230c1afa23da6abbf 
Number of updated asset objects reloaded before import = 0
Number of asset objects unloaded after import = 1
========================================================================
Received Import Request.
  Time of request: 2026-10-09T14:09:54.367434Z
  Time since last request: 0.000255126 seconds.
  importAddress: GUID: bb86f1f0af829fd45b2ebddda1245c22 - Path: Packages/com.unity.render-pipelines.core/Editor/Lighting/ProbeVolume/ProbeVolumeSubdivide.compute - Importer: ScriptedImporter/UnityEditor.QuickSearchModule:UnityEditor.Search:ASIAI0B
Importing 'GUID: bb86f1f0af829fd45b2ebddda1245c22 - Path: Packages/com.unity.render-pipelines.core/Editor/Lighting/ProbeVolume/ProbeVolumeSubdivide.compute - Importer: ScriptedImporter/UnityEditor.QuickSearchModule:UnityEditor.Search:ASIAI0B' with importer (ScriptedImporter : UnityEditor.QuickSearchModule:UnityEditor.Search:ASIAI0B)
Imported 'GUID: bb86f1f0af829fd45b2ebddda1245c22' -> (Import Result ID: '1943b9aadd1387cfb94f1b7f30979180') in 0.002 seconds [static and dynamic dependencies]. Details - ImportResultOutputID=01a8019d1c069946ae0da0f152b6610c DependenciesID=765c0650e115f2dd9bff88b30e8c2e21 StaticDependenciesID=49bb97ec288c86c7bd65114b98207e1a 
Number of updated asset objects reloaded before import = 0
Number of asset objects unloaded after import = 1
========================================================================
Received Import Request.
  Time of request: 2026-10-09T14:09:54.377545Z
  Time since last request: 0.000223196 seconds.
  importAddress: GUID: 53a7b15acf3ceaf41b7f56dbca27f6c8 - Path: Packages/com.unity.render-pipelines.core/Editor/Lighting/ProbeVolume/ProbePlacement.cs.hlsl - Importer: ScriptedImporter/UnityEditor.QuickSearchModule:UnityEditor.Search:ASIAI0B
Importing 'GUID: 53a7b15acf3ceaf41b7f56dbca27f6c8 - Path: Packages/com.unity.render-pipelines.core/Editor/Lighting/ProbeVolume/ProbePlacement.cs.hlsl - Importer: ScriptedImporter/UnityEditor.QuickSearchModule:UnityEditor.Search:ASIAI0B' with importer (ScriptedImporter : UnityEditor.QuickSearchModule:UnityEditor.Search:ASIAI0B)
Imported 'GUID: 53a7b15acf3ceaf41b7f56dbca27f6c8' -> (Import Result ID: 'd4ab0d58c3ab1bf7660018e210a877a6') in 0.002 seconds [static and dynamic dependencies]. Details - ImportResultOutputID=8ca9356c6c4b1eeaa0029c2680167e2c DependenciesID=5948d1587d42009b05adf6ca05dc2217 StaticDependenciesID=fa207d03a2cf88d54700b41fc5020950 
Number of updated asset objects reloaded before import = 0
Number of asset objects unloaded after import = 1
========================================================================
Received Import Request.
  Time of request: 2026-10-09T14:09:54.3859Z
  Time since last request: 0.000184424 seconds.
  importAddress: GUID: fd3a5ca65d5c9214ca4b4143b7b32168 - Path: Packages/com.unity.render-pipelines.core/Editor/Lighting/ProbeVolume/SerializedProbeAdjustmentVolume.cs - Importer: ScriptedImporter/UnityEditor.QuickSearchModule:UnityEditor.Search:ASIAI0B
Importing 'GUID: fd3a5ca65d5c9214ca4b4143b7b32168 - Path: Packages/com.unity.render-pipelines.core/Editor/Lighting/ProbeVolume/SerializedProbeAdjustmentVolume.cs - Importer: ScriptedImporter/UnityEditor.QuickSearchModule:UnityEditor.Search:ASIAI0B' with importer (ScriptedImporter : UnityEditor.QuickSearchModule:UnityEditor.Search:ASIAI0B)
Imported 'GUID: fd3a5ca65d5c9214ca4b4143b7b32168' -> (Import Result ID: '4b74721520338da41354ba02fe763c14') in 0.001 seconds [static and dynamic dependencies]. Details - ImportResultOutputID=53b484492f683f32af49aece3170d7fd DependenciesID=34a7fc877fb139be56209030aee4c174 StaticDependenciesID=8aedaea1a28f2c233dc2eae873ebbaf8 
Number of updated asset objects reloaded before import = 0
Number of asset objects unloaded after import = 0
========================================================================
Received Import Request.
  Time of request: 2026-10-09T14:09:54.394029Z
  Time since last request: 0.000405677 seconds.
  importAddress: GUID: c4f74ec1885109d438846c229989bcf9 - Path: Packages/com.unity.render-pipelines.core/Editor/Lighting/Icons/d_LightPlacement_Icon@32.png - Importer: ScriptedImporter/UnityEditor.QuickSearchModule:UnityEditor.Search:ASIAI0B
Importing 'GUID: c4f74ec1885109d438846c229989bcf9 - Path: Packages/com.unity.render-pipelines.core/Editor/Lighting/Icons/d_LightPlacement_Icon@32.png - Importer: ScriptedImporter/UnityEditor.QuickSearchModule:UnityEditor.Search:ASIAI0B' with importer (ScriptedImporter : UnityEditor.QuickSearchModule:UnityEditor.Search:ASIAI0B)
Imported 'GUID: c4f74ec1885109d438846c229989bcf9' -> (Import Result ID: 'f88d2c95fa918ab3471b631f317fd36f') in 0.004 seconds [static and dynamic dependencies]. Details - ImportResultOutputID=4793853d7496d2b66e3616af3e031fab DependenciesID=cc2e2a19d352dcd2e27962347ead67de StaticDependenciesID=602540351a8982c88217ada633d7e278 
Number of updated asset objects reloaded before import = 0
Number of asset objects unloaded after import = 1
========================================================================
Received Import Request.
  Time of request: 2026-10-09T14:09:54.405674Z
  Time since last request: 0.000286766 seconds.
  importAddress: GUID: a1fe8ebe91e101d47af42adec440c3e5 - Path: Packages/com.unity.render-pipelines.core/Editor/Lighting/Icons/UpSnatch.png - Importer: ScriptedImporter/UnityEditor.QuickSearchModule:UnityEditor.Search:ASIAI0B
Importing 'GUID: a1fe8ebe91e101d47af42adec440c3e5 - Path: Packages/com.unity.render-pipelines.core/Editor/Lighting/Icons/UpSnatch.png - Importer: ScriptedImporter/UnityEditor.QuickSearchModule:UnityEditor.Search:ASIAI0B' with importer (ScriptedImporter : UnityEditor.QuickSearchModule:UnityEditor.Search:ASIAI0B)
Imported 'GUID: a1fe8ebe91e101d47af42adec440c3e5' -> (Import Result ID: 'ff154439f3ddbe7f47ca3e28e2d01b8e') in 0.004 seconds [static and dynamic dependencies]. Details - ImportResultOutputID=e45fb597ac12c011f06412bc0ca54909 DependenciesID=f309bc70ea3a49311caddf635bcd48b8 StaticDependenciesID=a4cb47362ce129b41093db8cc83388d1 
Number of updated asset objects reloaded before import = 0
Number of asset objects unloaded after import = 1
========================================================================
Received Import Request.
  Time of request: 2026-10-09T14:09:54.415848Z
  Time since last request: 0.000201777 seconds.
  importAddress: GUID: 5a1695d093636284ca9487c8124775c5 - Path: Packages/com.unity.render-pipelines.core/Editor/Lighting/ProbeVolume/ProbeGIBaking.Dilate.cs.hlsl - Importer: ScriptedImporter/UnityEditor.QuickSearchModule:UnityEditor.Search:ASIAI0B
Importing 'GUID: 5a1695d093636284ca9487c8124775c5 - Path: Packages/com.unity.render-pipelines.core/Editor/Lighting/ProbeVolume/ProbeGIBaking.Dilate.cs.hlsl - Importer: ScriptedImporter/UnityEditor.QuickSearchModule:UnityEditor.Search:ASIAI0B' with importer (ScriptedImporter : UnityEditor.QuickSearchModule:UnityEditor.Search:ASIAI0B)
Imported 'GUID: 5a1695d093636284ca9487c8124775c5' -> (Import Result ID: '166ecea6a5a83962b69e476aa1784f88') in 0.001 seconds [static and dynamic dependencies]. Details - ImportResultOutputID=b1c6078ea8a5ed7ae770d57f13578bb5 DependenciesID=fc79840ff5db64e1e0b74a6b2c6129b5 StaticDependenciesID=db56c1dc9901a2caac3dcf84abbac2f0 
Number of updated asset objects reloaded before import = 0
Number of asset objects unloaded after import = 1
========================================================================
Received Import Request.
  Time of request: 2026-10-09T14:09:54.423982Z
  Time since last request: 0.000213518 seconds.
  importAddress: GUID: 3489c9b1538db6b4198de2a526e423fd - Path: Packages/com.unity.render-pipelines.core/Editor/Lighting/ProbeVolume/TraceRayProbeVolume.hlsl - Importer: ScriptedImporter/UnityEditor.QuickSearchModule:UnityEditor.Search:ASIAI0B
Importing 'GUID: 3489c9b1538db6b4198de2a526e423fd - Path: Packages/com.unity.render-pipelines.core/Editor/Lighting/ProbeVolume/TraceRayProbeVolume.hlsl - Importer: ScriptedImporter/UnityEditor.QuickSearchModule:UnityEditor.Search:ASIAI0B' with importer (ScriptedImporter : UnityEditor.QuickSearchModule:UnityEditor.Search:ASIAI0B)
Imported 'GUID: 3489c9b1538db6b4198de2a526e423fd' -> (Import Result ID: '170e3371467a76d37f8d5cc18fabc52c') in 0.002 seconds [static and dynamic dependencies]. Details - ImportResultOutputID=81030046cf3049ca2329e31570589410 DependenciesID=1d83cdc56b4462bd7a793709e07e8ef5 StaticDependenciesID=2053bc6bb686a99018c54f33f9b734de 
Number of updated asset objects reloaded before import = 0
Number of asset objects unloaded after import = 1
========================================================================
Received Import Request.
  Time of request: 2026-10-09T14:09:54.432619Z
  Time since last request: 0.000260055 seconds.
  importAddress: GUID: 05acc2cd47772d84b873595a1e712ede - Path: Packages/com.unity.render-pipelines.core/Editor/Lighting/ProbeVolume/ProbeAdjustmentVolumeEditor.cs - Importer: ScriptedImporter/UnityEditor.QuickSearchModule:UnityEditor.Search:ASIAI0B
Importing 'GUID: 05acc2cd47772d84b873595a1e712ede - Path: Packages/com.unity.render-pipelines.core/Editor/Lighting/ProbeVolume/ProbeAdjustmentVolumeEditor.cs - Importer: ScriptedImporter/UnityEditor.QuickSearchModule:UnityEditor.Search:ASIAI0B' with importer (ScriptedImporter : UnityEditor.QuickSearchModule:UnityEditor.Search:ASIAI0B)
Imported 'GUID: 05acc2cd47772d84b873595a1e712ede' -> (Import Result ID: 'e7595c276fadcc3558cf776fbaa5acdf') in 0.001 seconds [static and dynamic dependencies]. Details - ImportResultOutputID=6fcc5063db142f4648a3d46244b10711 DependenciesID=2e422df62f18d373e2e5abe031dbcd16 StaticDependenciesID=6204f11c03468230b974cab7b159fa7b 
Number of updated asset objects reloaded before import = 0
Number of asset objects unloaded after import = 0
========================================================================
Received Import Request.
  Time of request: 2026-10-09T14:09:54.441636Z
  Time since last request: 0.000255507 seconds.
  importAddress: GUID: a8dd4dccf3cfcc041b5bedbc50c5c772 - Path: Packages/com.unity.render-pipelines.core/Editor/Lighting/Shadow/ShadowCascadeGUI.cs - Importer: ScriptedImporter/UnityEditor.QuickSearchModule:UnityEditor.Search:ASIAI0B
Importing 'GUID: a8dd4dccf3cfcc041b5bedbc50c5c772 - Path: Packages/com.unity.render-pipelines.core/Editor/Lighting/Shadow/ShadowCascadeGUI.cs - Importer: ScriptedImporter/UnityEditor.QuickSearchModule:UnityEditor.Search:ASIAI0B' with importer (ScriptedImporter : UnityEditor.QuickSearchModule:UnityEditor.Search:ASIAI0B)
Imported 'GUID: a8dd4dccf3cfcc041b5bedbc50c5c772' -> (Import Result ID: 'd00b821a6741198d83afdfc8bde3a87a') in 0.001 seconds [static and dynamic dependencies]. Details - ImportResultOutputID=c89f9eb5a95bbfd0e9131566f99a6891 DependenciesID=d51c233308aff2ea7c1b032d3227866b StaticDependenciesID=9bd11d81697014d459ee4f572c3d935a 
Number of updated asset objects reloaded before import = 0
Number of asset objects unloaded after import = 0
========================================================================
Received Import Request.
  Time of request: 2026-10-09T14:09:54.450453Z
  Time since last request: 0.000205293 seconds.
  importAddress: GUID: 779328fa1a16dcd44965cc2e65be77ed - Path: Packages/com.unity.render-pipelines.core/Editor/Lighting/ProbeVolume/AdaptiveProbeVolumes.BakePipelineDriver.cs - Importer: ScriptedImporter/UnityEditor.QuickSearchModule:UnityEditor.Search:ASIAI0B
Importing 'GUID: 779328fa1a16dcd44965cc2e65be77ed - Path: Packages/com.unity.render-pipelines.core/Editor/Lighting/ProbeVolume/AdaptiveProbeVolumes.BakePipelineDriver.cs - Importer: ScriptedImporter/UnityEditor.QuickSearchModule:UnityEditor.Search:ASIAI0B' with importer (ScriptedImporter : UnityEditor.QuickSearchModule:UnityEditor.Search:ASIAI0B)
Imported 'GUID: 779328fa1a16dcd44965cc2e65be77ed' -> (Import Result ID: '43d3f8de7fafbf951c42fcbe57ef4b96') in 0.001 seconds [static and dynamic dependencies]. Details - ImportResultOutputID=49771b2d5f53cd5868899ba3a79c159a DependenciesID=e4c34452f6b089e955ccf3026dcbd0b1 StaticDependenciesID=9540f11b35c87b1933972fa96fb52cf9 
Number of updated asset objects reloaded before import = 0
Number of asset objects unloaded after import = 0
========================================================================
Received Import Request.
  Time of request: 2026-10-09T14:09:54.458941Z
  Time since last request: 0.000356616 seconds.
  importAddress: GUID: 4439e27e7ae7188468effbc23418e0e1 - Path: Packages/com.unity.render-pipelines.core/Editor/Lighting/Icons/d_LightPlacement_Icon On@256.png - Importer: ScriptedImporter/UnityEditor.QuickSearchModule:UnityEditor.Search:ASIAI0B
Importing 'GUID: 4439e27e7ae7188468effbc23418e0e1 - Path: Packages/com.unity.render-pipelines.core/Editor/Lighting/Icons/d_LightPlacement_Icon On@256.png - Importer: ScriptedImporter/UnityEditor.QuickSearchModule:UnityEditor.Search:ASIAI0B' with importer (ScriptedImporter : UnityEditor.QuickSearchModule:UnityEditor.Search:ASIAI0B)
Imported 'GUID: 4439e27e7ae7188468effbc23418e0e1' -> (Import Result ID: '8585efbf13cca5b033814c0c05a6ded4') in 0.004 seconds [static and dynamic dependencies]. Details - ImportResultOutputID=22ea1c804ac5a2c8b78273f617dba00d DependenciesID=f4f607be83fbcaa3f4505f9e6913e54f StaticDependenciesID=7b2ccd483ff3456936e659ec5bd13502 
Number of updated asset objects reloaded before import = 0
Number of asset objects unloaded after import = 1
========================================================================
Received Import Request.
  Time of request: 2026-10-09T14:09:54.469969Z
  Time since last request: 0.000201035 seconds.
  importAddress: GUID: 6cec6e582e857c24bb9432ed7ff629f8 - Path: Packages/com.unity.render-pipelines.core/Editor/Lighting/Icons/PresetRim_Left.png - Importer: ScriptedImporter/UnityEditor.QuickSearchModule:UnityEditor.Search:ASIAI0B
Importing 'GUID: 6cec6e582e857c24bb9432ed7ff629f8 - Path: Packages/com.unity.render-pipelines.core/Editor/Lighting/Icons/PresetRim_Left.png - Importer: ScriptedImporter/UnityEditor.QuickSearchModule:UnityEditor.Search:ASIAI0B' with importer (ScriptedImporter : UnityEditor.QuickSearchModule:UnityEditor.Search:ASIAI0B)
Imported 'GUID: 6cec6e582e857c24bb9432ed7ff629f8' -> (Import Result ID: 'a6bc44addad820ac48ad19751c5a515f') in 0.003 seconds [static and dynamic dependencies]. Details - ImportResultOutputID=d3babe55abf4a5a012be92377beb09bd DependenciesID=a54bf1c99eea46221cae5ca859c8ce04 StaticDependenciesID=3c2f752791b4556b1ab71a8209c048d5 
Number of updated asset objects reloaded before import = 0
Number of asset objects unloaded after import = 1
========================================================================
Received Import Request.
  Time of request: 2026-10-09T14:09:54.479274Z
  Time since last request: 0.000133279 seconds.
  importAddress: GUID: c8e3d80f5ead8d4409a54da768cc431d - Path: Packages/com.unity.render-pipelines.core/Editor/Lighting/Icons/PresetFill_Right.png - Importer: ScriptedImporter/UnityEditor.QuickSearchModule:UnityEditor.Search:ASIAI0B
Importing 'GUID: c8e3d80f5ead8d4409a54da768cc431d - Path: Packages/com.unity.render-pipelines.core/Editor/Lighting/Icons/PresetFill_Right.png - Importer: ScriptedImporter/UnityEditor.QuickSearchModule:UnityEditor.Search:ASIAI0B' with importer (ScriptedImporter : UnityEditor.QuickSearchModule:UnityEditor.Search:ASIAI0B)
Imported 'GUID: c8e3d80f5ead8d4409a54da768cc431d' -> (Import Result ID: '9d077c471815a878440fe78066cd788f') in 0.003 seconds [static and dynamic dependencies]. Details - ImportResultOutputID=41b187c7b169127e921918133fc755c7 DependenciesID=4df17c3778e696972961295239904448 StaticDependenciesID=4d9b83a4aacbfe4789395cd4ecbd371a 
Number of updated asset objects reloaded before import = 0
Number of asset objects unloaded after import = 1
========================================================================
Received Import Request.
  Time of request: 2026-10-09T14:09:54.488795Z
  Time since last request: 0.000347579 seconds.
  importAddress: GUID: bdb354565d2d91e48a7ffe02442fe226 - Path: Packages/com.unity.render-pipelines.core/Editor/Lighting/Icons/PresetKick_Right.png - Importer: ScriptedImporter/UnityEditor.QuickSearchModule:UnityEditor.Search:ASIAI0B
Importing 'GUID: bdb354565d2d91e48a7ffe02442fe226 - Path: Packages/com.unity.render-pipelines.core/Editor/Lighting/Icons/PresetKick_Right.png - Importer: ScriptedImporter/UnityEditor.QuickSearchModule:UnityEditor.Search:ASIAI0B' with importer (ScriptedImporter : UnityEditor.QuickSearchModule:UnityEditor.Search:ASIAI0B)
Imported 'GUID: bdb354565d2d91e48a7ffe02442fe226' -> (Import Result ID: '3ef950d1cc72871f6c5a9419849b437d') in 0.003 seconds [static and dynamic dependencies]. Details - ImportResultOutputID=f81689e8a02366bd0fb5d83684c66553 DependenciesID=36ea7c8908c35cb5504f144959ddc1c9 StaticDependenciesID=f0f357b5eb5edb55f7339ad7d0692375 
Number of updated asset objects reloaded before import = 0
Number of asset objects unloaded after import = 1
========================================================================
Received Import Request.
  Time of request: 2026-10-09T14:09:54.51704Z
  Time since last request: 0.019273908 seconds.
  importAddress: GUID: 8b1bc4c43bfb61048817bb1757f4ac02 - Path: Packages/com.unity.render-pipelines.core/Editor-PrivateShared/Tools/Converter/Status.cs - Importer: ScriptedImporter/UnityEditor.QuickSearchModule:UnityEditor.Search:ASIAI0B
Importing 'GUID: 8b1bc4c43bfb61048817bb1757f4ac02 - Path: Packages/com.unity.render-pipelines.core/Editor-PrivateShared/Tools/Converter/Status.cs - Importer: ScriptedImporter/UnityEditor.QuickSearchModule:UnityEditor.Search:ASIAI0B' with importer (ScriptedImporter : UnityEditor.QuickSearchModule:UnityEditor.Search:ASIAI0B)
Imported 'GUID: 8b1bc4c43bfb61048817bb1757f4ac02' -> (Import Result ID: '5a35326798142bfc13db03f776b61d28') in 0.002 seconds [static and dynamic dependencies]. Details - ImportResultOutputID=cceb4ca90ae52ac2d9ab144506ff9d86 DependenciesID=e922b5e9e507a02a3f1e8b3297ee1b78 StaticDependenciesID=2f6f57fb53ed36febc62fbd784d0e5d2 
Number of updated asset objects reloaded before import = 0
Number of asset objects unloaded after import = 0
========================================================================
Received Import Request.
  Time of request: 2026-10-09T14:09:54.525421Z
  Time since last request: 0.000476639 seconds.
  importAddress: GUID: 4fde0d9aabe2aee46b306a42532dafc7 - Path: Packages/com.unity.render-pipelines.core/Runtime/GPUDriven/CoreDataSystems/InstanceDataSystem.Jobs.cs - Importer: ScriptedImporter/UnityEditor.QuickSearchModule:UnityEditor.Search:ASIAI0B
Importing 'GUID: 4fde0d9aabe2aee46b306a42532dafc7 - Path: Packages/com.unity.render-pipelines.core/Runtime/GPUDriven/CoreDataSystems/InstanceDataSystem.Jobs.cs - Importer: ScriptedImporter/UnityEditor.QuickSearchModule:UnityEditor.Search:ASIAI0B' with importer (ScriptedImporter : UnityEditor.QuickSearchModule:UnityEditor.Search:ASIAI0B)
Imported 'GUID: 4fde0d9aabe2aee46b306a42532dafc7' -> (Import Result ID: 'd12f04d4dc2ed3a80f12c7ac3426861d') in 0.003 seconds [static and dynamic dependencies]. Details - ImportResultOutputID=29736ee43994e352ada44b50b6b3cd57 DependenciesID=cace1a2b79d0529510e49b9d4ca42d6e StaticDependenciesID=9c89263f6443f02b7af5dbf459349d2e 
Number of updated asset objects reloaded before import = 0
Number of asset objects unloaded after import = 0
========================================================================
Received Import Request.
  Time of request: 2026-10-09T14:09:54.535216Z
  Time since last request: 0.000137537 seconds.
  importAddress: GUID: 81990f396fa7c0a41be94125220f755a - Path: Packages/com.unity.render-pipelines.core/Editor-PrivateShared/Tools/Converter/RenderSettingsConverter.cs - Importer: ScriptedImporter/UnityEditor.QuickSearchModule:UnityEditor.Search:ASIAI0B
Importing 'GUID: 81990f396fa7c0a41be94125220f755a - Path: Packages/com.unity.render-pipelines.core/Editor-PrivateShared/Tools/Converter/RenderSettingsConverter.cs - Importer: ScriptedImporter/UnityEditor.QuickSearchModule:UnityEditor.Search:ASIAI0B' with importer (ScriptedImporter : UnityEditor.QuickSearchModule:UnityEditor.Search:ASIAI0B)
Imported 'GUID: 81990f396fa7c0a41be94125220f755a' -> (Import Result ID: '123051c795b8b132e8efbe143d746c19') in 0.001 seconds [static and dynamic dependencies]. Details - ImportResultOutputID=656c3b9e26c3a5d5d710131745e246b0 DependenciesID=792396b3ac69adf70208c6b507e5e86d StaticDependenciesID=a6f776ec91563960402664b254c68779 
Number of updated asset objects reloaded before import = 0
Number of asset objects unloaded after import = 0
========================================================================
Received Import Request.
  Time of request: 2026-10-09T14:09:54.543499Z
  Time since last request: 0.000296193 seconds.
  importAddress: GUID: f118938a043d65c4cbecc1878576e305 - Path: Packages/com.unity.render-pipelines.core/Editor/Tools/MaterialUpgrader/MaterialUpgraderRegistry.cs - Importer: ScriptedImporter/UnityEditor.QuickSearchModule:UnityEditor.Search:ASIAI0B
Importing 'GUID: f118938a043d65c4cbecc1878576e305 - Path: Packages/com.unity.render-pipelines.core/Editor/Tools/MaterialUpgrader/MaterialUpgraderRegistry.cs - Importer: ScriptedImporter/UnityEditor.QuickSearchModule:UnityEditor.Search:ASIAI0B' with importer (ScriptedImporter : UnityEditor.QuickSearchModule:UnityEditor.Search:ASIAI0B)
Imported 'GUID: f118938a043d65c4cbecc1878576e305' -> (Import Result ID: '5383c199c07554be66b89b89421ffdd1') in 0.002 seconds [static and dynamic dependencies]. Details - ImportResultOutputID=7b949a697f70dbf137a9a07a2c1c679e DependenciesID=a2910c84e379424c1a9870fa6c9486b3 StaticDependenciesID=ac115a5043c3d832dda5bba1ecbd2fcc 
Number of updated asset objects reloaded before import = 0
Number of asset objects unloaded after import = 0
========================================================================
Received Import Request.
  Time of request: 2026-10-09T14:09:54.551695Z
  Time since last request: 0.000321019 seconds.
  importAddress: GUID: a4aff83690b661e4fab719effabef2a9 - Path: Packages/com.unity.render-pipelines.core/Editor/Resources/Gizmos/ProbeVolume.png - Importer: ScriptedImporter/UnityEditor.QuickSearchModule:UnityEditor.Search:ASIAI0B
Importing 'GUID: a4aff83690b661e4fab719effabef2a9 - Path: Packages/com.unity.render-pipelines.core/Editor/Resources/Gizmos/ProbeVolume.png - Importer: ScriptedImporter/UnityEditor.QuickSearchModule:UnityEditor.Search:ASIAI0B' with importer (ScriptedImporter : UnityEditor.QuickSearchModule:UnityEditor.Search:ASIAI0B)
Imported 'GUID: a4aff83690b661e4fab719effabef2a9' -> (Import Result ID: '3e39b43c201fc54c989ae74b3371d88c') in 0.004 seconds [static and dynamic dependencies]. Details - ImportResultOutputID=84eac9515f86d5648deb7deea3e32dd2 DependenciesID=468dda0595d66ac57f9de9169cbb379a StaticDependenciesID=e5998e1629f0b47137080d8532ae7d14 
Number of updated asset objects reloaded before import = 0
Number of asset objects unloaded after import = 1
========================================================================
Received Import Request.
  Time of request: 2026-10-09T14:09:54.561799Z
  Time since last request: 0.000225832 seconds.
  importAddress: GUID: c624d8646a289a747b3dfb97cf7aebdd - Path: Packages/com.unity.render-pipelines.core/Runtime/GPUDriven/CoreDataSystems/GPUInstanceDataBuffer.cs.hlsl - Importer: ScriptedImporter/UnityEditor.QuickSearchModule:UnityEditor.Search:ASIAI0B
Importing 'GUID: c624d8646a289a747b3dfb97cf7aebdd - Path: Packages/com.unity.render-pipelines.core/Runtime/GPUDriven/CoreDataSystems/GPUInstanceDataBuffer.cs.hlsl - Importer: ScriptedImporter/UnityEditor.QuickSearchModule:UnityEditor.Search:ASIAI0B' with importer (ScriptedImporter : UnityEditor.QuickSearchModule:UnityEditor.Search:ASIAI0B)
Imported 'GUID: c624d8646a289a747b3dfb97cf7aebdd' -> (Import Result ID: '03a86c23c1531d7c918cf8bd47620300') in 0.002 seconds [static and dynamic dependencies]. Details - ImportResultOutputID=7bc6382007b4ce7c83b672baa310b713 DependenciesID=cff14b055980870b82019200b61e4ff9 StaticDependenciesID=af620663d1b3f1cecc81be5f91fe9bb0 
Number of updated asset objects reloaded before import = 0
Number of asset objects unloaded after import = 1
========================================================================
Received Import Request.
  Time of request: 2026-10-09T14:09:54.5705Z
  Time since last request: 0.000266327 seconds.
  importAddress: GUID: 10a4df7eb002da04c922af9ac6bbbda4 - Path: Packages/com.unity.render-pipelines.core/Editor-PrivateShared/Tools/Converter/IRenderPipelineConverterItem.cs - Importer: ScriptedImporter/UnityEditor.QuickSearchModule:UnityEditor.Search:ASIAI0B
Importing 'GUID: 10a4df7eb002da04c922af9ac6bbbda4 - Path: Packages/com.unity.render-pipelines.core/Editor-PrivateShared/Tools/Converter/IRenderPipelineConverterItem.cs - Importer: ScriptedImporter/UnityEditor.QuickSearchModule:UnityEditor.Search:ASIAI0B' with importer (ScriptedImporter : UnityEditor.QuickSearchModule:UnityEditor.Search:ASIAI0B)
Imported 'GUID: 10a4df7eb002da04c922af9ac6bbbda4' -> (Import Result ID: '64f5204726942ddac42d55582e30f64d') in 0.001 seconds [static and dynamic dependencies]. Details - ImportResultOutputID=15301b3c74d5e28f284da0c420eda6da DependenciesID=9a409bce21a490d01e840267648484ee StaticDependenciesID=b13a35f02f192475228566796c5910a2 
Number of updated asset objects reloaded before import = 0
Number of asset objects unloaded after import = 0
========================================================================
Received Import Request.
  Time of request: 2026-10-09T14:09:54.578659Z
  Time since last request: 0.000406599 seconds.
  importAddress: GUID: 5ed807b57ecd84149ae57fbff12fd1b6 - Path: Packages/com.unity.render-pipelines.core/Editor-PrivateShared/Tools/Converter/ConverterItemState.cs - Importer: ScriptedImporter/UnityEditor.QuickSearchModule:UnityEditor.Search:ASIAI0B
Importing 'GUID: 5ed807b57ecd84149ae57fbff12fd1b6 - Path: Packages/com.unity.render-pipelines.core/Editor-PrivateShared/Tools/Converter/ConverterItemState.cs - Importer: ScriptedImporter/UnityEditor.QuickSearchModule:UnityEditor.Search:ASIAI0B' with importer (ScriptedImporter : UnityEditor.QuickSearchModule:UnityEditor.Search:ASIAI0B)
Imported 'GUID: 5ed807b57ecd84149ae57fbff12fd1b6' -> (Import Result ID: 'f36247dde6bf7f137467553f7956f658') in 0.002 seconds [static and dynamic dependencies]. Details - ImportResultOutputID=48745484b7e107da3cf174f2f0a15d8a DependenciesID=bade38aad2003fdc624b5a3a53dc3ee4 StaticDependenciesID=57d15c7bed1a98c588137aed126491ac 
Number of updated asset objects reloaded before import = 0
Number of asset objects unloaded after import = 0
========================================================================
Received Import Request.
  Time of request: 2026-10-09T14:09:54.586738Z
  Time since last request: 0.000233316 seconds.
  importAddress: GUID: bbee3bb98e4d6504bb670b73184deb69 - Path: Packages/com.unity.render-pipelines.core/Editor/Settings/PropertyDrawers/ShaderStrippingSettingsPropertyDrawer.cs - Importer: ScriptedImporter/UnityEditor.QuickSearchModule:UnityEditor.Search:ASIAI0B
Importing 'GUID: bbee3bb98e4d6504bb670b73184deb69 - Path: Packages/com.unity.render-pipelines.core/Editor/Settings/PropertyDrawers/ShaderStrippingSettingsPropertyDrawer.cs - Importer: ScriptedImporter/UnityEditor.QuickSearchModule:UnityEditor.Search:ASIAI0B' with importer (ScriptedImporter : UnityEditor.QuickSearchModule:UnityEditor.Search:ASIAI0B)
Imported 'GUID: bbee3bb98e4d6504bb670b73184deb69' -> (Import Result ID: '9ee9f0ef07d031658d2047390cd2a33b') in 0.002 seconds [static and dynamic dependencies]. Details - ImportResultOutputID=8ccd427fd368e9b539ee5705fd8800dd DependenciesID=3d9357e5d78a14303a9ea94d71405429 StaticDependenciesID=e7eedb37a7d5ae6c9c0c23ff72314620 
Number of updated asset objects reloaded before import = 0
Number of asset objects unloaded after import = 0
========================================================================
Received Import Request.
  Time of request: 2026-10-09T14:09:54.595519Z
  Time since last request: 0.000425203 seconds.
  importAddress: GUID: 9c51e2ea627a393478d0b5c2a086136d - Path: Packages/com.unity.render-pipelines.core/Editor/Volume/Drawers/Vector4ParameterDrawer.cs - Importer: ScriptedImporter/UnityEditor.QuickSearchModule:UnityEditor.Search:ASIAI0B
Importing 'GUID: 9c51e2ea627a393478d0b5c2a086136d - Path: Packages/com.unity.render-pipelines.core/Editor/Volume/Drawers/Vector4ParameterDrawer.cs - Importer: ScriptedImporter/UnityEditor.QuickSearchModule:UnityEditor.Search:ASIAI0B' with importer (ScriptedImporter : UnityEditor.QuickSearchModule:UnityEditor.Search:ASIAI0B)
Imported 'GUID: 9c51e2ea627a393478d0b5c2a086136d' -> (Import Result ID: '745243702bc033e29c1787bb128d6708') in 0.001 seconds [static and dynamic dependencies]. Details - ImportResultOutputID=13d27164b72cb0e66162e6e3ab25a22a DependenciesID=0ca5c2588677ba4eb64e6a562eb8cb01 StaticDependenciesID=6583d4a1b036e915f5b0f31bce84d12e 
Number of updated asset objects reloaded before import = 0
Number of asset objects unloaded after import = 0
========================================================================
Received Import Request.
  Time of request: 2026-10-09T14:09:54.603485Z
  Time since last request: 0.000586395 seconds.
  importAddress: GUID: d7b90718ad2a7af4aab8546a0897d5db - Path: Packages/com.unity.render-pipelines.core/Editor/PostProcessing/LensFlareResource/Flare128.png - Importer: ScriptedImporter/UnityEditor.QuickSearchModule:UnityEditor.Search:ASIAI0B
Importing 'GUID: d7b90718ad2a7af4aab8546a0897d5db - Path: Packages/com.unity.render-pipelines.core/Editor/PostProcessing/LensFlareResource/Flare128.png - Importer: ScriptedImporter/UnityEditor.QuickSearchModule:UnityEditor.Search:ASIAI0B' with importer (ScriptedImporter : UnityEditor.QuickSearchModule:UnityEditor.Search:ASIAI0B)
Imported 'GUID: d7b90718ad2a7af4aab8546a0897d5db' -> (Import Result ID: '4e489796d4004e2969671ea208ad7f00') in 0.003 seconds [static and dynamic dependencies]. Details - ImportResultOutputID=1488fe3cc2fc01e439b47844547edc27 DependenciesID=53740a4f73d6fb5005923cc691dacced StaticDependenciesID=37a9038ce1020edaeb05558d517e12c7 
Number of updated asset objects reloaded before import = 0
Number of asset objects unloaded after import = 1
========================================================================
Received Import Request.
  Time of request: 2026-10-09T14:09:54.612627Z
  Time since last request: 0.000199332 seconds.
  importAddress: GUID: 644debc0b7d33d043af3caab53baa000 - Path: Packages/com.unity.render-pipelines.core/Runtime/GPUDriven/Components/DisallowGPUDrivenRendering.cs - Importer: ScriptedImporter/UnityEditor.QuickSearchModule:UnityEditor.Search:ASIAI0B
Importing 'GUID: 644debc0b7d33d043af3caab53baa000 - Path: Packages/com.unity.render-pipelines.core/Runtime/GPUDriven/Components/DisallowGPUDrivenRendering.cs - Importer: ScriptedImporter/UnityEditor.QuickSearchModule:UnityEditor.Search:ASIAI0B' with importer (ScriptedImporter : UnityEditor.QuickSearchModule:UnityEditor.Search:ASIAI0B)
Imported 'GUID: 644debc0b7d33d043af3caab53baa000' -> (Import Result ID: 'cc16b18616e7fa3a5b84ca97661e037e') in 0.001 seconds [static and dynamic dependencies]. Details - ImportResultOutputID=a462dd03d2023b464b5f5ca319132e97 DependenciesID=b895b78cda48046ee9b816c98949bde5 StaticDependenciesID=376c2887a8f8ed03c1f40d96fc123928 
Number of updated asset objects reloaded before import = 0
Number of asset objects unloaded after import = 0
========================================================================
Received Import Request.
  Time of request: 2026-10-09T14:09:54.620186Z
  Time since last request: 0.000211034 seconds.
  importAddress: GUID: ac5b248a741653b4cb44d850ff7ae91f - Path: Packages/com.unity.render-pipelines.core/Editor-PrivateShared/Tools/Converter/AssetsConverter.cs - Importer: ScriptedImporter/UnityEditor.QuickSearchModule:UnityEditor.Search:ASIAI0B
Importing 'GUID: ac5b248a741653b4cb44d850ff7ae91f - Path: Packages/com.unity.render-pipelines.core/Editor-PrivateShared/Tools/Converter/AssetsConverter.cs - Importer: ScriptedImporter/UnityEditor.QuickSearchModule:UnityEditor.Search:ASIAI0B' with importer (ScriptedImporter : UnityEditor.QuickSearchModule:UnityEditor.Search:ASIAI0B)
Imported 'GUID: ac5b248a741653b4cb44d850ff7ae91f' -> (Import Result ID: '61e1d0a25c9bfe980b929b02ac568f3d') in 0.001 seconds [static and dynamic dependencies]. Details - ImportResultOutputID=48f1c9c643ff9f797a7b9baf1af0a0f0 DependenciesID=0d5944eac2d222fa512253c40d1c2fdf StaticDependenciesID=d4fd672da5140bb1ad1a461bdbb6bc8c 
Number of updated asset objects reloaded before import = 0
Number of asset objects unloaded after import = 0
========================================================================
Received Import Request.
  Time of request: 2026-10-09T14:09:54.628029Z
  Time since last request: 0.000661454 seconds.
  importAddress: GUID: 6e8cc863e4120a341b5e87a5235120c4 - Path: Packages/com.unity.render-pipelines.core/Editor/PostProcessing/LensFlareResource/Flare@2x.png - Importer: ScriptedImporter/UnityEditor.QuickSearchModule:UnityEditor.Search:ASIAI0B
Importing 'GUID: 6e8cc863e4120a341b5e87a5235120c4 - Path: Packages/com.unity.render-pipelines.core/Editor/PostProcessing/LensFlareResource/Flare@2x.png - Importer: ScriptedImporter/UnityEditor.QuickSearchModule:UnityEditor.Search:ASIAI0B' with importer (ScriptedImporter : UnityEditor.QuickSearchModule:UnityEditor.Search:ASIAI0B)
Imported 'GUID: 6e8cc863e4120a341b5e87a5235120c4' -> (Import Result ID: 'a487f9b612c6f2bcf3295a88347c38e4') in 0.003 seconds [static and dynamic dependencies]. Details - ImportResultOutputID=5ae0fbc9ddc8076978af68885c914192 DependenciesID=7cd2053fc01d6ed150964b22bfbaf18c StaticDependenciesID=5284822ccae04c48c0108492c92c3a60 
Number of updated asset objects reloaded before import = 0
Number of asset objects unloaded after import = 1
========================================================================
Received Import Request.
  Time of request: 2026-10-09T14:09:54.637435Z
  Time since last request: 0.000237132 seconds.
  importAddress: GUID: 0ff99fd36f66f1a41bcc1d3c90e0922a - Path: Packages/com.unity.render-pipelines.core/Runtime/Debugging/Runtime UI Resources/DebugWindowCommon.uss - Importer: ScriptedImporter/UnityEditor.QuickSearchModule:UnityEditor.Search:ASIAI0B
Importing 'GUID: 0ff99fd36f66f1a41bcc1d3c90e0922a - Path: Packages/com.unity.render-pipelines.core/Runtime/Debugging/Runtime UI Resources/DebugWindowCommon.uss - Importer: ScriptedImporter/UnityEditor.QuickSearchModule:UnityEditor.Search:ASIAI0B' with importer (ScriptedImporter : UnityEditor.QuickSearchModule:UnityEditor.Search:ASIAI0B)
Imported 'GUID: 0ff99fd36f66f1a41bcc1d3c90e0922a' -> (Import Result ID: '102778de5868020c8d87b4dd06b15c8c') in 0.002 seconds [static and dynamic dependencies]. Details - ImportResultOutputID=9bd45a4e95ddc6774ee365dd5b0f6b2b DependenciesID=ba2022cabf591688129e7309e713c829 StaticDependenciesID=81524f0b94ac3cab3e49657798324a64 
Number of updated asset objects reloaded before import = 0
Number of asset objects unloaded after import = 1
========================================================================
Received Import Request.
  Time of request: 2026-10-09T14:09:54.645737Z
  Time since last request: 0.000131455 seconds.
  importAddress: GUID: 84f2d5310507cd645a110b652fbfd1d7 - Path: Packages/com.unity.render-pipelines.core/Runtime/GPUDriven/Batching/InstanceCullingBatcher.Jobs.cs - Importer: ScriptedImporter/UnityEditor.QuickSearchModule:UnityEditor.Search:ASIAI0B
Importing 'GUID: 84f2d5310507cd645a110b652fbfd1d7 - Path: Packages/com.unity.render-pipelines.core/Runtime/GPUDriven/Batching/InstanceCullingBatcher.Jobs.cs - Importer: ScriptedImporter/UnityEditor.QuickSearchModule:UnityEditor.Search:ASIAI0B' with importer (ScriptedImporter : UnityEditor.QuickSearchModule:UnityEditor.Search:ASIAI0B)
Imported 'GUID: 84f2d5310507cd645a110b652fbfd1d7' -> (Import Result ID: '903c3e1b64167ac4c268260c95d350fa') in 0.001 seconds [static and dynamic dependencies]. Details - ImportResultOutputID=b2338da654517520bd91015e5a1e662c DependenciesID=481193dce1bceab4788b88f0d3fc64b4 StaticDependenciesID=1a4cd63f2bb6dd307f8ff9a0e3de4871 
Number of updated asset objects reloaded before import = 0
Number of asset objects unloaded after import = 0
========================================================================
Received Import Request.
  Time of request: 2026-10-09T14:09:54.653301Z
  Time since last request: 0.000209872 seconds.
  importAddress: GUID: 566b7e94308def1468a38e69c625ec0c - Path: Packages/com.unity.render-pipelines.core/Editor-PrivateShared/Tools/Converter/RenderPipelineConverterManager.cs - Importer: ScriptedImporter/UnityEditor.QuickSearchModule:UnityEditor.Search:ASIAI0B
Importing 'GUID: 566b7e94308def1468a38e69c625ec0c - Path: Packages/com.unity.render-pipelines.core/Editor-PrivateShared/Tools/Converter/RenderPipelineConverterManager.cs - Importer: ScriptedImporter/UnityEditor.QuickSearchModule:UnityEditor.Search:ASIAI0B' with importer (ScriptedImporter : UnityEditor.QuickSearchModule:UnityEditor.Search:ASIAI0B)
Imported 'GUID: 566b7e94308def1468a38e69c625ec0c' -> (Import Result ID: 'd2f62084b89dca8a18f08e217a512fd9') in 0.001 seconds [static and dynamic dependencies]. Details - ImportResultOutputID=3a27ef11c21cf6c52fe21a2349c66120 DependenciesID=225d4e5896df3967e307ce56b36d465b StaticDependenciesID=75eae9dcd4cd6a841a1fa76da4d431fc 
Number of updated asset objects reloaded before import = 0
Number of asset objects unloaded after import = 0
========================================================================
Received Prepare
AcceleratorClientConnectionCallback - disconnected - :0
Unloading 62 Unused Serialized files (Serialized files now loaded: 0)
Unloading 345 unused Assets / (5.5 MB). Loaded Objects now: 7482.
Memory consumption went from 210.7 MB to 205.2 MB.
Total: 11.148280 ms (FindLiveObjects: 0.528788 ms CreateObjectMapping: 0.275103 ms MarkObjects: 7.951473 ms  DeleteObjects: 2.177314 ms)

Prepare: number of updated asset objects reloaded= 0
Editor requested this worker to shutdown with reason: Editor is closing down
AcceleratorClientConnectionCallback - disconnected - :0
AssetImportWorker is now disconnected from the server
Process exiting
[ExitDontLaunchBugReporter] Exiting without the bug reporter. Application will exit with return code 0

SDL leaked 2 allocations
Turn on UNITY_SDL_ALLOCATION_TRACKING for detailed information.
Vulkan PSO: Pipeline cache has not changed skipping save handle[f927c670]
