[UnityConnectServicesConfig] Local config successfully read: "/usr/share/unity3d/config/services-config.json"
[UnityConnectServicesConfig] Service configuration:
    "servicesConfigBaseUrl": "",
    "disableServicesWindow": false,
    "disableUserLogin": false,
    "entitlementCacheTimeoutInSeconds": 60,
    "clientConnectTimeoutSec": 60,
    "clientHandshakeTimeoutSec": 30,
    "clientResolveEntitlementsTimeoutSec": 30,
    "clientUpdateLicenseTimeoutSec": 30,
    "licensingServiceBaseUrl": "",
    "enableProxyAutoconfig": "false"

Unity Editor version:    6000.6.0f1 (f7f8ed4d1e24)
Branch:                  6000.6/respin/6000.6.0f1-fa21a270ab12
Build type:              Release
Batch mode:              YES
System name:             Linux
Distro version:          #1 SMP PREEMPT_DYNAMIC Thu, 01 Oct 2026 17:24:20 +0000
Kernel version:          7.2.8-arch1-2
Architecture:            x86_64
Window Protocol:         Wayland (XWayland)
Available memory:        31340 MB
Date:                    2026-10-09T14:09:43Z
[Licensing::Module] Trying to connect to existing licensing client channel...
[Licensing::IpcConnector] Successfully connected to: "LicenseClient-main" at "2026-10-09T14:09:43.46343Z"
[SignatureVerifier] Application signature verification not supported on this platform.
[Licensing::Client] Handshaking with LicensingClient:
  Version:                 1.18.3+d7ffd15
  Session Id:              4e5c7312b5f2459dba4272303448d8a0
  Correlation Id:          b0ae15c3281fe6a205cc7ca0849c2f68
  External correlation Id: 1066911737872042020
  Machine Id:              7dg1T8WRH1g+50zUqfz9HYsfmdI=
[Licensing::Module] Successfully connected to LicensingClient on channel: "LicenseClient-main" (connect: 0.00s, validation: 0.00s, handshake: 0.00s)
[Licensing::IpcConnector] Successfully connected to: "LicenseClient-main-notifications" at "2026-10-09T14:09:43.464348Z"
[Licensing::Module] Licensing Background thread has ended after 0.00s
Selected window backend: (null) 
Desktop is 2560 x 1440 @ 60 Hz
Initialize udev device monitor.

COMMAND LINE ARGUMENTS:
unityhub-unity-editor-6000.6.0f1
-adb2
-batchMode
-noUpm
-name
AssetImportWorkerHW1
-projectPath
/home/main/github/Proyecto/Puppeteer-Stories/My project
-logFile
Logs/AssetImportWorkerHW1.log
-srvPort
36665
-parentPid
16771
-analyticsCloudUserId
anonymous
-analyticsLocalProjectId
56f506a5401387fe4bfead1f726ad9e4
-editorAnalyticsEnabled
1
-cbmEditorLicense
c6d1719261a14b86167c3a8ee6b1593d2e9fe7a6
-cbmMachineId
7dg1T8WRH1g+50zUqfz9HYsfmdI=
-noDiagnosticSwitchPersistentStore
-job-worker-count
7
-background-job-worker-count
8
-asset-garbage-collectors
1
-force-vulkan
Successfully changed project path to: /home/main/github/Proyecto/Puppeteer-Stories/My project
/home/main/github/Proyecto/Puppeteer-Stories/My project
[UnityMemory] Configuration Parameters - Can be set up in boot.config
    "memorysetup-temp-allocator-size-gi-baking-worker=262144"
    "memorysetup-temp-allocator-size-gi-baking-worker=262144"
    "memorysetup-temp-allocator-size-gi-baking-worker=262144"
    "memorysetup-temp-allocator-size-gi-baking-worker=262144"
    "memorysetup-temp-allocator-size-gi-baking-worker=262144"
    "memorysetup-temp-allocator-size-nav-mesh-worker=65536"
    "memorysetup-temp-allocator-size-audio-worker=65536"
    "memorysetup-temp-allocator-size-cloud-worker=32768"
    "memorysetup-temp-allocator-size-preload-manager=33554432"
    "memorysetup-remapper-allocator-initial-capacity=32768"
    "memorysetup-temp-allocator-size-gfx=262144"
    "memorysetup-allocator-temp-initial-block-size-main=262144"
    "memorysetup-allocator-temp-initial-block-size-worker=262144"
    "memorysetup-temp-allocator-size-background-worker=32768"
    "memorysetup-temp-allocator-size-job-worker=262144"
    "memorysetup-bucket-allocator-granularity=16"
    "memorysetup-bucket-allocator-bucket-count=8"
    "memorysetup-bucket-allocator-block-size=33554432"
    "memorysetup-bucket-allocator-block-count=8"
    "memorysetup-main-allocator-block-size=16777216"
    "memorysetup-thread-allocator-block-size=16777216"
    "memorysetup-main-allocator-mimalloc-enabled=1"
    "memorysetup-gfx-main-allocator-block-size=16777216"
    "memorysetup-gfx-thread-allocator-block-size=16777216"
    "memorysetup-cache-allocator-block-size=4194304"
    "memorysetup-typetree-allocator-block-size=2097152"
    "memorysetup-profiler-bucket-allocator-granularity=16"
    "memorysetup-profiler-bucket-allocator-bucket-count=8"
    "memorysetup-profiler-bucket-allocator-block-size=33554432"
    "memorysetup-profiler-bucket-allocator-block-count=8"
    "memorysetup-profiler-allocator-block-size=16777216"
    "memorysetup-profiler-editor-allocator-block-size=1048576"
    "memorysetup-temp-allocator-size-main=16777216"
    "memorysetup-job-temp-allocator-block-size=2097152"
    "memorysetup-job-temp-allocator-block-size-background=1048576"
    "memorysetup-job-temp-allocator-reduction-small-platforms=262144"
Player connection [140562442255104]  Target information:

Player connection [140562442255104]  * "[IP] 10.170.26.65 [Port] 0 [Flags] 2 [Guid] 800281794 [EditorId] 800281794 [Version] 1048832 [Id] LinuxEditor(16,10.170.26.65) [Debug] 1 [PackageName] LinuxEditor [ProjectName] Editor" 

Player connection [140562442255104] Host joined multi-casting on [225.0.0.222:54997]...
Player connection [140562442255104] Host joined alternative multi-casting on [225.0.0.222:34997]...
JobSystem: Creating JobQueue using job-worker-count value 7
Input System module state changed to: Initialized.
[Physics::Module] Initialized fallback backend.
[Physics::Module] Id: 0xdecafbad
Library Redirect Path: Library/
Initialising UDS system complete:
  - System type: Client
  - Resource namespace: baaaf7aa02a3b2dc2b9eedceb8672c2e
  - Shared memory size: 1073741824
  - Command buffer id: 1052624
  - Command buffer size: 8192
  - Hashmap size: 4194304
  - Service connected: true
  - Service working directory: Library/DataStore/
[Physics::Module] Selected backend.
[Physics::Module] Name: PhysX
[Physics::Module] Id: 0xf2b8ea05
[Physics::Module] SDK Version: 4.1.2
[Physics::Module] Integration Version: 1.0.0
[Physics::Module] Threading Mode: Multi-Threaded
Initialize engine version: 6000.6.0f1 (f7f8ed4d1e24)
[EntityIdStore] init: VM path (explicit commit), pageSize=4096, blockCount=1048576, entitiesPerBlock=256, slots reserved=4294967296 bytes
[Subsystems] Discovering subsystems at path /home/main/Unity/Hub/Editor/6000.6.0f1/Editor/Data/Resources/UnitySubsystems
[Subsystems] Discovering subsystems at path /home/main/github/Proyecto/Puppeteer-Stories/My project/Assets
Forcing GfxDevice: Vulkan
GfxDevice: creating device client; kGfxThreadingModeThreaded
[vulkan] LoadVulkanLibrary libvulkan.so.1[vulkan] Loaded instance function vkGetInstanceProcAddr
[vulkan] Loaded instance function vkGetInstanceProcAddr
[vulkan] Loaded instance function vkCreateInstance
[vulkan] Loaded instance function vkEnumerateInstanceExtensionProperties
[vulkan] Loaded instance function vkEnumerateInstanceLayerProperties
[vulkan] Loaded instance function vkEnumerateInstanceVersion
[Vulkan init] extensions: count=25
[Vulkan init] extensions: name=VK_EXT_acquire_drm_display [enabled=0, external=0]
[Vulkan init] extensions: name=VK_EXT_acquire_xlib_display [enabled=0, external=0]
[Vulkan init] extensions: name=VK_EXT_debug_report [enabled=0, external=0]
[Vulkan init] extensions: name=VK_EXT_debug_utils [enabled=1, external=0]
[Vulkan init] extensions: name=VK_EXT_direct_mode_display [enabled=0, external=0]
[Vulkan init] extensions: name=VK_EXT_display_surface_counter [enabled=0, external=0]
[Vulkan init] extensions: name=VK_EXT_surface_maintenance1 [enabled=0, external=0]
[Vulkan init] extensions: name=VK_EXT_swapchain_colorspace [enabled=1, external=0]
[Vulkan init] extensions: name=VK_KHR_device_group_creation [enabled=0, external=0]
[Vulkan init] extensions: name=VK_KHR_display [enabled=1, external=0]
[Vulkan init] extensions: name=VK_KHR_external_fence_capabilities [enabled=1, external=0]
[Vulkan init] extensions: name=VK_KHR_external_memory_capabilities [enabled=1, external=0]
[Vulkan init] extensions: name=VK_KHR_external_semaphore_capabilities [enabled=1, external=0]
[Vulkan init] extensions: name=VK_KHR_get_display_properties2 [enabled=0, external=0]
[Vulkan init] extensions: name=VK_KHR_get_physical_device_properties2 [enabled=1, external=0]
[Vulkan init] extensions: name=VK_KHR_get_surface_capabilities2 [enabled=0, external=0]
[Vulkan init] extensions: name=VK_KHR_portability_enumeration [enabled=0, external=0]
[Vulkan init] extensions: name=VK_KHR_surface [enabled=1, external=0]
[Vulkan init] extensions: name=VK_KHR_surface_maintenance1 [enabled=0, external=0]
[Vulkan init] extensions: name=VK_KHR_surface_protected_capabilities [enabled=0, external=0]
[Vulkan init] extensions: name=VK_KHR_wayland_surface [enabled=1, external=0]
[Vulkan init] extensions: name=VK_KHR_xcb_surface [enabled=0, external=0]
[Vulkan init] extensions: name=VK_KHR_xlib_surface [enabled=1, external=0]
[Vulkan init] extensions: name=VK_LUNARG_direct_driver_loading [enabled=0, external=0]
[Vulkan init] extensions: name=VK_NV_display_stereo [enabled=0, external=0]
[vulkan] Loaded instance function vkDestroyInstance
[vulkan] Loaded instance function vkGetPhysicalDeviceProperties
[vulkan] Loaded instance function vkEnumeratePhysicalDevices
[Vulkan init] SelectPhysicalDevice requestedDeviceIndex=-1 xrDevice=(nil)
[Vulkan init] Physical Device 0x55e142c0fd60 [0]: "NVIDIA GeForce RTX 4060 Laptop GPU" deviceType=2 vendorID=10de deviceID=28a0
Vulkan detection: 2
[Vulkan init] extensions: count=25
[Vulkan init] extensions: name=VK_EXT_acquire_drm_display [enabled=0, external=0]
[Vulkan init] extensions: name=VK_EXT_acquire_xlib_display [enabled=0, external=0]
[Vulkan init] extensions: name=VK_EXT_debug_report [enabled=0, external=0]
[Vulkan init] extensions: name=VK_EXT_debug_utils [enabled=1, external=0]
[Vulkan init] extensions: name=VK_EXT_direct_mode_display [enabled=0, external=0]
[Vulkan init] extensions: name=VK_EXT_display_surface_counter [enabled=0, external=0]
[Vulkan init] extensions: name=VK_EXT_surface_maintenance1 [enabled=0, external=0]
[Vulkan init] extensions: name=VK_EXT_swapchain_colorspace [enabled=1, external=0]
[Vulkan init] extensions: name=VK_KHR_device_group_creation [enabled=0, external=0]
[Vulkan init] extensions: name=VK_KHR_display [enabled=1, external=0]
[Vulkan init] extensions: name=VK_KHR_external_fence_capabilities [enabled=1, external=0]
[Vulkan init] extensions: name=VK_KHR_external_memory_capabilities [enabled=1, external=0]
[Vulkan init] extensions: name=VK_KHR_external_semaphore_capabilities [enabled=1, external=0]
[Vulkan init] extensions: name=VK_KHR_get_display_properties2 [enabled=0, external=0]
[Vulkan init] extensions: name=VK_KHR_get_physical_device_properties2 [enabled=1, external=0]
[Vulkan init] extensions: name=VK_KHR_get_surface_capabilities2 [enabled=0, external=0]
[Vulkan init] extensions: name=VK_KHR_portability_enumeration [enabled=0, external=0]
[Vulkan init] extensions: name=VK_KHR_surface [enabled=1, external=0]
[Vulkan init] extensions: name=VK_KHR_surface_maintenance1 [enabled=0, external=0]
[Vulkan init] extensions: name=VK_KHR_surface_protected_capabilities [enabled=0, external=0]
[Vulkan init] extensions: name=VK_KHR_wayland_surface [enabled=1, external=0]
[Vulkan init] extensions: name=VK_KHR_xcb_surface [enabled=0, external=0]
[Vulkan init] extensions: name=VK_KHR_xlib_surface [enabled=1, external=0]
[Vulkan init] extensions: name=VK_LUNARG_direct_driver_loading [enabled=0, external=0]
[Vulkan init] extensions: name=VK_NV_display_stereo [enabled=0, external=0]
[vulkan] Loaded instance function vkDestroyInstance
[vulkan] Loaded instance function vkGetPhysicalDeviceProperties
[vulkan] Loaded instance function vkEnumeratePhysicalDevices
[vulkan] Loaded instance function vkGetDeviceProcAddr
[vulkan] Loaded instance function vkGetPhysicalDeviceFeatures
[vulkan] Loaded instance function vkGetPhysicalDeviceFormatProperties
[vulkan] Loaded instance function vkGetPhysicalDeviceImageFormatProperties
[vulkan] Loaded instance function vkGetPhysicalDeviceQueueFamilyProperties
[vulkan] Loaded instance function vkGetPhysicalDeviceMemoryProperties
[vulkan] Loaded instance function vkCreateDevice
[vulkan] Loaded instance function vkEnumerateDeviceExtensionProperties
[vulkan] Loaded instance function vkEnumerateDeviceLayerProperties
[vulkan] Loaded instance function vkGetPhysicalDeviceSparseImageFormatProperties
[vulkan] Loaded instance function vkDestroySurfaceKHR
[vulkan] Loaded instance function vkGetPhysicalDeviceSurfaceSupportKHR
[vulkan] Loaded instance function vkGetPhysicalDeviceSurfaceCapabilitiesKHR
[vulkan] Loaded instance function vkGetPhysicalDeviceSurfaceFormatsKHR
[vulkan] Loaded instance function vkGetPhysicalDeviceSurfacePresentModesKHR
[vulkan] Loaded instance function vkCreateSwapchainKHR
[vulkan] Loaded instance function vkDestroySwapchainKHR
[vulkan] Loaded instance function vkGetSwapchainImagesKHR
[vulkan] Loaded instance function vkAcquireNextImageKHR
[vulkan] Loaded instance function vkQueuePresentKHR
[vulkan] Loaded instance function vkGetPhysicalDeviceDisplayPropertiesKHR
[vulkan] Loaded instance function vkGetPhysicalDeviceDisplayPlanePropertiesKHR
[vulkan] Loaded instance function vkGetDisplayPlaneSupportedDisplaysKHR
[vulkan] Loaded instance function vkGetDisplayModePropertiesKHR
[vulkan] Loaded instance function vkCreateDisplayModeKHR
[vulkan] Loaded instance function vkGetDisplayPlaneCapabilitiesKHR
[vulkan] Loaded instance function vkCreateDisplayPlaneSurfaceKHR
[vulkan] Loaded instance function vkCreateSharedSwapchainsKHR
[vulkan] Loaded instance function vkCreateXlibSurfaceKHR
[vulkan] Loaded instance function vkGetPhysicalDeviceXlibPresentationSupportKHR
[vulkan] Loaded instance function vkSetHdrMetadataEXT
[vulkan] Loaded instance function vkGetPhysicalDeviceFeatures2KHR
[vulkan] Loaded instance function vkGetPhysicalDeviceProperties2KHR
[vulkan] Loaded instance function vkGetPhysicalDeviceFormatProperties2KHR
[vulkan] Loaded instance function vkGetPhysicalDeviceImageFormatProperties2KHR
[vulkan] Loaded instance function vkGetPhysicalDeviceQueueFamilyProperties2KHR
[vulkan] Loaded instance function vkGetPhysicalDeviceMemoryProperties2KHR
[vulkan] Loaded instance function vkGetPhysicalDeviceSparseImageFormatProperties2KHR
[vulkan] Loaded instance function vkGetSemaphoreFdKHR
[vulkan] Loaded instance function vkImportSemaphoreFdKHR
[vulkan] Loaded instance function vkGetFenceFdKHR
[vulkan] Loaded instance function vkImportFenceFdKHR
[vulkan] Loaded instance function vkCreateSamplerYcbcrConversionKHR
[vulkan] Loaded instance function vkDestroySamplerYcbcrConversionKHR
[vulkan] Loaded instance function vkBindBufferMemory2KHR
[vulkan] Loaded instance function vkBindImageMemory2KHR
[vulkan] Loaded instance function vkWaitForPresentKHR
[vulkan] Loaded instance function vkGetPhysicalDeviceExternalSemaphorePropertiesKHR
[vulkan] Loaded instance function vkGetPhysicalDeviceExternalFencePropertiesKHR
[vulkan] Loaded instance function vkGetPhysicalDeviceFragmentShadingRatesKHR
[vulkan] Loaded instance function vkSetDebugUtilsObjectNameEXT
[vulkan] Loaded instance function vkSetDebugUtilsObjectTagEXT
[vulkan] Loaded instance function vkQueueBeginDebugUtilsLabelEXT
[vulkan] Loaded instance function vkQueueEndDebugUtilsLabelEXT
[vulkan] Loaded instance function vkQueueInsertDebugUtilsLabelEXT
[vulkan] Loaded instance function vkCmdBeginDebugUtilsLabelEXT
[vulkan] Loaded instance function vkCmdEndDebugUtilsLabelEXT
[vulkan] Loaded instance function vkCmdInsertDebugUtilsLabelEXT
[Vulkan init] SelectPhysicalDevice requestedDeviceIndex=-1 xrDevice=(nil)
[Vulkan init] Physical Device 0x55e142bad2f0 [0]: "NVIDIA GeForce RTX 4060 Laptop GPU" deviceType=2 vendorID=10de deviceID=28a0
[Vulkan init] Selected physical device 0x55e142bad2f0
[Vulkan init] Graphics queue count=1
[Vulkan init] extensions: count=290
[Vulkan init] extensions: name=VK_AMD_buffer_marker [enabled=0, external=0]
[Vulkan init] extensions: name=VK_EXT_4444_formats [enabled=1, external=0]
[Vulkan init] extensions: name=VK_EXT_attachment_feedback_loop_dynamic_state [enabled=0, external=0]
[Vulkan init] extensions: name=VK_EXT_attachment_feedback_loop_layout [enabled=0, external=0]
[Vulkan init] extensions: name=VK_EXT_blend_operation_advanced [enabled=0, external=0]
[Vulkan init] extensions: name=VK_EXT_border_color_swizzle [enabled=0, external=0]
[Vulkan init] extensions: name=VK_EXT_buffer_device_address [enabled=0, external=0]
[Vulkan init] extensions: name=VK_EXT_calibrated_timestamps [enabled=0, external=0]
[Vulkan init] extensions: name=VK_EXT_color_write_enable [enabled=0, external=0]
[Vulkan init] extensions: name=VK_EXT_conditional_rendering [enabled=0, external=0]
[Vulkan init] extensions: name=VK_EXT_conservative_rasterization [enabled=1, external=0]
[Vulkan init] extensions: name=VK_EXT_custom_border_color [enabled=0, external=0]
[Vulkan init] extensions: name=VK_EXT_custom_resolve [enabled=0, external=0]
[Vulkan init] extensions: name=VK_EXT_depth_bias_control [enabled=0, external=0]
[Vulkan init] extensions: name=VK_EXT_depth_clamp_control [enabled=0, external=0]
[Vulkan init] extensions: name=VK_EXT_depth_clamp_zero_one [enabled=0, external=0]
[Vulkan init] extensions: name=VK_EXT_depth_clip_control [enabled=0, external=0]
[Vulkan init] extensions: name=VK_EXT_depth_clip_enable [enabled=0, external=0]
[Vulkan init] extensions: name=VK_EXT_depth_range_unrestricted [enabled=0, external=0]
[Vulkan init] extensions: name=VK_EXT_descriptor_buffer [enabled=0, external=0]
[Vulkan init] extensions: name=VK_EXT_descriptor_heap [enabled=0, external=0]
[Vulkan init] extensions: name=VK_EXT_descriptor_indexing [enabled=0, external=0]
[Vulkan init] extensions: name=VK_EXT_device_address_binding_report [enabled=0, external=0]
[Vulkan init] extensions: name=VK_EXT_device_fault [enabled=0, external=0]
[Vulkan init] extensions: name=VK_EXT_device_generated_commands [enabled=0, external=0]
[Vulkan init] extensions: name=VK_EXT_device_memory_report [enabled=0, external=0]
[Vulkan init] extensions: name=VK_EXT_discard_rectangles [enabled=0, external=0]
[Vulkan init] extensions: name=VK_EXT_display_control [enabled=0, external=0]
[Vulkan init] extensions: name=VK_EXT_dynamic_rendering_unused_attachments [enabled=0, external=0]
[Vulkan init] extensions: name=VK_EXT_extended_dynamic_state [enabled=0, external=0]
[Vulkan init] extensions: name=VK_EXT_extended_dynamic_state2 [enabled=0, external=0]
[Vulkan init] extensions: name=VK_EXT_extended_dynamic_state3 [enabled=0, external=0]
[Vulkan init] extensions: name=VK_EXT_external_memory_dma_buf [enabled=0, external=0]
[Vulkan init] extensions: name=VK_EXT_external_memory_host [enabled=1, external=0]
[Vulkan init] extensions: name=VK_EXT_fragment_shader_interlock [enabled=0, external=0]
[Vulkan init] extensions: name=VK_EXT_global_priority [enabled=0, external=0]
[Vulkan init] extensions: name=VK_EXT_global_priority_query [enabled=0, external=0]
[Vulkan init] extensions: name=VK_EXT_graphics_pipeline_library [enabled=0, external=0]
[Vulkan init] extensions: name=VK_EXT_hdr_metadata [enabled=1, external=0]
[Vulkan init] extensions: name=VK_EXT_host_image_copy [enabled=0, external=0]
[Vulkan init] extensions: name=VK_EXT_host_query_reset [enabled=0, external=0]
[Vulkan init] extensions: name=VK_EXT_image_2d_view_of_3d [enabled=0, external=0]
[Vulkan init] extensions: name=VK_EXT_image_drm_format_modifier [enabled=0, external=0]
[Vulkan init] extensions: name=VK_EXT_image_robustness [enabled=0, external=0]
[Vulkan init] extensions: name=VK_EXT_image_sliced_view_of_3d [enabled=0, external=0]
[Vulkan init] extensions: name=VK_EXT_image_view_min_lod [enabled=0, external=0]
[Vulkan init] extensions: name=VK_EXT_index_type_uint8 [enabled=0, external=0]
[Vulkan init] extensions: name=VK_EXT_inline_uniform_block [enabled=0, external=0]
[Vulkan init] extensions: name=VK_EXT_legacy_vertex_attributes [enabled=0, external=0]
[Vulkan init] extensions: name=VK_EXT_line_rasterization [enabled=0, external=0]
[Vulkan init] extensions: name=VK_EXT_load_store_op_none [enabled=1, external=0]
[Vulkan init] extensions: name=VK_EXT_map_memory_placed [enabled=0, external=0]
[Vulkan init] extensions: name=VK_EXT_memory_budget [enabled=1, external=0]
[Vulkan init] extensions: name=VK_EXT_memory_decompression [enabled=0, external=0]
[Vulkan init] extensions: name=VK_EXT_memory_priority [enabled=1, external=0]
[Vulkan init] extensions: name=VK_EXT_mesh_shader [enabled=0, external=0]
[Vulkan init] extensions: name=VK_EXT_multi_draw [enabled=0, external=0]
[Vulkan init] extensions: name=VK_EXT_mutable_descriptor_type [enabled=0, external=0]
[Vulkan init] extensions: name=VK_EXT_nested_command_buffer [enabled=0, external=0]
[Vulkan init] extensions: name=VK_EXT_non_seamless_cube_map [enabled=0, external=0]
[Vulkan init] extensions: name=VK_EXT_opacity_micromap [enabled=0, external=0]
[Vulkan init] extensions: name=VK_EXT_pageable_device_local_memory [enabled=0, external=0]
[Vulkan init] extensions: name=VK_EXT_pci_bus_info [enabled=0, external=0]
[Vulkan init] extensions: name=VK_EXT_physical_device_drm [enabled=0, external=0]
[Vulkan init] extensions: name=VK_EXT_pipeline_creation_cache_control [enabled=0, external=0]
[Vulkan init] extensions: name=VK_EXT_pipeline_creation_feedback [enabled=0, external=0]
[Vulkan init] extensions: name=VK_EXT_pipeline_library_group_handles [enabled=0, external=0]
[Vulkan init] extensions: name=VK_EXT_pipeline_robustness [enabled=0, external=0]
[Vulkan init] extensions: name=VK_EXT_post_depth_coverage [enabled=0, external=0]
[Vulkan init] extensions: name=VK_EXT_present_mode_fifo_latest_ready [enabled=0, external=0]
[Vulkan init] extensions: name=VK_EXT_present_timing [enabled=0, external=0]
[Vulkan init] extensions: name=VK_EXT_primitive_restart_index [enabled=0, external=0]
[Vulkan init] extensions: name=VK_EXT_primitive_topology_list_restart [enabled=0, external=0]
[Vulkan init] extensions: name=VK_EXT_primitives_generated_query [enabled=0, external=0]
[Vulkan init] extensions: name=VK_EXT_private_data [enabled=0, external=0]
[Vulkan init] extensions: name=VK_EXT_provoking_vertex [enabled=0, external=0]
[Vulkan init] extensions: name=VK_EXT_queue_family_foreign [enabled=1, external=0]
[Vulkan init] extensions: name=VK_EXT_ray_tracing_invocation_reorder [enabled=0, external=0]
[Vulkan init] extensions: name=VK_EXT_robustness2 [enabled=0, external=0]
[Vulkan init] extensions: name=VK_EXT_sample_locations [enabled=0, external=0]
[Vulkan init] extensions: name=VK_EXT_sampler_filter_minmax [enabled=0, external=0]
[Vulkan init] extensions: name=VK_EXT_scalar_block_layout [enabled=1, external=0]
[Vulkan init] extensions: name=VK_EXT_separate_stencil_usage [enabled=0, external=0]
[Vulkan init] extensions: name=VK_EXT_shader_64bit_indexing [enabled=0, external=0]
[Vulkan init] extensions: name=VK_EXT_shader_atomic_float [enabled=0, external=0]
[Vulkan init] extensions: name=VK_EXT_shader_demote_to_helper_invocation [enabled=1, external=0]
[Vulkan init] extensions: name=VK_EXT_shader_float8 [enabled=0, external=0]
[Vulkan init] extensions: name=VK_EXT_shader_image_atomic_int64 [enabled=0, external=0]
[Vulkan init] extensions: name=VK_EXT_shader_long_vector [enabled=0, external=0]
[Vulkan init] extensions: name=VK_EXT_shader_module_identifier [enabled=0, external=0]
[Vulkan init] extensions: name=VK_EXT_shader_object [enabled=0, external=0]
[Vulkan init] extensions: name=VK_EXT_shader_replicated_composites [enabled=0, external=0]
[Vulkan init] extensions: name=VK_EXT_shader_split_barrier [enabled=0, external=0]
[Vulkan init] extensions: name=VK_EXT_shader_subgroup_ballot [enabled=0, external=0]
[Vulkan init] extensions: name=VK_EXT_shader_subgroup_partitioned [enabled=0, external=0]
[Vulkan init] extensions: name=VK_EXT_shader_subgroup_vote [enabled=0, external=0]
[Vulkan init] extensions: name=VK_EXT_shader_uniform_buffer_unsized_array [enabled=0, external=0]
[Vulkan init] extensions: name=VK_EXT_shader_viewport_index_layer [enabled=1, external=0]
[Vulkan init] extensions: name=VK_EXT_subgroup_size_control [enabled=0, external=0]
[Vulkan init] extensions: name=VK_EXT_swapchain_maintenance1 [enabled=0, external=0]
[Vulkan init] extensions: name=VK_EXT_texel_buffer_alignment [enabled=0, external=0]
[Vulkan init] extensions: name=VK_EXT_tooling_info [enabled=0, external=0]
[Vulkan init] extensions: name=VK_EXT_transform_feedback [enabled=0, external=0]
[Vulkan init] extensions: name=VK_EXT_vertex_attribute_divisor [enabled=0, external=0]
[Vulkan init] extensions: name=VK_EXT_vertex_attribute_robustness [enabled=0, external=0]
[Vulkan init] extensions: name=VK_EXT_vertex_input_dynamic_state [enabled=1, external=0]
[Vulkan init] extensions: name=VK_EXT_ycbcr_2plane_444_formats [enabled=0, external=0]
[Vulkan init] extensions: name=VK_EXT_ycbcr_image_arrays [enabled=0, external=0]
[Vulkan init] extensions: name=VK_EXT_zero_initialize_device_memory [enabled=0, external=0]
[Vulkan init] extensions: name=VK_GOOGLE_hlsl_functionality1 [enabled=0, external=0]
[Vulkan init] extensions: name=VK_GOOGLE_user_type [enabled=0, external=0]
[Vulkan init] extensions: name=VK_KHR_16bit_storage [enabled=1, external=0]
[Vulkan init] extensions: name=VK_KHR_8bit_storage [enabled=0, external=0]
[Vulkan init] extensions: name=VK_KHR_acceleration_structure [enabled=0, external=0]
[Vulkan init] extensions: name=VK_KHR_bind_memory2 [enabled=1, external=0]
[Vulkan init] extensions: name=VK_KHR_buffer_device_address [enabled=0, external=0]
[Vulkan init] extensions: name=VK_KHR_calibrated_timestamps [enabled=0, external=0]
[Vulkan init] extensions: name=VK_KHR_compute_shader_derivatives [enabled=0, external=0]
[Vulkan init] extensions: name=VK_KHR_cooperative_matrix [enabled=0, external=0]
[Vulkan init] extensions: name=VK_KHR_copy_commands2 [enabled=0, external=0]
[Vulkan init] extensions: name=VK_KHR_copy_memory_indirect [enabled=0, external=0]
[Vulkan init] extensions: name=VK_KHR_create_renderpass2 [enabled=1, external=0]
[Vulkan init] extensions: name=VK_KHR_dedicated_allocation [enabled=1, external=0]
[Vulkan init] extensions: name=VK_KHR_deferred_host_operations [enabled=0, external=0]
[Vulkan init] extensions: name=VK_KHR_depth_clamp_zero_one [enabled=0, external=0]
[Vulkan init] extensions: name=VK_KHR_depth_stencil_resolve [enabled=1, external=0]
[Vulkan init] extensions: name=VK_KHR_descriptor_update_template [enabled=1, external=0]
[Vulkan init] extensions: name=VK_KHR_device_address_commands [enabled=0, external=0]
[Vulkan init] extensions: name=VK_KHR_device_fault [enabled=0, external=0]
[Vulkan init] extensions: name=VK_KHR_device_group [enabled=0, external=0]
[Vulkan init] extensions: name=VK_KHR_draw_indirect_count [enabled=0, external=0]
[Vulkan init] extensions: name=VK_KHR_driver_properties [enabled=1, external=0]
[Vulkan init] extensions: name=VK_KHR_dynamic_rendering [enabled=0, external=0]
[Vulkan init] extensions: name=VK_KHR_dynamic_rendering_local_read [enabled=0, external=0]
[Vulkan init] extensions: name=VK_KHR_external_fence [enabled=1, external=0]
[Vulkan init] extensions: name=VK_KHR_external_fence_fd [enabled=1, external=0]
[Vulkan init] extensions: name=VK_KHR_external_memory [enabled=1, external=0]
[Vulkan init] extensions: name=VK_KHR_external_memory_fd [enabled=1, external=0]
[Vulkan init] extensions: name=VK_KHR_external_semaphore [enabled=1, external=0]
[Vulkan init] extensions: name=VK_KHR_external_semaphore_fd [enabled=1, external=0]
[Vulkan init] extensions: name=VK_KHR_format_feature_flags2 [enabled=0, external=0]
[Vulkan init] extensions: name=VK_KHR_fragment_shader_barycentric [enabled=0, external=0]
[Vulkan init] extensions: name=VK_KHR_fragment_shading_rate [enabled=1, external=0]
[Vulkan init] extensions: name=VK_KHR_get_memory_requirements2 [enabled=1, external=0]
[Vulkan init] extensions: name=VK_KHR_global_priority [enabled=0, external=0]
[Vulkan init] extensions: name=VK_KHR_image_format_list [enabled=1, external=0]
[Vulkan init] extensions: name=VK_KHR_imageless_framebuffer [enabled=0, external=0]
[Vulkan init] extensions: name=VK_KHR_incremental_present [enabled=0, external=0]
[Vulkan init] extensions: name=VK_KHR_index_type_uint8 [enabled=0, external=0]
[Vulkan init] extensions: name=VK_KHR_internally_synchronized_queues [enabled=0, external=0]
[Vulkan init] extensions: name=VK_KHR_line_rasterization [enabled=0, external=0]
[Vulkan init] extensions: name=VK_KHR_load_store_op_none [enabled=0, external=0]
[Vulkan init] extensions: name=VK_KHR_maintenance1 [enabled=1, external=0]
[Vulkan init] extensions: name=VK_KHR_maintenance10 [enabled=0, external=0]
[Vulkan init] extensions: name=VK_KHR_maintenance11 [enabled=0, external=0]
[Vulkan init] extensions: name=VK_KHR_maintenance2 [enabled=1, external=0]
[Vulkan init] extensions: name=VK_KHR_maintenance3 [enabled=0, external=0]
[Vulkan init] extensions: name=VK_KHR_maintenance4 [enabled=0, external=0]
[Vulkan init] extensions: name=VK_KHR_maintenance5 [enabled=0, external=0]
[Vulkan init] extensions: name=VK_KHR_maintenance6 [enabled=0, external=0]
[Vulkan init] extensions: name=VK_KHR_maintenance7 [enabled=0, external=0]
[Vulkan init] extensions: name=VK_KHR_maintenance8 [enabled=0, external=0]
[Vulkan init] extensions: name=VK_KHR_maintenance9 [enabled=0, external=0]
[Vulkan init] extensions: name=VK_KHR_map_memory2 [enabled=0, external=0]
[Vulkan init] extensions: name=VK_KHR_multiview [enabled=1, external=0]
[Vulkan init] extensions: name=VK_KHR_opacity_micromap [enabled=0, external=0]
[Vulkan init] extensions: name=VK_KHR_pipeline_binary [enabled=0, external=0]
[Vulkan init] extensions: name=VK_KHR_pipeline_executable_properties [enabled=0, external=0]
[Vulkan init] extensions: name=VK_KHR_pipeline_library [enabled=0, external=0]
[Vulkan init] extensions: name=VK_KHR_present_id [enabled=1, external=0]
[Vulkan init] extensions: name=VK_KHR_present_id2 [enabled=0, external=0]
[Vulkan init] extensions: name=VK_KHR_present_mode_fifo_latest_ready [enabled=0, external=0]
[Vulkan init] extensions: name=VK_KHR_present_wait [enabled=1, external=0]
[Vulkan init] extensions: name=VK_KHR_present_wait2 [enabled=0, external=0]
[Vulkan init] extensions: name=VK_KHR_push_descriptor [enabled=0, external=0]
[Vulkan init] extensions: name=VK_KHR_ray_query [enabled=0, external=0]
[Vulkan init] extensions: name=VK_KHR_ray_tracing_maintenance1 [enabled=0, external=0]
[Vulkan init] extensions: name=VK_KHR_ray_tracing_pipeline [enabled=0, external=0]
[Vulkan init] extensions: name=VK_KHR_ray_tracing_position_fetch [enabled=0, external=0]
[Vulkan init] extensions: name=VK_KHR_relaxed_block_layout [enabled=0, external=0]
[Vulkan init] extensions: name=VK_KHR_robustness2 [enabled=0, external=0]
[Vulkan init] extensions: name=VK_KHR_sampler_mirror_clamp_to_edge [enabled=1, external=0]
[Vulkan init] extensions: name=VK_KHR_sampler_ycbcr_conversion [enabled=1, external=0]
[Vulkan init] extensions: name=VK_KHR_separate_depth_stencil_layouts [enabled=0, external=0]
[Vulkan init] extensions: name=VK_KHR_shader_abort [enabled=0, external=0]
[Vulkan init] extensions: name=VK_KHR_shader_atomic_int64 [enabled=1, external=0]
[Vulkan init] extensions: name=VK_KHR_shader_bfloat16 [enabled=0, external=0]
[Vulkan init] extensions: name=VK_KHR_shader_clock [enabled=0, external=0]
[Vulkan init] extensions: name=VK_KHR_shader_constant_data [enabled=0, external=0]
[Vulkan init] extensions: name=VK_KHR_shader_draw_parameters [enabled=0, external=0]
[Vulkan init] extensions: name=VK_KHR_shader_expect_assume [enabled=0, external=0]
[Vulkan init] extensions: name=VK_KHR_shader_float16_int8 [enabled=1, external=0]
[Vulkan init] extensions: name=VK_KHR_shader_float_controls [enabled=0, external=0]
[Vulkan init] extensions: name=VK_KHR_shader_float_controls2 [enabled=0, external=0]
[Vulkan init] extensions: name=VK_KHR_shader_fma [enabled=0, external=0]
[Vulkan init] extensions: name=VK_KHR_shader_integer_dot_product [enabled=0, external=0]
[Vulkan init] extensions: name=VK_KHR_shader_maximal_reconvergence [enabled=0, external=0]
[Vulkan init] extensions: name=VK_KHR_shader_non_semantic_info [enabled=1, external=0]
[Vulkan init] extensions: name=VK_KHR_shader_quad_control [enabled=0, external=0]
[Vulkan init] extensions: name=VK_KHR_shader_relaxed_extended_instruction [enabled=0, external=0]
[Vulkan init] extensions: name=VK_KHR_shader_subgroup_extended_types [enabled=0, external=0]
[Vulkan init] extensions: name=VK_KHR_shader_subgroup_rotate [enabled=0, external=0]
[Vulkan init] extensions: name=VK_KHR_shader_subgroup_uniform_control_flow [enabled=0, external=0]
[Vulkan init] extensions: name=VK_KHR_shader_terminate_invocation [enabled=0, external=0]
[Vulkan init] extensions: name=VK_KHR_shader_untyped_pointers [enabled=0, external=0]
[Vulkan init] extensions: name=VK_KHR_shared_presentable_image [enabled=0, external=0]
[Vulkan init] extensions: name=VK_KHR_spirv_1_4 [enabled=0, external=0]
[Vulkan init] extensions: name=VK_KHR_storage_buffer_storage_class [enabled=1, external=0]
[Vulkan init] extensions: name=VK_KHR_swapchain [enabled=1, external=0]
[Vulkan init] extensions: name=VK_KHR_swapchain_maintenance1 [enabled=0, external=0]
[Vulkan init] extensions: name=VK_KHR_swapchain_mutable_format [enabled=1, external=0]
[Vulkan init] extensions: name=VK_KHR_synchronization2 [enabled=0, external=0]
[Vulkan init] extensions: name=VK_KHR_timeline_semaphore [enabled=0, external=0]
[Vulkan init] extensions: name=VK_KHR_unified_image_layouts [enabled=0, external=0]
[Vulkan init] extensions: name=VK_KHR_uniform_buffer_standard_layout [enabled=0, external=0]
[Vulkan init] extensions: name=VK_KHR_variable_pointers [enabled=0, external=0]
[Vulkan init] extensions: name=VK_KHR_vertex_attribute_divisor [enabled=0, external=0]
[Vulkan init] extensions: name=VK_KHR_video_decode_av1 [enabled=0, external=0]
[Vulkan init] extensions: name=VK_KHR_video_decode_h264 [enabled=0, external=0]
[Vulkan init] extensions: name=VK_KHR_video_decode_h265 [enabled=0, external=0]
[Vulkan init] extensions: name=VK_KHR_video_decode_queue [enabled=0, external=0]
[Vulkan init] extensions: name=VK_KHR_video_decode_vp9 [enabled=0, external=0]
[Vulkan init] extensions: name=VK_KHR_video_encode_av1 [enabled=0, external=0]
[Vulkan init] extensions: name=VK_KHR_video_encode_h264 [enabled=0, external=0]
[Vulkan init] extensions: name=VK_KHR_video_encode_h265 [enabled=0, external=0]
[Vulkan init] extensions: name=VK_KHR_video_encode_intra_refresh [enabled=0, external=0]
[Vulkan init] extensions: name=VK_KHR_video_encode_quantization_map [enabled=0, external=0]
[Vulkan init] extensions: name=VK_KHR_video_encode_queue [enabled=0, external=0]
[Vulkan init] extensions: name=VK_KHR_video_maintenance1 [enabled=0, external=0]
[Vulkan init] extensions: name=VK_KHR_video_maintenance2 [enabled=0, external=0]
[Vulkan init] extensions: name=VK_KHR_video_queue [enabled=0, external=0]
[Vulkan init] extensions: name=VK_KHR_vulkan_memory_model [enabled=0, external=0]
[Vulkan init] extensions: name=VK_KHR_workgroup_memory_explicit_layout [enabled=0, external=0]
[Vulkan init] extensions: name=VK_KHR_zero_initialize_workgroup_memory [enabled=0, external=0]
[Vulkan init] extensions: name=VK_NVX_binary_import [enabled=0, external=0]
[Vulkan init] extensions: name=VK_NVX_image_view_handle [enabled=0, external=0]
[Vulkan init] extensions: name=VK_NVX_multiview_per_view_attributes [enabled=0, external=0]
[Vulkan init] extensions: name=VK_NV_clip_space_w_scaling [enabled=0, external=0]
[Vulkan init] extensions: name=VK_NV_cluster_acceleration_structure [enabled=0, external=0]
[Vulkan init] extensions: name=VK_NV_compute_occupancy_priority [enabled=0, external=0]
[Vulkan init] extensions: name=VK_NV_compute_shader_derivatives [enabled=0, external=0]
[Vulkan init] extensions: name=VK_NV_cooperative_matrix [enabled=0, external=0]
[Vulkan init] extensions: name=VK_NV_cooperative_matrix2 [enabled=0, external=0]
[Vulkan init] extensions: name=VK_NV_cooperative_matrix_decode_vector [enabled=0, external=0]
[Vulkan init] extensions: name=VK_NV_cooperative_vector [enabled=0, external=0]
[Vulkan init] extensions: name=VK_NV_copy_memory_indirect [enabled=0, external=0]
[Vulkan init] extensions: name=VK_NV_corner_sampled_image [enabled=0, external=0]
[Vulkan init] extensions: name=VK_NV_coverage_reduction_mode [enabled=0, external=0]
[Vulkan init] extensions: name=VK_NV_cuda_kernel_launch [enabled=0, external=0]
[Vulkan init] extensions: name=VK_NV_dedicated_allocation [enabled=0, external=0]
[Vulkan init] extensions: name=VK_NV_dedicated_allocation_image_aliasing [enabled=0, external=0]
[Vulkan init] extensions: name=VK_NV_descriptor_pool_overallocation [enabled=0, external=0]
[Vulkan init] extensions: name=VK_NV_device_diagnostic_checkpoints [enabled=0, external=0]
[Vulkan init] extensions: name=VK_NV_device_diagnostics_config [enabled=0, external=0]
[Vulkan init] extensions: name=VK_NV_device_generated_commands [enabled=0, external=0]
[Vulkan init] extensions: name=VK_NV_device_generated_commands_compute [enabled=0, external=0]
[Vulkan init] extensions: name=VK_NV_disk_cache_utils [enabled=0, external=0]
[Vulkan init] extensions: name=VK_NV_extended_sparse_address_space [enabled=0, external=0]
[Vulkan init] extensions: name=VK_NV_fill_rectangle [enabled=0, external=0]
[Vulkan init] extensions: name=VK_NV_fragment_coverage_to_color [enabled=0, external=0]
[Vulkan init] extensions: name=VK_NV_fragment_shader_barycentric [enabled=0, external=0]
[Vulkan init] extensions: name=VK_NV_fragment_shading_rate_enums [enabled=0, external=0]
[Vulkan init] extensions: name=VK_NV_framebuffer_mixed_samples [enabled=0, external=0]
[Vulkan init] extensions: name=VK_NV_geometry_shader_passthrough [enabled=0, external=0]
[Vulkan init] extensions: name=VK_NV_inherited_viewport_scissor [enabled=0, external=0]
[Vulkan init] extensions: name=VK_NV_internal_handle [enabled=0, external=0]
[Vulkan init] extensions: name=VK_NV_internal_nvpresent [enabled=0, external=0]
[Vulkan init] extensions: name=VK_NV_linear_color_attachment [enabled=0, external=0]
[Vulkan init] extensions: name=VK_NV_low_latency [enabled=0, external=0]
[Vulkan init] extensions: name=VK_NV_low_latency2 [enabled=0, external=0]
[Vulkan init] extensions: name=VK_NV_memory_decompression [enabled=0, external=0]
[Vulkan init] extensions: name=VK_NV_mesh_shader [enabled=0, external=0]
[Vulkan init] extensions: name=VK_NV_optical_flow [enabled=0, external=0]
[Vulkan init] extensions: name=VK_NV_partitioned_acceleration_structure [enabled=0, external=0]
[Vulkan init] extensions: name=VK_NV_present_metering [enabled=0, external=0]
[Vulkan init] extensions: name=VK_NV_push_constant_bank [enabled=0, external=0]
[Vulkan init] extensions: name=VK_NV_raw_access_chains [enabled=0, external=0]
[Vulkan init] extensions: name=VK_NV_ray_tracing [enabled=0, external=0]
[Vulkan init] extensions: name=VK_NV_ray_tracing_invocation_reorder [enabled=0, external=0]
[Vulkan init] extensions: name=VK_NV_ray_tracing_motion_blur [enabled=0, external=0]
[Vulkan init] extensions: name=VK_NV_representative_fragment_test [enabled=0, external=0]
[Vulkan init] extensions: name=VK_NV_sample_mask_override_coverage [enabled=0, external=0]
[Vulkan init] extensions: name=VK_NV_scissor_exclusive [enabled=0, external=0]
[Vulkan init] extensions: name=VK_NV_shader_atomic_float16_vector [enabled=0, external=0]
[Vulkan init] extensions: name=VK_NV_shader_image_footprint [enabled=0, external=0]
[Vulkan init] extensions: name=VK_NV_shader_sm_builtins [enabled=0, external=0]
[Vulkan init] extensions: name=VK_NV_shader_subgroup_partitioned [enabled=0, external=0]
[Vulkan init] extensions: name=VK_NV_shading_rate_image [enabled=0, external=0]
[Vulkan init] extensions: name=VK_NV_viewport_array2 [enabled=0, external=0]
[Vulkan init] extensions: name=VK_NV_viewport_swizzle [enabled=0, external=0]
[vulkan] Loaded device function vkDestroyDevice
[vulkan] Loaded device function vkGetDeviceQueue
[vulkan] Loaded device function vkQueueSubmit
[vulkan] Loaded device function vkQueueWaitIdle
[vulkan] Loaded device function vkDeviceWaitIdle
[vulkan] Loaded device function vkAllocateMemory
[vulkan] Loaded device function vkFreeMemory
[vulkan] Loaded device function vkMapMemory
[vulkan] Loaded device function vkUnmapMemory
[vulkan] Loaded device function vkFlushMappedMemoryRanges
[vulkan] Loaded device function vkInvalidateMappedMemoryRanges
[vulkan] Loaded device function vkGetDeviceMemoryCommitment
[vulkan] Loaded device function vkBindBufferMemory
[vulkan] Loaded device function vkBindImageMemory
[vulkan] Loaded device function vkGetBufferMemoryRequirements
[vulkan] Loaded device function vkGetImageMemoryRequirements
[vulkan] Loaded device function vkGetImageSparseMemoryRequirements
[vulkan] Loaded device function vkQueueBindSparse
[vulkan] Loaded device function vkCreateFence
[vulkan] Loaded device function vkDestroyFence
[vulkan] Loaded device function vkResetFences
[vulkan] Loaded device function vkGetFenceStatus
[vulkan] Loaded device function vkWaitForFences
[vulkan] Loaded device function vkCreateSemaphore
[vulkan] Loaded device function vkDestroySemaphore
[vulkan] Loaded device function vkCreateEvent
[vulkan] Loaded device function vkDestroyEvent
[vulkan] Loaded device function vkGetEventStatus
[vulkan] Loaded device function vkSetEvent
[vulkan] Loaded device function vkResetEvent
[vulkan] Loaded device function vkCreateQueryPool
[vulkan] Loaded device function vkDestroyQueryPool
[vulkan] Loaded device function vkGetQueryPoolResults
[vulkan] Loaded device function vkCreateBuffer
[vulkan] Loaded device function vkDestroyBuffer
[vulkan] Loaded device function vkCreateBufferView
[vulkan] Loaded device function vkDestroyBufferView
[vulkan] Loaded device function vkCreateImage
[vulkan] Loaded device function vkDestroyImage
[vulkan] Loaded device function vkGetImageSubresourceLayout
[vulkan] Loaded device function vkCreateImageView
[vulkan] Loaded device function vkDestroyImageView
[vulkan] Loaded device function vkCreateShaderModule
[vulkan] Loaded device function vkDestroyShaderModule
[vulkan] Loaded device function vkCreatePipelineCache
[vulkan] Loaded device function vkDestroyPipelineCache
[vulkan] Loaded device function vkGetPipelineCacheData
[vulkan] Loaded device function vkMergePipelineCaches
[vulkan] Loaded device function vkCreateGraphicsPipelines
[vulkan] Loaded device function vkCreateComputePipelines
[vulkan] Loaded device function vkDestroyPipeline
[vulkan] Loaded device function vkCreatePipelineLayout
[vulkan] Loaded device function vkDestroyPipelineLayout
[vulkan] Loaded device function vkCreateSampler
[vulkan] Loaded device function vkDestroySampler
[vulkan] Loaded device function vkCreateDescriptorSetLayout
[vulkan] Loaded device function vkDestroyDescriptorSetLayout
[vulkan] Loaded device function vkCreateDescriptorPool
[vulkan] Loaded device function vkDestroyDescriptorPool
[vulkan] Loaded device function vkResetDescriptorPool
[vulkan] Loaded device function vkAllocateDescriptorSets
[vulkan] Loaded device function vkFreeDescriptorSets
[vulkan] Loaded device function vkUpdateDescriptorSets
[vulkan] Loaded device function vkCreateFramebuffer
[vulkan] Loaded device function vkDestroyFramebuffer
[vulkan] Loaded device function vkCreateRenderPass
[vulkan] Loaded device function vkDestroyRenderPass
[vulkan] Loaded device function vkGetRenderAreaGranularity
[vulkan] Loaded device function vkCreateCommandPool
[vulkan] Loaded device function vkDestroyCommandPool
[vulkan] Loaded device function vkResetCommandPool
[vulkan] Loaded device function vkAllocateCommandBuffers
[vulkan] Loaded device function vkFreeCommandBuffers
[vulkan] Loaded device function vkBeginCommandBuffer
[vulkan] Loaded device function vkEndCommandBuffer
[vulkan] Loaded device function vkResetCommandBuffer
[vulkan] Loaded device function vkCmdBindPipeline
[vulkan] Loaded device function vkCmdSetViewport
[vulkan] Loaded device function vkCmdSetScissor
[vulkan] Loaded device function vkCmdSetLineWidth
[vulkan] Loaded device function vkCmdSetDepthBias
[vulkan] Loaded device function vkCmdSetBlendConstants
[vulkan] Loaded device function vkCmdSetDepthBounds
[vulkan] Loaded device function vkCmdSetStencilCompareMask
[vulkan] Loaded device function vkCmdSetStencilWriteMask
[vulkan] Loaded device function vkCmdSetStencilReference
[vulkan] Loaded device function vkCmdBindDescriptorSets
[vulkan] Loaded device function vkCmdBindIndexBuffer
[vulkan] Loaded device function vkCmdBindVertexBuffers
[vulkan] Loaded device function vkCmdDraw
[vulkan] Loaded device function vkCmdDrawIndexed
[vulkan] Loaded device function vkCmdDrawIndirect
[vulkan] Loaded device function vkCmdDrawIndexedIndirect
[vulkan] Loaded device function vkCmdDispatch
[vulkan] Loaded device function vkCmdDispatchIndirect
[vulkan] Loaded device function vkCmdCopyBuffer
[vulkan] Loaded device function vkCmdCopyImage
[vulkan] Loaded device function vkCmdBlitImage
[vulkan] Loaded device function vkCmdCopyBufferToImage
[vulkan] Loaded device function vkCmdCopyImageToBuffer
[vulkan] Loaded device function vkCmdUpdateBuffer
[vulkan] Loaded device function vkCmdFillBuffer
[vulkan] Loaded device function vkCmdClearColorImage
[vulkan] Loaded device function vkCmdClearDepthStencilImage
[vulkan] Loaded device function vkCmdClearAttachments
[vulkan] Loaded device function vkCmdResolveImage
[vulkan] Loaded device function vkCmdSetEvent
[vulkan] Loaded device function vkCmdResetEvent
[vulkan] Loaded device function vkCmdWaitEvents
[vulkan] Loaded device function vkCmdPipelineBarrier
[vulkan] Loaded device function vkCmdBeginQuery
[vulkan] Loaded device function vkCmdEndQuery
[vulkan] Loaded device function vkCmdResetQueryPool
[vulkan] Loaded device function vkCmdWriteTimestamp
[vulkan] Loaded device function vkCmdCopyQueryPoolResults
[vulkan] Loaded device function vkCmdPushConstants
[vulkan] Loaded device function vkCmdBeginRenderPass
[vulkan] Loaded device function vkCmdNextSubpass
[vulkan] Loaded device function vkCmdEndRenderPass
[vulkan] Loaded device function vkCmdExecuteCommands
[vulkan] Loaded device function vkGetImageMemoryRequirements2KHR
[vulkan] Loaded device function vkGetBufferMemoryRequirements2KHR
[vulkan] Loaded device function vkGetImageSparseMemoryRequirements2KHR
[vulkan] Loaded device function vkCreateDescriptorUpdateTemplateKHR
[vulkan] Loaded device function vkDestroyDescriptorUpdateTemplateKHR
[vulkan] Loaded device function vkUpdateDescriptorSetWithTemplateKHR
[vulkan] Loaded device function vkCmdBeginRenderPass2KHR
[vulkan] Loaded device function vkCmdEndRenderPass2KHR
[vulkan] Loaded device function vkCmdNextSubpass2KHR
[vulkan] Loaded device function vkCreateRenderPass2KHR
[vulkan] Loaded device function vkCmdSetVertexInputEXT
[vulkan] Loaded device function vkCmdSetFragmentShadingRateKHR
[vulkan] Failed to load device function vkGetFramebufferTilePropertiesQCOM
[vulkan] Loaded instance function vkGetFramebufferTilePropertiesQCOM
[vulkan] Failed to load device function vkDebugMarkerSetObjectTagEXT
[vulkan] Loaded instance function vkDebugMarkerSetObjectTagEXT
[vulkan] Failed to load device function vkDebugMarkerSetObjectNameEXT
[vulkan] Loaded instance function vkDebugMarkerSetObjectNameEXT
[vulkan] Failed to load device function vkCmdDebugMarkerBeginEXT
[vulkan] Loaded instance function vkCmdDebugMarkerBeginEXT
[vulkan] Failed to load device function vkCmdDebugMarkerEndEXT
[vulkan] Loaded instance function vkCmdDebugMarkerEndEXT
[vulkan] Failed to load device function vkCmdDebugMarkerInsertEXT
[vulkan] Loaded instance function vkCmdDebugMarkerInsertEXT
Vulkan API version 1.1.0 (1.4.351 supported by driver, 1.1.0 requested)
Vulkan vendor=[NVIDIA] id=[10de]
Vulkan renderer=[NVIDIA GeForce RTX 4060 Laptop GPU] id=[28a0]
Vulkan device type 2
Vulkan driverversion=[615.284.576 (0x99d1c240)] uint=[-1714306496]
Vulkan driverLibraryString=[NVIDIA (4), 615.71.09]
Vulkan PSO: Cache data successfully loaded [size=36,path=/tmp/DefaultCompany/My project/vulkan_pso_cache.bin]
Initialize mono
Mono path[0] = '/home/main/Unity/Hub/Editor/6000.6.0f1/Editor/Data/Managed'
Mono path[1] = '/home/main/Unity/Hub/Editor/6000.6.0f1/Editor/Data/BCLExtensions/runtime/netstandard2.1'
Mono path[2] = '/home/main/Unity/Hub/Editor/6000.6.0f1/Editor/Data/MonoBleedingEdge/lib/mono/unityjit-linux'
Mono config path = '/home/main/Unity/Hub/Editor/6000.6.0f1/Editor/Data/MonoBleedingEdge/etc'
Using monoOptions --debugger-agent=transport=dt_socket,embedding=1,server=y,suspend=n,address=127.0.0.1:56301
CodeReloadManager initialized
Begin MonoManager ReloadAssembly
Registering precompiled unity dll's ...
Register platform support module: /home/main/Unity/Hub/Editor/6000.6.0f1/Editor/Data/PlaybackEngines/WindowsStandaloneSupport/UnityEditor.WindowsStandalone.Extensions.dll
Register platform support module: /home/main/Unity/Hub/Editor/6000.6.0f1/Editor/Data/PlaybackEngines/LinuxStandaloneSupport/UnityEditor.LinuxStandalone.Extensions.dll
Registered in 0.001648 seconds.
Native extension for LinuxStandalone target not found
Native extension for WindowsStandalone target not found
Package Manager log level set to [2]
[Package Manager] Failed to launch server process. Reason: Unity was launched with the -noUpm command-line argument
[Package Manager] Unable to send message (not connected to server process).
[Package Manager] Cannot connect to Unity Package Manager local server
[Package Manager] Failed to launch server process. Reason: Unity was launched with the -noUpm command-line argument
[Package Manager] Unable to send message (not connected to server process).
[Package Manager] Cannot connect to Unity Package Manager local server
ScheduleIndexationOnStartup MainProcess:False IndexOnStartup:True
Scripting: successfully reloaded assembly
- Finished resetting the current domain, in  0.463 seconds
Domain Reload Profiling: 929ms
	BeginReloadAssembly (61ms)
	RebuildCommonClasses (4ms)
	RebuildNativeTypeToScriptingClass (10ms)
	initialDomainReloadingComplete (63ms)
	LoadAllAssembliesAndSetupDomain (327ms)
		LoadAssemblies (60ms)
		TypeCache.Refresh (225ms)
			TypeCache.ScanAssembly (211ms)
		AnalyzeDomain (1ms)
	FinalizeReload (464ms)
		SetupLoadedEditorAssemblies (0ms)
			BeforeProcessingInitializeOnLoad (108ms)
			ProcessInitializeOnLoadAttributes (92ms)
			ProcessInitializeOnLoadMethodAttributes (156ms)
Initializing Unity extensions:
[Licensing::Client] Successfully resolved entitlement details
[Licensing::Module] License group:
  Id: 6872890175582-UnityPersXXXX
  Product: Unity Personal
  Type: Assigned
  Expiration: Unlimited
========================================================================
Worker process is ready to serve import requests
Import Worker Mode flag is 0x00
Begin MonoManager ReloadAssembly
'Packages/com.unity.render-pipelines.core/Editor/Deprecated.cs' contains partial class of Unity.Object, exactly 1 of the partial classes needs to be in a file with the same filename. This is to know the one that can be referenced from ie. GameObjects
'Packages/com.unity.render-pipelines.core/Editor/Deprecated.cs' contains partial class of Unity.Object, exactly 1 of the partial classes needs to be in a file with the same filename. This is to know the one that can be referenced from ie. GameObjects
Native extension for LinuxStandalone target not found
Native extension for WindowsStandalone target not found
[Package Manager] Failed to launch server process. Reason: Unity was launched with the -noUpm command-line argument
[Package Manager] Unable to send message (not connected to server process).
[Package Manager] Cannot connect to Unity Package Manager local server
[Package Manager] Failed to launch server process. Reason: Unity was launched with the -noUpm command-line argument
[Package Manager] Unable to send message (not connected to server process).
[Package Manager] Cannot connect to Unity Package Manager local server
ScheduleIndexationOnStartup MainProcess:False IndexOnStartup:True
Scripting: successfully reloaded assembly
- Finished resetting the current domain, in  0.613 seconds
Domain Reload Profiling: 1290ms
	BeginReloadAssembly (162ms)
		DisableScriptedObjects (6ms)
		CreateAndSetChildDomain (37ms)
	RebuildCommonClasses (9ms)
	RebuildNativeTypeToScriptingClass (10ms)
	initialDomainReloadingComplete (51ms)
	LoadAllAssembliesAndSetupDomain (444ms)
		LoadAssemblies (188ms)
		TypeCache.Refresh (137ms)
			TypeCache.ScanAssembly (125ms)
		AnalyzeDomain (57ms)
			BuildScriptInfoCaches (52ms)
			ResolveRequiredComponents (4ms)
	FinalizeReload (613ms)
		SetupLoadedEditorAssemblies (0ms)
			BeforeProcessingInitializeOnLoad (87ms)
			ProcessInitializeOnLoadAttributes (232ms)
			ProcessInitializeOnLoadMethodAttributes (50ms)
			AfterProcessingInitializeOnLoad (4ms)
		AwakeInstancesAfterBackupRestoration (6ms)
AcceleratorClientConnectionCallback - disconnected - :0
Launched and connected shader compiler UnityShaderCompiler after 0.01 seconds
Unloading 63 Unused Serialized files (Serialized files now loaded: 0)
Unloading 6611 unused Assets / (9.5 MB). Loaded Objects now: 7479.
Memory consumption went from 214.9 MB to 205.5 MB.
Total: 12.218859 ms (FindLiveObjects: 0.598056 ms CreateObjectMapping: 0.459457 ms MarkObjects: 6.303607 ms  DeleteObjects: 4.663575 ms)

========================================================================
Received Import Request.
  Time of request: 2026-10-09T14:09:47.046071Z
  Time since last request: 3949.29402667600016 seconds.
  importAddress: GUID: bb1928aff4fd4cf44af1f629dc14ef9b - Path: Packages/com.unity.collab-proxy/Editor/Assets/Images/d_iconcheckedoutlocaloverlay.png - Importer: ScriptedImporter/UnityEditor.QuickSearchModule:UnityEditor.Search:ASIAI0B
Importing 'GUID: bb1928aff4fd4cf44af1f629dc14ef9b - Path: Packages/com.unity.collab-proxy/Editor/Assets/Images/d_iconcheckedoutlocaloverlay.png - Importer: ScriptedImporter/UnityEditor.QuickSearchModule:UnityEditor.Search:ASIAI0B' with importer (ScriptedImporter : UnityEditor.QuickSearchModule:UnityEditor.Search:ASIAI0B)
Imported 'GUID: bb1928aff4fd4cf44af1f629dc14ef9b' -> (Import Result ID: 'a370e4b7f907e8f0d198dc412a8f86f8') in 0.098 seconds [static and dynamic dependencies]. Details - ImportResultOutputID=c1454edc94d425ad988fe286dff9b38c DependenciesID=70eb237c5ee958ff973106f46f4da03c StaticDependenciesID=1de6f183e6a9f8377f780e99f5538b27 
Number of updated asset objects reloaded before import = 0
Number of asset objects unloaded after import = 1
========================================================================
Received Import Request.
  Time of request: 2026-10-09T14:09:47.157164Z
  Time since last request: 0.000030868 seconds.
  importAddress: GUID: 4da274d970a82a943ae3979e7833f3dd - Path: Packages/com.unity.collab-proxy/Editor/Assets/Images/d_icondeletedlocaloverlay.png - Importer: ScriptedImporter/UnityEditor.QuickSearchModule:UnityEditor.Search:ASIAI0B
Importing 'GUID: 4da274d970a82a943ae3979e7833f3dd - Path: Packages/com.unity.collab-proxy/Editor/Assets/Images/d_icondeletedlocaloverlay.png - Importer: ScriptedImporter/UnityEditor.QuickSearchModule:UnityEditor.Search:ASIAI0B' with importer (ScriptedImporter : UnityEditor.QuickSearchModule:UnityEditor.Search:ASIAI0B)
Imported 'GUID: 4da274d970a82a943ae3979e7833f3dd' -> (Import Result ID: '6e27c7fa84678769561a3f75995434e8') in 0.005 seconds [static and dynamic dependencies]. Details - ImportResultOutputID=fb563ec454f71d0b7a65e45aed0449ff DependenciesID=241a0bdb8251da95f4162b6e4c8e0175 StaticDependenciesID=c1e3166876d4eee35ec4909f501efb6a 
Number of updated asset objects reloaded before import = 0
Number of asset objects unloaded after import = 1
========================================================================
Received Import Request.
  Time of request: 2026-10-09T14:09:47.171894Z
  Time since last request: 0.000097733 seconds.
  importAddress: GUID: 0a02e43184c7e9c4c9c59b601100b705 - Path: Packages/com.unity.collab-proxy/Editor/Assets/Images/d_iconcurrentbranch.png - Importer: ScriptedImporter/UnityEditor.QuickSearchModule:UnityEditor.Search:ASIAI0B
Importing 'GUID: 0a02e43184c7e9c4c9c59b601100b705 - Path: Packages/com.unity.collab-proxy/Editor/Assets/Images/d_iconcurrentbranch.png - Importer: ScriptedImporter/UnityEditor.QuickSearchModule:UnityEditor.Search:ASIAI0B' with importer (ScriptedImporter : UnityEditor.QuickSearchModule:UnityEditor.Search:ASIAI0B)
Imported 'GUID: 0a02e43184c7e9c4c9c59b601100b705' -> (Import Result ID: 'efd3e55eb85ed9dfe9821a87e0969bf5') in 0.017 seconds [static and dynamic dependencies]. Details - ImportResultOutputID=0dd01845f734ca2fcb604fb1f1fae465 DependenciesID=7fd64d444dbd3e599e7d6b031fab37eb StaticDependenciesID=d8b0c044b7cc83b3021b0cc69804d109 
Number of updated asset objects reloaded before import = 0
Number of asset objects unloaded after import = 3
========================================================================
Received Import Request.
  Time of request: 2026-10-09T14:09:47.196924Z
  Time since last request: 0.000216234 seconds.
  importAddress: GUID: 49deb65084c2f495d8ee4d010ad486c2 - Path: Packages/com.unity.collab-proxy/Editor/Assets/Images/d_icondiff.png - Importer: ScriptedImporter/UnityEditor.QuickSearchModule:UnityEditor.Search:ASIAI0B
Importing 'GUID: 49deb65084c2f495d8ee4d010ad486c2 - Path: Packages/com.unity.collab-proxy/Editor/Assets/Images/d_icondiff.png - Importer: ScriptedImporter/UnityEditor.QuickSearchModule:UnityEditor.Search:ASIAI0B' with importer (ScriptedImporter : UnityEditor.QuickSearchModule:UnityEditor.Search:ASIAI0B)
Imported 'GUID: 49deb65084c2f495d8ee4d010ad486c2' -> (Import Result ID: 'bd7b107646e22137bfbd08e42467561c') in 0.005 seconds [static and dynamic dependencies]. Details - ImportResultOutputID=b68c22155c894b7958593771c53be6f2 DependenciesID=e6d8e01db113c6c60c7b6d7296b1fc60 StaticDependenciesID=8720aaaf6a6ed3acea3b4518874e5dbe 
Number of updated asset objects reloaded before import = 0
Number of asset objects unloaded after import = 3
========================================================================
Received Import Request.
  Time of request: 2026-10-09T14:09:47.209676Z
  Time since last request: 0.000277498 seconds.
  importAddress: GUID: 02800fb9cff14da47a04572790384d8b - Path: Packages/com.unity.collab-proxy/Editor/Assets/Images/d_iconaddedlocal@2x.png - Importer: ScriptedImporter/UnityEditor.QuickSearchModule:UnityEditor.Search:ASIAI0B
Importing 'GUID: 02800fb9cff14da47a04572790384d8b - Path: Packages/com.unity.collab-proxy/Editor/Assets/Images/d_iconaddedlocal@2x.png - Importer: ScriptedImporter/UnityEditor.QuickSearchModule:UnityEditor.Search:ASIAI0B' with importer (ScriptedImporter : UnityEditor.QuickSearchModule:UnityEditor.Search:ASIAI0B)
Imported 'GUID: 02800fb9cff14da47a04572790384d8b' -> (Import Result ID: '3593d7a27500a709503e96555d5ff683') in 0.003 seconds [static and dynamic dependencies]. Details - ImportResultOutputID=f6bc64c8ed2568e35b6514d927492ebe DependenciesID=8fecd06385fd304ee7b7ffbb7ec5fa40 StaticDependenciesID=666821fdb854a8c169480b3384588ebb 
Number of updated asset objects reloaded before import = 0
Number of asset objects unloaded after import = 1
========================================================================
Received Import Request.
  Time of request: 2026-10-09T14:09:47.219485Z
  Time since last request: 0.000277127 seconds.
  importAddress: GUID: ec597fbbebec64e4f8725c31ce52fdb7 - Path: Packages/com.unity.collab-proxy/Editor/Assets/Images/d_hideversioncontrol.png - Importer: ScriptedImporter/UnityEditor.QuickSearchModule:UnityEditor.Search:ASIAI0B
Importing 'GUID: ec597fbbebec64e4f8725c31ce52fdb7 - Path: Packages/com.unity.collab-proxy/Editor/Assets/Images/d_hideversioncontrol.png - Importer: ScriptedImporter/UnityEditor.QuickSearchModule:UnityEditor.Search:ASIAI0B' with importer (ScriptedImporter : UnityEditor.QuickSearchModule:UnityEditor.Search:ASIAI0B)
Imported 'GUID: ec597fbbebec64e4f8725c31ce52fdb7' -> (Import Result ID: '04ce2e68f3d89b522c5a00144a357e78') in 0.004 seconds [static and dynamic dependencies]. Details - ImportResultOutputID=3933b62d48252447483db66f4917c50f DependenciesID=d029b2ba318269e2bf502fcedbf6225c StaticDependenciesID=52dff73f1d13a5fe63a51067258af719 
Number of updated asset objects reloaded before import = 0
Number of asset objects unloaded after import = 3
========================================================================
Received Import Request.
  Time of request: 2026-10-09T14:09:47.230461Z
  Time since last request: 0.000375541 seconds.
  importAddress: GUID: 23e66f7264c74424889342127f229577 - Path: Packages/com.unity.collab-proxy/Editor/Assets/Images/d_icondeletedremote.png - Importer: ScriptedImporter/UnityEditor.QuickSearchModule:UnityEditor.Search:ASIAI0B
Importing 'GUID: 23e66f7264c74424889342127f229577 - Path: Packages/com.unity.collab-proxy/Editor/Assets/Images/d_icondeletedremote.png - Importer: ScriptedImporter/UnityEditor.QuickSearchModule:UnityEditor.Search:ASIAI0B' with importer (ScriptedImporter : UnityEditor.QuickSearchModule:UnityEditor.Search:ASIAI0B)
Imported 'GUID: 23e66f7264c74424889342127f229577' -> (Import Result ID: '898be95499b0fb12fa8ac10df38c6e65') in 0.003 seconds [static and dynamic dependencies]. Details - ImportResultOutputID=63255e49f39e13b2dfc43e7af93bbb41 DependenciesID=f2ed855cca874ff1654fe02c3b992eb0 StaticDependenciesID=355b0ed645dabeb0a6a30aefef89ed99 
Number of updated asset objects reloaded before import = 0
Number of asset objects unloaded after import = 1
========================================================================
Received Import Request.
  Time of request: 2026-10-09T14:09:47.240338Z
  Time since last request: 0.000398935 seconds.
  importAddress: GUID: 09fca212d621e844a8a0f11a9ac6c1bc - Path: Packages/com.unity.collab-proxy/Editor/Assets/Images/d_buttonhome.png - Importer: ScriptedImporter/UnityEditor.QuickSearchModule:UnityEditor.Search:ASIAI0B
Importing 'GUID: 09fca212d621e844a8a0f11a9ac6c1bc - Path: Packages/com.unity.collab-proxy/Editor/Assets/Images/d_buttonhome.png - Importer: ScriptedImporter/UnityEditor.QuickSearchModule:UnityEditor.Search:ASIAI0B' with importer (ScriptedImporter : UnityEditor.QuickSearchModule:UnityEditor.Search:ASIAI0B)
Imported 'GUID: 09fca212d621e844a8a0f11a9ac6c1bc' -> (Import Result ID: '738ebb536c4e4121bc3224788e71392a') in 0.003 seconds [static and dynamic dependencies]. Details - ImportResultOutputID=f92fedd31850eb023f235c615f0dcc3b DependenciesID=43b82cf78ea6ef751450346d61e894fc StaticDependenciesID=a9fa1061859d236d941919fb68c6e557 
Number of updated asset objects reloaded before import = 0
Number of asset objects unloaded after import = 3
========================================================================
Received Import Request.
  Time of request: 2026-10-09T14:09:47.25082Z
  Time since last request: 0.000440943 seconds.
  importAddress: GUID: 9b76c79563c3a274aa48b0dbdf009693 - Path: Packages/com.unity.collab-proxy/Editor/Assets/Images/d_iconbrex@2x.png - Importer: ScriptedImporter/UnityEditor.QuickSearchModule:UnityEditor.Search:ASIAI0B
Importing 'GUID: 9b76c79563c3a274aa48b0dbdf009693 - Path: Packages/com.unity.collab-proxy/Editor/Assets/Images/d_iconbrex@2x.png - Importer: ScriptedImporter/UnityEditor.QuickSearchModule:UnityEditor.Search:ASIAI0B' with importer (ScriptedImporter : UnityEditor.QuickSearchModule:UnityEditor.Search:ASIAI0B)
Imported 'GUID: 9b76c79563c3a274aa48b0dbdf009693' -> (Import Result ID: 'b4a670847b9085eb3f339d8df1c21171') in 0.005 seconds [static and dynamic dependencies]. Details - ImportResultOutputID=6b7829a59ff61ffc6f1a68e372ce9fdf DependenciesID=1ae494561e2c3b518a7d6dd1b72855ca StaticDependenciesID=997abff036fb11103106870eaecba995 
Number of updated asset objects reloaded before import = 0
Number of asset objects unloaded after import = 3
========================================================================
Received Import Request.
  Time of request: 2026-10-09T14:09:47.264266Z
  Time since last request: 0.000220432 seconds.
  importAddress: GUID: 881798b77426a8f47b533dcc4767e9e5 - Path: Packages/com.unity.collab-proxy/Editor/Assets/Images/d_iconconflicted.png - Importer: ScriptedImporter/UnityEditor.QuickSearchModule:UnityEditor.Search:ASIAI0B
Importing 'GUID: 881798b77426a8f47b533dcc4767e9e5 - Path: Packages/com.unity.collab-proxy/Editor/Assets/Images/d_iconconflicted.png - Importer: ScriptedImporter/UnityEditor.QuickSearchModule:UnityEditor.Search:ASIAI0B' with importer (ScriptedImporter : UnityEditor.QuickSearchModule:UnityEditor.Search:ASIAI0B)
Imported 'GUID: 881798b77426a8f47b533dcc4767e9e5' -> (Import Result ID: 'aab9465312d01df78060c5b00dea83f1') in 0.003 seconds [static and dynamic dependencies]. Details - ImportResultOutputID=976d48346a53f8b96469874105abfef5 DependenciesID=3c9a93f92dfd6fc0cc45177a2901f082 StaticDependenciesID=3cd43942be538fffa41f5bcb161538d4 
Number of updated asset objects reloaded before import = 0
Number of asset objects unloaded after import = 1
========================================================================
Received Import Request.
  Time of request: 2026-10-09T14:09:47.273612Z
  Time since last request: 0.00024129 seconds.
  importAddress: GUID: 14e91e4835bce49a0b49a84da2532484 - Path: Packages/com.unity.collab-proxy/Editor/Assets/Images/d_RGBABlue.png - Importer: ScriptedImporter/UnityEditor.QuickSearchModule:UnityEditor.Search:ASIAI0B
Importing 'GUID: 14e91e4835bce49a0b49a84da2532484 - Path: Packages/com.unity.collab-proxy/Editor/Assets/Images/d_RGBABlue.png - Importer: ScriptedImporter/UnityEditor.QuickSearchModule:UnityEditor.Search:ASIAI0B' with importer (ScriptedImporter : UnityEditor.QuickSearchModule:UnityEditor.Search:ASIAI0B)
Imported 'GUID: 14e91e4835bce49a0b49a84da2532484' -> (Import Result ID: '4cfc6ca86da7a9ef7958963e08569227') in 0.003 seconds [static and dynamic dependencies]. Details - ImportResultOutputID=260e7a41fcf965ba0fe7117e80ff05e9 DependenciesID=da8997b13867a76a76768578d08bc821 StaticDependenciesID=ce27bf5c3ee46c7291e51b8b4b3ad4db 
Number of updated asset objects reloaded before import = 0
Number of asset objects unloaded after import = 3
========================================================================
Received Import Request.
  Time of request: 2026-10-09T14:09:47.283276Z
  Time since last request: 0.000194483 seconds.
  importAddress: GUID: 428f6dbb540e04806b5f7de85468b51a - Path: Packages/com.unity.collab-proxy/Editor/Assets/Images/d_icondiff@2x.png - Importer: ScriptedImporter/UnityEditor.QuickSearchModule:UnityEditor.Search:ASIAI0B
Importing 'GUID: 428f6dbb540e04806b5f7de85468b51a - Path: Packages/com.unity.collab-proxy/Editor/Assets/Images/d_icondiff@2x.png - Importer: ScriptedImporter/UnityEditor.QuickSearchModule:UnityEditor.Search:ASIAI0B' with importer (ScriptedImporter : UnityEditor.QuickSearchModule:UnityEditor.Search:ASIAI0B)
Imported 'GUID: 428f6dbb540e04806b5f7de85468b51a' -> (Import Result ID: '9ce96b4b092120d2b252827ea44eac7b') in 0.003 seconds [static and dynamic dependencies]. Details - ImportResultOutputID=5a9a23342284aafafee5a0de63b9089d DependenciesID=8824d2a86883eb38b721a49ea70c627f StaticDependenciesID=d3648c3f16f6333f2be19284b60b8fc1 
Number of updated asset objects reloaded before import = 0
Number of asset objects unloaded after import = 3
========================================================================
Received Import Request.
  Time of request: 2026-10-09T14:09:47.293017Z
  Time since last request: 0.000233526 seconds.
  importAddress: GUID: 7f8cc7cc9d461433f943c59487385f04 - Path: Packages/com.unity.collab-proxy/Editor/Assets/Images/d_RGBAGreen.png - Importer: ScriptedImporter/UnityEditor.QuickSearchModule:UnityEditor.Search:ASIAI0B
Importing 'GUID: 7f8cc7cc9d461433f943c59487385f04 - Path: Packages/com.unity.collab-proxy/Editor/Assets/Images/d_RGBAGreen.png - Importer: ScriptedImporter/UnityEditor.QuickSearchModule:UnityEditor.Search:ASIAI0B' with importer (ScriptedImporter : UnityEditor.QuickSearchModule:UnityEditor.Search:ASIAI0B)
Imported 'GUID: 7f8cc7cc9d461433f943c59487385f04' -> (Import Result ID: 'd5dc5162798f639ed026a6a5e0606573') in 0.004 seconds [static and dynamic dependencies]. Details - ImportResultOutputID=6c5e3b9a7218b72adda19f83990c8c16 DependenciesID=ba08a690a096c6213111fb1330853bb1 StaticDependenciesID=15e2f379cbeb58d36cad3f9c38bfce50 
Number of updated asset objects reloaded before import = 0
Number of asset objects unloaded after import = 3
========================================================================
Received Import Request.
  Time of request: 2026-10-09T14:09:47.30353Z
  Time since last request: 0.000212267 seconds.
  importAddress: GUID: c48b8bcda45b63442a7a7c7244c84635 - Path: Packages/com.unity.collab-proxy/Editor/Assets/Images/d_iconcurrentbranch@2x.png - Importer: ScriptedImporter/UnityEditor.QuickSearchModule:UnityEditor.Search:ASIAI0B
Importing 'GUID: c48b8bcda45b63442a7a7c7244c84635 - Path: Packages/com.unity.collab-proxy/Editor/Assets/Images/d_iconcurrentbranch@2x.png - Importer: ScriptedImporter/UnityEditor.QuickSearchModule:UnityEditor.Search:ASIAI0B' with importer (ScriptedImporter : UnityEditor.QuickSearchModule:UnityEditor.Search:ASIAI0B)
Imported 'GUID: c48b8bcda45b63442a7a7c7244c84635' -> (Import Result ID: '06c659b0271b991374037c967d11fd52') in 0.006 seconds [static and dynamic dependencies]. Details - ImportResultOutputID=a4b6135e3e6f5d7acfdaa00c680eedf9 DependenciesID=a8bbcd05e1d328a2f565dceaedd17e5d StaticDependenciesID=d43e60c268b7ca93d1849e87601f14af 
Number of updated asset objects reloaded before import = 0
Number of asset objects unloaded after import = 3
========================================================================
Received Import Request.
  Time of request: 2026-10-09T14:09:47.316165Z
  Time since last request: 0.000204101 seconds.
  importAddress: GUID: fb6daef73b4fc4a12b9cbd4fb0fc4d0d - Path: Packages/com.unity.collab-proxy/Editor/Assets/Images/d_RGBAGreen@2x.png - Importer: ScriptedImporter/UnityEditor.QuickSearchModule:UnityEditor.Search:ASIAI0B
Importing 'GUID: fb6daef73b4fc4a12b9cbd4fb0fc4d0d - Path: Packages/com.unity.collab-proxy/Editor/Assets/Images/d_RGBAGreen@2x.png - Importer: ScriptedImporter/UnityEditor.QuickSearchModule:UnityEditor.Search:ASIAI0B' with importer (ScriptedImporter : UnityEditor.QuickSearchModule:UnityEditor.Search:ASIAI0B)
Imported 'GUID: fb6daef73b4fc4a12b9cbd4fb0fc4d0d' -> (Import Result ID: 'c86597f666887030ccdb5c48cdbf24f6') in 0.004 seconds [static and dynamic dependencies]. Details - ImportResultOutputID=ae81f72941679637dbb57ca969c6862d DependenciesID=5b8e3cd132cac1d8942d2bca9b58a6ad StaticDependenciesID=3f0f7f6388b1e61ebcbdbbb0ee155c7e 
Number of updated asset objects reloaded before import = 0
Number of asset objects unloaded after import = 3
========================================================================
Received Import Request.
  Time of request: 2026-10-09T14:09:47.327553Z
  Time since last request: 0.000315689 seconds.
  importAddress: GUID: 626b9cddb29049e4cac50cd87b419945 - Path: Packages/com.unity.collab-proxy/Editor/Assets/Images/d_icondeletedremote@2x.png - Importer: ScriptedImporter/UnityEditor.QuickSearchModule:UnityEditor.Search:ASIAI0B
Importing 'GUID: 626b9cddb29049e4cac50cd87b419945 - Path: Packages/com.unity.collab-proxy/Editor/Assets/Images/d_icondeletedremote@2x.png - Importer: ScriptedImporter/UnityEditor.QuickSearchModule:UnityEditor.Search:ASIAI0B' with importer (ScriptedImporter : UnityEditor.QuickSearchModule:UnityEditor.Search:ASIAI0B)
Imported 'GUID: 626b9cddb29049e4cac50cd87b419945' -> (Import Result ID: '81d1a2b7d5ef8c8fafe9df52ff8191df') in 0.003 seconds [static and dynamic dependencies]. Details - ImportResultOutputID=4ecea27181fa2d3583f4bab57ebe28b7 DependenciesID=cc9b54742d35978b7fec28f871d425b5 StaticDependenciesID=3c2eb1de65f062dfae67f7e661479246 
Number of updated asset objects reloaded before import = 0
Number of asset objects unloaded after import = 1
========================================================================
Received Import Request.
  Time of request: 2026-10-09T14:09:47.337918Z
  Time since last request: 0.000339634 seconds.
  importAddress: GUID: 3ac1672d8b4664bf3a3a5844d0be8a85 - Path: Packages/com.unity.collab-proxy/Editor/Assets/Images/d_iconcheckmark@2x.png - Importer: ScriptedImporter/UnityEditor.QuickSearchModule:UnityEditor.Search:ASIAI0B
Importing 'GUID: 3ac1672d8b4664bf3a3a5844d0be8a85 - Path: Packages/com.unity.collab-proxy/Editor/Assets/Images/d_iconcheckmark@2x.png - Importer: ScriptedImporter/UnityEditor.QuickSearchModule:UnityEditor.Search:ASIAI0B' with importer (ScriptedImporter : UnityEditor.QuickSearchModule:UnityEditor.Search:ASIAI0B)
Imported 'GUID: 3ac1672d8b4664bf3a3a5844d0be8a85' -> (Import Result ID: 'c4944b98726ef9222291a8903efab69e') in 0.004 seconds [static and dynamic dependencies]. Details - ImportResultOutputID=8e2964bad3ca2cf0ab63a0f2b08551d3 DependenciesID=ecb416a5cf8bcb190bba39feded311d4 StaticDependenciesID=b760dd1dae8706719c50e067829bf339 
Number of updated asset objects reloaded before import = 0
Number of asset objects unloaded after import = 3
========================================================================
Received Import Request.
  Time of request: 2026-10-09T14:09:47.36437Z
  Time since last request: 0.01638229 seconds.
  importAddress: GUID: ba2e8a5b6413ebc46b4f580903cb911d - Path: Packages/com.unity.collab-proxy/Editor/Assets/Images/d_iconlockretained.png - Importer: ScriptedImporter/UnityEditor.QuickSearchModule:UnityEditor.Search:ASIAI0B
Importing 'GUID: ba2e8a5b6413ebc46b4f580903cb911d - Path: Packages/com.unity.collab-proxy/Editor/Assets/Images/d_iconlockretained.png - Importer: ScriptedImporter/UnityEditor.QuickSearchModule:UnityEditor.Search:ASIAI0B' with importer (ScriptedImporter : UnityEditor.QuickSearchModule:UnityEditor.Search:ASIAI0B)
Imported 'GUID: ba2e8a5b6413ebc46b4f580903cb911d' -> (Import Result ID: '3e07f2adb66025a01cbff98ec72b8323') in 0.004 seconds [static and dynamic dependencies]. Details - ImportResultOutputID=339d1ebd7e1569558563dd45f29e18e4 DependenciesID=e9dfbae0640d230b69eca8fd3ff43bf0 StaticDependenciesID=279741416cf6654d36b3826cedd84cbe 
Number of updated asset objects reloaded before import = 0
Number of asset objects unloaded after import = 3
========================================================================
Received Import Request.
  Time of request: 2026-10-09T14:09:47.37536Z
  Time since last request: 0.0003965 seconds.
  importAddress: GUID: e64bde76852ee8247b40b50ef8880632 - Path: Packages/com.unity.collab-proxy/Editor/Assets/Images/d_iconplasticnotifypendingchanges.png - Importer: ScriptedImporter/UnityEditor.QuickSearchModule:UnityEditor.Search:ASIAI0B
Importing 'GUID: e64bde76852ee8247b40b50ef8880632 - Path: Packages/com.unity.collab-proxy/Editor/Assets/Images/d_iconplasticnotifypendingchanges.png - Importer: ScriptedImporter/UnityEditor.QuickSearchModule:UnityEditor.Search:ASIAI0B' with importer (ScriptedImporter : UnityEditor.QuickSearchModule:UnityEditor.Search:ASIAI0B)
Imported 'GUID: e64bde76852ee8247b40b50ef8880632' -> (Import Result ID: 'ac922b6b45caeaedf0e16e9d7131e509') in 0.006 seconds [static and dynamic dependencies]. Details - ImportResultOutputID=843b4e6d8f3fce3cc9dcd0cc9a775b89 DependenciesID=34ff7b228e503260595423c3f1ec7ba9 StaticDependenciesID=b6b5b21c4cb126bf1f9bb570257f4cfc 
Number of updated asset objects reloaded before import = 0
Number of asset objects unloaded after import = 3
========================================================================
Received Import Request.
  Time of request: 2026-10-09T14:09:47.390328Z
  Time since last request: 0.000341888 seconds.
  importAddress: GUID: 4aa4898734bfdbc4dbd410de4141e533 - Path: Packages/com.unity.collab-proxy/Editor/Assets/Images/d_iconpendingchanges.png - Importer: ScriptedImporter/UnityEditor.QuickSearchModule:UnityEditor.Search:ASIAI0B
Importing 'GUID: 4aa4898734bfdbc4dbd410de4141e533 - Path: Packages/com.unity.collab-proxy/Editor/Assets/Images/d_iconpendingchanges.png - Importer: ScriptedImporter/UnityEditor.QuickSearchModule:UnityEditor.Search:ASIAI0B' with importer (ScriptedImporter : UnityEditor.QuickSearchModule:UnityEditor.Search:ASIAI0B)
Imported 'GUID: 4aa4898734bfdbc4dbd410de4141e533' -> (Import Result ID: '91dbae1541861bb5912d31b8268e56b0') in 0.004 seconds [static and dynamic dependencies]. Details - ImportResultOutputID=53b0aaf4e2bf3ee8adf2aa4c5cf76cae DependenciesID=a84983b47e4e47c02f62656547891540 StaticDependenciesID=2f7334662675c0e0207468eeec04b90e 
Number of updated asset objects reloaded before import = 0
Number of asset objects unloaded after import = 3
========================================================================
Received Import Request.
  Time of request: 2026-10-09T14:09:47.400905Z
  Time since last request: 0.00019335 seconds.
  importAddress: GUID: 691dc543ff5b9ca44bf846657ba04161 - Path: Packages/com.unity.collab-proxy/Editor/Assets/Images/d_iconundo.png - Importer: ScriptedImporter/UnityEditor.QuickSearchModule:UnityEditor.Search:ASIAI0B
Importing 'GUID: 691dc543ff5b9ca44bf846657ba04161 - Path: Packages/com.unity.collab-proxy/Editor/Assets/Images/d_iconundo.png - Importer: ScriptedImporter/UnityEditor.QuickSearchModule:UnityEditor.Search:ASIAI0B' with importer (ScriptedImporter : UnityEditor.QuickSearchModule:UnityEditor.Search:ASIAI0B)
Imported 'GUID: 691dc543ff5b9ca44bf846657ba04161' -> (Import Result ID: '17a7ac9895ef3b32275d626389dcaf21') in 0.004 seconds [static and dynamic dependencies]. Details - ImportResultOutputID=03d1c09960f78e99b974f0279f6cb50c DependenciesID=54cb31447a79350727f13df3323397ec StaticDependenciesID=22eaa0de0d7f029c1266083994f03b25 
Number of updated asset objects reloaded before import = 0
Number of asset objects unloaded after import = 1
========================================================================
Received Import Request.
  Time of request: 2026-10-09T14:09:47.411493Z
  Time since last request: 0.000190966 seconds.
  importAddress: GUID: 3cf3224ba1fae41148f493488b5ac83e - Path: Packages/com.unity.collab-proxy/Editor/Assets/Images/d_iconnext@2x.png - Importer: ScriptedImporter/UnityEditor.QuickSearchModule:UnityEditor.Search:ASIAI0B
Importing 'GUID: 3cf3224ba1fae41148f493488b5ac83e - Path: Packages/com.unity.collab-proxy/Editor/Assets/Images/d_iconnext@2x.png - Importer: ScriptedImporter/UnityEditor.QuickSearchModule:UnityEditor.Search:ASIAI0B' with importer (ScriptedImporter : UnityEditor.QuickSearchModule:UnityEditor.Search:ASIAI0B)
Imported 'GUID: 3cf3224ba1fae41148f493488b5ac83e' -> (Import Result ID: 'aaaa24eadf2aa1e21c2862e8b8298a40') in 0.004 seconds [static and dynamic dependencies]. Details - ImportResultOutputID=323c6bcf934ece38b00c69b0e98f0e2c DependenciesID=7daf54ae42536103fc499166d2023885 StaticDependenciesID=9a0a139a98556c86763523972d26f465 
Number of updated asset objects reloaded before import = 0
Number of asset objects unloaded after import = 3
========================================================================
Received Import Request.
  Time of request: 2026-10-09T14:09:47.422284Z
  Time since last request: 0.000217006 seconds.
  importAddress: GUID: 3168140d6f409d0448447f18568d9482 - Path: Packages/com.unity.collab-proxy/Editor/Assets/Images/d_iconplasticview@2x.png - Importer: ScriptedImporter/UnityEditor.QuickSearchModule:UnityEditor.Search:ASIAI0B
Importing 'GUID: 3168140d6f409d0448447f18568d9482 - Path: Packages/com.unity.collab-proxy/Editor/Assets/Images/d_iconplasticview@2x.png - Importer: ScriptedImporter/UnityEditor.QuickSearchModule:UnityEditor.Search:ASIAI0B' with importer (ScriptedImporter : UnityEditor.QuickSearchModule:UnityEditor.Search:ASIAI0B)
Imported 'GUID: 3168140d6f409d0448447f18568d9482' -> (Import Result ID: '1d7a54b1fadddf32cce8f4ffe9ddde1d') in 0.003 seconds [static and dynamic dependencies]. Details - ImportResultOutputID=e0ae20dd03eff7601236995790b747ca DependenciesID=ee04b490bda9f0c8520e8ccb4f99a368 StaticDependenciesID=d7a3e76597c53ceb7621f9a15c488147 
Number of updated asset objects reloaded before import = 0
Number of asset objects unloaded after import = 1
========================================================================
Received Import Request.
  Time of request: 2026-10-09T14:09:47.431528Z
  Time since last request: 0.000210373 seconds.
  importAddress: GUID: 19b06b801c204604290761788cf6e125 - Path: Packages/com.unity.collab-proxy/Editor/Assets/Images/d_iconpackageupdateavailable@2x.png - Importer: ScriptedImporter/UnityEditor.QuickSearchModule:UnityEditor.Search:ASIAI0B
Importing 'GUID: 19b06b801c204604290761788cf6e125 - Path: Packages/com.unity.collab-proxy/Editor/Assets/Images/d_iconpackageupdateavailable@2x.png - Importer: ScriptedImporter/UnityEditor.QuickSearchModule:UnityEditor.Search:ASIAI0B' with importer (ScriptedImporter : UnityEditor.QuickSearchModule:UnityEditor.Search:ASIAI0B)
Imported 'GUID: 19b06b801c204604290761788cf6e125' -> (Import Result ID: '5e92ffea11f59a6c3a0ddb487540d7cc') in 0.005 seconds [static and dynamic dependencies]. Details - ImportResultOutputID=16b5e9ed60a0630229c3c438249ef89f DependenciesID=b18a9d5884a52ab77c2bafa5fe3a5d8a StaticDependenciesID=9da55dada4cf19c21f7f63245661decc 
Number of updated asset objects reloaded before import = 0
Number of asset objects unloaded after import = 3
========================================================================
Received Import Request.
  Time of request: 2026-10-09T14:09:47.443687Z
  Time since last request: 0.000282057 seconds.
  importAddress: GUID: 3094096a150921c409ef35579f2ada0f - Path: Packages/com.unity.collab-proxy/Editor/Assets/Images/d_iconinviteusers.png - Importer: ScriptedImporter/UnityEditor.QuickSearchModule:UnityEditor.Search:ASIAI0B
Importing 'GUID: 3094096a150921c409ef35579f2ada0f - Path: Packages/com.unity.collab-proxy/Editor/Assets/Images/d_iconinviteusers.png - Importer: ScriptedImporter/UnityEditor.QuickSearchModule:UnityEditor.Search:ASIAI0B' with importer (ScriptedImporter : UnityEditor.QuickSearchModule:UnityEditor.Search:ASIAI0B)
Imported 'GUID: 3094096a150921c409ef35579f2ada0f' -> (Import Result ID: 'cea60e83bc7c93f3d79c97604855d4bb') in 0.003 seconds [static and dynamic dependencies]. Details - ImportResultOutputID=e7a05e5c6c0021a45c6f2ac73ee43c16 DependenciesID=d99d8487341ffb894389c905edba5a86 StaticDependenciesID=be7677f73bef8a87b064dad64902ca1c 
Number of updated asset objects reloaded before import = 0
Number of asset objects unloaded after import = 3
========================================================================
Received Import Request.
  Time of request: 2026-10-09T14:09:47.454172Z
  Time since last request: 0.0002143 seconds.
  importAddress: GUID: 23743f0c0ed1e6546808a5d645c2a6a5 - Path: Packages/com.unity.collab-proxy/Editor/Assets/Images/d_iconplasticnotifyconflict@2x.png - Importer: ScriptedImporter/UnityEditor.QuickSearchModule:UnityEditor.Search:ASIAI0B
Importing 'GUID: 23743f0c0ed1e6546808a5d645c2a6a5 - Path: Packages/com.unity.collab-proxy/Editor/Assets/Images/d_iconplasticnotifyconflict@2x.png - Importer: ScriptedImporter/UnityEditor.QuickSearchModule:UnityEditor.Search:ASIAI0B' with importer (ScriptedImporter : UnityEditor.QuickSearchModule:UnityEditor.Search:ASIAI0B)
Imported 'GUID: 23743f0c0ed1e6546808a5d645c2a6a5' -> (Import Result ID: '01878775201b086f834a2445a872c6b8') in 0.003 seconds [static and dynamic dependencies]. Details - ImportResultOutputID=ed285e0e356808fbdb691e89f8174f4f DependenciesID=365290d9e9a1ae5be480f5630d0fbb07 StaticDependenciesID=bbe1003e4d7156fc016957fb7f09b538 
Number of updated asset objects reloaded before import = 0
Number of asset objects unloaded after import = 1
========================================================================
Received Import Request.
  Time of request: 2026-10-09T14:09:47.464776Z
  Time since last request: 0.000388906 seconds.
  importAddress: GUID: c5fc116b3271b5947808130b2212cd60 - Path: Packages/com.unity.collab-proxy/Editor/Assets/Images/d_iconplasticnotifyincoming@2x.png - Importer: ScriptedImporter/UnityEditor.QuickSearchModule:UnityEditor.Search:ASIAI0B
Importing 'GUID: c5fc116b3271b5947808130b2212cd60 - Path: Packages/com.unity.collab-proxy/Editor/Assets/Images/d_iconplasticnotifyincoming@2x.png - Importer: ScriptedImporter/UnityEditor.QuickSearchModule:UnityEditor.Search:ASIAI0B' with importer (ScriptedImporter : UnityEditor.QuickSearchModule:UnityEditor.Search:ASIAI0B)
Imported 'GUID: c5fc116b3271b5947808130b2212cd60' -> (Import Result ID: '9a5fa33c97dcf0aa8926730501024905') in 0.005 seconds [static and dynamic dependencies]. Details - ImportResultOutputID=4bc0be2573cf3b3edf9925ec45e48fb5 DependenciesID=fab8b9c666973303542573f3851c1691 StaticDependenciesID=48076c9df2b48f9605c1c0272bedb4b1 
Number of updated asset objects reloaded before import = 0
Number of asset objects unloaded after import = 1
========================================================================
Received Import Request.
  Time of request: 2026-10-09T14:09:47.477676Z
  Time since last request: 0.000441905 seconds.
  importAddress: GUID: 20647d71003f8e34685b1972b30dbd2b - Path: Packages/com.unity.collab-proxy/Editor/Assets/Images/d_iconlockretained@2x.png - Importer: ScriptedImporter/UnityEditor.QuickSearchModule:UnityEditor.Search:ASIAI0B
Importing 'GUID: 20647d71003f8e34685b1972b30dbd2b - Path: Packages/com.unity.collab-proxy/Editor/Assets/Images/d_iconlockretained@2x.png - Importer: ScriptedImporter/UnityEditor.QuickSearchModule:UnityEditor.Search:ASIAI0B' with importer (ScriptedImporter : UnityEditor.QuickSearchModule:UnityEditor.Search:ASIAI0B)
Imported 'GUID: 20647d71003f8e34685b1972b30dbd2b' -> (Import Result ID: '19e451de1f0c6fd881768e84cd298daa') in 0.003 seconds [static and dynamic dependencies]. Details - ImportResultOutputID=9ed5f7168b69a405638d9cfc1932d4d4 DependenciesID=6ee737b921b6dce43de331ff7fb01455 StaticDependenciesID=cf2f150900c818f817ea52ab855f94af 
Number of updated asset objects reloaded before import = 0
Number of asset objects unloaded after import = 3
========================================================================
Received Import Request.
  Time of request: 2026-10-09T14:09:47.488418Z
  Time since last request: 0.000121798 seconds.
  importAddress: GUID: 68302c8c48e3cee4aad72dbbf7894781 - Path: Packages/com.unity.collab-proxy/Editor/Assets/Images/d_iconpendingchanges@2x.png - Importer: ScriptedImporter/UnityEditor.QuickSearchModule:UnityEditor.Search:ASIAI0B
Importing 'GUID: 68302c8c48e3cee4aad72dbbf7894781 - Path: Packages/com.unity.collab-proxy/Editor/Assets/Images/d_iconpendingchanges@2x.png - Importer: ScriptedImporter/UnityEditor.QuickSearchModule:UnityEditor.Search:ASIAI0B' with importer (ScriptedImporter : UnityEditor.QuickSearchModule:UnityEditor.Search:ASIAI0B)
Imported 'GUID: 68302c8c48e3cee4aad72dbbf7894781' -> (Import Result ID: 'b79ff2ea55ceefbace300bbec94bf1ea') in 0.005 seconds [static and dynamic dependencies]. Details - ImportResultOutputID=3ea1de996f5e32f4115e8d28557004c4 DependenciesID=09a1b5244591e10c1f842223a235af78 StaticDependenciesID=1d13112772df9de454dd7fad4bf24d91 
Number of updated asset objects reloaded before import = 0
Number of asset objects unloaded after import = 3
========================================================================
Received Import Request.
  Time of request: 2026-10-09T14:09:47.499816Z
  Time since last request: 0.000293338 seconds.
  importAddress: GUID: f38e832edef3ab648bcc2ab5dfa2906d - Path: Packages/com.unity.collab-proxy/Editor/Assets/Images/d_iconinfobellnotification.png - Importer: ScriptedImporter/UnityEditor.QuickSearchModule:UnityEditor.Search:ASIAI0B
Importing 'GUID: f38e832edef3ab648bcc2ab5dfa2906d - Path: Packages/com.unity.collab-proxy/Editor/Assets/Images/d_iconinfobellnotification.png - Importer: ScriptedImporter/UnityEditor.QuickSearchModule:UnityEditor.Search:ASIAI0B' with importer (ScriptedImporter : UnityEditor.QuickSearchModule:UnityEditor.Search:ASIAI0B)
Imported 'GUID: f38e832edef3ab648bcc2ab5dfa2906d' -> (Import Result ID: '962bca24fc8fea240cdbbb4234bb1fe6') in 0.003 seconds [static and dynamic dependencies]. Details - ImportResultOutputID=2bcebe24255e6d114c834f46f02390aa DependenciesID=d3a7d29edf0d3d6f1c3f64216fe90455 StaticDependenciesID=a7c7fdbed25b6e1065b726dce738b730 
Number of updated asset objects reloaded before import = 0
Number of asset objects unloaded after import = 3
========================================================================
Received Import Request.
  Time of request: 2026-10-09T14:09:47.509783Z
  Time since last request: 0.000225732 seconds.
  importAddress: GUID: f0c047e73e3b41341822a9e31da81877 - Path: Packages/com.unity.collab-proxy/Editor/Assets/Images/d_iconplasticnotifypendingchanges@2x.png - Importer: ScriptedImporter/UnityEditor.QuickSearchModule:UnityEditor.Search:ASIAI0B
Importing 'GUID: f0c047e73e3b41341822a9e31da81877 - Path: Packages/com.unity.collab-proxy/Editor/Assets/Images/d_iconplasticnotifypendingchanges@2x.png - Importer: ScriptedImporter/UnityEditor.QuickSearchModule:UnityEditor.Search:ASIAI0B' with importer (ScriptedImporter : UnityEditor.QuickSearchModule:UnityEditor.Search:ASIAI0B)
Imported 'GUID: f0c047e73e3b41341822a9e31da81877' -> (Import Result ID: '2213693b5b4dce7621abf3de1ef478de') in 0.004 seconds [static and dynamic dependencies]. Details - ImportResultOutputID=6b713a95083d1b5dd3003de1cff196cb DependenciesID=f16a2cdc48b12aaa46f04de2f60765f3 StaticDependenciesID=83b390e1db04f2b2fa87e55b246c5993 
Number of updated asset objects reloaded before import = 0
Number of asset objects unloaded after import = 3
========================================================================
Received Import Request.
  Time of request: 2026-10-09T14:09:47.520743Z
  Time since last request: 0.000232534 seconds.
  importAddress: GUID: ce435fe40bff4da41aadc577ebfb27d7 - Path: Packages/com.unity.collab-proxy/Editor/Assets/Images/d_iconlabel@2x.png - Importer: ScriptedImporter/UnityEditor.QuickSearchModule:UnityEditor.Search:ASIAI0B
Importing 'GUID: ce435fe40bff4da41aadc577ebfb27d7 - Path: Packages/com.unity.collab-proxy/Editor/Assets/Images/d_iconlabel@2x.png - Importer: ScriptedImporter/UnityEditor.QuickSearchModule:UnityEditor.Search:ASIAI0B' with importer (ScriptedImporter : UnityEditor.QuickSearchModule:UnityEditor.Search:ASIAI0B)
Imported 'GUID: ce435fe40bff4da41aadc577ebfb27d7' -> (Import Result ID: 'defdf924bd094a2966fd11b88f088d0f') in 0.004 seconds [static and dynamic dependencies]. Details - ImportResultOutputID=a1d439a9df6f618d6cf7de95ad16a084 DependenciesID=0fca3bdf1fc45ae43c393a9096b71731 StaticDependenciesID=45fbeaecd026b7645973572b07510ab9 
Number of updated asset objects reloaded before import = 0
Number of asset objects unloaded after import = 3
========================================================================
Received Import Request.
  Time of request: 2026-10-09T14:09:47.530989Z
  Time since last request: 0.000263632 seconds.
  importAddress: GUID: 0e80bd0b4a8196f46acf73711b9505ec - Path: Packages/com.unity.collab-proxy/Editor/Assets/Images/d_iconoutofsync.png - Importer: ScriptedImporter/UnityEditor.QuickSearchModule:UnityEditor.Search:ASIAI0B
Importing 'GUID: 0e80bd0b4a8196f46acf73711b9505ec - Path: Packages/com.unity.collab-proxy/Editor/Assets/Images/d_iconoutofsync.png - Importer: ScriptedImporter/UnityEditor.QuickSearchModule:UnityEditor.Search:ASIAI0B' with importer (ScriptedImporter : UnityEditor.QuickSearchModule:UnityEditor.Search:ASIAI0B)
Imported 'GUID: 0e80bd0b4a8196f46acf73711b9505ec' -> (Import Result ID: 'c30e41e66a9e87919b1dae9770d33f25') in 0.003 seconds [static and dynamic dependencies]. Details - ImportResultOutputID=b33579005133843141893a935587f7e3 DependenciesID=daf2333284cb8895bd48d8fa56625a62 StaticDependenciesID=fc4cf412ddca403040a7e44a17db5f06 
Number of updated asset objects reloaded before import = 0
Number of asset objects unloaded after import = 1
========================================================================
Received Import Request.
  Time of request: 2026-10-09T14:09:47.541114Z
  Time since last request: 0.000202669 seconds.
  importAddress: GUID: 2bb4e96f5d0b02c468932d665a015c54 - Path: Packages/com.unity.collab-proxy/Editor/Assets/Images/d_iconlockedremoteoverlay@2x.png - Importer: ScriptedImporter/UnityEditor.QuickSearchModule:UnityEditor.Search:ASIAI0B
Importing 'GUID: 2bb4e96f5d0b02c468932d665a015c54 - Path: Packages/com.unity.collab-proxy/Editor/Assets/Images/d_iconlockedremoteoverlay@2x.png - Importer: ScriptedImporter/UnityEditor.QuickSearchModule:UnityEditor.Search:ASIAI0B' with importer (ScriptedImporter : UnityEditor.QuickSearchModule:UnityEditor.Search:ASIAI0B)
Imported 'GUID: 2bb4e96f5d0b02c468932d665a015c54' -> (Import Result ID: '4c73b3a59072ab098d333b24bf89e825') in 0.004 seconds [static and dynamic dependencies]. Details - ImportResultOutputID=4695963aa695d90054a541780cf587b1 DependenciesID=8284b6e254b5840a380678b8e9154c47 StaticDependenciesID=95872d567fc11e570ba6f2aeef317a7c 
Number of updated asset objects reloaded before import = 0
Number of asset objects unloaded after import = 1
========================================================================
Received Import Request.
  Time of request: 2026-10-09T14:09:47.551877Z
  Time since last request: 0.000129141 seconds.
  importAddress: GUID: 6768dd39d3740af429fb2d88f53390c2 - Path: Packages/com.unity.collab-proxy/Editor/Assets/Images/d_iconignoredoverlay.png - Importer: ScriptedImporter/UnityEditor.QuickSearchModule:UnityEditor.Search:ASIAI0B
Importing 'GUID: 6768dd39d3740af429fb2d88f53390c2 - Path: Packages/com.unity.collab-proxy/Editor/Assets/Images/d_iconignoredoverlay.png - Importer: ScriptedImporter/UnityEditor.QuickSearchModule:UnityEditor.Search:ASIAI0B' with importer (ScriptedImporter : UnityEditor.QuickSearchModule:UnityEditor.Search:ASIAI0B)
Imported 'GUID: 6768dd39d3740af429fb2d88f53390c2' -> (Import Result ID: '9d0d14e03e6da0ac6d0c05766418577e') in 0.003 seconds [static and dynamic dependencies]. Details - ImportResultOutputID=abf537465d0b33ed6ef4c80eed94b826 DependenciesID=69dcb905532c6d0838df9b36c91f56df StaticDependenciesID=8a5683198939263bb403ca6a9bae6d66 
Number of updated asset objects reloaded before import = 0
Number of asset objects unloaded after import = 3
========================================================================
Received Import Request.
  Time of request: 2026-10-09T14:09:47.561858Z
  Time since last request: 0.000413602 seconds.
  importAddress: GUID: 519d97e745e55f041b609f3666cbc037 - Path: Packages/com.unity.collab-proxy/Editor/Assets/Images/d_iconplasticview.png - Importer: ScriptedImporter/UnityEditor.QuickSearchModule:UnityEditor.Search:ASIAI0B
Importing 'GUID: 519d97e745e55f041b609f3666cbc037 - Path: Packages/com.unity.collab-proxy/Editor/Assets/Images/d_iconplasticview.png - Importer: ScriptedImporter/UnityEditor.QuickSearchModule:UnityEditor.Search:ASIAI0B' with importer (ScriptedImporter : UnityEditor.QuickSearchModule:UnityEditor.Search:ASIAI0B)
Imported 'GUID: 519d97e745e55f041b609f3666cbc037' -> (Import Result ID: 'd8c4f46016ee7963fb29e9e28ab4ab50') in 0.003 seconds [static and dynamic dependencies]. Details - ImportResultOutputID=f55e320a3147916ddaaa70a3d24fe45a DependenciesID=ce12787c2aa203773f59749554c840fe StaticDependenciesID=0538a7be57cede7c7cb23780e79b7613 
Number of updated asset objects reloaded before import = 0
Number of asset objects unloaded after import = 1
========================================================================
Received Import Request.
  Time of request: 2026-10-09T14:09:47.571701Z
  Time since last request: 0.000244175 seconds.
  importAddress: GUID: dc633de6e6e7415448c7568418239a9d - Path: Packages/com.unity.collab-proxy/Editor/Assets/Images/d_iconoutofsyncoverlay.png - Importer: ScriptedImporter/UnityEditor.QuickSearchModule:UnityEditor.Search:ASIAI0B
Importing 'GUID: dc633de6e6e7415448c7568418239a9d - Path: Packages/com.unity.collab-proxy/Editor/Assets/Images/d_iconoutofsyncoverlay.png - Importer: ScriptedImporter/UnityEditor.QuickSearchModule:UnityEditor.Search:ASIAI0B' with importer (ScriptedImporter : UnityEditor.QuickSearchModule:UnityEditor.Search:ASIAI0B)
Imported 'GUID: dc633de6e6e7415448c7568418239a9d' -> (Import Result ID: 'd4fc9cbed2e5e0c4a21a0ac048882077') in 0.003 seconds [static and dynamic dependencies]. Details - ImportResultOutputID=ccb3804e3e975136d9648f8c21001881 DependenciesID=5271d77a2db80eb073d4cc08a51e0b63 StaticDependenciesID=26419644a691a883c166e33bdb37f12f 
Number of updated asset objects reloaded before import = 0
Number of asset objects unloaded after import = 1
========================================================================
Received Import Request.
  Time of request: 2026-10-09T14:09:47.581719Z
  Time since last request: 0.0003534 seconds.
  importAddress: GUID: 36564eb85f1bdf2409df96325231cb6c - Path: Packages/com.unity.collab-proxy/Editor/Assets/Images/d_iconrepository@2x.png - Importer: ScriptedImporter/UnityEditor.QuickSearchModule:UnityEditor.Search:ASIAI0B
Importing 'GUID: 36564eb85f1bdf2409df96325231cb6c - Path: Packages/com.unity.collab-proxy/Editor/Assets/Images/d_iconrepository@2x.png - Importer: ScriptedImporter/UnityEditor.QuickSearchModule:UnityEditor.Search:ASIAI0B' with importer (ScriptedImporter : UnityEditor.QuickSearchModule:UnityEditor.Search:ASIAI0B)
Imported 'GUID: 36564eb85f1bdf2409df96325231cb6c' -> (Import Result ID: 'cee66730aa3c6229605568796b8138d4') in 0.003 seconds [static and dynamic dependencies]. Details - ImportResultOutputID=ff4c4a37ab88870156d12c40549eb376 DependenciesID=f6d35738702f7c41822c2d03b72eaf75 StaticDependenciesID=9bb2947d9195720db272981d9bdf2361 
Number of updated asset objects reloaded before import = 0
Number of asset objects unloaded after import = 3
========================================================================
Received Import Request.
  Time of request: 2026-10-09T14:09:47.59197Z
  Time since last request: 0.000167413 seconds.
  importAddress: GUID: e27bb56b83f03421880673ee2b951102 - Path: Packages/com.unity.collab-proxy/Editor/Assets/Images/d_iconmovedoverlay@2x.png - Importer: ScriptedImporter/UnityEditor.QuickSearchModule:UnityEditor.Search:ASIAI0B
Importing 'GUID: e27bb56b83f03421880673ee2b951102 - Path: Packages/com.unity.collab-proxy/Editor/Assets/Images/d_iconmovedoverlay@2x.png - Importer: ScriptedImporter/UnityEditor.QuickSearchModule:UnityEditor.Search:ASIAI0B' with importer (ScriptedImporter : UnityEditor.QuickSearchModule:UnityEditor.Search:ASIAI0B)
Imported 'GUID: e27bb56b83f03421880673ee2b951102' -> (Import Result ID: '8e3eb421b84a95dfd7327b0c9fd6be4e') in 0.005 seconds [static and dynamic dependencies]. Details - ImportResultOutputID=e1d2a1d5e9636b9c8f6ef8adf5b3a8c5 DependenciesID=c148810824100df50304223e99006c10 StaticDependenciesID=d7eadbf3d51a21f59196874e54a145ca 
Number of updated asset objects reloaded before import = 0
Number of asset objects unloaded after import = 3
========================================================================
Received Import Request.
  Time of request: 2026-10-09T14:09:47.616055Z
  Time since last request: 0.012613936 seconds.
  importAddress: GUID: 0ff35d4ec6d381941bdbe1fb4b6dbceb - Path: Packages/com.unity.collab-proxy/Editor/Assets/Images/iconclipboard@2x.png - Importer: ScriptedImporter/UnityEditor.QuickSearchModule:UnityEditor.Search:ASIAI0B
Importing 'GUID: 0ff35d4ec6d381941bdbe1fb4b6dbceb - Path: Packages/com.unity.collab-proxy/Editor/Assets/Images/iconclipboard@2x.png - Importer: ScriptedImporter/UnityEditor.QuickSearchModule:UnityEditor.Search:ASIAI0B' with importer (ScriptedImporter : UnityEditor.QuickSearchModule:UnityEditor.Search:ASIAI0B)
Imported 'GUID: 0ff35d4ec6d381941bdbe1fb4b6dbceb' -> (Import Result ID: 'cdf985a376e43f3c7946587e7ca95885') in 0.004 seconds [static and dynamic dependencies]. Details - ImportResultOutputID=dab8032ff03e6c48950835f3e22c394e DependenciesID=968f5bb9896836479b3bbc2333e153bf StaticDependenciesID=46ee640e9645b6bcdf7c3927cf2f0c83 
Number of updated asset objects reloaded before import = 0
Number of asset objects unloaded after import = 3
========================================================================
Received Import Request.
  Time of request: 2026-10-09T14:09:47.627169Z
  Time since last request: 0.000513779 seconds.
  importAddress: GUID: 6975ee4c1f40caf4da8dd733ee2cfeaf - Path: Packages/com.unity.collab-proxy/Editor/Assets/Images/d_secondarytabclose.png - Importer: ScriptedImporter/UnityEditor.QuickSearchModule:UnityEditor.Search:ASIAI0B
Importing 'GUID: 6975ee4c1f40caf4da8dd733ee2cfeaf - Path: Packages/com.unity.collab-proxy/Editor/Assets/Images/d_secondarytabclose.png - Importer: ScriptedImporter/UnityEditor.QuickSearchModule:UnityEditor.Search:ASIAI0B' with importer (ScriptedImporter : UnityEditor.QuickSearchModule:UnityEditor.Search:ASIAI0B)
Imported 'GUID: 6975ee4c1f40caf4da8dd733ee2cfeaf' -> (Import Result ID: '27a5ad1a73ad21b145b42c4694264b1a') in 0.003 seconds [static and dynamic dependencies]. Details - ImportResultOutputID=34beeaa78f536d0bf69f520f30b830a0 DependenciesID=15e0251cc1e26bd2c0130db016b8ddd9 StaticDependenciesID=eed67021df3cdd27124618e5e4e23a21 
Number of updated asset objects reloaded before import = 0
Number of asset objects unloaded after import = 1
========================================================================
Received Import Request.
  Time of request: 2026-10-09T14:09:47.637372Z
  Time since last request: 0.000344994 seconds.
  importAddress: GUID: b85a4b2ec6433d04895612d791edc260 - Path: Packages/com.unity.collab-proxy/Editor/Assets/Images/icondeletedremote.png - Importer: ScriptedImporter/UnityEditor.QuickSearchModule:UnityEditor.Search:ASIAI0B
Importing 'GUID: b85a4b2ec6433d04895612d791edc260 - Path: Packages/com.unity.collab-proxy/Editor/Assets/Images/icondeletedremote.png - Importer: ScriptedImporter/UnityEditor.QuickSearchModule:UnityEditor.Search:ASIAI0B' with importer (ScriptedImporter : UnityEditor.QuickSearchModule:UnityEditor.Search:ASIAI0B)
Imported 'GUID: b85a4b2ec6433d04895612d791edc260' -> (Import Result ID: '279e603f481239c6155fc4e1b5974233') in 0.003 seconds [static and dynamic dependencies]. Details - ImportResultOutputID=50c7283464e6eda92882f4ef1a6eaac8 DependenciesID=5bb69f1211f32efeaabed90751913680 StaticDependenciesID=0ba1eb02331ff361b51e26fb9dd2f4db 
Number of updated asset objects reloaded before import = 0
Number of asset objects unloaded after import = 1
========================================================================
Received Import Request.
  Time of request: 2026-10-09T14:09:47.647553Z
  Time since last request: 0.0003323 seconds.
  importAddress: GUID: fbfdd7d489e0bd54f946ebc8e19db8bd - Path: Packages/com.unity.collab-proxy/Editor/Assets/Images/hideversioncontrol@2x.png - Importer: ScriptedImporter/UnityEditor.QuickSearchModule:UnityEditor.Search:ASIAI0B
Importing 'GUID: fbfdd7d489e0bd54f946ebc8e19db8bd - Path: Packages/com.unity.collab-proxy/Editor/Assets/Images/hideversioncontrol@2x.png - Importer: ScriptedImporter/UnityEditor.QuickSearchModule:UnityEditor.Search:ASIAI0B' with importer (ScriptedImporter : UnityEditor.QuickSearchModule:UnityEditor.Search:ASIAI0B)
Imported 'GUID: fbfdd7d489e0bd54f946ebc8e19db8bd' -> (Import Result ID: '2857d7ef4944ee7548035b6c76a451b7') in 0.004 seconds [static and dynamic dependencies]. Details - ImportResultOutputID=fdfbb516309960c6edb9ed85a0d6e8fb DependenciesID=74582895bc5552156e2f9df2b06441fc StaticDependenciesID=231d7b0ef8c057444416aac3320d22dc 
Number of updated asset objects reloaded before import = 0
Number of asset objects unloaded after import = 3
========================================================================
Received Import Request.
  Time of request: 2026-10-09T14:09:47.658567Z
  Time since last request: 0.000221513 seconds.
  importAddress: GUID: 73d87bc3a27171144985c68fbbd54380 - Path: Packages/com.unity.collab-proxy/Editor/Assets/Images/d_iconzoomin@2x.png - Importer: ScriptedImporter/UnityEditor.QuickSearchModule:UnityEditor.Search:ASIAI0B
Importing 'GUID: 73d87bc3a27171144985c68fbbd54380 - Path: Packages/com.unity.collab-proxy/Editor/Assets/Images/d_iconzoomin@2x.png - Importer: ScriptedImporter/UnityEditor.QuickSearchModule:UnityEditor.Search:ASIAI0B' with importer (ScriptedImporter : UnityEditor.QuickSearchModule:UnityEditor.Search:ASIAI0B)
Imported 'GUID: 73d87bc3a27171144985c68fbbd54380' -> (Import Result ID: '8ea28ff60902acf5e45bc10de982f7ad') in 0.007 seconds [static and dynamic dependencies]. Details - ImportResultOutputID=4414f01350fb91d55841cd18423284e0 DependenciesID=058844ec3f5975b53b63699b5401ee7e StaticDependenciesID=23cef1f5f8d61035fb9e566f7742c899 
Number of updated asset objects reloaded before import = 0
Number of asset objects unloaded after import = 3
========================================================================
Received Import Request.
  Time of request: 2026-10-09T14:09:47.673301Z
  Time since last request: 0.000972716 seconds.
  importAddress: GUID: 43735cb4df8a4aa49b379e83bd9d77b8 - Path: Packages/com.unity.collab-proxy/Editor/Assets/Images/d_iconzoomout.png - Importer: ScriptedImporter/UnityEditor.QuickSearchModule:UnityEditor.Search:ASIAI0B
Importing 'GUID: 43735cb4df8a4aa49b379e83bd9d77b8 - Path: Packages/com.unity.collab-proxy/Editor/Assets/Images/d_iconzoomout.png - Importer: ScriptedImporter/UnityEditor.QuickSearchModule:UnityEditor.Search:ASIAI0B' with importer (ScriptedImporter : UnityEditor.QuickSearchModule:UnityEditor.Search:ASIAI0B)
Imported 'GUID: 43735cb4df8a4aa49b379e83bd9d77b8' -> (Import Result ID: 'ffdeb2310bee762ca3277e1fa4280c78') in 0.009 seconds [static and dynamic dependencies]. Details - ImportResultOutputID=41c3e51bcdcbe6656b84d8897edbba17 DependenciesID=b85a0798e072bd78e4050b7981fee438 StaticDependenciesID=11dd685da01817d9ba1a635324e1f7c0 
Number of updated asset objects reloaded before import = 0
Number of asset objects unloaded after import = 3
========================================================================
Received Import Request.
  Time of request: 2026-10-09T14:09:47.691728Z
  Time since last request: 0.000153487 seconds.
  importAddress: GUID: 9a1ab8af8c446204e989a90f18305caf - Path: Packages/com.unity.collab-proxy/Editor/Assets/Images/iconaddedlocal.png - Importer: ScriptedImporter/UnityEditor.QuickSearchModule:UnityEditor.Search:ASIAI0B
Importing 'GUID: 9a1ab8af8c446204e989a90f18305caf - Path: Packages/com.unity.collab-proxy/Editor/Assets/Images/iconaddedlocal.png - Importer: ScriptedImporter/UnityEditor.QuickSearchModule:UnityEditor.Search:ASIAI0B' with importer (ScriptedImporter : UnityEditor.QuickSearchModule:UnityEditor.Search:ASIAI0B)
Imported 'GUID: 9a1ab8af8c446204e989a90f18305caf' -> (Import Result ID: 'b144c6d3d1e3358191ef1728940aac58') in 0.004 seconds [static and dynamic dependencies]. Details - ImportResultOutputID=c27a2d08d915ad2e075d6f12aa4d7c20 DependenciesID=fb0eed1461f05f3ff4b2125e066c33fb StaticDependenciesID=ef8d1edd95b63eb1ef524631c11c9051 
Number of updated asset objects reloaded before import = 0
Number of asset objects unloaded after import = 1
========================================================================
Received Import Request.
  Time of request: 2026-10-09T14:09:47.704344Z
  Time since last request: 0.000193341 seconds.
  importAddress: GUID: fea4bd4d5cc294ea59798fa81207b6d9 - Path: Packages/com.unity.collab-proxy/Editor/Assets/Images/iconclosebutton@2x.png - Importer: ScriptedImporter/UnityEditor.QuickSearchModule:UnityEditor.Search:ASIAI0B
Importing 'GUID: fea4bd4d5cc294ea59798fa81207b6d9 - Path: Packages/com.unity.collab-proxy/Editor/Assets/Images/iconclosebutton@2x.png - Importer: ScriptedImporter/UnityEditor.QuickSearchModule:UnityEditor.Search:ASIAI0B' with importer (ScriptedImporter : UnityEditor.QuickSearchModule:UnityEditor.Search:ASIAI0B)
Imported 'GUID: fea4bd4d5cc294ea59798fa81207b6d9' -> (Import Result ID: 'a6b163e5b22bcc172d217de72f8eea75') in 0.005 seconds [static and dynamic dependencies]. Details - ImportResultOutputID=c9a4690e765474fcb7f7f5f9f5156770 DependenciesID=2779949252fa79569438f19763d8be98 StaticDependenciesID=ec2aec858191667ada65036d06351512 
Number of updated asset objects reloaded before import = 0
Number of asset objects unloaded after import = 3
========================================================================
Received Import Request.
  Time of request: 2026-10-09T14:09:47.717806Z
  Time since last request: 0.000253563 seconds.
  importAddress: GUID: 9aa4348290784b2468144a97eb15d8d7 - Path: Packages/com.unity.collab-proxy/Editor/Assets/Images/d_secondarytabclosehover@2x.png - Importer: ScriptedImporter/UnityEditor.QuickSearchModule:UnityEditor.Search:ASIAI0B
Importing 'GUID: 9aa4348290784b2468144a97eb15d8d7 - Path: Packages/com.unity.collab-proxy/Editor/Assets/Images/d_secondarytabclosehover@2x.png - Importer: ScriptedImporter/UnityEditor.QuickSearchModule:UnityEditor.Search:ASIAI0B' with importer (ScriptedImporter : UnityEditor.QuickSearchModule:UnityEditor.Search:ASIAI0B)
Imported 'GUID: 9aa4348290784b2468144a97eb15d8d7' -> (Import Result ID: '28a8639e6bde65e134d330864b4cbbd3') in 0.003 seconds [static and dynamic dependencies]. Details - ImportResultOutputID=94454e3a186253acdbbd28842fda8436 DependenciesID=598749cb792c1eb39c838377e2634769 StaticDependenciesID=b9f6686059cebb5a207d1892366d96b9 
Number of updated asset objects reloaded before import = 0
Number of asset objects unloaded after import = 1
========================================================================
Received Import Request.
  Time of request: 2026-10-09T14:09:47.728896Z
  Time since last request: 0.000235159 seconds.
  importAddress: GUID: a67b58d6cddcd4345b1e001340de5a76 - Path: Packages/com.unity.collab-proxy/Editor/Assets/Images/iconaddedlocal@2x.png - Importer: ScriptedImporter/UnityEditor.QuickSearchModule:UnityEditor.Search:ASIAI0B
Importing 'GUID: a67b58d6cddcd4345b1e001340de5a76 - Path: Packages/com.unity.collab-proxy/Editor/Assets/Images/iconaddedlocal@2x.png - Importer: ScriptedImporter/UnityEditor.QuickSearchModule:UnityEditor.Search:ASIAI0B' with importer (ScriptedImporter : UnityEditor.QuickSearchModule:UnityEditor.Search:ASIAI0B)
Imported 'GUID: a67b58d6cddcd4345b1e001340de5a76' -> (Import Result ID: '740509c6d64e2edb47334ecc0e9e14a8') in 0.003 seconds [static and dynamic dependencies]. Details - ImportResultOutputID=304a7d1e235d4925038bf5f9b35e0d63 DependenciesID=049b61acd1ead3ea8b3c7609041a7ddd StaticDependenciesID=8a39e618d61d6163ab21d5335efb76c2 
Number of updated asset objects reloaded before import = 0
Number of asset objects unloaded after import = 1
========================================================================
Received Import Request.
  Time of request: 2026-10-09T14:09:47.739572Z
  Time since last request: 0.000282187 seconds.
  importAddress: GUID: 99d1cf315f771ae48ab6f41c99a8d7cb - Path: Packages/com.unity.collab-proxy/Editor/Assets/Images/iconadd.png - Importer: ScriptedImporter/UnityEditor.QuickSearchModule:UnityEditor.Search:ASIAI0B
Importing 'GUID: 99d1cf315f771ae48ab6f41c99a8d7cb - Path: Packages/com.unity.collab-proxy/Editor/Assets/Images/iconadd.png - Importer: ScriptedImporter/UnityEditor.QuickSearchModule:UnityEditor.Search:ASIAI0B' with importer (ScriptedImporter : UnityEditor.QuickSearchModule:UnityEditor.Search:ASIAI0B)
Imported 'GUID: 99d1cf315f771ae48ab6f41c99a8d7cb' -> (Import Result ID: '206190d4eb8044da17f27d23df2f31a9') in 0.006 seconds [static and dynamic dependencies]. Details - ImportResultOutputID=b7adfb0cb895cb89ef2198eee213da90 DependenciesID=1eb04201b48df4b02556cba54dde471f StaticDependenciesID=9fd5ed5ba7a5cda01a1fabe2ded4c2ab 
Number of updated asset objects reloaded before import = 0
Number of asset objects unloaded after import = 3
========================================================================
Received Import Request.
  Time of request: 2026-10-09T14:09:47.752633Z
  Time since last request: 0.000144169 seconds.
  importAddress: GUID: 752ba7759bdbd45c59b7e7df302ea223 - Path: Packages/com.unity.collab-proxy/Editor/Assets/Images/iconarrowdown@2x.png - Importer: ScriptedImporter/UnityEditor.QuickSearchModule:UnityEditor.Search:ASIAI0B
Importing 'GUID: 752ba7759bdbd45c59b7e7df302ea223 - Path: Packages/com.unity.collab-proxy/Editor/Assets/Images/iconarrowdown@2x.png - Importer: ScriptedImporter/UnityEditor.QuickSearchModule:UnityEditor.Search:ASIAI0B' with importer (ScriptedImporter : UnityEditor.QuickSearchModule:UnityEditor.Search:ASIAI0B)
Imported 'GUID: 752ba7759bdbd45c59b7e7df302ea223' -> (Import Result ID: '21860f93fe44dbfa459bc12b87046eff') in 0.004 seconds [static and dynamic dependencies]. Details - ImportResultOutputID=36b75ef6fa94a8455ec7f813309638e2 DependenciesID=c73765e9452873711d3aa3d35c23f4b9 StaticDependenciesID=9927a9c9e58953c4e0b45c1d0b6f4f6b 
Number of updated asset objects reloaded before import = 0
Number of asset objects unloaded after import = 3
========================================================================
Received Import Request.
  Time of request: 2026-10-09T14:09:47.765545Z
  Time since last request: 0.000147456 seconds.
  importAddress: GUID: 0a08fa9ec51507e488400cee024073a7 - Path: Packages/com.unity.collab-proxy/Editor/Assets/Images/hideversioncontrol.png - Importer: ScriptedImporter/UnityEditor.QuickSearchModule:UnityEditor.Search:ASIAI0B
Importing 'GUID: 0a08fa9ec51507e488400cee024073a7 - Path: Packages/com.unity.collab-proxy/Editor/Assets/Images/hideversioncontrol.png - Importer: ScriptedImporter/UnityEditor.QuickSearchModule:UnityEditor.Search:ASIAI0B' with importer (ScriptedImporter : UnityEditor.QuickSearchModule:UnityEditor.Search:ASIAI0B)
Imported 'GUID: 0a08fa9ec51507e488400cee024073a7' -> (Import Result ID: '728e90753bbbcdea7a27262b38076efd') in 0.004 seconds [static and dynamic dependencies]. Details - ImportResultOutputID=8ea3ffb690046cb259cde425e3349fbc DependenciesID=d9ff6d8d663f7408cc8ee704c53fd40a StaticDependenciesID=5adc11eb0b7f87102f16b409bba24d27 
Number of updated asset objects reloaded before import = 0
Number of asset objects unloaded after import = 3
========================================================================
Received Import Request.
  Time of request: 2026-10-09T14:09:47.778337Z
  Time since last request: 0.000248283 seconds.
  importAddress: GUID: 259fe6e49c74eb143a9fc88f6bd3f050 - Path: Packages/com.unity.collab-proxy/Editor/Assets/Images/iconclouddriveview@2x.png - Importer: ScriptedImporter/UnityEditor.QuickSearchModule:UnityEditor.Search:ASIAI0B
Importing 'GUID: 259fe6e49c74eb143a9fc88f6bd3f050 - Path: Packages/com.unity.collab-proxy/Editor/Assets/Images/iconclouddriveview@2x.png - Importer: ScriptedImporter/UnityEditor.QuickSearchModule:UnityEditor.Search:ASIAI0B' with importer (ScriptedImporter : UnityEditor.QuickSearchModule:UnityEditor.Search:ASIAI0B)
Imported 'GUID: 259fe6e49c74eb143a9fc88f6bd3f050' -> (Import Result ID: '61e5a26d6df86e0b5f8996a070c3e08b') in 0.005 seconds [static and dynamic dependencies]. Details - ImportResultOutputID=ff283b4a1d5459bc30ba950d2ab5f4b8 DependenciesID=7763011428e62d6a7f0cea6eaa080439 StaticDependenciesID=75fcf4dd8c700a6ceb9910fdd1906b9b 
Number of updated asset objects reloaded before import = 0
Number of asset objects unloaded after import = 3
========================================================================
Received Import Request.
  Time of request: 2026-10-09T14:09:47.791538Z
  Time since last request: 0.000351546 seconds.
  importAddress: GUID: a6219d44b6fc910449f7c3fee45db5c5 - Path: Packages/com.unity.collab-proxy/Editor/Assets/Images/iconbranches.png - Importer: ScriptedImporter/UnityEditor.QuickSearchModule:UnityEditor.Search:ASIAI0B
Importing 'GUID: a6219d44b6fc910449f7c3fee45db5c5 - Path: Packages/com.unity.collab-proxy/Editor/Assets/Images/iconbranches.png - Importer: ScriptedImporter/UnityEditor.QuickSearchModule:UnityEditor.Search:ASIAI0B' with importer (ScriptedImporter : UnityEditor.QuickSearchModule:UnityEditor.Search:ASIAI0B)
Imported 'GUID: a6219d44b6fc910449f7c3fee45db5c5' -> (Import Result ID: '2bf914855af1330f353f9fe2e4ac4ea6') in 0.004 seconds [static and dynamic dependencies]. Details - ImportResultOutputID=481719df5c01e0cff2e724a92368cafb DependenciesID=fda4b895c897b7d4244d798cd00df50b StaticDependenciesID=16b40b353f2d8ba0faffeba69f919bab 
Number of updated asset objects reloaded before import = 0
Number of asset objects unloaded after import = 1
========================================================================
Received Import Request.
  Time of request: 2026-10-09T14:09:47.804086Z
  Time since last request: 0.000479445 seconds.
  importAddress: GUID: 229870d327005574fb840c2dd8050ec6 - Path: Packages/com.unity.collab-proxy/Editor/Assets/Images/iconclouddriveview.png - Importer: ScriptedImporter/UnityEditor.QuickSearchModule:UnityEditor.Search:ASIAI0B
Importing 'GUID: 229870d327005574fb840c2dd8050ec6 - Path: Packages/com.unity.collab-proxy/Editor/Assets/Images/iconclouddriveview.png - Importer: ScriptedImporter/UnityEditor.QuickSearchModule:UnityEditor.Search:ASIAI0B' with importer (ScriptedImporter : UnityEditor.QuickSearchModule:UnityEditor.Search:ASIAI0B)
Imported 'GUID: 229870d327005574fb840c2dd8050ec6' -> (Import Result ID: '91e9278a96133af0484d6902819673bd') in 0.006 seconds [static and dynamic dependencies]. Details - ImportResultOutputID=60fb89a91d21a6dd21ecfd75fe23a9a9 DependenciesID=dde2e71239f375d90ea75a10bafe6e00 StaticDependenciesID=a47778dace7ad77ae18de9bef0027f8d 
Number of updated asset objects reloaded before import = 0
Number of asset objects unloaded after import = 3
========================================================================
Received Import Request.
  Time of request: 2026-10-09T14:09:47.818824Z
  Time since last request: 0.00037495 seconds.
  importAddress: GUID: 1318ab8bf649dcf43b922511fa5e155b - Path: Packages/com.unity.collab-proxy/Editor/Assets/Images/iconconflictresolvedoverlay.png - Importer: ScriptedImporter/UnityEditor.QuickSearchModule:UnityEditor.Search:ASIAI0B
Importing 'GUID: 1318ab8bf649dcf43b922511fa5e155b - Path: Packages/com.unity.collab-proxy/Editor/Assets/Images/iconconflictresolvedoverlay.png - Importer: ScriptedImporter/UnityEditor.QuickSearchModule:UnityEditor.Search:ASIAI0B' with importer (ScriptedImporter : UnityEditor.QuickSearchModule:UnityEditor.Search:ASIAI0B)
Imported 'GUID: 1318ab8bf649dcf43b922511fa5e155b' -> (Import Result ID: '9d6115d9dbe9181a877dd105202c72d1') in 0.004 seconds [static and dynamic dependencies]. Details - ImportResultOutputID=d93bb6cdbed094edde99013a2db3fbe2 DependenciesID=e4b8cdd95d18b97e254ea46a28939114 StaticDependenciesID=06807ee4249943f49e3da67ea8f07218 
Number of updated asset objects reloaded before import = 0
Number of asset objects unloaded after import = 3
========================================================================
Received Import Request.
  Time of request: 2026-10-09T14:09:47.833031Z
  Time since last request: 0.000252762 seconds.
  importAddress: GUID: fb519413feea947a6a64d10369922196 - Path: Packages/com.unity.collab-proxy/Editor/Assets/Images/d_iconzoomtofit@2x.png - Importer: ScriptedImporter/UnityEditor.QuickSearchModule:UnityEditor.Search:ASIAI0B
Importing 'GUID: fb519413feea947a6a64d10369922196 - Path: Packages/com.unity.collab-proxy/Editor/Assets/Images/d_iconzoomtofit@2x.png - Importer: ScriptedImporter/UnityEditor.QuickSearchModule:UnityEditor.Search:ASIAI0B' with importer (ScriptedImporter : UnityEditor.QuickSearchModule:UnityEditor.Search:ASIAI0B)
Imported 'GUID: fb519413feea947a6a64d10369922196' -> (Import Result ID: '4d7a0b3b9fd16deadcad2126c64b28b6') in 0.004 seconds [static and dynamic dependencies]. Details - ImportResultOutputID=628365320f56e59826003a0021437297 DependenciesID=eced788704f2536c3b1025d28ee6603f StaticDependenciesID=bb5f3d6b5f77a4d26eb329e7d7fd3f27 
Number of updated asset objects reloaded before import = 0
Number of asset objects unloaded after import = 3
========================================================================
Received Import Request.
  Time of request: 2026-10-09T14:09:47.845897Z
  Time since last request: 0.000213519 seconds.
  importAddress: GUID: d30af1e364af1fc48be2ff2dcb0d4724 - Path: Packages/com.unity.collab-proxy/Editor/Assets/Images/iconcurrentbranch.png - Importer: ScriptedImporter/UnityEditor.QuickSearchModule:UnityEditor.Search:ASIAI0B
Importing 'GUID: d30af1e364af1fc48be2ff2dcb0d4724 - Path: Packages/com.unity.collab-proxy/Editor/Assets/Images/iconcurrentbranch.png - Importer: ScriptedImporter/UnityEditor.QuickSearchModule:UnityEditor.Search:ASIAI0B' with importer (ScriptedImporter : UnityEditor.QuickSearchModule:UnityEditor.Search:ASIAI0B)
Imported 'GUID: d30af1e364af1fc48be2ff2dcb0d4724' -> (Import Result ID: 'a34928d819725f06d8f9d97438253801') in 0.005 seconds [static and dynamic dependencies]. Details - ImportResultOutputID=85be3b5d2c6dfc345c6632f772f26b62 DependenciesID=c2ca0c2b3b4c4906ce7c1584f01977d9 StaticDependenciesID=4411a96d7362e316c93d04700c44e904 
Number of updated asset objects reloaded before import = 0
Number of asset objects unloaded after import = 3
========================================================================
Received Import Request.
  Time of request: 2026-10-09T14:09:47.859054Z
  Time since last request: 0.000378967 seconds.
  importAddress: GUID: 8d91317e8f7610f41a30fcb9c0d99196 - Path: Packages/com.unity.collab-proxy/Editor/Assets/Images/iconclipboard.png - Importer: ScriptedImporter/UnityEditor.QuickSearchModule:UnityEditor.Search:ASIAI0B
Importing 'GUID: 8d91317e8f7610f41a30fcb9c0d99196 - Path: Packages/com.unity.collab-proxy/Editor/Assets/Images/iconclipboard.png - Importer: ScriptedImporter/UnityEditor.QuickSearchModule:UnityEditor.Search:ASIAI0B' with importer (ScriptedImporter : UnityEditor.QuickSearchModule:UnityEditor.Search:ASIAI0B)
Imported 'GUID: 8d91317e8f7610f41a30fcb9c0d99196' -> (Import Result ID: '94dc9349f2c4dcfac7301ce217211794') in 0.004 seconds [static and dynamic dependencies]. Details - ImportResultOutputID=b2d0c8a4cc5593291be9bcd5c625dea9 DependenciesID=ec343135c3e109c6aa4b89ea0f7007bb StaticDependenciesID=ebbb18b4da2a6eedd091220b9ba30cb8 
Number of updated asset objects reloaded before import = 0
Number of asset objects unloaded after import = 3
========================================================================
Received Import Request.
  Time of request: 2026-10-09T14:09:47.869314Z
  Time since last request: 0.000223758 seconds.
  importAddress: GUID: 8ebb93c64d7a141569a153a9d4fe9ae2 - Path: Packages/com.unity.collab-proxy/Editor/Assets/Images/exclusionrule.png - Importer: ScriptedImporter/UnityEditor.QuickSearchModule:UnityEditor.Search:ASIAI0B
Importing 'GUID: 8ebb93c64d7a141569a153a9d4fe9ae2 - Path: Packages/com.unity.collab-proxy/Editor/Assets/Images/exclusionrule.png - Importer: ScriptedImporter/UnityEditor.QuickSearchModule:UnityEditor.Search:ASIAI0B' with importer (ScriptedImporter : UnityEditor.QuickSearchModule:UnityEditor.Search:ASIAI0B)
Imported 'GUID: 8ebb93c64d7a141569a153a9d4fe9ae2' -> (Import Result ID: 'd6dfb8fb769a62ddae60af1b5df6240f') in 0.006 seconds [static and dynamic dependencies]. Details - ImportResultOutputID=0438cf412fa7560491228babfbc7a6d1 DependenciesID=a3de2b5123a2ff673df39cbe718ab635 StaticDependenciesID=eb0633b68b81f78edb0862b311a2de59 
Number of updated asset objects reloaded before import = 0
Number of asset objects unloaded after import = 3
========================================================================
Received Import Request.
  Time of request: 2026-10-09T14:09:47.906039Z
  Time since last request: 0.023489838 seconds.
  importAddress: GUID: 232fe04bebe5e904bb0568e685bd32a6 - Path: Packages/com.unity.collab-proxy/Editor/Assets/Images/iconpendingchanges@2x.png - Importer: ScriptedImporter/UnityEditor.QuickSearchModule:UnityEditor.Search:ASIAI0B
Importing 'GUID: 232fe04bebe5e904bb0568e685bd32a6 - Path: Packages/com.unity.collab-proxy/Editor/Assets/Images/iconpendingchanges@2x.png - Importer: ScriptedImporter/UnityEditor.QuickSearchModule:UnityEditor.Search:ASIAI0B' with importer (ScriptedImporter : UnityEditor.QuickSearchModule:UnityEditor.Search:ASIAI0B)
Imported 'GUID: 232fe04bebe5e904bb0568e685bd32a6' -> (Import Result ID: 'db40278240832225d63c991fbb627f84') in 0.004 seconds [static and dynamic dependencies]. Details - ImportResultOutputID=e34e1fc3c5b9a2b5de3097c4d31717d1 DependenciesID=a7f3b0b8daef013b760ccde2d2de8dcf StaticDependenciesID=48fee1fdfa709f117d4a0d09fa52d4dc 
Number of updated asset objects reloaded before import = 0
Number of asset objects unloaded after import = 3
========================================================================
Received Import Request.
  Time of request: 2026-10-09T14:09:47.916723Z
  Time since last request: 0.000700157 seconds.
  importAddress: GUID: 569cb7c654ca242978cdc7428c2881a3 - Path: Packages/com.unity.collab-proxy/Editor/Assets/Images/iconmergeview.png - Importer: ScriptedImporter/UnityEditor.QuickSearchModule:UnityEditor.Search:ASIAI0B
Importing 'GUID: 569cb7c654ca242978cdc7428c2881a3 - Path: Packages/com.unity.collab-proxy/Editor/Assets/Images/iconmergeview.png - Importer: ScriptedImporter/UnityEditor.QuickSearchModule:UnityEditor.Search:ASIAI0B' with importer (ScriptedImporter : UnityEditor.QuickSearchModule:UnityEditor.Search:ASIAI0B)
Imported 'GUID: 569cb7c654ca242978cdc7428c2881a3' -> (Import Result ID: '189899105c50b9f34df9466cd012880f') in 0.004 seconds [static and dynamic dependencies]. Details - ImportResultOutputID=29c263b1da80c6431b1252fefc6900d4 DependenciesID=78096fc1abe9954cd10c6dfb9090f41b StaticDependenciesID=f2f05126e045a6420cd16876f726f9f4 
Number of updated asset objects reloaded before import = 0
Number of asset objects unloaded after import = 3
========================================================================
Received Import Request.
  Time of request: 2026-10-09T14:09:47.92881Z
  Time since last request: 0.000193411 seconds.
  importAddress: GUID: b43651fb085b38445ade3f9de3ab0636 - Path: Packages/com.unity.collab-proxy/Editor/Assets/Images/iconinviteusers@2x.png - Importer: ScriptedImporter/UnityEditor.QuickSearchModule:UnityEditor.Search:ASIAI0B
Importing 'GUID: b43651fb085b38445ade3f9de3ab0636 - Path: Packages/com.unity.collab-proxy/Editor/Assets/Images/iconinviteusers@2x.png - Importer: ScriptedImporter/UnityEditor.QuickSearchModule:UnityEditor.Search:ASIAI0B' with importer (ScriptedImporter : UnityEditor.QuickSearchModule:UnityEditor.Search:ASIAI0B)
Imported 'GUID: b43651fb085b38445ade3f9de3ab0636' -> (Import Result ID: 'b4eb46e80e5e922f0623067a775ad890') in 0.003 seconds [static and dynamic dependencies]. Details - ImportResultOutputID=87a318aaa74f94a7d2c89fbb3b6c8653 DependenciesID=345c71c61808ff14b29d082420a901eb StaticDependenciesID=6204e22764946959b6852c2260238fb5 
Number of updated asset objects reloaded before import = 0
Number of asset objects unloaded after import = 3
========================================================================
Received Import Request.
  Time of request: 2026-10-09T14:09:47.938591Z
  Time since last request: 0.000345284 seconds.
  importAddress: GUID: 0e3e607c04fbd4d4090157ea31abb634 - Path: Packages/com.unity.collab-proxy/Editor/Assets/Images/iconedit@2x.png - Importer: ScriptedImporter/UnityEditor.QuickSearchModule:UnityEditor.Search:ASIAI0B
Importing 'GUID: 0e3e607c04fbd4d4090157ea31abb634 - Path: Packages/com.unity.collab-proxy/Editor/Assets/Images/iconedit@2x.png - Importer: ScriptedImporter/UnityEditor.QuickSearchModule:UnityEditor.Search:ASIAI0B' with importer (ScriptedImporter : UnityEditor.QuickSearchModule:UnityEditor.Search:ASIAI0B)
Imported 'GUID: 0e3e607c04fbd4d4090157ea31abb634' -> (Import Result ID: '662cb9c30dc1dde54ac1628e6bc76bba') in 0.003 seconds [static and dynamic dependencies]. Details - ImportResultOutputID=5d1a58ad5f85eb3f58f31e45a9b9b874 DependenciesID=696819be0b93a545f4847f444f147e9a StaticDependenciesID=3ae440f5b4093345092e4df6ce3737cf 
Number of updated asset objects reloaded before import = 0
Number of asset objects unloaded after import = 3
========================================================================
Received Import Request.
  Time of request: 2026-10-09T14:09:47.948913Z
  Time since last request: 0.000427057 seconds.
  importAddress: GUID: f42a69ee6b34c4a8eb57e17686d6ab67 - Path: Packages/com.unity.collab-proxy/Editor/Assets/Images/iconhistory.png - Importer: ScriptedImporter/UnityEditor.QuickSearchModule:UnityEditor.Search:ASIAI0B
Importing 'GUID: f42a69ee6b34c4a8eb57e17686d6ab67 - Path: Packages/com.unity.collab-proxy/Editor/Assets/Images/iconhistory.png - Importer: ScriptedImporter/UnityEditor.QuickSearchModule:UnityEditor.Search:ASIAI0B' with importer (ScriptedImporter : UnityEditor.QuickSearchModule:UnityEditor.Search:ASIAI0B)
Imported 'GUID: f42a69ee6b34c4a8eb57e17686d6ab67' -> (Import Result ID: '54653920f6213ebb5c6b80346b9382c8') in 0.005 seconds [static and dynamic dependencies]. Details - ImportResultOutputID=7ce09b88c9d479e0df7b56215998067a DependenciesID=6292d105f2ca18928b685acc03c5833b StaticDependenciesID=a6c97cb38ca8c525a24137edb61a6df0 
Number of updated asset objects reloaded before import = 0
Number of asset objects unloaded after import = 3
========================================================================
Received Import Request.
  Time of request: 2026-10-09T14:09:47.960127Z
  Time since last request: 0.000139991 seconds.
  importAddress: GUID: 940b9d1a2dc73495da39c6d329f2b3a0 - Path: Packages/com.unity.collab-proxy/Editor/Assets/Images/iconnext@2x.png - Importer: ScriptedImporter/UnityEditor.QuickSearchModule:UnityEditor.Search:ASIAI0B
Importing 'GUID: 940b9d1a2dc73495da39c6d329f2b3a0 - Path: Packages/com.unity.collab-proxy/Editor/Assets/Images/iconnext@2x.png - Importer: ScriptedImporter/UnityEditor.QuickSearchModule:UnityEditor.Search:ASIAI0B' with importer (ScriptedImporter : UnityEditor.QuickSearchModule:UnityEditor.Search:ASIAI0B)
Imported 'GUID: 940b9d1a2dc73495da39c6d329f2b3a0' -> (Import Result ID: '34a886cad52e0d02dd309c2692665acd') in 0.004 seconds [static and dynamic dependencies]. Details - ImportResultOutputID=1aff8a7ef4c9f9bf0492d1553c5b8e5e DependenciesID=94717a8634665ceab9fdd5cd4d908be1 StaticDependenciesID=352465368e7212a58265352af1a10b1c 
Number of updated asset objects reloaded before import = 0
Number of asset objects unloaded after import = 3
========================================================================
Received Import Request.
  Time of request: 2026-10-09T14:09:47.970994Z
  Time since last request: 0.000084297 seconds.
  importAddress: GUID: 28080b664b5d94db885a04224cf2967c - Path: Packages/com.unity.collab-proxy/Editor/Assets/Images/iconoriginalsize@2x.png - Importer: ScriptedImporter/UnityEditor.QuickSearchModule:UnityEditor.Search:ASIAI0B
Importing 'GUID: 28080b664b5d94db885a04224cf2967c - Path: Packages/com.unity.collab-proxy/Editor/Assets/Images/iconoriginalsize@2x.png - Importer: ScriptedImporter/UnityEditor.QuickSearchModule:UnityEditor.Search:ASIAI0B' with importer (ScriptedImporter : UnityEditor.QuickSearchModule:UnityEditor.Search:ASIAI0B)
Imported 'GUID: 28080b664b5d94db885a04224cf2967c' -> (Import Result ID: 'fb35c05a26c8c935eec68147baf2d802') in 0.004 seconds [static and dynamic dependencies]. Details - ImportResultOutputID=34c94f8b19dce77313157e8b1d4dbf6b DependenciesID=6452bf1d259049ba913720d41f2fd3d7 StaticDependenciesID=00325e6f305f6297d4eb76864ae85f10 
Number of updated asset objects reloaded before import = 0
Number of asset objects unloaded after import = 3
========================================================================
Received Import Request.
  Time of request: 2026-10-09T14:09:47.981905Z
  Time since last request: 0.000260686 seconds.
  importAddress: GUID: c8396bd7e257d6b4b8d1d72fdb7a2684 - Path: Packages/com.unity.collab-proxy/Editor/Assets/Images/iconlabel@2x.png - Importer: ScriptedImporter/UnityEditor.QuickSearchModule:UnityEditor.Search:ASIAI0B
Importing 'GUID: c8396bd7e257d6b4b8d1d72fdb7a2684 - Path: Packages/com.unity.collab-proxy/Editor/Assets/Images/iconlabel@2x.png - Importer: ScriptedImporter/UnityEditor.QuickSearchModule:UnityEditor.Search:ASIAI0B' with importer (ScriptedImporter : UnityEditor.QuickSearchModule:UnityEditor.Search:ASIAI0B)
Imported 'GUID: c8396bd7e257d6b4b8d1d72fdb7a2684' -> (Import Result ID: 'd3935c60a0820404e96a24752f368fde') in 0.003 seconds [static and dynamic dependencies]. Details - ImportResultOutputID=a1572fb2c7617a3b6b3ab79ac23d0e85 DependenciesID=2b804d479eebfbc4793cc6a6d8f168a3 StaticDependenciesID=c14597d408cd656f75b3058ad32f6436 
Number of updated asset objects reloaded before import = 0
Number of asset objects unloaded after import = 3
========================================================================
Received Import Request.
  Time of request: 2026-10-09T14:09:47.993601Z
  Time since last request: 0.000422819 seconds.
  importAddress: GUID: b528c1b33a65cf94ea74f830b54c9acb - Path: Packages/com.unity.collab-proxy/Editor/Assets/Images/iconlockedlocaloverlay@2x.png - Importer: ScriptedImporter/UnityEditor.QuickSearchModule:UnityEditor.Search:ASIAI0B
Importing 'GUID: b528c1b33a65cf94ea74f830b54c9acb - Path: Packages/com.unity.collab-proxy/Editor/Assets/Images/iconlockedlocaloverlay@2x.png - Importer: ScriptedImporter/UnityEditor.QuickSearchModule:UnityEditor.Search:ASIAI0B' with importer (ScriptedImporter : UnityEditor.QuickSearchModule:UnityEditor.Search:ASIAI0B)
Imported 'GUID: b528c1b33a65cf94ea74f830b54c9acb' -> (Import Result ID: '39cc3617e1c36a7a062b0d77d8dc6ec7') in 0.004 seconds [static and dynamic dependencies]. Details - ImportResultOutputID=922b855fb9fac652c0a6fd1d04b5ed78 DependenciesID=ceac5997d935c90dc6692943fbd3973e StaticDependenciesID=c32e08c5a1698f58aa2aedc71225cb46 
Number of updated asset objects reloaded before import = 0
Number of asset objects unloaded after import = 1
========================================================================
Received Import Request.
  Time of request: 2026-10-09T14:09:48.005849Z
  Time since last request: 0.0006323 seconds.
  importAddress: GUID: 42d4aab7d8dc3481eb811bb48a8c8485 - Path: Packages/com.unity.collab-proxy/Editor/Assets/Images/iconprev.png - Importer: ScriptedImporter/UnityEditor.QuickSearchModule:UnityEditor.Search:ASIAI0B
Importing 'GUID: 42d4aab7d8dc3481eb811bb48a8c8485 - Path: Packages/com.unity.collab-proxy/Editor/Assets/Images/iconprev.png - Importer: ScriptedImporter/UnityEditor.QuickSearchModule:UnityEditor.Search:ASIAI0B' with importer (ScriptedImporter : UnityEditor.QuickSearchModule:UnityEditor.Search:ASIAI0B)
Imported 'GUID: 42d4aab7d8dc3481eb811bb48a8c8485' -> (Import Result ID: '998b83534f680d35cbed1cf907fe8cd7') in 0.005 seconds [static and dynamic dependencies]. Details - ImportResultOutputID=ef6643e2dfa55eabddf7a4db561f3d5d DependenciesID=cf0ba27cf3fc1584cfe899334f4325a7 StaticDependenciesID=6c2b25872c5c0a686540396ba0694bb2 
Number of updated asset objects reloaded before import = 0
Number of asset objects unloaded after import = 3
========================================================================
Received Import Request.
  Time of request: 2026-10-09T14:09:48.017693Z
  Time since last request: 0.000138368 seconds.
  importAddress: GUID: 120bf54dff785a0429b068b814e9c12a - Path: Packages/com.unity.collab-proxy/Editor/Assets/Images/iconmergelink.png - Importer: ScriptedImporter/UnityEditor.QuickSearchModule:UnityEditor.Search:ASIAI0B
Importing 'GUID: 120bf54dff785a0429b068b814e9c12a - Path: Packages/com.unity.collab-proxy/Editor/Assets/Images/iconmergelink.png - Importer: ScriptedImporter/UnityEditor.QuickSearchModule:UnityEditor.Search:ASIAI0B' with importer (ScriptedImporter : UnityEditor.QuickSearchModule:UnityEditor.Search:ASIAI0B)
Imported 'GUID: 120bf54dff785a0429b068b814e9c12a' -> (Import Result ID: '579f3cc6887994c6f8027ec6fbe9af65') in 0.003 seconds [static and dynamic dependencies]. Details - ImportResultOutputID=e58eeb7be5f31f29d73ed46e4ae9ff5f DependenciesID=588d6b5dbe197139c370f7bfb83885e2 StaticDependenciesID=6b452014f763f9f71328356799422f96 
Number of updated asset objects reloaded before import = 0
Number of asset objects unloaded after import = 1
========================================================================
Received Import Request.
  Time of request: 2026-10-09T14:09:48.028018Z
  Time since last request: 0.000159257 seconds.
  importAddress: GUID: 3cbf8d5b4d364724baa11fed1344d029 - Path: Packages/com.unity.collab-proxy/Editor/Assets/Images/iconedit.png - Importer: ScriptedImporter/UnityEditor.QuickSearchModule:UnityEditor.Search:ASIAI0B
Importing 'GUID: 3cbf8d5b4d364724baa11fed1344d029 - Path: Packages/com.unity.collab-proxy/Editor/Assets/Images/iconedit.png - Importer: ScriptedImporter/UnityEditor.QuickSearchModule:UnityEditor.Search:ASIAI0B' with importer (ScriptedImporter : UnityEditor.QuickSearchModule:UnityEditor.Search:ASIAI0B)
Imported 'GUID: 3cbf8d5b4d364724baa11fed1344d029' -> (Import Result ID: 'ff304230a27af51fd43fd8edf02c729c') in 0.004 seconds [static and dynamic dependencies]. Details - ImportResultOutputID=b18b76a90969d8bcc19c0f0574def06b DependenciesID=edcc9394b98c36f86195c95bb01d2b6a StaticDependenciesID=91a5f2b0c9405b7ece93c5b6275197fc 
Number of updated asset objects reloaded before import = 0
Number of asset objects unloaded after import = 3
========================================================================
Received Import Request.
  Time of request: 2026-10-09T14:09:48.039586Z
  Time since last request: 0.000332811 seconds.
  importAddress: GUID: 1e6c9635b80f973488d8335a081c905f - Path: Packages/com.unity.collab-proxy/Editor/Assets/Images/iconplasticnotifyincoming.png - Importer: ScriptedImporter/UnityEditor.QuickSearchModule:UnityEditor.Search:ASIAI0B
Importing 'GUID: 1e6c9635b80f973488d8335a081c905f - Path: Packages/com.unity.collab-proxy/Editor/Assets/Images/iconplasticnotifyincoming.png - Importer: ScriptedImporter/UnityEditor.QuickSearchModule:UnityEditor.Search:ASIAI0B' with importer (ScriptedImporter : UnityEditor.QuickSearchModule:UnityEditor.Search:ASIAI0B)
Imported 'GUID: 1e6c9635b80f973488d8335a081c905f' -> (Import Result ID: 'bb07c9d4c1501f00c9b7486d2355573e') in 0.003 seconds [static and dynamic dependencies]. Details - ImportResultOutputID=33cc625f1b5165633f736134ef80da6d DependenciesID=5916b6a544c52defa2aee5f7c15123a4 StaticDependenciesID=d5b943f90704a631bd52b8882119abc9 
Number of updated asset objects reloaded before import = 0
Number of asset objects unloaded after import = 1
========================================================================
Received Import Request.
  Time of request: 2026-10-09T14:09:48.049948Z
  Time since last request: 0.000274863 seconds.
  importAddress: GUID: 3728580c149181a44b359e89f6edacae - Path: Packages/com.unity.collab-proxy/Editor/Assets/Images/iconoutofsyncoverlay@2x.png - Importer: ScriptedImporter/UnityEditor.QuickSearchModule:UnityEditor.Search:ASIAI0B
Importing 'GUID: 3728580c149181a44b359e89f6edacae - Path: Packages/com.unity.collab-proxy/Editor/Assets/Images/iconoutofsyncoverlay@2x.png - Importer: ScriptedImporter/UnityEditor.QuickSearchModule:UnityEditor.Search:ASIAI0B' with importer (ScriptedImporter : UnityEditor.QuickSearchModule:UnityEditor.Search:ASIAI0B)
Imported 'GUID: 3728580c149181a44b359e89f6edacae' -> (Import Result ID: '5323abfe36940909c2693cdbb95407b7') in 0.003 seconds [static and dynamic dependencies]. Details - ImportResultOutputID=457c9747002181a678d6f1ea9d9b19c0 DependenciesID=357a3b67126cbb1bca3c9b80898a792f StaticDependenciesID=cc96738675e104e1cfb53ab10466d2ac 
Number of updated asset objects reloaded before import = 0
Number of asset objects unloaded after import = 1
========================================================================
Received Import Request.
  Time of request: 2026-10-09T14:09:48.060961Z
  Time since last request: 0.00038577 seconds.
  importAddress: GUID: 42540fa3b3cef1340bebdf077d0e2030 - Path: Packages/com.unity.collab-proxy/Editor/Assets/Images/iconlabel.png - Importer: ScriptedImporter/UnityEditor.QuickSearchModule:UnityEditor.Search:ASIAI0B
Importing 'GUID: 42540fa3b3cef1340bebdf077d0e2030 - Path: Packages/com.unity.collab-proxy/Editor/Assets/Images/iconlabel.png - Importer: ScriptedImporter/UnityEditor.QuickSearchModule:UnityEditor.Search:ASIAI0B' with importer (ScriptedImporter : UnityEditor.QuickSearchModule:UnityEditor.Search:ASIAI0B)
Imported 'GUID: 42540fa3b3cef1340bebdf077d0e2030' -> (Import Result ID: '0c02726c7516ad76f583ca090444d375') in 0.005 seconds [static and dynamic dependencies]. Details - ImportResultOutputID=8d293cc2b7104385f366ac0188d33696 DependenciesID=ef9083513dee8409bd42a2a37b046ee1 StaticDependenciesID=47b2ad5a8aa957cc7068ad05617f1c4d 
Number of updated asset objects reloaded before import = 0
Number of asset objects unloaded after import = 3
========================================================================
Received Import Request.
  Time of request: 2026-10-09T14:09:48.074405Z
  Time since last request: 0.000123119 seconds.
  importAddress: GUID: ca92e845b7b4b41da8e081ca8c0ed3b8 - Path: Packages/com.unity.collab-proxy/Editor/Assets/Images/iconmergeview@2x.png - Importer: ScriptedImporter/UnityEditor.QuickSearchModule:UnityEditor.Search:ASIAI0B
Importing 'GUID: ca92e845b7b4b41da8e081ca8c0ed3b8 - Path: Packages/com.unity.collab-proxy/Editor/Assets/Images/iconmergeview@2x.png - Importer: ScriptedImporter/UnityEditor.QuickSearchModule:UnityEditor.Search:ASIAI0B' with importer (ScriptedImporter : UnityEditor.QuickSearchModule:UnityEditor.Search:ASIAI0B)
Imported 'GUID: ca92e845b7b4b41da8e081ca8c0ed3b8' -> (Import Result ID: '298265edf341acc82ae6f5d401c89abb') in 0.007 seconds [static and dynamic dependencies]. Details - ImportResultOutputID=c45fe8d4f5b7ae699680df0ff0dcf506 DependenciesID=aafaf76e0feff55ea07e2cfdbf8a61e9 StaticDependenciesID=e114d2761be40006fec1cad673f73046 
Number of updated asset objects reloaded before import = 0
Number of asset objects unloaded after import = 3
========================================================================
Received Import Request.
  Time of request: 2026-10-09T14:09:48.0888Z
  Time since last request: 0.000212877 seconds.
  importAddress: GUID: 40e23f4f2fddc724db517c63f4d8990d - Path: Packages/com.unity.collab-proxy/Editor/Assets/Images/iconinviteusers.png - Importer: ScriptedImporter/UnityEditor.QuickSearchModule:UnityEditor.Search:ASIAI0B
Importing 'GUID: 40e23f4f2fddc724db517c63f4d8990d - Path: Packages/com.unity.collab-proxy/Editor/Assets/Images/iconinviteusers.png - Importer: ScriptedImporter/UnityEditor.QuickSearchModule:UnityEditor.Search:ASIAI0B' with importer (ScriptedImporter : UnityEditor.QuickSearchModule:UnityEditor.Search:ASIAI0B)
Imported 'GUID: 40e23f4f2fddc724db517c63f4d8990d' -> (Import Result ID: '497e916f6070ac0a949fefef3b574309') in 0.004 seconds [static and dynamic dependencies]. Details - ImportResultOutputID=f5a0a8b611d78b1bbd6bfdd183b3ce79 DependenciesID=6e359c53d7f259a7cac201393395e61a StaticDependenciesID=3ea19eacfce798aed62dfaadc73dba9f 
Number of updated asset objects reloaded before import = 0
Number of asset objects unloaded after import = 3
========================================================================
Received Import Request.
  Time of request: 2026-10-09T14:09:48.101318Z
  Time since last request: 0.000267579 seconds.
  importAddress: GUID: d63fb8a8a3f06407e8e712a29a3499c0 - Path: Packages/com.unity.collab-proxy/Editor/Assets/Images/iconmovedoverlay.png - Importer: ScriptedImporter/UnityEditor.QuickSearchModule:UnityEditor.Search:ASIAI0B
Importing 'GUID: d63fb8a8a3f06407e8e712a29a3499c0 - Path: Packages/com.unity.collab-proxy/Editor/Assets/Images/iconmovedoverlay.png - Importer: ScriptedImporter/UnityEditor.QuickSearchModule:UnityEditor.Search:ASIAI0B' with importer (ScriptedImporter : UnityEditor.QuickSearchModule:UnityEditor.Search:ASIAI0B)
Imported 'GUID: d63fb8a8a3f06407e8e712a29a3499c0' -> (Import Result ID: '489cadc0254114f01b18596c7617c88a') in 0.005 seconds [static and dynamic dependencies]. Details - ImportResultOutputID=9744027924b0c24ef1e51dce0a1de9f8 DependenciesID=5214af1dc23eb08deb9c76956d57a7b3 StaticDependenciesID=ea3985b8a26926261888b68893d1b905 
Number of updated asset objects reloaded before import = 0
Number of asset objects unloaded after import = 3
========================================================================
Received Import Request.
  Time of request: 2026-10-09T14:09:48.1135Z
  Time since last request: 0.000223287 seconds.
  importAddress: GUID: dcb2ee37925b97e438ae244996d81a55 - Path: Packages/com.unity.collab-proxy/Editor/Assets/Images/iconplasticview.png - Importer: ScriptedImporter/UnityEditor.QuickSearchModule:UnityEditor.Search:ASIAI0B
Importing 'GUID: dcb2ee37925b97e438ae244996d81a55 - Path: Packages/com.unity.collab-proxy/Editor/Assets/Images/iconplasticview.png - Importer: ScriptedImporter/UnityEditor.QuickSearchModule:UnityEditor.Search:ASIAI0B' with importer (ScriptedImporter : UnityEditor.QuickSearchModule:UnityEditor.Search:ASIAI0B)
Imported 'GUID: dcb2ee37925b97e438ae244996d81a55' -> (Import Result ID: '49ca1813edc7c7655adf61e0c5d5a798') in 0.003 seconds [static and dynamic dependencies]. Details - ImportResultOutputID=6c849369e1acfeed751f997f0ac06a07 DependenciesID=a3b9e23f40801c21d287b2f6d419accb StaticDependenciesID=b2aba09edda88637dfbdf342267dd5ea 
Number of updated asset objects reloaded before import = 0
Number of asset objects unloaded after import = 1
========================================================================
Received Import Request.
  Time of request: 2026-10-09T14:09:48.123583Z
  Time since last request: 0.000259514 seconds.
  importAddress: GUID: d80583d4126ca4f74bd2c5e97e49f70d - Path: Packages/com.unity.collab-proxy/Editor/Assets/Images/iconfirst.png - Importer: ScriptedImporter/UnityEditor.QuickSearchModule:UnityEditor.Search:ASIAI0B
Importing 'GUID: d80583d4126ca4f74bd2c5e97e49f70d - Path: Packages/com.unity.collab-proxy/Editor/Assets/Images/iconfirst.png - Importer: ScriptedImporter/UnityEditor.QuickSearchModule:UnityEditor.Search:ASIAI0B' with importer (ScriptedImporter : UnityEditor.QuickSearchModule:UnityEditor.Search:ASIAI0B)
Imported 'GUID: d80583d4126ca4f74bd2c5e97e49f70d' -> (Import Result ID: 'fa34dbebd16c201e576c3a0634403287') in 0.004 seconds [static and dynamic dependencies]. Details - ImportResultOutputID=7a72b9d7c84102d7c81f440c83a9981e DependenciesID=20257c32f1efa0e3f94d1a08e6c413c0 StaticDependenciesID=288f9d11e1faec03c38eea0d7d70a7c4 
Number of updated asset objects reloaded before import = 0
Number of asset objects unloaded after import = 3
========================================================================
Received Import Request.
  Time of request: 2026-10-09T14:09:48.134137Z
  Time since last request: 0.000256168 seconds.
  importAddress: GUID: b8263c2f8ead9485180cfeaa9bde0999 - Path: Packages/com.unity.collab-proxy/Editor/Assets/Images/iconincomingchangesview@2x.png - Importer: ScriptedImporter/UnityEditor.QuickSearchModule:UnityEditor.Search:ASIAI0B
Importing 'GUID: b8263c2f8ead9485180cfeaa9bde0999 - Path: Packages/com.unity.collab-proxy/Editor/Assets/Images/iconincomingchangesview@2x.png - Importer: ScriptedImporter/UnityEditor.QuickSearchModule:UnityEditor.Search:ASIAI0B' with importer (ScriptedImporter : UnityEditor.QuickSearchModule:UnityEditor.Search:ASIAI0B)
Imported 'GUID: b8263c2f8ead9485180cfeaa9bde0999' -> (Import Result ID: '239e9057a5ec7883b638055d9112170c') in 0.006 seconds [static and dynamic dependencies]. Details - ImportResultOutputID=681419b759112fff5a305431650998c0 DependenciesID=455f3d0131ca5dadacabc6b3f49b749b StaticDependenciesID=9fe1887f7385eeb1cdac9c65039fb4eb 
Number of updated asset objects reloaded before import = 0
Number of asset objects unloaded after import = 3
========================================================================
Received Import Request.
  Time of request: 2026-10-09T14:09:48.166774Z
  Time since last request: 0.019730219 seconds.
  importAddress: GUID: 90945345530e7174eb4f0575a0bec0bf - Path: Packages/com.unity.collab-proxy/Editor/Assets/Styles/WaitingSignInPanel.uss - Importer: ScriptedImporter/UnityEditor.QuickSearchModule:UnityEditor.Search:ASIAI0B
Importing 'GUID: 90945345530e7174eb4f0575a0bec0bf - Path: Packages/com.unity.collab-proxy/Editor/Assets/Styles/WaitingSignInPanel.uss - Importer: ScriptedImporter/UnityEditor.QuickSearchModule:UnityEditor.Search:ASIAI0B' with importer (ScriptedImporter : UnityEditor.QuickSearchModule:UnityEditor.Search:ASIAI0B)
Imported 'GUID: 90945345530e7174eb4f0575a0bec0bf' -> (Import Result ID: 'fed4081bd85708cc7a88402f044610c6') in 0.029 seconds [static and dynamic dependencies]. Details - ImportResultOutputID=9a5e2133709d202f120e0730cf74ca58 DependenciesID=ed2a11bae14b140f77cb9160818c818b StaticDependenciesID=0d15a769da3ca7c27d4bbd7656e2eccd 
Number of updated asset objects reloaded before import = 0
Number of asset objects unloaded after import = 2
========================================================================
Received Import Request.
  Time of request: 2026-10-09T14:09:48.2044Z
  Time since last request: 0.000336688 seconds.
  importAddress: GUID: e73eb87336d0d0846a48f288248f52eb - Path: Packages/com.unity.collab-proxy/Editor/Assets/Images/iconretainedoverlay.png - Importer: ScriptedImporter/UnityEditor.QuickSearchModule:UnityEditor.Search:ASIAI0B
Importing 'GUID: e73eb87336d0d0846a48f288248f52eb - Path: Packages/com.unity.collab-proxy/Editor/Assets/Images/iconretainedoverlay.png - Importer: ScriptedImporter/UnityEditor.QuickSearchModule:UnityEditor.Search:ASIAI0B' with importer (ScriptedImporter : UnityEditor.QuickSearchModule:UnityEditor.Search:ASIAI0B)
Imported 'GUID: e73eb87336d0d0846a48f288248f52eb' -> (Import Result ID: '7c03d919352f5204ac1a5e7652d1f66a') in 0.004 seconds [static and dynamic dependencies]. Details - ImportResultOutputID=92c6d5203eae3ec9b620572c7812b572 DependenciesID=324f8385a2979ad759ff810305665938 StaticDependenciesID=1a8315f2dd9af1b104271cd0343f11e3 
Number of updated asset objects reloaded before import = 0
Number of asset objects unloaded after import = 3
========================================================================
Received Import Request.
  Time of request: 2026-10-09T14:09:48.215649Z
  Time since last request: 0.000327381 seconds.
  importAddress: GUID: b77071fd36e946809b40d79e6ba9fe8a - Path: Packages/com.unity.collab-proxy/Editor/AssetsUtils/Processor/UnityCloudProjectLinkMonitor.cs - Importer: ScriptedImporter/UnityEditor.QuickSearchModule:UnityEditor.Search:ASIAI0B
Importing 'GUID: b77071fd36e946809b40d79e6ba9fe8a - Path: Packages/com.unity.collab-proxy/Editor/AssetsUtils/Processor/UnityCloudProjectLinkMonitor.cs - Importer: ScriptedImporter/UnityEditor.QuickSearchModule:UnityEditor.Search:ASIAI0B' with importer (ScriptedImporter : UnityEditor.QuickSearchModule:UnityEditor.Search:ASIAI0B)
Imported 'GUID: b77071fd36e946809b40d79e6ba9fe8a' -> (Import Result ID: 'bec57ffe76487f5187af224a7af293f8') in 0.002 seconds [static and dynamic dependencies]. Details - ImportResultOutputID=25c319bf94323641155109fb36e420cb DependenciesID=a77d45a547283e7f78f0357ed940094f StaticDependenciesID=f512f7e94e809919f8af3307f1970575 
Number of updated asset objects reloaded before import = 0
Number of asset objects unloaded after import = 0
========================================================================
Received Import Request.
  Time of request: 2026-10-09T14:09:48.224448Z
  Time since last request: 0.000233826 seconds.
  importAddress: GUID: b1b37c2733b68854ba004ff712ef849f - Path: Packages/com.unity.collab-proxy/Editor/Assets/Images/iconshelve.png - Importer: ScriptedImporter/UnityEditor.QuickSearchModule:UnityEditor.Search:ASIAI0B
Importing 'GUID: b1b37c2733b68854ba004ff712ef849f - Path: Packages/com.unity.collab-proxy/Editor/Assets/Images/iconshelve.png - Importer: ScriptedImporter/UnityEditor.QuickSearchModule:UnityEditor.Search:ASIAI0B' with importer (ScriptedImporter : UnityEditor.QuickSearchModule:UnityEditor.Search:ASIAI0B)
Imported 'GUID: b1b37c2733b68854ba004ff712ef849f' -> (Import Result ID: '83013974e20eb40cde0aba548eb6b669') in 0.003 seconds [static and dynamic dependencies]. Details - ImportResultOutputID=b9807565848d309568222abfb553b147 DependenciesID=13ce912b71bd2561a7f46df7cbf36635 StaticDependenciesID=22cccd72b97431fe72006d1fb305886a 
Number of updated asset objects reloaded before import = 0
Number of asset objects unloaded after import = 3
========================================================================
Received Import Request.
  Time of request: 2026-10-09T14:09:48.234633Z
  Time since last request: 0.000252932 seconds.
  importAddress: GUID: d4780dc1205c7c7478c970d8c61d24e8 - Path: Packages/com.unity.collab-proxy/Editor/Assets/Images/stepok.png - Importer: ScriptedImporter/UnityEditor.QuickSearchModule:UnityEditor.Search:ASIAI0B
Importing 'GUID: d4780dc1205c7c7478c970d8c61d24e8 - Path: Packages/com.unity.collab-proxy/Editor/Assets/Images/stepok.png - Importer: ScriptedImporter/UnityEditor.QuickSearchModule:UnityEditor.Search:ASIAI0B' with importer (ScriptedImporter : UnityEditor.QuickSearchModule:UnityEditor.Search:ASIAI0B)
Imported 'GUID: d4780dc1205c7c7478c970d8c61d24e8' -> (Import Result ID: 'aa930855ebf82e44a509a1f13b6ca431') in 0.003 seconds [static and dynamic dependencies]. Details - ImportResultOutputID=ce5eb4e9dc5c0eedacd475bbcd81bbb6 DependenciesID=65b2fb041c734d53c7ac1ca8c649c32a StaticDependenciesID=bc1c58d38fcf91654dee8f8cef7b022a 
Number of updated asset objects reloaded before import = 0
Number of asset objects unloaded after import = 1
========================================================================
Received Import Request.
  Time of request: 2026-10-09T14:09:48.24475Z
  Time since last request: 0.000403894 seconds.
  importAddress: GUID: d0a8e201e79e1f441bdf295aef957220 - Path: Packages/com.unity.collab-proxy/Editor/Assets/Layouts/TabView.uxml - Importer: ScriptedImporter/UnityEditor.QuickSearchModule:UnityEditor.Search:ASIAI0B
Importing 'GUID: d0a8e201e79e1f441bdf295aef957220 - Path: Packages/com.unity.collab-proxy/Editor/Assets/Layouts/TabView.uxml - Importer: ScriptedImporter/UnityEditor.QuickSearchModule:UnityEditor.Search:ASIAI0B' with importer (ScriptedImporter : UnityEditor.QuickSearchModule:UnityEditor.Search:ASIAI0B)
Imported 'GUID: d0a8e201e79e1f441bdf295aef957220' -> (Import Result ID: '5decdfc8a32d3ccc70c016961334d9bb') in 0.046 seconds [static and dynamic dependencies]. Details - ImportResultOutputID=881218dacfcde332cbf456aa0492f176 DependenciesID=098e33717f6dc18d402b96e0fb515f6f StaticDependenciesID=2d51e09270bf505b4d4b42abbff6521e 
Number of updated asset objects reloaded before import = 0
Number of asset objects unloaded after import = 2
========================================================================
Received Import Request.
  Time of request: 2026-10-09T14:09:48.298082Z
  Time since last request: 0.000201446 seconds.
  importAddress: GUID: cd0b17b71a5c498428ee91dee8a78a88 - Path: Packages/com.unity.collab-proxy/Editor/Assets/Images/step2.png - Importer: ScriptedImporter/UnityEditor.QuickSearchModule:UnityEditor.Search:ASIAI0B
Importing 'GUID: cd0b17b71a5c498428ee91dee8a78a88 - Path: Packages/com.unity.collab-proxy/Editor/Assets/Images/step2.png - Importer: ScriptedImporter/UnityEditor.QuickSearchModule:UnityEditor.Search:ASIAI0B' with importer (ScriptedImporter : UnityEditor.QuickSearchModule:UnityEditor.Search:ASIAI0B)
Imported 'GUID: cd0b17b71a5c498428ee91dee8a78a88' -> (Import Result ID: '47739ea31230fb2f6a2abb68144c9147') in 0.003 seconds [static and dynamic dependencies]. Details - ImportResultOutputID=1ebc9baabdc05ef2fb993ef3119f4b91 DependenciesID=3439695164d44497b01c6de61583890c StaticDependenciesID=0cecfa0dc7d32ed2e9dcf3438c921ba3 
Number of updated asset objects reloaded before import = 0
Number of asset objects unloaded after import = 1
========================================================================
Received Import Request.
  Time of request: 2026-10-09T14:09:48.307793Z
  Time since last request: 0.000396811 seconds.
  importAddress: GUID: 0dfbb2b6ddcdd254da80e3418498b3a6 - Path: Packages/com.unity.collab-proxy/Editor/Assets/Images/iconundo@2x.png - Importer: ScriptedImporter/UnityEditor.QuickSearchModule:UnityEditor.Search:ASIAI0B
Importing 'GUID: 0dfbb2b6ddcdd254da80e3418498b3a6 - Path: Packages/com.unity.collab-proxy/Editor/Assets/Images/iconundo@2x.png - Importer: ScriptedImporter/UnityEditor.QuickSearchModule:UnityEditor.Search:ASIAI0B' with importer (ScriptedImporter : UnityEditor.QuickSearchModule:UnityEditor.Search:ASIAI0B)
Imported 'GUID: 0dfbb2b6ddcdd254da80e3418498b3a6' -> (Import Result ID: '7c07b030ff66fbd32babe7c3d5ed6bb2') in 0.003 seconds [static and dynamic dependencies]. Details - ImportResultOutputID=f5e3b9810ea6fa29f441ca34ce1a3c65 DependenciesID=e72f9ff89da8c756df083edf5eb98c8c StaticDependenciesID=71492340d5db2a398133afe7bcfb3d3d 
Number of updated asset objects reloaded before import = 0
Number of asset objects unloaded after import = 1
========================================================================
Received Import Request.
  Time of request: 2026-10-09T14:09:48.319477Z
  Time since last request: 0.000298066 seconds.
  importAddress: GUID: 92c1d3e4bce3245e98922b64c6c91c29 - Path: Packages/com.unity.collab-proxy/Editor/Assistant/Tools/ChangesetTools.cs - Importer: ScriptedImporter/UnityEditor.QuickSearchModule:UnityEditor.Search:ASIAI0B
Importing 'GUID: 92c1d3e4bce3245e98922b64c6c91c29 - Path: Packages/com.unity.collab-proxy/Editor/Assistant/Tools/ChangesetTools.cs - Importer: ScriptedImporter/UnityEditor.QuickSearchModule:UnityEditor.Search:ASIAI0B' with importer (ScriptedImporter : UnityEditor.QuickSearchModule:UnityEditor.Search:ASIAI0B)
Imported 'GUID: 92c1d3e4bce3245e98922b64c6c91c29' -> (Import Result ID: '8fdd776fdda9812496fb38b33f0c94cf') in 0.002 seconds [static and dynamic dependencies]. Details - ImportResultOutputID=49d76e27b6ccc980b122c1bd6a3a9112 DependenciesID=9fe0c88dc5eeeb3c71c301cd9b6bd4dc StaticDependenciesID=0eb15f56e9c08b1306dba4e888b5da9d 
Number of updated asset objects reloaded before import = 0
Number of asset objects unloaded after import = 0
========================================================================
Received Import Request.
  Time of request: 2026-10-09T14:09:48.327961Z
  Time since last request: 0.000560236 seconds.
  importAddress: GUID: e05b9be8556f5ae41aa78140b83146d5 - Path: Packages/com.unity.collab-proxy/Editor/Assets/Styles/ProgressControlsForDialogs.uss - Importer: ScriptedImporter/UnityEditor.QuickSearchModule:UnityEditor.Search:ASIAI0B
Importing 'GUID: e05b9be8556f5ae41aa78140b83146d5 - Path: Packages/com.unity.collab-proxy/Editor/Assets/Styles/ProgressControlsForDialogs.uss - Importer: ScriptedImporter/UnityEditor.QuickSearchModule:UnityEditor.Search:ASIAI0B' with importer (ScriptedImporter : UnityEditor.QuickSearchModule:UnityEditor.Search:ASIAI0B)
Imported 'GUID: e05b9be8556f5ae41aa78140b83146d5' -> (Import Result ID: '37d702d4500f62ef182556ff5d9eee4c') in 0.003 seconds [static and dynamic dependencies]. Details - ImportResultOutputID=be95938ee25382a6694fdef4a5eec56b DependenciesID=84fed522f1e79ad31ae61046318fdd95 StaticDependenciesID=338a292a79f124a0ba98e641d331665c 
Number of updated asset objects reloaded before import = 0
Number of asset objects unloaded after import = 2
========================================================================
Received Import Request.
  Time of request: 2026-10-09T14:09:48.338123Z
  Time since last request: 0.000324826 seconds.
  importAddress: GUID: 1cd69f37df825af4385cd9efe745fc30 - Path: Packages/com.unity.collab-proxy/Editor/Assets/Styles/TeamEditionConfigurationWindow.uss - Importer: ScriptedImporter/UnityEditor.QuickSearchModule:UnityEditor.Search:ASIAI0B
Importing 'GUID: 1cd69f37df825af4385cd9efe745fc30 - Path: Packages/com.unity.collab-proxy/Editor/Assets/Styles/TeamEditionConfigurationWindow.uss - Importer: ScriptedImporter/UnityEditor.QuickSearchModule:UnityEditor.Search:ASIAI0B' with importer (ScriptedImporter : UnityEditor.QuickSearchModule:UnityEditor.Search:ASIAI0B)
Imported 'GUID: 1cd69f37df825af4385cd9efe745fc30' -> (Import Result ID: '6d8b74ea9034a532ce4d1f4887789167') in 0.002 seconds [static and dynamic dependencies]. Details - ImportResultOutputID=45fa68ddf0961c57bd83be24260c9a39 DependenciesID=8f5d5eaaed53807afb7ae1421b86ba13 StaticDependenciesID=d41eaf08848efb9ced797930c5c2b325 
Number of updated asset objects reloaded before import = 0
Number of asset objects unloaded after import = 2
========================================================================
Received Import Request.
  Time of request: 2026-10-09T14:09:48.34838Z
  Time since last request: 0.000430283 seconds.
  importAddress: GUID: 0029170d14ce6c04c9f45c22cdae5559 - Path: Packages/com.unity.collab-proxy/Editor/Assets/Images/step2@2x.png - Importer: ScriptedImporter/UnityEditor.QuickSearchModule:UnityEditor.Search:ASIAI0B
Importing 'GUID: 0029170d14ce6c04c9f45c22cdae5559 - Path: Packages/com.unity.collab-proxy/Editor/Assets/Images/step2@2x.png - Importer: ScriptedImporter/UnityEditor.QuickSearchModule:UnityEditor.Search:ASIAI0B' with importer (ScriptedImporter : UnityEditor.QuickSearchModule:UnityEditor.Search:ASIAI0B)
Imported 'GUID: 0029170d14ce6c04c9f45c22cdae5559' -> (Import Result ID: 'fdf1fccd0ba2b9075a468f9e536e1e07') in 0.003 seconds [static and dynamic dependencies]. Details - ImportResultOutputID=1f4c6dc7ca1538b829c4817184bfc59e DependenciesID=f4ea150bbf32b06005cbbeca12c84029 StaticDependenciesID=55b87e10c725dae686d6454cae3b2ee4 
Number of updated asset objects reloaded before import = 0
Number of asset objects unloaded after import = 1
========================================================================
Received Import Request.
  Time of request: 2026-10-09T14:09:48.358008Z
  Time since last request: 0.000348411 seconds.
  importAddress: GUID: 6f6a4c6bd7cdc654d9d91f7de72afcb6 - Path: Packages/com.unity.collab-proxy/Editor/Assets/Images/refresh.png - Importer: ScriptedImporter/UnityEditor.QuickSearchModule:UnityEditor.Search:ASIAI0B
Importing 'GUID: 6f6a4c6bd7cdc654d9d91f7de72afcb6 - Path: Packages/com.unity.collab-proxy/Editor/Assets/Images/refresh.png - Importer: ScriptedImporter/UnityEditor.QuickSearchModule:UnityEditor.Search:ASIAI0B' with importer (ScriptedImporter : UnityEditor.QuickSearchModule:UnityEditor.Search:ASIAI0B)
Imported 'GUID: 6f6a4c6bd7cdc654d9d91f7de72afcb6' -> (Import Result ID: '62e89553f308e7a0d7908f9c94ee5c58') in 0.004 seconds [static and dynamic dependencies]. Details - ImportResultOutputID=97b72e1b77539bcd745b3ef303eb010e DependenciesID=69f67f2f544d62f6b6704d39958c9861 StaticDependenciesID=b3c5afe0e7723ca05f2fce321be02e23 
Number of updated asset objects reloaded before import = 0
Number of asset objects unloaded after import = 1
========================================================================
Received Import Request.
  Time of request: 2026-10-09T14:09:48.368197Z
  Time since last request: 0.000500624 seconds.
  importAddress: GUID: fdec637f96aaa6546ad88a90cae5dcf1 - Path: Packages/com.unity.collab-proxy/Editor/AssetsUtils/Processor/WorkspaceOperationsMonitor.cs - Importer: ScriptedImporter/UnityEditor.QuickSearchModule:UnityEditor.Search:ASIAI0B
Importing 'GUID: fdec637f96aaa6546ad88a90cae5dcf1 - Path: Packages/com.unity.collab-proxy/Editor/AssetsUtils/Processor/WorkspaceOperationsMonitor.cs - Importer: ScriptedImporter/UnityEditor.QuickSearchModule:UnityEditor.Search:ASIAI0B' with importer (ScriptedImporter : UnityEditor.QuickSearchModule:UnityEditor.Search:ASIAI0B)
Imported 'GUID: fdec637f96aaa6546ad88a90cae5dcf1' -> (Import Result ID: '4deb9e4bd7359cf021d08c99b58df879') in 0.002 seconds [static and dynamic dependencies]. Details - ImportResultOutputID=1d3a7c87ad71cdbe519981c44221ac8a DependenciesID=a0a8b33e216dcf77961a0be4347d1db7 StaticDependenciesID=6d10978d1e2de017750f68b4c85a2353 
Number of updated asset objects reloaded before import = 0
Number of asset objects unloaded after import = 0
========================================================================
Received Import Request.
  Time of request: 2026-10-09T14:09:48.378829Z
  Time since last request: 0.000286865 seconds.
  importAddress: GUID: 8b317c5d61224f9d9a2210d02cd11fc5 - Path: Packages/com.unity.collab-proxy/Editor/Assistant/Tools/BranchTools.cs - Importer: ScriptedImporter/UnityEditor.QuickSearchModule:UnityEditor.Search:ASIAI0B
Importing 'GUID: 8b317c5d61224f9d9a2210d02cd11fc5 - Path: Packages/com.unity.collab-proxy/Editor/Assistant/Tools/BranchTools.cs - Importer: ScriptedImporter/UnityEditor.QuickSearchModule:UnityEditor.Search:ASIAI0B' with importer (ScriptedImporter : UnityEditor.QuickSearchModule:UnityEditor.Search:ASIAI0B)
Imported 'GUID: 8b317c5d61224f9d9a2210d02cd11fc5' -> (Import Result ID: '38b442710ad17fe22a8a430565e9dd85') in 0.002 seconds [static and dynamic dependencies]. Details - ImportResultOutputID=95a4a7179d6249ca99bf06f176c9f145 DependenciesID=09a3f13672caf00e61d863216e945fc7 StaticDependenciesID=e6e5e435dc6e29ae41552b2cdb752a5b 
Number of updated asset objects reloaded before import = 0
Number of asset objects unloaded after import = 0
========================================================================
Received Import Request.
  Time of request: 2026-10-09T14:09:48.388293Z
  Time since last request: 0.000457885 seconds.
  importAddress: GUID: 36e6970b84831434a9eac79abd03700b - Path: Packages/com.unity.collab-proxy/Editor/Assets/Images/step3@2x.png - Importer: ScriptedImporter/UnityEditor.QuickSearchModule:UnityEditor.Search:ASIAI0B
Importing 'GUID: 36e6970b84831434a9eac79abd03700b - Path: Packages/com.unity.collab-proxy/Editor/Assets/Images/step3@2x.png - Importer: ScriptedImporter/UnityEditor.QuickSearchModule:UnityEditor.Search:ASIAI0B' with importer (ScriptedImporter : UnityEditor.QuickSearchModule:UnityEditor.Search:ASIAI0B)
Imported 'GUID: 36e6970b84831434a9eac79abd03700b' -> (Import Result ID: '832331cb06fd432d07b17ca149857158') in 0.005 seconds [static and dynamic dependencies]. Details - ImportResultOutputID=93d92962b78a1061f1df8db5b5f1d5f0 DependenciesID=5a4389602430d8c62f40a607cda8d436 StaticDependenciesID=9a20ee91f2315bd03d82bbfb2d9a3941 
Number of updated asset objects reloaded before import = 0
Number of asset objects unloaded after import = 1
========================================================================
Received Import Request.
  Time of request: 2026-10-09T14:09:48.400193Z
  Time since last request: 0.000260115 seconds.
  importAddress: GUID: 69899ed144c8eea4baea48b858b37746 - Path: Packages/com.unity.collab-proxy/Editor/Assets/Images/step3.png - Importer: ScriptedImporter/UnityEditor.QuickSearchModule:UnityEditor.Search:ASIAI0B
Importing 'GUID: 69899ed144c8eea4baea48b858b37746 - Path: Packages/com.unity.collab-proxy/Editor/Assets/Images/step3.png - Importer: ScriptedImporter/UnityEditor.QuickSearchModule:UnityEditor.Search:ASIAI0B' with importer (ScriptedImporter : UnityEditor.QuickSearchModule:UnityEditor.Search:ASIAI0B)
Imported 'GUID: 69899ed144c8eea4baea48b858b37746' -> (Import Result ID: '32359395f4a398e2de69658081509296') in 0.003 seconds [static and dynamic dependencies]. Details - ImportResultOutputID=3b239d3d77008d44c179bc7a0e6da2d4 DependenciesID=897a8024f0c01633b491cadf9c38aa77 StaticDependenciesID=2fe11b611ee1895fb242cbb7691d6426 
Number of updated asset objects reloaded before import = 0
Number of asset objects unloaded after import = 1
========================================================================
Received Import Request.
  Time of request: 2026-10-09T14:09:48.410482Z
  Time since last request: 0.000390679 seconds.
  importAddress: GUID: af0b1b09645584728aee1e67a2308ae2 - Path: Packages/com.unity.collab-proxy/Editor/Assistant/Tools/HistoryTools.cs - Importer: ScriptedImporter/UnityEditor.QuickSearchModule:UnityEditor.Search:ASIAI0B
Importing 'GUID: af0b1b09645584728aee1e67a2308ae2 - Path: Packages/com.unity.collab-proxy/Editor/Assistant/Tools/HistoryTools.cs - Importer: ScriptedImporter/UnityEditor.QuickSearchModule:UnityEditor.Search:ASIAI0B' with importer (ScriptedImporter : UnityEditor.QuickSearchModule:UnityEditor.Search:ASIAI0B)
Imported 'GUID: af0b1b09645584728aee1e67a2308ae2' -> (Import Result ID: 'e9c6315783a23acf843469785e804eed') in 0.001 seconds [static and dynamic dependencies]. Details - ImportResultOutputID=8483b93a165e5e0cbb3b2423fcc0eee6 DependenciesID=f23a9546ae0cbd172304b73607df6efc StaticDependenciesID=2ef1c682dfe78c93163e8dc4e576b7db 
Number of updated asset objects reloaded before import = 0
Number of asset objects unloaded after import = 0
========================================================================
Received Import Request.
  Time of request: 2026-10-09T14:09:48.419184Z
  Time since last request: 0.000316902 seconds.
  importAddress: GUID: bf9a3e542f66af64a80a6631aa93e516 - Path: Packages/com.unity.collab-proxy/Editor/Assets/Images/iconzoomin.png - Importer: ScriptedImporter/UnityEditor.QuickSearchModule:UnityEditor.Search:ASIAI0B
Importing 'GUID: bf9a3e542f66af64a80a6631aa93e516 - Path: Packages/com.unity.collab-proxy/Editor/Assets/Images/iconzoomin.png - Importer: ScriptedImporter/UnityEditor.QuickSearchModule:UnityEditor.Search:ASIAI0B' with importer (ScriptedImporter : UnityEditor.QuickSearchModule:UnityEditor.Search:ASIAI0B)
Imported 'GUID: bf9a3e542f66af64a80a6631aa93e516' -> (Import Result ID: 'fa9da6c518c6f83ff549632e72f5bd58') in 0.004 seconds [static and dynamic dependencies]. Details - ImportResultOutputID=e459d19a91c42dd4e947e617ee0fb082 DependenciesID=72312d280f8d2dd2932788c54846fdd4 StaticDependenciesID=22156f663c7a72e1c570facb4bb7972e 
Number of updated asset objects reloaded before import = 0
Number of asset objects unloaded after import = 3
========================================================================
Received Import Request.
  Time of request: 2026-10-09T14:09:48.431512Z
  Time since last request: 0.000463666 seconds.
  importAddress: GUID: 695fbddd7238dc94c8f102d9191c2886 - Path: Packages/com.unity.collab-proxy/Editor/Assets/Images/iconshelve@2x.png - Importer: ScriptedImporter/UnityEditor.QuickSearchModule:UnityEditor.Search:ASIAI0B
Importing 'GUID: 695fbddd7238dc94c8f102d9191c2886 - Path: Packages/com.unity.collab-proxy/Editor/Assets/Images/iconshelve@2x.png - Importer: ScriptedImporter/UnityEditor.QuickSearchModule:UnityEditor.Search:ASIAI0B' with importer (ScriptedImporter : UnityEditor.QuickSearchModule:UnityEditor.Search:ASIAI0B)
Imported 'GUID: 695fbddd7238dc94c8f102d9191c2886' -> (Import Result ID: '8bdd1a6e75ed30c11bab6650b9a92692') in 0.004 seconds [static and dynamic dependencies]. Details - ImportResultOutputID=4a717b45e31e61924bbdf7fa0ea4a006 DependenciesID=c12cb38c0e30dc556d876454a3045892 StaticDependenciesID=1ba423301422d949b44551a4fbd0058d 
Number of updated asset objects reloaded before import = 0
Number of asset objects unloaded after import = 3
========================================================================
Received Import Request.
  Time of request: 2026-10-09T14:09:48.454108Z
  Time since last request: 0.011866952 seconds.
  importAddress: GUID: c75b18825b89d4e2485182ab4ea5ddda - Path: Packages/com.unity.collab-proxy/Editor/CodeEditor/Document/OffsetChangeMap.cs - Importer: ScriptedImporter/UnityEditor.QuickSearchModule:UnityEditor.Search:ASIAI0B
Importing 'GUID: c75b18825b89d4e2485182ab4ea5ddda - Path: Packages/com.unity.collab-proxy/Editor/CodeEditor/Document/OffsetChangeMap.cs - Importer: ScriptedImporter/UnityEditor.QuickSearchModule:UnityEditor.Search:ASIAI0B' with importer (ScriptedImporter : UnityEditor.QuickSearchModule:UnityEditor.Search:ASIAI0B)
Imported 'GUID: c75b18825b89d4e2485182ab4ea5ddda' -> (Import Result ID: 'cb7cee2bd2926158fe97f79524ef404a') in 0.001 seconds [static and dynamic dependencies]. Details - ImportResultOutputID=cae1981465453616019659d78a156182 DependenciesID=68650bf50e1bb67e53dd226a9bc87634 StaticDependenciesID=8653f7bdd158868841db8df92fb4720e 
Number of updated asset objects reloaded before import = 0
Number of asset objects unloaded after import = 0
========================================================================
Received Import Request.
  Time of request: 2026-10-09T14:09:48.462506Z
  Time since last request: 0.000407912 seconds.
  importAddress: GUID: aba34a0d0084f48f19b98ac1c78902b5 - Path: Packages/com.unity.collab-proxy/Editor/CodeEditor/Document/DocumentLine.LineNode.cs - Importer: ScriptedImporter/UnityEditor.QuickSearchModule:UnityEditor.Search:ASIAI0B
Importing 'GUID: aba34a0d0084f48f19b98ac1c78902b5 - Path: Packages/com.unity.collab-proxy/Editor/CodeEditor/Document/DocumentLine.LineNode.cs - Importer: ScriptedImporter/UnityEditor.QuickSearchModule:UnityEditor.Search:ASIAI0B' with importer (ScriptedImporter : UnityEditor.QuickSearchModule:UnityEditor.Search:ASIAI0B)
Imported 'GUID: aba34a0d0084f48f19b98ac1c78902b5' -> (Import Result ID: '958a02d12c8b5e867560d0c8430d86d5') in 0.001 seconds [static and dynamic dependencies]. Details - ImportResultOutputID=1c46479c059a8a3f9b05ea2fd61724b3 DependenciesID=8fa205c6c1be3879837e9f4fe6a8706b StaticDependenciesID=269ef7c13dac44f654266842c7d7c449 
Number of updated asset objects reloaded before import = 0
Number of asset objects unloaded after import = 0
========================================================================
Received Import Request.
  Time of request: 2026-10-09T14:09:48.470885Z
  Time since last request: 0.000378617 seconds.
  importAddress: GUID: 60ba29b8797e46d7968dd0be1ae27bb0 - Path: Packages/com.unity.collab-proxy/Editor/Assistant/Tools/UnityVersionControlApiProvider.cs - Importer: ScriptedImporter/UnityEditor.QuickSearchModule:UnityEditor.Search:ASIAI0B
Importing 'GUID: 60ba29b8797e46d7968dd0be1ae27bb0 - Path: Packages/com.unity.collab-proxy/Editor/Assistant/Tools/UnityVersionControlApiProvider.cs - Importer: ScriptedImporter/UnityEditor.QuickSearchModule:UnityEditor.Search:ASIAI0B' with importer (ScriptedImporter : UnityEditor.QuickSearchModule:UnityEditor.Search:ASIAI0B)
Imported 'GUID: 60ba29b8797e46d7968dd0be1ae27bb0' -> (Import Result ID: '138968baff77d310b24adc1495d35e50') in 0.002 seconds [static and dynamic dependencies]. Details - ImportResultOutputID=f9349ab6f105044e50fc420cf32ab86e DependenciesID=ec95afac06f52954456a6f07bb936a82 StaticDependenciesID=52259e3f9e83c13770a311e2da111482 
Number of updated asset objects reloaded before import = 0
Number of asset objects unloaded after import = 0
========================================================================
Received Import Request.
  Time of request: 2026-10-09T14:09:48.479845Z
  Time since last request: 0.00044992 seconds.
  importAddress: GUID: fdc8bc956a06142009aad60c2e917c9b - Path: Packages/com.unity.collab-proxy/Editor/CodeEditor/Document/UndoStack.cs - Importer: ScriptedImporter/UnityEditor.QuickSearchModule:UnityEditor.Search:ASIAI0B
Importing 'GUID: fdc8bc956a06142009aad60c2e917c9b - Path: Packages/com.unity.collab-proxy/Editor/CodeEditor/Document/UndoStack.cs - Importer: ScriptedImporter/UnityEditor.QuickSearchModule:UnityEditor.Search:ASIAI0B' with importer (ScriptedImporter : UnityEditor.QuickSearchModule:UnityEditor.Search:ASIAI0B)
Imported 'GUID: fdc8bc956a06142009aad60c2e917c9b' -> (Import Result ID: '4550a5bad15c9ec84ba21f2853d8371e') in 0.001 seconds [static and dynamic dependencies]. Details - ImportResultOutputID=a87e52eaecfe7956f38e9d84c940531d DependenciesID=01bb98156fdb59e9491f93f53f87ffcd StaticDependenciesID=06d14a213adecf1d494d5cded88b7a7b 
Number of updated asset objects reloaded before import = 0
Number of asset objects unloaded after import = 0
========================================================================
Received Import Request.
  Time of request: 2026-10-09T14:09:48.488142Z
  Time since last request: 0.000337269 seconds.
  importAddress: GUID: 62446cb4d55e74ea999402dc661a65bf - Path: Packages/com.unity.collab-proxy/Editor/CodeEditor/Document/TextDocument.cs - Importer: ScriptedImporter/UnityEditor.QuickSearchModule:UnityEditor.Search:ASIAI0B
Importing 'GUID: 62446cb4d55e74ea999402dc661a65bf - Path: Packages/com.unity.collab-proxy/Editor/CodeEditor/Document/TextDocument.cs - Importer: ScriptedImporter/UnityEditor.QuickSearchModule:UnityEditor.Search:ASIAI0B' with importer (ScriptedImporter : UnityEditor.QuickSearchModule:UnityEditor.Search:ASIAI0B)
Imported 'GUID: 62446cb4d55e74ea999402dc661a65bf' -> (Import Result ID: 'fa684fcf070972777511db0b3954c209') in 0.002 seconds [static and dynamic dependencies]. Details - ImportResultOutputID=f691df55da43f17a79d9a4c922c9ba41 DependenciesID=48bf7ab1959057bd27a321247a2b8544 StaticDependenciesID=86209c9677a0b8e3cf0c42c9b7be5b7f 
Number of updated asset objects reloaded before import = 0
Number of asset objects unloaded after import = 0
========================================================================
Received Import Request.
  Time of request: 2026-10-09T14:09:48.496951Z
  Time since last request: 0.000344403 seconds.
  importAddress: GUID: 719f01626c14c440c852febfcc5ecf9d - Path: Packages/com.unity.collab-proxy/Editor/CodeEditor/Document/DocumentChangedEventArgs.cs - Importer: ScriptedImporter/UnityEditor.QuickSearchModule:UnityEditor.Search:ASIAI0B
Importing 'GUID: 719f01626c14c440c852febfcc5ecf9d - Path: Packages/com.unity.collab-proxy/Editor/CodeEditor/Document/DocumentChangedEventArgs.cs - Importer: ScriptedImporter/UnityEditor.QuickSearchModule:UnityEditor.Search:ASIAI0B' with importer (ScriptedImporter : UnityEditor.QuickSearchModule:UnityEditor.Search:ASIAI0B)
Imported 'GUID: 719f01626c14c440c852febfcc5ecf9d' -> (Import Result ID: '03a6c3288286f1f99354ee6bed92ddbb') in 0.001 seconds [static and dynamic dependencies]. Details - ImportResultOutputID=7a3e4acd1d9119f1aec2eac1a91b9b68 DependenciesID=9b79a5d8c95f03a6997ce03413728ba6 StaticDependenciesID=d81200efe7be0e26d1e3cc9f18158924 
Number of updated asset objects reloaded before import = 0
Number of asset objects unloaded after import = 0
========================================================================
Received Import Request.
  Time of request: 2026-10-09T14:09:48.505522Z
  Time since last request: 0.000475968 seconds.
  importAddress: GUID: a4dab1ebc3086c245ad199490a29637f - Path: Packages/com.unity.collab-proxy/Editor/CloudDrive/CreateWorkspace/CreateWorkspaceView.cs - Importer: ScriptedImporter/UnityEditor.QuickSearchModule:UnityEditor.Search:ASIAI0B
Importing 'GUID: a4dab1ebc3086c245ad199490a29637f - Path: Packages/com.unity.collab-proxy/Editor/CloudDrive/CreateWorkspace/CreateWorkspaceView.cs - Importer: ScriptedImporter/UnityEditor.QuickSearchModule:UnityEditor.Search:ASIAI0B' with importer (ScriptedImporter : UnityEditor.QuickSearchModule:UnityEditor.Search:ASIAI0B)
Imported 'GUID: a4dab1ebc3086c245ad199490a29637f' -> (Import Result ID: '0a17bb00530d4ff03f967cfcb3452e6a') in 0.002 seconds [static and dynamic dependencies]. Details - ImportResultOutputID=e56c91d7415f3a9fd0a17a9156610689 DependenciesID=1247ed9d230388451d4fec4e66d0b3b2 StaticDependenciesID=36f6a1bc9afa29e9c8ca7203e60dc34c 
Number of updated asset objects reloaded before import = 0
Number of asset objects unloaded after import = 0
========================================================================
Received Import Request.
  Time of request: 2026-10-09T14:09:48.514613Z
  Time since last request: 0.000288699 seconds.
  importAddress: GUID: a287a16eb8f0400e86cec102678ab7a5 - Path: Packages/com.unity.collab-proxy/Editor/CloudDrive/CreateWorkspace/CollaboratorsListViewItem.cs - Importer: ScriptedImporter/UnityEditor.QuickSearchModule:UnityEditor.Search:ASIAI0B
Importing 'GUID: a287a16eb8f0400e86cec102678ab7a5 - Path: Packages/com.unity.collab-proxy/Editor/CloudDrive/CreateWorkspace/CollaboratorsListViewItem.cs - Importer: ScriptedImporter/UnityEditor.QuickSearchModule:UnityEditor.Search:ASIAI0B' with importer (ScriptedImporter : UnityEditor.QuickSearchModule:UnityEditor.Search:ASIAI0B)
Imported 'GUID: a287a16eb8f0400e86cec102678ab7a5' -> (Import Result ID: 'dd2def148f49c3978e2f0e6cf234c7ed') in 0.001 seconds [static and dynamic dependencies]. Details - ImportResultOutputID=ff857e282d34c29e4b875e030128478a DependenciesID=2e83ff22f64f64166eaf5246fc8326c4 StaticDependenciesID=853b9130e63d95730d50f9ee7a2f8194 
Number of updated asset objects reloaded before import = 0
Number of asset objects unloaded after import = 0
========================================================================
Received Import Request.
  Time of request: 2026-10-09T14:09:48.522857Z
  Time since last request: 0.000365092 seconds.
  importAddress: GUID: c368b48e7c623484ba454c98a9734955 - Path: Packages/com.unity.collab-proxy/Editor/CloudDrive/ShareWorkspace/ShareWorkspacePanel.cs - Importer: ScriptedImporter/UnityEditor.QuickSearchModule:UnityEditor.Search:ASIAI0B
Importing 'GUID: c368b48e7c623484ba454c98a9734955 - Path: Packages/com.unity.collab-proxy/Editor/CloudDrive/ShareWorkspace/ShareWorkspacePanel.cs - Importer: ScriptedImporter/UnityEditor.QuickSearchModule:UnityEditor.Search:ASIAI0B' with importer (ScriptedImporter : UnityEditor.QuickSearchModule:UnityEditor.Search:ASIAI0B)
Imported 'GUID: c368b48e7c623484ba454c98a9734955' -> (Import Result ID: '9d42532cd124ef945a90ea6a13737b78') in 0.001 seconds [static and dynamic dependencies]. Details - ImportResultOutputID=ad8e2365bd1100c9ddcc9f7095f9b659 DependenciesID=c088d007cb38ebe1bd9f94b5c5d6fa69 StaticDependenciesID=3e9261e272a6013bcc274ad9b3f4e74f 
Number of updated asset objects reloaded before import = 0
Number of asset objects unloaded after import = 0
========================================================================
Received Import Request.
  Time of request: 2026-10-09T14:09:48.531002Z
  Time since last request: 0.000389878 seconds.
  importAddress: GUID: 8d60b8806ad5a453e978d149b4442288 - Path: Packages/com.unity.collab-proxy/Editor/CodeEditor/Document/TextAnchorNode.cs - Importer: ScriptedImporter/UnityEditor.QuickSearchModule:UnityEditor.Search:ASIAI0B
Importing 'GUID: 8d60b8806ad5a453e978d149b4442288 - Path: Packages/com.unity.collab-proxy/Editor/CodeEditor/Document/TextAnchorNode.cs - Importer: ScriptedImporter/UnityEditor.QuickSearchModule:UnityEditor.Search:ASIAI0B' with importer (ScriptedImporter : UnityEditor.QuickSearchModule:UnityEditor.Search:ASIAI0B)
Imported 'GUID: 8d60b8806ad5a453e978d149b4442288' -> (Import Result ID: 'e252ba1ec7ccb4c9e63c0a1c5e519b0a') in 0.001 seconds [static and dynamic dependencies]. Details - ImportResultOutputID=eff82209e0d7c9687284d9e5b2c5a7da DependenciesID=47046907f01d7e21501f42cd8317dd53 StaticDependenciesID=b4eaa46fb3554d4501b46533023bcade 
Number of updated asset objects reloaded before import = 0
Number of asset objects unloaded after import = 0
========================================================================
Received Import Request.
  Time of request: 2026-10-09T14:09:48.538962Z
  Time since last request: 0.000267068 seconds.
  importAddress: GUID: 3ed71107e5b54d4bb42de7103a3577a9 - Path: Packages/com.unity.collab-proxy/Editor/Assistant/Tools/ProjectManagementTools.cs - Importer: ScriptedImporter/UnityEditor.QuickSearchModule:UnityEditor.Search:ASIAI0B
Importing 'GUID: 3ed71107e5b54d4bb42de7103a3577a9 - Path: Packages/com.unity.collab-proxy/Editor/Assistant/Tools/ProjectManagementTools.cs - Importer: ScriptedImporter/UnityEditor.QuickSearchModule:UnityEditor.Search:ASIAI0B' with importer (ScriptedImporter : UnityEditor.QuickSearchModule:UnityEditor.Search:ASIAI0B)
Imported 'GUID: 3ed71107e5b54d4bb42de7103a3577a9' -> (Import Result ID: '95b6e32bddbca303092e6f960e1db3c0') in 0.001 seconds [static and dynamic dependencies]. Details - ImportResultOutputID=f845acd88f3802b937848e9324b3619a DependenciesID=778cd6d730b4e0391625bcf27748d2aa StaticDependenciesID=e151ade7b53c1a351a3da6ff43f790a7 
Number of updated asset objects reloaded before import = 0
Number of asset objects unloaded after import = 0
========================================================================
Received Import Request.
  Time of request: 2026-10-09T14:09:48.547096Z
  Time since last request: 0.000227936 seconds.
  importAddress: GUID: 179af60903151564bb6b3157bce93991 - Path: Packages/com.unity.collab-proxy/Editor/CloudDrive/CreateWorkspace/CreateWorkspaceDialog.cs - Importer: ScriptedImporter/UnityEditor.QuickSearchModule:UnityEditor.Search:ASIAI0B
Importing 'GUID: 179af60903151564bb6b3157bce93991 - Path: Packages/com.unity.collab-proxy/Editor/CloudDrive/CreateWorkspace/CreateWorkspaceDialog.cs - Importer: ScriptedImporter/UnityEditor.QuickSearchModule:UnityEditor.Search:ASIAI0B' with importer (ScriptedImporter : UnityEditor.QuickSearchModule:UnityEditor.Search:ASIAI0B)
Imported 'GUID: 179af60903151564bb6b3157bce93991' -> (Import Result ID: '970fcc8c90a43b03e051b76af7b85a81') in 0.002 seconds [static and dynamic dependencies]. Details - ImportResultOutputID=3d88ca5518eccddbf9b70742e3cd6a15 DependenciesID=06f83858e8af3851276c298287455182 StaticDependenciesID=1e66cb6b61c0e54cc67d6af226f7dfbe 
Number of updated asset objects reloaded before import = 0
Number of asset objects unloaded after import = 0
========================================================================
Received Import Request.
  Time of request: 2026-10-09T14:09:48.556062Z
  Time since last request: 0.000250788 seconds.
  importAddress: GUID: c63e2acf5cfd4816b950cf4bf6381b6f - Path: Packages/com.unity.collab-proxy/Editor/CloudDrive/Workspaces/CloudWorkspacesView.cs - Importer: ScriptedImporter/UnityEditor.QuickSearchModule:UnityEditor.Search:ASIAI0B
Importing 'GUID: c63e2acf5cfd4816b950cf4bf6381b6f - Path: Packages/com.unity.collab-proxy/Editor/CloudDrive/Workspaces/CloudWorkspacesView.cs - Importer: ScriptedImporter/UnityEditor.QuickSearchModule:UnityEditor.Search:ASIAI0B' with importer (ScriptedImporter : UnityEditor.QuickSearchModule:UnityEditor.Search:ASIAI0B)
Imported 'GUID: c63e2acf5cfd4816b950cf4bf6381b6f' -> (Import Result ID: '5e056e7822d36e6d9acfaf80599b7308') in 0.001 seconds [static and dynamic dependencies]. Details - ImportResultOutputID=4fcdd92f230b85296f0dcce33c1fea3c DependenciesID=b763f2f3a44a92ed959674c26f055760 StaticDependenciesID=d00eb58f9288b197a72bcaa95f681d87 
Number of updated asset objects reloaded before import = 0
Number of asset objects unloaded after import = 0
========================================================================
Received Import Request.
  Time of request: 2026-10-09T14:09:48.564897Z
  Time since last request: 0.000249997 seconds.
  importAddress: GUID: f3989142b33d44a0ca19788765ba05cc - Path: Packages/com.unity.collab-proxy/Editor/CodeEditor/Document/SimpleSegment.cs - Importer: ScriptedImporter/UnityEditor.QuickSearchModule:UnityEditor.Search:ASIAI0B
Importing 'GUID: f3989142b33d44a0ca19788765ba05cc - Path: Packages/com.unity.collab-proxy/Editor/CodeEditor/Document/SimpleSegment.cs - Importer: ScriptedImporter/UnityEditor.QuickSearchModule:UnityEditor.Search:ASIAI0B' with importer (ScriptedImporter : UnityEditor.QuickSearchModule:UnityEditor.Search:ASIAI0B)
Imported 'GUID: f3989142b33d44a0ca19788765ba05cc' -> (Import Result ID: 'aadd575923cd0b6d8d21ca525ac9b655') in 0.001 seconds [static and dynamic dependencies]. Details - ImportResultOutputID=06f4876aa4158b6e5a1eb923a6a6bc62 DependenciesID=b7f2d512f74c6e284d123ec226886e51 StaticDependenciesID=d4cd22939bbab636f626eb38d3aa5597 
Number of updated asset objects reloaded before import = 0
Number of asset objects unloaded after import = 0
========================================================================
Received Import Request.
  Time of request: 2026-10-09T14:09:48.573643Z
  Time since last request: 0.000204171 seconds.
  importAddress: GUID: 36d9d402826ee48d8816a061c1aba22e - Path: Packages/com.unity.collab-proxy/Editor/CodeEditor/Document/DocumentTextWriter.cs - Importer: ScriptedImporter/UnityEditor.QuickSearchModule:UnityEditor.Search:ASIAI0B
Importing 'GUID: 36d9d402826ee48d8816a061c1aba22e - Path: Packages/com.unity.collab-proxy/Editor/CodeEditor/Document/DocumentTextWriter.cs - Importer: ScriptedImporter/UnityEditor.QuickSearchModule:UnityEditor.Search:ASIAI0B' with importer (ScriptedImporter : UnityEditor.QuickSearchModule:UnityEditor.Search:ASIAI0B)
Imported 'GUID: 36d9d402826ee48d8816a061c1aba22e' -> (Import Result ID: 'dcf4137a15b0feb5d1c6de44475d5eed') in 0.004 seconds [static and dynamic dependencies]. Details - ImportResultOutputID=9267b9c413e1d01736dd43ddd932d200 DependenciesID=692306e7b0857e13cbf8515c9f150d99 StaticDependenciesID=559370334b2d2fcd75cd751199c62638 
Number of updated asset objects reloaded before import = 0
Number of asset objects unloaded after import = 0
========================================================================
Received Import Request.
  Time of request: 2026-10-09T14:09:48.586269Z
  Time since last request: 0.000327481 seconds.
  importAddress: GUID: 17cae8c12182e4a88b5695b1b2eea5cd - Path: Packages/com.unity.collab-proxy/Editor/CodeEditor/Document/TextSourceVersionProvider.cs - Importer: ScriptedImporter/UnityEditor.QuickSearchModule:UnityEditor.Search:ASIAI0B
Importing 'GUID: 17cae8c12182e4a88b5695b1b2eea5cd - Path: Packages/com.unity.collab-proxy/Editor/CodeEditor/Document/TextSourceVersionProvider.cs - Importer: ScriptedImporter/UnityEditor.QuickSearchModule:UnityEditor.Search:ASIAI0B' with importer (ScriptedImporter : UnityEditor.QuickSearchModule:UnityEditor.Search:ASIAI0B)
Imported 'GUID: 17cae8c12182e4a88b5695b1b2eea5cd' -> (Import Result ID: 'af0661b4e43e072ba9b8f119bceeb924') in 0.002 seconds [static and dynamic dependencies]. Details - ImportResultOutputID=9dc9ba20e71f56d3b5fb3075d00e15ef DependenciesID=e726f7c0ac8521eeaec0e3cdb39cb2a1 StaticDependenciesID=f23ed36a3f21694786fb112b31abb899 
Number of updated asset objects reloaded before import = 0
Number of asset objects unloaded after import = 0
========================================================================
Received Import Request.
  Time of request: 2026-10-09T14:09:48.597387Z
  Time since last request: 0.000277137 seconds.
  importAddress: GUID: add4a8f16bfab4878bb29c08218cad07 - Path: Packages/com.unity.collab-proxy/Editor/CodeEditor/Document/DocumentLine.cs - Importer: ScriptedImporter/UnityEditor.QuickSearchModule:UnityEditor.Search:ASIAI0B
Importing 'GUID: add4a8f16bfab4878bb29c08218cad07 - Path: Packages/com.unity.collab-proxy/Editor/CodeEditor/Document/DocumentLine.cs - Importer: ScriptedImporter/UnityEditor.QuickSearchModule:UnityEditor.Search:ASIAI0B' with importer (ScriptedImporter : UnityEditor.QuickSearchModule:UnityEditor.Search:ASIAI0B)
Imported 'GUID: add4a8f16bfab4878bb29c08218cad07' -> (Import Result ID: '791f1f4926c033900cb69265ee2c4734') in 0.002 seconds [static and dynamic dependencies]. Details - ImportResultOutputID=a6c5e4cdb2924f4b2bc5360f38198365 DependenciesID=2a26cde77a57606b40e4182c3f95fb4b StaticDependenciesID=233cd6afa73e871e1f2c25ebb2ebc6d4 
Number of updated asset objects reloaded before import = 0
Number of asset objects unloaded after import = 0
========================================================================
Received Import Request.
  Time of request: 2026-10-09T14:09:48.605673Z
  Time since last request: 0.000136795 seconds.
  importAddress: GUID: d170e6aba78146b09759f774ef27c7fd - Path: Packages/com.unity.collab-proxy/Editor/CodeEditor/Document/IDocument.cs - Importer: ScriptedImporter/UnityEditor.QuickSearchModule:UnityEditor.Search:ASIAI0B
Importing 'GUID: d170e6aba78146b09759f774ef27c7fd - Path: Packages/com.unity.collab-proxy/Editor/CodeEditor/Document/IDocument.cs - Importer: ScriptedImporter/UnityEditor.QuickSearchModule:UnityEditor.Search:ASIAI0B' with importer (ScriptedImporter : UnityEditor.QuickSearchModule:UnityEditor.Search:ASIAI0B)
Imported 'GUID: d170e6aba78146b09759f774ef27c7fd' -> (Import Result ID: '59465779bb6c17736f225d035afec7ef') in 0.001 seconds [static and dynamic dependencies]. Details - ImportResultOutputID=809b13944cda8f06a121caa2f1a5aa0b DependenciesID=9d6bfdab699babd9e4cbe411261d6a01 StaticDependenciesID=e052263b255b4909299045a0d14074d1 
Number of updated asset objects reloaded before import = 0
Number of asset objects unloaded after import = 0
========================================================================
Received Import Request.
  Time of request: 2026-10-09T14:09:48.613012Z
  Time since last request: 0.000221484 seconds.
  importAddress: GUID: 6fa7f4f386ba74571bc126c89255222e - Path: Packages/com.unity.collab-proxy/Editor/CodeEditor/Document/TextAnchor.cs - Importer: ScriptedImporter/UnityEditor.QuickSearchModule:UnityEditor.Search:ASIAI0B
Importing 'GUID: 6fa7f4f386ba74571bc126c89255222e - Path: Packages/com.unity.collab-proxy/Editor/CodeEditor/Document/TextAnchor.cs - Importer: ScriptedImporter/UnityEditor.QuickSearchModule:UnityEditor.Search:ASIAI0B' with importer (ScriptedImporter : UnityEditor.QuickSearchModule:UnityEditor.Search:ASIAI0B)
Imported 'GUID: 6fa7f4f386ba74571bc126c89255222e' -> (Import Result ID: '85332c77ec0e3e452bf81e511357cf49') in 0.001 seconds [static and dynamic dependencies]. Details - ImportResultOutputID=0ec3d98397f2f9f022b6d84c816a71fa DependenciesID=189e2085b93aaa362ae9f0335c5b6efd StaticDependenciesID=391d466524271f42f571475c5da28b09 
Number of updated asset objects reloaded before import = 0
Number of asset objects unloaded after import = 0
========================================================================
Received Import Request.
  Time of request: 2026-10-09T14:09:48.620853Z
  Time since last request: 0.000398333 seconds.
  importAddress: GUID: 6c67e63daeb772a4ca7887f421833c0c - Path: Packages/com.unity.collab-proxy/Editor/CodeEditor/Editing/EditingCommandHandler.cs - Importer: ScriptedImporter/UnityEditor.QuickSearchModule:UnityEditor.Search:ASIAI0B
Importing 'GUID: 6c67e63daeb772a4ca7887f421833c0c - Path: Packages/com.unity.collab-proxy/Editor/CodeEditor/Editing/EditingCommandHandler.cs - Importer: ScriptedImporter/UnityEditor.QuickSearchModule:UnityEditor.Search:ASIAI0B' with importer (ScriptedImporter : UnityEditor.QuickSearchModule:UnityEditor.Search:ASIAI0B)
Imported 'GUID: 6c67e63daeb772a4ca7887f421833c0c' -> (Import Result ID: '6cfc77eb61664a0a6130e64207100089') in 0.001 seconds [static and dynamic dependencies]. Details - ImportResultOutputID=d66f750ff2eb26e3f1efd5ef2d86b9cb DependenciesID=aeb74b8c4df40cd898fb59ab0249fef7 StaticDependenciesID=eccd0f29b6f5d61fab88f734d4783875 
Number of updated asset objects reloaded before import = 0
Number of asset objects unloaded after import = 0
========================================================================
Received Import Request.
  Time of request: 2026-10-09T14:09:48.629194Z
  Time since last request: 0.00013925 seconds.
  importAddress: GUID: a5b0cf5fb60d4f159d80936799b33e55 - Path: Packages/com.unity.collab-proxy/Editor/CodeEditor/Editing/AbstractMargin.cs - Importer: ScriptedImporter/UnityEditor.QuickSearchModule:UnityEditor.Search:ASIAI0B
Importing 'GUID: a5b0cf5fb60d4f159d80936799b33e55 - Path: Packages/com.unity.collab-proxy/Editor/CodeEditor/Editing/AbstractMargin.cs - Importer: ScriptedImporter/UnityEditor.QuickSearchModule:UnityEditor.Search:ASIAI0B' with importer (ScriptedImporter : UnityEditor.QuickSearchModule:UnityEditor.Search:ASIAI0B)
Imported 'GUID: a5b0cf5fb60d4f159d80936799b33e55' -> (Import Result ID: '3f56510d02477e7bed545484223f9d4e') in 0.001 seconds [static and dynamic dependencies]. Details - ImportResultOutputID=eeca83fb84369474a0db81815254b425 DependenciesID=0c39139dface9d0d1b1615e7cd8e83cd StaticDependenciesID=34f02ef3361e9b88715fc5e54ba38722 
Number of updated asset objects reloaded before import = 0
Number of asset objects unloaded after import = 0
========================================================================
Received Import Request.
  Time of request: 2026-10-09T14:09:48.649541Z
  Time since last request: 0.01260523 seconds.
  importAddress: GUID: f7bef4518e6241d5b7ef35e385385335 - Path: Packages/com.unity.collab-proxy/Editor/CodeEditor/Rendering/CharacterHit.cs - Importer: ScriptedImporter/UnityEditor.QuickSearchModule:UnityEditor.Search:ASIAI0B
Importing 'GUID: f7bef4518e6241d5b7ef35e385385335 - Path: Packages/com.unity.collab-proxy/Editor/CodeEditor/Rendering/CharacterHit.cs - Importer: ScriptedImporter/UnityEditor.QuickSearchModule:UnityEditor.Search:ASIAI0B' with importer (ScriptedImporter : UnityEditor.QuickSearchModule:UnityEditor.Search:ASIAI0B)
Imported 'GUID: f7bef4518e6241d5b7ef35e385385335' -> (Import Result ID: 'e5bf88df7de48609b16139506a8daafe') in 0.001 seconds [static and dynamic dependencies]. Details - ImportResultOutputID=fcddd3ff2c59ef0bc94dcf093860795c DependenciesID=8d75fca0bb9c6f614732d51a547b5be2 StaticDependenciesID=cb6c7ad70e6070b52240a075c26e9f4d 
Number of updated asset objects reloaded before import = 0
Number of asset objects unloaded after import = 0
========================================================================
Received Import Request.
  Time of request: 2026-10-09T14:09:48.658286Z
  Time since last request: 0.000730464 seconds.
  importAddress: GUID: 54e481e5c7bd459795071ffd9879c1f6 - Path: Packages/com.unity.collab-proxy/Editor/CodeEditor/Text/TextLine.cs - Importer: ScriptedImporter/UnityEditor.QuickSearchModule:UnityEditor.Search:ASIAI0B
Importing 'GUID: 54e481e5c7bd459795071ffd9879c1f6 - Path: Packages/com.unity.collab-proxy/Editor/CodeEditor/Text/TextLine.cs - Importer: ScriptedImporter/UnityEditor.QuickSearchModule:UnityEditor.Search:ASIAI0B' with importer (ScriptedImporter : UnityEditor.QuickSearchModule:UnityEditor.Search:ASIAI0B)
Imported 'GUID: 54e481e5c7bd459795071ffd9879c1f6' -> (Import Result ID: '5aa04a05cdd0d4c819fad979af3348fd') in 0.002 seconds [static and dynamic dependencies]. Details - ImportResultOutputID=a2928e4fdffb41c632ae8c0532ebe009 DependenciesID=45a013491a8368b745af195df8232636 StaticDependenciesID=92c2dec6b4a93cad312278dd8e6cf79b 
Number of updated asset objects reloaded before import = 0
Number of asset objects unloaded after import = 0
========================================================================
Received Import Request.
  Time of request: 2026-10-09T14:09:48.66766Z
  Time since last request: 0.0009486 seconds.
  importAddress: GUID: c46fba980ad348788e35c490b31b1330 - Path: Packages/com.unity.collab-proxy/Editor/CodeEditor/Rendering/Layer.cs - Importer: ScriptedImporter/UnityEditor.QuickSearchModule:UnityEditor.Search:ASIAI0B
Importing 'GUID: c46fba980ad348788e35c490b31b1330 - Path: Packages/com.unity.collab-proxy/Editor/CodeEditor/Rendering/Layer.cs - Importer: ScriptedImporter/UnityEditor.QuickSearchModule:UnityEditor.Search:ASIAI0B' with importer (ScriptedImporter : UnityEditor.QuickSearchModule:UnityEditor.Search:ASIAI0B)
Imported 'GUID: c46fba980ad348788e35c490b31b1330' -> (Import Result ID: 'a9a331e5909082af5b01b459ea346d98') in 0.002 seconds [static and dynamic dependencies]. Details - ImportResultOutputID=2864ee39c5a807ced76c2b7da5361be1 DependenciesID=4b16d2dae4d2391a39cab3cd2acb9f9b StaticDependenciesID=2c91a56b525097adec05f056fc729b63 
Number of updated asset objects reloaded before import = 0
Number of asset objects unloaded after import = 0
========================================================================
Received Import Request.
  Time of request: 2026-10-09T14:09:48.677136Z
  Time since last request: 0.000415606 seconds.
  importAddress: GUID: db01cc38c298426b83c5ddd52dca39a5 - Path: Packages/com.unity.collab-proxy/Editor/CodeEditor/Rendering/VisualLineText.cs - Importer: ScriptedImporter/UnityEditor.QuickSearchModule:UnityEditor.Search:ASIAI0B
Importing 'GUID: db01cc38c298426b83c5ddd52dca39a5 - Path: Packages/com.unity.collab-proxy/Editor/CodeEditor/Rendering/VisualLineText.cs - Importer: ScriptedImporter/UnityEditor.QuickSearchModule:UnityEditor.Search:ASIAI0B' with importer (ScriptedImporter : UnityEditor.QuickSearchModule:UnityEditor.Search:ASIAI0B)
Imported 'GUID: db01cc38c298426b83c5ddd52dca39a5' -> (Import Result ID: '1ac9d22d89857d23ff75a0294d52c36a') in 0.002 seconds [static and dynamic dependencies]. Details - ImportResultOutputID=a0d4afc9ec43a0c7a384b596f9a03aac DependenciesID=0343cb93963e74d8e28b5663079db9c3 StaticDependenciesID=00d78f2f1e8ea0e1277c44084be332ad 
Number of updated asset objects reloaded before import = 0
Number of asset objects unloaded after import = 0
========================================================================
Received Import Request.
  Time of request: 2026-10-09T14:09:48.685661Z
  Time since last request: 0.000266788 seconds.
  importAddress: GUID: e50698d1043640dc8ef26d6236f48f1b - Path: Packages/com.unity.collab-proxy/Editor/CodeEditor/Rendering/SingleCharacterElementGenerator.cs - Importer: ScriptedImporter/UnityEditor.QuickSearchModule:UnityEditor.Search:ASIAI0B
Importing 'GUID: e50698d1043640dc8ef26d6236f48f1b - Path: Packages/com.unity.collab-proxy/Editor/CodeEditor/Rendering/SingleCharacterElementGenerator.cs - Importer: ScriptedImporter/UnityEditor.QuickSearchModule:UnityEditor.Search:ASIAI0B' with importer (ScriptedImporter : UnityEditor.QuickSearchModule:UnityEditor.Search:ASIAI0B)
Imported 'GUID: e50698d1043640dc8ef26d6236f48f1b' -> (Import Result ID: '770bae1c0ea589f45dec1b1e4f30d77f') in 0.001 seconds [static and dynamic dependencies]. Details - ImportResultOutputID=0e222e55b25ab5f3f858658cc83fc09b DependenciesID=3039444e0e3da06e6d6837a388ba2f35 StaticDependenciesID=1f50d431a144ed9c1cbb25f5de034998 
Number of updated asset objects reloaded before import = 0
Number of asset objects unloaded after import = 0
========================================================================
Received Import Request.
  Time of request: 2026-10-09T14:09:48.694158Z
  Time since last request: 0.00045007 seconds.
  importAddress: GUID: 0040383d747f4e9392c3c770bded7f25 - Path: Packages/com.unity.collab-proxy/Editor/CodeEditor/TextMate/TextMate.cs - Importer: ScriptedImporter/UnityEditor.QuickSearchModule:UnityEditor.Search:ASIAI0B
Importing 'GUID: 0040383d747f4e9392c3c770bded7f25 - Path: Packages/com.unity.collab-proxy/Editor/CodeEditor/TextMate/TextMate.cs - Importer: ScriptedImporter/UnityEditor.QuickSearchModule:UnityEditor.Search:ASIAI0B' with importer (ScriptedImporter : UnityEditor.QuickSearchModule:UnityEditor.Search:ASIAI0B)
Imported 'GUID: 0040383d747f4e9392c3c770bded7f25' -> (Import Result ID: '7d450990af215ea9295192dc6cbbaea8') in 0.001 seconds [static and dynamic dependencies]. Details - ImportResultOutputID=73197ecb77c48722bb152b3af8b0fcd9 DependenciesID=e49c93cd52b6758190671bb769fd1a89 StaticDependenciesID=7add8683aa1ed29da9ffdf3f346ae09e 
Number of updated asset objects reloaded before import = 0
Number of asset objects unloaded after import = 0
========================================================================
Received Import Request.
  Time of request: 2026-10-09T14:09:48.702724Z
  Time since last request: 0.000500895 seconds.
  importAddress: GUID: 187e79737b0d4cafb4c958f89f9f6843 - Path: Packages/com.unity.collab-proxy/Editor/CodeEditor/Rendering/TextViewWeakEventManager.cs - Importer: ScriptedImporter/UnityEditor.QuickSearchModule:UnityEditor.Search:ASIAI0B
Importing 'GUID: 187e79737b0d4cafb4c958f89f9f6843 - Path: Packages/com.unity.collab-proxy/Editor/CodeEditor/Rendering/TextViewWeakEventManager.cs - Importer: ScriptedImporter/UnityEditor.QuickSearchModule:UnityEditor.Search:ASIAI0B' with importer (ScriptedImporter : UnityEditor.QuickSearchModule:UnityEditor.Search:ASIAI0B)
Imported 'GUID: 187e79737b0d4cafb4c958f89f9f6843' -> (Import Result ID: 'efc7875eb24de05b3fb1c55398fa1d71') in 0.001 seconds [static and dynamic dependencies]. Details - ImportResultOutputID=709eb718f084966bc95d7fe0a500184c DependenciesID=24d7c2307fc2f5fa11c82d5d28361ec4 StaticDependenciesID=ca0538bed92a79ed60f02929d4a90d0e 
Number of updated asset objects reloaded before import = 0
Number of asset objects unloaded after import = 0
========================================================================
Received Import Request.
  Time of request: 2026-10-09T14:09:48.711107Z
  Time since last request: 0.000695147 seconds.
  importAddress: GUID: c70164c20e48fc7478fd88c1613ac05a - Path: Packages/com.unity.collab-proxy/Editor/CodeEditor/Editing/TextSegmentReadOnlySectionProvider.cs - Importer: ScriptedImporter/UnityEditor.QuickSearchModule:UnityEditor.Search:ASIAI0B
Importing 'GUID: c70164c20e48fc7478fd88c1613ac05a - Path: Packages/com.unity.collab-proxy/Editor/CodeEditor/Editing/TextSegmentReadOnlySectionProvider.cs - Importer: ScriptedImporter/UnityEditor.QuickSearchModule:UnityEditor.Search:ASIAI0B' with importer (ScriptedImporter : UnityEditor.QuickSearchModule:UnityEditor.Search:ASIAI0B)
Imported 'GUID: c70164c20e48fc7478fd88c1613ac05a' -> (Import Result ID: '7eb4f6db03089be7365a47f81b99a6b1') in 0.002 seconds [static and dynamic dependencies]. Details - ImportResultOutputID=72d77faf5fbd919af81372579762a4e3 DependenciesID=d54764e801c18250d0251a8964e3970e StaticDependenciesID=984b50604331533d41d9cd3b5b2e5b4c 
Number of updated asset objects reloaded before import = 0
Number of asset objects unloaded after import = 0
========================================================================
Received Import Request.
  Time of request: 2026-10-09T14:09:48.719701Z
  Time since last request: 0.000507417 seconds.
  importAddress: GUID: 3d90656409b04b918d9e0abfefbc39df - Path: Packages/com.unity.collab-proxy/Editor/CodeEditor/Rendering/SimpleTextSource.cs - Importer: ScriptedImporter/UnityEditor.QuickSearchModule:UnityEditor.Search:ASIAI0B
Importing 'GUID: 3d90656409b04b918d9e0abfefbc39df - Path: Packages/com.unity.collab-proxy/Editor/CodeEditor/Rendering/SimpleTextSource.cs - Importer: ScriptedImporter/UnityEditor.QuickSearchModule:UnityEditor.Search:ASIAI0B' with importer (ScriptedImporter : UnityEditor.QuickSearchModule:UnityEditor.Search:ASIAI0B)
Imported 'GUID: 3d90656409b04b918d9e0abfefbc39df' -> (Import Result ID: 'd7c90448c9e4fc0b89590e1a2a38bb08') in 0.001 seconds [static and dynamic dependencies]. Details - ImportResultOutputID=69d2b461ef55867cfff910e9cbd4adb1 DependenciesID=4dad7299bf36ca2d2c4de950434c5f43 StaticDependenciesID=ed3ccc34cbc6637fbc323761041a147c 
Number of updated asset objects reloaded before import = 0
Number of asset objects unloaded after import = 0
========================================================================
Received Import Request.
  Time of request: 2026-10-09T14:09:48.728365Z
  Time since last request: 0.000641708 seconds.
  importAddress: GUID: 5ee3d35631cb64c49a9cbb6083e3757c - Path: Packages/com.unity.collab-proxy/Editor/CodeEditor/Utils/CharRope.cs - Importer: ScriptedImporter/UnityEditor.QuickSearchModule:UnityEditor.Search:ASIAI0B
Importing 'GUID: 5ee3d35631cb64c49a9cbb6083e3757c - Path: Packages/com.unity.collab-proxy/Editor/CodeEditor/Utils/CharRope.cs - Importer: ScriptedImporter/UnityEditor.QuickSearchModule:UnityEditor.Search:ASIAI0B' with importer (ScriptedImporter : UnityEditor.QuickSearchModule:UnityEditor.Search:ASIAI0B)
Imported 'GUID: 5ee3d35631cb64c49a9cbb6083e3757c' -> (Import Result ID: '359212cc56fba062f62f2363c0f86c68') in 0.001 seconds [static and dynamic dependencies]. Details - ImportResultOutputID=491fc47deb61d3a833f4a0baf7bbb94b DependenciesID=9a78363256c79b7ac6c81f0325e4ab4f StaticDependenciesID=db99e5ac19bb6719127250afce28e40d 
Number of updated asset objects reloaded before import = 0
Number of asset objects unloaded after import = 0
========================================================================
Received Import Request.
  Time of request: 2026-10-09T14:09:48.737367Z
  Time since last request: 0.000199723 seconds.
  importAddress: GUID: e1d8413c77dcb4c14951e8f7cdaa4b4d - Path: Packages/com.unity.collab-proxy/Editor/CodeEditor/Search/SearchStrategyFactory.cs - Importer: ScriptedImporter/UnityEditor.QuickSearchModule:UnityEditor.Search:ASIAI0B
Importing 'GUID: e1d8413c77dcb4c14951e8f7cdaa4b4d - Path: Packages/com.unity.collab-proxy/Editor/CodeEditor/Search/SearchStrategyFactory.cs - Importer: ScriptedImporter/UnityEditor.QuickSearchModule:UnityEditor.Search:ASIAI0B' with importer (ScriptedImporter : UnityEditor.QuickSearchModule:UnityEditor.Search:ASIAI0B)
Imported 'GUID: e1d8413c77dcb4c14951e8f7cdaa4b4d' -> (Import Result ID: '1f75e69c1e4a5294defe80f31c2b5a6e') in 0.001 seconds [static and dynamic dependencies]. Details - ImportResultOutputID=f6a5d4e1ac19d534b61a5527755750bd DependenciesID=2d52b189ca9ef634a8927a3937d57f89 StaticDependenciesID=d1d05ef50bc64beda61144b6dbe64c32 
Number of updated asset objects reloaded before import = 0
Number of asset objects unloaded after import = 0
========================================================================
Received Import Request.
  Time of request: 2026-10-09T14:09:48.745271Z
  Time since last request: 0.000236962 seconds.
  importAddress: GUID: 3e10ccf51dd64155bace2cf6aadd2614 - Path: Packages/com.unity.collab-proxy/Editor/CodeEditor/TextMate/TextTransformation.cs - Importer: ScriptedImporter/UnityEditor.QuickSearchModule:UnityEditor.Search:ASIAI0B
Importing 'GUID: 3e10ccf51dd64155bace2cf6aadd2614 - Path: Packages/com.unity.collab-proxy/Editor/CodeEditor/TextMate/TextTransformation.cs - Importer: ScriptedImporter/UnityEditor.QuickSearchModule:UnityEditor.Search:ASIAI0B' with importer (ScriptedImporter : UnityEditor.QuickSearchModule:UnityEditor.Search:ASIAI0B)
Imported 'GUID: 3e10ccf51dd64155bace2cf6aadd2614' -> (Import Result ID: 'd872a0273a3cf8d64372436ddbb287cb') in 0.002 seconds [static and dynamic dependencies]. Details - ImportResultOutputID=892b0d84ca8f0bb6d6998d384d45e0c9 DependenciesID=2912260caf211d6543e18ebe6c198179 StaticDependenciesID=fe1744b48fff1f06e198ef4706d8d0c4 
Number of updated asset objects reloaded before import = 0
Number of asset objects unloaded after import = 0
========================================================================
Received Import Request.
  Time of request: 2026-10-09T14:09:48.75401Z
  Time since last request: 0.000440853 seconds.
  importAddress: GUID: fc13de587ae0f4da9a3daaff87f980e9 - Path: Packages/com.unity.collab-proxy/Editor/CodeEditor/Search/ISearchStrategy.cs - Importer: ScriptedImporter/UnityEditor.QuickSearchModule:UnityEditor.Search:ASIAI0B
Importing 'GUID: fc13de587ae0f4da9a3daaff87f980e9 - Path: Packages/com.unity.collab-proxy/Editor/CodeEditor/Search/ISearchStrategy.cs - Importer: ScriptedImporter/UnityEditor.QuickSearchModule:UnityEditor.Search:ASIAI0B' with importer (ScriptedImporter : UnityEditor.QuickSearchModule:UnityEditor.Search:ASIAI0B)
Imported 'GUID: fc13de587ae0f4da9a3daaff87f980e9' -> (Import Result ID: 'd32fae0f867b82b6e0a85f5c2d03334f') in 0.001 seconds [static and dynamic dependencies]. Details - ImportResultOutputID=892614d904c68308b8fd47f82e0ec0f3 DependenciesID=e7334f1d2108c82d4b38f41a30a8e34f StaticDependenciesID=1eca188ed21cc47e084f3f97fb1dbee5 
Number of updated asset objects reloaded before import = 0
Number of asset objects unloaded after import = 0
========================================================================
Received Import Request.
  Time of request: 2026-10-09T14:09:48.762469Z
  Time since last request: 0.00046559 seconds.
  importAddress: GUID: be0c6030e24d4c9ea8bb60d258e05588 - Path: Packages/com.unity.collab-proxy/Editor/CodeEditor/Rendering/LayerPosition.cs - Importer: ScriptedImporter/UnityEditor.QuickSearchModule:UnityEditor.Search:ASIAI0B
Importing 'GUID: be0c6030e24d4c9ea8bb60d258e05588 - Path: Packages/com.unity.collab-proxy/Editor/CodeEditor/Rendering/LayerPosition.cs - Importer: ScriptedImporter/UnityEditor.QuickSearchModule:UnityEditor.Search:ASIAI0B' with importer (ScriptedImporter : UnityEditor.QuickSearchModule:UnityEditor.Search:ASIAI0B)
Imported 'GUID: be0c6030e24d4c9ea8bb60d258e05588' -> (Import Result ID: 'eefbf4a2d5d8439289884e42293f339b') in 0.001 seconds [static and dynamic dependencies]. Details - ImportResultOutputID=d210590741010e544a72189c80d660f6 DependenciesID=f54108304745d9b48fe6d3698665a0eb StaticDependenciesID=0b827f36fe08050e4b2a5acdaf92d8f6 
Number of updated asset objects reloaded before import = 0
Number of asset objects unloaded after import = 0
========================================================================
Received Import Request.
  Time of request: 2026-10-09T14:09:48.770793Z
  Time since last request: 0.000394386 seconds.
  importAddress: GUID: 8b0cdc15cea7d4af08eb36490bdb68b4 - Path: Packages/com.unity.collab-proxy/Editor/CodeEditor/Indentation/DefaultIndentationStrategy.cs - Importer: ScriptedImporter/UnityEditor.QuickSearchModule:UnityEditor.Search:ASIAI0B
Importing 'GUID: 8b0cdc15cea7d4af08eb36490bdb68b4 - Path: Packages/com.unity.collab-proxy/Editor/CodeEditor/Indentation/DefaultIndentationStrategy.cs - Importer: ScriptedImporter/UnityEditor.QuickSearchModule:UnityEditor.Search:ASIAI0B' with importer (ScriptedImporter : UnityEditor.QuickSearchModule:UnityEditor.Search:ASIAI0B)
Imported 'GUID: 8b0cdc15cea7d4af08eb36490bdb68b4' -> (Import Result ID: '1b64b8886b072bcf70ac5ab804eff043') in 0.001 seconds [static and dynamic dependencies]. Details - ImportResultOutputID=12b9f282b2cdadaae1f9e611f2dafb61 DependenciesID=c85a6780dba0d4da8b386b0afe8ee39e StaticDependenciesID=ceb922a7eb1cf8c4379c7799fe056f1b 
Number of updated asset objects reloaded before import = 0
Number of asset objects unloaded after import = 0
========================================================================
Received Import Request.
  Time of request: 2026-10-09T14:09:48.778844Z
  Time since last request: 0.000545028 seconds.
  importAddress: GUID: 7289f88fb8294b549b7bc6d75d95d475 - Path: Packages/com.unity.collab-proxy/Editor/CodeEditor/Editing/Selection.cs - Importer: ScriptedImporter/UnityEditor.QuickSearchModule:UnityEditor.Search:ASIAI0B
Importing 'GUID: 7289f88fb8294b549b7bc6d75d95d475 - Path: Packages/com.unity.collab-proxy/Editor/CodeEditor/Editing/Selection.cs - Importer: ScriptedImporter/UnityEditor.QuickSearchModule:UnityEditor.Search:ASIAI0B' with importer (ScriptedImporter : UnityEditor.QuickSearchModule:UnityEditor.Search:ASIAI0B)
Imported 'GUID: 7289f88fb8294b549b7bc6d75d95d475' -> (Import Result ID: '29214b709490568ffdb6db15a3ff451d') in 0.001 seconds [static and dynamic dependencies]. Details - ImportResultOutputID=dd63b29429ea1922185fe98e90d26989 DependenciesID=53c6c62eaf153bfb084b5935a357c081 StaticDependenciesID=39f14d6d2c5027dd00022853aafc263a 
Number of updated asset objects reloaded before import = 0
Number of asset objects unloaded after import = 0
========================================================================
Received Import Request.
  Time of request: 2026-10-09T14:09:48.786783Z
  Time since last request: 0.000404445 seconds.
  importAddress: GUID: 06d2ae5c2afa4cd5b639f474ecacbd5c - Path: Packages/com.unity.collab-proxy/Editor/CodeEditor/Platform/KeyGesture.cs - Importer: ScriptedImporter/UnityEditor.QuickSearchModule:UnityEditor.Search:ASIAI0B
Importing 'GUID: 06d2ae5c2afa4cd5b639f474ecacbd5c - Path: Packages/com.unity.collab-proxy/Editor/CodeEditor/Platform/KeyGesture.cs - Importer: ScriptedImporter/UnityEditor.QuickSearchModule:UnityEditor.Search:ASIAI0B' with importer (ScriptedImporter : UnityEditor.QuickSearchModule:UnityEditor.Search:ASIAI0B)
Imported 'GUID: 06d2ae5c2afa4cd5b639f474ecacbd5c' -> (Import Result ID: '022ca143c13ca746aca81e454a94468a') in 0.001 seconds [static and dynamic dependencies]. Details - ImportResultOutputID=ddd312d6eda1be15b85200b94f9c50d2 DependenciesID=d305a8ab0bb3fd39bbb96f814409b273 StaticDependenciesID=43195cda9c4e36e28fcbfa5c4ca19993 
Number of updated asset objects reloaded before import = 0
Number of asset objects unloaded after import = 0
========================================================================
Received Import Request.
  Time of request: 2026-10-09T14:09:48.794822Z
  Time since last request: 0.000253023 seconds.
  importAddress: GUID: 3b30e6342e7149441aa64d1d4bd764b7 - Path: Packages/com.unity.collab-proxy/Editor/CodeEditor/Editing/SelectionColorizer.cs - Importer: ScriptedImporter/UnityEditor.QuickSearchModule:UnityEditor.Search:ASIAI0B
Importing 'GUID: 3b30e6342e7149441aa64d1d4bd764b7 - Path: Packages/com.unity.collab-proxy/Editor/CodeEditor/Editing/SelectionColorizer.cs - Importer: ScriptedImporter/UnityEditor.QuickSearchModule:UnityEditor.Search:ASIAI0B' with importer (ScriptedImporter : UnityEditor.QuickSearchModule:UnityEditor.Search:ASIAI0B)
Imported 'GUID: 3b30e6342e7149441aa64d1d4bd764b7' -> (Import Result ID: '8c4949e139c0d8bb880248bb1bb78d0b') in 0.001 seconds [static and dynamic dependencies]. Details - ImportResultOutputID=201b959d36e4b47aad2a17c545ece817 DependenciesID=7c15a3ee16069c2c7bf2d27f1ad1f463 StaticDependenciesID=a63a7b8ef0268c0e734f0911143f2b9e 
Number of updated asset objects reloaded before import = 0
Number of asset objects unloaded after import = 0
========================================================================
Received Import Request.
  Time of request: 2026-10-09T14:09:48.804219Z
  Time since last request: 0.000210282 seconds.
  importAddress: GUID: 72b0ca78cb7b28b4c966c626e0eebf77 - Path: Packages/com.unity.collab-proxy/Editor/CodeEditor/Editing/SelectionSegment.cs - Importer: ScriptedImporter/UnityEditor.QuickSearchModule:UnityEditor.Search:ASIAI0B
Importing 'GUID: 72b0ca78cb7b28b4c966c626e0eebf77 - Path: Packages/com.unity.collab-proxy/Editor/CodeEditor/Editing/SelectionSegment.cs - Importer: ScriptedImporter/UnityEditor.QuickSearchModule:UnityEditor.Search:ASIAI0B' with importer (ScriptedImporter : UnityEditor.QuickSearchModule:UnityEditor.Search:ASIAI0B)
Imported 'GUID: 72b0ca78cb7b28b4c966c626e0eebf77' -> (Import Result ID: '85a3570c5cd8df3eca907af9b41f32c6') in 0.001 seconds [static and dynamic dependencies]. Details - ImportResultOutputID=eb4d6b30a1608c8985a4aba2ea45d774 DependenciesID=69b9762d896ff8b8511df8cef6409a25 StaticDependenciesID=ec5180a2b9a80d731175514a1c1efd36 
Number of updated asset objects reloaded before import = 0
Number of asset objects unloaded after import = 0
========================================================================
Received Import Request.
  Time of request: 2026-10-09T14:09:48.812536Z
  Time since last request: 0.00024629 seconds.
  importAddress: GUID: 19c0616fcade47d78aaa68d248a445e3 - Path: Packages/com.unity.collab-proxy/Editor/CodeEditor/Rendering/LinkElementGenerator.cs - Importer: ScriptedImporter/UnityEditor.QuickSearchModule:UnityEditor.Search:ASIAI0B
Importing 'GUID: 19c0616fcade47d78aaa68d248a445e3 - Path: Packages/com.unity.collab-proxy/Editor/CodeEditor/Rendering/LinkElementGenerator.cs - Importer: ScriptedImporter/UnityEditor.QuickSearchModule:UnityEditor.Search:ASIAI0B' with importer (ScriptedImporter : UnityEditor.QuickSearchModule:UnityEditor.Search:ASIAI0B)
Imported 'GUID: 19c0616fcade47d78aaa68d248a445e3' -> (Import Result ID: '488371c11024a081091e6cf391208247') in 0.002 seconds [static and dynamic dependencies]. Details - ImportResultOutputID=46c8dc319c712a3299f1f1b35785b2f1 DependenciesID=018a4b600746c1cf2526890c6e2bd53e StaticDependenciesID=48ce31c60ea8ee31cded516de587d7cf 
Number of updated asset objects reloaded before import = 0
Number of asset objects unloaded after import = 0
========================================================================
Received Import Request.
  Time of request: 2026-10-09T14:09:48.822321Z
  Time since last request: 0.000486729 seconds.
  importAddress: GUID: 9bcb62e10f5c4f029b5bc5046ed41d51 - Path: Packages/com.unity.collab-proxy/Editor/CodeEditor/TextMate/TextEditorModel.cs - Importer: ScriptedImporter/UnityEditor.QuickSearchModule:UnityEditor.Search:ASIAI0B
Importing 'GUID: 9bcb62e10f5c4f029b5bc5046ed41d51 - Path: Packages/com.unity.collab-proxy/Editor/CodeEditor/TextMate/TextEditorModel.cs - Importer: ScriptedImporter/UnityEditor.QuickSearchModule:UnityEditor.Search:ASIAI0B' with importer (ScriptedImporter : UnityEditor.QuickSearchModule:UnityEditor.Search:ASIAI0B)
Imported 'GUID: 9bcb62e10f5c4f029b5bc5046ed41d51' -> (Import Result ID: 'aeb4dc88500f8785c053234c33ad59e8') in 0.001 seconds [static and dynamic dependencies]. Details - ImportResultOutputID=8b8879d44e3576258a8b7748bbb4ded3 DependenciesID=390d117944ecb378b536a6f8365ebe20 StaticDependenciesID=617a9cab48153e4d7e72f2781cf77b9c 
Number of updated asset objects reloaded before import = 0
Number of asset objects unloaded after import = 0
========================================================================
Received Import Request.
  Time of request: 2026-10-09T14:09:48.8544Z
  Time since last request: 0.024135943 seconds.
  importAddress: GUID: 89746a1ec28f4d248db98c44578f0d25 - Path: Packages/com.unity.collab-proxy/Editor/Diff/Text/DiffSplitter.cs - Importer: ScriptedImporter/UnityEditor.QuickSearchModule:UnityEditor.Search:ASIAI0B
Importing 'GUID: 89746a1ec28f4d248db98c44578f0d25 - Path: Packages/com.unity.collab-proxy/Editor/Diff/Text/DiffSplitter.cs - Importer: ScriptedImporter/UnityEditor.QuickSearchModule:UnityEditor.Search:ASIAI0B' with importer (ScriptedImporter : UnityEditor.QuickSearchModule:UnityEditor.Search:ASIAI0B)
Imported 'GUID: 89746a1ec28f4d248db98c44578f0d25' -> (Import Result ID: 'd7e8e7af170a74037e06489e41b4ab1b') in 0.001 seconds [static and dynamic dependencies]. Details - ImportResultOutputID=dc97c91f47d0b008f1e6c25bf57897ac DependenciesID=8f8dbaf7219c55c95e33da614d3f2446 StaticDependenciesID=2bc222666eb2262318f107308cb2c499 
Number of updated asset objects reloaded before import = 0
Number of asset objects unloaded after import = 0
========================================================================
Received Import Request.
  Time of request: 2026-10-09T14:09:48.863559Z
  Time since last request: 0.000231552 seconds.
  importAddress: GUID: 49e8281cb9a76452484efab10014acf8 - Path: Packages/com.unity.collab-proxy/Editor/CodeEditor/Utils/WeakEventManagerBase.cs - Importer: ScriptedImporter/UnityEditor.QuickSearchModule:UnityEditor.Search:ASIAI0B
Importing 'GUID: 49e8281cb9a76452484efab10014acf8 - Path: Packages/com.unity.collab-proxy/Editor/CodeEditor/Utils/WeakEventManagerBase.cs - Importer: ScriptedImporter/UnityEditor.QuickSearchModule:UnityEditor.Search:ASIAI0B' with importer (ScriptedImporter : UnityEditor.QuickSearchModule:UnityEditor.Search:ASIAI0B)
Imported 'GUID: 49e8281cb9a76452484efab10014acf8' -> (Import Result ID: '10f6e0604bd2c77bb8b9fbe27090c031') in 0.001 seconds [static and dynamic dependencies]. Details - ImportResultOutputID=43b0f113bf051da01c52c4f8e2d484c4 DependenciesID=87983ff455e390a6171df90a9e26da85 StaticDependenciesID=cae9513a1397ffcb49af8744fcbd0728 
Number of updated asset objects reloaded before import = 0
Number of asset objects unloaded after import = 0
========================================================================
Received Import Request.
  Time of request: 2026-10-09T14:09:48.871708Z
  Time since last request: 0.000300822 seconds.
  importAddress: GUID: 3cc230fb0050a994480d907e02d3508b - Path: Packages/com.unity.collab-proxy/Editor/Developer/UpdateReport/UpdateReportDialog.cs - Importer: ScriptedImporter/UnityEditor.QuickSearchModule:UnityEditor.Search:ASIAI0B
Importing 'GUID: 3cc230fb0050a994480d907e02d3508b - Path: Packages/com.unity.collab-proxy/Editor/Developer/UpdateReport/UpdateReportDialog.cs - Importer: ScriptedImporter/UnityEditor.QuickSearchModule:UnityEditor.Search:ASIAI0B' with importer (ScriptedImporter : UnityEditor.QuickSearchModule:UnityEditor.Search:ASIAI0B)
Imported 'GUID: 3cc230fb0050a994480d907e02d3508b' -> (Import Result ID: '1bece8f24637a0732c94991145b7a5df') in 0.001 seconds [static and dynamic dependencies]. Details - ImportResultOutputID=7ea229496d0a44d2957961f1ab44863d DependenciesID=2f9ca4673107037f2c2347a4909d0e1b StaticDependenciesID=723d8843ed0b22eca74a14c66690574d 
Number of updated asset objects reloaded before import = 0
Number of asset objects unloaded after import = 0
========================================================================
Received Import Request.
  Time of request: 2026-10-09T14:09:48.879564Z
  Time since last request: 0.000222907 seconds.
  importAddress: GUID: 146c16184e337574f9f3baf6d467907a - Path: Packages/com.unity.collab-proxy/Editor/Developer/UpdateReport/UpdateReportLineListViewItem.cs - Importer: ScriptedImporter/UnityEditor.QuickSearchModule:UnityEditor.Search:ASIAI0B
Importing 'GUID: 146c16184e337574f9f3baf6d467907a - Path: Packages/com.unity.collab-proxy/Editor/Developer/UpdateReport/UpdateReportLineListViewItem.cs - Importer: ScriptedImporter/UnityEditor.QuickSearchModule:UnityEditor.Search:ASIAI0B' with importer (ScriptedImporter : UnityEditor.QuickSearchModule:UnityEditor.Search:ASIAI0B)
Imported 'GUID: 146c16184e337574f9f3baf6d467907a' -> (Import Result ID: '793e794b8e89350327c727c77e8f2147') in 0.001 seconds [static and dynamic dependencies]. Details - ImportResultOutputID=1530bf2f824f6134d14a6ee9f6b0ea5c DependenciesID=dcea3df4e1cb0342de2f1ba053cafc5c StaticDependenciesID=79c2c6448e1937f5ef1e9a2ce6618bd1 
Number of updated asset objects reloaded before import = 0
Number of asset objects unloaded after import = 0
========================================================================
Received Import Request.
  Time of request: 2026-10-09T14:09:48.887803Z
  Time since last request: 0.000582818 seconds.
  importAddress: GUID: ff7e226153604720b3e883e52ec9a606 - Path: Packages/com.unity.collab-proxy/Editor/CodeEditor/Utils/ThrowUtils.cs - Importer: ScriptedImporter/UnityEditor.QuickSearchModule:UnityEditor.Search:ASIAI0B
Importing 'GUID: ff7e226153604720b3e883e52ec9a606 - Path: Packages/com.unity.collab-proxy/Editor/CodeEditor/Utils/ThrowUtils.cs - Importer: ScriptedImporter/UnityEditor.QuickSearchModule:UnityEditor.Search:ASIAI0B' with importer (ScriptedImporter : UnityEditor.QuickSearchModule:UnityEditor.Search:ASIAI0B)
Imported 'GUID: ff7e226153604720b3e883e52ec9a606' -> (Import Result ID: 'f5276e36d41c5c88e3729de338486616') in 0.001 seconds [static and dynamic dependencies]. Details - ImportResultOutputID=c519958402e2ef4332b5bfaec331a944 DependenciesID=4962e3850cf46347d8e7f82f03120c35 StaticDependenciesID=7ba4bb0db772c7fc1e30a30221775b70 
Number of updated asset objects reloaded before import = 0
Number of asset objects unloaded after import = 0
========================================================================
Received Import Request.
  Time of request: 2026-10-09T14:09:48.895913Z
  Time since last request: 0.000677835 seconds.
  importAddress: GUID: be335b59f9a9647afa183fd170bab963 - Path: Packages/com.unity.collab-proxy/Editor/CodeEditor/Utils/Rope.cs - Importer: ScriptedImporter/UnityEditor.QuickSearchModule:UnityEditor.Search:ASIAI0B
Importing 'GUID: be335b59f9a9647afa183fd170bab963 - Path: Packages/com.unity.collab-proxy/Editor/CodeEditor/Utils/Rope.cs - Importer: ScriptedImporter/UnityEditor.QuickSearchModule:UnityEditor.Search:ASIAI0B' with importer (ScriptedImporter : UnityEditor.QuickSearchModule:UnityEditor.Search:ASIAI0B)
Imported 'GUID: be335b59f9a9647afa183fd170bab963' -> (Import Result ID: '65e5fa9156e4f1ca9d84009ae44d84a1') in 0.001 seconds [static and dynamic dependencies]. Details - ImportResultOutputID=205f51278dc76ce396de0a32136e4f73 DependenciesID=6be49d7535735c20a0548ea05ec09aa0 StaticDependenciesID=1d3aaf7af2a93442f68c7d883c6492c1 
Number of updated asset objects reloaded before import = 0
Number of asset objects unloaded after import = 0
========================================================================
Received Import Request.
  Time of request: 2026-10-09T14:09:48.903725Z
  Time since last request: 0.000380991 seconds.
  importAddress: GUID: 1a667b47becbe40c4a8c43066c199109 - Path: Packages/com.unity.collab-proxy/Editor/Diff/Text/BigFileMessagePanel.cs - Importer: ScriptedImporter/UnityEditor.QuickSearchModule:UnityEditor.Search:ASIAI0B
Importing 'GUID: 1a667b47becbe40c4a8c43066c199109 - Path: Packages/com.unity.collab-proxy/Editor/Diff/Text/BigFileMessagePanel.cs - Importer: ScriptedImporter/UnityEditor.QuickSearchModule:UnityEditor.Search:ASIAI0B' with importer (ScriptedImporter : UnityEditor.QuickSearchModule:UnityEditor.Search:ASIAI0B)
Imported 'GUID: 1a667b47becbe40c4a8c43066c199109' -> (Import Result ID: '82b4dc9cb9b91323e5ef62fdb137fdf0') in 0.001 seconds [static and dynamic dependencies]. Details - ImportResultOutputID=6717354c2f7ec2c238ee1fa814889604 DependenciesID=9539e35eae2c0309600d3852f3f5b7bb StaticDependenciesID=366ebf3d25fab344d90ec519e8e112af 
Number of updated asset objects reloaded before import = 0
Number of asset objects unloaded after import = 0
========================================================================
Received Import Request.
  Time of request: 2026-10-09T14:09:48.912161Z
  Time since last request: 0.000459548 seconds.
  importAddress: GUID: e8bf7425cfbdd094da5dc809a5eaa8ff - Path: Packages/com.unity.collab-proxy/Editor/Developer/UpdateReport/UpdateReportListView.cs - Importer: ScriptedImporter/UnityEditor.QuickSearchModule:UnityEditor.Search:ASIAI0B
Importing 'GUID: e8bf7425cfbdd094da5dc809a5eaa8ff - Path: Packages/com.unity.collab-proxy/Editor/Developer/UpdateReport/UpdateReportListView.cs - Importer: ScriptedImporter/UnityEditor.QuickSearchModule:UnityEditor.Search:ASIAI0B' with importer (ScriptedImporter : UnityEditor.QuickSearchModule:UnityEditor.Search:ASIAI0B)
Imported 'GUID: e8bf7425cfbdd094da5dc809a5eaa8ff' -> (Import Result ID: '76e8015b194bd78d36dae2151b05c10a') in 0.002 seconds [static and dynamic dependencies]. Details - ImportResultOutputID=29d175ca9ced5719a749cf760bbbfa1e DependenciesID=5c7d3ef91d3109043d0143e4fa301835 StaticDependenciesID=b6d24f7131d43dd2ceb478991bbb3b17 
Number of updated asset objects reloaded before import = 0
Number of asset objects unloaded after import = 0
========================================================================
Received Import Request.
  Time of request: 2026-10-09T14:09:48.920797Z
  Time since last request: 0.000482571 seconds.
  importAddress: GUID: 02ba7e098ec0b453280d7fe1ae463bb7 - Path: Packages/com.unity.collab-proxy/Editor/Diff/Text/ActionBar.cs - Importer: ScriptedImporter/UnityEditor.QuickSearchModule:UnityEditor.Search:ASIAI0B
Importing 'GUID: 02ba7e098ec0b453280d7fe1ae463bb7 - Path: Packages/com.unity.collab-proxy/Editor/Diff/Text/ActionBar.cs - Importer: ScriptedImporter/UnityEditor.QuickSearchModule:UnityEditor.Search:ASIAI0B' with importer (ScriptedImporter : UnityEditor.QuickSearchModule:UnityEditor.Search:ASIAI0B)
Imported 'GUID: 02ba7e098ec0b453280d7fe1ae463bb7' -> (Import Result ID: '48c2631982c24993eeb5614926574fda') in 0.002 seconds [static and dynamic dependencies]. Details - ImportResultOutputID=79856eb62c53345c47204b9d8268d8d4 DependenciesID=6d3efe5ceb5e4663e9dc6b6d25eeea16 StaticDependenciesID=c2dec8386ea1803ebb5e351d382379f1 
Number of updated asset objects reloaded before import = 0
Number of asset objects unloaded after import = 0
========================================================================
Received Import Request.
  Time of request: 2026-10-09T14:09:48.930051Z
  Time since last request: 0.000618134 seconds.
  importAddress: GUID: 9887c425b1adc4e3895315e3eec339ba - Path: Packages/com.unity.collab-proxy/Editor/Diff/Image/IImageDiffToolbar.cs - Importer: ScriptedImporter/UnityEditor.QuickSearchModule:UnityEditor.Search:ASIAI0B
Importing 'GUID: 9887c425b1adc4e3895315e3eec339ba - Path: Packages/com.unity.collab-proxy/Editor/Diff/Image/IImageDiffToolbar.cs - Importer: ScriptedImporter/UnityEditor.QuickSearchModule:UnityEditor.Search:ASIAI0B' with importer (ScriptedImporter : UnityEditor.QuickSearchModule:UnityEditor.Search:ASIAI0B)
Imported 'GUID: 9887c425b1adc4e3895315e3eec339ba' -> (Import Result ID: '78eceb7d75778b581f8def3ddbefd5b5') in 0.002 seconds [static and dynamic dependencies]. Details - ImportResultOutputID=a88e1d349b513e17f1c22d5fce83755f DependenciesID=3002e7fc4fe39f80bbcb6fb12edf9f48 StaticDependenciesID=b20c960bb3686bbd807e74f9bf3fecaf 
Number of updated asset objects reloaded before import = 0
Number of asset objects unloaded after import = 0
========================================================================
Received Import Request.
  Time of request: 2026-10-09T14:09:48.938827Z
  Time since last request: 0.000143758 seconds.
  importAddress: GUID: ecc5ac4574bce451b921424ef632b971 - Path: Packages/com.unity.collab-proxy/Editor/Diff/Text/ContentControlOptionsContextMenu.cs - Importer: ScriptedImporter/UnityEditor.QuickSearchModule:UnityEditor.Search:ASIAI0B
Importing 'GUID: ecc5ac4574bce451b921424ef632b971 - Path: Packages/com.unity.collab-proxy/Editor/Diff/Text/ContentControlOptionsContextMenu.cs - Importer: ScriptedImporter/UnityEditor.QuickSearchModule:UnityEditor.Search:ASIAI0B' with importer (ScriptedImporter : UnityEditor.QuickSearchModule:UnityEditor.Search:ASIAI0B)
Imported 'GUID: ecc5ac4574bce451b921424ef632b971' -> (Import Result ID: '00a9f13cd4ead46db031d0ff1093fcad') in 0.001 seconds [static and dynamic dependencies]. Details - ImportResultOutputID=8a30ce5d94377d1395d110650a802381 DependenciesID=a7acb8fbf6d922f92e12454b5603c358 StaticDependenciesID=9df55d87e686ef02a93a7257e8f73044 
Number of updated asset objects reloaded before import = 0
Number of asset objects unloaded after import = 0
========================================================================
Received Import Request.
  Time of request: 2026-10-09T14:09:48.947668Z
  Time since last request: 0.000304979 seconds.
  importAddress: GUID: 8db8e9e233f04d8ba79aebb289c7f4af - Path: Packages/com.unity.collab-proxy/Editor/Diff/Text/DiffCalculator.cs - Importer: ScriptedImporter/UnityEditor.QuickSearchModule:UnityEditor.Search:ASIAI0B
Importing 'GUID: 8db8e9e233f04d8ba79aebb289c7f4af - Path: Packages/com.unity.collab-proxy/Editor/Diff/Text/DiffCalculator.cs - Importer: ScriptedImporter/UnityEditor.QuickSearchModule:UnityEditor.Search:ASIAI0B' with importer (ScriptedImporter : UnityEditor.QuickSearchModule:UnityEditor.Search:ASIAI0B)
Imported 'GUID: 8db8e9e233f04d8ba79aebb289c7f4af' -> (Import Result ID: 'cfcc87c46b843561a3ec2dbda1f8c4c9') in 0.001 seconds [static and dynamic dependencies]. Details - ImportResultOutputID=96cae43f0834835c799be4dca9b0aab8 DependenciesID=52e6593872ff78ff7c599a3e7edce76c StaticDependenciesID=e138e99286bff35b700783e8e6b74e7d 
Number of updated asset objects reloaded before import = 0
Number of asset objects unloaded after import = 0
========================================================================
Received Import Request.
  Time of request: 2026-10-09T14:09:48.955522Z
  Time since last request: 0.000551399 seconds.
  importAddress: GUID: d404d462a8e74ea1a55c9f4af8b1f625 - Path: Packages/com.unity.collab-proxy/Editor/Diff/Image/DrawTexture.cs - Importer: ScriptedImporter/UnityEditor.QuickSearchModule:UnityEditor.Search:ASIAI0B
Importing 'GUID: d404d462a8e74ea1a55c9f4af8b1f625 - Path: Packages/com.unity.collab-proxy/Editor/Diff/Image/DrawTexture.cs - Importer: ScriptedImporter/UnityEditor.QuickSearchModule:UnityEditor.Search:ASIAI0B' with importer (ScriptedImporter : UnityEditor.QuickSearchModule:UnityEditor.Search:ASIAI0B)
Imported 'GUID: d404d462a8e74ea1a55c9f4af8b1f625' -> (Import Result ID: '0d388103ba2147ab550264bf2e27d8ca') in 0.004 seconds [static and dynamic dependencies]. Details - ImportResultOutputID=eaa58c605936dfbc5080dcaa822ef32b DependenciesID=0e041c33889b59975d413386f7987065 StaticDependenciesID=02b95cc5db3ca7c77542df80982d0a3d 
Number of updated asset objects reloaded before import = 0
Number of asset objects unloaded after import = 0
========================================================================
Received Import Request.
  Time of request: 2026-10-09T14:09:48.9674Z
  Time since last request: 0.000304027 seconds.
  importAddress: GUID: 5e6dfa2ab096140bbbafe35a1c3ac799 - Path: Packages/com.unity.collab-proxy/Editor/Diff/Text/LeftActionBar.cs - Importer: ScriptedImporter/UnityEditor.QuickSearchModule:UnityEditor.Search:ASIAI0B
Importing 'GUID: 5e6dfa2ab096140bbbafe35a1c3ac799 - Path: Packages/com.unity.collab-proxy/Editor/Diff/Text/LeftActionBar.cs - Importer: ScriptedImporter/UnityEditor.QuickSearchModule:UnityEditor.Search:ASIAI0B' with importer (ScriptedImporter : UnityEditor.QuickSearchModule:UnityEditor.Search:ASIAI0B)
Imported 'GUID: 5e6dfa2ab096140bbbafe35a1c3ac799' -> (Import Result ID: 'acb8a4f1c08cd77de648ab85ca24ebea') in 0.001 seconds [static and dynamic dependencies]. Details - ImportResultOutputID=c87b4a19017018059888a879757ace49 DependenciesID=df41ee8d047870e4cd5ffa5953775f90 StaticDependenciesID=3c47d1469dcbb8c3723cf20924590f7c 
Number of updated asset objects reloaded before import = 0
Number of asset objects unloaded after import = 0
========================================================================
Received Import Request.
  Time of request: 2026-10-09T14:09:48.977889Z
  Time since last request: 0.000270465 seconds.
  importAddress: GUID: 0641486b650184309b79f60e69b8a796 - Path: Packages/com.unity.collab-proxy/Editor/CodeEditor/Utils/RopeNode.cs - Importer: ScriptedImporter/UnityEditor.QuickSearchModule:UnityEditor.Search:ASIAI0B
Importing 'GUID: 0641486b650184309b79f60e69b8a796 - Path: Packages/com.unity.collab-proxy/Editor/CodeEditor/Utils/RopeNode.cs - Importer: ScriptedImporter/UnityEditor.QuickSearchModule:UnityEditor.Search:ASIAI0B' with importer (ScriptedImporter : UnityEditor.QuickSearchModule:UnityEditor.Search:ASIAI0B)
Imported 'GUID: 0641486b650184309b79f60e69b8a796' -> (Import Result ID: '11368612a9050162eead51f50c723bd0') in 0.001 seconds [static and dynamic dependencies]. Details - ImportResultOutputID=1589501e88b77a399a5e53a38162987e DependenciesID=6babe4eed308713fbf2c23a8a6b867c2 StaticDependenciesID=c79419b1b55bf4a3b57ddf2b7feb6c7d 
Number of updated asset objects reloaded before import = 0
Number of asset objects unloaded after import = 0
========================================================================
Received Import Request.
  Time of request: 2026-10-09T14:09:48.986742Z
  Time since last request: 0.000398133 seconds.
  importAddress: GUID: 439219a4f6a944679855fc33d83196ca - Path: Packages/com.unity.collab-proxy/Editor/Diff/Text/EncodingMenu.cs - Importer: ScriptedImporter/UnityEditor.QuickSearchModule:UnityEditor.Search:ASIAI0B
Importing 'GUID: 439219a4f6a944679855fc33d83196ca - Path: Packages/com.unity.collab-proxy/Editor/Diff/Text/EncodingMenu.cs - Importer: ScriptedImporter/UnityEditor.QuickSearchModule:UnityEditor.Search:ASIAI0B' with importer (ScriptedImporter : UnityEditor.QuickSearchModule:UnityEditor.Search:ASIAI0B)
Imported 'GUID: 439219a4f6a944679855fc33d83196ca' -> (Import Result ID: 'ea4162aaf76d25581f7b2587cddea963') in 0.001 seconds [static and dynamic dependencies]. Details - ImportResultOutputID=435e3afabb4202093aed694d7b72b384 DependenciesID=2ee94d60b0a774307fc41ba58338914d StaticDependenciesID=43fd7e181c36af170dbde0fdcdfed9a5 
Number of updated asset objects reloaded before import = 0
Number of asset objects unloaded after import = 0
========================================================================
Received Import Request.
  Time of request: 2026-10-09T14:09:48.995149Z
  Time since last request: 0.000325268 seconds.
  importAddress: GUID: 5d04019d947ff4be294c29c0faebb79f - Path: Packages/com.unity.collab-proxy/Editor/CodeEditor/Utils/IServiceContainer.cs - Importer: ScriptedImporter/UnityEditor.QuickSearchModule:UnityEditor.Search:ASIAI0B
Importing 'GUID: 5d04019d947ff4be294c29c0faebb79f - Path: Packages/com.unity.collab-proxy/Editor/CodeEditor/Utils/IServiceContainer.cs - Importer: ScriptedImporter/UnityEditor.QuickSearchModule:UnityEditor.Search:ASIAI0B' with importer (ScriptedImporter : UnityEditor.QuickSearchModule:UnityEditor.Search:ASIAI0B)
Imported 'GUID: 5d04019d947ff4be294c29c0faebb79f' -> (Import Result ID: '2136c8794ba0aa63529b98e421c0ce2f') in 0.001 seconds [static and dynamic dependencies]. Details - ImportResultOutputID=332e1d342ca20923db434035fde92f9c DependenciesID=3fb9d87cb1278f595312f36502535a02 StaticDependenciesID=2002b00257b961cc754c3ee3bf7a2c3e 
Number of updated asset objects reloaded before import = 0
Number of asset objects unloaded after import = 0
========================================================================
Received Import Request.
  Time of request: 2026-10-09T14:09:49.003777Z
  Time since last request: 0.000376763 seconds.
  importAddress: GUID: 60719a83a6d44bd88a47d43f8393574f - Path: Packages/com.unity.collab-proxy/Editor/Diff/Image/ImageDiffControl.cs - Importer: ScriptedImporter/UnityEditor.QuickSearchModule:UnityEditor.Search:ASIAI0B
Importing 'GUID: 60719a83a6d44bd88a47d43f8393574f - Path: Packages/com.unity.collab-proxy/Editor/Diff/Image/ImageDiffControl.cs - Importer: ScriptedImporter/UnityEditor.QuickSearchModule:UnityEditor.Search:ASIAI0B' with importer (ScriptedImporter : UnityEditor.QuickSearchModule:UnityEditor.Search:ASIAI0B)
Imported 'GUID: 60719a83a6d44bd88a47d43f8393574f' -> (Import Result ID: '587685d76b40f03f83ebb089c9a9b2f3') in 0.002 seconds [static and dynamic dependencies]. Details - ImportResultOutputID=069fdc3d608381df757595787b3857d6 DependenciesID=5049dda80e5a517ebb0f991e2edecf9f StaticDependenciesID=8d8134ea1708e52f0897175ae5ef2808 
Number of updated asset objects reloaded before import = 0
Number of asset objects unloaded after import = 0
========================================================================
Received Import Request.
  Time of request: 2026-10-09T14:09:49.013061Z
  Time since last request: 0.000332932 seconds.
  importAddress: GUID: 9df21e4f2a9474a43b81a73c697c1d88 - Path: Packages/com.unity.collab-proxy/Editor/Diff/Text/ChangeFontDialog.cs - Importer: ScriptedImporter/UnityEditor.QuickSearchModule:UnityEditor.Search:ASIAI0B
Importing 'GUID: 9df21e4f2a9474a43b81a73c697c1d88 - Path: Packages/com.unity.collab-proxy/Editor/Diff/Text/ChangeFontDialog.cs - Importer: ScriptedImporter/UnityEditor.QuickSearchModule:UnityEditor.Search:ASIAI0B' with importer (ScriptedImporter : UnityEditor.QuickSearchModule:UnityEditor.Search:ASIAI0B)
Imported 'GUID: 9df21e4f2a9474a43b81a73c697c1d88' -> (Import Result ID: 'd20c94571de8368688e138a0f39afe4e') in 0.001 seconds [static and dynamic dependencies]. Details - ImportResultOutputID=e788895358ff50895373369a0b02e2a2 DependenciesID=393958889e28e0fff829527fc201bfcf StaticDependenciesID=9ec0477abde4e147f5813b79c4758c3b 
Number of updated asset objects reloaded before import = 0
Number of asset objects unloaded after import = 0
========================================================================
Received Import Request.
  Time of request: 2026-10-09T14:09:49.022009Z
  Time since last request: 0.000330788 seconds.
  importAddress: GUID: 3dce8f801e8649c8951ef1edd8c8df5c - Path: Packages/com.unity.collab-proxy/Editor/CodeEditor/Utils/IImmutableStack.cs - Importer: ScriptedImporter/UnityEditor.QuickSearchModule:UnityEditor.Search:ASIAI0B
Importing 'GUID: 3dce8f801e8649c8951ef1edd8c8df5c - Path: Packages/com.unity.collab-proxy/Editor/CodeEditor/Utils/IImmutableStack.cs - Importer: ScriptedImporter/UnityEditor.QuickSearchModule:UnityEditor.Search:ASIAI0B' with importer (ScriptedImporter : UnityEditor.QuickSearchModule:UnityEditor.Search:ASIAI0B)
Imported 'GUID: 3dce8f801e8649c8951ef1edd8c8df5c' -> (Import Result ID: '886e3eb1e41a47c74794ae3dabd7242d') in 0.001 seconds [static and dynamic dependencies]. Details - ImportResultOutputID=499a098587087bafeada4e6ecb1bd851 DependenciesID=6bf1b0f384d018bb67c19e38d037021b StaticDependenciesID=e926d9f77f85a10be6fa7c6a20673127 
Number of updated asset objects reloaded before import = 0
Number of asset objects unloaded after import = 0
========================================================================
Received Import Request.
  Time of request: 2026-10-09T14:09:49.030314Z
  Time since last request: 0.000263882 seconds.
  importAddress: GUID: fdf371b229de34c7a8f364e3cb759548 - Path: Packages/com.unity.collab-proxy/Editor/CodeEditor/Utils/Deque.cs - Importer: ScriptedImporter/UnityEditor.QuickSearchModule:UnityEditor.Search:ASIAI0B
Importing 'GUID: fdf371b229de34c7a8f364e3cb759548 - Path: Packages/com.unity.collab-proxy/Editor/CodeEditor/Utils/Deque.cs - Importer: ScriptedImporter/UnityEditor.QuickSearchModule:UnityEditor.Search:ASIAI0B' with importer (ScriptedImporter : UnityEditor.QuickSearchModule:UnityEditor.Search:ASIAI0B)
Imported 'GUID: fdf371b229de34c7a8f364e3cb759548' -> (Import Result ID: '2dfba78e09947470a529b1c57c996809') in 0.001 seconds [static and dynamic dependencies]. Details - ImportResultOutputID=8ff35eab2ea5b827ccd3ddedb92da0fc DependenciesID=86f96794c341b4e126c8b078104229b3 StaticDependenciesID=1b1aa42ae314919c5ba6753c3b9e7d08 
Number of updated asset objects reloaded before import = 0
Number of asset objects unloaded after import = 0
========================================================================
Received Import Request.
  Time of request: 2026-10-09T14:09:49.047356Z
  Time since last request: 0.008930981 seconds.
  importAddress: GUID: c3c7b1998f264b443a5b5c67a189149a - Path: Packages/com.unity.collab-proxy/Editor/UI/Tree/TreeHeaderColumns.cs - Importer: ScriptedImporter/UnityEditor.QuickSearchModule:UnityEditor.Search:ASIAI0B
Importing 'GUID: c3c7b1998f264b443a5b5c67a189149a - Path: Packages/com.unity.collab-proxy/Editor/UI/Tree/TreeHeaderColumns.cs - Importer: ScriptedImporter/UnityEditor.QuickSearchModule:UnityEditor.Search:ASIAI0B' with importer (ScriptedImporter : UnityEditor.QuickSearchModule:UnityEditor.Search:ASIAI0B)
Imported 'GUID: c3c7b1998f264b443a5b5c67a189149a' -> (Import Result ID: '1febd546047a9f19080cab95941c465c') in 0.001 seconds [static and dynamic dependencies]. Details - ImportResultOutputID=7e1d0e500725a043249334be2861b5d1 DependenciesID=49837a024eeabfa3667599392160e6b4 StaticDependenciesID=d42e38031eab2baf31301596c2a26753 
Number of updated asset objects reloaded before import = 0
Number of asset objects unloaded after import = 0
========================================================================
Received Import Request.
  Time of request: 2026-10-09T14:09:49.05626Z
  Time since last request: 0.000502618 seconds.
  importAddress: GUID: 331d1c37d891f334390adb8324042856 - Path: Packages/com.unity.collab-proxy/Editor/UI/Errors/ErrorsListView.cs - Importer: ScriptedImporter/UnityEditor.QuickSearchModule:UnityEditor.Search:ASIAI0B
Importing 'GUID: 331d1c37d891f334390adb8324042856 - Path: Packages/com.unity.collab-proxy/Editor/UI/Errors/ErrorsListView.cs - Importer: ScriptedImporter/UnityEditor.QuickSearchModule:UnityEditor.Search:ASIAI0B' with importer (ScriptedImporter : UnityEditor.QuickSearchModule:UnityEditor.Search:ASIAI0B)
Imported 'GUID: 331d1c37d891f334390adb8324042856' -> (Import Result ID: '3fb3e4a84f407d66671b42e7afd91789') in 0.002 seconds [static and dynamic dependencies]. Details - ImportResultOutputID=5a73638af2c0728b208ec29856f83613 DependenciesID=db9b97c039cb43d224293c1ecf8c310d StaticDependenciesID=393bf31729882b48c93d0a87d77d55d9 
Number of updated asset objects reloaded before import = 0
Number of asset objects unloaded after import = 0
========================================================================
Received Import Request.
  Time of request: 2026-10-09T14:09:49.06498Z
  Time since last request: 0.000384588 seconds.
  importAddress: GUID: 0288f47d0c1f4195b1fdf2c90407c9c3 - Path: Packages/com.unity.collab-proxy/Editor/UI/UIElements/OverlayProgressControls.cs - Importer: ScriptedImporter/UnityEditor.QuickSearchModule:UnityEditor.Search:ASIAI0B
Importing 'GUID: 0288f47d0c1f4195b1fdf2c90407c9c3 - Path: Packages/com.unity.collab-proxy/Editor/UI/UIElements/OverlayProgressControls.cs - Importer: ScriptedImporter/UnityEditor.QuickSearchModule:UnityEditor.Search:ASIAI0B' with importer (ScriptedImporter : UnityEditor.QuickSearchModule:UnityEditor.Search:ASIAI0B)
Imported 'GUID: 0288f47d0c1f4195b1fdf2c90407c9c3' -> (Import Result ID: 'a28f4842a07ff4498b8d162d3d6e1cb1') in 0.002 seconds [static and dynamic dependencies]. Details - ImportResultOutputID=3ace87b7c888c3a04f0e3be099f2ff7f DependenciesID=b1dd9c6d1e87c895f1cf42654e8129d8 StaticDependenciesID=ccd4bb934d1ab6b283d3ad1585c6d306 
Number of updated asset objects reloaded before import = 0
Number of asset objects unloaded after import = 0
========================================================================
Received Import Request.
  Time of request: 2026-10-09T14:09:49.073902Z
  Time since last request: 0.000317362 seconds.
  importAddress: GUID: f9d58876c2d749779ce6effdf684cc02 - Path: Packages/com.unity.collab-proxy/Editor/Diff/Text/TextEditorDrawing.cs - Importer: ScriptedImporter/UnityEditor.QuickSearchModule:UnityEditor.Search:ASIAI0B
Importing 'GUID: f9d58876c2d749779ce6effdf684cc02 - Path: Packages/com.unity.collab-proxy/Editor/Diff/Text/TextEditorDrawing.cs - Importer: ScriptedImporter/UnityEditor.QuickSearchModule:UnityEditor.Search:ASIAI0B' with importer (ScriptedImporter : UnityEditor.QuickSearchModule:UnityEditor.Search:ASIAI0B)
Imported 'GUID: f9d58876c2d749779ce6effdf684cc02' -> (Import Result ID: '52edca09ec9f403979534183b5fe4e2e') in 0.002 seconds [static and dynamic dependencies]. Details - ImportResultOutputID=af7668d257d33c052210e475359e8921 DependenciesID=bcaee697cd1cd049f718158e685555ec StaticDependenciesID=e41f0c15c4e74189eaf42a6c1ea59b98 
Number of updated asset objects reloaded before import = 0
Number of asset objects unloaded after import = 0
========================================================================
Received Import Request.
  Time of request: 2026-10-09T14:09:49.082698Z
  Time since last request: 0.000451833 seconds.
  importAddress: GUID: a109fc3d4a8b46b9820d8af6f60bc215 - Path: Packages/com.unity.collab-proxy/Editor/Diff/Text/TextEditorDiffBackgroundRenderer.cs - Importer: ScriptedImporter/UnityEditor.QuickSearchModule:UnityEditor.Search:ASIAI0B
Importing 'GUID: a109fc3d4a8b46b9820d8af6f60bc215 - Path: Packages/com.unity.collab-proxy/Editor/Diff/Text/TextEditorDiffBackgroundRenderer.cs - Importer: ScriptedImporter/UnityEditor.QuickSearchModule:UnityEditor.Search:ASIAI0B' with importer (ScriptedImporter : UnityEditor.QuickSearchModule:UnityEditor.Search:ASIAI0B)
Imported 'GUID: a109fc3d4a8b46b9820d8af6f60bc215' -> (Import Result ID: 'd49edbfe3ca70c8468643706f80a40d1') in 0.001 seconds [static and dynamic dependencies]. Details - ImportResultOutputID=91f86e8e8eed6cb557929ef6f89e574d DependenciesID=2e4fc0630ee4872f37d5ce1c54e90bf9 StaticDependenciesID=7b99021fb95d5a59009d63ccbf7ae7d2 
Number of updated asset objects reloaded before import = 0
Number of asset objects unloaded after import = 0
========================================================================
Received Import Request.
  Time of request: 2026-10-09T14:09:49.091241Z
  Time since last request: 0.000488702 seconds.
  importAddress: GUID: 19dca01e5c6a4d808cee50ff17837de5 - Path: Packages/com.unity.collab-proxy/Editor/UI/Tree/CenteredContentPanel.cs - Importer: ScriptedImporter/UnityEditor.QuickSearchModule:UnityEditor.Search:ASIAI0B
Importing 'GUID: 19dca01e5c6a4d808cee50ff17837de5 - Path: Packages/com.unity.collab-proxy/Editor/UI/Tree/CenteredContentPanel.cs - Importer: ScriptedImporter/UnityEditor.QuickSearchModule:UnityEditor.Search:ASIAI0B' with importer (ScriptedImporter : UnityEditor.QuickSearchModule:UnityEditor.Search:ASIAI0B)
Imported 'GUID: 19dca01e5c6a4d808cee50ff17837de5' -> (Import Result ID: '242fa644457dd4abd6684244fcaf6fd3') in 0.002 seconds [static and dynamic dependencies]. Details - ImportResultOutputID=20b226f4e598cf2ff89792a0143615c7 DependenciesID=213cb7d270f10c170eaf18e382fe56d8 StaticDependenciesID=e8d8222f56f40ab83c5b49099f1b6c38 
Number of updated asset objects reloaded before import = 0
Number of asset objects unloaded after import = 0
========================================================================
Received Import Request.
  Time of request: 2026-10-09T14:09:49.099658Z
  Time since last request: 0.00015036 seconds.
  importAddress: GUID: 4b330c648826541b7834608b434d4476 - Path: Packages/com.unity.collab-proxy/Editor/Diff/Text/TextEditorScrollEvents.cs - Importer: ScriptedImporter/UnityEditor.QuickSearchModule:UnityEditor.Search:ASIAI0B
Importing 'GUID: 4b330c648826541b7834608b434d4476 - Path: Packages/com.unity.collab-proxy/Editor/Diff/Text/TextEditorScrollEvents.cs - Importer: ScriptedImporter/UnityEditor.QuickSearchModule:UnityEditor.Search:ASIAI0B' with importer (ScriptedImporter : UnityEditor.QuickSearchModule:UnityEditor.Search:ASIAI0B)
Imported 'GUID: 4b330c648826541b7834608b434d4476' -> (Import Result ID: '77f9278cc9bb695c7cc1fff6b4c9065b') in 0.001 seconds [static and dynamic dependencies]. Details - ImportResultOutputID=8ee3cb85c630d3e32bd8f526229ae259 DependenciesID=0e211e5e081f6c8e3d3cf71af9f1edc7 StaticDependenciesID=6ae4fe227bb19e27a19bf8cda4a3da71 
Number of updated asset objects reloaded before import = 0
Number of asset objects unloaded after import = 0
========================================================================
Received Import Request.
  Time of request: 2026-10-09T14:09:49.108598Z
  Time since last request: 0.000425645 seconds.
  importAddress: GUID: 8c069d7fb0d30cf499458f0d9c9fe035 - Path: Packages/com.unity.collab-proxy/Editor/UI/Errors/ErrorsListHeaderState.cs - Importer: ScriptedImporter/UnityEditor.QuickSearchModule:UnityEditor.Search:ASIAI0B
Importing 'GUID: 8c069d7fb0d30cf499458f0d9c9fe035 - Path: Packages/com.unity.collab-proxy/Editor/UI/Errors/ErrorsListHeaderState.cs - Importer: ScriptedImporter/UnityEditor.QuickSearchModule:UnityEditor.Search:ASIAI0B' with importer (ScriptedImporter : UnityEditor.QuickSearchModule:UnityEditor.Search:ASIAI0B)
Imported 'GUID: 8c069d7fb0d30cf499458f0d9c9fe035' -> (Import Result ID: '2f9e2a10c45b5e9d934cad64c47e9eaf') in 0.002 seconds [static and dynamic dependencies]. Details - ImportResultOutputID=edd74db8547287815ff325c897f0c9f1 DependenciesID=e7ecaf1db93f3f4a95533f93c1c89ac7 StaticDependenciesID=07a62fc51f7b4259b3a82829c9101b8b 
Number of updated asset objects reloaded before import = 0
Number of asset objects unloaded after import = 0
========================================================================
Received Import Request.
  Time of request: 2026-10-09T14:09:49.1175Z
  Time since last request: 0.000407861 seconds.
  importAddress: GUID: 8497dad3a6163fe40a30ca297edd7b2d - Path: Packages/com.unity.collab-proxy/Editor/UI/Tree/ListViewItemIds.cs - Importer: ScriptedImporter/UnityEditor.QuickSearchModule:UnityEditor.Search:ASIAI0B
Importing 'GUID: 8497dad3a6163fe40a30ca297edd7b2d - Path: Packages/com.unity.collab-proxy/Editor/UI/Tree/ListViewItemIds.cs - Importer: ScriptedImporter/UnityEditor.QuickSearchModule:UnityEditor.Search:ASIAI0B' with importer (ScriptedImporter : UnityEditor.QuickSearchModule:UnityEditor.Search:ASIAI0B)
Imported 'GUID: 8497dad3a6163fe40a30ca297edd7b2d' -> (Import Result ID: '28166a1a627ce21e75c9856a04f7482e') in 0.002 seconds [static and dynamic dependencies]. Details - ImportResultOutputID=86031ba0d078d2ffd694d4ec1cf7bb50 DependenciesID=cd1955f5d3ff2ce2dd0f1139e45b0824 StaticDependenciesID=09bdadee1cc14edaba985999cb31bb18 
Number of updated asset objects reloaded before import = 0
Number of asset objects unloaded after import = 0
========================================================================
Received Import Request.
  Time of request: 2026-10-09T14:09:49.126441Z
  Time since last request: 0.000368428 seconds.
  importAddress: GUID: 595175d7af8f8234a9336a60e33b4f32 - Path: Packages/com.unity.collab-proxy/Editor/UI/Tree/DrawTreeViewItem.cs - Importer: ScriptedImporter/UnityEditor.QuickSearchModule:UnityEditor.Search:ASIAI0B
Importing 'GUID: 595175d7af8f8234a9336a60e33b4f32 - Path: Packages/com.unity.collab-proxy/Editor/UI/Tree/DrawTreeViewItem.cs - Importer: ScriptedImporter/UnityEditor.QuickSearchModule:UnityEditor.Search:ASIAI0B' with importer (ScriptedImporter : UnityEditor.QuickSearchModule:UnityEditor.Search:ASIAI0B)
Imported 'GUID: 595175d7af8f8234a9336a60e33b4f32' -> (Import Result ID: '96ebfc1cba7d0c650fd45b2ac88ab6e5') in 0.001 seconds [static and dynamic dependencies]. Details - ImportResultOutputID=f201686d6c190b7abef1be891ebc25f6 DependenciesID=2361771c611bb15f98ca8c161b1b9e90 StaticDependenciesID=c2428e89150ab02e563a25c8c78e67d1 
Number of updated asset objects reloaded before import = 0
Number of asset objects unloaded after import = 0
========================================================================
Received Import Request.
  Time of request: 2026-10-09T14:09:49.134948Z
  Time since last request: 0.000416798 seconds.
  importAddress: GUID: daa34ff7d97bebd41866fd45e507c80e - Path: Packages/com.unity.collab-proxy/Editor/UI/UIElements/UIElementsExtensions.cs - Importer: ScriptedImporter/UnityEditor.QuickSearchModule:UnityEditor.Search:ASIAI0B
Importing 'GUID: daa34ff7d97bebd41866fd45e507c80e - Path: Packages/com.unity.collab-proxy/Editor/UI/UIElements/UIElementsExtensions.cs - Importer: ScriptedImporter/UnityEditor.QuickSearchModule:UnityEditor.Search:ASIAI0B' with importer (ScriptedImporter : UnityEditor.QuickSearchModule:UnityEditor.Search:ASIAI0B)
Imported 'GUID: daa34ff7d97bebd41866fd45e507c80e' -> (Import Result ID: 'a86fb8256274398e4fbd4686ff3e5b95') in 0.002 seconds [static and dynamic dependencies]. Details - ImportResultOutputID=a694c26a51b206564b8c02545657c7dc DependenciesID=9f25ffa50d32fe472ea3e8275346adb3 StaticDependenciesID=2b9487870d177ae3c0eacf187fb782e8 
Number of updated asset objects reloaded before import = 0
Number of asset objects unloaded after import = 0
========================================================================
Received Import Request.
  Time of request: 2026-10-09T14:09:49.143861Z
  Time since last request: 0.000446884 seconds.
  importAddress: GUID: 2986eff1677c33345b223bdaaee2d284 - Path: Packages/com.unity.collab-proxy/Editor/UI/Tree/TreeViewItemIds.cs - Importer: ScriptedImporter/UnityEditor.QuickSearchModule:UnityEditor.Search:ASIAI0B
Importing 'GUID: 2986eff1677c33345b223bdaaee2d284 - Path: Packages/com.unity.collab-proxy/Editor/UI/Tree/TreeViewItemIds.cs - Importer: ScriptedImporter/UnityEditor.QuickSearchModule:UnityEditor.Search:ASIAI0B' with importer (ScriptedImporter : UnityEditor.QuickSearchModule:UnityEditor.Search:ASIAI0B)
Imported 'GUID: 2986eff1677c33345b223bdaaee2d284' -> (Import Result ID: '606e7835f30ba3dc017fb8dff02743fc') in 0.001 seconds [static and dynamic dependencies]. Details - ImportResultOutputID=af77db29a33070a79019c8b8b686d342 DependenciesID=974b9bcce5c7a75f8dfbbd44a8bd9401 StaticDependenciesID=9fb347c3ed2ecf92bb6a85e164f31d63 
Number of updated asset objects reloaded before import = 0
Number of asset objects unloaded after import = 0
========================================================================
Received Import Request.
  Time of request: 2026-10-09T14:09:49.152113Z
  Time since last request: 0.000310419 seconds.
  importAddress: GUID: 608efd4e185fb9440bb8550d98e20ca4 - Path: Packages/com.unity.collab-proxy/Editor/Hub/Operations/DownloadRepository.cs - Importer: ScriptedImporter/UnityEditor.QuickSearchModule:UnityEditor.Search:ASIAI0B
Importing 'GUID: 608efd4e185fb9440bb8550d98e20ca4 - Path: Packages/com.unity.collab-proxy/Editor/Hub/Operations/DownloadRepository.cs - Importer: ScriptedImporter/UnityEditor.QuickSearchModule:UnityEditor.Search:ASIAI0B' with importer (ScriptedImporter : UnityEditor.QuickSearchModule:UnityEditor.Search:ASIAI0B)
Imported 'GUID: 608efd4e185fb9440bb8550d98e20ca4' -> (Import Result ID: '3d097b744a80b7d078dee944037921df') in 0.001 seconds [static and dynamic dependencies]. Details - ImportResultOutputID=17e2c049074f7854a379530d912ed838 DependenciesID=7b1069d952da3f0c8e8eea835c61eb07 StaticDependenciesID=8e206713760075870bcfffec8020e065 
Number of updated asset objects reloaded before import = 0
Number of asset objects unloaded after import = 0
========================================================================
Received Import Request.
  Time of request: 2026-10-09T14:09:49.160994Z
  Time since last request: 0.00064812 seconds.
  importAddress: GUID: e27c01b3192a4dcfbd46563a4acacd59 - Path: Packages/com.unity.collab-proxy/Editor/UI/Errors/ErrorsDialog.cs - Importer: ScriptedImporter/UnityEditor.QuickSearchModule:UnityEditor.Search:ASIAI0B
Importing 'GUID: e27c01b3192a4dcfbd46563a4acacd59 - Path: Packages/com.unity.collab-proxy/Editor/UI/Errors/ErrorsDialog.cs - Importer: ScriptedImporter/UnityEditor.QuickSearchModule:UnityEditor.Search:ASIAI0B' with importer (ScriptedImporter : UnityEditor.QuickSearchModule:UnityEditor.Search:ASIAI0B)
Imported 'GUID: e27c01b3192a4dcfbd46563a4acacd59' -> (Import Result ID: '258f7597e489a3e5190b7d25dfd9cb4b') in 0.002 seconds [static and dynamic dependencies]. Details - ImportResultOutputID=01d97faa1b35ccac0f945a4b17bb973c DependenciesID=20c5a193c0de054f2e32b7b02eba38a0 StaticDependenciesID=e07e425fb99c8a16a84abc8f5941f6f2 
Number of updated asset objects reloaded before import = 0
Number of asset objects unloaded after import = 0
========================================================================
Received Import Request.
  Time of request: 2026-10-09T14:09:49.169809Z
  Time since last request: 0.000532954 seconds.
  importAddress: GUID: 0afb4c6d979970647841ee14a55b8d25 - Path: Packages/com.unity.collab-proxy/Editor/UI/Avatar/GetAvatar.cs - Importer: ScriptedImporter/UnityEditor.QuickSearchModule:UnityEditor.Search:ASIAI0B
Importing 'GUID: 0afb4c6d979970647841ee14a55b8d25 - Path: Packages/com.unity.collab-proxy/Editor/UI/Avatar/GetAvatar.cs - Importer: ScriptedImporter/UnityEditor.QuickSearchModule:UnityEditor.Search:ASIAI0B' with importer (ScriptedImporter : UnityEditor.QuickSearchModule:UnityEditor.Search:ASIAI0B)
Imported 'GUID: 0afb4c6d979970647841ee14a55b8d25' -> (Import Result ID: '86ef99bc7ee95aabc61ecc466434599b') in 0.001 seconds [static and dynamic dependencies]. Details - ImportResultOutputID=1f8b0f4c2e868990cde7733fc19210a1 DependenciesID=dd7bd0545d53a945d51329b8ea42640c StaticDependenciesID=2aacf8850a62435952aae4aabf8e6fc8 
Number of updated asset objects reloaded before import = 0
Number of asset objects unloaded after import = 0
========================================================================
Received Import Request.
  Time of request: 2026-10-09T14:09:49.178312Z
  Time since last request: 0.000441474 seconds.
  importAddress: GUID: 1234b834dc1882e4d8e25b2f6cd9d6d6 - Path: Packages/com.unity.collab-proxy/Editor/UI/Tree/TreeViewSessionState.cs - Importer: ScriptedImporter/UnityEditor.QuickSearchModule:UnityEditor.Search:ASIAI0B
Importing 'GUID: 1234b834dc1882e4d8e25b2f6cd9d6d6 - Path: Packages/com.unity.collab-proxy/Editor/UI/Tree/TreeViewSessionState.cs - Importer: ScriptedImporter/UnityEditor.QuickSearchModule:UnityEditor.Search:ASIAI0B' with importer (ScriptedImporter : UnityEditor.QuickSearchModule:UnityEditor.Search:ASIAI0B)
Imported 'GUID: 1234b834dc1882e4d8e25b2f6cd9d6d6' -> (Import Result ID: '8e548f80f1d63323dff1779b8d47321a') in 0.001 seconds [static and dynamic dependencies]. Details - ImportResultOutputID=051a6fa056c5f738ca82e036f0eefd96 DependenciesID=d6fa9c6fd96b951dfa2bda7b406a0116 StaticDependenciesID=eaf0854d896842ac8887cf6d7b0a828a 
Number of updated asset objects reloaded before import = 0
Number of asset objects unloaded after import = 0
========================================================================
Received Import Request.
  Time of request: 2026-10-09T14:09:49.186434Z
  Time since last request: 0.000548103 seconds.
  importAddress: GUID: 92adf24130b54e35b6b5830788e8150a - Path: Packages/com.unity.collab-proxy/Editor/UI/UIElements/CursorExtensions.cs - Importer: ScriptedImporter/UnityEditor.QuickSearchModule:UnityEditor.Search:ASIAI0B
Importing 'GUID: 92adf24130b54e35b6b5830788e8150a - Path: Packages/com.unity.collab-proxy/Editor/UI/UIElements/CursorExtensions.cs - Importer: ScriptedImporter/UnityEditor.QuickSearchModule:UnityEditor.Search:ASIAI0B' with importer (ScriptedImporter : UnityEditor.QuickSearchModule:UnityEditor.Search:ASIAI0B)
Imported 'GUID: 92adf24130b54e35b6b5830788e8150a' -> (Import Result ID: '5867f03fa1a4aec4a14396285f909e39') in 0.001 seconds [static and dynamic dependencies]. Details - ImportResultOutputID=5801ba56b294fd3760ff55ba89e82bbe DependenciesID=ef2c6cd78263a9a1f3f0645fc8c233ad StaticDependenciesID=0b9e79f519b98acacdf91cf5ba5b9d71 
Number of updated asset objects reloaded before import = 0
Number of asset objects unloaded after import = 0
========================================================================
Received Import Request.
  Time of request: 2026-10-09T14:09:49.194657Z
  Time since last request: 0.000318063 seconds.
  importAddress: GUID: 71c34e5fa319ca644b6806e573c33d88 - Path: Packages/com.unity.collab-proxy/Editor/UI/Errors/ErrorListViewItem.cs - Importer: ScriptedImporter/UnityEditor.QuickSearchModule:UnityEditor.Search:ASIAI0B
Importing 'GUID: 71c34e5fa319ca644b6806e573c33d88 - Path: Packages/com.unity.collab-proxy/Editor/UI/Errors/ErrorListViewItem.cs - Importer: ScriptedImporter/UnityEditor.QuickSearchModule:UnityEditor.Search:ASIAI0B' with importer (ScriptedImporter : UnityEditor.QuickSearchModule:UnityEditor.Search:ASIAI0B)
Imported 'GUID: 71c34e5fa319ca644b6806e573c33d88' -> (Import Result ID: '3826d83e8bed8070433cbb7daf0318a4') in 0.002 seconds [static and dynamic dependencies]. Details - ImportResultOutputID=cb106a58736b8a8567e190d38d1aedb3 DependenciesID=81c11bd72eab75e6a92ce87013ff6a17 StaticDependenciesID=53323408c811cb5fd679fca8407b905b 
Number of updated asset objects reloaded before import = 0
Number of asset objects unloaded after import = 0
========================================================================
Received Import Request.
  Time of request: 2026-10-09T14:09:49.202929Z
  Time since last request: 0.00026231 seconds.
  importAddress: GUID: ab0090fd6aa8c604a828244d4ba93c84 - Path: Packages/com.unity.collab-proxy/Editor/UI/Progress/DrawProgressForViews.cs - Importer: ScriptedImporter/UnityEditor.QuickSearchModule:UnityEditor.Search:ASIAI0B
Importing 'GUID: ab0090fd6aa8c604a828244d4ba93c84 - Path: Packages/com.unity.collab-proxy/Editor/UI/Progress/DrawProgressForViews.cs - Importer: ScriptedImporter/UnityEditor.QuickSearchModule:UnityEditor.Search:ASIAI0B' with importer (ScriptedImporter : UnityEditor.QuickSearchModule:UnityEditor.Search:ASIAI0B)
Imported 'GUID: ab0090fd6aa8c604a828244d4ba93c84' -> (Import Result ID: '3f793de53ed8992e420784e05a52bdc8') in 0.001 seconds [static and dynamic dependencies]. Details - ImportResultOutputID=eb90fb25bf8d3e5d8af7895850bca2ab DependenciesID=27d276beed60b644b83aaa8b7fe9c9a1 StaticDependenciesID=1d31b604655959f15a0adbb6af9f0d0a 
Number of updated asset objects reloaded before import = 0
Number of asset objects unloaded after import = 0
========================================================================
Received Import Request.
  Time of request: 2026-10-09T14:09:49.211447Z
  Time since last request: 0.000283299 seconds.
  importAddress: GUID: e25247e927f5487dadfb4ca0082dc22c - Path: Packages/com.unity.collab-proxy/Editor/Diff/Text/TextEditorExtensions.cs - Importer: ScriptedImporter/UnityEditor.QuickSearchModule:UnityEditor.Search:ASIAI0B
Importing 'GUID: e25247e927f5487dadfb4ca0082dc22c - Path: Packages/com.unity.collab-proxy/Editor/Diff/Text/TextEditorExtensions.cs - Importer: ScriptedImporter/UnityEditor.QuickSearchModule:UnityEditor.Search:ASIAI0B' with importer (ScriptedImporter : UnityEditor.QuickSearchModule:UnityEditor.Search:ASIAI0B)
Imported 'GUID: e25247e927f5487dadfb4ca0082dc22c' -> (Import Result ID: 'f2f33ec658a849a9ac3843e4ea4397c4') in 0.002 seconds [static and dynamic dependencies]. Details - ImportResultOutputID=0e464f1602b18bacd3bd3c35da5dc419 DependenciesID=fc01afde77e13f541570ce47e2bedaa6 StaticDependenciesID=6c8f947187ae2a3a3e3642b4082aa155 
Number of updated asset objects reloaded before import = 0
Number of asset objects unloaded after import = 0
========================================================================
Received Import Request.
  Time of request: 2026-10-09T14:09:49.22007Z
  Time since last request: 0.000470137 seconds.
  importAddress: GUID: 59491e42fa7743e193e65d5c778cd8b2 - Path: Packages/com.unity.collab-proxy/Editor/UI/UIElements/KeyboardEvents.cs - Importer: ScriptedImporter/UnityEditor.QuickSearchModule:UnityEditor.Search:ASIAI0B
Importing 'GUID: 59491e42fa7743e193e65d5c778cd8b2 - Path: Packages/com.unity.collab-proxy/Editor/UI/UIElements/KeyboardEvents.cs - Importer: ScriptedImporter/UnityEditor.QuickSearchModule:UnityEditor.Search:ASIAI0B' with importer (ScriptedImporter : UnityEditor.QuickSearchModule:UnityEditor.Search:ASIAI0B)
Imported 'GUID: 59491e42fa7743e193e65d5c778cd8b2' -> (Import Result ID: '2d1dcde9c57b68687d38db4029694c57') in 0.001 seconds [static and dynamic dependencies]. Details - ImportResultOutputID=6143e606a9e0a2411de19aed6ecd6421 DependenciesID=cad1f6959fd4ac06a7b5f95e83e2630d StaticDependenciesID=4dce077bc5966cf530afd8d0f34450ff 
Number of updated asset objects reloaded before import = 0
Number of asset objects unloaded after import = 0
========================================================================
Received Import Request.
  Time of request: 2026-10-09T14:09:49.239842Z
  Time since last request: 0.012142926 seconds.
  importAddress: GUID: ba4e6e12f66973142a87299287cb34dc - Path: Packages/com.unity.collab-proxy/Editor/Views/Diff/DiffTreeView.cs - Importer: ScriptedImporter/UnityEditor.QuickSearchModule:UnityEditor.Search:ASIAI0B
Importing 'GUID: ba4e6e12f66973142a87299287cb34dc - Path: Packages/com.unity.collab-proxy/Editor/Views/Diff/DiffTreeView.cs - Importer: ScriptedImporter/UnityEditor.QuickSearchModule:UnityEditor.Search:ASIAI0B' with importer (ScriptedImporter : UnityEditor.QuickSearchModule:UnityEditor.Search:ASIAI0B)
Imported 'GUID: ba4e6e12f66973142a87299287cb34dc' -> (Import Result ID: 'cdfd883cdc584b3eec1fa694cc83b84e') in 0.001 seconds [static and dynamic dependencies]. Details - ImportResultOutputID=63704d869e8921b4fa36cefc41d5fcb8 DependenciesID=c2186953a1ced8e7ca19a69ccb6d0dc8 StaticDependenciesID=64ded7537b26c232833165868bd64bb0 
Number of updated asset objects reloaded before import = 0
Number of asset objects unloaded after import = 0
========================================================================
Received Import Request.
  Time of request: 2026-10-09T14:09:49.248426Z
  Time since last request: 0.000384798 seconds.
  importAddress: GUID: a1f5156c89fd104459e8ec0cc3098899 - Path: Packages/com.unity.collab-proxy/Editor/Views/Branch/BranchesViewMenu.cs - Importer: ScriptedImporter/UnityEditor.QuickSearchModule:UnityEditor.Search:ASIAI0B
Importing 'GUID: a1f5156c89fd104459e8ec0cc3098899 - Path: Packages/com.unity.collab-proxy/Editor/Views/Branch/BranchesViewMenu.cs - Importer: ScriptedImporter/UnityEditor.QuickSearchModule:UnityEditor.Search:ASIAI0B' with importer (ScriptedImporter : UnityEditor.QuickSearchModule:UnityEditor.Search:ASIAI0B)
Imported 'GUID: a1f5156c89fd104459e8ec0cc3098899' -> (Import Result ID: '50080e350b8e6e05e442beb0d2c295c4') in 0.001 seconds [static and dynamic dependencies]. Details - ImportResultOutputID=e5510444268ebf8d66873f918f02d0b8 DependenciesID=7537aed7d6b2f7bf4df3ecc9f76b4159 StaticDependenciesID=01d14f1164b9a7175279a8403c3d2558 
Number of updated asset objects reloaded before import = 0
Number of asset objects unloaded after import = 0
========================================================================
Received Import Request.
  Time of request: 2026-10-09T14:09:49.256458Z
  Time since last request: 0.000312042 seconds.
  importAddress: GUID: e42e390569d09c044ab8d2b69d4215ad - Path: Packages/com.unity.collab-proxy/Editor/Views/Changesets/SerializableChangesetsTabState.cs - Importer: ScriptedImporter/UnityEditor.QuickSearchModule:UnityEditor.Search:ASIAI0B
Importing 'GUID: e42e390569d09c044ab8d2b69d4215ad - Path: Packages/com.unity.collab-proxy/Editor/Views/Changesets/SerializableChangesetsTabState.cs - Importer: ScriptedImporter/UnityEditor.QuickSearchModule:UnityEditor.Search:ASIAI0B' with importer (ScriptedImporter : UnityEditor.QuickSearchModule:UnityEditor.Search:ASIAI0B)
Imported 'GUID: e42e390569d09c044ab8d2b69d4215ad' -> (Import Result ID: '0edc21dacd7962809057ba6697e3777a') in 0.001 seconds [static and dynamic dependencies]. Details - ImportResultOutputID=a66ab1866cb185262484c69cce5729bd DependenciesID=c8859db17b6742adf21a3cc186a3aeab StaticDependenciesID=7cffc98d872e21c1f8dfd90bcd4a00ba 
Number of updated asset objects reloaded before import = 0
Number of asset objects unloaded after import = 0
========================================================================
Received Import Request.
  Time of request: 2026-10-09T14:09:49.265011Z
  Time since last request: 0.0003164 seconds.
  importAddress: GUID: 064a7a3d9b9b458f87abe1ec38227570 - Path: Packages/com.unity.collab-proxy/Editor/UVCSToolbar/PopupWindow/PopupWindowDrawing.cs - Importer: ScriptedImporter/UnityEditor.QuickSearchModule:UnityEditor.Search:ASIAI0B
Importing 'GUID: 064a7a3d9b9b458f87abe1ec38227570 - Path: Packages/com.unity.collab-proxy/Editor/UVCSToolbar/PopupWindow/PopupWindowDrawing.cs - Importer: ScriptedImporter/UnityEditor.QuickSearchModule:UnityEditor.Search:ASIAI0B' with importer (ScriptedImporter : UnityEditor.QuickSearchModule:UnityEditor.Search:ASIAI0B)
Imported 'GUID: 064a7a3d9b9b458f87abe1ec38227570' -> (Import Result ID: '5bbc17480162e0467770c0ab166e0160') in 0.002 seconds [static and dynamic dependencies]. Details - ImportResultOutputID=8e63364109d0eada06dc6ace4fbbe990 DependenciesID=dc91b1b372932772596ef97b9c2b3862 StaticDependenciesID=34eea5b167d12a1e82772dbf175da5bd 
Number of updated asset objects reloaded before import = 0
Number of asset objects unloaded after import = 0
========================================================================
Received Import Request.
  Time of request: 2026-10-09T14:09:49.275039Z
  Time since last request: 0.00042317 seconds.
  importAddress: GUID: 7ff9581aa143f4d41b4e351881b8f459 - Path: Packages/com.unity.collab-proxy/Editor/Views/Changesets/ChangesetsListHeaderState.cs - Importer: ScriptedImporter/UnityEditor.QuickSearchModule:UnityEditor.Search:ASIAI0B
Importing 'GUID: 7ff9581aa143f4d41b4e351881b8f459 - Path: Packages/com.unity.collab-proxy/Editor/Views/Changesets/ChangesetsListHeaderState.cs - Importer: ScriptedImporter/UnityEditor.QuickSearchModule:UnityEditor.Search:ASIAI0B' with importer (ScriptedImporter : UnityEditor.QuickSearchModule:UnityEditor.Search:ASIAI0B)
Imported 'GUID: 7ff9581aa143f4d41b4e351881b8f459' -> (Import Result ID: '89ba522df12c133453a452c8555b28c7') in 0.001 seconds [static and dynamic dependencies]. Details - ImportResultOutputID=13e00de439435881ba5c4bece44eb9ef DependenciesID=d6313927be7734edcfb6676758890c5f StaticDependenciesID=8cd07ca5261d092c97870dc4f8dbc1e2 
Number of updated asset objects reloaded before import = 0
Number of asset objects unloaded after import = 0
========================================================================
Received Import Request.
  Time of request: 2026-10-09T14:09:49.284594Z
  Time since last request: 0.000512647 seconds.
  importAddress: GUID: ed6af67100cc4771885346e6963669f6 - Path: Packages/com.unity.collab-proxy/Editor/Views/Attributes/AttributesPanel.cs - Importer: ScriptedImporter/UnityEditor.QuickSearchModule:UnityEditor.Search:ASIAI0B
Importing 'GUID: ed6af67100cc4771885346e6963669f6 - Path: Packages/com.unity.collab-proxy/Editor/Views/Attributes/AttributesPanel.cs - Importer: ScriptedImporter/UnityEditor.QuickSearchModule:UnityEditor.Search:ASIAI0B' with importer (ScriptedImporter : UnityEditor.QuickSearchModule:UnityEditor.Search:ASIAI0B)
Imported 'GUID: ed6af67100cc4771885346e6963669f6' -> (Import Result ID: '403350673ae93d00f8a0e1fac62d5ed1') in 0.001 seconds [static and dynamic dependencies]. Details - ImportResultOutputID=d75911e0cc309fe598ddee66c890b632 DependenciesID=dd3caf0b04397d7266f646adcda004d6 StaticDependenciesID=d0937d7d9c59ea0a05cf926db55a836d 
Number of updated asset objects reloaded before import = 0
Number of asset objects unloaded after import = 0
========================================================================
Received Import Request.
  Time of request: 2026-10-09T14:09:49.292997Z
  Time since last request: 0.000437567 seconds.
  importAddress: GUID: 5b6e8a80709e2264eb383ef6b40e181f - Path: Packages/com.unity.collab-proxy/Editor/Views/History/HistoryListHeaderState.cs - Importer: ScriptedImporter/UnityEditor.QuickSearchModule:UnityEditor.Search:ASIAI0B
Importing 'GUID: 5b6e8a80709e2264eb383ef6b40e181f - Path: Packages/com.unity.collab-proxy/Editor/Views/History/HistoryListHeaderState.cs - Importer: ScriptedImporter/UnityEditor.QuickSearchModule:UnityEditor.Search:ASIAI0B' with importer (ScriptedImporter : UnityEditor.QuickSearchModule:UnityEditor.Search:ASIAI0B)
Imported 'GUID: 5b6e8a80709e2264eb383ef6b40e181f' -> (Import Result ID: '3cb65bf2f6a741303ce8b1c39a4111b5') in 0.001 seconds [static and dynamic dependencies]. Details - ImportResultOutputID=d325a8acd3b9b7b742341aa34d537e01 DependenciesID=442d2f0cd34c412600bcf163727e6fc5 StaticDependenciesID=4d62cedcd458071c3c68ae58abb6315d 
Number of updated asset objects reloaded before import = 0
Number of asset objects unloaded after import = 0
========================================================================
Received Import Request.
  Time of request: 2026-10-09T14:09:49.301929Z
  Time since last request: 0.000231131 seconds.
  importAddress: GUID: 0ee79162e06c6984a97600b7c0680611 - Path: Packages/com.unity.collab-proxy/Editor/Views/Diff/DiffPanel.cs - Importer: ScriptedImporter/UnityEditor.QuickSearchModule:UnityEditor.Search:ASIAI0B
Importing 'GUID: 0ee79162e06c6984a97600b7c0680611 - Path: Packages/com.unity.collab-proxy/Editor/Views/Diff/DiffPanel.cs - Importer: ScriptedImporter/UnityEditor.QuickSearchModule:UnityEditor.Search:ASIAI0B' with importer (ScriptedImporter : UnityEditor.QuickSearchModule:UnityEditor.Search:ASIAI0B)
Imported 'GUID: 0ee79162e06c6984a97600b7c0680611' -> (Import Result ID: 'ebf7c9547fa0c4f65e418c70e0364044') in 0.001 seconds [static and dynamic dependencies]. Details - ImportResultOutputID=d9f2797f580bc57f26574bf8d6cc9884 DependenciesID=1edfd74b7c33397f7e1f9e482a4a8af6 StaticDependenciesID=0731565ef8aa8a5ba665ce6d51600ac1 
Number of updated asset objects reloaded before import = 0
Number of asset objects unloaded after import = 0
========================================================================
Received Import Request.
  Time of request: 2026-10-09T14:09:49.310089Z
  Time since last request: 0.000298246 seconds.
  importAddress: GUID: 60f5fb7fb3626214f9d97215fe186cbf - Path: Packages/com.unity.collab-proxy/Editor/Views/CreateWorkspace/ValidRepositoryName.cs - Importer: ScriptedImporter/UnityEditor.QuickSearchModule:UnityEditor.Search:ASIAI0B
Importing 'GUID: 60f5fb7fb3626214f9d97215fe186cbf - Path: Packages/com.unity.collab-proxy/Editor/Views/CreateWorkspace/ValidRepositoryName.cs - Importer: ScriptedImporter/UnityEditor.QuickSearchModule:UnityEditor.Search:ASIAI0B' with importer (ScriptedImporter : UnityEditor.QuickSearchModule:UnityEditor.Search:ASIAI0B)
Imported 'GUID: 60f5fb7fb3626214f9d97215fe186cbf' -> (Import Result ID: '43ad2a99c0d65c6e64da83e0700af183') in 0.002 seconds [static and dynamic dependencies]. Details - ImportResultOutputID=e16e9e4be357ab2aac7c38d43b99e5cd DependenciesID=d5412e1411027295cc0a4bd2b441039b StaticDependenciesID=cdd5a3b1207f6c8b06d2c547786aa2e4 
Number of updated asset objects reloaded before import = 0
Number of asset objects unloaded after import = 0
========================================================================
Received Import Request.
  Time of request: 2026-10-09T14:09:49.318978Z
  Time since last request: 0.000404756 seconds.
  importAddress: GUID: 401c6c6a56164529a2624d9467eb46ca - Path: Packages/com.unity.collab-proxy/Editor/Views/BranchExplorer/SelectedObjectDataUpdater.cs - Importer: ScriptedImporter/UnityEditor.QuickSearchModule:UnityEditor.Search:ASIAI0B
Importing 'GUID: 401c6c6a56164529a2624d9467eb46ca - Path: Packages/com.unity.collab-proxy/Editor/Views/BranchExplorer/SelectedObjectDataUpdater.cs - Importer: ScriptedImporter/UnityEditor.QuickSearchModule:UnityEditor.Search:ASIAI0B' with importer (ScriptedImporter : UnityEditor.QuickSearchModule:UnityEditor.Search:ASIAI0B)
Imported 'GUID: 401c6c6a56164529a2624d9467eb46ca' -> (Import Result ID: '0e0cc9f4629c1beb288ea035d5b79228') in 0.001 seconds [static and dynamic dependencies]. Details - ImportResultOutputID=d01ba79d4dcb55b88beb4cf85efadce7 DependenciesID=f1104e7f529d1b379bc7c85da1553622 StaticDependenciesID=46f6d52bcc9d33c52f4b650890c274f1 
Number of updated asset objects reloaded before import = 0
Number of asset objects unloaded after import = 0
========================================================================
Received Import Request.
  Time of request: 2026-10-09T14:09:49.326793Z
  Time since last request: 0.000429472 seconds.
  importAddress: GUID: 75c9f3ad270d332499854cfab52bb2d7 - Path: Packages/com.unity.collab-proxy/Editor/UI/UndoRedo/UndoRedoTextArea.cs - Importer: ScriptedImporter/UnityEditor.QuickSearchModule:UnityEditor.Search:ASIAI0B
Importing 'GUID: 75c9f3ad270d332499854cfab52bb2d7 - Path: Packages/com.unity.collab-proxy/Editor/UI/UndoRedo/UndoRedoTextArea.cs - Importer: ScriptedImporter/UnityEditor.QuickSearchModule:UnityEditor.Search:ASIAI0B' with importer (ScriptedImporter : UnityEditor.QuickSearchModule:UnityEditor.Search:ASIAI0B)
Imported 'GUID: 75c9f3ad270d332499854cfab52bb2d7' -> (Import Result ID: '3d1f3a70740b4c5b21317a874f397727') in 0.003 seconds [static and dynamic dependencies]. Details - ImportResultOutputID=94fa2607e05d51b7af550dc2eccdadc4 DependenciesID=ab128ccdc7989b17b122b69d2ff3b733 StaticDependenciesID=f56ee54f7e8cc86fef64313cf36458e8 
Number of updated asset objects reloaded before import = 0
Number of asset objects unloaded after import = 0
========================================================================
Received Import Request.
  Time of request: 2026-10-09T14:09:49.336593Z
  Time since last request: 0.000216364 seconds.
  importAddress: GUID: 56ea95e3e56f40af895e3479028feb82 - Path: Packages/com.unity.collab-proxy/Editor/Views/Attributes/CreateAttributeView.cs - Importer: ScriptedImporter/UnityEditor.QuickSearchModule:UnityEditor.Search:ASIAI0B
Importing 'GUID: 56ea95e3e56f40af895e3479028feb82 - Path: Packages/com.unity.collab-proxy/Editor/Views/Attributes/CreateAttributeView.cs - Importer: ScriptedImporter/UnityEditor.QuickSearchModule:UnityEditor.Search:ASIAI0B' with importer (ScriptedImporter : UnityEditor.QuickSearchModule:UnityEditor.Search:ASIAI0B)
Imported 'GUID: 56ea95e3e56f40af895e3479028feb82' -> (Import Result ID: 'cdb72124460c11c660092fbbd255ad5d') in 0.001 seconds [static and dynamic dependencies]. Details - ImportResultOutputID=378463873770c7b98dbca65c5b55cac6 DependenciesID=50e1e5e8e73ba39d1a88100301121f5c StaticDependenciesID=a603342817840a32a743ee67ba0f09cf 
Number of updated asset objects reloaded before import = 0
Number of asset objects unloaded after import = 0
========================================================================
Received Import Request.
  Time of request: 2026-10-09T14:09:49.344185Z
  Time since last request: 0.000367997 seconds.
  importAddress: GUID: 7d5374a12bef4020a4e16051c301ba71 - Path: Packages/com.unity.collab-proxy/Editor/Views/Attributes/AttributePanel.cs - Importer: ScriptedImporter/UnityEditor.QuickSearchModule:UnityEditor.Search:ASIAI0B
Importing 'GUID: 7d5374a12bef4020a4e16051c301ba71 - Path: Packages/com.unity.collab-proxy/Editor/Views/Attributes/AttributePanel.cs - Importer: ScriptedImporter/UnityEditor.QuickSearchModule:UnityEditor.Search:ASIAI0B' with importer (ScriptedImporter : UnityEditor.QuickSearchModule:UnityEditor.Search:ASIAI0B)
Imported 'GUID: 7d5374a12bef4020a4e16051c301ba71' -> (Import Result ID: '55d61c3effb26901f682076934884f1a') in 0.001 seconds [static and dynamic dependencies]. Details - ImportResultOutputID=3e9f0e0f1e2bcf27ecd66376dd6a76a7 DependenciesID=3e98bb071ec4f0fd8c4c853d7da78a84 StaticDependenciesID=73a3d5467e358a95e7448a56f4970381 
Number of updated asset objects reloaded before import = 0
Number of asset objects unloaded after import = 0
========================================================================
Received Import Request.
  Time of request: 2026-10-09T14:09:49.352166Z
  Time since last request: 0.000338431 seconds.
  importAddress: GUID: b6b66fe771b04a66a438c93ccea06aa4 - Path: Packages/com.unity.collab-proxy/Editor/Views/BranchExplorer/KeyboardActions.cs - Importer: ScriptedImporter/UnityEditor.QuickSearchModule:UnityEditor.Search:ASIAI0B
Importing 'GUID: b6b66fe771b04a66a438c93ccea06aa4 - Path: Packages/com.unity.collab-proxy/Editor/Views/BranchExplorer/KeyboardActions.cs - Importer: ScriptedImporter/UnityEditor.QuickSearchModule:UnityEditor.Search:ASIAI0B' with importer (ScriptedImporter : UnityEditor.QuickSearchModule:UnityEditor.Search:ASIAI0B)
Imported 'GUID: b6b66fe771b04a66a438c93ccea06aa4' -> (Import Result ID: 'a52fdb48af609a8d3157900b7ff7114e') in 0.001 seconds [static and dynamic dependencies]. Details - ImportResultOutputID=6d08735599f945672dd2716846406878 DependenciesID=d5b54ea6e581650f74d560ef65303a8e StaticDependenciesID=272667889ae9c0d2c8e2eb7e9485bd9c 
Number of updated asset objects reloaded before import = 0
Number of asset objects unloaded after import = 0
========================================================================
Received Import Request.
  Time of request: 2026-10-09T14:09:49.360531Z
  Time since last request: 0.000641758 seconds.
  importAddress: GUID: 3fdd86a000d1ef04094416eefed53087 - Path: Packages/com.unity.collab-proxy/Editor/Views/Diff/ClientDiffTreeViewItem.cs - Importer: ScriptedImporter/UnityEditor.QuickSearchModule:UnityEditor.Search:ASIAI0B
Importing 'GUID: 3fdd86a000d1ef04094416eefed53087 - Path: Packages/com.unity.collab-proxy/Editor/Views/Diff/ClientDiffTreeViewItem.cs - Importer: ScriptedImporter/UnityEditor.QuickSearchModule:UnityEditor.Search:ASIAI0B' with importer (ScriptedImporter : UnityEditor.QuickSearchModule:UnityEditor.Search:ASIAI0B)
Imported 'GUID: 3fdd86a000d1ef04094416eefed53087' -> (Import Result ID: '3ec4c5b7edc201d63d8456101772a57e') in 0.001 seconds [static and dynamic dependencies]. Details - ImportResultOutputID=d1dce6277989efd92456bf46788532cc DependenciesID=eda65c9604293e22a9801af508d4f740 StaticDependenciesID=ca8db6676fc818c874d9517330dff0ab 
Number of updated asset objects reloaded before import = 0
Number of asset objects unloaded after import = 0
========================================================================
Received Import Request.
  Time of request: 2026-10-09T14:09:49.369046Z
  Time since last request: 0.000183613 seconds.
  importAddress: GUID: 5ab43506dddfc244ab5b44585140c5a6 - Path: Packages/com.unity.collab-proxy/Editor/Views/Diff/GetClientDiffInfos.cs - Importer: ScriptedImporter/UnityEditor.QuickSearchModule:UnityEditor.Search:ASIAI0B
Importing 'GUID: 5ab43506dddfc244ab5b44585140c5a6 - Path: Packages/com.unity.collab-proxy/Editor/Views/Diff/GetClientDiffInfos.cs - Importer: ScriptedImporter/UnityEditor.QuickSearchModule:UnityEditor.Search:ASIAI0B' with importer (ScriptedImporter : UnityEditor.QuickSearchModule:UnityEditor.Search:ASIAI0B)
Imported 'GUID: 5ab43506dddfc244ab5b44585140c5a6' -> (Import Result ID: 'b1aebc0f7162c093b5ed600666802b85') in 0.001 seconds [static and dynamic dependencies]. Details - ImportResultOutputID=f708a80e321fe226248370bed82f545e DependenciesID=1350d0e98eafb98d2bb31820f2f334e4 StaticDependenciesID=585fa81c938dcfe60afc00f259c714ba 
Number of updated asset objects reloaded before import = 0
Number of asset objects unloaded after import = 0
========================================================================
Received Import Request.
  Time of request: 2026-10-09T14:09:49.377818Z
  Time since last request: 0.000342219 seconds.
  importAddress: GUID: 73306fe71bf092d4495ff28ee02b766b - Path: Packages/com.unity.collab-proxy/Editor/Views/Branch/BranchesSelection.cs - Importer: ScriptedImporter/UnityEditor.QuickSearchModule:UnityEditor.Search:ASIAI0B
Importing 'GUID: 73306fe71bf092d4495ff28ee02b766b - Path: Packages/com.unity.collab-proxy/Editor/Views/Branch/BranchesSelection.cs - Importer: ScriptedImporter/UnityEditor.QuickSearchModule:UnityEditor.Search:ASIAI0B' with importer (ScriptedImporter : UnityEditor.QuickSearchModule:UnityEditor.Search:ASIAI0B)
Imported 'GUID: 73306fe71bf092d4495ff28ee02b766b' -> (Import Result ID: 'c14604af65fb8e18bf9513e353f5cdd5') in 0.001 seconds [static and dynamic dependencies]. Details - ImportResultOutputID=445193d5a0774a2ca5b5256798cf4a05 DependenciesID=0572f76e7820eafc352a85b8e6e508d2 StaticDependenciesID=73b8b00db0c8e76dcb03e94f8c39ae34 
Number of updated asset objects reloaded before import = 0
Number of asset objects unloaded after import = 0
========================================================================
Received Import Request.
  Time of request: 2026-10-09T14:09:49.385753Z
  Time since last request: 0.000312213 seconds.
  importAddress: GUID: b1b8657301e8ead4a9389eda02c15883 - Path: Packages/com.unity.collab-proxy/Editor/Views/History/HistoryListViewItem.cs - Importer: ScriptedImporter/UnityEditor.QuickSearchModule:UnityEditor.Search:ASIAI0B
Importing 'GUID: b1b8657301e8ead4a9389eda02c15883 - Path: Packages/com.unity.collab-proxy/Editor/Views/History/HistoryListViewItem.cs - Importer: ScriptedImporter/UnityEditor.QuickSearchModule:UnityEditor.Search:ASIAI0B' with importer (ScriptedImporter : UnityEditor.QuickSearchModule:UnityEditor.Search:ASIAI0B)
Imported 'GUID: b1b8657301e8ead4a9389eda02c15883' -> (Import Result ID: '0e33e4d2bd234d326d1190a53df3f5ad') in 0.001 seconds [static and dynamic dependencies]. Details - ImportResultOutputID=c00081a4b0fb617c1302c8f8c89e51ac DependenciesID=a4cdf9ea5d5d9257267ebea7323afbf0 StaticDependenciesID=10406e742204a8e0397d4678f493d726 
Number of updated asset objects reloaded before import = 0
Number of asset objects unloaded after import = 0
========================================================================
Received Import Request.
  Time of request: 2026-10-09T14:09:49.393795Z
  Time since last request: 0.000322452 seconds.
  importAddress: GUID: 06e8f2c592322e640ae99a833427b552 - Path: Packages/com.unity.collab-proxy/Editor/Views/Changesets/ChangesetsTab_Operations.cs - Importer: ScriptedImporter/UnityEditor.QuickSearchModule:UnityEditor.Search:ASIAI0B
Importing 'GUID: 06e8f2c592322e640ae99a833427b552 - Path: Packages/com.unity.collab-proxy/Editor/Views/Changesets/ChangesetsTab_Operations.cs - Importer: ScriptedImporter/UnityEditor.QuickSearchModule:UnityEditor.Search:ASIAI0B' with importer (ScriptedImporter : UnityEditor.QuickSearchModule:UnityEditor.Search:ASIAI0B)
Imported 'GUID: 06e8f2c592322e640ae99a833427b552' -> (Import Result ID: '2aa34ec149a87249471385a97675c0fe') in 0.002 seconds [static and dynamic dependencies]. Details - ImportResultOutputID=4d7296ff413be115ab405140ab64225a DependenciesID=d9e1f48a439d805a1bbf970fb5ef70d3 StaticDependenciesID=bd343d3ba4b36308d994d602c4ad6b38 
Number of updated asset objects reloaded before import = 0
Number of asset objects unloaded after import = 0
========================================================================
Received Import Request.
  Time of request: 2026-10-09T14:09:49.402311Z
  Time since last request: 0.000258984 seconds.
  importAddress: GUID: c296f9dc5d327e24398979cca08c62c9 - Path: Packages/com.unity.collab-proxy/Editor/Views/BrowseRepository/BrowseRepositoryTreeView.cs - Importer: ScriptedImporter/UnityEditor.QuickSearchModule:UnityEditor.Search:ASIAI0B
Importing 'GUID: c296f9dc5d327e24398979cca08c62c9 - Path: Packages/com.unity.collab-proxy/Editor/Views/BrowseRepository/BrowseRepositoryTreeView.cs - Importer: ScriptedImporter/UnityEditor.QuickSearchModule:UnityEditor.Search:ASIAI0B' with importer (ScriptedImporter : UnityEditor.QuickSearchModule:UnityEditor.Search:ASIAI0B)
Imported 'GUID: c296f9dc5d327e24398979cca08c62c9' -> (Import Result ID: '3c4e3048de164975ce31836c56f6035b') in 0.001 seconds [static and dynamic dependencies]. Details - ImportResultOutputID=068ef962622d35f5a56bc3fb4a57c64f DependenciesID=b9c103d74139ecb651e9c29250d227a0 StaticDependenciesID=b86245af93fe3c1a100341bff6075517 
Number of updated asset objects reloaded before import = 0
Number of asset objects unloaded after import = 0
========================================================================
Received Import Request.
  Time of request: 2026-10-09T14:09:49.41116Z
  Time since last request: 0.000510844 seconds.
  importAddress: GUID: 1ee8c894c1a3e644fb379a46b41222d7 - Path: Packages/com.unity.collab-proxy/Editor/Views/Filters/FiltersPanel.cs - Importer: ScriptedImporter/UnityEditor.QuickSearchModule:UnityEditor.Search:ASIAI0B
Importing 'GUID: 1ee8c894c1a3e644fb379a46b41222d7 - Path: Packages/com.unity.collab-proxy/Editor/Views/Filters/FiltersPanel.cs - Importer: ScriptedImporter/UnityEditor.QuickSearchModule:UnityEditor.Search:ASIAI0B' with importer (ScriptedImporter : UnityEditor.QuickSearchModule:UnityEditor.Search:ASIAI0B)
Imported 'GUID: 1ee8c894c1a3e644fb379a46b41222d7' -> (Import Result ID: '7a7a0317fc34b03e4a7c3d0711ba57f8') in 0.001 seconds [static and dynamic dependencies]. Details - ImportResultOutputID=5b7537509f2b9afd240973152715add5 DependenciesID=2cb430fa4a06931bfba78015fc1f0951 StaticDependenciesID=acbb58e7f13fa3a24d40afecd5764728 
Number of updated asset objects reloaded before import = 0
Number of asset objects unloaded after import = 0
========================================================================
Received Import Request.
  Time of request: 2026-10-09T14:09:49.435518Z
  Time since last request: 0.016358616 seconds.
  importAddress: GUID: a9298a2c04dfc944bbc6ea156f4e2104 - Path: Packages/com.unity.collab-proxy/Editor/Views/Welcome/WelcomeView.cs - Importer: ScriptedImporter/UnityEditor.QuickSearchModule:UnityEditor.Search:ASIAI0B
Importing 'GUID: a9298a2c04dfc944bbc6ea156f4e2104 - Path: Packages/com.unity.collab-proxy/Editor/Views/Welcome/WelcomeView.cs - Importer: ScriptedImporter/UnityEditor.QuickSearchModule:UnityEditor.Search:ASIAI0B' with importer (ScriptedImporter : UnityEditor.QuickSearchModule:UnityEditor.Search:ASIAI0B)
Imported 'GUID: a9298a2c04dfc944bbc6ea156f4e2104' -> (Import Result ID: '6be6079cff59609e016bbbc631a83545') in 0.001 seconds [static and dynamic dependencies]. Details - ImportResultOutputID=42c239e959856f3c5db1c9194ba197e3 DependenciesID=2d9ff7427820cbf80c500c954c322685 StaticDependenciesID=72d1ee4d17c6cb3c0c97f11a22109b4b 
Number of updated asset objects reloaded before import = 0
Number of asset objects unloaded after import = 0
========================================================================
Received Import Request.
  Time of request: 2026-10-09T14:09:49.443633Z
  Time since last request: 0.000465028 seconds.
  importAddress: GUID: 2f536f0e9a974d75b293f6aee8e2cdf2 - Path: Packages/com.unity.collab-proxy/Editor/Views/Locks/LocksTab.cs - Importer: ScriptedImporter/UnityEditor.QuickSearchModule:UnityEditor.Search:ASIAI0B
Importing 'GUID: 2f536f0e9a974d75b293f6aee8e2cdf2 - Path: Packages/com.unity.collab-proxy/Editor/Views/Locks/LocksTab.cs - Importer: ScriptedImporter/UnityEditor.QuickSearchModule:UnityEditor.Search:ASIAI0B' with importer (ScriptedImporter : UnityEditor.QuickSearchModule:UnityEditor.Search:ASIAI0B)
Imported 'GUID: 2f536f0e9a974d75b293f6aee8e2cdf2' -> (Import Result ID: '279242c65c03a7ddc9b2a6bcf32283a9') in 0.001 seconds [static and dynamic dependencies]. Details - ImportResultOutputID=ac6fcee23ca037930ad9871b61534949 DependenciesID=3dfb0b82ab45f5aa66825c5fdbd7df8c StaticDependenciesID=3fd36719a9a7342cbeda2aa2183f87ad 
Number of updated asset objects reloaded before import = 0
Number of asset objects unloaded after import = 0
========================================================================
Received Import Request.
  Time of request: 2026-10-09T14:09:49.451932Z
  Time since last request: 0.0006106 seconds.
  importAddress: GUID: ce1788184c108ec4d8cbad6b14c4dae6 - Path: Packages/com.unity.collab-proxy/Editor/Views/PendingChanges/CreatedChangesetEmptyStatePanel.cs - Importer: ScriptedImporter/UnityEditor.QuickSearchModule:UnityEditor.Search:ASIAI0B
Importing 'GUID: ce1788184c108ec4d8cbad6b14c4dae6 - Path: Packages/com.unity.collab-proxy/Editor/Views/PendingChanges/CreatedChangesetEmptyStatePanel.cs - Importer: ScriptedImporter/UnityEditor.QuickSearchModule:UnityEditor.Search:ASIAI0B' with importer (ScriptedImporter : UnityEditor.QuickSearchModule:UnityEditor.Search:ASIAI0B)
Imported 'GUID: ce1788184c108ec4d8cbad6b14c4dae6' -> (Import Result ID: 'dbbef64ddfdabe6d0a1e4fadd713be9c') in 0.001 seconds [static and dynamic dependencies]. Details - ImportResultOutputID=11ff056b10cc2ab0425572736f71559e DependenciesID=503f8dd55e315caee2de396e082bf077 StaticDependenciesID=cf5606234e5056738bdf33c8a3bbf3de 
Number of updated asset objects reloaded before import = 0
Number of asset objects unloaded after import = 0
========================================================================
Received Import Request.
  Time of request: 2026-10-09T14:09:49.46024Z
  Time since last request: 0.000604959 seconds.
  importAddress: GUID: 3e8b32f158e489044a2b257700530f05 - Path: Packages/com.unity.collab-proxy/Editor/Views/Welcome/GetInstallerTmpFileName.cs - Importer: ScriptedImporter/UnityEditor.QuickSearchModule:UnityEditor.Search:ASIAI0B
Importing 'GUID: 3e8b32f158e489044a2b257700530f05 - Path: Packages/com.unity.collab-proxy/Editor/Views/Welcome/GetInstallerTmpFileName.cs - Importer: ScriptedImporter/UnityEditor.QuickSearchModule:UnityEditor.Search:ASIAI0B' with importer (ScriptedImporter : UnityEditor.QuickSearchModule:UnityEditor.Search:ASIAI0B)
Imported 'GUID: 3e8b32f158e489044a2b257700530f05' -> (Import Result ID: 'b1cea740183e7dfe66fc0418becacae6') in 0.001 seconds [static and dynamic dependencies]. Details - ImportResultOutputID=4bb90b1ac68c8704420133b8d2c38435 DependenciesID=51ee0af6ffe21b0e7289a83bb0a4e30a StaticDependenciesID=b03d496d1271bc57a6b27fc812a582dd 
Number of updated asset objects reloaded before import = 0
Number of asset objects unloaded after import = 0
========================================================================
Received Import Request.
  Time of request: 2026-10-09T14:09:49.468379Z
  Time since last request: 0.0004499 seconds.
  importAddress: GUID: bcc8e3fcf0e9fb0478604e86fa679bcd - Path: Packages/com.unity.collab-proxy/Editor/Views/Shelves/ShelveListViewItem.cs - Importer: ScriptedImporter/UnityEditor.QuickSearchModule:UnityEditor.Search:ASIAI0B
Importing 'GUID: bcc8e3fcf0e9fb0478604e86fa679bcd - Path: Packages/com.unity.collab-proxy/Editor/Views/Shelves/ShelveListViewItem.cs - Importer: ScriptedImporter/UnityEditor.QuickSearchModule:UnityEditor.Search:ASIAI0B' with importer (ScriptedImporter : UnityEditor.QuickSearchModule:UnityEditor.Search:ASIAI0B)
Imported 'GUID: bcc8e3fcf0e9fb0478604e86fa679bcd' -> (Import Result ID: 'd9a078160ce38472451e7817d07efe2c') in 0.001 seconds [static and dynamic dependencies]. Details - ImportResultOutputID=b664b991a09085fb63f91c4f488e9165 DependenciesID=081556afb9e38b71a2a1078dab7fdfd9 StaticDependenciesID=ec3c37bbfa30f9df64e7411e28caa026 
Number of updated asset objects reloaded before import = 0
Number of asset objects unloaded after import = 0
========================================================================
Received Import Request.
  Time of request: 2026-10-09T14:09:49.476866Z
  Time since last request: 0.000606251 seconds.
  importAddress: GUID: a9e847d045a7744b08c7a37912965cdc - Path: Packages/com.unity.collab-proxy/Editor/Views/PendingChanges/ChangeTreeViewItem.cs - Importer: ScriptedImporter/UnityEditor.QuickSearchModule:UnityEditor.Search:ASIAI0B
Importing 'GUID: a9e847d045a7744b08c7a37912965cdc - Path: Packages/com.unity.collab-proxy/Editor/Views/PendingChanges/ChangeTreeViewItem.cs - Importer: ScriptedImporter/UnityEditor.QuickSearchModule:UnityEditor.Search:ASIAI0B' with importer (ScriptedImporter : UnityEditor.QuickSearchModule:UnityEditor.Search:ASIAI0B)
Imported 'GUID: a9e847d045a7744b08c7a37912965cdc' -> (Import Result ID: '3d7de6c85932e99c3b7958517b9d716c') in 0.001 seconds [static and dynamic dependencies]. Details - ImportResultOutputID=a00c98853d17fbe13ae7fc661e4ded0b DependenciesID=d09060134d7bfb4e9d039e487fd909cc StaticDependenciesID=512169e2ef4e4e7c1d79d510cc3f4f0c 
Number of updated asset objects reloaded before import = 0
Number of asset objects unloaded after import = 0
========================================================================
Received Import Request.
  Time of request: 2026-10-09T14:09:49.484834Z
  Time since last request: 0.000517796 seconds.
  importAddress: GUID: e57affb3c41ab402e86f99747be972a2 - Path: Packages/com.unity.collab-proxy/Editor/Views/PendingChanges/PendingChangesTreeHeaderState.cs - Importer: ScriptedImporter/UnityEditor.QuickSearchModule:UnityEditor.Search:ASIAI0B
Importing 'GUID: e57affb3c41ab402e86f99747be972a2 - Path: Packages/com.unity.collab-proxy/Editor/Views/PendingChanges/PendingChangesTreeHeaderState.cs - Importer: ScriptedImporter/UnityEditor.QuickSearchModule:UnityEditor.Search:ASIAI0B' with importer (ScriptedImporter : UnityEditor.QuickSearchModule:UnityEditor.Search:ASIAI0B)
Imported 'GUID: e57affb3c41ab402e86f99747be972a2' -> (Import Result ID: '7076331d6ce977157fb2b7fd0002c8a2') in 0.001 seconds [static and dynamic dependencies]. Details - ImportResultOutputID=07d12e8b40ac6804ad5375f1007cba2e DependenciesID=97affb4b318cdf908bafe9d1ced4bca9 StaticDependenciesID=5dbe8ae046ce35b49e3969a68a9a51cc 
Number of updated asset objects reloaded before import = 0
Number of asset objects unloaded after import = 0
========================================================================
Received Import Request.
  Time of request: 2026-10-09T14:09:49.493044Z
  Time since last request: 0.000543595 seconds.
  importAddress: GUID: 0f34fdc6653d640839eaa1d2bc1bd538 - Path: Packages/com.unity.collab-proxy/Editor/Views/Locks/LocksViewMenu.cs - Importer: ScriptedImporter/UnityEditor.QuickSearchModule:UnityEditor.Search:ASIAI0B
Importing 'GUID: 0f34fdc6653d640839eaa1d2bc1bd538 - Path: Packages/com.unity.collab-proxy/Editor/Views/Locks/LocksViewMenu.cs - Importer: ScriptedImporter/UnityEditor.QuickSearchModule:UnityEditor.Search:ASIAI0B' with importer (ScriptedImporter : UnityEditor.QuickSearchModule:UnityEditor.Search:ASIAI0B)
Imported 'GUID: 0f34fdc6653d640839eaa1d2bc1bd538' -> (Import Result ID: 'd3607e5734a9cc6e54758e798d83fa49') in 0.001 seconds [static and dynamic dependencies]. Details - ImportResultOutputID=7ba30ac8082a3a5faa2d14815e7eea7c DependenciesID=6ff0e56b492fa1d775f36192df1fb3ea StaticDependenciesID=51f1b5c2714ad10c06ee84b7d5fcd981 
Number of updated asset objects reloaded before import = 0
Number of asset objects unloaded after import = 0
========================================================================
Received Import Request.
  Time of request: 2026-10-09T14:09:49.501413Z
  Time since last request: 0.000449569 seconds.
  importAddress: GUID: 12617ab1a25fb574c85cdfaf5129d59d - Path: Packages/com.unity.collab-proxy/Editor/Views/Shelves/ShelvesListView.cs - Importer: ScriptedImporter/UnityEditor.QuickSearchModule:UnityEditor.Search:ASIAI0B
Importing 'GUID: 12617ab1a25fb574c85cdfaf5129d59d - Path: Packages/com.unity.collab-proxy/Editor/Views/Shelves/ShelvesListView.cs - Importer: ScriptedImporter/UnityEditor.QuickSearchModule:UnityEditor.Search:ASIAI0B' with importer (ScriptedImporter : UnityEditor.QuickSearchModule:UnityEditor.Search:ASIAI0B)
Imported 'GUID: 12617ab1a25fb574c85cdfaf5129d59d' -> (Import Result ID: '4c98c04dfcf4a3cf88de219ce1db197a') in 0.001 seconds [static and dynamic dependencies]. Details - ImportResultOutputID=995946c0a417aa05e2dd4374af8541e6 DependenciesID=812227d7842b88b49f10f92a813e3030 StaticDependenciesID=c86b83f4f664f80c64d7c381d9754d6b 
Number of updated asset objects reloaded before import = 0
Number of asset objects unloaded after import = 0
========================================================================
Received Import Request.
  Time of request: 2026-10-09T14:09:49.510174Z
  Time since last request: 0.000462774 seconds.
  importAddress: GUID: 13f8d9266e8b7224abeb0a7af444fd13 - Path: Packages/com.unity.collab-proxy/Editor/Views/Labels/LabelsSelection.cs - Importer: ScriptedImporter/UnityEditor.QuickSearchModule:UnityEditor.Search:ASIAI0B
Importing 'GUID: 13f8d9266e8b7224abeb0a7af444fd13 - Path: Packages/com.unity.collab-proxy/Editor/Views/Labels/LabelsSelection.cs - Importer: ScriptedImporter/UnityEditor.QuickSearchModule:UnityEditor.Search:ASIAI0B' with importer (ScriptedImporter : UnityEditor.QuickSearchModule:UnityEditor.Search:ASIAI0B)
Imported 'GUID: 13f8d9266e8b7224abeb0a7af444fd13' -> (Import Result ID: '0f3999e9abaf98d2914373f1dab6a1cc') in 0.002 seconds [static and dynamic dependencies]. Details - ImportResultOutputID=7e7c9d9d9c2c82b391ca04daebc878a9 DependenciesID=f9358840b490609ed099367ea5bdb99d StaticDependenciesID=1162d7558d3255d36f2da5de4a3e2189 
Number of updated asset objects reloaded before import = 0
Number of asset objects unloaded after import = 0
========================================================================
Received Import Request.
  Time of request: 2026-10-09T14:09:49.519178Z
  Time since last request: 0.000392903 seconds.
  importAddress: GUID: 05b4d56bb0dca1b458c2e10c2548663b - Path: Packages/com.unity.collab-proxy/Editor/Views/PendingChanges/PendingChangesTab_Operations.cs - Importer: ScriptedImporter/UnityEditor.QuickSearchModule:UnityEditor.Search:ASIAI0B
Importing 'GUID: 05b4d56bb0dca1b458c2e10c2548663b - Path: Packages/com.unity.collab-proxy/Editor/Views/PendingChanges/PendingChangesTab_Operations.cs - Importer: ScriptedImporter/UnityEditor.QuickSearchModule:UnityEditor.Search:ASIAI0B' with importer (ScriptedImporter : UnityEditor.QuickSearchModule:UnityEditor.Search:ASIAI0B)
Imported 'GUID: 05b4d56bb0dca1b458c2e10c2548663b' -> (Import Result ID: 'c46c8f7710eaa79d6c4e84924ea44d75') in 0.001 seconds [static and dynamic dependencies]. Details - ImportResultOutputID=203cb20ae5d365b2b1891547f72bc527 DependenciesID=051422b4989aaab4a3e53cfae6de4f7d StaticDependenciesID=abdd65d9492cf90d62788135c18bb0d3 
Number of updated asset objects reloaded before import = 0
Number of asset objects unloaded after import = 0
========================================================================
Received Import Request.
  Time of request: 2026-10-09T14:09:49.526937Z
  Time since last request: 0.00037498 seconds.
  importAddress: GUID: 135807053f9344668425b329212cc99c - Path: Packages/com.unity.collab-proxy/Editor/Views/Properties/CommentTextArea.cs - Importer: ScriptedImporter/UnityEditor.QuickSearchModule:UnityEditor.Search:ASIAI0B
Importing 'GUID: 135807053f9344668425b329212cc99c - Path: Packages/com.unity.collab-proxy/Editor/Views/Properties/CommentTextArea.cs - Importer: ScriptedImporter/UnityEditor.QuickSearchModule:UnityEditor.Search:ASIAI0B' with importer (ScriptedImporter : UnityEditor.QuickSearchModule:UnityEditor.Search:ASIAI0B)
Imported 'GUID: 135807053f9344668425b329212cc99c' -> (Import Result ID: 'a581186e318d97181ff1d4f32c278623') in 0.001 seconds [static and dynamic dependencies]. Details - ImportResultOutputID=94a26ef6061080d0a9f89771ba99aa14 DependenciesID=d6172da2ed06f3f0263dc3a834a0baa4 StaticDependenciesID=18a1b095c1060c33c857f04cc8249054 
Number of updated asset objects reloaded before import = 0
Number of asset objects unloaded after import = 0
========================================================================
Received Import Request.
  Time of request: 2026-10-09T14:09:49.535278Z
  Time since last request: 0.000649432 seconds.
  importAddress: GUID: c197d289bbe8d4e418c3de49a40fd1b5 - Path: Packages/com.unity.collab-proxy/Editor/Views/Shelves/ShelvesListHeaderState.cs - Importer: ScriptedImporter/UnityEditor.QuickSearchModule:UnityEditor.Search:ASIAI0B
Importing 'GUID: c197d289bbe8d4e418c3de49a40fd1b5 - Path: Packages/com.unity.collab-proxy/Editor/Views/Shelves/ShelvesListHeaderState.cs - Importer: ScriptedImporter/UnityEditor.QuickSearchModule:UnityEditor.Search:ASIAI0B' with importer (ScriptedImporter : UnityEditor.QuickSearchModule:UnityEditor.Search:ASIAI0B)
Imported 'GUID: c197d289bbe8d4e418c3de49a40fd1b5' -> (Import Result ID: 'ba3c607085f11e810383f98c7103ce1c') in 0.001 seconds [static and dynamic dependencies]. Details - ImportResultOutputID=526115b85ed2b8d4c929b6d69cb05ca2 DependenciesID=20d7595fb43575b822ee9dde0cd6ccc4 StaticDependenciesID=5f622f31b1cc1e9d462371c65f001a93 
Number of updated asset objects reloaded before import = 0
Number of asset objects unloaded after import = 0
========================================================================
Received Import Request.
  Time of request: 2026-10-09T14:09:49.543234Z
  Time since last request: 0.00049863 seconds.
  importAddress: GUID: 118b64466f3c7c24e98e147660e2eb98 - Path: Packages/com.unity.collab-proxy/Editor/_Deprecated/WebApi/ChangesetFromCollabCommitResponse.cs - Importer: ScriptedImporter/UnityEditor.QuickSearchModule:UnityEditor.Search:ASIAI0B
Importing 'GUID: 118b64466f3c7c24e98e147660e2eb98 - Path: Packages/com.unity.collab-proxy/Editor/_Deprecated/WebApi/ChangesetFromCollabCommitResponse.cs - Importer: ScriptedImporter/UnityEditor.QuickSearchModule:UnityEditor.Search:ASIAI0B' with importer (ScriptedImporter : UnityEditor.QuickSearchModule:UnityEditor.Search:ASIAI0B)
Imported 'GUID: 118b64466f3c7c24e98e147660e2eb98' -> (Import Result ID: '40b3653af0187531c7c94a6226171ea6') in 0.001 seconds [static and dynamic dependencies]. Details - ImportResultOutputID=f9ceccfef51a11bbaf02650d143fd0e0 DependenciesID=d54806680b8fb08a11bbd1c91aa26867 StaticDependenciesID=1f6ebe4aada1cde4203d183a712ba2d5 
Number of updated asset objects reloaded before import = 0
Number of asset objects unloaded after import = 0
========================================================================
Received Import Request.
  Time of request: 2026-10-09T14:09:49.551748Z
  Time since last request: 0.000390219 seconds.
  importAddress: GUID: 9440337dae7b4ecebafa6249b257c940 - Path: Packages/com.unity.collab-proxy/Editor/Views/PendingChanges/CommentTextArea.cs - Importer: ScriptedImporter/UnityEditor.QuickSearchModule:UnityEditor.Search:ASIAI0B
Importing 'GUID: 9440337dae7b4ecebafa6249b257c940 - Path: Packages/com.unity.collab-proxy/Editor/Views/PendingChanges/CommentTextArea.cs - Importer: ScriptedImporter/UnityEditor.QuickSearchModule:UnityEditor.Search:ASIAI0B' with importer (ScriptedImporter : UnityEditor.QuickSearchModule:UnityEditor.Search:ASIAI0B)
Imported 'GUID: 9440337dae7b4ecebafa6249b257c940' -> (Import Result ID: '5d32b5ed00b1b07fe5f2b2e2bb24ba1d') in 0.001 seconds [static and dynamic dependencies]. Details - ImportResultOutputID=fe4b6f72a18864c3870ad20db6b1881f DependenciesID=c25826b595c1c20ea85cc2a8ed5af075 StaticDependenciesID=417f050ab354f9829062c4a0212a4a9e 
Number of updated asset objects reloaded before import = 0
Number of asset objects unloaded after import = 0
========================================================================
Received Import Request.
  Time of request: 2026-10-09T14:09:49.56024Z
  Time since last request: 0.000457303 seconds.
  importAddress: GUID: 4acf41ca020194d509c7c940c75913b0 - Path: Packages/com.unity.collab-proxy/Editor/Views/Properties/PropertiesRefreshNotifier.cs - Importer: ScriptedImporter/UnityEditor.QuickSearchModule:UnityEditor.Search:ASIAI0B
Importing 'GUID: 4acf41ca020194d509c7c940c75913b0 - Path: Packages/com.unity.collab-proxy/Editor/Views/Properties/PropertiesRefreshNotifier.cs - Importer: ScriptedImporter/UnityEditor.QuickSearchModule:UnityEditor.Search:ASIAI0B' with importer (ScriptedImporter : UnityEditor.QuickSearchModule:UnityEditor.Search:ASIAI0B)
Imported 'GUID: 4acf41ca020194d509c7c940c75913b0' -> (Import Result ID: '09d1903c53b766fbc152896a8fa67882') in 0.002 seconds [static and dynamic dependencies]. Details - ImportResultOutputID=c5d7723b4ab06ddc6dd87877c3da5eed DependenciesID=70554ad10417298f82879788ecceba78 StaticDependenciesID=f4b6947765453334e42e478dc9597a1f 
Number of updated asset objects reloaded before import = 0
Number of asset objects unloaded after import = 0
========================================================================
Received Import Request.
  Time of request: 2026-10-09T14:09:49.569514Z
  Time since last request: 0.000177551 seconds.
  importAddress: GUID: f97de48c25074cb98c450adbdebf0dbb - Path: Packages/com.unity.collab-proxy/Editor/_Deprecated/UI/CooldownWindowDelayer.cs - Importer: ScriptedImporter/UnityEditor.QuickSearchModule:UnityEditor.Search:ASIAI0B
Importing 'GUID: f97de48c25074cb98c450adbdebf0dbb - Path: Packages/com.unity.collab-proxy/Editor/_Deprecated/UI/CooldownWindowDelayer.cs - Importer: ScriptedImporter/UnityEditor.QuickSearchModule:UnityEditor.Search:ASIAI0B' with importer (ScriptedImporter : UnityEditor.QuickSearchModule:UnityEditor.Search:ASIAI0B)
Imported 'GUID: f97de48c25074cb98c450adbdebf0dbb' -> (Import Result ID: '380b1c6ba236f6a550fdba996f6c46f4') in 0.002 seconds [static and dynamic dependencies]. Details - ImportResultOutputID=1d06b4ea7fc0286ca7534e42e1ac1678 DependenciesID=3e1a11cd085c4574fe364e862bfc0428 StaticDependenciesID=ec830262d43584efbdaa0cc04ad04f31 
Number of updated asset objects reloaded before import = 0
Number of asset objects unloaded after import = 0
========================================================================
Received Import Request.
  Time of request: 2026-10-09T14:09:49.57917Z
  Time since last request: 0.000292907 seconds.
  importAddress: GUID: 677b354f66fb9d640a93f849362af498 - Path: Packages/com.unity.collab-proxy/Editor/Views/Labels/LabelsViewMenu.cs - Importer: ScriptedImporter/UnityEditor.QuickSearchModule:UnityEditor.Search:ASIAI0B
Importing 'GUID: 677b354f66fb9d640a93f849362af498 - Path: Packages/com.unity.collab-proxy/Editor/Views/Labels/LabelsViewMenu.cs - Importer: ScriptedImporter/UnityEditor.QuickSearchModule:UnityEditor.Search:ASIAI0B' with importer (ScriptedImporter : UnityEditor.QuickSearchModule:UnityEditor.Search:ASIAI0B)
Imported 'GUID: 677b354f66fb9d640a93f849362af498' -> (Import Result ID: 'fd631077579f329a16bcb4ea6b326c83') in 0.001 seconds [static and dynamic dependencies]. Details - ImportResultOutputID=17aa3eb6256eadf8b2f48c1658df9d39 DependenciesID=0d3d2a4ff50b4a4e85fd82681f851eac StaticDependenciesID=6ced01bc15b0d4b0ef4e3d4870bc437f 
Number of updated asset objects reloaded before import = 0
Number of asset objects unloaded after import = 0
========================================================================
Received Import Request.
  Time of request: 2026-10-09T14:09:49.587878Z
  Time since last request: 0.000537544 seconds.
  importAddress: GUID: 2288af36c38fa57499c201d497d306c3 - Path: Packages/com.unity.collab-proxy/Editor/Views/Labels/LabelsListHeaderState.cs - Importer: ScriptedImporter/UnityEditor.QuickSearchModule:UnityEditor.Search:ASIAI0B
Importing 'GUID: 2288af36c38fa57499c201d497d306c3 - Path: Packages/com.unity.collab-proxy/Editor/Views/Labels/LabelsListHeaderState.cs - Importer: ScriptedImporter/UnityEditor.QuickSearchModule:UnityEditor.Search:ASIAI0B' with importer (ScriptedImporter : UnityEditor.QuickSearchModule:UnityEditor.Search:ASIAI0B)
Imported 'GUID: 2288af36c38fa57499c201d497d306c3' -> (Import Result ID: 'af4d4fb52cc72e2405d66d16c321eca9') in 0.002 seconds [static and dynamic dependencies]. Details - ImportResultOutputID=ccc03c7e301945f987828998d531bf5f DependenciesID=c67456659249cda018e47788beaff47d StaticDependenciesID=91133da0c79a1cae7fa20d0a1f2e2fc4 
Number of updated asset objects reloaded before import = 0
Number of asset objects unloaded after import = 0
========================================================================
Received Import Request.
  Time of request: 2026-10-09T14:09:49.597156Z
  Time since last request: 0.000312523 seconds.
  importAddress: GUID: 355a2e6bfc40433bbe273ecf2ed08570 - Path: Packages/com.unity.collab-proxy/Editor/Views/PendingChanges/DrawOperationSuccess.cs - Importer: ScriptedImporter/UnityEditor.QuickSearchModule:UnityEditor.Search:ASIAI0B
Importing 'GUID: 355a2e6bfc40433bbe273ecf2ed08570 - Path: Packages/com.unity.collab-proxy/Editor/Views/PendingChanges/DrawOperationSuccess.cs - Importer: ScriptedImporter/UnityEditor.QuickSearchModule:UnityEditor.Search:ASIAI0B' with importer (ScriptedImporter : UnityEditor.QuickSearchModule:UnityEditor.Search:ASIAI0B)
Imported 'GUID: 355a2e6bfc40433bbe273ecf2ed08570' -> (Import Result ID: '1d43e04b8be0102c3ba1a03e00f49615') in 0.002 seconds [static and dynamic dependencies]. Details - ImportResultOutputID=074140a6ae549bfc0a42dc7c6fc965a0 DependenciesID=9022586781759d63839709f72ebc7147 StaticDependenciesID=d6441689cdcd8459c22713f9c2fe2421 
Number of updated asset objects reloaded before import = 0
Number of asset objects unloaded after import = 0
========================================================================
Received Import Request.
  Time of request: 2026-10-09T14:09:49.606326Z
  Time since last request: 0.000123391 seconds.
  importAddress: GUID: 594dcd9e9e4804aa281a66d024d30752 - Path: Packages/com.unity.collab-proxy/Editor/Views/PendingChanges/PendingChangesTreeView.cs - Importer: ScriptedImporter/UnityEditor.QuickSearchModule:UnityEditor.Search:ASIAI0B
Importing 'GUID: 594dcd9e9e4804aa281a66d024d30752 - Path: Packages/com.unity.collab-proxy/Editor/Views/PendingChanges/PendingChangesTreeView.cs - Importer: ScriptedImporter/UnityEditor.QuickSearchModule:UnityEditor.Search:ASIAI0B' with importer (ScriptedImporter : UnityEditor.QuickSearchModule:UnityEditor.Search:ASIAI0B)
Imported 'GUID: 594dcd9e9e4804aa281a66d024d30752' -> (Import Result ID: '508e08c1aa2d8070ca2d41b42a7cdc0d') in 0.002 seconds [static and dynamic dependencies]. Details - ImportResultOutputID=4e8955d993d1aaafa680fb0fef0102b8 DependenciesID=28ea1c55c76982052f8416beb64dcc63 StaticDependenciesID=732f69003c95202e280906aed9dd19e9 
Number of updated asset objects reloaded before import = 0
Number of asset objects unloaded after import = 0
========================================================================
Received Import Request.
  Time of request: 2026-10-09T14:09:49.629945Z
  Time since last request: 0.015156682 seconds.
  importAddress: GUID: 8fc7e1799af624ff6a5215018d3e092b - Path: Packages/com.unity.collab-proxy/Lib/Editor/Localization/clientcommon.zh-Hant.txt - Importer: ScriptedImporter/UnityEditor.QuickSearchModule:UnityEditor.Search:ASIAI0B
Importing 'GUID: 8fc7e1799af624ff6a5215018d3e092b - Path: Packages/com.unity.collab-proxy/Lib/Editor/Localization/clientcommon.zh-Hant.txt - Importer: ScriptedImporter/UnityEditor.QuickSearchModule:UnityEditor.Search:ASIAI0B' with importer (ScriptedImporter : UnityEditor.QuickSearchModule:UnityEditor.Search:ASIAI0B)
Imported 'GUID: 8fc7e1799af624ff6a5215018d3e092b' -> (Import Result ID: '1148054a65d17d8bcf766ed2781a202e') in 0.002 seconds [static and dynamic dependencies]. Details - ImportResultOutputID=30c747c68c0f3f3a1bceea6acf9e941c DependenciesID=8fa56fefd67421c5d0da572426e62826 StaticDependenciesID=a54e5db9f337a5f8980d4c18cf807940 
Number of updated asset objects reloaded before import = 0
Number of asset objects unloaded after import = 1
========================================================================
Received Import Request.
  Time of request: 2026-10-09T14:09:49.639038Z
  Time since last request: 0.000164277 seconds.
  importAddress: GUID: c7aab5799325e4902abe60fbfd72648d - Path: Packages/com.unity.collab-proxy/Lib/Editor/Localization/i3.zh-Hant.txt - Importer: ScriptedImporter/UnityEditor.QuickSearchModule:UnityEditor.Search:ASIAI0B
Importing 'GUID: c7aab5799325e4902abe60fbfd72648d - Path: Packages/com.unity.collab-proxy/Lib/Editor/Localization/i3.zh-Hant.txt - Importer: ScriptedImporter/UnityEditor.QuickSearchModule:UnityEditor.Search:ASIAI0B' with importer (ScriptedImporter : UnityEditor.QuickSearchModule:UnityEditor.Search:ASIAI0B)
Imported 'GUID: c7aab5799325e4902abe60fbfd72648d' -> (Import Result ID: 'e7434a91c64fd69bdcb94ff6411fedc4') in 0.001 seconds [static and dynamic dependencies]. Details - ImportResultOutputID=769a2f008e45c673cf87fc9d0a744afc DependenciesID=e8ae86568cc550d3ca2b1675174ca513 StaticDependenciesID=8e714b68a6ce8b09117778ccbb411c37 
Number of updated asset objects reloaded before import = 0
Number of asset objects unloaded after import = 1
========================================================================
Received Import Request.
  Time of request: 2026-10-09T14:09:49.647392Z
  Time since last request: 0.000617663 seconds.
  importAddress: GUID: 744fc2e853cbb46b1a5de3a22529af56 - Path: Packages/com.unity.collab-proxy/Lib/Editor/Localization/guihelp.es.txt - Importer: ScriptedImporter/UnityEditor.QuickSearchModule:UnityEditor.Search:ASIAI0B
Importing 'GUID: 744fc2e853cbb46b1a5de3a22529af56 - Path: Packages/com.unity.collab-proxy/Lib/Editor/Localization/guihelp.es.txt - Importer: ScriptedImporter/UnityEditor.QuickSearchModule:UnityEditor.Search:ASIAI0B' with importer (ScriptedImporter : UnityEditor.QuickSearchModule:UnityEditor.Search:ASIAI0B)
Imported 'GUID: 744fc2e853cbb46b1a5de3a22529af56' -> (Import Result ID: '820b70ee85dc8ec698efa510fb66b502') in 0.001 seconds [static and dynamic dependencies]. Details - ImportResultOutputID=ef99caef13a588c30792b2ebe86a698e DependenciesID=41db7611f0a476087158ead8e1090eee StaticDependenciesID=6ab233939e5800ffb70996e3e970a2da 
Number of updated asset objects reloaded before import = 0
Number of asset objects unloaded after import = 1
========================================================================
Received Import Request.
  Time of request: 2026-10-09T14:09:49.655721Z
  Time since last request: 0.000320498 seconds.
  importAddress: GUID: 3c2f0ca2d64084ba68f464f91a44eea5 - Path: Packages/com.unity.collab-proxy/Lib/Editor/Localization/differences.en.txt - Importer: ScriptedImporter/UnityEditor.QuickSearchModule:UnityEditor.Search:ASIAI0B
Importing 'GUID: 3c2f0ca2d64084ba68f464f91a44eea5 - Path: Packages/com.unity.collab-proxy/Lib/Editor/Localization/differences.en.txt - Importer: ScriptedImporter/UnityEditor.QuickSearchModule:UnityEditor.Search:ASIAI0B' with importer (ScriptedImporter : UnityEditor.QuickSearchModule:UnityEditor.Search:ASIAI0B)
Imported 'GUID: 3c2f0ca2d64084ba68f464f91a44eea5' -> (Import Result ID: '22de8e2dd39e8b7e92eebd2c90f0564f') in 0.001 seconds [static and dynamic dependencies]. Details - ImportResultOutputID=e40a1ea79def415a1b14b2fba41a4c12 DependenciesID=975f35552619ea25628a268b0014a4cc StaticDependenciesID=0e759817944d8fdf19b5a5f2f10afaee 
Number of updated asset objects reloaded before import = 0
Number of asset objects unloaded after import = 1
========================================================================
Received Import Request.
  Time of request: 2026-10-09T14:09:49.663836Z
  Time since last request: 0.000412871 seconds.
  importAddress: GUID: d96c656f30ddc4678ad028fdb55449c3 - Path: Packages/com.unity.collab-proxy/Lib/Editor/Localization/mergetool.ko.txt - Importer: ScriptedImporter/UnityEditor.QuickSearchModule:UnityEditor.Search:ASIAI0B
Importing 'GUID: d96c656f30ddc4678ad028fdb55449c3 - Path: Packages/com.unity.collab-proxy/Lib/Editor/Localization/mergetool.ko.txt - Importer: ScriptedImporter/UnityEditor.QuickSearchModule:UnityEditor.Search:ASIAI0B' with importer (ScriptedImporter : UnityEditor.QuickSearchModule:UnityEditor.Search:ASIAI0B)
Imported 'GUID: d96c656f30ddc4678ad028fdb55449c3' -> (Import Result ID: 'db9fd26d1a5f9512cdda8bcb64752afc') in 0.001 seconds [static and dynamic dependencies]. Details - ImportResultOutputID=66f938704f481d103375603d484f8424 DependenciesID=e9867c32682658b3edd4ab7f002d863c StaticDependenciesID=4daf914cd7627abbfe1ce65c264215ea 
Number of updated asset objects reloaded before import = 0
Number of asset objects unloaded after import = 1
========================================================================
Received Import Request.
  Time of request: 2026-10-09T14:09:49.671975Z
  Time since last request: 0.000443919 seconds.
  importAddress: GUID: fea7dac218f7f4522a87a01a0c3c53d0 - Path: Packages/com.unity.collab-proxy/Lib/Editor/Localization/clientcommon.ko.txt - Importer: ScriptedImporter/UnityEditor.QuickSearchModule:UnityEditor.Search:ASIAI0B
Importing 'GUID: fea7dac218f7f4522a87a01a0c3c53d0 - Path: Packages/com.unity.collab-proxy/Lib/Editor/Localization/clientcommon.ko.txt - Importer: ScriptedImporter/UnityEditor.QuickSearchModule:UnityEditor.Search:ASIAI0B' with importer (ScriptedImporter : UnityEditor.QuickSearchModule:UnityEditor.Search:ASIAI0B)
Imported 'GUID: fea7dac218f7f4522a87a01a0c3c53d0' -> (Import Result ID: '96b1884fa704ac512570fd898ab17b6b') in 0.001 seconds [static and dynamic dependencies]. Details - ImportResultOutputID=39914446ab8de907f94f71cd6a37ebdf DependenciesID=3dfbde05cbda7c11494ef43d7025612e StaticDependenciesID=8f55fbcc4d8507f776ead68ff5c648c9 
Number of updated asset objects reloaded before import = 0
Number of asset objects unloaded after import = 1
========================================================================
Received Import Request.
  Time of request: 2026-10-09T14:09:49.680224Z
  Time since last request: 0.000378106 seconds.
  importAddress: GUID: 27b146ccf48d544ceb6075cf89e2e6b7 - Path: Packages/com.unity.collab-proxy/Lib/Editor/Localization/cm-help.ko.txt - Importer: ScriptedImporter/UnityEditor.QuickSearchModule:UnityEditor.Search:ASIAI0B
Importing 'GUID: 27b146ccf48d544ceb6075cf89e2e6b7 - Path: Packages/com.unity.collab-proxy/Lib/Editor/Localization/cm-help.ko.txt - Importer: ScriptedImporter/UnityEditor.QuickSearchModule:UnityEditor.Search:ASIAI0B' with importer (ScriptedImporter : UnityEditor.QuickSearchModule:UnityEditor.Search:ASIAI0B)
Imported 'GUID: 27b146ccf48d544ceb6075cf89e2e6b7' -> (Import Result ID: '1e53af3986f0402efc2ef72e531754a8') in 0.002 seconds [static and dynamic dependencies]. Details - ImportResultOutputID=e49615bc88505e5e44af50ddd2100e96 DependenciesID=81131e2eb8e299bc84d0aa9af8c4b8a6 StaticDependenciesID=246e71af921f03189fa54b5c60f7629f 
Number of updated asset objects reloaded before import = 0
Number of asset objects unloaded after import = 1
========================================================================
Received Import Request.
  Time of request: 2026-10-09T14:09:49.688698Z
  Time since last request: 0.000324576 seconds.
  importAddress: GUID: 65f3b5a9bc28743fa8f2708cfd11ed08 - Path: Packages/com.unity.collab-proxy/Lib/Editor/Localization/commontypes.es.txt - Importer: ScriptedImporter/UnityEditor.QuickSearchModule:UnityEditor.Search:ASIAI0B
Importing 'GUID: 65f3b5a9bc28743fa8f2708cfd11ed08 - Path: Packages/com.unity.collab-proxy/Lib/Editor/Localization/commontypes.es.txt - Importer: ScriptedImporter/UnityEditor.QuickSearchModule:UnityEditor.Search:ASIAI0B' with importer (ScriptedImporter : UnityEditor.QuickSearchModule:UnityEditor.Search:ASIAI0B)
Imported 'GUID: 65f3b5a9bc28743fa8f2708cfd11ed08' -> (Import Result ID: 'ef489fc4200400d0bccd89192e985310') in 0.001 seconds [static and dynamic dependencies]. Details - ImportResultOutputID=862ad6509ca9aa3edd93e2a23df26c1e DependenciesID=ecdb5796daf885310be4ca6a58c73a41 StaticDependenciesID=1a22315fcd2155a164a0e3f41538f4e0 
Number of updated asset objects reloaded before import = 0
Number of asset objects unloaded after import = 1
========================================================================
Received Import Request.
  Time of request: 2026-10-09T14:09:49.696883Z
  Time since last request: 0.000379538 seconds.
  importAddress: GUID: 87682812dc6554d4a9ec8ab671249e1a - Path: Packages/com.unity.collab-proxy/Lib/Editor/Localization/differences.es.txt - Importer: ScriptedImporter/UnityEditor.QuickSearchModule:UnityEditor.Search:ASIAI0B
Importing 'GUID: 87682812dc6554d4a9ec8ab671249e1a - Path: Packages/com.unity.collab-proxy/Lib/Editor/Localization/differences.es.txt - Importer: ScriptedImporter/UnityEditor.QuickSearchModule:UnityEditor.Search:ASIAI0B' with importer (ScriptedImporter : UnityEditor.QuickSearchModule:UnityEditor.Search:ASIAI0B)
Imported 'GUID: 87682812dc6554d4a9ec8ab671249e1a' -> (Import Result ID: 'fc8d5f4182a06e8316dbf94f9cb9b274') in 0.001 seconds [static and dynamic dependencies]. Details - ImportResultOutputID=4eedf27c06b3dc0e7fc147cc59d47ebd DependenciesID=8a460a171cf459bb91191ec53dbaca81 StaticDependenciesID=a7639e190bfe1bfe14cd39c7944e0d77 
Number of updated asset objects reloaded before import = 0
Number of asset objects unloaded after import = 1
========================================================================
Received Import Request.
  Time of request: 2026-10-09T14:09:49.705674Z
  Time since last request: 0.001094643 seconds.
  importAddress: GUID: 32bf5760cae4a4399aedc5a0c0a20f23 - Path: Packages/com.unity.collab-proxy/Lib/Editor/Localization/common.es.txt - Importer: ScriptedImporter/UnityEditor.QuickSearchModule:UnityEditor.Search:ASIAI0B
Importing 'GUID: 32bf5760cae4a4399aedc5a0c0a20f23 - Path: Packages/com.unity.collab-proxy/Lib/Editor/Localization/common.es.txt - Importer: ScriptedImporter/UnityEditor.QuickSearchModule:UnityEditor.Search:ASIAI0B' with importer (ScriptedImporter : UnityEditor.QuickSearchModule:UnityEditor.Search:ASIAI0B)
Imported 'GUID: 32bf5760cae4a4399aedc5a0c0a20f23' -> (Import Result ID: '1154b0fe4bde49a6f636c025843c12e1') in 0.002 seconds [static and dynamic dependencies]. Details - ImportResultOutputID=01c31018dbd7f937754bd5c8593127ae DependenciesID=f58d115b4bce8127bca128d9b883414d StaticDependenciesID=5e0008a2c72d13448350ee3d08513036 
Number of updated asset objects reloaded before import = 0
Number of asset objects unloaded after import = 1
========================================================================
Received Import Request.
  Time of request: 2026-10-09T14:09:49.714095Z
  Time since last request: 0.000340255 seconds.
  importAddress: GUID: b81eba7aab1be4cd58887d73e21fd1bb - Path: Packages/com.unity.collab-proxy/Lib/Editor/Localization/commontypes.en.txt - Importer: ScriptedImporter/UnityEditor.QuickSearchModule:UnityEditor.Search:ASIAI0B
Importing 'GUID: b81eba7aab1be4cd58887d73e21fd1bb - Path: Packages/com.unity.collab-proxy/Lib/Editor/Localization/commontypes.en.txt - Importer: ScriptedImporter/UnityEditor.QuickSearchModule:UnityEditor.Search:ASIAI0B' with importer (ScriptedImporter : UnityEditor.QuickSearchModule:UnityEditor.Search:ASIAI0B)
Imported 'GUID: b81eba7aab1be4cd58887d73e21fd1bb' -> (Import Result ID: '3c15b983dacd151e414fd6eccdb27d4b') in 0.001 seconds [static and dynamic dependencies]. Details - ImportResultOutputID=03e300550f61f3a52df31c31b6b1c975 DependenciesID=dda9b844fbaa8001561844a30d3600f9 StaticDependenciesID=9adffac4caa92ea395c3cd3d3e69e542 
Number of updated asset objects reloaded before import = 0
Number of asset objects unloaded after import = 1
========================================================================
Received Import Request.
  Time of request: 2026-10-09T14:09:49.722639Z
  Time since last request: 0.000563091 seconds.
  importAddress: GUID: 2fde7e5b694b24190a8efa287e8ebafd - Path: Packages/com.unity.collab-proxy/Lib/Editor/Localization/configurehelper.es.txt - Importer: ScriptedImporter/UnityEditor.QuickSearchModule:UnityEditor.Search:ASIAI0B
Importing 'GUID: 2fde7e5b694b24190a8efa287e8ebafd - Path: Packages/com.unity.collab-proxy/Lib/Editor/Localization/configurehelper.es.txt - Importer: ScriptedImporter/UnityEditor.QuickSearchModule:UnityEditor.Search:ASIAI0B' with importer (ScriptedImporter : UnityEditor.QuickSearchModule:UnityEditor.Search:ASIAI0B)
Imported 'GUID: 2fde7e5b694b24190a8efa287e8ebafd' -> (Import Result ID: '2ccc3051d5e23069e4daf6feacd23127') in 0.003 seconds [static and dynamic dependencies]. Details - ImportResultOutputID=9ab9f6d7c200a908992ec82e24f3acc4 DependenciesID=07fed466d47ef65ce42a58010d29e779 StaticDependenciesID=c416d7d4520c2f04d3558820a7625d73 
Number of updated asset objects reloaded before import = 0
Number of asset objects unloaded after import = 1
========================================================================
Received Import Request.
  Time of request: 2026-10-09T14:09:49.732455Z
  Time since last request: 0.000279652 seconds.
  importAddress: GUID: f1b52905ca380454cb1eb270517534ee - Path: Packages/com.unity.collab-proxy/Lib/Editor/Localization/differences.ko.txt - Importer: ScriptedImporter/UnityEditor.QuickSearchModule:UnityEditor.Search:ASIAI0B
Importing 'GUID: f1b52905ca380454cb1eb270517534ee - Path: Packages/com.unity.collab-proxy/Lib/Editor/Localization/differences.ko.txt - Importer: ScriptedImporter/UnityEditor.QuickSearchModule:UnityEditor.Search:ASIAI0B' with importer (ScriptedImporter : UnityEditor.QuickSearchModule:UnityEditor.Search:ASIAI0B)
Imported 'GUID: f1b52905ca380454cb1eb270517534ee' -> (Import Result ID: '5a62f218a3d68f6b806431a19db665c9') in 0.001 seconds [static and dynamic dependencies]. Details - ImportResultOutputID=21b64424c1e1918756920c570ce97e20 DependenciesID=d4f1d49d3ac003c735a498ac39e823ef StaticDependenciesID=34d8bcb477770bef79c371a0dabc6d4d 
Number of updated asset objects reloaded before import = 0
Number of asset objects unloaded after import = 1
========================================================================
Received Import Request.
  Time of request: 2026-10-09T14:09:49.740522Z
  Time since last request: 0.0001498 seconds.
  importAddress: GUID: db6f3182134654dd498ebee12ca843af - Path: Packages/com.unity.collab-proxy/Lib/Editor/Localization/mergetool.ja.txt - Importer: ScriptedImporter/UnityEditor.QuickSearchModule:UnityEditor.Search:ASIAI0B
Importing 'GUID: db6f3182134654dd498ebee12ca843af - Path: Packages/com.unity.collab-proxy/Lib/Editor/Localization/mergetool.ja.txt - Importer: ScriptedImporter/UnityEditor.QuickSearchModule:UnityEditor.Search:ASIAI0B' with importer (ScriptedImporter : UnityEditor.QuickSearchModule:UnityEditor.Search:ASIAI0B)
Imported 'GUID: db6f3182134654dd498ebee12ca843af' -> (Import Result ID: '8dc1bb5d7a1f76a2255c21f6c2535a7d') in 0.002 seconds [static and dynamic dependencies]. Details - ImportResultOutputID=5691140fcd82d765b72e1eb89d2cbd74 DependenciesID=c730e8a6cac7c906ce60c1fdf2fb9502 StaticDependenciesID=770ecf82c8487885d765433ce3adf065 
Number of updated asset objects reloaded before import = 0
Number of asset objects unloaded after import = 1
========================================================================
Received Import Request.
  Time of request: 2026-10-09T14:09:49.748962Z
  Time since last request: 0.000233315 seconds.
  importAddress: GUID: 3422f2294d08c4f13915960a1f4a0808 - Path: Packages/com.unity.collab-proxy/Lib/Editor/Localization/guihelp.en.txt - Importer: ScriptedImporter/UnityEditor.QuickSearchModule:UnityEditor.Search:ASIAI0B
Importing 'GUID: 3422f2294d08c4f13915960a1f4a0808 - Path: Packages/com.unity.collab-proxy/Lib/Editor/Localization/guihelp.en.txt - Importer: ScriptedImporter/UnityEditor.QuickSearchModule:UnityEditor.Search:ASIAI0B' with importer (ScriptedImporter : UnityEditor.QuickSearchModule:UnityEditor.Search:ASIAI0B)
Imported 'GUID: 3422f2294d08c4f13915960a1f4a0808' -> (Import Result ID: 'e02f673914d0d56ca5b9467f611948fa') in 0.002 seconds [static and dynamic dependencies]. Details - ImportResultOutputID=60b94a8941b4496d781e02cecf9fcba1 DependenciesID=95f7e002ad217fd23c73a3f97bdd5843 StaticDependenciesID=2c41c747c99c7154659ab2d3b35b76b3 
Number of updated asset objects reloaded before import = 0
Number of asset objects unloaded after import = 1
========================================================================
Received Import Request.
  Time of request: 2026-10-09T14:09:49.758385Z
  Time since last request: 0.000445512 seconds.
  importAddress: GUID: 949061f1e48b34bfea6207e70ea0a0f6 - Path: Packages/com.unity.collab-proxy/Lib/Editor/Localization/cm.zh-Hans.txt - Importer: ScriptedImporter/UnityEditor.QuickSearchModule:UnityEditor.Search:ASIAI0B
Importing 'GUID: 949061f1e48b34bfea6207e70ea0a0f6 - Path: Packages/com.unity.collab-proxy/Lib/Editor/Localization/cm.zh-Hans.txt - Importer: ScriptedImporter/UnityEditor.QuickSearchModule:UnityEditor.Search:ASIAI0B' with importer (ScriptedImporter : UnityEditor.QuickSearchModule:UnityEditor.Search:ASIAI0B)
Imported 'GUID: 949061f1e48b34bfea6207e70ea0a0f6' -> (Import Result ID: 'b3edcc280e490d6e169f33d301600b0f') in 0.001 seconds [static and dynamic dependencies]. Details - ImportResultOutputID=323dab1c69a5cb296a54c30a29176c9b DependenciesID=9532ddb134499982036e521bf29cf381 StaticDependenciesID=0ea7de7545e2b2be1154ffae620abc3f 
Number of updated asset objects reloaded before import = 0
Number of asset objects unloaded after import = 1
========================================================================
Received Import Request.
  Time of request: 2026-10-09T14:09:49.766273Z
  Time since last request: 0.000264294 seconds.
  importAddress: GUID: 282cf81f2a10042db8ff91019ddedbcb - Path: Packages/com.unity.collab-proxy/Lib/Editor/Localization/commontypes.ja.txt - Importer: ScriptedImporter/UnityEditor.QuickSearchModule:UnityEditor.Search:ASIAI0B
Importing 'GUID: 282cf81f2a10042db8ff91019ddedbcb - Path: Packages/com.unity.collab-proxy/Lib/Editor/Localization/commontypes.ja.txt - Importer: ScriptedImporter/UnityEditor.QuickSearchModule:UnityEditor.Search:ASIAI0B' with importer (ScriptedImporter : UnityEditor.QuickSearchModule:UnityEditor.Search:ASIAI0B)
Imported 'GUID: 282cf81f2a10042db8ff91019ddedbcb' -> (Import Result ID: 'ec2c67bf8f9bc7d1e5dfd7c1877fe59e') in 0.002 seconds [static and dynamic dependencies]. Details - ImportResultOutputID=8c18b1d11d9fd05a9c99e286e69bf7a4 DependenciesID=f864962914e077cafee1bf7363aa79de StaticDependenciesID=316d1f880bad817e2f0f91abaae72de1 
Number of updated asset objects reloaded before import = 0
Number of asset objects unloaded after import = 1
========================================================================
Received Import Request.
  Time of request: 2026-10-09T14:09:49.77431Z
  Time since last request: 0.000317854 seconds.
  importAddress: GUID: 35e4e59a581b14a438871c37fee1eb75 - Path: Packages/com.unity.collab-proxy/Lib/Editor/Localization/images.es.txt - Importer: ScriptedImporter/UnityEditor.QuickSearchModule:UnityEditor.Search:ASIAI0B
Importing 'GUID: 35e4e59a581b14a438871c37fee1eb75 - Path: Packages/com.unity.collab-proxy/Lib/Editor/Localization/images.es.txt - Importer: ScriptedImporter/UnityEditor.QuickSearchModule:UnityEditor.Search:ASIAI0B' with importer (ScriptedImporter : UnityEditor.QuickSearchModule:UnityEditor.Search:ASIAI0B)
Imported 'GUID: 35e4e59a581b14a438871c37fee1eb75' -> (Import Result ID: '0177afab432f49921791d4a56d07bde5') in 0.001 seconds [static and dynamic dependencies]. Details - ImportResultOutputID=4630ff782db1c207f551ddfa3ee01276 DependenciesID=5c2a45eabb8df1768ea939a84a58d739 StaticDependenciesID=78c72e620b630a8ab38f6145456fe07a 
Number of updated asset objects reloaded before import = 0
Number of asset objects unloaded after import = 1
========================================================================
Received Import Request.
  Time of request: 2026-10-09T14:09:49.782728Z
  Time since last request: 0.000385219 seconds.
  importAddress: GUID: 754c536771c1f404c8b3c600e2c1f38e - Path: Packages/com.unity.collab-proxy/Lib/Editor/Localization/cm.ko.txt - Importer: ScriptedImporter/UnityEditor.QuickSearchModule:UnityEditor.Search:ASIAI0B
Importing 'GUID: 754c536771c1f404c8b3c600e2c1f38e - Path: Packages/com.unity.collab-proxy/Lib/Editor/Localization/cm.ko.txt - Importer: ScriptedImporter/UnityEditor.QuickSearchModule:UnityEditor.Search:ASIAI0B' with importer (ScriptedImporter : UnityEditor.QuickSearchModule:UnityEditor.Search:ASIAI0B)
Imported 'GUID: 754c536771c1f404c8b3c600e2c1f38e' -> (Import Result ID: '1054c39d2a4a85bf95969ea16c1a2c2d') in 0.001 seconds [static and dynamic dependencies]. Details - ImportResultOutputID=1f93a5db2d805746fe0b2a976a5acd88 DependenciesID=564b551932404e23d536288c17e5a280 StaticDependenciesID=f3a3afb44a4c9a74f478e10ddae5ff4b 
Number of updated asset objects reloaded before import = 0
Number of asset objects unloaded after import = 1
========================================================================
Received Import Request.
  Time of request: 2026-10-09T14:09:49.790797Z
  Time since last request: 0.000356606 seconds.
  importAddress: GUID: 510df96e3e40743a39860f8dd1e4fc4d - Path: Packages/com.unity.collab-proxy/Lib/Editor/Localization/images.zh-Hans.txt - Importer: ScriptedImporter/UnityEditor.QuickSearchModule:UnityEditor.Search:ASIAI0B
Importing 'GUID: 510df96e3e40743a39860f8dd1e4fc4d - Path: Packages/com.unity.collab-proxy/Lib/Editor/Localization/images.zh-Hans.txt - Importer: ScriptedImporter/UnityEditor.QuickSearchModule:UnityEditor.Search:ASIAI0B' with importer (ScriptedImporter : UnityEditor.QuickSearchModule:UnityEditor.Search:ASIAI0B)
Imported 'GUID: 510df96e3e40743a39860f8dd1e4fc4d' -> (Import Result ID: '5a819ca3b5a5569cef29a0dd4c4cf769') in 0.001 seconds [static and dynamic dependencies]. Details - ImportResultOutputID=66fa91c0c94a8745a73ac892c61aab95 DependenciesID=19008b0a88d27ad84eef5783deb0edbc StaticDependenciesID=15be4a54324fa661a0911fc252e18369 
Number of updated asset objects reloaded before import = 0
Number of asset objects unloaded after import = 1
========================================================================
Received Import Request.
  Time of request: 2026-10-09T14:09:49.799043Z
  Time since last request: 0.000287737 seconds.
  importAddress: GUID: e17dce0d3ad0941049a005c14ef3dc6e - Path: Packages/com.unity.collab-proxy/Lib/Editor/Localization/mergetool.es.txt - Importer: ScriptedImporter/UnityEditor.QuickSearchModule:UnityEditor.Search:ASIAI0B
Importing 'GUID: e17dce0d3ad0941049a005c14ef3dc6e - Path: Packages/com.unity.collab-proxy/Lib/Editor/Localization/mergetool.es.txt - Importer: ScriptedImporter/UnityEditor.QuickSearchModule:UnityEditor.Search:ASIAI0B' with importer (ScriptedImporter : UnityEditor.QuickSearchModule:UnityEditor.Search:ASIAI0B)
Imported 'GUID: e17dce0d3ad0941049a005c14ef3dc6e' -> (Import Result ID: '7e3e8b12e686a837c56609d56594165a') in 0.001 seconds [static and dynamic dependencies]. Details - ImportResultOutputID=fe70e0b05651567563b3c8454163f422 DependenciesID=a08c59c55984c25fc53dd65b8b1af714 StaticDependenciesID=476722dd730bacd9c726e876fca3713e 
Number of updated asset objects reloaded before import = 0
Number of asset objects unloaded after import = 1
========================================================================
Received Import Request.
  Time of request: 2026-10-09T14:09:49.825411Z
  Time since last request: 0.018727828 seconds.
  importAddress: GUID: 615ff93ab52eb8242a9194d4f711676f - Path: Packages/com.unity.collab-proxy/Editor/Configuration/CloudEdition/Welcome/OrganizationPanel.cs - Importer: ScriptedImporter/UnityEditor.QuickSearchModule:UnityEditor.Search:ASIAI0B
Importing 'GUID: 615ff93ab52eb8242a9194d4f711676f - Path: Packages/com.unity.collab-proxy/Editor/Configuration/CloudEdition/Welcome/OrganizationPanel.cs - Importer: ScriptedImporter/UnityEditor.QuickSearchModule:UnityEditor.Search:ASIAI0B' with importer (ScriptedImporter : UnityEditor.QuickSearchModule:UnityEditor.Search:ASIAI0B)
Imported 'GUID: 615ff93ab52eb8242a9194d4f711676f' -> (Import Result ID: 'af27795d6cc1c7e0393c78b2711880a1') in 0.002 seconds [static and dynamic dependencies]. Details - ImportResultOutputID=d8626b58bcdd2e126ded8bf150367ede DependenciesID=1881cabfc4696681d92332e2d1857c56 StaticDependenciesID=93c9fa39ff3ecdc83afb5e15e0339f4b 
Number of updated asset objects reloaded before import = 0
Number of asset objects unloaded after import = 0
========================================================================
Received Import Request.
  Time of request: 2026-10-09T14:09:49.833972Z
  Time since last request: 0.000622702 seconds.
  importAddress: GUID: edc2dbba232594aabbbad8bb87466a80 - Path: Packages/com.unity.collab-proxy/Editor/Diff/Asset/Common/HeaderRow.cs - Importer: ScriptedImporter/UnityEditor.QuickSearchModule:UnityEditor.Search:ASIAI0B
Importing 'GUID: edc2dbba232594aabbbad8bb87466a80 - Path: Packages/com.unity.collab-proxy/Editor/Diff/Asset/Common/HeaderRow.cs - Importer: ScriptedImporter/UnityEditor.QuickSearchModule:UnityEditor.Search:ASIAI0B' with importer (ScriptedImporter : UnityEditor.QuickSearchModule:UnityEditor.Search:ASIAI0B)
Imported 'GUID: edc2dbba232594aabbbad8bb87466a80' -> (Import Result ID: '0c7b2a808592c8056ffda7aaaddc917b') in 0.001 seconds [static and dynamic dependencies]. Details - ImportResultOutputID=246ea156eef4bf43c59b83d0ba000d5c DependenciesID=82b087ca25377f7e6bec8c50bbf452e6 StaticDependenciesID=1dc4e392cf9d9d8bca9d1c365354691b 
Number of updated asset objects reloaded before import = 0
Number of asset objects unloaded after import = 0
========================================================================
Received Import Request.
  Time of request: 2026-10-09T14:09:49.842043Z
  Time since last request: 0.000479465 seconds.
  importAddress: GUID: 091f2d65ecc2b10409b1f65c29e2b2a4 - Path: Packages/com.unity.collab-proxy/Editor/CloudDrive/Workspaces/DirectoryContent/DirectoryContentPanelMenu.cs - Importer: ScriptedImporter/UnityEditor.QuickSearchModule:UnityEditor.Search:ASIAI0B
Importing 'GUID: 091f2d65ecc2b10409b1f65c29e2b2a4 - Path: Packages/com.unity.collab-proxy/Editor/CloudDrive/Workspaces/DirectoryContent/DirectoryContentPanelMenu.cs - Importer: ScriptedImporter/UnityEditor.QuickSearchModule:UnityEditor.Search:ASIAI0B' with importer (ScriptedImporter : UnityEditor.QuickSearchModule:UnityEditor.Search:ASIAI0B)
Imported 'GUID: 091f2d65ecc2b10409b1f65c29e2b2a4' -> (Import Result ID: 'd713cbf55cb6f1dc867582dda00d441b') in 0.002 seconds [static and dynamic dependencies]. Details - ImportResultOutputID=1358c15cb566e8fcac2e27dffdcfa6ec DependenciesID=b7d0f1ec35888893ee6b20192b8afeb4 StaticDependenciesID=f37088275a26002413025561aa5bcc5d 
Number of updated asset objects reloaded before import = 0
Number of asset objects unloaded after import = 0
========================================================================
Received Import Request.
  Time of request: 2026-10-09T14:09:49.850988Z
  Time since last request: 0.000459949 seconds.
  importAddress: GUID: 1f24336f68d45492daf4c81106fef3aa - Path: Packages/com.unity.collab-proxy/Lib/Editor/Localization/xdiff.ko.txt - Importer: ScriptedImporter/UnityEditor.QuickSearchModule:UnityEditor.Search:ASIAI0B
Importing 'GUID: 1f24336f68d45492daf4c81106fef3aa - Path: Packages/com.unity.collab-proxy/Lib/Editor/Localization/xdiff.ko.txt - Importer: ScriptedImporter/UnityEditor.QuickSearchModule:UnityEditor.Search:ASIAI0B' with importer (ScriptedImporter : UnityEditor.QuickSearchModule:UnityEditor.Search:ASIAI0B)
Imported 'GUID: 1f24336f68d45492daf4c81106fef3aa' -> (Import Result ID: 'c580e7341d88209339f983cfebe4b85d') in 0.001 seconds [static and dynamic dependencies]. Details - ImportResultOutputID=f5b0f0a70411c5ea5175565a108c1704 DependenciesID=1addb0a5dcd2370be42e7b7303240126 StaticDependenciesID=420d9ecaa4266d21ddac1f7815fa4357 
Number of updated asset objects reloaded before import = 0
Number of asset objects unloaded after import = 1
========================================================================
Received Import Request.
  Time of request: 2026-10-09T14:09:49.859106Z
  Time since last request: 0.000420885 seconds.
  importAddress: GUID: 5802aa7500f454c90b4d8ff48d6d5f0a - Path: Packages/com.unity.collab-proxy/Lib/Editor/Localization/semantic.ko.txt - Importer: ScriptedImporter/UnityEditor.QuickSearchModule:UnityEditor.Search:ASIAI0B
Importing 'GUID: 5802aa7500f454c90b4d8ff48d6d5f0a - Path: Packages/com.unity.collab-proxy/Lib/Editor/Localization/semantic.ko.txt - Importer: ScriptedImporter/UnityEditor.QuickSearchModule:UnityEditor.Search:ASIAI0B' with importer (ScriptedImporter : UnityEditor.QuickSearchModule:UnityEditor.Search:ASIAI0B)
Imported 'GUID: 5802aa7500f454c90b4d8ff48d6d5f0a' -> (Import Result ID: 'e393607dee135ab6252251df7ccf6b16') in 0.002 seconds [static and dynamic dependencies]. Details - ImportResultOutputID=505b5f50ede8d9626b016b8ef9ad9287 DependenciesID=7a6f43be98a1c5f7e83e7a0fd2445da1 StaticDependenciesID=d0c92092e72ae2c71949ac3ef91d9f8a 
Number of updated asset objects reloaded before import = 0
Number of asset objects unloaded after import = 1
========================================================================
Received Import Request.
  Time of request: 2026-10-09T14:09:49.868192Z
  Time since last request: 0.000311581 seconds.
  importAddress: GUID: 80273283a2a8945eaac4de9bcf33a4bb - Path: Packages/com.unity.collab-proxy/Lib/Editor/Localization/xdiff.zh-Hant.txt - Importer: ScriptedImporter/UnityEditor.QuickSearchModule:UnityEditor.Search:ASIAI0B
Importing 'GUID: 80273283a2a8945eaac4de9bcf33a4bb - Path: Packages/com.unity.collab-proxy/Lib/Editor/Localization/xdiff.zh-Hant.txt - Importer: ScriptedImporter/UnityEditor.QuickSearchModule:UnityEditor.Search:ASIAI0B' with importer (ScriptedImporter : UnityEditor.QuickSearchModule:UnityEditor.Search:ASIAI0B)
Imported 'GUID: 80273283a2a8945eaac4de9bcf33a4bb' -> (Import Result ID: 'ed648ad8e441507150752732ea198d81') in 0.002 seconds [static and dynamic dependencies]. Details - ImportResultOutputID=6c0a7887b1e455f2d9b7529d22ca6bd6 DependenciesID=f1ced0adf3917499e4ce4e08e407f762 StaticDependenciesID=4bcdbd55975f090968f1abaea9a3f005 
Number of updated asset objects reloaded before import = 0
Number of asset objects unloaded after import = 1
========================================================================
Received Import Request.
  Time of request: 2026-10-09T14:09:49.877594Z
  Time since last request: 0.000317313 seconds.
  importAddress: GUID: 6de94dccb9344367a5c94b087d3cc1e2 - Path: Packages/com.unity.collab-proxy/Editor/CloudDrive/Workspaces/DirectoryContent/ProcessItemsGridViewEvent.cs - Importer: ScriptedImporter/UnityEditor.QuickSearchModule:UnityEditor.Search:ASIAI0B
Importing 'GUID: 6de94dccb9344367a5c94b087d3cc1e2 - Path: Packages/com.unity.collab-proxy/Editor/CloudDrive/Workspaces/DirectoryContent/ProcessItemsGridViewEvent.cs - Importer: ScriptedImporter/UnityEditor.QuickSearchModule:UnityEditor.Search:ASIAI0B' with importer (ScriptedImporter : UnityEditor.QuickSearchModule:UnityEditor.Search:ASIAI0B)
Imported 'GUID: 6de94dccb9344367a5c94b087d3cc1e2' -> (Import Result ID: '6a32aeffb708ef5ad675eabc0486fb5e') in 0.002 seconds [static and dynamic dependencies]. Details - ImportResultOutputID=40cddb83ff637cde7ba380d0d42dcab1 DependenciesID=37360147be07841ddcd15112704dc0e1 StaticDependenciesID=afb24346de375c362456e5fc4eb53d33 
Number of updated asset objects reloaded before import = 0
Number of asset objects unloaded after import = 0
========================================================================
Received Import Request.
  Time of request: 2026-10-09T14:09:49.886875Z
  Time since last request: 0.000458656 seconds.
  importAddress: GUID: 209109a5fbc749468a4eb859dc531bd2 - Path: Packages/com.unity.collab-proxy/Editor/Diff/Asset/Common/ObjectExtensions.cs - Importer: ScriptedImporter/UnityEditor.QuickSearchModule:UnityEditor.Search:ASIAI0B
Importing 'GUID: 209109a5fbc749468a4eb859dc531bd2 - Path: Packages/com.unity.collab-proxy/Editor/Diff/Asset/Common/ObjectExtensions.cs - Importer: ScriptedImporter/UnityEditor.QuickSearchModule:UnityEditor.Search:ASIAI0B' with importer (ScriptedImporter : UnityEditor.QuickSearchModule:UnityEditor.Search:ASIAI0B)
Imported 'GUID: 209109a5fbc749468a4eb859dc531bd2' -> (Import Result ID: '43466aefc2a640cdf1702f727b20d88d') in 0.001 seconds [static and dynamic dependencies]. Details - ImportResultOutputID=ce9937df1945c6b1e0a296832afef434 DependenciesID=a4c2d402f0609f978c2c0737123653e2 StaticDependenciesID=67d3fab1b1b1a1cc1941ef2ff0dc9779 
Number of updated asset objects reloaded before import = 0
Number of asset objects unloaded after import = 0
========================================================================
Received Import Request.
  Time of request: 2026-10-09T14:09:49.895318Z
  Time since last request: 0.000394777 seconds.
  importAddress: GUID: bba806fdb20eb5a4da6cc856323d6273 - Path: Packages/com.unity.collab-proxy/Editor/Configuration/CloudEdition/Welcome/SignInPanel.cs - Importer: ScriptedImporter/UnityEditor.QuickSearchModule:UnityEditor.Search:ASIAI0B
Importing 'GUID: bba806fdb20eb5a4da6cc856323d6273 - Path: Packages/com.unity.collab-proxy/Editor/Configuration/CloudEdition/Welcome/SignInPanel.cs - Importer: ScriptedImporter/UnityEditor.QuickSearchModule:UnityEditor.Search:ASIAI0B' with importer (ScriptedImporter : UnityEditor.QuickSearchModule:UnityEditor.Search:ASIAI0B)
Imported 'GUID: bba806fdb20eb5a4da6cc856323d6273' -> (Import Result ID: 'affee48d65709691e993da493cbe9254') in 0.001 seconds [static and dynamic dependencies]. Details - ImportResultOutputID=e07608d00e205b56737b50c9a9552004 DependenciesID=4d8920abddeedc24999e1abc8106f276 StaticDependenciesID=3487e997012874d702a793f7dad61082 
Number of updated asset objects reloaded before import = 0
Number of asset objects unloaded after import = 0
========================================================================
Received Import Request.
  Time of request: 2026-10-09T14:09:49.903307Z
  Time since last request: 0.000313154 seconds.
  importAddress: GUID: 88f256f2677614287b3dcc01ebaed742 - Path: Packages/com.unity.collab-proxy/Lib/Editor/Localization/plastic-gui.zh-Hans.txt - Importer: ScriptedImporter/UnityEditor.QuickSearchModule:UnityEditor.Search:ASIAI0B
Importing 'GUID: 88f256f2677614287b3dcc01ebaed742 - Path: Packages/com.unity.collab-proxy/Lib/Editor/Localization/plastic-gui.zh-Hans.txt - Importer: ScriptedImporter/UnityEditor.QuickSearchModule:UnityEditor.Search:ASIAI0B' with importer (ScriptedImporter : UnityEditor.QuickSearchModule:UnityEditor.Search:ASIAI0B)
Imported 'GUID: 88f256f2677614287b3dcc01ebaed742' -> (Import Result ID: '9c3a3b67f3a860d6a1597d66e62af422') in 0.002 seconds [static and dynamic dependencies]. Details - ImportResultOutputID=9517ad2caca8efbe5ce347e80e36cf3e DependenciesID=2e30a41f0acc11feee22ea89853173c7 StaticDependenciesID=e43e7d80790e8e4bd4fb7eb56d3bb682 
Number of updated asset objects reloaded before import = 0
Number of asset objects unloaded after import = 1
========================================================================
Received Import Request.
  Time of request: 2026-10-09T14:09:49.91162Z
  Time since last request: 0.000308656 seconds.
  importAddress: GUID: da3b9e545e5e0475d952e5604aec2d20 - Path: Packages/com.unity.collab-proxy/Lib/Editor/Localization/workspaceserver.zh-Hans.txt - Importer: ScriptedImporter/UnityEditor.QuickSearchModule:UnityEditor.Search:ASIAI0B
Importing 'GUID: da3b9e545e5e0475d952e5604aec2d20 - Path: Packages/com.unity.collab-proxy/Lib/Editor/Localization/workspaceserver.zh-Hans.txt - Importer: ScriptedImporter/UnityEditor.QuickSearchModule:UnityEditor.Search:ASIAI0B' with importer (ScriptedImporter : UnityEditor.QuickSearchModule:UnityEditor.Search:ASIAI0B)
Imported 'GUID: da3b9e545e5e0475d952e5604aec2d20' -> (Import Result ID: 'bd0dd0ec0c13f91aa884fb095d1dbd73') in 0.001 seconds [static and dynamic dependencies]. Details - ImportResultOutputID=25534235a29609cfad546c76bac38889 DependenciesID=2ef6ba2998221c04e49ad39cecbf6bbb StaticDependenciesID=a4f893209ab72366beed96488372a78d 
Number of updated asset objects reloaded before import = 0
Number of asset objects unloaded after import = 1
========================================================================
Received Import Request.
  Time of request: 2026-10-09T14:09:49.919899Z
  Time since last request: 0.000395899 seconds.
  importAddress: GUID: a05f0da9608ee418d8b0615580a0cc7a - Path: Packages/com.unity.collab-proxy/Lib/Editor/TextMateSharp/TextMateSharpPlastic.Grammars.dll - Importer: ScriptedImporter/UnityEditor.QuickSearchModule:UnityEditor.Search:ASIAI0B
Importing 'GUID: a05f0da9608ee418d8b0615580a0cc7a - Path: Packages/com.unity.collab-proxy/Lib/Editor/TextMateSharp/TextMateSharpPlastic.Grammars.dll - Importer: ScriptedImporter/UnityEditor.QuickSearchModule:UnityEditor.Search:ASIAI0B' with importer (ScriptedImporter : UnityEditor.QuickSearchModule:UnityEditor.Search:ASIAI0B)
Imported 'GUID: a05f0da9608ee418d8b0615580a0cc7a' -> (Import Result ID: '02b849f8090bc2f06b3c485b05f99f8b') in 0.003 seconds [static and dynamic dependencies]. Details - ImportResultOutputID=cd1085d794472629094e10dc10f78694 DependenciesID=31a7b43bd4bcd53754e02a1a6082e8e7 StaticDependenciesID=243f9f8448a1f611bad35de9a3389664 
Number of updated asset objects reloaded before import = 0
Number of asset objects unloaded after import = 0
========================================================================
Received Import Request.
  Time of request: 2026-10-09T14:09:49.9291Z
  Time since last request: 0.000185657 seconds.
  importAddress: GUID: 583732806f7c49c3aece28f1c2ad8d7b - Path: Packages/com.unity.collab-proxy/Editor/CloudDrive/Workspaces/DirectoryContent/ItemsPosition.cs - Importer: ScriptedImporter/UnityEditor.QuickSearchModule:UnityEditor.Search:ASIAI0B
Importing 'GUID: 583732806f7c49c3aece28f1c2ad8d7b - Path: Packages/com.unity.collab-proxy/Editor/CloudDrive/Workspaces/DirectoryContent/ItemsPosition.cs - Importer: ScriptedImporter/UnityEditor.QuickSearchModule:UnityEditor.Search:ASIAI0B' with importer (ScriptedImporter : UnityEditor.QuickSearchModule:UnityEditor.Search:ASIAI0B)
Imported 'GUID: 583732806f7c49c3aece28f1c2ad8d7b' -> (Import Result ID: '5017c9a858155eaa6982601afd495f12') in 0.001 seconds [static and dynamic dependencies]. Details - ImportResultOutputID=bb10552354bab29ce14dac7d43be786b DependenciesID=aeed40951d013eaf1a01085d05eda0e7 StaticDependenciesID=329b116c1e4ce9a30229d69f9c094935 
Number of updated asset objects reloaded before import = 0
Number of asset objects unloaded after import = 0
========================================================================
Received Import Request.
  Time of request: 2026-10-09T14:09:49.937023Z
  Time since last request: 0.000205624 seconds.
  importAddress: GUID: 077387e98bf29fb4a97bccfb592cfaf7 - Path: Packages/com.unity.collab-proxy/Editor/Configuration/CloudEdition/Welcome/WaitingSignInPanel.cs - Importer: ScriptedImporter/UnityEditor.QuickSearchModule:UnityEditor.Search:ASIAI0B
Importing 'GUID: 077387e98bf29fb4a97bccfb592cfaf7 - Path: Packages/com.unity.collab-proxy/Editor/Configuration/CloudEdition/Welcome/WaitingSignInPanel.cs - Importer: ScriptedImporter/UnityEditor.QuickSearchModule:UnityEditor.Search:ASIAI0B' with importer (ScriptedImporter : UnityEditor.QuickSearchModule:UnityEditor.Search:ASIAI0B)
Imported 'GUID: 077387e98bf29fb4a97bccfb592cfaf7' -> (Import Result ID: '1859fa323c44872f1d9a816e95ec2b0d') in 0.001 seconds [static and dynamic dependencies]. Details - ImportResultOutputID=4a800e2ae7ba921d37b59e1e3d40dbb7 DependenciesID=bbc693f324d4b22d726211e73fb126a7 StaticDependenciesID=3f20d75fcc341b69c9026c8e3d8f8595 
Number of updated asset objects reloaded before import = 0
Number of asset objects unloaded after import = 0
========================================================================
Received Import Request.
  Time of request: 2026-10-09T14:09:49.945147Z
  Time since last request: 0.000250548 seconds.
  importAddress: GUID: 1e6d3ecf959ad40459c4dce16a7b25c8 - Path: Packages/com.unity.collab-proxy/Lib/Editor/Localization/plastic-gui.en.txt - Importer: ScriptedImporter/UnityEditor.QuickSearchModule:UnityEditor.Search:ASIAI0B
Importing 'GUID: 1e6d3ecf959ad40459c4dce16a7b25c8 - Path: Packages/com.unity.collab-proxy/Lib/Editor/Localization/plastic-gui.en.txt - Importer: ScriptedImporter/UnityEditor.QuickSearchModule:UnityEditor.Search:ASIAI0B' with importer (ScriptedImporter : UnityEditor.QuickSearchModule:UnityEditor.Search:ASIAI0B)
Imported 'GUID: 1e6d3ecf959ad40459c4dce16a7b25c8' -> (Import Result ID: '0b71c37f69ee5951773758dc23177ea1') in 0.002 seconds [static and dynamic dependencies]. Details - ImportResultOutputID=d5115a73408cfe116e82651361403621 DependenciesID=61358fc91f2e2547751380d09fe78f09 StaticDependenciesID=957f93674d5e202b4ddcd19f91610c1a 
Number of updated asset objects reloaded before import = 0
Number of asset objects unloaded after import = 1
========================================================================
Received Import Request.
  Time of request: 2026-10-09T14:09:49.953754Z
  Time since last request: 0.000320128 seconds.
  importAddress: GUID: 794ad79b3d07f4ca58ab42f0cff5c9d3 - Path: Packages/com.unity.collab-proxy/Lib/Editor/Localization/xdiff.zh-Hans.txt - Importer: ScriptedImporter/UnityEditor.QuickSearchModule:UnityEditor.Search:ASIAI0B
Importing 'GUID: 794ad79b3d07f4ca58ab42f0cff5c9d3 - Path: Packages/com.unity.collab-proxy/Lib/Editor/Localization/xdiff.zh-Hans.txt - Importer: ScriptedImporter/UnityEditor.QuickSearchModule:UnityEditor.Search:ASIAI0B' with importer (ScriptedImporter : UnityEditor.QuickSearchModule:UnityEditor.Search:ASIAI0B)
Imported 'GUID: 794ad79b3d07f4ca58ab42f0cff5c9d3' -> (Import Result ID: 'bcf0d6335788ea334b285aa02f6a1a38') in 0.002 seconds [static and dynamic dependencies]. Details - ImportResultOutputID=e369d5cd0da2bdf51f98f2ed90fa7d34 DependenciesID=b4f7a6f89e47081ad261a08da6e9ec5c StaticDependenciesID=e0914ed89eead3ad579c69870f7244a3 
Number of updated asset objects reloaded before import = 0
Number of asset objects unloaded after import = 1
========================================================================
Received Import Request.
  Time of request: 2026-10-09T14:09:49.962889Z
  Time since last request: 0.000383205 seconds.
  importAddress: GUID: 7deb947d51d34c76aa03ec6d3a07a4ec - Path: Packages/com.unity.collab-proxy/Editor/CloudDrive/Workspaces/Tree/CloudWorkspacesTreeViewItem.cs - Importer: ScriptedImporter/UnityEditor.QuickSearchModule:UnityEditor.Search:ASIAI0B
Importing 'GUID: 7deb947d51d34c76aa03ec6d3a07a4ec - Path: Packages/com.unity.collab-proxy/Editor/CloudDrive/Workspaces/Tree/CloudWorkspacesTreeViewItem.cs - Importer: ScriptedImporter/UnityEditor.QuickSearchModule:UnityEditor.Search:ASIAI0B' with importer (ScriptedImporter : UnityEditor.QuickSearchModule:UnityEditor.Search:ASIAI0B)
Imported 'GUID: 7deb947d51d34c76aa03ec6d3a07a4ec' -> (Import Result ID: 'aadf615a47e68e268fee5a47843306c7') in 0.001 seconds [static and dynamic dependencies]. Details - ImportResultOutputID=83c936d1db87af6cd9bbca33df4edcb4 DependenciesID=1046d2e6621f8db6e3cf65a77f0c53ce StaticDependenciesID=71ac1191e5e73eed4fd305161f6b5425 
Number of updated asset objects reloaded before import = 0
Number of asset objects unloaded after import = 0
========================================================================
Received Import Request.
  Time of request: 2026-10-09T14:09:49.970954Z
  Time since last request: 0.000281164 seconds.
  importAddress: GUID: 1f47f388d466a499b9d9fa66f4eee75c - Path: Packages/com.unity.collab-proxy/Lib/Editor/Localization/xdiff.ja.txt - Importer: ScriptedImporter/UnityEditor.QuickSearchModule:UnityEditor.Search:ASIAI0B
Importing 'GUID: 1f47f388d466a499b9d9fa66f4eee75c - Path: Packages/com.unity.collab-proxy/Lib/Editor/Localization/xdiff.ja.txt - Importer: ScriptedImporter/UnityEditor.QuickSearchModule:UnityEditor.Search:ASIAI0B' with importer (ScriptedImporter : UnityEditor.QuickSearchModule:UnityEditor.Search:ASIAI0B)
Imported 'GUID: 1f47f388d466a499b9d9fa66f4eee75c' -> (Import Result ID: '3359da03bde34a52106ac67db4900dc7') in 0.001 seconds [static and dynamic dependencies]. Details - ImportResultOutputID=f43dd68afa9b2b41162117981dbf584e DependenciesID=b31695078b14f2ea9ad1808b7c4711eb StaticDependenciesID=6c994f08162327ab2ee08589bd45c9ef 
Number of updated asset objects reloaded before import = 0
Number of asset objects unloaded after import = 1
========================================================================
Received Import Request.
  Time of request: 2026-10-09T14:09:49.978865Z
  Time since last request: 0.000245599 seconds.
  importAddress: GUID: 85f4628ae66f0eb439e59db66adbc696 - Path: Packages/com.unity.collab-proxy/Editor/Configuration/CloudEdition/Welcome/SignInWithEmailPanel.cs - Importer: ScriptedImporter/UnityEditor.QuickSearchModule:UnityEditor.Search:ASIAI0B
Importing 'GUID: 85f4628ae66f0eb439e59db66adbc696 - Path: Packages/com.unity.collab-proxy/Editor/Configuration/CloudEdition/Welcome/SignInWithEmailPanel.cs - Importer: ScriptedImporter/UnityEditor.QuickSearchModule:UnityEditor.Search:ASIAI0B' with importer (ScriptedImporter : UnityEditor.QuickSearchModule:UnityEditor.Search:ASIAI0B)
Imported 'GUID: 85f4628ae66f0eb439e59db66adbc696' -> (Import Result ID: 'fa94de2c9605bce5141d5d99e1aaaa42') in 0.001 seconds [static and dynamic dependencies]. Details - ImportResultOutputID=001c640d7554ae116cd5ef13839769d2 DependenciesID=903a1df875f56f0248652900d73a900a StaticDependenciesID=2ce0113b5b00a816347d264ca4c1cb72 
Number of updated asset objects reloaded before import = 0
Number of asset objects unloaded after import = 0
========================================================================
Received Import Request.
  Time of request: 2026-10-09T14:09:49.98713Z
  Time since last request: 0.000347058 seconds.
  importAddress: GUID: b4c28e55281f4ec5bc041b8f52b7d891 - Path: Packages/com.unity.collab-proxy/Editor/CloudDrive/Workspaces/DirectoryContent/DrawExpandedTreeNode.cs - Importer: ScriptedImporter/UnityEditor.QuickSearchModule:UnityEditor.Search:ASIAI0B
Importing 'GUID: b4c28e55281f4ec5bc041b8f52b7d891 - Path: Packages/com.unity.collab-proxy/Editor/CloudDrive/Workspaces/DirectoryContent/DrawExpandedTreeNode.cs - Importer: ScriptedImporter/UnityEditor.QuickSearchModule:UnityEditor.Search:ASIAI0B' with importer (ScriptedImporter : UnityEditor.QuickSearchModule:UnityEditor.Search:ASIAI0B)
Imported 'GUID: b4c28e55281f4ec5bc041b8f52b7d891' -> (Import Result ID: 'ca0a78a8dae296abfef1e7f94390a5a0') in 0.001 seconds [static and dynamic dependencies]. Details - ImportResultOutputID=d67646cd0cb1f44c75349632309c1c5c DependenciesID=6652541e292347b46d5f2e3b9220ea5b StaticDependenciesID=d77d853da959b6d540eb2d9c3196959e 
Number of updated asset objects reloaded before import = 0
Number of asset objects unloaded after import = 0
========================================================================
Received Import Request.
  Time of request: 2026-10-09T14:09:49.995027Z
  Time since last request: 0.000291243 seconds.
  importAddress: GUID: e69fc09d7758466798e76f1655c2c27f - Path: Packages/com.unity.collab-proxy/Editor/CloudDrive/Workspaces/Tree/CloudWorkspacesTreeView.cs - Importer: ScriptedImporter/UnityEditor.QuickSearchModule:UnityEditor.Search:ASIAI0B
Importing 'GUID: e69fc09d7758466798e76f1655c2c27f - Path: Packages/com.unity.collab-proxy/Editor/CloudDrive/Workspaces/Tree/CloudWorkspacesTreeView.cs - Importer: ScriptedImporter/UnityEditor.QuickSearchModule:UnityEditor.Search:ASIAI0B' with importer (ScriptedImporter : UnityEditor.QuickSearchModule:UnityEditor.Search:ASIAI0B)
Imported 'GUID: e69fc09d7758466798e76f1655c2c27f' -> (Import Result ID: 'a4157b6fc7173fac60c523afe85e42e4') in 0.001 seconds [static and dynamic dependencies]. Details - ImportResultOutputID=992b2d1c4c8121f6d4b6ba28ea31342f DependenciesID=96a2cf06087c30564fecca712a671b57 StaticDependenciesID=cda3ecd7f3dca349bd9ae4962365fcf1 
Number of updated asset objects reloaded before import = 0
Number of asset objects unloaded after import = 0
========================================================================
Received Import Request.
  Time of request: 2026-10-09T14:09:50.018886Z
  Time since last request: 0.016322178 seconds.
  importAddress: GUID: 6e808c3ddcc3246b78a6748007b9aec8 - Path: Packages/com.unity.collab-proxy/Editor/Diff/Image/Toolbar/ImageModeSwitcherView.cs - Importer: ScriptedImporter/UnityEditor.QuickSearchModule:UnityEditor.Search:ASIAI0B
Importing 'GUID: 6e808c3ddcc3246b78a6748007b9aec8 - Path: Packages/com.unity.collab-proxy/Editor/Diff/Image/Toolbar/ImageModeSwitcherView.cs - Importer: ScriptedImporter/UnityEditor.QuickSearchModule:UnityEditor.Search:ASIAI0B' with importer (ScriptedImporter : UnityEditor.QuickSearchModule:UnityEditor.Search:ASIAI0B)
Imported 'GUID: 6e808c3ddcc3246b78a6748007b9aec8' -> (Import Result ID: '738d04ce7c51cea2bf919c834c748a45') in 0.001 seconds [static and dynamic dependencies]. Details - ImportResultOutputID=a50bc3b16714cfa7bf858fa80408c2ea DependenciesID=45d646d2c77cea978811a309868cfe55 StaticDependenciesID=21a40c63e7188fb6cd3564a79b0f041f 
Number of updated asset objects reloaded before import = 0
Number of asset objects unloaded after import = 0
========================================================================
Received Import Request.
  Time of request: 2026-10-09T14:09:50.027679Z
  Time since last request: 0.000212937 seconds.
  importAddress: GUID: a03d6d8b450b42229e7201066ecd389d - Path: Packages/com.unity.collab-proxy/Editor/Diff/Asset/Content/ObjectContent.cs - Importer: ScriptedImporter/UnityEditor.QuickSearchModule:UnityEditor.Search:ASIAI0B
Importing 'GUID: a03d6d8b450b42229e7201066ecd389d - Path: Packages/com.unity.collab-proxy/Editor/Diff/Asset/Content/ObjectContent.cs - Importer: ScriptedImporter/UnityEditor.QuickSearchModule:UnityEditor.Search:ASIAI0B' with importer (ScriptedImporter : UnityEditor.QuickSearchModule:UnityEditor.Search:ASIAI0B)
Imported 'GUID: a03d6d8b450b42229e7201066ecd389d' -> (Import Result ID: 'c6e73369d6042b64efe56cae15ba10f0') in 0.001 seconds [static and dynamic dependencies]. Details - ImportResultOutputID=28ac942401204099e7a667648a78f7e2 DependenciesID=48c0bc5b822900f41bdfd11a6a1ce510 StaticDependenciesID=d8b9afbf8130ea2c6b01085162a8250a 
Number of updated asset objects reloaded before import = 0
Number of asset objects unloaded after import = 0
========================================================================
Received Import Request.
  Time of request: 2026-10-09T14:09:50.036652Z
  Time since last request: 0.000198009 seconds.
  importAddress: GUID: c10e8fc853bad4a54a96aedac078a036 - Path: Packages/com.unity.collab-proxy/Editor/Diff/Asset/Diff/DiffGutter.cs - Importer: ScriptedImporter/UnityEditor.QuickSearchModule:UnityEditor.Search:ASIAI0B
Importing 'GUID: c10e8fc853bad4a54a96aedac078a036 - Path: Packages/com.unity.collab-proxy/Editor/Diff/Asset/Diff/DiffGutter.cs - Importer: ScriptedImporter/UnityEditor.QuickSearchModule:UnityEditor.Search:ASIAI0B' with importer (ScriptedImporter : UnityEditor.QuickSearchModule:UnityEditor.Search:ASIAI0B)
Imported 'GUID: c10e8fc853bad4a54a96aedac078a036' -> (Import Result ID: 'bb026e33d6ab9a948f8a9f2c8b7999ba') in 0.001 seconds [static and dynamic dependencies]. Details - ImportResultOutputID=5e35dc30942016f7ab485686fc6113a8 DependenciesID=a31ea22bedf6f580e78ec49cc6b5c67f StaticDependenciesID=87159da6071067ade83432764b4c977a 
Number of updated asset objects reloaded before import = 0
Number of asset objects unloaded after import = 0
========================================================================
Received Import Request.
  Time of request: 2026-10-09T14:09:50.045901Z
  Time since last request: 0.000201105 seconds.
  importAddress: GUID: 83ac42cfcef844f98fd021a805db6392 - Path: Packages/com.unity.collab-proxy/Editor/Diff/Asset/Diff/AssetDiffControl.cs - Importer: ScriptedImporter/UnityEditor.QuickSearchModule:UnityEditor.Search:ASIAI0B
Importing 'GUID: 83ac42cfcef844f98fd021a805db6392 - Path: Packages/com.unity.collab-proxy/Editor/Diff/Asset/Diff/AssetDiffControl.cs - Importer: ScriptedImporter/UnityEditor.QuickSearchModule:UnityEditor.Search:ASIAI0B' with importer (ScriptedImporter : UnityEditor.QuickSearchModule:UnityEditor.Search:ASIAI0B)
Imported 'GUID: 83ac42cfcef844f98fd021a805db6392' -> (Import Result ID: '169d4451d6b0972dc150db3465f08122') in 0.002 seconds [static and dynamic dependencies]. Details - ImportResultOutputID=bec6a9caa2d6016fff5187229d8c1856 DependenciesID=52d496b3ea3cec66a3787b39accf4fa0 StaticDependenciesID=ca2d3ae069fd585aa3967110f88c31ce 
Number of updated asset objects reloaded before import = 0
Number of asset objects unloaded after import = 0
========================================================================
Received Import Request.
  Time of request: 2026-10-09T14:09:50.055564Z
  Time since last request: 0.000347258 seconds.
  importAddress: GUID: b048016cba8a4416cb18b2e78eb1705e - Path: Packages/com.unity.collab-proxy/Editor/Views/BranchExplorer/Game/Launcher.cs - Importer: ScriptedImporter/UnityEditor.QuickSearchModule:UnityEditor.Search:ASIAI0B
Importing 'GUID: b048016cba8a4416cb18b2e78eb1705e - Path: Packages/com.unity.collab-proxy/Editor/Views/BranchExplorer/Game/Launcher.cs - Importer: ScriptedImporter/UnityEditor.QuickSearchModule:UnityEditor.Search:ASIAI0B' with importer (ScriptedImporter : UnityEditor.QuickSearchModule:UnityEditor.Search:ASIAI0B)
Imported 'GUID: b048016cba8a4416cb18b2e78eb1705e' -> (Import Result ID: 'bb0638ca1a119dc0e0200a7c141c9ab5') in 0.001 seconds [static and dynamic dependencies]. Details - ImportResultOutputID=1c6d0322ef4ae575d9d3a7365d05ffdf DependenciesID=fbe429e13cab5ba63438e7aec26883b3 StaticDependenciesID=72351180846e07c659bbb326ee220745 
Number of updated asset objects reloaded before import = 0
Number of asset objects unloaded after import = 0
========================================================================
Received Import Request.
  Time of request: 2026-10-09T14:09:50.064824Z
  Time since last request: 0.000229719 seconds.
  importAddress: GUID: 694f4474a0854a2bab3e880bbcb004c6 - Path: Packages/com.unity.collab-proxy/Editor/Diff/Asset/Diff/DiffToolbarPanel.cs - Importer: ScriptedImporter/UnityEditor.QuickSearchModule:UnityEditor.Search:ASIAI0B
Importing 'GUID: 694f4474a0854a2bab3e880bbcb004c6 - Path: Packages/com.unity.collab-proxy/Editor/Diff/Asset/Diff/DiffToolbarPanel.cs - Importer: ScriptedImporter/UnityEditor.QuickSearchModule:UnityEditor.Search:ASIAI0B' with importer (ScriptedImporter : UnityEditor.QuickSearchModule:UnityEditor.Search:ASIAI0B)
Imported 'GUID: 694f4474a0854a2bab3e880bbcb004c6' -> (Import Result ID: '59a0c355aeec0033a9af07d68911e8ee') in 0.001 seconds [static and dynamic dependencies]. Details - ImportResultOutputID=cf4a40b50395ab78541aa9a1e0950a97 DependenciesID=41aeee0ff12c358584f7fdacdfb276ec StaticDependenciesID=ebbfa595ae88ac30e2dd9236700baea9 
Number of updated asset objects reloaded before import = 0
Number of asset objects unloaded after import = 0
========================================================================
Received Import Request.
  Time of request: 2026-10-09T14:09:50.072816Z
  Time since last request: 0.000173844 seconds.
  importAddress: GUID: 6780ea954e283bd4f82686f6e5ebafee - Path: Packages/com.unity.collab-proxy/Editor/Views/Branch/Dialogs/DeleteBranchDialog.cs - Importer: ScriptedImporter/UnityEditor.QuickSearchModule:UnityEditor.Search:ASIAI0B
Importing 'GUID: 6780ea954e283bd4f82686f6e5ebafee - Path: Packages/com.unity.collab-proxy/Editor/Views/Branch/Dialogs/DeleteBranchDialog.cs - Importer: ScriptedImporter/UnityEditor.QuickSearchModule:UnityEditor.Search:ASIAI0B' with importer (ScriptedImporter : UnityEditor.QuickSearchModule:UnityEditor.Search:ASIAI0B)
Imported 'GUID: 6780ea954e283bd4f82686f6e5ebafee' -> (Import Result ID: 'd6f6553b84716bd83c61923c97c48006') in 0.002 seconds [static and dynamic dependencies]. Details - ImportResultOutputID=be12b7c77bce699a3084ff644aae6ca0 DependenciesID=2b5db91aef7b2773e6f54690063ef3a5 StaticDependenciesID=2e38c092d6b2e2dcf5df4a9a629e3a1b 
Number of updated asset objects reloaded before import = 0
Number of asset objects unloaded after import = 0
========================================================================
Received Import Request.
  Time of request: 2026-10-09T14:09:50.082413Z
  Time since last request: 0.001090756 seconds.
  importAddress: GUID: 0ac2f78c10614679a284c28dd3a8d8e8 - Path: Packages/com.unity.collab-proxy/Editor/UVCSToolbar/PopupWindow/BranchesList/LoadingEmptyState.cs - Importer: ScriptedImporter/UnityEditor.QuickSearchModule:UnityEditor.Search:ASIAI0B
Importing 'GUID: 0ac2f78c10614679a284c28dd3a8d8e8 - Path: Packages/com.unity.collab-proxy/Editor/UVCSToolbar/PopupWindow/BranchesList/LoadingEmptyState.cs - Importer: ScriptedImporter/UnityEditor.QuickSearchModule:UnityEditor.Search:ASIAI0B' with importer (ScriptedImporter : UnityEditor.QuickSearchModule:UnityEditor.Search:ASIAI0B)
Imported 'GUID: 0ac2f78c10614679a284c28dd3a8d8e8' -> (Import Result ID: '18132ccbee9332814ec6442bf3bac03a') in 0.001 seconds [static and dynamic dependencies]. Details - ImportResultOutputID=25695dc961983ca32fc86b31afc6d638 DependenciesID=cf79a263e654efb8655231dec179e375 StaticDependenciesID=ab59510bf3bc48265b70d394ed2f9e62 
Number of updated asset objects reloaded before import = 0
Number of asset objects unloaded after import = 0
========================================================================
Received Import Request.
  Time of request: 2026-10-09T14:09:50.09111Z
  Time since last request: 0.000221153 seconds.
  importAddress: GUID: 489341d280ec4f84966df11c8c6804d4 - Path: Packages/com.unity.collab-proxy/Editor/UI/UnityInternals/UnityEditor/SplitterState.cs - Importer: ScriptedImporter/UnityEditor.QuickSearchModule:UnityEditor.Search:ASIAI0B
Importing 'GUID: 489341d280ec4f84966df11c8c6804d4 - Path: Packages/com.unity.collab-proxy/Editor/UI/UnityInternals/UnityEditor/SplitterState.cs - Importer: ScriptedImporter/UnityEditor.QuickSearchModule:UnityEditor.Search:ASIAI0B' with importer (ScriptedImporter : UnityEditor.QuickSearchModule:UnityEditor.Search:ASIAI0B)
Imported 'GUID: 489341d280ec4f84966df11c8c6804d4' -> (Import Result ID: '3e49f62f341ed4a8b962d78a3c27caec') in 0.004 seconds [static and dynamic dependencies]. Details - ImportResultOutputID=4daf0d878902b8bac24344f49075b53e DependenciesID=8d7a5fbdf3b7e149ed5fbdc0f17a1089 StaticDependenciesID=d67d1ce63ebc94af31d6f70f8deb2a6f 
Number of updated asset objects reloaded before import = 0
Number of asset objects unloaded after import = 0
========================================================================
Received Import Request.
  Time of request: 2026-10-09T14:09:50.101503Z
  Time since last request: 0.000350134 seconds.
  importAddress: GUID: 14b7fa9fffe443888cccb93957dea182 - Path: Packages/com.unity.collab-proxy/Editor/Inspector/Properties/Branch/BranchPropertiesPanel.cs - Importer: ScriptedImporter/UnityEditor.QuickSearchModule:UnityEditor.Search:ASIAI0B
Importing 'GUID: 14b7fa9fffe443888cccb93957dea182 - Path: Packages/com.unity.collab-proxy/Editor/Inspector/Properties/Branch/BranchPropertiesPanel.cs - Importer: ScriptedImporter/UnityEditor.QuickSearchModule:UnityEditor.Search:ASIAI0B' with importer (ScriptedImporter : UnityEditor.QuickSearchModule:UnityEditor.Search:ASIAI0B)
Imported 'GUID: 14b7fa9fffe443888cccb93957dea182' -> (Import Result ID: '43effd06615d16d84b3d6c9ec341b7fc') in 0.001 seconds [static and dynamic dependencies]. Details - ImportResultOutputID=ad20d0f106c820fbc8a7c4b8159e104a DependenciesID=0ecc8ba70dd15331f70eacc28df2786d StaticDependenciesID=38328fb107a2ba3775418b25882a967d 
Number of updated asset objects reloaded before import = 0
Number of asset objects unloaded after import = 0
========================================================================
Received Import Request.
  Time of request: 2026-10-09T14:09:50.110084Z
  Time since last request: 0.000457444 seconds.
  importAddress: GUID: 25c3ae07f84c4ba3954e07becf193460 - Path: Packages/com.unity.collab-proxy/Editor/UI/UnityInternals/UnityEditor/Menu.cs - Importer: ScriptedImporter/UnityEditor.QuickSearchModule:UnityEditor.Search:ASIAI0B
Importing 'GUID: 25c3ae07f84c4ba3954e07becf193460 - Path: Packages/com.unity.collab-proxy/Editor/UI/UnityInternals/UnityEditor/Menu.cs - Importer: ScriptedImporter/UnityEditor.QuickSearchModule:UnityEditor.Search:ASIAI0B' with importer (ScriptedImporter : UnityEditor.QuickSearchModule:UnityEditor.Search:ASIAI0B)
Imported 'GUID: 25c3ae07f84c4ba3954e07becf193460' -> (Import Result ID: '406dcfed150b96be7d978d5a03907bed') in 0.001 seconds [static and dynamic dependencies]. Details - ImportResultOutputID=3eabae981adfa7a6a9130f7d2043cf51 DependenciesID=cb528927e59d72789da204437fb03601 StaticDependenciesID=744ffb092461947d5a77ccf45939e94f 
Number of updated asset objects reloaded before import = 0
Number of asset objects unloaded after import = 0
========================================================================
Received Import Request.
  Time of request: 2026-10-09T14:09:50.120263Z
  Time since last request: 0.000252091 seconds.
  importAddress: GUID: e534c3e00f154e72ba2a02fbe533bd1a - Path: Packages/com.unity.collab-proxy/Editor/Diff/Asset/Content/ContentToolbarPanel.cs - Importer: ScriptedImporter/UnityEditor.QuickSearchModule:UnityEditor.Search:ASIAI0B
Importing 'GUID: e534c3e00f154e72ba2a02fbe533bd1a - Path: Packages/com.unity.collab-proxy/Editor/Diff/Asset/Content/ContentToolbarPanel.cs - Importer: ScriptedImporter/UnityEditor.QuickSearchModule:UnityEditor.Search:ASIAI0B' with importer (ScriptedImporter : UnityEditor.QuickSearchModule:UnityEditor.Search:ASIAI0B)
Imported 'GUID: e534c3e00f154e72ba2a02fbe533bd1a' -> (Import Result ID: '34bb43bc3061fd9c0b16cb8235a1931c') in 0.001 seconds [static and dynamic dependencies]. Details - ImportResultOutputID=82376ed168ef5cbe4a918fecac626965 DependenciesID=2964797a0fdd45e1d49083e25e9d5d87 StaticDependenciesID=3de6ccb33fd9473c7122b6b9c24a83ce 
Number of updated asset objects reloaded before import = 0
Number of asset objects unloaded after import = 0
========================================================================
Received Import Request.
  Time of request: 2026-10-09T14:09:50.128382Z
  Time since last request: 0.000244096 seconds.
  importAddress: GUID: fc66293009c443c68b1a22dc6b931e6f - Path: Packages/com.unity.collab-proxy/Editor/Diff/Asset/Common/PropertyRow.cs - Importer: ScriptedImporter/UnityEditor.QuickSearchModule:UnityEditor.Search:ASIAI0B
Importing 'GUID: fc66293009c443c68b1a22dc6b931e6f - Path: Packages/com.unity.collab-proxy/Editor/Diff/Asset/Common/PropertyRow.cs - Importer: ScriptedImporter/UnityEditor.QuickSearchModule:UnityEditor.Search:ASIAI0B' with importer (ScriptedImporter : UnityEditor.QuickSearchModule:UnityEditor.Search:ASIAI0B)
Imported 'GUID: fc66293009c443c68b1a22dc6b931e6f' -> (Import Result ID: 'aac8e7a3ce87699f17ac9f643c726577') in 0.001 seconds [static and dynamic dependencies]. Details - ImportResultOutputID=b51e9b7540bce8b82cddec519dc38b34 DependenciesID=38c3d25d72da848f2a54622ed32e95dd StaticDependenciesID=aec78081255d906fb3f268c4acaee8de 
Number of updated asset objects reloaded before import = 0
Number of asset objects unloaded after import = 0
========================================================================
Received Import Request.
  Time of request: 2026-10-09T14:09:50.136721Z
  Time since last request: 0.000207748 seconds.
  importAddress: GUID: a0c766476de1f4df7b85aa44e065e0c0 - Path: Packages/com.unity.collab-proxy/Editor/UI/UnityInternals/UnityEditor/Unsupported.cs - Importer: ScriptedImporter/UnityEditor.QuickSearchModule:UnityEditor.Search:ASIAI0B
Importing 'GUID: a0c766476de1f4df7b85aa44e065e0c0 - Path: Packages/com.unity.collab-proxy/Editor/UI/UnityInternals/UnityEditor/Unsupported.cs - Importer: ScriptedImporter/UnityEditor.QuickSearchModule:UnityEditor.Search:ASIAI0B' with importer (ScriptedImporter : UnityEditor.QuickSearchModule:UnityEditor.Search:ASIAI0B)
Imported 'GUID: a0c766476de1f4df7b85aa44e065e0c0' -> (Import Result ID: 'e02b6fb7dfa37b916ec5f404baf0d74b') in 0.001 seconds [static and dynamic dependencies]. Details - ImportResultOutputID=0599a3cf5d3d670494f7f6a3b615bb5d DependenciesID=12d2cdfea596091128873f3801df3be1 StaticDependenciesID=f668d8e800e39a4f92f39f84d926cb76 
Number of updated asset objects reloaded before import = 0
Number of asset objects unloaded after import = 0
========================================================================
Received Import Request.
  Time of request: 2026-10-09T14:09:50.144758Z
  Time since last request: 0.000196477 seconds.
  importAddress: GUID: cb7cc48c799b4b86937fe77898c0c8c4 - Path: Packages/com.unity.collab-proxy/Editor/UI/UnityInternals/UnityEditor/SplitterGUILayout.cs - Importer: ScriptedImporter/UnityEditor.QuickSearchModule:UnityEditor.Search:ASIAI0B
Importing 'GUID: cb7cc48c799b4b86937fe77898c0c8c4 - Path: Packages/com.unity.collab-proxy/Editor/UI/UnityInternals/UnityEditor/SplitterGUILayout.cs - Importer: ScriptedImporter/UnityEditor.QuickSearchModule:UnityEditor.Search:ASIAI0B' with importer (ScriptedImporter : UnityEditor.QuickSearchModule:UnityEditor.Search:ASIAI0B)
Imported 'GUID: cb7cc48c799b4b86937fe77898c0c8c4' -> (Import Result ID: 'c1a5516531d10ec2987dd84b252e24d2') in 0.001 seconds [static and dynamic dependencies]. Details - ImportResultOutputID=83876480ec034a89bf0683f70bbcc785 DependenciesID=8dd80000c9a98e0a09f435cbf061e1d0 StaticDependenciesID=005996da9333faddd34927feb4a316bc 
Number of updated asset objects reloaded before import = 0
Number of asset objects unloaded after import = 0
========================================================================
Received Import Request.
  Time of request: 2026-10-09T14:09:50.152416Z
  Time since last request: 0.000209902 seconds.
  importAddress: GUID: 5ea6fbde01fc74fd9aef36edf64214a7 - Path: Packages/com.unity.collab-proxy/Editor/Views/BranchExplorer/Game/BranchRunnerGame.cs - Importer: ScriptedImporter/UnityEditor.QuickSearchModule:UnityEditor.Search:ASIAI0B
Importing 'GUID: 5ea6fbde01fc74fd9aef36edf64214a7 - Path: Packages/com.unity.collab-proxy/Editor/Views/BranchExplorer/Game/BranchRunnerGame.cs - Importer: ScriptedImporter/UnityEditor.QuickSearchModule:UnityEditor.Search:ASIAI0B' with importer (ScriptedImporter : UnityEditor.QuickSearchModule:UnityEditor.Search:ASIAI0B)
Imported 'GUID: 5ea6fbde01fc74fd9aef36edf64214a7' -> (Import Result ID: '2b2d72f68bd758c179fa854fcbf476b2') in 0.002 seconds [static and dynamic dependencies]. Details - ImportResultOutputID=9855d44cfc4bb11f34c4584d67a23e68 DependenciesID=6fe26e6dbca703bc6b485db46b64f821 StaticDependenciesID=ebe432a73ac8e819ab3a9d4ff315537a 
Number of updated asset objects reloaded before import = 0
Number of asset objects unloaded after import = 0
========================================================================
Received Import Request.
  Time of request: 2026-10-09T14:09:50.160651Z
  Time since last request: 0.000195755 seconds.
  importAddress: GUID: 0bb6b8b3dfca43538b7ef0bff1d13780 - Path: Packages/com.unity.collab-proxy/Editor/UI/UnityInternals/UnityEditor/ContainerWindow.cs - Importer: ScriptedImporter/UnityEditor.QuickSearchModule:UnityEditor.Search:ASIAI0B
Importing 'GUID: 0bb6b8b3dfca43538b7ef0bff1d13780 - Path: Packages/com.unity.collab-proxy/Editor/UI/UnityInternals/UnityEditor/ContainerWindow.cs - Importer: ScriptedImporter/UnityEditor.QuickSearchModule:UnityEditor.Search:ASIAI0B' with importer (ScriptedImporter : UnityEditor.QuickSearchModule:UnityEditor.Search:ASIAI0B)
Imported 'GUID: 0bb6b8b3dfca43538b7ef0bff1d13780' -> (Import Result ID: 'f821e8c106f753d977fd4176c0dc214b') in 0.002 seconds [static and dynamic dependencies]. Details - ImportResultOutputID=e554b87244c0bfcf09ff50aaeae6a806 DependenciesID=f615340bd9724b529641eca36dd0f00d StaticDependenciesID=60d799bdf5976c63993466fb32ecf7e7 
Number of updated asset objects reloaded before import = 0
Number of asset objects unloaded after import = 0
========================================================================
Received Import Request.
  Time of request: 2026-10-09T14:09:50.169313Z
  Time since last request: 0.000307193 seconds.
  importAddress: GUID: 6eaff6a39d1545778e6362a438cb9da4 - Path: Packages/com.unity.collab-proxy/Editor/Diff/Asset/Diff/DataLossKind.cs - Importer: ScriptedImporter/UnityEditor.QuickSearchModule:UnityEditor.Search:ASIAI0B
Importing 'GUID: 6eaff6a39d1545778e6362a438cb9da4 - Path: Packages/com.unity.collab-proxy/Editor/Diff/Asset/Diff/DataLossKind.cs - Importer: ScriptedImporter/UnityEditor.QuickSearchModule:UnityEditor.Search:ASIAI0B' with importer (ScriptedImporter : UnityEditor.QuickSearchModule:UnityEditor.Search:ASIAI0B)
Imported 'GUID: 6eaff6a39d1545778e6362a438cb9da4' -> (Import Result ID: '1deb82ef5f4d4ed04a16be94e5415532') in 0.001 seconds [static and dynamic dependencies]. Details - ImportResultOutputID=22802c10fcf5fae588b23e9cf04b1d64 DependenciesID=86d46e566b2125c9cc9086b63d6324e5 StaticDependenciesID=c3417f9341bd3783ba4936462c0560a2 
Number of updated asset objects reloaded before import = 0
Number of asset objects unloaded after import = 0
========================================================================
Received Import Request.
  Time of request: 2026-10-09T14:09:50.179255Z
  Time since last request: 0.000347699 seconds.
  importAddress: GUID: 9a10c8be3cfa470199e57ef38283bcfd - Path: Packages/com.unity.collab-proxy/Editor/Inspector/Properties/Label/LabelPropertiesPanel.cs - Importer: ScriptedImporter/UnityEditor.QuickSearchModule:UnityEditor.Search:ASIAI0B
Importing 'GUID: 9a10c8be3cfa470199e57ef38283bcfd - Path: Packages/com.unity.collab-proxy/Editor/Inspector/Properties/Label/LabelPropertiesPanel.cs - Importer: ScriptedImporter/UnityEditor.QuickSearchModule:UnityEditor.Search:ASIAI0B' with importer (ScriptedImporter : UnityEditor.QuickSearchModule:UnityEditor.Search:ASIAI0B)
Imported 'GUID: 9a10c8be3cfa470199e57ef38283bcfd' -> (Import Result ID: '4b0aa0aa836c3d6983e9ef0c980ea994') in 0.001 seconds [static and dynamic dependencies]. Details - ImportResultOutputID=e31d097652eeb9201bb154376a8c3598 DependenciesID=d421fce914ac133f8f66343a65e0ad6f StaticDependenciesID=e8917793f2ac2ec874d5b8c429462e4d 
Number of updated asset objects reloaded before import = 0
Number of asset objects unloaded after import = 0
========================================================================
Received Import Request.
  Time of request: 2026-10-09T14:09:50.188022Z
  Time since last request: 0.000237463 seconds.
  importAddress: GUID: 821bfc9e29fe4f879430e080c75925f9 - Path: Packages/com.unity.collab-proxy/Editor/UI/UnityInternals/UnityEditor/GenericMenu.cs - Importer: ScriptedImporter/UnityEditor.QuickSearchModule:UnityEditor.Search:ASIAI0B
Importing 'GUID: 821bfc9e29fe4f879430e080c75925f9 - Path: Packages/com.unity.collab-proxy/Editor/UI/UnityInternals/UnityEditor/GenericMenu.cs - Importer: ScriptedImporter/UnityEditor.QuickSearchModule:UnityEditor.Search:ASIAI0B' with importer (ScriptedImporter : UnityEditor.QuickSearchModule:UnityEditor.Search:ASIAI0B)
Imported 'GUID: 821bfc9e29fe4f879430e080c75925f9' -> (Import Result ID: '4541bb263a11e1dc5598774489ff5208') in 0.001 seconds [static and dynamic dependencies]. Details - ImportResultOutputID=e6c4077aa1aeedbd23d8668ebaaa96af DependenciesID=dc14437f153eb1fdbb3aab494dec2df5 StaticDependenciesID=f4c24ebcafd048a3d12dd3af0198ebd6 
Number of updated asset objects reloaded before import = 0
Number of asset objects unloaded after import = 0
========================================================================
Received Import Request.
  Time of request: 2026-10-09T14:09:50.195531Z
  Time since last request: 0.000205854 seconds.
  importAddress: GUID: ae954cba0516d43c5b81c92cdb63d0c3 - Path: Packages/com.unity.collab-proxy/Editor/Views/BranchExplorer/Game/EasterEggDetector.cs - Importer: ScriptedImporter/UnityEditor.QuickSearchModule:UnityEditor.Search:ASIAI0B
Importing 'GUID: ae954cba0516d43c5b81c92cdb63d0c3 - Path: Packages/com.unity.collab-proxy/Editor/Views/BranchExplorer/Game/EasterEggDetector.cs - Importer: ScriptedImporter/UnityEditor.QuickSearchModule:UnityEditor.Search:ASIAI0B' with importer (ScriptedImporter : UnityEditor.QuickSearchModule:UnityEditor.Search:ASIAI0B)
Imported 'GUID: ae954cba0516d43c5b81c92cdb63d0c3' -> (Import Result ID: '2d8fe66a7ade2d445becb658984805a6') in 0.001 seconds [static and dynamic dependencies]. Details - ImportResultOutputID=484da146eb3d54e834a8e2d4eb72916c DependenciesID=ef25e0c08d00b25ef977898c2d42b20c StaticDependenciesID=ec6f3305feec642aa66c435d4cdb6de1 
Number of updated asset objects reloaded before import = 0
Number of asset objects unloaded after import = 0
========================================================================
Received Import Request.
  Time of request: 2026-10-09T14:09:50.211388Z
  Time since last request: 0.007901279 seconds.
  importAddress: GUID: 11b2026af4f74d51a4ac170e12c3b888 - Path: Packages/com.unity.collab-proxy/Editor/Views/BranchExplorer/Menu/BranchExplorerViewLabelMenuOperations.cs - Importer: ScriptedImporter/UnityEditor.QuickSearchModule:UnityEditor.Search:ASIAI0B
Importing 'GUID: 11b2026af4f74d51a4ac170e12c3b888 - Path: Packages/com.unity.collab-proxy/Editor/Views/BranchExplorer/Menu/BranchExplorerViewLabelMenuOperations.cs - Importer: ScriptedImporter/UnityEditor.QuickSearchModule:UnityEditor.Search:ASIAI0B' with importer (ScriptedImporter : UnityEditor.QuickSearchModule:UnityEditor.Search:ASIAI0B)
Imported 'GUID: 11b2026af4f74d51a4ac170e12c3b888' -> (Import Result ID: '85388b0aa0899b18c0ef483890d2c0f4') in 0.001 seconds [static and dynamic dependencies]. Details - ImportResultOutputID=5cfd00a3dc8b3d1e32d06d364933de4d DependenciesID=4079145362cc09a5622ec658f96606ad StaticDependenciesID=9bec79c05a3d4d439cbb1dabcd77e291 
Number of updated asset objects reloaded before import = 0
Number of asset objects unloaded after import = 0
========================================================================
Received Import Request.
  Time of request: 2026-10-09T14:09:50.219739Z
  Time since last request: 0.000446904 seconds.
  importAddress: GUID: 349d4bc84d3b4fa48a1970539c06144c - Path: Packages/com.unity.collab-proxy/Editor/Views/Merge/Gluon/IncomingChangesViewMenu.cs - Importer: ScriptedImporter/UnityEditor.QuickSearchModule:UnityEditor.Search:ASIAI0B
Importing 'GUID: 349d4bc84d3b4fa48a1970539c06144c - Path: Packages/com.unity.collab-proxy/Editor/Views/Merge/Gluon/IncomingChangesViewMenu.cs - Importer: ScriptedImporter/UnityEditor.QuickSearchModule:UnityEditor.Search:ASIAI0B' with importer (ScriptedImporter : UnityEditor.QuickSearchModule:UnityEditor.Search:ASIAI0B)
Imported 'GUID: 349d4bc84d3b4fa48a1970539c06144c' -> (Import Result ID: 'd77cb98c25629f38cf191436d32bf207') in 0.002 seconds [static and dynamic dependencies]. Details - ImportResultOutputID=87855479270f416609624dfd671ac66f DependenciesID=67b6117b361de42cc80812f6415813a3 StaticDependenciesID=65a898ab6bbf884e0e6f3c66ae75ed9e 
Number of updated asset objects reloaded before import = 0
Number of asset objects unloaded after import = 0
========================================================================
Received Import Request.
  Time of request: 2026-10-09T14:09:50.228688Z
  Time since last request: 0.000355774 seconds.
  importAddress: GUID: 4a34e3ce3dbf5594ba28a57fa297a72c - Path: Packages/com.unity.collab-proxy/Editor/Views/Labels/Dialogs/CreateLabelDialog.cs - Importer: ScriptedImporter/UnityEditor.QuickSearchModule:UnityEditor.Search:ASIAI0B
Importing 'GUID: 4a34e3ce3dbf5594ba28a57fa297a72c - Path: Packages/com.unity.collab-proxy/Editor/Views/Labels/Dialogs/CreateLabelDialog.cs - Importer: ScriptedImporter/UnityEditor.QuickSearchModule:UnityEditor.Search:ASIAI0B' with importer (ScriptedImporter : UnityEditor.QuickSearchModule:UnityEditor.Search:ASIAI0B)
Imported 'GUID: 4a34e3ce3dbf5594ba28a57fa297a72c' -> (Import Result ID: 'f34f29633e366d8c7173f2c597839acb') in 0.002 seconds [static and dynamic dependencies]. Details - ImportResultOutputID=4ca43b7a60ca22b4c9cbc719bd0e8c77 DependenciesID=d5c3d227f746bbcc00afec22285d82e2 StaticDependenciesID=b0d2e5da7601b63126f48257a5776179 
Number of updated asset objects reloaded before import = 0
Number of asset objects unloaded after import = 0
========================================================================
Received Import Request.
  Time of request: 2026-10-09T14:09:50.237785Z
  Time since last request: 0.000441113 seconds.
  importAddress: GUID: b29af44841cd6644e876233cd057bc18 - Path: Packages/com.unity.collab-proxy/Editor/Views/CreateWorkspace/Dialogs/RepositoryExplorerDialog.cs - Importer: ScriptedImporter/UnityEditor.QuickSearchModule:UnityEditor.Search:ASIAI0B
Importing 'GUID: b29af44841cd6644e876233cd057bc18 - Path: Packages/com.unity.collab-proxy/Editor/Views/CreateWorkspace/Dialogs/RepositoryExplorerDialog.cs - Importer: ScriptedImporter/UnityEditor.QuickSearchModule:UnityEditor.Search:ASIAI0B' with importer (ScriptedImporter : UnityEditor.QuickSearchModule:UnityEditor.Search:ASIAI0B)
Imported 'GUID: b29af44841cd6644e876233cd057bc18' -> (Import Result ID: '2596d20583336130289bb8d6a560bd72') in 0.001 seconds [static and dynamic dependencies]. Details - ImportResultOutputID=0ea52036a856a5acdb407bdf3f21a240 DependenciesID=4f37bcdcd25551b2cc3fb566549cfd2c StaticDependenciesID=19b675df2a6f58ba15fb820d5d6c439a 
Number of updated asset objects reloaded before import = 0
Number of asset objects unloaded after import = 0
========================================================================
Received Import Request.
  Time of request: 2026-10-09T14:09:50.246304Z
  Time since last request: 0.000660072 seconds.
  importAddress: GUID: 23f66c8658044263b7d87b6878d589a7 - Path: Packages/com.unity.collab-proxy/Editor/Views/BranchExplorer/Zoom/BrExZoom.cs - Importer: ScriptedImporter/UnityEditor.QuickSearchModule:UnityEditor.Search:ASIAI0B
Importing 'GUID: 23f66c8658044263b7d87b6878d589a7 - Path: Packages/com.unity.collab-proxy/Editor/Views/BranchExplorer/Zoom/BrExZoom.cs - Importer: ScriptedImporter/UnityEditor.QuickSearchModule:UnityEditor.Search:ASIAI0B' with importer (ScriptedImporter : UnityEditor.QuickSearchModule:UnityEditor.Search:ASIAI0B)
Imported 'GUID: 23f66c8658044263b7d87b6878d589a7' -> (Import Result ID: '414b86f36545ecf01d9a35abd79676f2') in 0.002 seconds [static and dynamic dependencies]. Details - ImportResultOutputID=3041ffdf67b9b53ef3d225cb31b15481 DependenciesID=caebaa1ba897ed9eeed4d41c7f2e79da StaticDependenciesID=674930f89f0502da90a3de9c7c3d93f6 
Number of updated asset objects reloaded before import = 0
Number of asset objects unloaded after import = 0
========================================================================
Received Import Request.
  Time of request: 2026-10-09T14:09:50.254896Z
  Time since last request: 0.000317653 seconds.
  importAddress: GUID: 6c8b04d6403125b4ca51861863f386ee - Path: Packages/com.unity.collab-proxy/Editor/Views/Merge/Developer/MergeTreeHeaderState.cs - Importer: ScriptedImporter/UnityEditor.QuickSearchModule:UnityEditor.Search:ASIAI0B
Importing 'GUID: 6c8b04d6403125b4ca51861863f386ee - Path: Packages/com.unity.collab-proxy/Editor/Views/Merge/Developer/MergeTreeHeaderState.cs - Importer: ScriptedImporter/UnityEditor.QuickSearchModule:UnityEditor.Search:ASIAI0B' with importer (ScriptedImporter : UnityEditor.QuickSearchModule:UnityEditor.Search:ASIAI0B)
Imported 'GUID: 6c8b04d6403125b4ca51861863f386ee' -> (Import Result ID: '4dcac438ad03b8c69ddfc176b4b1bde3') in 0.001 seconds [static and dynamic dependencies]. Details - ImportResultOutputID=e7c9dd36ae5ad307c16683ffe4242151 DependenciesID=6d61d76e9f14b9ea47be3d05d4630bdd StaticDependenciesID=2abeccdbe5a28af6e7bf9af110ea2a0f 
Number of updated asset objects reloaded before import = 0
Number of asset objects unloaded after import = 0
========================================================================
Received Import Request.
  Time of request: 2026-10-09T14:09:50.263365Z
  Time since last request: 0.000298988 seconds.
  importAddress: GUID: 8f337a12580464190b8455975f146e52 - Path: Packages/com.unity.collab-proxy/Editor/Views/BranchExplorer/Options/BranchExplorerOptionsWindow.cs - Importer: ScriptedImporter/UnityEditor.QuickSearchModule:UnityEditor.Search:ASIAI0B
Importing 'GUID: 8f337a12580464190b8455975f146e52 - Path: Packages/com.unity.collab-proxy/Editor/Views/BranchExplorer/Options/BranchExplorerOptionsWindow.cs - Importer: ScriptedImporter/UnityEditor.QuickSearchModule:UnityEditor.Search:ASIAI0B' with importer (ScriptedImporter : UnityEditor.QuickSearchModule:UnityEditor.Search:ASIAI0B)
Imported 'GUID: 8f337a12580464190b8455975f146e52' -> (Import Result ID: 'd475e246faf75d8b0cbb08e3f78c11a0') in 0.001 seconds [static and dynamic dependencies]. Details - ImportResultOutputID=71e89764727b70b7df13350338bac97e DependenciesID=e7ab09387cdd94fde7948eabc27a4247 StaticDependenciesID=1468c1cd192aba2b4583a150706e8886 
Number of updated asset objects reloaded before import = 0
Number of asset objects unloaded after import = 0
========================================================================
Received Import Request.
  Time of request: 2026-10-09T14:09:50.271984Z
  Time since last request: 0.000502157 seconds.
  importAddress: GUID: 83882c7718d0fc34f8a05141328ceac1 - Path: Packages/com.unity.collab-proxy/Editor/Views/CreateWorkspace/Dialogs/RepositoryListViewItem.cs - Importer: ScriptedImporter/UnityEditor.QuickSearchModule:UnityEditor.Search:ASIAI0B
Importing 'GUID: 83882c7718d0fc34f8a05141328ceac1 - Path: Packages/com.unity.collab-proxy/Editor/Views/CreateWorkspace/Dialogs/RepositoryListViewItem.cs - Importer: ScriptedImporter/UnityEditor.QuickSearchModule:UnityEditor.Search:ASIAI0B' with importer (ScriptedImporter : UnityEditor.QuickSearchModule:UnityEditor.Search:ASIAI0B)
Imported 'GUID: 83882c7718d0fc34f8a05141328ceac1' -> (Import Result ID: '3cc007c3ccf54febe8bc4dad29de4b0d') in 0.002 seconds [static and dynamic dependencies]. Details - ImportResultOutputID=b551edd6cde4f0440a08035ebdf82825 DependenciesID=2fa5bc96fabdbdddf67b34fdcecf03d7 StaticDependenciesID=af23530c043a3a845fb1a6b09e4c217e 
Number of updated asset objects reloaded before import = 0
Number of asset objects unloaded after import = 0
========================================================================
Received Import Request.
  Time of request: 2026-10-09T14:09:50.280625Z
  Time since last request: 0.000418211 seconds.
  importAddress: GUID: 21e4725fe8214df78113a02c68fff633 - Path: Packages/com.unity.collab-proxy/Editor/Views/BranchExplorer/Virtualization/VirtualShape.cs - Importer: ScriptedImporter/UnityEditor.QuickSearchModule:UnityEditor.Search:ASIAI0B
Importing 'GUID: 21e4725fe8214df78113a02c68fff633 - Path: Packages/com.unity.collab-proxy/Editor/Views/BranchExplorer/Virtualization/VirtualShape.cs - Importer: ScriptedImporter/UnityEditor.QuickSearchModule:UnityEditor.Search:ASIAI0B' with importer (ScriptedImporter : UnityEditor.QuickSearchModule:UnityEditor.Search:ASIAI0B)
Imported 'GUID: 21e4725fe8214df78113a02c68fff633' -> (Import Result ID: 'b07f3cad7808c284db10c087f842cca8') in 0.001 seconds [static and dynamic dependencies]. Details - ImportResultOutputID=34669a45ac4c3522e3dd92bc9fe3b898 DependenciesID=ab0b984b3a78cea236ad7e4eee51fa7a StaticDependenciesID=eb9a45ce553e4287eb7c0c125d99a93a 
Number of updated asset objects reloaded before import = 0
Number of asset objects unloaded after import = 0
========================================================================
Received Import Request.
  Time of request: 2026-10-09T14:09:50.289438Z
  Time since last request: 0.000239377 seconds.
  importAddress: GUID: 182343c61d477e2449cfbc9cb20dfb35 - Path: Packages/com.unity.collab-proxy/Editor/Views/Merge/Developer/MergeViewMenu.cs - Importer: ScriptedImporter/UnityEditor.QuickSearchModule:UnityEditor.Search:ASIAI0B
Importing 'GUID: 182343c61d477e2449cfbc9cb20dfb35 - Path: Packages/com.unity.collab-proxy/Editor/Views/Merge/Developer/MergeViewMenu.cs - Importer: ScriptedImporter/UnityEditor.QuickSearchModule:UnityEditor.Search:ASIAI0B' with importer (ScriptedImporter : UnityEditor.QuickSearchModule:UnityEditor.Search:ASIAI0B)
Imported 'GUID: 182343c61d477e2449cfbc9cb20dfb35' -> (Import Result ID: 'b156fd7c112523cfeea720171b195ec3') in 0.001 seconds [static and dynamic dependencies]. Details - ImportResultOutputID=99403c3bbe3e02a2fdd3d86391abec3b DependenciesID=375d2416053b5cecc05ad05c920c99d8 StaticDependenciesID=13fc59f19b1a660df04d039e64dc45e8 
Number of updated asset objects reloaded before import = 0
Number of asset objects unloaded after import = 0
========================================================================
Received Import Request.
  Time of request: 2026-10-09T14:09:50.296965Z
  Time since last request: 0.00034298 seconds.
  importAddress: GUID: 1e0aed0a10caba04583f2474f8279b27 - Path: Packages/com.unity.collab-proxy/Editor/Views/Merge/Developer/MergeTreeView.cs - Importer: ScriptedImporter/UnityEditor.QuickSearchModule:UnityEditor.Search:ASIAI0B
Importing 'GUID: 1e0aed0a10caba04583f2474f8279b27 - Path: Packages/com.unity.collab-proxy/Editor/Views/Merge/Developer/MergeTreeView.cs - Importer: ScriptedImporter/UnityEditor.QuickSearchModule:UnityEditor.Search:ASIAI0B' with importer (ScriptedImporter : UnityEditor.QuickSearchModule:UnityEditor.Search:ASIAI0B)
Imported 'GUID: 1e0aed0a10caba04583f2474f8279b27' -> (Import Result ID: '05eced999fbc7dc3c2fd71847ad6978c') in 0.001 seconds [static and dynamic dependencies]. Details - ImportResultOutputID=5590773c94fd56f15006ce11aacb8f3c DependenciesID=bb87ac61dc99f26f2b7fcd430d24aff9 StaticDependenciesID=bd4ddd21e5ecd373ddb8d1b91aa0e19a 
Number of updated asset objects reloaded before import = 0
Number of asset objects unloaded after import = 0
========================================================================
Received Import Request.
  Time of request: 2026-10-09T14:09:50.305093Z
  Time since last request: 0.000327161 seconds.
  importAddress: GUID: c408e05e88bc93c458a3195b15e9d625 - Path: Packages/com.unity.collab-proxy/Editor/Views/Merge/Developer/ChangeCategoryTreeViewItem.cs - Importer: ScriptedImporter/UnityEditor.QuickSearchModule:UnityEditor.Search:ASIAI0B
Importing 'GUID: c408e05e88bc93c458a3195b15e9d625 - Path: Packages/com.unity.collab-proxy/Editor/Views/Merge/Developer/ChangeCategoryTreeViewItem.cs - Importer: ScriptedImporter/UnityEditor.QuickSearchModule:UnityEditor.Search:ASIAI0B' with importer (ScriptedImporter : UnityEditor.QuickSearchModule:UnityEditor.Search:ASIAI0B)
Imported 'GUID: c408e05e88bc93c458a3195b15e9d625' -> (Import Result ID: '16697c3cff4ebb6c10a7cef4955be2bd') in 0.001 seconds [static and dynamic dependencies]. Details - ImportResultOutputID=6d7dec5b3810d4404ebd7dbdf37976bb DependenciesID=ddd729438cdba02c9ecc73d32b9df385 StaticDependenciesID=88c0832ae869bc92af1a50ad6d594d57 
Number of updated asset objects reloaded before import = 0
Number of asset objects unloaded after import = 0
========================================================================
Received Import Request.
  Time of request: 2026-10-09T14:09:50.313966Z
  Time since last request: 0.000514871 seconds.
  importAddress: GUID: 466ebd71b4a48b541be6d119d8140603 - Path: Packages/com.unity.collab-proxy/Editor/Views/PendingChanges/Changelists/MoveToChangelistMenuBuilder.cs - Importer: ScriptedImporter/UnityEditor.QuickSearchModule:UnityEditor.Search:ASIAI0B
Importing 'GUID: 466ebd71b4a48b541be6d119d8140603 - Path: Packages/com.unity.collab-proxy/Editor/Views/PendingChanges/Changelists/MoveToChangelistMenuBuilder.cs - Importer: ScriptedImporter/UnityEditor.QuickSearchModule:UnityEditor.Search:ASIAI0B' with importer (ScriptedImporter : UnityEditor.QuickSearchModule:UnityEditor.Search:ASIAI0B)
Imported 'GUID: 466ebd71b4a48b541be6d119d8140603' -> (Import Result ID: '48823f0f4deef9f3f276d06e21888f3c') in 0.001 seconds [static and dynamic dependencies]. Details - ImportResultOutputID=1ddaae1a4052e00478ea233795d06251 DependenciesID=a4cbe3f6576e207701858a982db74d56 StaticDependenciesID=e2895b69fd90c8b986734dc1f8dd3275 
Number of updated asset objects reloaded before import = 0
Number of asset objects unloaded after import = 0
========================================================================
Received Import Request.
  Time of request: 2026-10-09T14:09:50.322251Z
  Time since last request: 0.000526413 seconds.
  importAddress: GUID: c0821447a35700c4280782d1092cf4c5 - Path: Packages/com.unity.collab-proxy/Editor/Views/Merge/Gluon/IncomingChangesTreeHeaderState.cs - Importer: ScriptedImporter/UnityEditor.QuickSearchModule:UnityEditor.Search:ASIAI0B
Importing 'GUID: c0821447a35700c4280782d1092cf4c5 - Path: Packages/com.unity.collab-proxy/Editor/Views/Merge/Gluon/IncomingChangesTreeHeaderState.cs - Importer: ScriptedImporter/UnityEditor.QuickSearchModule:UnityEditor.Search:ASIAI0B' with importer (ScriptedImporter : UnityEditor.QuickSearchModule:UnityEditor.Search:ASIAI0B)
Imported 'GUID: c0821447a35700c4280782d1092cf4c5' -> (Import Result ID: 'b5394a0871cc4e87e193a1f739e28226') in 0.001 seconds [static and dynamic dependencies]. Details - ImportResultOutputID=8418055dd630a835a78ee39f095e8277 DependenciesID=fe09d4f79a9a4d2a53bfe254937a78a7 StaticDependenciesID=8058765249b83d03278ee4b383a8007d 
Number of updated asset objects reloaded before import = 0
Number of asset objects unloaded after import = 0
========================================================================
Received Import Request.
  Time of request: 2026-10-09T14:09:50.330452Z
  Time since last request: 0.000470178 seconds.
  importAddress: GUID: 5b7531dfaf9b4de9ab2be2bbad7f83ad - Path: Packages/com.unity.collab-proxy/Editor/Views/BranchExplorer/Virtualization/VirtualCanvasFiller.cs - Importer: ScriptedImporter/UnityEditor.QuickSearchModule:UnityEditor.Search:ASIAI0B
Importing 'GUID: 5b7531dfaf9b4de9ab2be2bbad7f83ad - Path: Packages/com.unity.collab-proxy/Editor/Views/BranchExplorer/Virtualization/VirtualCanvasFiller.cs - Importer: ScriptedImporter/UnityEditor.QuickSearchModule:UnityEditor.Search:ASIAI0B' with importer (ScriptedImporter : UnityEditor.QuickSearchModule:UnityEditor.Search:ASIAI0B)
Imported 'GUID: 5b7531dfaf9b4de9ab2be2bbad7f83ad' -> (Import Result ID: 'af8714d77b8e6f293f8674b2040cdc0a') in 0.001 seconds [static and dynamic dependencies]. Details - ImportResultOutputID=519ccbce9af8efedd1388745ca1796b8 DependenciesID=ca7360313e9acb3c99339c60c0d3804f StaticDependenciesID=6aa8d9e596c8c9d426152e5dfd159930 
Number of updated asset objects reloaded before import = 0
Number of asset objects unloaded after import = 0
========================================================================
Received Import Request.
  Time of request: 2026-10-09T14:09:50.338801Z
  Time since last request: 0.000521323 seconds.
  importAddress: GUID: 7f2f2eb277e02054cbc5ccee904b593b - Path: Packages/com.unity.collab-proxy/Editor/Views/Merge/Gluon/IncomingChangesTreeView.cs - Importer: ScriptedImporter/UnityEditor.QuickSearchModule:UnityEditor.Search:ASIAI0B
Importing 'GUID: 7f2f2eb277e02054cbc5ccee904b593b - Path: Packages/com.unity.collab-proxy/Editor/Views/Merge/Gluon/IncomingChangesTreeView.cs - Importer: ScriptedImporter/UnityEditor.QuickSearchModule:UnityEditor.Search:ASIAI0B' with importer (ScriptedImporter : UnityEditor.QuickSearchModule:UnityEditor.Search:ASIAI0B)
Imported 'GUID: 7f2f2eb277e02054cbc5ccee904b593b' -> (Import Result ID: '1716d2c991598b6e9b5be98408c12095') in 0.001 seconds [static and dynamic dependencies]. Details - ImportResultOutputID=d0302fc99b13f0361ad112563a6028b8 DependenciesID=89a92a08aa362c9f57e8c0bd3a661653 StaticDependenciesID=f2b4bf3b070c0cf9637013c898353f83 
Number of updated asset objects reloaded before import = 0
Number of asset objects unloaded after import = 0
========================================================================
Received Import Request.
  Time of request: 2026-10-09T14:09:50.347174Z
  Time since last request: 0.000448528 seconds.
  importAddress: GUID: d6860a2b66cf4b143a06d0bc3b87c0df - Path: Packages/com.unity.collab-proxy/Editor/Views/Labels/Dialogs/CreateLabelViewUIToolkit.cs - Importer: ScriptedImporter/UnityEditor.QuickSearchModule:UnityEditor.Search:ASIAI0B
Importing 'GUID: d6860a2b66cf4b143a06d0bc3b87c0df - Path: Packages/com.unity.collab-proxy/Editor/Views/Labels/Dialogs/CreateLabelViewUIToolkit.cs - Importer: ScriptedImporter/UnityEditor.QuickSearchModule:UnityEditor.Search:ASIAI0B' with importer (ScriptedImporter : UnityEditor.QuickSearchModule:UnityEditor.Search:ASIAI0B)
Imported 'GUID: d6860a2b66cf4b143a06d0bc3b87c0df' -> (Import Result ID: '5d50aa47c75a55eabaec104c3e78ef47') in 0.001 seconds [static and dynamic dependencies]. Details - ImportResultOutputID=480102e6096776bbcb5ad3be45d17d54 DependenciesID=6157ed849d2f1513e7ad6c00f35ca599 StaticDependenciesID=b125f0ab91379725f5624264ff5200b6 
Number of updated asset objects reloaded before import = 0
Number of asset objects unloaded after import = 0
========================================================================
Received Import Request.
  Time of request: 2026-10-09T14:09:50.355134Z
  Time since last request: 0.000267299 seconds.
  importAddress: GUID: 25c9bc31827789b43b8ddb4abee2a205 - Path: Packages/com.unity.collab-proxy/Editor/Views/Merge/Developer/MergeViewFileConflictMenu.cs - Importer: ScriptedImporter/UnityEditor.QuickSearchModule:UnityEditor.Search:ASIAI0B
Importing 'GUID: 25c9bc31827789b43b8ddb4abee2a205 - Path: Packages/com.unity.collab-proxy/Editor/Views/Merge/Developer/MergeViewFileConflictMenu.cs - Importer: ScriptedImporter/UnityEditor.QuickSearchModule:UnityEditor.Search:ASIAI0B' with importer (ScriptedImporter : UnityEditor.QuickSearchModule:UnityEditor.Search:ASIAI0B)
Imported 'GUID: 25c9bc31827789b43b8ddb4abee2a205' -> (Import Result ID: 'aad9856d25048db5f1014bd9d0326e77') in 0.001 seconds [static and dynamic dependencies]. Details - ImportResultOutputID=7271e96157760e0cf8187fd17a1b07dd DependenciesID=94b0327e131cce848308bc4c19d12fec StaticDependenciesID=c3323fb5f76b0a21346ec96067583908 
Number of updated asset objects reloaded before import = 0
Number of asset objects unloaded after import = 0
========================================================================
Received Import Request.
  Time of request: 2026-10-09T14:09:50.363274Z
  Time since last request: 0.000318825 seconds.
  importAddress: GUID: 91af864187ea4d65841241cea79c3f71 - Path: Packages/com.unity.collab-proxy/Editor/Views/BranchExplorer/Menu/BranchExplorerViewBranchMenuOperations.cs - Importer: ScriptedImporter/UnityEditor.QuickSearchModule:UnityEditor.Search:ASIAI0B
Importing 'GUID: 91af864187ea4d65841241cea79c3f71 - Path: Packages/com.unity.collab-proxy/Editor/Views/BranchExplorer/Menu/BranchExplorerViewBranchMenuOperations.cs - Importer: ScriptedImporter/UnityEditor.QuickSearchModule:UnityEditor.Search:ASIAI0B' with importer (ScriptedImporter : UnityEditor.QuickSearchModule:UnityEditor.Search:ASIAI0B)
Imported 'GUID: 91af864187ea4d65841241cea79c3f71' -> (Import Result ID: '307517fc02082cc7d007f5f60a7a11cc') in 0.001 seconds [static and dynamic dependencies]. Details - ImportResultOutputID=2e8fdad066d658edfc9631d13c1e4c7d DependenciesID=3ac9a1dc7a1c248f43c03350dea81b9e StaticDependenciesID=50a07646b1310e98ff2dc014bd2055a4 
Number of updated asset objects reloaded before import = 0
Number of asset objects unloaded after import = 0
========================================================================
Received Import Request.
  Time of request: 2026-10-09T14:09:50.371445Z
  Time since last request: 0.000285893 seconds.
  importAddress: GUID: 3891e5e2c64b4e9eb3a1da7549427fcf - Path: Packages/com.unity.collab-proxy/Editor/Views/BranchExplorer/Zoom/BrExPan.cs - Importer: ScriptedImporter/UnityEditor.QuickSearchModule:UnityEditor.Search:ASIAI0B
Importing 'GUID: 3891e5e2c64b4e9eb3a1da7549427fcf - Path: Packages/com.unity.collab-proxy/Editor/Views/BranchExplorer/Zoom/BrExPan.cs - Importer: ScriptedImporter/UnityEditor.QuickSearchModule:UnityEditor.Search:ASIAI0B' with importer (ScriptedImporter : UnityEditor.QuickSearchModule:UnityEditor.Search:ASIAI0B)
Imported 'GUID: 3891e5e2c64b4e9eb3a1da7549427fcf' -> (Import Result ID: '70d153a45dffb55746a99fef4622cfab') in 0.002 seconds [static and dynamic dependencies]. Details - ImportResultOutputID=8231d871ff39cc73247ceb2059af10ef DependenciesID=1457b457cdf36e8bee88d80bc14f3e22 StaticDependenciesID=6e7ac5df695ffa12890d562b59fd1bce 
Number of updated asset objects reloaded before import = 0
Number of asset objects unloaded after import = 0
========================================================================
Received Import Request.
  Time of request: 2026-10-09T14:09:50.379963Z
  Time since last request: 0.000356796 seconds.
  importAddress: GUID: 0caf9dda3147e224daf41ba5bd5cfaf0 - Path: Packages/com.unity.collab-proxy/Editor/Views/PendingChanges/Dialogs/LaunchCheckinConflictsDialog.cs - Importer: ScriptedImporter/UnityEditor.QuickSearchModule:UnityEditor.Search:ASIAI0B
Importing 'GUID: 0caf9dda3147e224daf41ba5bd5cfaf0 - Path: Packages/com.unity.collab-proxy/Editor/Views/PendingChanges/Dialogs/LaunchCheckinConflictsDialog.cs - Importer: ScriptedImporter/UnityEditor.QuickSearchModule:UnityEditor.Search:ASIAI0B' with importer (ScriptedImporter : UnityEditor.QuickSearchModule:UnityEditor.Search:ASIAI0B)
Imported 'GUID: 0caf9dda3147e224daf41ba5bd5cfaf0' -> (Import Result ID: '2f1d20aa46fabf9137b8ad88bdf4fe50') in 0.001 seconds [static and dynamic dependencies]. Details - ImportResultOutputID=acb0b0e438507dec475f3bde3ca13845 DependenciesID=e469b231642d6d4e89a191e7157bed4d StaticDependenciesID=564a0245c9401627b18a88d502eb4635 
Number of updated asset objects reloaded before import = 0
Number of asset objects unloaded after import = 0
========================================================================
Received Import Request.
  Time of request: 2026-10-09T14:09:50.413235Z
  Time since last request: 0.024793902 seconds.
  importAddress: GUID: 065cbcefa4134632ae7680ab429e988f - Path: Packages/com.unity.collab-proxy/Editor/Views/BranchExplorer/Drawing/Shapes/LabelShape.cs - Importer: ScriptedImporter/UnityEditor.QuickSearchModule:UnityEditor.Search:ASIAI0B
Importing 'GUID: 065cbcefa4134632ae7680ab429e988f - Path: Packages/com.unity.collab-proxy/Editor/Views/BranchExplorer/Drawing/Shapes/LabelShape.cs - Importer: ScriptedImporter/UnityEditor.QuickSearchModule:UnityEditor.Search:ASIAI0B' with importer (ScriptedImporter : UnityEditor.QuickSearchModule:UnityEditor.Search:ASIAI0B)
Imported 'GUID: 065cbcefa4134632ae7680ab429e988f' -> (Import Result ID: 'ecd068ac9f463b204dec9723a4fdd6ca') in 0.001 seconds [static and dynamic dependencies]. Details - ImportResultOutputID=490b5784f7bb411d4bd77a4abd73bf62 DependenciesID=b7d609bb341ef306616d509dd42e40a8 StaticDependenciesID=e94f10d542c609ebb1edfba1fd92cc6d 
Number of updated asset objects reloaded before import = 0
Number of asset objects unloaded after import = 0
========================================================================
Received Import Request.
  Time of request: 2026-10-09T14:09:50.421571Z
  Time since last request: 0.000758977 seconds.
  importAddress: GUID: dc310e3d65493434fbd4ee114db86a19 - Path: Packages/com.unity.collab-proxy/Editor/Diff/Asset/Diff/UnityObject/FileIdReader.cs - Importer: ScriptedImporter/UnityEditor.QuickSearchModule:UnityEditor.Search:ASIAI0B
Importing 'GUID: dc310e3d65493434fbd4ee114db86a19 - Path: Packages/com.unity.collab-proxy/Editor/Diff/Asset/Diff/UnityObject/FileIdReader.cs - Importer: ScriptedImporter/UnityEditor.QuickSearchModule:UnityEditor.Search:ASIAI0B' with importer (ScriptedImporter : UnityEditor.QuickSearchModule:UnityEditor.Search:ASIAI0B)
Imported 'GUID: dc310e3d65493434fbd4ee114db86a19' -> (Import Result ID: '3f83a50cfc3eb6922b50cf4ec082219e') in 0.003 seconds [static and dynamic dependencies]. Details - ImportResultOutputID=e05c94c1ef8ab1b71863a4b4d6b425c5 DependenciesID=3f8267012798b99b9d668ca688365c85 StaticDependenciesID=db8d57fdf2f74a833b4f600d92521289 
Number of updated asset objects reloaded before import = 0
Number of asset objects unloaded after import = 0
========================================================================
Received Import Request.
  Time of request: 2026-10-09T14:09:50.431155Z
  Time since last request: 0.000162283 seconds.
  importAddress: GUID: 5efbadbb9912116bb00fdab47698bcf4 - Path: Packages/com.unity.collab-proxy/Editor/Diff/Asset/Common/Property/GroupHeaderLabels.cs - Importer: ScriptedImporter/UnityEditor.QuickSearchModule:UnityEditor.Search:ASIAI0B
Importing 'GUID: 5efbadbb9912116bb00fdab47698bcf4 - Path: Packages/com.unity.collab-proxy/Editor/Diff/Asset/Common/Property/GroupHeaderLabels.cs - Importer: ScriptedImporter/UnityEditor.QuickSearchModule:UnityEditor.Search:ASIAI0B' with importer (ScriptedImporter : UnityEditor.QuickSearchModule:UnityEditor.Search:ASIAI0B)
Imported 'GUID: 5efbadbb9912116bb00fdab47698bcf4' -> (Import Result ID: 'ee9f021e8ea3079e715ba2d17fba11c0') in 0.001 seconds [static and dynamic dependencies]. Details - ImportResultOutputID=f1a350351559c7b5af5aec24d5c0f272 DependenciesID=f0b810199762a3306d64c153934c83e7 StaticDependenciesID=8f18f4be49e8a4eb23c299e9c767a12e 
Number of updated asset objects reloaded before import = 0
Number of asset objects unloaded after import = 0
========================================================================
Received Import Request.
  Time of request: 2026-10-09T14:09:50.439198Z
  Time since last request: 0.000207928 seconds.
  importAddress: GUID: 9dd73ad7202d44c7ac002aeb112ff0fa - Path: Packages/com.unity.collab-proxy/Editor/Views/BranchExplorer/Drawing/Shapes/BranchGeometry.cs - Importer: ScriptedImporter/UnityEditor.QuickSearchModule:UnityEditor.Search:ASIAI0B
Importing 'GUID: 9dd73ad7202d44c7ac002aeb112ff0fa - Path: Packages/com.unity.collab-proxy/Editor/Views/BranchExplorer/Drawing/Shapes/BranchGeometry.cs - Importer: ScriptedImporter/UnityEditor.QuickSearchModule:UnityEditor.Search:ASIAI0B' with importer (ScriptedImporter : UnityEditor.QuickSearchModule:UnityEditor.Search:ASIAI0B)
Imported 'GUID: 9dd73ad7202d44c7ac002aeb112ff0fa' -> (Import Result ID: '9d895349dc7455d16d556d73591a3d0c') in 0.001 seconds [static and dynamic dependencies]. Details - ImportResultOutputID=563e83038d10ee16c758ae5c6744a8c4 DependenciesID=2c8091b34bf877d9219b0c846e102063 StaticDependenciesID=cbde985f335a9345388d3b91bdcf026c 
Number of updated asset objects reloaded before import = 0
Number of asset objects unloaded after import = 0
========================================================================
Received Import Request.
  Time of request: 2026-10-09T14:09:50.447144Z
  Time since last request: 0.000202408 seconds.
  importAddress: GUID: b8354167bc3f4fe68167ff2823a4334e - Path: Packages/com.unity.collab-proxy/Editor/Diff/Asset/Common/Property/IntPropertyFormatters.cs - Importer: ScriptedImporter/UnityEditor.QuickSearchModule:UnityEditor.Search:ASIAI0B
Importing 'GUID: b8354167bc3f4fe68167ff2823a4334e - Path: Packages/com.unity.collab-proxy/Editor/Diff/Asset/Common/Property/IntPropertyFormatters.cs - Importer: ScriptedImporter/UnityEditor.QuickSearchModule:UnityEditor.Search:ASIAI0B' with importer (ScriptedImporter : UnityEditor.QuickSearchModule:UnityEditor.Search:ASIAI0B)
Imported 'GUID: b8354167bc3f4fe68167ff2823a4334e' -> (Import Result ID: '95fc8f04260f48fc28ad0d17cea39cf8') in 0.001 seconds [static and dynamic dependencies]. Details - ImportResultOutputID=3c4171927a01bb487db73309a867cb72 DependenciesID=541599f8dc94858ee898238e84148d72 StaticDependenciesID=7194d7360488da7df7f785a199a56246 
Number of updated asset objects reloaded before import = 0
Number of asset objects unloaded after import = 0
========================================================================
Received Import Request.
  Time of request: 2026-10-09T14:09:50.455636Z
  Time since last request: 0.000619326 seconds.
  importAddress: GUID: bddb6813a13a4bf892c0927184324e20 - Path: Packages/com.unity.collab-proxy/Editor/Views/BranchExplorer/Drawing/Shapes/TryClipSegment.cs - Importer: ScriptedImporter/UnityEditor.QuickSearchModule:UnityEditor.Search:ASIAI0B
Importing 'GUID: bddb6813a13a4bf892c0927184324e20 - Path: Packages/com.unity.collab-proxy/Editor/Views/BranchExplorer/Drawing/Shapes/TryClipSegment.cs - Importer: ScriptedImporter/UnityEditor.QuickSearchModule:UnityEditor.Search:ASIAI0B' with importer (ScriptedImporter : UnityEditor.QuickSearchModule:UnityEditor.Search:ASIAI0B)
Imported 'GUID: bddb6813a13a4bf892c0927184324e20' -> (Import Result ID: '3309d20819d886fed49445675f6042c4') in 0.002 seconds [static and dynamic dependencies]. Details - ImportResultOutputID=92ccae789b76723f09fd78f73cf23d8a DependenciesID=84d4243a8858663239443bd3ce3e5f14 StaticDependenciesID=6063ecd24e2369be70be8e93318d271e 
Number of updated asset objects reloaded before import = 0
Number of asset objects unloaded after import = 0
========================================================================
Received Import Request.
  Time of request: 2026-10-09T14:09:50.464696Z
  Time since last request: 0.000511024 seconds.
  importAddress: GUID: a7096a557efd546c09f08a5d12fb1a43 - Path: Packages/com.unity.collab-proxy/Editor/Diff/Asset/Diff/Meta/MetaFileDiffs.cs - Importer: ScriptedImporter/UnityEditor.QuickSearchModule:UnityEditor.Search:ASIAI0B
Importing 'GUID: a7096a557efd546c09f08a5d12fb1a43 - Path: Packages/com.unity.collab-proxy/Editor/Diff/Asset/Diff/Meta/MetaFileDiffs.cs - Importer: ScriptedImporter/UnityEditor.QuickSearchModule:UnityEditor.Search:ASIAI0B' with importer (ScriptedImporter : UnityEditor.QuickSearchModule:UnityEditor.Search:ASIAI0B)
Imported 'GUID: a7096a557efd546c09f08a5d12fb1a43' -> (Import Result ID: 'db39fac48557aa6cf96455ab80f1b150') in 0.002 seconds [static and dynamic dependencies]. Details - ImportResultOutputID=15359d37fa66a87e503d4855a839ad12 DependenciesID=b19d1b92af2ca4c89cc9e9ee9c941379 StaticDependenciesID=eaadc392498f0907d76588b74ad62896 
Number of updated asset objects reloaded before import = 0
Number of asset objects unloaded after import = 0
========================================================================
Received Import Request.
  Time of request: 2026-10-09T14:09:50.47417Z
  Time since last request: 0.000409795 seconds.
  importAddress: GUID: 24c9e4a077ecf4e209e757226ef87899 - Path: Packages/com.unity.collab-proxy/Editor/Diff/Image/Views/SideBySide/SideBySideView.cs - Importer: ScriptedImporter/UnityEditor.QuickSearchModule:UnityEditor.Search:ASIAI0B
Importing 'GUID: 24c9e4a077ecf4e209e757226ef87899 - Path: Packages/com.unity.collab-proxy/Editor/Diff/Image/Views/SideBySide/SideBySideView.cs - Importer: ScriptedImporter/UnityEditor.QuickSearchModule:UnityEditor.Search:ASIAI0B' with importer (ScriptedImporter : UnityEditor.QuickSearchModule:UnityEditor.Search:ASIAI0B)
Imported 'GUID: 24c9e4a077ecf4e209e757226ef87899' -> (Import Result ID: '83f315d4762bb09fc747b000d1da717f') in 0.001 seconds [static and dynamic dependencies]. Details - ImportResultOutputID=cfe31b772f905866af27a061ec507fa7 DependenciesID=187b7eca8aa24f789224c23bc221a60a StaticDependenciesID=bcf8302d7aaaa8ede89452b4101cfe26 
Number of updated asset objects reloaded before import = 0
Number of asset objects unloaded after import = 0
========================================================================
Received Import Request.
  Time of request: 2026-10-09T14:09:50.484129Z
  Time since last request: 0.000478243 seconds.
  importAddress: GUID: 1c717ffc06a346f49df5a2fe06338439 - Path: Packages/com.unity.collab-proxy/Editor/Diff/Asset/Common/Property/IgnoredProperties.cs - Importer: ScriptedImporter/UnityEditor.QuickSearchModule:UnityEditor.Search:ASIAI0B
Importing 'GUID: 1c717ffc06a346f49df5a2fe06338439 - Path: Packages/com.unity.collab-proxy/Editor/Diff/Asset/Common/Property/IgnoredProperties.cs - Importer: ScriptedImporter/UnityEditor.QuickSearchModule:UnityEditor.Search:ASIAI0B' with importer (ScriptedImporter : UnityEditor.QuickSearchModule:UnityEditor.Search:ASIAI0B)
Imported 'GUID: 1c717ffc06a346f49df5a2fe06338439' -> (Import Result ID: '638598c800863dbdf3dd507e57f10dd3') in 0.001 seconds [static and dynamic dependencies]. Details - ImportResultOutputID=b41430213eec28b55cd38e5de716f8d6 DependenciesID=a15d78cf9f7d1d87b92824eab7a5a4b5 StaticDependenciesID=48ad4cbbdad607e93b2d53f1c77b8b66 
Number of updated asset objects reloaded before import = 0
Number of asset objects unloaded after import = 0
========================================================================
Received Import Request.
  Time of request: 2026-10-09T14:09:50.492422Z
  Time since last request: 0.000188793 seconds.
  importAddress: GUID: c7d6a678a5bdb45c9b91c35d33ad597d - Path: Packages/com.unity.collab-proxy/Editor/Views/BranchExplorer/Drawing/Shapes/ChangesetCommentShape.cs - Importer: ScriptedImporter/UnityEditor.QuickSearchModule:UnityEditor.Search:ASIAI0B
Importing 'GUID: c7d6a678a5bdb45c9b91c35d33ad597d - Path: Packages/com.unity.collab-proxy/Editor/Views/BranchExplorer/Drawing/Shapes/ChangesetCommentShape.cs - Importer: ScriptedImporter/UnityEditor.QuickSearchModule:UnityEditor.Search:ASIAI0B' with importer (ScriptedImporter : UnityEditor.QuickSearchModule:UnityEditor.Search:ASIAI0B)
Imported 'GUID: c7d6a678a5bdb45c9b91c35d33ad597d' -> (Import Result ID: 'a0209f7d830ea7a802ae94ee3f67c568') in 0.001 seconds [static and dynamic dependencies]. Details - ImportResultOutputID=61763f08269d45e2fc0700695d96bd8f DependenciesID=01dd544e2763af7c19b0c725e2381426 StaticDependenciesID=10e2fd370fc9e4a7c378802862562267 
Number of updated asset objects reloaded before import = 0
Number of asset objects unloaded after import = 0
========================================================================
Received Import Request.
  Time of request: 2026-10-09T14:09:50.500663Z
  Time since last request: 0.000538866 seconds.
  importAddress: GUID: 7e76dfb34c2145fbb3b128aa04febf80 - Path: Packages/com.unity.collab-proxy/Editor/Diff/Asset/Common/UnityObject/HierarchyOrderSorting.cs - Importer: ScriptedImporter/UnityEditor.QuickSearchModule:UnityEditor.Search:ASIAI0B
Importing 'GUID: 7e76dfb34c2145fbb3b128aa04febf80 - Path: Packages/com.unity.collab-proxy/Editor/Diff/Asset/Common/UnityObject/HierarchyOrderSorting.cs - Importer: ScriptedImporter/UnityEditor.QuickSearchModule:UnityEditor.Search:ASIAI0B' with importer (ScriptedImporter : UnityEditor.QuickSearchModule:UnityEditor.Search:ASIAI0B)
Imported 'GUID: 7e76dfb34c2145fbb3b128aa04febf80' -> (Import Result ID: 'f91e17ea71bab8514b9248e3614d6a06') in 0.001 seconds [static and dynamic dependencies]. Details - ImportResultOutputID=fc8bbf7f73b482a0f7e08e795936b602 DependenciesID=ffda04789ac8b25004d07a1667b72455 StaticDependenciesID=c876ab9f3cacd447e8ae81bd6ec33478 
Number of updated asset objects reloaded before import = 0
Number of asset objects unloaded after import = 0
========================================================================
Received Import Request.
  Time of request: 2026-10-09T14:09:50.508421Z
  Time since last request: 0.000276516 seconds.
  importAddress: GUID: 254497d6403494baa8cf3544ec92749d - Path: Packages/com.unity.collab-proxy/Editor/Views/BranchExplorer/Drawing/Shapes/HomeGeometry.cs - Importer: ScriptedImporter/UnityEditor.QuickSearchModule:UnityEditor.Search:ASIAI0B
Importing 'GUID: 254497d6403494baa8cf3544ec92749d - Path: Packages/com.unity.collab-proxy/Editor/Views/BranchExplorer/Drawing/Shapes/HomeGeometry.cs - Importer: ScriptedImporter/UnityEditor.QuickSearchModule:UnityEditor.Search:ASIAI0B' with importer (ScriptedImporter : UnityEditor.QuickSearchModule:UnityEditor.Search:ASIAI0B)
Imported 'GUID: 254497d6403494baa8cf3544ec92749d' -> (Import Result ID: '4d9b28b36c455fd8549aa0328162fd29') in 0.001 seconds [static and dynamic dependencies]. Details - ImportResultOutputID=766d54993f50b873c9e69d9df0f9b8e6 DependenciesID=31fa4120f7f6c68f7c0a9784dbfe131b StaticDependenciesID=8195843d215c9fc2d15adee221f3a4ba 
Number of updated asset objects reloaded before import = 0
Number of asset objects unloaded after import = 0
========================================================================
Received Import Request.
  Time of request: 2026-10-09T14:09:50.5169Z
  Time since last request: 0.000422499 seconds.
  importAddress: GUID: 62fe16837ace7440c893c6e7bf705e60 - Path: Packages/com.unity.collab-proxy/Editor/Diff/Image/Views/OnionSkin/OnionSkinImageView.cs - Importer: ScriptedImporter/UnityEditor.QuickSearchModule:UnityEditor.Search:ASIAI0B
Importing 'GUID: 62fe16837ace7440c893c6e7bf705e60 - Path: Packages/com.unity.collab-proxy/Editor/Diff/Image/Views/OnionSkin/OnionSkinImageView.cs - Importer: ScriptedImporter/UnityEditor.QuickSearchModule:UnityEditor.Search:ASIAI0B' with importer (ScriptedImporter : UnityEditor.QuickSearchModule:UnityEditor.Search:ASIAI0B)
Imported 'GUID: 62fe16837ace7440c893c6e7bf705e60' -> (Import Result ID: '19d5f3e1f57ff290977f93b95011fe45') in 0.001 seconds [static and dynamic dependencies]. Details - ImportResultOutputID=6c3e5327cecdab1733499914f236b03a DependenciesID=c946c3ac8d69e1601465d71ecdb77840 StaticDependenciesID=c63f525a0700cd840449c02e932764f6 
Number of updated asset objects reloaded before import = 0
Number of asset objects unloaded after import = 0
========================================================================
Received Import Request.
  Time of request: 2026-10-09T14:09:50.525188Z
  Time since last request: 0.000384868 seconds.
  importAddress: GUID: 8bf6e2e635fb45979c87aac695ae7567 - Path: Packages/com.unity.collab-proxy/Editor/Diff/Asset/Common/Property/PropertyTreeBuilder.cs - Importer: ScriptedImporter/UnityEditor.QuickSearchModule:UnityEditor.Search:ASIAI0B
Importing 'GUID: 8bf6e2e635fb45979c87aac695ae7567 - Path: Packages/com.unity.collab-proxy/Editor/Diff/Asset/Common/Property/PropertyTreeBuilder.cs - Importer: ScriptedImporter/UnityEditor.QuickSearchModule:UnityEditor.Search:ASIAI0B' with importer (ScriptedImporter : UnityEditor.QuickSearchModule:UnityEditor.Search:ASIAI0B)
Imported 'GUID: 8bf6e2e635fb45979c87aac695ae7567' -> (Import Result ID: '7224f66ea15acbef31c72c6009fdea66') in 0.001 seconds [static and dynamic dependencies]. Details - ImportResultOutputID=aad31c81abced3fe1fc9cb3a52a1f638 DependenciesID=b13bbff689d4f2a051813b3bb23a4edb StaticDependenciesID=5f0127be6265cb7c22e71441ede1d72a 
Number of updated asset objects reloaded before import = 0
Number of asset objects unloaded after import = 0
========================================================================
Received Import Request.
  Time of request: 2026-10-09T14:09:50.533561Z
  Time since last request: 0.000365502 seconds.
  importAddress: GUID: 90c35417a995402084cf69d05578c8de - Path: Packages/com.unity.collab-proxy/Editor/Views/BranchExplorer/Drawing/Shapes/Painter2DExtensions.cs - Importer: ScriptedImporter/UnityEditor.QuickSearchModule:UnityEditor.Search:ASIAI0B
Importing 'GUID: 90c35417a995402084cf69d05578c8de - Path: Packages/com.unity.collab-proxy/Editor/Views/BranchExplorer/Drawing/Shapes/Painter2DExtensions.cs - Importer: ScriptedImporter/UnityEditor.QuickSearchModule:UnityEditor.Search:ASIAI0B' with importer (ScriptedImporter : UnityEditor.QuickSearchModule:UnityEditor.Search:ASIAI0B)
Imported 'GUID: 90c35417a995402084cf69d05578c8de' -> (Import Result ID: 'c339fa5708fbc7c965d769676747a308') in 0.001 seconds [static and dynamic dependencies]. Details - ImportResultOutputID=bdc5caeee6d9d4a2e8389af74fbc5737 DependenciesID=d0a4b151fc213e24ac2e4805f2247ca9 StaticDependenciesID=239ce19cbdcfd00dc70f57909a386697 
Number of updated asset objects reloaded before import = 0
Number of asset objects unloaded after import = 0
========================================================================
Received Import Request.
  Time of request: 2026-10-09T14:09:50.541824Z
  Time since last request: 0.000414374 seconds.
  importAddress: GUID: 733cdcd5219de8f4192fa7fc20da99ac - Path: Packages/com.unity.collab-proxy/Editor/Views/BranchExplorer/Drawing/Shapes/ChangesetNumberShape.cs - Importer: ScriptedImporter/UnityEditor.QuickSearchModule:UnityEditor.Search:ASIAI0B
Importing 'GUID: 733cdcd5219de8f4192fa7fc20da99ac - Path: Packages/com.unity.collab-proxy/Editor/Views/BranchExplorer/Drawing/Shapes/ChangesetNumberShape.cs - Importer: ScriptedImporter/UnityEditor.QuickSearchModule:UnityEditor.Search:ASIAI0B' with importer (ScriptedImporter : UnityEditor.QuickSearchModule:UnityEditor.Search:ASIAI0B)
Imported 'GUID: 733cdcd5219de8f4192fa7fc20da99ac' -> (Import Result ID: 'b5bd70f97be54338b04867f28f8922b8') in 0.001 seconds [static and dynamic dependencies]. Details - ImportResultOutputID=b082b8f4e6fbd17d92623d4539cdda31 DependenciesID=9dd02ad327160b4396016074937cc852 StaticDependenciesID=57e3da1f04dd52256a89543e39b9af5b 
Number of updated asset objects reloaded before import = 0
Number of asset objects unloaded after import = 0
========================================================================
Received Import Request.
  Time of request: 2026-10-09T14:09:50.549648Z
  Time since last request: 0.000316301 seconds.
  importAddress: GUID: da7fb61f9c56463093c257eaaabf46b5 - Path: Packages/com.unity.collab-proxy/Editor/Views/BranchExplorer/Drawing/Shapes/ColumnHeaderShape.cs - Importer: ScriptedImporter/UnityEditor.QuickSearchModule:UnityEditor.Search:ASIAI0B
Importing 'GUID: da7fb61f9c56463093c257eaaabf46b5 - Path: Packages/com.unity.collab-proxy/Editor/Views/BranchExplorer/Drawing/Shapes/ColumnHeaderShape.cs - Importer: ScriptedImporter/UnityEditor.QuickSearchModule:UnityEditor.Search:ASIAI0B' with importer (ScriptedImporter : UnityEditor.QuickSearchModule:UnityEditor.Search:ASIAI0B)
Imported 'GUID: da7fb61f9c56463093c257eaaabf46b5' -> (Import Result ID: 'a61811b8ad27afadedd6c01de4ccaed0') in 0.001 seconds [static and dynamic dependencies]. Details - ImportResultOutputID=5afb2b2e527bda3bae512e83604e3ddd DependenciesID=5e69e6b504c3114dabae51fe5bf837e1 StaticDependenciesID=d0b036c159b62fc1e0f24941d63859d1 
Number of updated asset objects reloaded before import = 0
Number of asset objects unloaded after import = 0
========================================================================
Received Import Request.
  Time of request: 2026-10-09T14:09:50.558267Z
  Time since last request: 0.0003641 seconds.
  importAddress: GUID: f3dabef31c2a490faec225c13c37076d - Path: Packages/com.unity.collab-proxy/Editor/Diff/Asset/Diff/UnityObject/ComponentReorderDiffs.cs - Importer: ScriptedImporter/UnityEditor.QuickSearchModule:UnityEditor.Search:ASIAI0B
Importing 'GUID: f3dabef31c2a490faec225c13c37076d - Path: Packages/com.unity.collab-proxy/Editor/Diff/Asset/Diff/UnityObject/ComponentReorderDiffs.cs - Importer: ScriptedImporter/UnityEditor.QuickSearchModule:UnityEditor.Search:ASIAI0B' with importer (ScriptedImporter : UnityEditor.QuickSearchModule:UnityEditor.Search:ASIAI0B)
Imported 'GUID: f3dabef31c2a490faec225c13c37076d' -> (Import Result ID: 'be89541cda6d1bc6fe72cf555f4b9ccc') in 0.001 seconds [static and dynamic dependencies]. Details - ImportResultOutputID=8868381bd9215758d8ea41d8b756573d DependenciesID=3e233a3f2be3fe0325f9d4dcd53518f5 StaticDependenciesID=9d87d0a8024262795e8e2bde2967df0d 
Number of updated asset objects reloaded before import = 0
Number of asset objects unloaded after import = 0
========================================================================
Received Import Request.
  Time of request: 2026-10-09T14:09:50.566637Z
  Time since last request: 0.0003161 seconds.
  importAddress: GUID: 9b4ce296f75d9468f820729bb268de75 - Path: Packages/com.unity.collab-proxy/Editor/Views/BranchExplorer/Options/ConditionalFormat/FiltersAndConditionalFormatPanel.cs - Importer: ScriptedImporter/UnityEditor.QuickSearchModule:UnityEditor.Search:ASIAI0B
Importing 'GUID: 9b4ce296f75d9468f820729bb268de75 - Path: Packages/com.unity.collab-proxy/Editor/Views/BranchExplorer/Options/ConditionalFormat/FiltersAndConditionalFormatPanel.cs - Importer: ScriptedImporter/UnityEditor.QuickSearchModule:UnityEditor.Search:ASIAI0B' with importer (ScriptedImporter : UnityEditor.QuickSearchModule:UnityEditor.Search:ASIAI0B)
Imported 'GUID: 9b4ce296f75d9468f820729bb268de75' -> (Import Result ID: 'dc698ac0e2ea4b7031d73018c2e0a54d') in 0.001 seconds [static and dynamic dependencies]. Details - ImportResultOutputID=e51a6ce2fc616de86259832311e5551b DependenciesID=b26edb81e2ef4a362a02490b454d21ab StaticDependenciesID=68939ce44d0abb8ee392becbaedd00c8 
Number of updated asset objects reloaded before import = 0
Number of asset objects unloaded after import = 0
========================================================================
Received Import Request.
  Time of request: 2026-10-09T14:09:50.575001Z
  Time since last request: 0.00025717 seconds.
  importAddress: GUID: 091b97caa0d248bb8b9edfbc73ba34ad - Path: Packages/com.unity.collab-proxy/Editor/Diff/Image/Views/ImageViewer/ImageContentView.cs - Importer: ScriptedImporter/UnityEditor.QuickSearchModule:UnityEditor.Search:ASIAI0B
Importing 'GUID: 091b97caa0d248bb8b9edfbc73ba34ad - Path: Packages/com.unity.collab-proxy/Editor/Diff/Image/Views/ImageViewer/ImageContentView.cs - Importer: ScriptedImporter/UnityEditor.QuickSearchModule:UnityEditor.Search:ASIAI0B' with importer (ScriptedImporter : UnityEditor.QuickSearchModule:UnityEditor.Search:ASIAI0B)
Imported 'GUID: 091b97caa0d248bb8b9edfbc73ba34ad' -> (Import Result ID: '38d57ea57a0b9f2fd426f9d9141ecbcd') in 0.001 seconds [static and dynamic dependencies]. Details - ImportResultOutputID=6ba5a173665c32262ea6fafbf3d5efb3 DependenciesID=5a835efe58783735d9832263439d7623 StaticDependenciesID=527f234cedb3edff30bb03be401ecfce 
Number of updated asset objects reloaded before import = 0
Number of asset objects unloaded after import = 0
========================================================================
Received Import Request.
  Time of request: 2026-10-09T14:09:50.583369Z
  Time since last request: 0.000259294 seconds.
  importAddress: GUID: 17a6aa48df0d4d69a081f9c2b83ecb1c - Path: Packages/com.unity.collab-proxy/Editor/Diff/Asset/Content/UnityObject/UnityObjectContents.cs - Importer: ScriptedImporter/UnityEditor.QuickSearchModule:UnityEditor.Search:ASIAI0B
Importing 'GUID: 17a6aa48df0d4d69a081f9c2b83ecb1c - Path: Packages/com.unity.collab-proxy/Editor/Diff/Asset/Content/UnityObject/UnityObjectContents.cs - Importer: ScriptedImporter/UnityEditor.QuickSearchModule:UnityEditor.Search:ASIAI0B' with importer (ScriptedImporter : UnityEditor.QuickSearchModule:UnityEditor.Search:ASIAI0B)
Imported 'GUID: 17a6aa48df0d4d69a081f9c2b83ecb1c' -> (Import Result ID: 'bfc8169120242415e087d7f721a9a86e') in 0.001 seconds [static and dynamic dependencies]. Details - ImportResultOutputID=61a9160712ab97547bf15dc2f54f46da DependenciesID=9a3606ddc4e8492bca73a8384213b50d StaticDependenciesID=daad1d83e272a6b48dfa12f7d185f036 
Number of updated asset objects reloaded before import = 0
Number of asset objects unloaded after import = 0
========================================================================
Received Import Request.
  Time of request: 2026-10-09T14:09:50.621253Z
  Time since last request: 0.030199572 seconds.
  importAddress: GUID: 6022bdd5b2896a54f94123b812705321 - Path: Packages/com.unity.ide.visualstudio/CHANGELOG.md - Importer: ScriptedImporter/UnityEditor.QuickSearchModule:UnityEditor.Search:ASIAI0B
Importing 'GUID: 6022bdd5b2896a54f94123b812705321 - Path: Packages/com.unity.ide.visualstudio/CHANGELOG.md - Importer: ScriptedImporter/UnityEditor.QuickSearchModule:UnityEditor.Search:ASIAI0B' with importer (ScriptedImporter : UnityEditor.QuickSearchModule:UnityEditor.Search:ASIAI0B)
Imported 'GUID: 6022bdd5b2896a54f94123b812705321' -> (Import Result ID: '26d1338a5a9cd169f58516def380cf52') in 0.002 seconds [static and dynamic dependencies]. Details - ImportResultOutputID=742b54a7321e6dbabd5f4fc2bccd763b DependenciesID=8adca4884a8e4956b58dbb91187b9806 StaticDependenciesID=fe607b964f00d320e7895d5b4ad8204f 
Number of updated asset objects reloaded before import = 0
Number of asset objects unloaded after import = 1
========================================================================
Received Import Request.
  Time of request: 2026-10-09T14:09:50.63017Z
  Time since last request: 0.000279722 seconds.
  importAddress: GUID: 1fe9e6e1ae93cf64bbdfbd29300752e1 - Path: Packages/com.unity.ide.visualstudio/LICENSE.md - Importer: ScriptedImporter/UnityEditor.QuickSearchModule:UnityEditor.Search:ASIAI0B
Importing 'GUID: 1fe9e6e1ae93cf64bbdfbd29300752e1 - Path: Packages/com.unity.ide.visualstudio/LICENSE.md - Importer: ScriptedImporter/UnityEditor.QuickSearchModule:UnityEditor.Search:ASIAI0B' with importer (ScriptedImporter : UnityEditor.QuickSearchModule:UnityEditor.Search:ASIAI0B)
Imported 'GUID: 1fe9e6e1ae93cf64bbdfbd29300752e1' -> (Import Result ID: '55a52572afa989ff72390520bf036840') in 0.001 seconds [static and dynamic dependencies]. Details - ImportResultOutputID=9f45d29ee9bab68f4ed27bb84c792159 DependenciesID=43aea772019cd426a2eb2a4b759f6d79 StaticDependenciesID=8e209c71433ebe5afc6b346afffea33f 
Number of updated asset objects reloaded before import = 0
Number of asset objects unloaded after import = 1
========================================================================
Received Import Request.
  Time of request: 2026-10-09T14:09:50.638624Z
  Time since last request: 0.000450932 seconds.
  importAddress: GUID: 9bce97fab0964d528edee0fae8663c95 - Path: Packages/com.unity.collab-proxy/Editor/Views/BranchExplorer/Drawing/Shapes/Colors/BrExLineDashPatterns.cs - Importer: ScriptedImporter/UnityEditor.QuickSearchModule:UnityEditor.Search:ASIAI0B
Importing 'GUID: 9bce97fab0964d528edee0fae8663c95 - Path: Packages/com.unity.collab-proxy/Editor/Views/BranchExplorer/Drawing/Shapes/Colors/BrExLineDashPatterns.cs - Importer: ScriptedImporter/UnityEditor.QuickSearchModule:UnityEditor.Search:ASIAI0B' with importer (ScriptedImporter : UnityEditor.QuickSearchModule:UnityEditor.Search:ASIAI0B)
Imported 'GUID: 9bce97fab0964d528edee0fae8663c95' -> (Import Result ID: '9547ca7d36d28ee472e9d1cf43fa946f') in 0.002 seconds [static and dynamic dependencies]. Details - ImportResultOutputID=f2153ec585ac9ea32a3ee4387caae37f DependenciesID=d1423045b961c3118ededc64d5350529 StaticDependenciesID=b77c76bc0c42bd18e7a1f38eadd9f661 
Number of updated asset objects reloaded before import = 0
Number of asset objects unloaded after import = 0
========================================================================
Received Import Request.
  Time of request: 2026-10-09T14:09:50.647576Z
  Time since last request: 0.00055704 seconds.
  importAddress: GUID: 8e6c7ea7c059fb547b6723aaf225900b - Path: Packages/com.unity.ide.visualstudio/Editor/Image.cs - Importer: ScriptedImporter/UnityEditor.QuickSearchModule:UnityEditor.Search:ASIAI0B
Importing 'GUID: 8e6c7ea7c059fb547b6723aaf225900b - Path: Packages/com.unity.ide.visualstudio/Editor/Image.cs - Importer: ScriptedImporter/UnityEditor.QuickSearchModule:UnityEditor.Search:ASIAI0B' with importer (ScriptedImporter : UnityEditor.QuickSearchModule:UnityEditor.Search:ASIAI0B)
Imported 'GUID: 8e6c7ea7c059fb547b6723aaf225900b' -> (Import Result ID: '89655d988743d91d6cdcb5b847b2de3b') in 0.001 seconds [static and dynamic dependencies]. Details - ImportResultOutputID=8f5db32a32e16f9992c76b3d4f72234d DependenciesID=4a8c0698c7c69a269e8d392c207d65a4 StaticDependenciesID=93fd9ff31cf51b212b2ff0229c2019bb 
Number of updated asset objects reloaded before import = 0
Number of asset objects unloaded after import = 0
========================================================================
Received Import Request.
  Time of request: 2026-10-09T14:09:50.655799Z
  Time since last request: 0.000389958 seconds.
  importAddress: GUID: c6c8b2f6152bd1348ae35f9f95719f75 - Path: Packages/com.unity.ide.visualstudio/Editor/AsyncOperation.cs - Importer: ScriptedImporter/UnityEditor.QuickSearchModule:UnityEditor.Search:ASIAI0B
Importing 'GUID: c6c8b2f6152bd1348ae35f9f95719f75 - Path: Packages/com.unity.ide.visualstudio/Editor/AsyncOperation.cs - Importer: ScriptedImporter/UnityEditor.QuickSearchModule:UnityEditor.Search:ASIAI0B' with importer (ScriptedImporter : UnityEditor.QuickSearchModule:UnityEditor.Search:ASIAI0B)
Imported 'GUID: c6c8b2f6152bd1348ae35f9f95719f75' -> (Import Result ID: 'e30af6d8e1c4a2d77c652df1bec21496') in 0.002 seconds [static and dynamic dependencies]. Details - ImportResultOutputID=71508199cf15a277134f567ab6aac91d DependenciesID=1f654e26b9d11aa6755893fe77d7d68a StaticDependenciesID=9b7224beb63ca27d13ae95dee8884756 
Number of updated asset objects reloaded before import = 0
Number of asset objects unloaded after import = 0
========================================================================
Received Import Request.
  Time of request: 2026-10-09T14:09:50.664772Z
  Time since last request: 0.0002302 seconds.
  importAddress: GUID: abe003ac6fee32e4892100a78f555011 - Path: Packages/com.unity.ide.visualstudio/Editor/Discovery.cs - Importer: ScriptedImporter/UnityEditor.QuickSearchModule:UnityEditor.Search:ASIAI0B
Importing 'GUID: abe003ac6fee32e4892100a78f555011 - Path: Packages/com.unity.ide.visualstudio/Editor/Discovery.cs - Importer: ScriptedImporter/UnityEditor.QuickSearchModule:UnityEditor.Search:ASIAI0B' with importer (ScriptedImporter : UnityEditor.QuickSearchModule:UnityEditor.Search:ASIAI0B)
Imported 'GUID: abe003ac6fee32e4892100a78f555011' -> (Import Result ID: '87da73bc45924f5a273eddd5141b4eb1') in 0.002 seconds [static and dynamic dependencies]. Details - ImportResultOutputID=4d9109af700a27397d1af75e5bd9c139 DependenciesID=58cf1fc780ad88ed02f4e5c2e6ebd9c8 StaticDependenciesID=027fd7bb1fbb5bd36ed8b7ebec961dec 
Number of updated asset objects reloaded before import = 0
Number of asset objects unloaded after import = 0
========================================================================
Received Import Request.
  Time of request: 2026-10-09T14:09:50.673313Z
  Time since last request: 0.000485065 seconds.
  importAddress: GUID: d5deddb7ed7802d41947ef9ac98ccd56 - Path: Packages/com.unity.collab-proxy/Editor/Views/Merge/Developer/DirectoryConflicts/MovedEvilTwinMenu.cs - Importer: ScriptedImporter/UnityEditor.QuickSearchModule:UnityEditor.Search:ASIAI0B
Importing 'GUID: d5deddb7ed7802d41947ef9ac98ccd56 - Path: Packages/com.unity.collab-proxy/Editor/Views/Merge/Developer/DirectoryConflicts/MovedEvilTwinMenu.cs - Importer: ScriptedImporter/UnityEditor.QuickSearchModule:UnityEditor.Search:ASIAI0B' with importer (ScriptedImporter : UnityEditor.QuickSearchModule:UnityEditor.Search:ASIAI0B)
Imported 'GUID: d5deddb7ed7802d41947ef9ac98ccd56' -> (Import Result ID: 'b60d48339b0ad55604539c4efdd818ec') in 0.002 seconds [static and dynamic dependencies]. Details - ImportResultOutputID=4fb9528dadb464cf5f45cbc35ecea921 DependenciesID=c5495444a0602588829772a9a9678711 StaticDependenciesID=df1bf3de3e011746657c34d78f5d1c68 
Number of updated asset objects reloaded before import = 0
Number of asset objects unloaded after import = 0
========================================================================
Received Import Request.
  Time of request: 2026-10-09T14:09:50.682088Z
  Time since last request: 0.000245408 seconds.
  importAddress: GUID: 23032f4383e95e772bce465c5896d0fd - Path: Packages/com.unity.modules.terrain/package.ModuleCompilationTrigger - Importer: ScriptedImporter/UnityEditor.QuickSearchModule:UnityEditor.Search:ASIAI0B
Importing 'GUID: 23032f4383e95e772bce465c5896d0fd - Path: Packages/com.unity.modules.terrain/package.ModuleCompilationTrigger - Importer: ScriptedImporter/UnityEditor.QuickSearchModule:UnityEditor.Search:ASIAI0B' with importer (ScriptedImporter : UnityEditor.QuickSearchModule:UnityEditor.Search:ASIAI0B)
Imported 'GUID: 23032f4383e95e772bce465c5896d0fd' -> (Import Result ID: 'a04a7b3f0cb42482acdb2ed2f95dfd52') in 0.001 seconds [static and dynamic dependencies]. Details - ImportResultOutputID=3b24f9004f895c206c30020af7897578 DependenciesID=00cbb03adc169657a1228cb4cb967d91 StaticDependenciesID=3288b8f2ed8bcd844b101baf57ec8de1 
Number of updated asset objects reloaded before import = 0
Number of asset objects unloaded after import = 1
========================================================================
Received Import Request.
  Time of request: 2026-10-09T14:09:50.689873Z
  Time since last request: 0.000502909 seconds.
  importAddress: GUID: a3f71b076c36a204a864f8c44142b3a9 - Path: Packages/com.unity.ide.visualstudio/ValidationConfig.json - Importer: ScriptedImporter/UnityEditor.QuickSearchModule:UnityEditor.Search:ASIAI0B
Importing 'GUID: a3f71b076c36a204a864f8c44142b3a9 - Path: Packages/com.unity.ide.visualstudio/ValidationConfig.json - Importer: ScriptedImporter/UnityEditor.QuickSearchModule:UnityEditor.Search:ASIAI0B' with importer (ScriptedImporter : UnityEditor.QuickSearchModule:UnityEditor.Search:ASIAI0B)
Imported 'GUID: a3f71b076c36a204a864f8c44142b3a9' -> (Import Result ID: '2683885f2e7d6df837280a8865169adf') in 0.002 seconds [static and dynamic dependencies]. Details - ImportResultOutputID=dd58758be17017ebe4c9aacc54f626ab DependenciesID=73829478b4787fb423627c16cc51464d StaticDependenciesID=8e5826559af3bdf31948b3884c2c4b67 
Number of updated asset objects reloaded before import = 0
Number of asset objects unloaded after import = 1
========================================================================
Received Import Request.
  Time of request: 2026-10-09T14:09:50.698181Z
  Time since last request: 0.000381412 seconds.
  importAddress: GUID: 553737203d61a8109f9544a97201e1aa - Path: Packages/com.unity.modules.unitywebrequestaudio/package.ModuleCompilationTrigger - Importer: ScriptedImporter/UnityEditor.QuickSearchModule:UnityEditor.Search:ASIAI0B
Importing 'GUID: 553737203d61a8109f9544a97201e1aa - Path: Packages/com.unity.modules.unitywebrequestaudio/package.ModuleCompilationTrigger - Importer: ScriptedImporter/UnityEditor.QuickSearchModule:UnityEditor.Search:ASIAI0B' with importer (ScriptedImporter : UnityEditor.QuickSearchModule:UnityEditor.Search:ASIAI0B)
Imported 'GUID: 553737203d61a8109f9544a97201e1aa' -> (Import Result ID: '08d812a1917ac9dbf2f1ae3f3866786f') in 0.002 seconds [static and dynamic dependencies]. Details - ImportResultOutputID=6d6fc5f9f8a2669a216f272efae28cfa DependenciesID=421d8af5490ba17ff9955a03cc03bdd6 StaticDependenciesID=6fd915dcc1be570eee32e478c7b5fb0c 
Number of updated asset objects reloaded before import = 0
Number of asset objects unloaded after import = 1
========================================================================
Received Import Request.
  Time of request: 2026-10-09T14:09:50.706843Z
  Time since last request: 0.000491227 seconds.
  importAddress: GUID: 5f23a75ebd8dc4ad0a7515c06ffbe647 - Path: Packages/com.unity.burst/package.json - Importer: ScriptedImporter/UnityEditor.QuickSearchModule:UnityEditor.Search:ASIAI0B
Importing 'GUID: 5f23a75ebd8dc4ad0a7515c06ffbe647 - Path: Packages/com.unity.burst/package.json - Importer: ScriptedImporter/UnityEditor.QuickSearchModule:UnityEditor.Search:ASIAI0B' with importer (ScriptedImporter : UnityEditor.QuickSearchModule:UnityEditor.Search:ASIAI0B)
Imported 'GUID: 5f23a75ebd8dc4ad0a7515c06ffbe647' -> (Import Result ID: '0e8834a201858261516abf0ece056c53') in 0.001 seconds [static and dynamic dependencies]. Details - ImportResultOutputID=d20a1b0d99c104db045afbf48d4b0808 DependenciesID=4d2e19cf831b04f481cdd12243cbbd3b StaticDependenciesID=fd6b846acc91457ddf2b4762d0c4cd5a 
Number of updated asset objects reloaded before import = 0
Number of asset objects unloaded after import = 1
========================================================================
Received Import Request.
  Time of request: 2026-10-09T14:09:50.715127Z
  Time since last request: 0.000446633 seconds.
  importAddress: GUID: 4d2132ff97b487e4c9986528556871ed - Path: Packages/com.unity.collab-proxy/Editor/Views/Merge/Developer/DirectoryConflicts/MergeViewDirectoryConflictMenu.cs - Importer: ScriptedImporter/UnityEditor.QuickSearchModule:UnityEditor.Search:ASIAI0B
Importing 'GUID: 4d2132ff97b487e4c9986528556871ed - Path: Packages/com.unity.collab-proxy/Editor/Views/Merge/Developer/DirectoryConflicts/MergeViewDirectoryConflictMenu.cs - Importer: ScriptedImporter/UnityEditor.QuickSearchModule:UnityEditor.Search:ASIAI0B' with importer (ScriptedImporter : UnityEditor.QuickSearchModule:UnityEditor.Search:ASIAI0B)
Imported 'GUID: 4d2132ff97b487e4c9986528556871ed' -> (Import Result ID: '9777678a7ee184fc06dc8b752a4a6519') in 0.001 seconds [static and dynamic dependencies]. Details - ImportResultOutputID=697243f86f73902264252cd0c6ba5cee DependenciesID=04079cb0f233f1b6ea093b2b43fd7a42 StaticDependenciesID=93cde9b7e9daf8710e1fc4cfbf3e4f5e 
Number of updated asset objects reloaded before import = 0
Number of asset objects unloaded after import = 0
========================================================================
Received Import Request.
  Time of request: 2026-10-09T14:09:50.723229Z
  Time since last request: 0.000440552 seconds.
  importAddress: GUID: a1c42005fe7c5d78585a77ce396a5eea - Path: Packages/com.unity.modules.tilemap/package.ModuleCompilationTrigger - Importer: ScriptedImporter/UnityEditor.QuickSearchModule:UnityEditor.Search:ASIAI0B
Importing 'GUID: a1c42005fe7c5d78585a77ce396a5eea - Path: Packages/com.unity.modules.tilemap/package.ModuleCompilationTrigger - Importer: ScriptedImporter/UnityEditor.QuickSearchModule:UnityEditor.Search:ASIAI0B' with importer (ScriptedImporter : UnityEditor.QuickSearchModule:UnityEditor.Search:ASIAI0B)
Imported 'GUID: a1c42005fe7c5d78585a77ce396a5eea' -> (Import Result ID: '3e944cd3dbafbaaa9df46f05f48d533f') in 0.001 seconds [static and dynamic dependencies]. Details - ImportResultOutputID=9d21b140067c7b32712c0bbfb38b5fdf DependenciesID=e5b9bab432ae15c7381aca2ee13034de StaticDependenciesID=d3b8a6e1f852de8c9ffffb4313c858c2 
Number of updated asset objects reloaded before import = 0
Number of asset objects unloaded after import = 1
========================================================================
Received Import Request.
  Time of request: 2026-10-09T14:09:50.731358Z
  Time since last request: 0.000425274 seconds.
  importAddress: GUID: 40bf3cec17fa0b49fe04443c8332d638 - Path: Packages/com.unity.modules.jsonserialize/package.json - Importer: ScriptedImporter/UnityEditor.QuickSearchModule:UnityEditor.Search:ASIAI0B
Importing 'GUID: 40bf3cec17fa0b49fe04443c8332d638 - Path: Packages/com.unity.modules.jsonserialize/package.json - Importer: ScriptedImporter/UnityEditor.QuickSearchModule:UnityEditor.Search:ASIAI0B' with importer (ScriptedImporter : UnityEditor.QuickSearchModule:UnityEditor.Search:ASIAI0B)
Imported 'GUID: 40bf3cec17fa0b49fe04443c8332d638' -> (Import Result ID: 'e7b53617a0c49532cc493954c7621363') in 0.001 seconds [static and dynamic dependencies]. Details - ImportResultOutputID=fb8bb4f484a5340404d74f998495ec75 DependenciesID=79ecd4597631067023ad870ee3137308 StaticDependenciesID=0a703ae458ccbd8c84127be930c0f2f1 
Number of updated asset objects reloaded before import = 0
Number of asset objects unloaded after import = 1
========================================================================
Received Import Request.
  Time of request: 2026-10-09T14:09:50.740392Z
  Time since last request: 0.000490786 seconds.
  importAddress: GUID: bcc68739b260546ed9b16442df16c953 - Path: Packages/com.unity.collab-proxy/Lib/Editor/TextMateSharp/Onigwrap/libonigwrap/osx-x64/libonigwrap.dylib - Importer: ScriptedImporter/UnityEditor.QuickSearchModule:UnityEditor.Search:ASIAI0B
Importing 'GUID: bcc68739b260546ed9b16442df16c953 - Path: Packages/com.unity.collab-proxy/Lib/Editor/TextMateSharp/Onigwrap/libonigwrap/osx-x64/libonigwrap.dylib - Importer: ScriptedImporter/UnityEditor.QuickSearchModule:UnityEditor.Search:ASIAI0B' with importer (ScriptedImporter : UnityEditor.QuickSearchModule:UnityEditor.Search:ASIAI0B)
Imported 'GUID: bcc68739b260546ed9b16442df16c953' -> (Import Result ID: 'edd82317a55d23d4b951e17fcd37bc1d') in 0.002 seconds [static and dynamic dependencies]. Details - ImportResultOutputID=b2938b04f74233fe5f0df4b82a432711 DependenciesID=17d03f0826d3c2852cfa64e646a29543 StaticDependenciesID=4dfe282c6153ae0892f86ade118e6d89 
Number of updated asset objects reloaded before import = 0
Number of asset objects unloaded after import = 0
========================================================================
Received Import Request.
  Time of request: 2026-10-09T14:09:50.748586Z
  Time since last request: 0.000594791 seconds.
  importAddress: GUID: aba7053d59726d64b86f2c4f98dbb910 - Path: Packages/com.unity.collab-proxy/Editor/Views/Merge/Developer/DirectoryConflicts/ChangeDeleteMenu.cs - Importer: ScriptedImporter/UnityEditor.QuickSearchModule:UnityEditor.Search:ASIAI0B
Importing 'GUID: aba7053d59726d64b86f2c4f98dbb910 - Path: Packages/com.unity.collab-proxy/Editor/Views/Merge/Developer/DirectoryConflicts/ChangeDeleteMenu.cs - Importer: ScriptedImporter/UnityEditor.QuickSearchModule:UnityEditor.Search:ASIAI0B' with importer (ScriptedImporter : UnityEditor.QuickSearchModule:UnityEditor.Search:ASIAI0B)
Imported 'GUID: aba7053d59726d64b86f2c4f98dbb910' -> (Import Result ID: 'ce40eeab8c79103aab622a4b999e5c1f') in 0.002 seconds [static and dynamic dependencies]. Details - ImportResultOutputID=7c4d113b293d4883ac5692cfdffce206 DependenciesID=e1814bce7aac53fba840a3e8cefa8d57 StaticDependenciesID=bcf73ffb262792fd2ffe572b2050a2a5 
Number of updated asset objects reloaded before import = 0
Number of asset objects unloaded after import = 0
========================================================================
Received Import Request.
  Time of request: 2026-10-09T14:09:50.772979Z
  Time since last request: 0.015610469 seconds.
  importAddress: GUID: 5c1b8a755d2c97640bbb207c43f4cf61 - Path: Packages/com.unity.ide.visualstudio/Editor/SolutionProjectEntry.cs - Importer: ScriptedImporter/UnityEditor.QuickSearchModule:UnityEditor.Search:ASIAI0B
Importing 'GUID: 5c1b8a755d2c97640bbb207c43f4cf61 - Path: Packages/com.unity.ide.visualstudio/Editor/SolutionProjectEntry.cs - Importer: ScriptedImporter/UnityEditor.QuickSearchModule:UnityEditor.Search:ASIAI0B' with importer (ScriptedImporter : UnityEditor.QuickSearchModule:UnityEditor.Search:ASIAI0B)
Imported 'GUID: 5c1b8a755d2c97640bbb207c43f4cf61' -> (Import Result ID: 'c5e459c20b5f961a176e71fb4834aeeb') in 0.001 seconds [static and dynamic dependencies]. Details - ImportResultOutputID=2bad5d0bf6b05312c4431b66f35c43a8 DependenciesID=74f0f93286f5bd438f816bde9c159193 StaticDependenciesID=6938db1261c82ba5f1ff5c5794f5192b 
Number of updated asset objects reloaded before import = 0
Number of asset objects unloaded after import = 0
========================================================================
Received Import Request.
  Time of request: 2026-10-09T14:09:50.781528Z
  Time since last request: 0.000533676 seconds.
  importAddress: GUID: ffe1bdf971d321f4db593c4c6ebd6e47 - Path: Packages/com.unity.ide.visualstudio/Editor/VersionPair.cs - Importer: ScriptedImporter/UnityEditor.QuickSearchModule:UnityEditor.Search:ASIAI0B
Importing 'GUID: ffe1bdf971d321f4db593c4c6ebd6e47 - Path: Packages/com.unity.ide.visualstudio/Editor/VersionPair.cs - Importer: ScriptedImporter/UnityEditor.QuickSearchModule:UnityEditor.Search:ASIAI0B' with importer (ScriptedImporter : UnityEditor.QuickSearchModule:UnityEditor.Search:ASIAI0B)
Imported 'GUID: ffe1bdf971d321f4db593c4c6ebd6e47' -> (Import Result ID: 'ada1d7b9706e0440427e677266eda772') in 0.001 seconds [static and dynamic dependencies]. Details - ImportResultOutputID=99886f61c40aaf68cb9d85b1b7eb06d4 DependenciesID=a5d36fd4f9d325cd04996d7a9746c703 StaticDependenciesID=9596017d723e277574932dac3ccefae2 
Number of updated asset objects reloaded before import = 0
Number of asset objects unloaded after import = 0
========================================================================
Received Import Request.
  Time of request: 2026-10-09T14:09:50.790293Z
  Time since last request: 0.000733069 seconds.
  importAddress: GUID: d9647b571c5e44729b71d756b3d55317 - Path: Packages/com.unity.ugui/Editor/TMP/TMP_ColorGradientAssetMenu.cs - Importer: ScriptedImporter/UnityEditor.QuickSearchModule:UnityEditor.Search:ASIAI0B
Importing 'GUID: d9647b571c5e44729b71d756b3d55317 - Path: Packages/com.unity.ugui/Editor/TMP/TMP_ColorGradientAssetMenu.cs - Importer: ScriptedImporter/UnityEditor.QuickSearchModule:UnityEditor.Search:ASIAI0B' with importer (ScriptedImporter : UnityEditor.QuickSearchModule:UnityEditor.Search:ASIAI0B)
Imported 'GUID: d9647b571c5e44729b71d756b3d55317' -> (Import Result ID: 'b10ebecc19e447c1e8e7a2d691ec9412') in 0.003 seconds [static and dynamic dependencies]. Details - ImportResultOutputID=ef83baa7d75522d88125a596f69228a6 DependenciesID=5869c1e7688c504feb9cbd4e50dd5b28 StaticDependenciesID=cb617cb132af0695398fd3207ec8d84d 
Number of updated asset objects reloaded before import = 0
Number of asset objects unloaded after import = 0
========================================================================
Received Import Request.
  Time of request: 2026-10-09T14:09:50.801647Z
  Time since last request: 0.001693431 seconds.
  importAddress: GUID: 8394c018a82352f41ae354f7bdad54e3 - Path: Packages/com.unity.ugui/Editor/Analytics/UnityEditor.UI.Analytics.asmdef - Importer: ScriptedImporter/UnityEditor.QuickSearchModule:UnityEditor.Search:ASIAI0B
Importing 'GUID: 8394c018a82352f41ae354f7bdad54e3 - Path: Packages/com.unity.ugui/Editor/Analytics/UnityEditor.UI.Analytics.asmdef - Importer: ScriptedImporter/UnityEditor.QuickSearchModule:UnityEditor.Search:ASIAI0B' with importer (ScriptedImporter : UnityEditor.QuickSearchModule:UnityEditor.Search:ASIAI0B)
Imported 'GUID: 8394c018a82352f41ae354f7bdad54e3' -> (Import Result ID: 'a848db3f8a58fd75025d9f07982049dd') in 0.002 seconds [static and dynamic dependencies]. Details - ImportResultOutputID=fcfd46dc5ae09f550f6c66da25c3a3a7 DependenciesID=3afe341a8770cfb472034bd918d7cb90 StaticDependenciesID=7af71b0660eb96978c6e75b42fcf248f 
Number of updated asset objects reloaded before import = 0
Number of asset objects unloaded after import = 1
========================================================================
Received Import Request.
  Time of request: 2026-10-09T14:09:50.810329Z
  Time since last request: 0.000173073 seconds.
  importAddress: GUID: 6dbcf248c987476181a37f01a1814975 - Path: Packages/com.unity.ugui/Editor/TMP/TMP_DropdownEditor.cs - Importer: ScriptedImporter/UnityEditor.QuickSearchModule:UnityEditor.Search:ASIAI0B
Importing 'GUID: 6dbcf248c987476181a37f01a1814975 - Path: Packages/com.unity.ugui/Editor/TMP/TMP_DropdownEditor.cs - Importer: ScriptedImporter/UnityEditor.QuickSearchModule:UnityEditor.Search:ASIAI0B' with importer (ScriptedImporter : UnityEditor.QuickSearchModule:UnityEditor.Search:ASIAI0B)
Imported 'GUID: 6dbcf248c987476181a37f01a1814975' -> (Import Result ID: '8d21122da6d392ef7df94cdb5ca449ce') in 0.001 seconds [static and dynamic dependencies]. Details - ImportResultOutputID=8214f6853b566d159c49d2bc79f83929 DependenciesID=7664fcea8b887ca1f3407407b4d13bba StaticDependenciesID=f3589aac578e80f173a115633276e7c0 
Number of updated asset objects reloaded before import = 0
Number of asset objects unloaded after import = 0
========================================================================
Received Import Request.
  Time of request: 2026-10-09T14:09:50.818002Z
  Time since last request: 0.000184404 seconds.
  importAddress: GUID: 34f6695d37a94370a3697f6b068f5d5e - Path: Packages/com.unity.ugui/Editor/TMP/TMP_EditorPanel.cs - Importer: ScriptedImporter/UnityEditor.QuickSearchModule:UnityEditor.Search:ASIAI0B
Importing 'GUID: 34f6695d37a94370a3697f6b068f5d5e - Path: Packages/com.unity.ugui/Editor/TMP/TMP_EditorPanel.cs - Importer: ScriptedImporter/UnityEditor.QuickSearchModule:UnityEditor.Search:ASIAI0B' with importer (ScriptedImporter : UnityEditor.QuickSearchModule:UnityEditor.Search:ASIAI0B)
Imported 'GUID: 34f6695d37a94370a3697f6b068f5d5e' -> (Import Result ID: '3a36d43924d6e0007b712dad274ea545') in 0.001 seconds [static and dynamic dependencies]. Details - ImportResultOutputID=27991be1e53e115f8e36e1a5a31ec6df DependenciesID=43c4340c597af7cba9541e3f14b44e2b StaticDependenciesID=305509ac2e9b7d820afc1c1d2a30ab12 
Number of updated asset objects reloaded before import = 0
Number of asset objects unloaded after import = 0
========================================================================
Received Import Request.
  Time of request: 2026-10-09T14:09:50.825446Z
  Time since last request: 0.000138979 seconds.
  importAddress: GUID: 275143c81d816ef4286fdc67aabc20c8 - Path: Packages/com.unity.ide.visualstudio/Editor/Messaging/MessageEventArgs.cs - Importer: ScriptedImporter/UnityEditor.QuickSearchModule:UnityEditor.Search:ASIAI0B
Importing 'GUID: 275143c81d816ef4286fdc67aabc20c8 - Path: Packages/com.unity.ide.visualstudio/Editor/Messaging/MessageEventArgs.cs - Importer: ScriptedImporter/UnityEditor.QuickSearchModule:UnityEditor.Search:ASIAI0B' with importer (ScriptedImporter : UnityEditor.QuickSearchModule:UnityEditor.Search:ASIAI0B)
Imported 'GUID: 275143c81d816ef4286fdc67aabc20c8' -> (Import Result ID: 'ee75b07f16a7bbfcf42c8b8e02ab6d58') in 0.001 seconds [static and dynamic dependencies]. Details - ImportResultOutputID=50be3bea04d8df772094f768b853eaab DependenciesID=a612acc9fa90886dbdfc16f0ea830bc5 StaticDependenciesID=09cbc6e9c71040d2867f530cf9e9cb91 
Number of updated asset objects reloaded before import = 0
Number of asset objects unloaded after import = 0
========================================================================
Received Import Request.
  Time of request: 2026-10-09T14:09:50.833081Z
  Time since last request: 0.000109003 seconds.
  importAddress: GUID: 57537f08f8e923f488e4aadabb831c9b - Path: Packages/com.unity.ide.visualstudio/Editor/ProjectGeneration/AssemblyNameProvider.cs - Importer: ScriptedImporter/UnityEditor.QuickSearchModule:UnityEditor.Search:ASIAI0B
Importing 'GUID: 57537f08f8e923f488e4aadabb831c9b - Path: Packages/com.unity.ide.visualstudio/Editor/ProjectGeneration/AssemblyNameProvider.cs - Importer: ScriptedImporter/UnityEditor.QuickSearchModule:UnityEditor.Search:ASIAI0B' with importer (ScriptedImporter : UnityEditor.QuickSearchModule:UnityEditor.Search:ASIAI0B)
Imported 'GUID: 57537f08f8e923f488e4aadabb831c9b' -> (Import Result ID: '464e7d597e1934da44be70b3d8894965') in 0.001 seconds [static and dynamic dependencies]. Details - ImportResultOutputID=29368663a07d16947458fd4202056834 DependenciesID=31a969959f704a83cbc4ee3041ae9452 StaticDependenciesID=2e04f804cfa74be9868fcf3c056300ca 
Number of updated asset objects reloaded before import = 0
Number of asset objects unloaded after import = 0
========================================================================
Received Import Request.
  Time of request: 2026-10-09T14:09:50.840998Z
  Time since last request: 0.000633583 seconds.
  importAddress: GUID: be13c398521e3c1ad21fb9da30ab2ab6 - Path: Packages/com.unity.modules.imgui/package.ModuleCompilationTrigger - Importer: ScriptedImporter/UnityEditor.QuickSearchModule:UnityEditor.Search:ASIAI0B
Importing 'GUID: be13c398521e3c1ad21fb9da30ab2ab6 - Path: Packages/com.unity.modules.imgui/package.ModuleCompilationTrigger - Importer: ScriptedImporter/UnityEditor.QuickSearchModule:UnityEditor.Search:ASIAI0B' with importer (ScriptedImporter : UnityEditor.QuickSearchModule:UnityEditor.Search:ASIAI0B)
Imported 'GUID: be13c398521e3c1ad21fb9da30ab2ab6' -> (Import Result ID: 'e5191057438783d4d4520168b03e0600') in 0.002 seconds [static and dynamic dependencies]. Details - ImportResultOutputID=2fe2b97859a2ff58a9ed44b694e2aaca DependenciesID=336d702aaf2941f6de5a1805cb260af5 StaticDependenciesID=0d3a12acdf94949a491ad45a8826d353 
Number of updated asset objects reloaded before import = 0
Number of asset objects unloaded after import = 1
========================================================================
Received Import Request.
  Time of request: 2026-10-09T14:09:50.849895Z
  Time since last request: 0.000148407 seconds.
  importAddress: GUID: fa7011e2ea1ff024083fea2179f3df08 - Path: Packages/com.unity.ide.visualstudio/Editor/ProjectGeneration/ProjectProperties.cs - Importer: ScriptedImporter/UnityEditor.QuickSearchModule:UnityEditor.Search:ASIAI0B
Importing 'GUID: fa7011e2ea1ff024083fea2179f3df08 - Path: Packages/com.unity.ide.visualstudio/Editor/ProjectGeneration/ProjectProperties.cs - Importer: ScriptedImporter/UnityEditor.QuickSearchModule:UnityEditor.Search:ASIAI0B' with importer (ScriptedImporter : UnityEditor.QuickSearchModule:UnityEditor.Search:ASIAI0B)
Imported 'GUID: fa7011e2ea1ff024083fea2179f3df08' -> (Import Result ID: '4357c7335435248f0eb314ec55d799c6') in 0.001 seconds [static and dynamic dependencies]. Details - ImportResultOutputID=6e3ff175ffa3763be56679b37fed09cd DependenciesID=b33fd424a18e0e7db2e6276b246794fd StaticDependenciesID=04717c9f65b812df9d0344468e8f7988 
Number of updated asset objects reloaded before import = 0
Number of asset objects unloaded after import = 0
========================================================================
Received Import Request.
  Time of request: 2026-10-09T14:09:50.858304Z
  Time since last request: 0.00017653 seconds.
  importAddress: GUID: 0e0afa652c0031c48896a97b424d027b - Path: Packages/com.unity.ugui/PackageConversionData_Assets.json - Importer: ScriptedImporter/UnityEditor.QuickSearchModule:UnityEditor.Search:ASIAI0B
Importing 'GUID: 0e0afa652c0031c48896a97b424d027b - Path: Packages/com.unity.ugui/PackageConversionData_Assets.json - Importer: ScriptedImporter/UnityEditor.QuickSearchModule:UnityEditor.Search:ASIAI0B' with importer (ScriptedImporter : UnityEditor.QuickSearchModule:UnityEditor.Search:ASIAI0B)
Imported 'GUID: 0e0afa652c0031c48896a97b424d027b' -> (Import Result ID: 'fb857c430ce5578cc7ecb5c9efcf965b') in 0.001 seconds [static and dynamic dependencies]. Details - ImportResultOutputID=ecb56a8616c7c7da2eb5693f202e635e DependenciesID=1e65607b51d33ff043c301af524cedce StaticDependenciesID=860e360e4bbb0d75bf2db08fbbfbf30b 
Number of updated asset objects reloaded before import = 0
Number of asset objects unloaded after import = 1
========================================================================
Received Import Request.
  Time of request: 2026-10-09T14:09:50.866212Z
  Time since last request: 0.000407791 seconds.
  importAddress: GUID: e8aed47cdce10fd4cae32fefa2c34f8f - Path: Packages/com.unity.ide.visualstudio/Editor/ProjectGeneration/SdkStyleProjectGeneration.cs - Importer: ScriptedImporter/UnityEditor.QuickSearchModule:UnityEditor.Search:ASIAI0B
Importing 'GUID: e8aed47cdce10fd4cae32fefa2c34f8f - Path: Packages/com.unity.ide.visualstudio/Editor/ProjectGeneration/SdkStyleProjectGeneration.cs - Importer: ScriptedImporter/UnityEditor.QuickSearchModule:UnityEditor.Search:ASIAI0B' with importer (ScriptedImporter : UnityEditor.QuickSearchModule:UnityEditor.Search:ASIAI0B)
Imported 'GUID: e8aed47cdce10fd4cae32fefa2c34f8f' -> (Import Result ID: 'b77085e333d4ae566958704f7d29db0c') in 0.001 seconds [static and dynamic dependencies]. Details - ImportResultOutputID=6974b57c5112612beb47bd27e92a1b92 DependenciesID=1170f82c6a9fa5965712667d54a938a1 StaticDependenciesID=8e544ff55e0b97b8cbaad34e83496048 
Number of updated asset objects reloaded before import = 0
Number of asset objects unloaded after import = 0
========================================================================
Received Import Request.
  Time of request: 2026-10-09T14:09:50.874668Z
  Time since last request: 0.000494864 seconds.
  importAddress: GUID: fcc60c1d6bb544d9b712b652f418ff3a - Path: Packages/com.unity.ugui/Editor/TMP/TMP_ColorGradientEditor.cs - Importer: ScriptedImporter/UnityEditor.QuickSearchModule:UnityEditor.Search:ASIAI0B
Importing 'GUID: fcc60c1d6bb544d9b712b652f418ff3a - Path: Packages/com.unity.ugui/Editor/TMP/TMP_ColorGradientEditor.cs - Importer: ScriptedImporter/UnityEditor.QuickSearchModule:UnityEditor.Search:ASIAI0B' with importer (ScriptedImporter : UnityEditor.QuickSearchModule:UnityEditor.Search:ASIAI0B)
Imported 'GUID: fcc60c1d6bb544d9b712b652f418ff3a' -> (Import Result ID: 'dbee272656f45e06d777ed4591d797bd') in 0.001 seconds [static and dynamic dependencies]. Details - ImportResultOutputID=e9f94e509482561da76bb3c5c4575c2a DependenciesID=6154fbb98d65fa419b7ce496fca68a48 StaticDependenciesID=53ae742731986ca4402d5f3b9d24f1a4 
Number of updated asset objects reloaded before import = 0
Number of asset objects unloaded after import = 0
========================================================================
Received Import Request.
  Time of request: 2026-10-09T14:09:50.883077Z
  Time since last request: 0.000473875 seconds.
  importAddress: GUID: 806de5a9211448c8b65c8435ebb48dd4 - Path: Packages/com.unity.ugui/Editor/TMP/TMP_BitmapShaderGUI.cs - Importer: ScriptedImporter/UnityEditor.QuickSearchModule:UnityEditor.Search:ASIAI0B
Importing 'GUID: 806de5a9211448c8b65c8435ebb48dd4 - Path: Packages/com.unity.ugui/Editor/TMP/TMP_BitmapShaderGUI.cs - Importer: ScriptedImporter/UnityEditor.QuickSearchModule:UnityEditor.Search:ASIAI0B' with importer (ScriptedImporter : UnityEditor.QuickSearchModule:UnityEditor.Search:ASIAI0B)
Imported 'GUID: 806de5a9211448c8b65c8435ebb48dd4' -> (Import Result ID: '631f8d620612904c4e09e1d3bd46ade8') in 0.001 seconds [static and dynamic dependencies]. Details - ImportResultOutputID=fc020261bf31303fe07b028a0d828f42 DependenciesID=fb1d268a3e0eed1fcd5ed4fc2f807b74 StaticDependenciesID=5a78c9f02a8f55c0944ec55e50d8c2ac 
Number of updated asset objects reloaded before import = 0
Number of asset objects unloaded after import = 0
========================================================================
Received Import Request.
  Time of request: 2026-10-09T14:09:50.89189Z
  Time since last request: 0.000388946 seconds.
  importAddress: GUID: 1be5c96ff30e6ec40876f28fd9ab7e24 - Path: Packages/com.unity.ide.visualstudio/Editor/VisualStudioCodeInstallation.cs - Importer: ScriptedImporter/UnityEditor.QuickSearchModule:UnityEditor.Search:ASIAI0B
Importing 'GUID: 1be5c96ff30e6ec40876f28fd9ab7e24 - Path: Packages/com.unity.ide.visualstudio/Editor/VisualStudioCodeInstallation.cs - Importer: ScriptedImporter/UnityEditor.QuickSearchModule:UnityEditor.Search:ASIAI0B' with importer (ScriptedImporter : UnityEditor.QuickSearchModule:UnityEditor.Search:ASIAI0B)
Imported 'GUID: 1be5c96ff30e6ec40876f28fd9ab7e24' -> (Import Result ID: '3f2b436400ab0c516a2e894382c1e291') in 0.001 seconds [static and dynamic dependencies]. Details - ImportResultOutputID=09d4684ba6e0ffc225639de8c235dec7 DependenciesID=07ddab95c522c2317682f1ab62f2d5fa StaticDependenciesID=4068ad59519b921e8a3221d1d7e8e9de 
Number of updated asset objects reloaded before import = 0
Number of asset objects unloaded after import = 0
========================================================================
Received Import Request.
  Time of request: 2026-10-09T14:09:50.900105Z
  Time since last request: 0.000415847 seconds.
  importAddress: GUID: bc00e25696e4132499f56528d3fed2e3 - Path: Packages/com.unity.ugui/Package Resources/TMP Examples & Extras.unitypackage - Importer: ScriptedImporter/UnityEditor.QuickSearchModule:UnityEditor.Search:ASIAI0B
Importing 'GUID: bc00e25696e4132499f56528d3fed2e3 - Path: Packages/com.unity.ugui/Package Resources/TMP Examples & Extras.unitypackage - Importer: ScriptedImporter/UnityEditor.QuickSearchModule:UnityEditor.Search:ASIAI0B' with importer (ScriptedImporter : UnityEditor.QuickSearchModule:UnityEditor.Search:ASIAI0B)
Imported 'GUID: bc00e25696e4132499f56528d3fed2e3' -> (Import Result ID: '35b9e024b27d0ac9225e8788662a20ca') in 0.001 seconds [static and dynamic dependencies]. Details - ImportResultOutputID=f2b70c60cc050d8cd5e18d9372be4b36 DependenciesID=17875b6a079f5682a6f060d60511cc02 StaticDependenciesID=744b0a44b3a5368cc57d8aefe26d002b 
Number of updated asset objects reloaded before import = 0
Number of asset objects unloaded after import = 1
========================================================================
Received Import Request.
  Time of request: 2026-10-09T14:09:50.915751Z
  Time since last request: 0.007793047 seconds.
  importAddress: GUID: 64b9fad609434c489c32b1cdf2004a1c - Path: Packages/com.unity.ugui/Editor Resources/Textures/btn_AlignFlush_Light.psd - Importer: ScriptedImporter/UnityEditor.QuickSearchModule:UnityEditor.Search:ASIAI0B
Importing 'GUID: 64b9fad609434c489c32b1cdf2004a1c - Path: Packages/com.unity.ugui/Editor Resources/Textures/btn_AlignFlush_Light.psd - Importer: ScriptedImporter/UnityEditor.QuickSearchModule:UnityEditor.Search:ASIAI0B' with importer (ScriptedImporter : UnityEditor.QuickSearchModule:UnityEditor.Search:ASIAI0B)
Imported 'GUID: 64b9fad609434c489c32b1cdf2004a1c' -> (Import Result ID: 'bc3901cead36e91f506a4d020ba6f215') in 0.003 seconds [static and dynamic dependencies]. Details - ImportResultOutputID=b1d1cfe4d988f734f7d5510e576e8fdf DependenciesID=cb8776e041f3b3d4a19ec01b9234e0ce StaticDependenciesID=4efdf44643e576049d0e8591c688075f 
Number of updated asset objects reloaded before import = 0
Number of asset objects unloaded after import = 1
========================================================================
Received Import Request.
  Time of request: 2026-10-09T14:09:50.925826Z
  Time since last request: 0.000126115 seconds.
  importAddress: GUID: f4935fb862d54980b1bcbca942962642 - Path: Packages/com.unity.ugui/Editor/TMP/TMPro_TexturePostProcessor.cs - Importer: ScriptedImporter/UnityEditor.QuickSearchModule:UnityEditor.Search:ASIAI0B
Importing 'GUID: f4935fb862d54980b1bcbca942962642 - Path: Packages/com.unity.ugui/Editor/TMP/TMPro_TexturePostProcessor.cs - Importer: ScriptedImporter/UnityEditor.QuickSearchModule:UnityEditor.Search:ASIAI0B' with importer (ScriptedImporter : UnityEditor.QuickSearchModule:UnityEditor.Search:ASIAI0B)
Imported 'GUID: f4935fb862d54980b1bcbca942962642' -> (Import Result ID: 'f327ef6207a6cc4654e420f0e11c32ca') in 0.001 seconds [static and dynamic dependencies]. Details - ImportResultOutputID=dbecf1dbe8d9be0c1906e599f4df183e DependenciesID=f2c0aef6a5f37eace9161b33170baf32 StaticDependenciesID=1fb0d8ded4f972a59a29e1489bc465ba 
Number of updated asset objects reloaded before import = 0
Number of asset objects unloaded after import = 0
========================================================================
Received Import Request.
  Time of request: 2026-10-09T14:09:50.933796Z
  Time since last request: 0.000366855 seconds.
  importAddress: GUID: 0386b6eb838c47138cd51d1c1b879a35 - Path: Packages/com.unity.ugui/Editor/TMP/TMP_SettingsEditor.cs - Importer: ScriptedImporter/UnityEditor.QuickSearchModule:UnityEditor.Search:ASIAI0B
Importing 'GUID: 0386b6eb838c47138cd51d1c1b879a35 - Path: Packages/com.unity.ugui/Editor/TMP/TMP_SettingsEditor.cs - Importer: ScriptedImporter/UnityEditor.QuickSearchModule:UnityEditor.Search:ASIAI0B' with importer (ScriptedImporter : UnityEditor.QuickSearchModule:UnityEditor.Search:ASIAI0B)
Imported 'GUID: 0386b6eb838c47138cd51d1c1b879a35' -> (Import Result ID: 'ae1caf01607d1b8a6364994220bdc486') in 0.001 seconds [static and dynamic dependencies]. Details - ImportResultOutputID=082f893539cc4407c402ff98df8fb9f0 DependenciesID=af4dcb775633b6fc9675f5af1a1c960a StaticDependenciesID=68f380032d2dbe702fcf1de4912d10f5 
Number of updated asset objects reloaded before import = 0
Number of asset objects unloaded after import = 0
========================================================================
Received Import Request.
  Time of request: 2026-10-09T14:09:50.942529Z
  Time since last request: 0.000324626 seconds.
  importAddress: GUID: 23a562f2cac6401f9f91251c68a1a794 - Path: Packages/com.unity.ugui/Editor/TMP/TMP_StyleAssetMenu.cs - Importer: ScriptedImporter/UnityEditor.QuickSearchModule:UnityEditor.Search:ASIAI0B
Importing 'GUID: 23a562f2cac6401f9f91251c68a1a794 - Path: Packages/com.unity.ugui/Editor/TMP/TMP_StyleAssetMenu.cs - Importer: ScriptedImporter/UnityEditor.QuickSearchModule:UnityEditor.Search:ASIAI0B' with importer (ScriptedImporter : UnityEditor.QuickSearchModule:UnityEditor.Search:ASIAI0B)
Imported 'GUID: 23a562f2cac6401f9f91251c68a1a794' -> (Import Result ID: '602ec0c592e003d99d1179cda2b54f31') in 0.001 seconds [static and dynamic dependencies]. Details - ImportResultOutputID=9bf10b6f5f33865d192cd290fa54bd0b DependenciesID=0d98f329d17f96afcacc46088f3ecd3d StaticDependenciesID=54a9e1006f8902d668e8d597f50828b2 
Number of updated asset objects reloaded before import = 0
Number of asset objects unloaded after import = 0
========================================================================
Received Import Request.
  Time of request: 2026-10-09T14:09:50.950905Z
  Time since last request: 0.000399756 seconds.
  importAddress: GUID: 9288066c33474b94b6ee5465f4df1cc0 - Path: Packages/com.unity.ugui/Editor Resources/Textures/btn_AlignLeft.psd - Importer: ScriptedImporter/UnityEditor.QuickSearchModule:UnityEditor.Search:ASIAI0B
Importing 'GUID: 9288066c33474b94b6ee5465f4df1cc0 - Path: Packages/com.unity.ugui/Editor Resources/Textures/btn_AlignLeft.psd - Importer: ScriptedImporter/UnityEditor.QuickSearchModule:UnityEditor.Search:ASIAI0B' with importer (ScriptedImporter : UnityEditor.QuickSearchModule:UnityEditor.Search:ASIAI0B)
Imported 'GUID: 9288066c33474b94b6ee5465f4df1cc0' -> (Import Result ID: '2020219acffe2c4258b1b90ccfbebb3d') in 0.003 seconds [static and dynamic dependencies]. Details - ImportResultOutputID=d497d6c07b6200deedbf7db20d1e6e07 DependenciesID=ed6311e63aba15a5bcb7c056ed909f12 StaticDependenciesID=69481d84025e3162b927950f9ba8616a 
Number of updated asset objects reloaded before import = 0
Number of asset objects unloaded after import = 1
========================================================================
Received Import Request.
  Time of request: 2026-10-09T14:09:50.96143Z
  Time since last request: 0.000360343 seconds.
  importAddress: GUID: ee148e281f3c41c5b4ff5f8a5afe5a6c - Path: Packages/com.unity.ugui/Editor Resources/Gizmos/TMP - Font Asset Icon.psd - Importer: ScriptedImporter/UnityEditor.QuickSearchModule:UnityEditor.Search:ASIAI0B
Importing 'GUID: ee148e281f3c41c5b4ff5f8a5afe5a6c - Path: Packages/com.unity.ugui/Editor Resources/Gizmos/TMP - Font Asset Icon.psd - Importer: ScriptedImporter/UnityEditor.QuickSearchModule:UnityEditor.Search:ASIAI0B' with importer (ScriptedImporter : UnityEditor.QuickSearchModule:UnityEditor.Search:ASIAI0B)
Imported 'GUID: ee148e281f3c41c5b4ff5f8a5afe5a6c' -> (Import Result ID: 'c9ce451b911960775ec3b22ff89c7fec') in 0.003 seconds [static and dynamic dependencies]. Details - ImportResultOutputID=b85bfdc34a657bca80d17c3fdb50a61e DependenciesID=54f0e386e559eabb664a9cd7feac89d4 StaticDependenciesID=d8365afe9dc386f27fc0fb3a38003bdd 
Number of updated asset objects reloaded before import = 0
Number of asset objects unloaded after import = 1
========================================================================
Received Import Request.
  Time of request: 2026-10-09T14:09:50.9721Z
  Time since last request: 0.000317974 seconds.
  importAddress: GUID: fb5730e24283d0c489e5c7d0bee023d9 - Path: Packages/com.unity.ugui/Editor Resources/Textures/SectionHeader_Dark.psd - Importer: ScriptedImporter/UnityEditor.QuickSearchModule:UnityEditor.Search:ASIAI0B
Importing 'GUID: fb5730e24283d0c489e5c7d0bee023d9 - Path: Packages/com.unity.ugui/Editor Resources/Textures/SectionHeader_Dark.psd - Importer: ScriptedImporter/UnityEditor.QuickSearchModule:UnityEditor.Search:ASIAI0B' with importer (ScriptedImporter : UnityEditor.QuickSearchModule:UnityEditor.Search:ASIAI0B)
Imported 'GUID: fb5730e24283d0c489e5c7d0bee023d9' -> (Import Result ID: 'c32d3a2b0d5365b7bb945e7d6c819f7e') in 0.005 seconds [static and dynamic dependencies]. Details - ImportResultOutputID=76486a56fe10940be97dab49eed3873f DependenciesID=51035c427361fdb5ebd6d97d7de4f3c2 StaticDependenciesID=b900ce20418a782e2c4505d30f75b88d 
Number of updated asset objects reloaded before import = 0
Number of asset objects unloaded after import = 1
========================================================================
Received Import Request.
  Time of request: 2026-10-09T14:09:50.983988Z
  Time since last request: 0.000549456 seconds.
  importAddress: GUID: 0d9a36012a224080966c7b55896aa0f9 - Path: Packages/com.unity.ugui/Editor Resources/Textures/btn_AlignCapLine.psd - Importer: ScriptedImporter/UnityEditor.QuickSearchModule:UnityEditor.Search:ASIAI0B
Importing 'GUID: 0d9a36012a224080966c7b55896aa0f9 - Path: Packages/com.unity.ugui/Editor Resources/Textures/btn_AlignCapLine.psd - Importer: ScriptedImporter/UnityEditor.QuickSearchModule:UnityEditor.Search:ASIAI0B' with importer (ScriptedImporter : UnityEditor.QuickSearchModule:UnityEditor.Search:ASIAI0B)
Imported 'GUID: 0d9a36012a224080966c7b55896aa0f9' -> (Import Result ID: '7a61975c1a41f76af2406c5a7f354fb8') in 0.004 seconds [static and dynamic dependencies]. Details - ImportResultOutputID=972e4b7f1a171010e2378fbab33c78f5 DependenciesID=4e81f14761555cd842af7bac30519704 StaticDependenciesID=07626d060d6332032ded2cb1d52e5e9f 
Number of updated asset objects reloaded before import = 0
Number of asset objects unloaded after import = 1
========================================================================
Received Import Request.
  Time of request: 2026-10-09T14:09:50.994704Z
  Time since last request: 0.000282037 seconds.
  importAddress: GUID: 1048a87135154606808bf2030da32d18 - Path: Packages/com.unity.ugui/Editor/TMP/TMP_SpriteAssetMenu.cs - Importer: ScriptedImporter/UnityEditor.QuickSearchModule:UnityEditor.Search:ASIAI0B
Importing 'GUID: 1048a87135154606808bf2030da32d18 - Path: Packages/com.unity.ugui/Editor/TMP/TMP_SpriteAssetMenu.cs - Importer: ScriptedImporter/UnityEditor.QuickSearchModule:UnityEditor.Search:ASIAI0B' with importer (ScriptedImporter : UnityEditor.QuickSearchModule:UnityEditor.Search:ASIAI0B)
Imported 'GUID: 1048a87135154606808bf2030da32d18' -> (Import Result ID: '30917595b40dd63261623ef66be25dc4') in 0.002 seconds [static and dynamic dependencies]. Details - ImportResultOutputID=fd745e7f7a445549f38ce226f7153a09 DependenciesID=c38c5ab07b2a7ea68122e7dca768e521 StaticDependenciesID=6c9521a605e885fb1b7bf407d9a90ac6 
Number of updated asset objects reloaded before import = 0
Number of asset objects unloaded after import = 0
========================================================================
Received Import Request.
  Time of request: 2026-10-09T14:09:51.004348Z
  Time since last request: 0.00033185 seconds.
  importAddress: GUID: 18775b51e3bd42299fd30bd036ea982f - Path: Packages/com.unity.ugui/Editor Resources/Textures/btn_AlignBaseLine_Light.psd - Importer: ScriptedImporter/UnityEditor.QuickSearchModule:UnityEditor.Search:ASIAI0B
Importing 'GUID: 18775b51e3bd42299fd30bd036ea982f - Path: Packages/com.unity.ugui/Editor Resources/Textures/btn_AlignBaseLine_Light.psd - Importer: ScriptedImporter/UnityEditor.QuickSearchModule:UnityEditor.Search:ASIAI0B' with importer (ScriptedImporter : UnityEditor.QuickSearchModule:UnityEditor.Search:ASIAI0B)
Imported 'GUID: 18775b51e3bd42299fd30bd036ea982f' -> (Import Result ID: 'b469a9c0fad968deefae95cc6171aba9') in 0.003 seconds [static and dynamic dependencies]. Details - ImportResultOutputID=3d79910322249dacae302b84b6aa0921 DependenciesID=265551a008b8d3d7500cadce6173ae02 StaticDependenciesID=893efca67c5d4c41bdc91dce88fc70a7 
Number of updated asset objects reloaded before import = 0
Number of asset objects unloaded after import = 1
========================================================================
Received Import Request.
  Time of request: 2026-10-09T14:09:51.015094Z
  Time since last request: 0.0002412 seconds.
  importAddress: GUID: 9c4a050f089abb04ebd4125e419f4548 - Path: Packages/com.unity.ugui/Editor/TMP/TMP_SerializedPropertyHolder.cs - Importer: ScriptedImporter/UnityEditor.QuickSearchModule:UnityEditor.Search:ASIAI0B
Importing 'GUID: 9c4a050f089abb04ebd4125e419f4548 - Path: Packages/com.unity.ugui/Editor/TMP/TMP_SerializedPropertyHolder.cs - Importer: ScriptedImporter/UnityEditor.QuickSearchModule:UnityEditor.Search:ASIAI0B' with importer (ScriptedImporter : UnityEditor.QuickSearchModule:UnityEditor.Search:ASIAI0B)
Imported 'GUID: 9c4a050f089abb04ebd4125e419f4548' -> (Import Result ID: '560adf0eda85c9f39b6db40eaf855a67') in 0.001 seconds [static and dynamic dependencies]. Details - ImportResultOutputID=ebbb17e7280c22d389a4a237c927c312 DependenciesID=d147e7550a65ec829912e8baf7928963 StaticDependenciesID=0f9dc52f74fa8c2fb0b9327b59a35fb2 
Number of updated asset objects reloaded before import = 0
Number of asset objects unloaded after import = 0
========================================================================
Received Import Request.
  Time of request: 2026-10-09T14:09:51.023006Z
  Time since last request: 0.000223588 seconds.
  importAddress: GUID: 8bc445bb79654bf496c92d0407840a92 - Path: Packages/com.unity.ugui/Editor Resources/Textures/btn_AlignBaseLine.psd - Importer: ScriptedImporter/UnityEditor.QuickSearchModule:UnityEditor.Search:ASIAI0B
Importing 'GUID: 8bc445bb79654bf496c92d0407840a92 - Path: Packages/com.unity.ugui/Editor Resources/Textures/btn_AlignBaseLine.psd - Importer: ScriptedImporter/UnityEditor.QuickSearchModule:UnityEditor.Search:ASIAI0B' with importer (ScriptedImporter : UnityEditor.QuickSearchModule:UnityEditor.Search:ASIAI0B)
Imported 'GUID: 8bc445bb79654bf496c92d0407840a92' -> (Import Result ID: '1adec03a5ecb2f6756bed2727b3bd458') in 0.003 seconds [static and dynamic dependencies]. Details - ImportResultOutputID=16ebdcf5150ec4697d4cc1d3605700de DependenciesID=4b96790719860c76757a1f01c0bfdb36 StaticDependenciesID=b44c51b6cf883c890681813fce90ef17 
Number of updated asset objects reloaded before import = 0
Number of asset objects unloaded after import = 1
========================================================================
Received Import Request.
  Time of request: 2026-10-09T14:09:51.03306Z
  Time since last request: 0.00020337 seconds.
  importAddress: GUID: 066619c9c9c84f89acb1b48c11a7efe2 - Path: Packages/com.unity.ugui/Editor Resources/Textures/btn_AlignMiddle_Light.psd - Importer: ScriptedImporter/UnityEditor.QuickSearchModule:UnityEditor.Search:ASIAI0B
Importing 'GUID: 066619c9c9c84f89acb1b48c11a7efe2 - Path: Packages/com.unity.ugui/Editor Resources/Textures/btn_AlignMiddle_Light.psd - Importer: ScriptedImporter/UnityEditor.QuickSearchModule:UnityEditor.Search:ASIAI0B' with importer (ScriptedImporter : UnityEditor.QuickSearchModule:UnityEditor.Search:ASIAI0B)
Imported 'GUID: 066619c9c9c84f89acb1b48c11a7efe2' -> (Import Result ID: 'a70b97f44b0aec6d00f428149a0735bc') in 0.003 seconds [static and dynamic dependencies]. Details - ImportResultOutputID=760965f6e436e04c316dff12a005900f DependenciesID=66a9642162d7a0491582e04ec179094a StaticDependenciesID=93229c21329b23d4e1fa781124fda196 
Number of updated asset objects reloaded before import = 0
Number of asset objects unloaded after import = 1
========================================================================
Received Import Request.
  Time of request: 2026-10-09T14:09:51.043416Z
  Time since last request: 0.000282938 seconds.
  importAddress: GUID: ec7c645d93308c04d8840982af12101e - Path: Packages/com.unity.ugui/Editor Resources/Gizmos/TMP - Sprite Asset Icon.psd - Importer: ScriptedImporter/UnityEditor.QuickSearchModule:UnityEditor.Search:ASIAI0B
Importing 'GUID: ec7c645d93308c04d8840982af12101e - Path: Packages/com.unity.ugui/Editor Resources/Gizmos/TMP - Sprite Asset Icon.psd - Importer: ScriptedImporter/UnityEditor.QuickSearchModule:UnityEditor.Search:ASIAI0B' with importer (ScriptedImporter : UnityEditor.QuickSearchModule:UnityEditor.Search:ASIAI0B)
Imported 'GUID: ec7c645d93308c04d8840982af12101e' -> (Import Result ID: '859cce72264e495256426ddea6ff8f33') in 0.003 seconds [static and dynamic dependencies]. Details - ImportResultOutputID=51435902465db12bc150165bf07de8c0 DependenciesID=1fc9fe297cb25ea680f319df00e26693 StaticDependenciesID=b10e4631101963d5682907950506c10b 
Number of updated asset objects reloaded before import = 0
Number of asset objects unloaded after import = 1
========================================================================
Received Import Request.
  Time of request: 2026-10-09T14:09:51.053856Z
  Time since last request: 0.000151512 seconds.
  importAddress: GUID: 44e1d646473a40178712cb2150f54cec - Path: Packages/com.unity.ugui/Editor/TMP/TMPro_ContextMenus.cs - Importer: ScriptedImporter/UnityEditor.QuickSearchModule:UnityEditor.Search:ASIAI0B
Importing 'GUID: 44e1d646473a40178712cb2150f54cec - Path: Packages/com.unity.ugui/Editor/TMP/TMPro_ContextMenus.cs - Importer: ScriptedImporter/UnityEditor.QuickSearchModule:UnityEditor.Search:ASIAI0B' with importer (ScriptedImporter : UnityEditor.QuickSearchModule:UnityEditor.Search:ASIAI0B)
Imported 'GUID: 44e1d646473a40178712cb2150f54cec' -> (Import Result ID: '5808d0a39c29ea40597906a28b908c1c') in 0.001 seconds [static and dynamic dependencies]. Details - ImportResultOutputID=92323ce09c0058a6a0e0bfa9b0689c8d DependenciesID=19c0a8ac955b8c10439b023e48747245 StaticDependenciesID=154bdee69e9b4af6bbc171ff855b27e8 
Number of updated asset objects reloaded before import = 0
Number of asset objects unloaded after import = 0
========================================================================
Received Import Request.
  Time of request: 2026-10-09T14:09:51.062404Z
  Time since last request: 0.000198961 seconds.
  importAddress: GUID: 6ace62d30f494c948b71d5594afce11d - Path: Packages/com.unity.ugui/Editor Resources/Textures/btn_AlignCenter_Light.psd - Importer: ScriptedImporter/UnityEditor.QuickSearchModule:UnityEditor.Search:ASIAI0B
Importing 'GUID: 6ace62d30f494c948b71d5594afce11d - Path: Packages/com.unity.ugui/Editor Resources/Textures/btn_AlignCenter_Light.psd - Importer: ScriptedImporter/UnityEditor.QuickSearchModule:UnityEditor.Search:ASIAI0B' with importer (ScriptedImporter : UnityEditor.QuickSearchModule:UnityEditor.Search:ASIAI0B)
Imported 'GUID: 6ace62d30f494c948b71d5594afce11d' -> (Import Result ID: '356405550f5260fe63197fbc7d495910') in 0.006 seconds [static and dynamic dependencies]. Details - ImportResultOutputID=18d9ab364e3687427b142fc127e75848 DependenciesID=184dce881d0d9fd59f154fb8a4320953 StaticDependenciesID=2b618b735cbb4ba0b9f51c433c4ff42f 
Number of updated asset objects reloaded before import = 0
Number of asset objects unloaded after import = 1
========================================================================
Received Import Request.
  Time of request: 2026-10-09T14:09:51.076103Z
  Time since last request: 0.000218558 seconds.
  importAddress: GUID: 7496af95dfe67cf429ac65edaaf99106 - Path: Packages/com.unity.ugui/Editor/TMP/TMP_FontAsset_CreationMenu.cs - Importer: ScriptedImporter/UnityEditor.QuickSearchModule:UnityEditor.Search:ASIAI0B
Importing 'GUID: 7496af95dfe67cf429ac65edaaf99106 - Path: Packages/com.unity.ugui/Editor/TMP/TMP_FontAsset_CreationMenu.cs - Importer: ScriptedImporter/UnityEditor.QuickSearchModule:UnityEditor.Search:ASIAI0B' with importer (ScriptedImporter : UnityEditor.QuickSearchModule:UnityEditor.Search:ASIAI0B)
Imported 'GUID: 7496af95dfe67cf429ac65edaaf99106' -> (Import Result ID: '8b6b6f716457f04d5b221ef3f91ce253') in 0.001 seconds [static and dynamic dependencies]. Details - ImportResultOutputID=c6073980e13de1598e876cb92312a386 DependenciesID=0d6871ce52891f55313bbb5c6701041b StaticDependenciesID=200a1a5c3c8067e46ea74da9cf62bd3a 
Number of updated asset objects reloaded before import = 0
Number of asset objects unloaded after import = 0
========================================================================
Received Import Request.
  Time of request: 2026-10-09T14:09:51.094416Z
  Time since last request: 0.009896604 seconds.
  importAddress: GUID: 20a9b557a46149dfbfa04a3a7080f5aa - Path: Packages/com.unity.ugui/Runtime/TMP/TMP_TextProcessingStack.cs - Importer: ScriptedImporter/UnityEditor.QuickSearchModule:UnityEditor.Search:ASIAI0B
Importing 'GUID: 20a9b557a46149dfbfa04a3a7080f5aa - Path: Packages/com.unity.ugui/Runtime/TMP/TMP_TextProcessingStack.cs - Importer: ScriptedImporter/UnityEditor.QuickSearchModule:UnityEditor.Search:ASIAI0B' with importer (ScriptedImporter : UnityEditor.QuickSearchModule:UnityEditor.Search:ASIAI0B)
Imported 'GUID: 20a9b557a46149dfbfa04a3a7080f5aa' -> (Import Result ID: 'b04070765012c184844c0294979c0e31') in 0.002 seconds [static and dynamic dependencies]. Details - ImportResultOutputID=2e66881ceb104959220ad8dbe17fccac DependenciesID=6d382e5fc7b57ba62776e962b2f705da StaticDependenciesID=ed560ee8c9ea93c9009c2a99415458e4 
Number of updated asset objects reloaded before import = 0
Number of asset objects unloaded after import = 0
========================================================================
Received Import Request.
  Time of request: 2026-10-09T14:09:51.102939Z
  Time since last request: 0.000285002 seconds.
  importAddress: GUID: 326e2b1b31fc06d4fa884c803b27b46a - Path: Packages/com.unity.ugui/Runtime/TMP/FontFeatureCommon.cs - Importer: ScriptedImporter/UnityEditor.QuickSearchModule:UnityEditor.Search:ASIAI0B
Importing 'GUID: 326e2b1b31fc06d4fa884c803b27b46a - Path: Packages/com.unity.ugui/Runtime/TMP/FontFeatureCommon.cs - Importer: ScriptedImporter/UnityEditor.QuickSearchModule:UnityEditor.Search:ASIAI0B' with importer (ScriptedImporter : UnityEditor.QuickSearchModule:UnityEditor.Search:ASIAI0B)
Imported 'GUID: 326e2b1b31fc06d4fa884c803b27b46a' -> (Import Result ID: '06bf1c455c7d8f3b8fe19deb84d0daf8') in 0.002 seconds [static and dynamic dependencies]. Details - ImportResultOutputID=7550b73a16b748f1265708b0b6676bf9 DependenciesID=3e2e994ff2bc49cf0ba53e4b1d6b54c0 StaticDependenciesID=8cd0b63f9a289ef2b028057a4db443a1 
Number of updated asset objects reloaded before import = 0
Number of asset objects unloaded after import = 0
========================================================================
Received Import Request.
  Time of request: 2026-10-09T14:09:51.111565Z
  Time since last request: 0.000366404 seconds.
  importAddress: GUID: aaf9006568d76504f982305b517fb490 - Path: Packages/com.unity.ugui/Runtime/TMP/TMP_DynamicFontAssetUtilities.cs - Importer: ScriptedImporter/UnityEditor.QuickSearchModule:UnityEditor.Search:ASIAI0B
Importing 'GUID: aaf9006568d76504f982305b517fb490 - Path: Packages/com.unity.ugui/Runtime/TMP/TMP_DynamicFontAssetUtilities.cs - Importer: ScriptedImporter/UnityEditor.QuickSearchModule:UnityEditor.Search:ASIAI0B' with importer (ScriptedImporter : UnityEditor.QuickSearchModule:UnityEditor.Search:ASIAI0B)
Imported 'GUID: aaf9006568d76504f982305b517fb490' -> (Import Result ID: 'e249d775c21e1b346cadfa7ca77a53fb') in 0.001 seconds [static and dynamic dependencies]. Details - ImportResultOutputID=e6dd0b15355e0785662fac439ff543ae DependenciesID=b6f38dc8cfe8b422e6831a64b1900847 StaticDependenciesID=059efc64856c46d23e30d763b52219d1 
Number of updated asset objects reloaded before import = 0
Number of asset objects unloaded after import = 0
========================================================================
Received Import Request.
  Time of request: 2026-10-09T14:09:51.120134Z
  Time since last request: 0.000640325 seconds.
  importAddress: GUID: fea49a0730244a98bf1087f7ca9410a8 - Path: Packages/com.unity.ugui/Runtime/TMP/TMP_ShaderUtilities.cs - Importer: ScriptedImporter/UnityEditor.QuickSearchModule:UnityEditor.Search:ASIAI0B
Importing 'GUID: fea49a0730244a98bf1087f7ca9410a8 - Path: Packages/com.unity.ugui/Runtime/TMP/TMP_ShaderUtilities.cs - Importer: ScriptedImporter/UnityEditor.QuickSearchModule:UnityEditor.Search:ASIAI0B' with importer (ScriptedImporter : UnityEditor.QuickSearchModule:UnityEditor.Search:ASIAI0B)
Imported 'GUID: fea49a0730244a98bf1087f7ca9410a8' -> (Import Result ID: '56c498fbd144cd4279b4cf01bd54ad39') in 0.001 seconds [static and dynamic dependencies]. Details - ImportResultOutputID=1ad330e68490b4d2b1e5eebd1e7ed975 DependenciesID=b517eb9def1403530cc20c497e39532f StaticDependenciesID=0b52e594e48def4e854b6df950c71060 
Number of updated asset objects reloaded before import = 0
Number of asset objects unloaded after import = 0
========================================================================
Received Import Request.
  Time of request: 2026-10-09T14:09:51.127632Z
  Time since last request: 0.000317673 seconds.
  importAddress: GUID: 2705215ac5b84b70bacc50632be6e391 - Path: Packages/com.unity.ugui/Runtime/TMP/TMP_Settings.cs - Importer: ScriptedImporter/UnityEditor.QuickSearchModule:UnityEditor.Search:ASIAI0B
Importing 'GUID: 2705215ac5b84b70bacc50632be6e391 - Path: Packages/com.unity.ugui/Runtime/TMP/TMP_Settings.cs - Importer: ScriptedImporter/UnityEditor.QuickSearchModule:UnityEditor.Search:ASIAI0B' with importer (ScriptedImporter : UnityEditor.QuickSearchModule:UnityEditor.Search:ASIAI0B)
Imported 'GUID: 2705215ac5b84b70bacc50632be6e391' -> (Import Result ID: '9e3a4630eadadb22668fad3b120bd85e') in 0.002 seconds [static and dynamic dependencies]. Details - ImportResultOutputID=3a675f9ddd4f56c49b19b6bac28f7c91 DependenciesID=c61f899b893904765245f5411e7ae62d StaticDependenciesID=fd255cf69349950bcb3f8fb2079f5a73 
Number of updated asset objects reloaded before import = 0
Number of asset objects unloaded after import = 0
========================================================================
Received Import Request.
  Time of request: 2026-10-09T14:09:51.136652Z
  Time since last request: 0.000407932 seconds.
  importAddress: GUID: 84a92b25f83d49b9bc132d206b370281 - Path: Packages/com.unity.ugui/Runtime/TMP/TMP_SpriteAsset.cs - Importer: ScriptedImporter/UnityEditor.QuickSearchModule:UnityEditor.Search:ASIAI0B
Importing 'GUID: 84a92b25f83d49b9bc132d206b370281 - Path: Packages/com.unity.ugui/Runtime/TMP/TMP_SpriteAsset.cs - Importer: ScriptedImporter/UnityEditor.QuickSearchModule:UnityEditor.Search:ASIAI0B' with importer (ScriptedImporter : UnityEditor.QuickSearchModule:UnityEditor.Search:ASIAI0B)
Imported 'GUID: 84a92b25f83d49b9bc132d206b370281' -> (Import Result ID: '6547e7c40fe456e2096010a2f4416821') in 0.002 seconds [static and dynamic dependencies]. Details - ImportResultOutputID=60197023a84532cefb066670bd2ccaec DependenciesID=c4d78af844f544e1c99c0272bb073cac StaticDependenciesID=0b1bf7d209c965891edf6a74ab9dd246 
Number of updated asset objects reloaded before import = 0
Number of asset objects unloaded after import = 1
========================================================================
Received Import Request.
  Time of request: 2026-10-09T14:09:51.144599Z
  Time since last request: 0.000291444 seconds.
  importAddress: GUID: 322392995be44d23a3c86cfd972f838f - Path: Packages/com.unity.ugui/Runtime/TMP/TMP_DefaultControls.cs - Importer: ScriptedImporter/UnityEditor.QuickSearchModule:UnityEditor.Search:ASIAI0B
Importing 'GUID: 322392995be44d23a3c86cfd972f838f - Path: Packages/com.unity.ugui/Runtime/TMP/TMP_DefaultControls.cs - Importer: ScriptedImporter/UnityEditor.QuickSearchModule:UnityEditor.Search:ASIAI0B' with importer (ScriptedImporter : UnityEditor.QuickSearchModule:UnityEditor.Search:ASIAI0B)
Imported 'GUID: 322392995be44d23a3c86cfd972f838f' -> (Import Result ID: '6503e135992b50f7e18f2ec7b773109a') in 0.002 seconds [static and dynamic dependencies]. Details - ImportResultOutputID=8c1df39ad30c590c3f6ccc036feb4129 DependenciesID=6e89ba0f5b5d9684b4f256b8c322433a StaticDependenciesID=c37f3b76cdd1717013b5f7a8e4c33ab9 
Number of updated asset objects reloaded before import = 0
Number of asset objects unloaded after import = 0
========================================================================
Received Import Request.
  Time of request: 2026-10-09T14:09:51.153262Z
  Time since last request: 0.000710155 seconds.
  importAddress: GUID: 77b2d47bca9376f4a8ae69084a485957 - Path: Packages/com.unity.ugui/Runtime/TMP/FontFeatureCommonGSUB.cs - Importer: ScriptedImporter/UnityEditor.QuickSearchModule:UnityEditor.Search:ASIAI0B
Importing 'GUID: 77b2d47bca9376f4a8ae69084a485957 - Path: Packages/com.unity.ugui/Runtime/TMP/FontFeatureCommonGSUB.cs - Importer: ScriptedImporter/UnityEditor.QuickSearchModule:UnityEditor.Search:ASIAI0B' with importer (ScriptedImporter : UnityEditor.QuickSearchModule:UnityEditor.Search:ASIAI0B)
Imported 'GUID: 77b2d47bca9376f4a8ae69084a485957' -> (Import Result ID: 'b1c16c6a7227c28c3bd86b5d937adb94') in 0.002 seconds [static and dynamic dependencies]. Details - ImportResultOutputID=623f6791058cc95d16971c38c27c6792 DependenciesID=32285c41ea7ef1b221dc8a2094bcee80 StaticDependenciesID=003d22ae9ae16e432a73ed6a7dc66df4 
Number of updated asset objects reloaded before import = 0
Number of asset objects unloaded after import = 0
========================================================================
Received Import Request.
  Time of request: 2026-10-09T14:09:51.162168Z
  Time since last request: 0.000464307 seconds.
  importAddress: GUID: 11a6a034ab84493cbed6af5ae7aae78b - Path: Packages/com.unity.ugui/Runtime/TMP/MaterialReferenceManager.cs - Importer: ScriptedImporter/UnityEditor.QuickSearchModule:UnityEditor.Search:ASIAI0B
Importing 'GUID: 11a6a034ab84493cbed6af5ae7aae78b - Path: Packages/com.unity.ugui/Runtime/TMP/MaterialReferenceManager.cs - Importer: ScriptedImporter/UnityEditor.QuickSearchModule:UnityEditor.Search:ASIAI0B' with importer (ScriptedImporter : UnityEditor.QuickSearchModule:UnityEditor.Search:ASIAI0B)
Imported 'GUID: 11a6a034ab84493cbed6af5ae7aae78b' -> (Import Result ID: 'a6f05bc89940ec2ab4aaa4603f4b92db') in 0.001 seconds [static and dynamic dependencies]. Details - ImportResultOutputID=24d42213649622424620c3ae4aabc365 DependenciesID=7935a2e6a7111f4cd3a656ecc860c945 StaticDependenciesID=b157984df27cbdadc3c7256b883c8a10 
Number of updated asset objects reloaded before import = 0
Number of asset objects unloaded after import = 0
========================================================================
Received Import Request.
  Time of request: 2026-10-09T14:09:51.170616Z
  Time since last request: 0.000180207 seconds.
  importAddress: GUID: 7b743370ac3e4ec2a1668f5455a8ef8a - Path: Packages/com.unity.ugui/Runtime/TMP/TMP_Dropdown.cs - Importer: ScriptedImporter/UnityEditor.QuickSearchModule:UnityEditor.Search:ASIAI0B
Importing 'GUID: 7b743370ac3e4ec2a1668f5455a8ef8a - Path: Packages/com.unity.ugui/Runtime/TMP/TMP_Dropdown.cs - Importer: ScriptedImporter/UnityEditor.QuickSearchModule:UnityEditor.Search:ASIAI0B' with importer (ScriptedImporter : UnityEditor.QuickSearchModule:UnityEditor.Search:ASIAI0B)
Imported 'GUID: 7b743370ac3e4ec2a1668f5455a8ef8a' -> (Import Result ID: 'cf7668f16a0ca263b1f81bb25c784f64') in 0.002 seconds [static and dynamic dependencies]. Details - ImportResultOutputID=dd23143bf1030d7693ecf9f6f947d233 DependenciesID=ccb94382f7bef5ddd55ce4cbf2b6bdf1 StaticDependenciesID=b23e434d89e067cf664b89403018d2a7 
Number of updated asset objects reloaded before import = 0
Number of asset objects unloaded after import = 1
========================================================================
Received Import Request.
  Time of request: 2026-10-09T14:09:51.178469Z
  Time since last request: 0.000163856 seconds.
  importAddress: GUID: e21bec35f48a44298911b25ead550ce3 - Path: Packages/com.unity.ugui/Runtime/TMP/TMP_MeshInfo.cs - Importer: ScriptedImporter/UnityEditor.QuickSearchModule:UnityEditor.Search:ASIAI0B
Importing 'GUID: e21bec35f48a44298911b25ead550ce3 - Path: Packages/com.unity.ugui/Runtime/TMP/TMP_MeshInfo.cs - Importer: ScriptedImporter/UnityEditor.QuickSearchModule:UnityEditor.Search:ASIAI0B' with importer (ScriptedImporter : UnityEditor.QuickSearchModule:UnityEditor.Search:ASIAI0B)
Imported 'GUID: e21bec35f48a44298911b25ead550ce3' -> (Import Result ID: '31b1f13353821ab8f7162677a025493e') in 0.001 seconds [static and dynamic dependencies]. Details - ImportResultOutputID=21e16666cb5032675bc7b07509ebb1a1 DependenciesID=fac29fb21d6e407dbc62e380ebe3de4b StaticDependenciesID=4dc29cb762befe4e8fb395303cc0944f 
Number of updated asset objects reloaded before import = 0
Number of asset objects unloaded after import = 0
========================================================================
Received Import Request.
  Time of request: 2026-10-09T14:09:51.186297Z
  Time since last request: 0.000391762 seconds.
  importAddress: GUID: 4877f87131635e6408f8c44e5d86791e - Path: Packages/com.unity.ugui/Runtime/TMP/TMP_ResourcesManager.cs - Importer: ScriptedImporter/UnityEditor.QuickSearchModule:UnityEditor.Search:ASIAI0B
Importing 'GUID: 4877f87131635e6408f8c44e5d86791e - Path: Packages/com.unity.ugui/Runtime/TMP/TMP_ResourcesManager.cs - Importer: ScriptedImporter/UnityEditor.QuickSearchModule:UnityEditor.Search:ASIAI0B' with importer (ScriptedImporter : UnityEditor.QuickSearchModule:UnityEditor.Search:ASIAI0B)
Imported 'GUID: 4877f87131635e6408f8c44e5d86791e' -> (Import Result ID: 'ca3ffecf307c3375da3fd55a0979a8e8') in 0.001 seconds [static and dynamic dependencies]. Details - ImportResultOutputID=7c5ca4404a57b06df04e5c4b3b643367 DependenciesID=8f61cd9569b265ba77190a69bbe80d0e StaticDependenciesID=016dd05f7f988736bd3b806087a8d4d3 
Number of updated asset objects reloaded before import = 0
Number of asset objects unloaded after import = 0
========================================================================
Received Import Request.
  Time of request: 2026-10-09T14:09:51.194302Z
  Time since last request: 0.000263292 seconds.
  importAddress: GUID: 90fe1c65e6bb3bc4e90862df7297719e - Path: Packages/com.unity.ugui/Runtime/TMP/TMP_CharacterInfo.cs - Importer: ScriptedImporter/UnityEditor.QuickSearchModule:UnityEditor.Search:ASIAI0B
Importing 'GUID: 90fe1c65e6bb3bc4e90862df7297719e - Path: Packages/com.unity.ugui/Runtime/TMP/TMP_CharacterInfo.cs - Importer: ScriptedImporter/UnityEditor.QuickSearchModule:UnityEditor.Search:ASIAI0B' with importer (ScriptedImporter : UnityEditor.QuickSearchModule:UnityEditor.Search:ASIAI0B)
Imported 'GUID: 90fe1c65e6bb3bc4e90862df7297719e' -> (Import Result ID: '7003744e859386537b74f7e4e0881edc') in 0.001 seconds [static and dynamic dependencies]. Details - ImportResultOutputID=1269dcfe1e3164d90d65025eaa670794 DependenciesID=44abcaa6541c5b223be29d7680db3767 StaticDependenciesID=ef74be03ecd6d63d34e3693c5171fecc 
Number of updated asset objects reloaded before import = 0
Number of asset objects unloaded after import = 0
========================================================================
Received Import Request.
  Time of request: 2026-10-09T14:09:51.20251Z
  Time since last request: 0.000368267 seconds.
  importAddress: GUID: cf1fe50a641faac4691bf49eb32ce333 - Path: Packages/com.unity.ugui/Runtime/TMP/TMP_PackageResourceImporter.cs - Importer: ScriptedImporter/UnityEditor.QuickSearchModule:UnityEditor.Search:ASIAI0B
Importing 'GUID: cf1fe50a641faac4691bf49eb32ce333 - Path: Packages/com.unity.ugui/Runtime/TMP/TMP_PackageResourceImporter.cs - Importer: ScriptedImporter/UnityEditor.QuickSearchModule:UnityEditor.Search:ASIAI0B' with importer (ScriptedImporter : UnityEditor.QuickSearchModule:UnityEditor.Search:ASIAI0B)
Imported 'GUID: cf1fe50a641faac4691bf49eb32ce333' -> (Import Result ID: '424fabb7aa581bf5b7664c5552027da6') in 0.001 seconds [static and dynamic dependencies]. Details - ImportResultOutputID=ecc62c349a7dbc65acff4739064c734a DependenciesID=27dd60fb372e7effab3c54d1a86d7b0f StaticDependenciesID=98c2d362a34bc9ca827df9064de2a338 
Number of updated asset objects reloaded before import = 0
Number of asset objects unloaded after import = 0
========================================================================
Received Import Request.
  Time of request: 2026-10-09T14:09:51.21126Z
  Time since last request: 0.000291785 seconds.
  importAddress: GUID: 987fa2c7d1a0e2242839cb8af2fcecc9 - Path: Packages/com.unity.ugui/Runtime/InternalBridge/TMPHelpURL.cs - Importer: ScriptedImporter/UnityEditor.QuickSearchModule:UnityEditor.Search:ASIAI0B
Importing 'GUID: 987fa2c7d1a0e2242839cb8af2fcecc9 - Path: Packages/com.unity.ugui/Runtime/InternalBridge/TMPHelpURL.cs - Importer: ScriptedImporter/UnityEditor.QuickSearchModule:UnityEditor.Search:ASIAI0B' with importer (ScriptedImporter : UnityEditor.QuickSearchModule:UnityEditor.Search:ASIAI0B)
Imported 'GUID: 987fa2c7d1a0e2242839cb8af2fcecc9' -> (Import Result ID: '89849a17a70610246f8ec207d2119528') in 0.001 seconds [static and dynamic dependencies]. Details - ImportResultOutputID=50186cde06762180c4b2c0445108240a DependenciesID=43d4592e1f41ed653497aec76cd12fbf StaticDependenciesID=e97c48381da1e69c82ae83697956e03d 
Number of updated asset objects reloaded before import = 0
Number of asset objects unloaded after import = 0
========================================================================
Received Import Request.
  Time of request: 2026-10-09T14:09:51.219132Z
  Time since last request: 0.000143338 seconds.
  importAddress: GUID: 34e150112c1c42ac83170b52d898e322 - Path: Packages/com.unity.ugui/Runtime/TMP/TMP_ScrollbarEventHandler.cs - Importer: ScriptedImporter/UnityEditor.QuickSearchModule:UnityEditor.Search:ASIAI0B
Importing 'GUID: 34e150112c1c42ac83170b52d898e322 - Path: Packages/com.unity.ugui/Runtime/TMP/TMP_ScrollbarEventHandler.cs - Importer: ScriptedImporter/UnityEditor.QuickSearchModule:UnityEditor.Search:ASIAI0B' with importer (ScriptedImporter : UnityEditor.QuickSearchModule:UnityEditor.Search:ASIAI0B)
Imported 'GUID: 34e150112c1c42ac83170b52d898e322' -> (Import Result ID: 'bfd11697db125f16d1a9b66327febb53') in 0.002 seconds [static and dynamic dependencies]. Details - ImportResultOutputID=fba6452b83b572140c283d7785f26664 DependenciesID=371d4a6a8240468f33a617dfa6e94eb8 StaticDependenciesID=6f50ff79144b7bd5585811e1e9588874 
Number of updated asset objects reloaded before import = 0
Number of asset objects unloaded after import = 0
========================================================================
Received Import Request.
  Time of request: 2026-10-09T14:09:51.22738Z
  Time since last request: 0.000391321 seconds.
  importAddress: GUID: 71c1514a6bd24e1e882cebbe1904ce04 - Path: Packages/com.unity.ugui/Runtime/TMP/TMP_FontAsset.cs - Importer: ScriptedImporter/UnityEditor.QuickSearchModule:UnityEditor.Search:ASIAI0B
Importing 'GUID: 71c1514a6bd24e1e882cebbe1904ce04 - Path: Packages/com.unity.ugui/Runtime/TMP/TMP_FontAsset.cs - Importer: ScriptedImporter/UnityEditor.QuickSearchModule:UnityEditor.Search:ASIAI0B' with importer (ScriptedImporter : UnityEditor.QuickSearchModule:UnityEditor.Search:ASIAI0B)
Imported 'GUID: 71c1514a6bd24e1e882cebbe1904ce04' -> (Import Result ID: 'd4dc1b82f56a738ed93c3128db59d4f9') in 0.002 seconds [static and dynamic dependencies]. Details - ImportResultOutputID=ea0d7168b93094712756c4dd9733d86b DependenciesID=141f27102a4cfc68e1a59edb7fc6ad63 StaticDependenciesID=6c0005ce46dd74fa99c897f9c7e97946 
Number of updated asset objects reloaded before import = 0
Number of asset objects unloaded after import = 1
========================================================================
Received Import Request.
  Time of request: 2026-10-09T14:09:51.253639Z
  Time since last request: 0.017181242 seconds.
  importAddress: GUID: b759d61544e231c41bc88530b1d94ee8 - Path: Packages/com.unity.ugui/Editor/UGUI/UI/ImageEditor.cs - Importer: ScriptedImporter/UnityEditor.QuickSearchModule:UnityEditor.Search:ASIAI0B
Importing 'GUID: b759d61544e231c41bc88530b1d94ee8 - Path: Packages/com.unity.ugui/Editor/UGUI/UI/ImageEditor.cs - Importer: ScriptedImporter/UnityEditor.QuickSearchModule:UnityEditor.Search:ASIAI0B' with importer (ScriptedImporter : UnityEditor.QuickSearchModule:UnityEditor.Search:ASIAI0B)
Imported 'GUID: b759d61544e231c41bc88530b1d94ee8' -> (Import Result ID: '31b27473bc27eb8768fbf385926e7462') in 0.002 seconds [static and dynamic dependencies]. Details - ImportResultOutputID=50f2400883fb16e433bf666502fcba66 DependenciesID=914f13cc469c2e4b3b8bd76a3587789c StaticDependenciesID=eb06fab3cd6243cc3b6b38d6ead372ea 
Number of updated asset objects reloaded before import = 0
Number of asset objects unloaded after import = 0
========================================================================
Received Import Request.
  Time of request: 2026-10-09T14:09:51.263051Z
  Time since last request: 0.000669239 seconds.
  importAddress: GUID: 35d143b352678294ab0f5feb97b67f88 - Path: Packages/com.unity.ugui/Editor/UGUI/UI/ContentSizeFitterEditor.cs - Importer: ScriptedImporter/UnityEditor.QuickSearchModule:UnityEditor.Search:ASIAI0B
Importing 'GUID: 35d143b352678294ab0f5feb97b67f88 - Path: Packages/com.unity.ugui/Editor/UGUI/UI/ContentSizeFitterEditor.cs - Importer: ScriptedImporter/UnityEditor.QuickSearchModule:UnityEditor.Search:ASIAI0B' with importer (ScriptedImporter : UnityEditor.QuickSearchModule:UnityEditor.Search:ASIAI0B)
Imported 'GUID: 35d143b352678294ab0f5feb97b67f88' -> (Import Result ID: '526b4faac43a56fe7fad763dfa5d7f83') in 0.001 seconds [static and dynamic dependencies]. Details - ImportResultOutputID=b525b5ba90d241bc39434de27a9c111b DependenciesID=dc83a70442aaa6d610420ca15a7df7e1 StaticDependenciesID=485db4c36cb255e8771ef88b6d515423 
Number of updated asset objects reloaded before import = 0
Number of asset objects unloaded after import = 0
========================================================================
Received Import Request.
  Time of request: 2026-10-09T14:09:51.271558Z
  Time since last request: 0.000383386 seconds.
  importAddress: GUID: 56ba6cb160ebfc042b48224bd1a35614 - Path: Packages/com.unity.ugui/Editor/UGUI/UI/ScrollRectEditor.cs - Importer: ScriptedImporter/UnityEditor.QuickSearchModule:UnityEditor.Search:ASIAI0B
Importing 'GUID: 56ba6cb160ebfc042b48224bd1a35614 - Path: Packages/com.unity.ugui/Editor/UGUI/UI/ScrollRectEditor.cs - Importer: ScriptedImporter/UnityEditor.QuickSearchModule:UnityEditor.Search:ASIAI0B' with importer (ScriptedImporter : UnityEditor.QuickSearchModule:UnityEditor.Search:ASIAI0B)
Imported 'GUID: 56ba6cb160ebfc042b48224bd1a35614' -> (Import Result ID: 'd0d387d08da67ac48786bb850e185c34') in 0.002 seconds [static and dynamic dependencies]. Details - ImportResultOutputID=2671ee49376dcc55cb063979660d9119 DependenciesID=c20e2c522e49d7a9bd58d43d1bfa82d8 StaticDependenciesID=181b46b4a610347551ae3956aac94a5e 
Number of updated asset objects reloaded before import = 0
Number of asset objects unloaded after import = 0
========================================================================
Received Import Request.
  Time of request: 2026-10-09T14:09:51.280758Z
  Time since last request: 0.000265345 seconds.
  importAddress: GUID: e3795795b029fde4395e6953ce72b5a6 - Path: Packages/com.unity.ugui/Editor/TMP/HDRP/TMP_BaseHDRPLitShaderGUI.cs - Importer: ScriptedImporter/UnityEditor.QuickSearchModule:UnityEditor.Search:ASIAI0B
Importing 'GUID: e3795795b029fde4395e6953ce72b5a6 - Path: Packages/com.unity.ugui/Editor/TMP/HDRP/TMP_BaseHDRPLitShaderGUI.cs - Importer: ScriptedImporter/UnityEditor.QuickSearchModule:UnityEditor.Search:ASIAI0B' with importer (ScriptedImporter : UnityEditor.QuickSearchModule:UnityEditor.Search:ASIAI0B)
Imported 'GUID: e3795795b029fde4395e6953ce72b5a6' -> (Import Result ID: '573883b229bc1768cefb97b1caaad135') in 0.002 seconds [static and dynamic dependencies]. Details - ImportResultOutputID=6fefac29f225613d5bc1dd174be8ac9e DependenciesID=7faee00cbeb1d497e29928000304da2e StaticDependenciesID=48e7308128d35f9bebb65691cfc977d0 
Number of updated asset objects reloaded before import = 0
Number of asset objects unloaded after import = 0
========================================================================
Received Import Request.
  Time of request: 2026-10-09T14:09:51.289516Z
  Time since last request: 0.000399887 seconds.
  importAddress: GUID: 37b164a494cd92a498526852ecceedef - Path: Packages/com.unity.ugui/Editor/UGUI/EventSystem/EventTriggerEditor.cs - Importer: ScriptedImporter/UnityEditor.QuickSearchModule:UnityEditor.Search:ASIAI0B
Importing 'GUID: 37b164a494cd92a498526852ecceedef - Path: Packages/com.unity.ugui/Editor/UGUI/EventSystem/EventTriggerEditor.cs - Importer: ScriptedImporter/UnityEditor.QuickSearchModule:UnityEditor.Search:ASIAI0B' with importer (ScriptedImporter : UnityEditor.QuickSearchModule:UnityEditor.Search:ASIAI0B)
Imported 'GUID: 37b164a494cd92a498526852ecceedef' -> (Import Result ID: 'dcacb87be810ad75e4998201860d0d14') in 0.002 seconds [static and dynamic dependencies]. Details - ImportResultOutputID=bd587064a08f605e4bb1b38482a1642e DependenciesID=149cf37749e8d9d2a673dded6e8ab98a StaticDependenciesID=cb6f773d5ea70692b43e882f10b41eda 
Number of updated asset objects reloaded before import = 0
Number of asset objects unloaded after import = 0
========================================================================
Received Import Request.
  Time of request: 2026-10-09T14:09:51.298824Z
  Time since last request: 0.000422008 seconds.
  importAddress: GUID: 58c9792f08de21b4194eb2f9d862dc22 - Path: Packages/com.unity.ugui/Runtime/UGUI/AssemblyInfo.cs - Importer: ScriptedImporter/UnityEditor.QuickSearchModule:UnityEditor.Search:ASIAI0B
Importing 'GUID: 58c9792f08de21b4194eb2f9d862dc22 - Path: Packages/com.unity.ugui/Runtime/UGUI/AssemblyInfo.cs - Importer: ScriptedImporter/UnityEditor.QuickSearchModule:UnityEditor.Search:ASIAI0B' with importer (ScriptedImporter : UnityEditor.QuickSearchModule:UnityEditor.Search:ASIAI0B)
Imported 'GUID: 58c9792f08de21b4194eb2f9d862dc22' -> (Import Result ID: 'a5d3792e7894e50d6ee8c7fc40af7e77') in 0.002 seconds [static and dynamic dependencies]. Details - ImportResultOutputID=760e23d61e118ad357bc8fcba6fec3d0 DependenciesID=03d3032376ab2e5c000ed4792c849dd8 StaticDependenciesID=4e8ee6144b0668a67b6fe4c1bf781af8 
Number of updated asset objects reloaded before import = 0
Number of asset objects unloaded after import = 0
========================================================================
Received Import Request.
  Time of request: 2026-10-09T14:09:51.307856Z
  Time since last request: 0.000591324 seconds.
  importAddress: GUID: 371a2245f9a9ff344997fec3609bf73e - Path: Packages/com.unity.ugui/Editor/TMP/PropertyDrawers/TMP_PropertyDrawerUtilities.cs - Importer: ScriptedImporter/UnityEditor.QuickSearchModule:UnityEditor.Search:ASIAI0B
Importing 'GUID: 371a2245f9a9ff344997fec3609bf73e - Path: Packages/com.unity.ugui/Editor/TMP/PropertyDrawers/TMP_PropertyDrawerUtilities.cs - Importer: ScriptedImporter/UnityEditor.QuickSearchModule:UnityEditor.Search:ASIAI0B' with importer (ScriptedImporter : UnityEditor.QuickSearchModule:UnityEditor.Search:ASIAI0B)
Imported 'GUID: 371a2245f9a9ff344997fec3609bf73e' -> (Import Result ID: 'ab1519a8a16e92e1c63ec08e5c54ea11') in 0.001 seconds [static and dynamic dependencies]. Details - ImportResultOutputID=a8ec846062986faa72871bf1672fa2f3 DependenciesID=9ea1c65d79ecccdcb5a082bf8509447b StaticDependenciesID=49d6a6672bd00d079f4742fb9a18a727 
Number of updated asset objects reloaded before import = 0
Number of asset objects unloaded after import = 0
========================================================================
Received Import Request.
  Time of request: 2026-10-09T14:09:51.3161Z
  Time since last request: 0.000313565 seconds.
  importAddress: GUID: d51458b261e0ecc4a98904e53924dc1c - Path: Packages/com.unity.ugui/Editor/UGUI/Properties/AssemblyInfo.cs - Importer: ScriptedImporter/UnityEditor.QuickSearchModule:UnityEditor.Search:ASIAI0B
Importing 'GUID: d51458b261e0ecc4a98904e53924dc1c - Path: Packages/com.unity.ugui/Editor/UGUI/Properties/AssemblyInfo.cs - Importer: ScriptedImporter/UnityEditor.QuickSearchModule:UnityEditor.Search:ASIAI0B' with importer (ScriptedImporter : UnityEditor.QuickSearchModule:UnityEditor.Search:ASIAI0B)
Imported 'GUID: d51458b261e0ecc4a98904e53924dc1c' -> (Import Result ID: '3ea9a513a05b2a7f238fe364b476e3d3') in 0.001 seconds [static and dynamic dependencies]. Details - ImportResultOutputID=1de45fa0846c8c077aa59bb2b34631e8 DependenciesID=c3ce50c9c1a67c5092a846a73cfec45c StaticDependenciesID=2c62bb7d59d332f431e6541986c5b8b6 
Number of updated asset objects reloaded before import = 0
Number of asset objects unloaded after import = 0
========================================================================
Received Import Request.
  Time of request: 2026-10-09T14:09:51.324379Z
  Time since last request: 0.000414113 seconds.
  importAddress: GUID: 765f7aac6597fc444a90dac4294e929d - Path: Packages/com.unity.ugui/Editor/UGUI/EventSystem/InputModuleComponentFactory.cs - Importer: ScriptedImporter/UnityEditor.QuickSearchModule:UnityEditor.Search:ASIAI0B
Importing 'GUID: 765f7aac6597fc444a90dac4294e929d - Path: Packages/com.unity.ugui/Editor/UGUI/EventSystem/InputModuleComponentFactory.cs - Importer: ScriptedImporter/UnityEditor.QuickSearchModule:UnityEditor.Search:ASIAI0B' with importer (ScriptedImporter : UnityEditor.QuickSearchModule:UnityEditor.Search:ASIAI0B)
Imported 'GUID: 765f7aac6597fc444a90dac4294e929d' -> (Import Result ID: '712f0c0fdbedbfe90875edf06da2cf93') in 0.002 seconds [static and dynamic dependencies]. Details - ImportResultOutputID=816af2816623b3b42a221f9f479966e7 DependenciesID=a79d8f5c58c17a16c1271f9ec82708f4 StaticDependenciesID=a651d961e18e263d2d06ca4f6c935a0b 
Number of updated asset objects reloaded before import = 0
Number of asset objects unloaded after import = 0
========================================================================
Received Import Request.
  Time of request: 2026-10-09T14:09:51.334202Z
  Time since last request: 0.000369189 seconds.
  importAddress: GUID: 0334add79c04400ab75741aea16996e5 - Path: Packages/com.unity.ugui/Editor/UGUI/UI/SafeAreaEditor.cs - Importer: ScriptedImporter/UnityEditor.QuickSearchModule:UnityEditor.Search:ASIAI0B
Importing 'GUID: 0334add79c04400ab75741aea16996e5 - Path: Packages/com.unity.ugui/Editor/UGUI/UI/SafeAreaEditor.cs - Importer: ScriptedImporter/UnityEditor.QuickSearchModule:UnityEditor.Search:ASIAI0B' with importer (ScriptedImporter : UnityEditor.QuickSearchModule:UnityEditor.Search:ASIAI0B)
Imported 'GUID: 0334add79c04400ab75741aea16996e5' -> (Import Result ID: 'dd19cb10692e1efe88065d73103e821b') in 0.002 seconds [static and dynamic dependencies]. Details - ImportResultOutputID=318c1312a834881885951e3d98af7be4 DependenciesID=8905602d322aa9dcdbeedd458af74319 StaticDependenciesID=72a80ad2b42846fdbb5eec1d56594912 
Number of updated asset objects reloaded before import = 0
Number of asset objects unloaded after import = 0
========================================================================
Received Import Request.
  Time of request: 2026-10-09T14:09:51.343216Z
  Time since last request: 0.000340075 seconds.
  importAddress: GUID: 1143ae6bb91836f4a8f8ebfaabb9396d - Path: Packages/com.unity.ugui/Editor/UGUI/EventSystem/Physics2DRaycasterEditor.cs - Importer: ScriptedImporter/UnityEditor.QuickSearchModule:UnityEditor.Search:ASIAI0B
Importing 'GUID: 1143ae6bb91836f4a8f8ebfaabb9396d - Path: Packages/com.unity.ugui/Editor/UGUI/EventSystem/Physics2DRaycasterEditor.cs - Importer: ScriptedImporter/UnityEditor.QuickSearchModule:UnityEditor.Search:ASIAI0B' with importer (ScriptedImporter : UnityEditor.QuickSearchModule:UnityEditor.Search:ASIAI0B)
Imported 'GUID: 1143ae6bb91836f4a8f8ebfaabb9396d' -> (Import Result ID: '51758560d052097a64a49c4c1c7ae890') in 0.001 seconds [static and dynamic dependencies]. Details - ImportResultOutputID=8df3a5ca72228d85518a9c8289c5af18 DependenciesID=0e646342359270e1017e182c2fb27cbb StaticDependenciesID=9534168e54b2a518e784a5a978fc43bd 
Number of updated asset objects reloaded before import = 0
Number of asset objects unloaded after import = 0
========================================================================
Received Import Request.
  Time of request: 2026-10-09T14:09:51.352304Z
  Time since last request: 0.000305841 seconds.
  importAddress: GUID: b5f70efd2f7b286498ca6c00adbb4a13 - Path: Packages/com.unity.ugui/Editor/UGUI/UI/AspectRatioFitterEditor.cs - Importer: ScriptedImporter/UnityEditor.QuickSearchModule:UnityEditor.Search:ASIAI0B
Importing 'GUID: b5f70efd2f7b286498ca6c00adbb4a13 - Path: Packages/com.unity.ugui/Editor/UGUI/UI/AspectRatioFitterEditor.cs - Importer: ScriptedImporter/UnityEditor.QuickSearchModule:UnityEditor.Search:ASIAI0B' with importer (ScriptedImporter : UnityEditor.QuickSearchModule:UnityEditor.Search:ASIAI0B)
Imported 'GUID: b5f70efd2f7b286498ca6c00adbb4a13' -> (Import Result ID: 'fc226fb2fcbb846a3727558d4aafe34d') in 0.001 seconds [static and dynamic dependencies]. Details - ImportResultOutputID=4119335d88f420ca5658e06e6a7e34fe DependenciesID=67f97d8420d0955eed571ec01717a1b1 StaticDependenciesID=fb9e8bfe127b567fd53ac3465bcf5003 
Number of updated asset objects reloaded before import = 0
Number of asset objects unloaded after import = 0
========================================================================
Received Import Request.
  Time of request: 2026-10-09T14:09:51.360919Z
  Time since last request: 0.000263041 seconds.
  importAddress: GUID: 85016528879d5d644981050d1d0a4368 - Path: Packages/com.unity.ugui/Editor/TMP/HDRP/TMP_SDF_HDRPLitShaderGUI.cs - Importer: ScriptedImporter/UnityEditor.QuickSearchModule:UnityEditor.Search:ASIAI0B
Importing 'GUID: 85016528879d5d644981050d1d0a4368 - Path: Packages/com.unity.ugui/Editor/TMP/HDRP/TMP_SDF_HDRPLitShaderGUI.cs - Importer: ScriptedImporter/UnityEditor.QuickSearchModule:UnityEditor.Search:ASIAI0B' with importer (ScriptedImporter : UnityEditor.QuickSearchModule:UnityEditor.Search:ASIAI0B)
Imported 'GUID: 85016528879d5d644981050d1d0a4368' -> (Import Result ID: 'dce133121d0c2ca994fe5dd88f5e7a6e') in 0.002 seconds [static and dynamic dependencies]. Details - ImportResultOutputID=a449f91552620f9d133ff3103bd6d887 DependenciesID=40a96156b0a2a8748f63a1c992c9840f StaticDependenciesID=e62789750020cac865f3116dfac991d4 
Number of updated asset objects reloaded before import = 0
Number of asset objects unloaded after import = 0
========================================================================
Received Import Request.
  Time of request: 2026-10-09T14:09:51.370354Z
  Time since last request: 0.000306271 seconds.
  importAddress: GUID: 7b6c2e51603686247afd5ab620c490e6 - Path: Packages/com.unity.ugui/Editor/TMP/PropertyDrawers/LigatureSubstitutionRecordPropertyDrawer.cs - Importer: ScriptedImporter/UnityEditor.QuickSearchModule:UnityEditor.Search:ASIAI0B
Importing 'GUID: 7b6c2e51603686247afd5ab620c490e6 - Path: Packages/com.unity.ugui/Editor/TMP/PropertyDrawers/LigatureSubstitutionRecordPropertyDrawer.cs - Importer: ScriptedImporter/UnityEditor.QuickSearchModule:UnityEditor.Search:ASIAI0B' with importer (ScriptedImporter : UnityEditor.QuickSearchModule:UnityEditor.Search:ASIAI0B)
Imported 'GUID: 7b6c2e51603686247afd5ab620c490e6' -> (Import Result ID: '1c22014f7245a63ad512568f73e071ca') in 0.002 seconds [static and dynamic dependencies]. Details - ImportResultOutputID=05112fb9bc1c3bb85661f2e4b88640ca DependenciesID=7bae86ef2401e35586c36629fc77b07d StaticDependenciesID=efb21d356919345269fe7aef7845f112 
Number of updated asset objects reloaded before import = 0
Number of asset objects unloaded after import = 0
========================================================================
Received Import Request.
  Time of request: 2026-10-09T14:09:51.381221Z
  Time since last request: 0.000548675 seconds.
  importAddress: GUID: bad96c2cfa78a124cb8ec890d2386dfe - Path: Packages/com.unity.ugui/Editor/TMP/HDRP/TMP_SDF_HDRPUnlitShaderGUI.cs - Importer: ScriptedImporter/UnityEditor.QuickSearchModule:UnityEditor.Search:ASIAI0B
Importing 'GUID: bad96c2cfa78a124cb8ec890d2386dfe - Path: Packages/com.unity.ugui/Editor/TMP/HDRP/TMP_SDF_HDRPUnlitShaderGUI.cs - Importer: ScriptedImporter/UnityEditor.QuickSearchModule:UnityEditor.Search:ASIAI0B' with importer (ScriptedImporter : UnityEditor.QuickSearchModule:UnityEditor.Search:ASIAI0B)
Imported 'GUID: bad96c2cfa78a124cb8ec890d2386dfe' -> (Import Result ID: '1e1821e6a6190a6f099603f9a2248259') in 0.002 seconds [static and dynamic dependencies]. Details - ImportResultOutputID=ecf5f93540a0601beddf3435d1848c36 DependenciesID=056ea7bd2fb0c23b370b2993a5606ad7 StaticDependenciesID=5583c29f9a2c9345831e753a451a0927 
Number of updated asset objects reloaded before import = 0
Number of asset objects unloaded after import = 0
========================================================================
Received Import Request.
  Time of request: 2026-10-09T14:09:51.390268Z
  Time since last request: 0.000219039 seconds.
  importAddress: GUID: 01ada73c4792aba4c937ff5d92cce866 - Path: Packages/com.unity.ugui/Editor/TMP/PropertyDrawers/TMP_CharacterPropertyDrawer.cs - Importer: ScriptedImporter/UnityEditor.QuickSearchModule:UnityEditor.Search:ASIAI0B
Importing 'GUID: 01ada73c4792aba4c937ff5d92cce866 - Path: Packages/com.unity.ugui/Editor/TMP/PropertyDrawers/TMP_CharacterPropertyDrawer.cs - Importer: ScriptedImporter/UnityEditor.QuickSearchModule:UnityEditor.Search:ASIAI0B' with importer (ScriptedImporter : UnityEditor.QuickSearchModule:UnityEditor.Search:ASIAI0B)
Imported 'GUID: 01ada73c4792aba4c937ff5d92cce866' -> (Import Result ID: '262044d44b333ad17570ec0a3c89840b') in 0.002 seconds [static and dynamic dependencies]. Details - ImportResultOutputID=a7471a9ccd7cb54c50d4470bf219d473 DependenciesID=e8f38f1710d621b32bab11d27a0ec515 StaticDependenciesID=6057f020acee51f1505e9e4f0838b1cf 
Number of updated asset objects reloaded before import = 0
Number of asset objects unloaded after import = 0
========================================================================
Received Import Request.
  Time of request: 2026-10-09T14:09:51.417886Z
  Time since last request: 0.018503359 seconds.
  importAddress: GUID: b825fd5f27403b84f97726dd9c5a5e6f - Path: Packages/com.unity.ugui/Editor/UGUI/UI/PropertyDrawers/ColorBlockDrawer.cs - Importer: ScriptedImporter/UnityEditor.QuickSearchModule:UnityEditor.Search:ASIAI0B
Importing 'GUID: b825fd5f27403b84f97726dd9c5a5e6f - Path: Packages/com.unity.ugui/Editor/UGUI/UI/PropertyDrawers/ColorBlockDrawer.cs - Importer: ScriptedImporter/UnityEditor.QuickSearchModule:UnityEditor.Search:ASIAI0B' with importer (ScriptedImporter : UnityEditor.QuickSearchModule:UnityEditor.Search:ASIAI0B)
Imported 'GUID: b825fd5f27403b84f97726dd9c5a5e6f' -> (Import Result ID: 'c660eec8f4e4f0d6df443c4db10480be') in 0.004 seconds [static and dynamic dependencies]. Details - ImportResultOutputID=c607d4c402298d0635aa63b9076db54e DependenciesID=1908e9052f7e444ceac0630f130b9387 StaticDependenciesID=0c04136d6fd94fbedd022ca49b53e119 
Number of updated asset objects reloaded before import = 0
Number of asset objects unloaded after import = 0
========================================================================
Received Import Request.
  Time of request: 2026-10-09T14:09:51.428638Z
  Time since last request: 0.000269353 seconds.
  importAddress: GUID: 61d491d99e9292c4a81d7d01a74781ea - Path: Packages/com.unity.ugui/Runtime/UGUI/UI/Core/Navigation.cs - Importer: ScriptedImporter/UnityEditor.QuickSearchModule:UnityEditor.Search:ASIAI0B
Importing 'GUID: 61d491d99e9292c4a81d7d01a74781ea - Path: Packages/com.unity.ugui/Runtime/UGUI/UI/Core/Navigation.cs - Importer: ScriptedImporter/UnityEditor.QuickSearchModule:UnityEditor.Search:ASIAI0B' with importer (ScriptedImporter : UnityEditor.QuickSearchModule:UnityEditor.Search:ASIAI0B)
Imported 'GUID: 61d491d99e9292c4a81d7d01a74781ea' -> (Import Result ID: 'cbe56d264104ad843829efb854bae5ba') in 0.002 seconds [static and dynamic dependencies]. Details - ImportResultOutputID=87d8daad3216077d1c83c5af6e7af6dc DependenciesID=6bbc376c5248c3dd420ea48e563d2a24 StaticDependenciesID=66f9e314940fb15c47298e1a6d917df5 
Number of updated asset objects reloaded before import = 0
Number of asset objects unloaded after import = 0
========================================================================
Received Import Request.
  Time of request: 2026-10-09T14:09:51.438651Z
  Time since last request: 0.000305049 seconds.
  importAddress: GUID: 2c727e4c005e5114fb3348a38c4cebbf - Path: Packages/com.unity.ugui/Runtime/UGUI/EventSystem/UIElements/WorldDocumentRaycaster.cs - Importer: ScriptedImporter/UnityEditor.QuickSearchModule:UnityEditor.Search:ASIAI0B
Importing 'GUID: 2c727e4c005e5114fb3348a38c4cebbf - Path: Packages/com.unity.ugui/Runtime/UGUI/EventSystem/UIElements/WorldDocumentRaycaster.cs - Importer: ScriptedImporter/UnityEditor.QuickSearchModule:UnityEditor.Search:ASIAI0B' with importer (ScriptedImporter : UnityEditor.QuickSearchModule:UnityEditor.Search:ASIAI0B)
Imported 'GUID: 2c727e4c005e5114fb3348a38c4cebbf' -> (Import Result ID: '88aedb26ab9b3d30facba5ed8813383b') in 0.001 seconds [static and dynamic dependencies]. Details - ImportResultOutputID=20b1c67bf7d84e899c5e894beb70d5fb DependenciesID=ad40f4fdb55e856d21d3f5e2f7095cec StaticDependenciesID=37269ece1d0138ab073402ed49ee83fb 
Number of updated asset objects reloaded before import = 0
Number of asset objects unloaded after import = 0
========================================================================
Received Import Request.
  Time of request: 2026-10-09T14:09:51.447519Z
  Time since last request: 0.000174155 seconds.
  importAddress: GUID: e9745f6a32442194c8dc5a43e9ab86f9 - Path: Packages/com.unity.ugui/Tests/Runtime/UGUI/UnityEngine.UI.Tests.asmdef - Importer: ScriptedImporter/UnityEditor.QuickSearchModule:UnityEditor.Search:ASIAI0B
Importing 'GUID: e9745f6a32442194c8dc5a43e9ab86f9 - Path: Packages/com.unity.ugui/Tests/Runtime/UGUI/UnityEngine.UI.Tests.asmdef - Importer: ScriptedImporter/UnityEditor.QuickSearchModule:UnityEditor.Search:ASIAI0B' with importer (ScriptedImporter : UnityEditor.QuickSearchModule:UnityEditor.Search:ASIAI0B)
Imported 'GUID: e9745f6a32442194c8dc5a43e9ab86f9' -> (Import Result ID: 'ecf0c584702dac5558794138ca63f55a') in 0.002 seconds [static and dynamic dependencies]. Details - ImportResultOutputID=ba43db2f32425c3d4833c6e338d6c398 DependenciesID=cbda5a593ecf57ff26a28185f33d38a2 StaticDependenciesID=42412ef4842edf458df18bb8b6934302 
Number of updated asset objects reloaded before import = 0
Number of asset objects unloaded after import = 1
========================================================================
Received Import Request.
  Time of request: 2026-10-09T14:09:51.457699Z
  Time since last request: 0.000271708 seconds.
  importAddress: GUID: 426106349a0ff964fa4e7178c1d3a4f5 - Path: Packages/com.unity.ugui/Runtime/UGUI/EventSystem/Raycasters/BaseRaycaster.cs - Importer: ScriptedImporter/UnityEditor.QuickSearchModule:UnityEditor.Search:ASIAI0B
Importing 'GUID: 426106349a0ff964fa4e7178c1d3a4f5 - Path: Packages/com.unity.ugui/Runtime/UGUI/EventSystem/Raycasters/BaseRaycaster.cs - Importer: ScriptedImporter/UnityEditor.QuickSearchModule:UnityEditor.Search:ASIAI0B' with importer (ScriptedImporter : UnityEditor.QuickSearchModule:UnityEditor.Search:ASIAI0B)
Imported 'GUID: 426106349a0ff964fa4e7178c1d3a4f5' -> (Import Result ID: '62b3691cd615f0c4c763dc9e09a20fd0') in 0.001 seconds [static and dynamic dependencies]. Details - ImportResultOutputID=2f31857a29ad5f802ee0735e5dbd7da0 DependenciesID=7b907a2dec5b314e57058be134b59181 StaticDependenciesID=2696b7fea1bcbfaad49c87c596d74a33 
Number of updated asset objects reloaded before import = 0
Number of asset objects unloaded after import = 0
========================================================================
Received Import Request.
  Time of request: 2026-10-09T14:09:51.466265Z
  Time since last request: 0.000228367 seconds.
  importAddress: GUID: 26570be2af04195458e6f1ac1f5c48e0 - Path: Packages/com.unity.ugui/Runtime/UGUI/EventSystem/RaycasterManager.cs - Importer: ScriptedImporter/UnityEditor.QuickSearchModule:UnityEditor.Search:ASIAI0B
Importing 'GUID: 26570be2af04195458e6f1ac1f5c48e0 - Path: Packages/com.unity.ugui/Runtime/UGUI/EventSystem/RaycasterManager.cs - Importer: ScriptedImporter/UnityEditor.QuickSearchModule:UnityEditor.Search:ASIAI0B' with importer (ScriptedImporter : UnityEditor.QuickSearchModule:UnityEditor.Search:ASIAI0B)
Imported 'GUID: 26570be2af04195458e6f1ac1f5c48e0' -> (Import Result ID: '6629eacc1e3bfe0bfec7235e7e844c9c') in 0.001 seconds [static and dynamic dependencies]. Details - ImportResultOutputID=546900caf8b8264af49cfaaa95b4ff57 DependenciesID=ea6ed41f203ec8e11d6dbd983c47c865 StaticDependenciesID=a49fed794aeb1e03d162e7b1cad0e53b 
Number of updated asset objects reloaded before import = 0
Number of asset objects unloaded after import = 0
========================================================================
Received Import Request.
  Time of request: 2026-10-09T14:09:51.473984Z
  Time since last request: 0.000223617 seconds.
  importAddress: GUID: d082183c35deb87489e26f9c7ba8e41f - Path: Packages/com.unity.ugui/Tests/Editor/TMP/TMP_TextTests.cs - Importer: ScriptedImporter/UnityEditor.QuickSearchModule:UnityEditor.Search:ASIAI0B
Importing 'GUID: d082183c35deb87489e26f9c7ba8e41f - Path: Packages/com.unity.ugui/Tests/Editor/TMP/TMP_TextTests.cs - Importer: ScriptedImporter/UnityEditor.QuickSearchModule:UnityEditor.Search:ASIAI0B' with importer (ScriptedImporter : UnityEditor.QuickSearchModule:UnityEditor.Search:ASIAI0B)
Imported 'GUID: d082183c35deb87489e26f9c7ba8e41f' -> (Import Result ID: '2fc475a4c064500c226195f0b2610c6f') in 0.001 seconds [static and dynamic dependencies]. Details - ImportResultOutputID=0eee8723990ad9e838184a781003e2e4 DependenciesID=b86052f19767ad2c05741bee56ac7259 StaticDependenciesID=5f3e18cdbfe6e5d74ca0a25f1dc27cb0 
Number of updated asset objects reloaded before import = 0
Number of asset objects unloaded after import = 0
========================================================================
Received Import Request.
  Time of request: 2026-10-09T14:09:51.482069Z
  Time since last request: 0.000258463 seconds.
  importAddress: GUID: 828075bc53f2de84982a943870529b7b - Path: Packages/com.unity.ugui/Runtime/UGUI/UI/Core/Misc.cs - Importer: ScriptedImporter/UnityEditor.QuickSearchModule:UnityEditor.Search:ASIAI0B
Importing 'GUID: 828075bc53f2de84982a943870529b7b - Path: Packages/com.unity.ugui/Runtime/UGUI/UI/Core/Misc.cs - Importer: ScriptedImporter/UnityEditor.QuickSearchModule:UnityEditor.Search:ASIAI0B' with importer (ScriptedImporter : UnityEditor.QuickSearchModule:UnityEditor.Search:ASIAI0B)
Imported 'GUID: 828075bc53f2de84982a943870529b7b' -> (Import Result ID: 'ea4ec4452abe72e71f45df0a231e5c02') in 0.001 seconds [static and dynamic dependencies]. Details - ImportResultOutputID=791703c503e4a2d0303bd96f47939bdf DependenciesID=a6791fb511103c7f5e10da1147dcdcef StaticDependenciesID=fca5a88aefb60549272eb75b719d65a6 
Number of updated asset objects reloaded before import = 0
Number of asset objects unloaded after import = 0
========================================================================
Received Import Request.
  Time of request: 2026-10-09T14:09:51.489557Z
  Time since last request: 0.000181278 seconds.
  importAddress: GUID: fea12beeeb5a7a448b5e60f50e40975d - Path: Packages/com.unity.ugui/Editor/UGUI/UI/PropertyDrawers/FontDataDrawer.cs - Importer: ScriptedImporter/UnityEditor.QuickSearchModule:UnityEditor.Search:ASIAI0B
Importing 'GUID: fea12beeeb5a7a448b5e60f50e40975d - Path: Packages/com.unity.ugui/Editor/UGUI/UI/PropertyDrawers/FontDataDrawer.cs - Importer: ScriptedImporter/UnityEditor.QuickSearchModule:UnityEditor.Search:ASIAI0B' with importer (ScriptedImporter : UnityEditor.QuickSearchModule:UnityEditor.Search:ASIAI0B)
Imported 'GUID: fea12beeeb5a7a448b5e60f50e40975d' -> (Import Result ID: '37a34397936a7713f0150d462d7e7f50') in 0.001 seconds [static and dynamic dependencies]. Details - ImportResultOutputID=c4fab560cc5023cf83c22fffb4814ec1 DependenciesID=5e46378a84431643da086e27a12a7472 StaticDependenciesID=93d4e6b11d8a1d840600b34d4d1c594f 
Number of updated asset objects reloaded before import = 0
Number of asset objects unloaded after import = 0
========================================================================
Received Import Request.
  Time of request: 2026-10-09T14:09:51.497813Z
  Time since last request: 0.000376452 seconds.
  importAddress: GUID: 592f7288ed0df2c4b884e2cd9baac023 - Path: Packages/com.unity.ugui/Tests/Editor/TMP/TMP_EditorTests.cs - Importer: ScriptedImporter/UnityEditor.QuickSearchModule:UnityEditor.Search:ASIAI0B
Importing 'GUID: 592f7288ed0df2c4b884e2cd9baac023 - Path: Packages/com.unity.ugui/Tests/Editor/TMP/TMP_EditorTests.cs - Importer: ScriptedImporter/UnityEditor.QuickSearchModule:UnityEditor.Search:ASIAI0B' with importer (ScriptedImporter : UnityEditor.QuickSearchModule:UnityEditor.Search:ASIAI0B)
Imported 'GUID: 592f7288ed0df2c4b884e2cd9baac023' -> (Import Result ID: '7ad913f1da6ebc1a35a67bc920f12c4d') in 0.001 seconds [static and dynamic dependencies]. Details - ImportResultOutputID=46ac4644ace9aea5c3251519f0378cbe DependenciesID=e00af5d1f0e77803f7bb3cbf7a0428e9 StaticDependenciesID=ce17da3d4ee19f92e392530ddc9d85bb 
Number of updated asset objects reloaded before import = 0
Number of asset objects unloaded after import = 0
========================================================================
Received Import Request.
  Time of request: 2026-10-09T14:09:51.506099Z
  Time since last request: 0.000277238 seconds.
  importAddress: GUID: 7c04f0dfa9243c04681a55d90d3ff3fc - Path: Packages/com.unity.ugui/Tests/Editor/UGUI/UnityEditor.UI.EditorTests.asmdef - Importer: ScriptedImporter/UnityEditor.QuickSearchModule:UnityEditor.Search:ASIAI0B
Importing 'GUID: 7c04f0dfa9243c04681a55d90d3ff3fc - Path: Packages/com.unity.ugui/Tests/Editor/UGUI/UnityEditor.UI.EditorTests.asmdef - Importer: ScriptedImporter/UnityEditor.QuickSearchModule:UnityEditor.Search:ASIAI0B' with importer (ScriptedImporter : UnityEditor.QuickSearchModule:UnityEditor.Search:ASIAI0B)
Imported 'GUID: 7c04f0dfa9243c04681a55d90d3ff3fc' -> (Import Result ID: 'd5b9371035aa9f05ef1b1db3e663b10d') in 0.001 seconds [static and dynamic dependencies]. Details - ImportResultOutputID=a66197b6b46cc81b75da39a4a50191d8 DependenciesID=de219303dec7061a1d13af712b09d4b2 StaticDependenciesID=36640fa3f4c0fb2a888417bcd5f1ad17 
Number of updated asset objects reloaded before import = 0
Number of asset objects unloaded after import = 1
========================================================================
Received Import Request.
  Time of request: 2026-10-09T14:09:51.514479Z
  Time since last request: 0.000284231 seconds.
  importAddress: GUID: 39ab466162988eb4f83443f911bbf5c8 - Path: Packages/com.unity.ugui/Runtime/UGUI/UI/Core/FontUpdateTracker.cs - Importer: ScriptedImporter/UnityEditor.QuickSearchModule:UnityEditor.Search:ASIAI0B
Importing 'GUID: 39ab466162988eb4f83443f911bbf5c8 - Path: Packages/com.unity.ugui/Runtime/UGUI/UI/Core/FontUpdateTracker.cs - Importer: ScriptedImporter/UnityEditor.QuickSearchModule:UnityEditor.Search:ASIAI0B' with importer (ScriptedImporter : UnityEditor.QuickSearchModule:UnityEditor.Search:ASIAI0B)
Imported 'GUID: 39ab466162988eb4f83443f911bbf5c8' -> (Import Result ID: '32a8922461f5eb6cb3313da95c39ffb6') in 0.001 seconds [static and dynamic dependencies]. Details - ImportResultOutputID=e111f702bcbab895d3a446e92b73a685 DependenciesID=d68d61f242083b895b5aa0f12df3c823 StaticDependenciesID=77b3ad68f24a617da551eacb81588c22 
Number of updated asset objects reloaded before import = 0
Number of asset objects unloaded after import = 0
========================================================================
Received Import Request.
  Time of request: 2026-10-09T14:09:51.522628Z
  Time since last request: 0.000291805 seconds.
  importAddress: GUID: 9de24983a2c6cbe4f925c3e98a79b804 - Path: Packages/com.unity.ugui/Tests/Runtime/TMP/TMP_RuntimeTests.cs - Importer: ScriptedImporter/UnityEditor.QuickSearchModule:UnityEditor.Search:ASIAI0B
Importing 'GUID: 9de24983a2c6cbe4f925c3e98a79b804 - Path: Packages/com.unity.ugui/Tests/Runtime/TMP/TMP_RuntimeTests.cs - Importer: ScriptedImporter/UnityEditor.QuickSearchModule:UnityEditor.Search:ASIAI0B' with importer (ScriptedImporter : UnityEditor.QuickSearchModule:UnityEditor.Search:ASIAI0B)
Imported 'GUID: 9de24983a2c6cbe4f925c3e98a79b804' -> (Import Result ID: '47e17df3cdc6648cc7b6711fedfd1925') in 0.001 seconds [static and dynamic dependencies]. Details - ImportResultOutputID=aa533feb28d45e48445935666e58901a DependenciesID=cbbcf30ce17fc88e0704d4178c4e682a StaticDependenciesID=760bdfe14a2903c6810a5ac0b8058475 
Number of updated asset objects reloaded before import = 0
Number of asset objects unloaded after import = 0
========================================================================
Received Import Request.
  Time of request: 2026-10-09T14:09:51.531051Z
  Time since last request: 0.000423841 seconds.
  importAddress: GUID: 83088ba2132cbc940b7ca0c679a02b0d - Path: Packages/com.unity.ugui/Runtime/UGUI/UI/Core/ColorBlock.cs - Importer: ScriptedImporter/UnityEditor.QuickSearchModule:UnityEditor.Search:ASIAI0B
Importing 'GUID: 83088ba2132cbc940b7ca0c679a02b0d - Path: Packages/com.unity.ugui/Runtime/UGUI/UI/Core/ColorBlock.cs - Importer: ScriptedImporter/UnityEditor.QuickSearchModule:UnityEditor.Search:ASIAI0B' with importer (ScriptedImporter : UnityEditor.QuickSearchModule:UnityEditor.Search:ASIAI0B)
Imported 'GUID: 83088ba2132cbc940b7ca0c679a02b0d' -> (Import Result ID: '6e9ef91e52a3f158f8cc8d6dba2e831e') in 0.002 seconds [static and dynamic dependencies]. Details - ImportResultOutputID=23130a3855c8be2f2e3c64f6f7994dd8 DependenciesID=ed354dea640e3f40a65560ab9d590a9e StaticDependenciesID=2d23ae50ca51023a9da77e7a2d9af686 
Number of updated asset objects reloaded before import = 0
Number of asset objects unloaded after import = 0
========================================================================
Received Import Request.
  Time of request: 2026-10-09T14:09:51.54028Z
  Time since last request: 0.000626189 seconds.
  importAddress: GUID: bb05cab7d802aa5468f8f2f86840d984 - Path: Packages/com.unity.ugui/Tests/Runtime/TMP/Unity.TextMeshPro.Tests.asmdef - Importer: ScriptedImporter/UnityEditor.QuickSearchModule:UnityEditor.Search:ASIAI0B
Importing 'GUID: bb05cab7d802aa5468f8f2f86840d984 - Path: Packages/com.unity.ugui/Tests/Runtime/TMP/Unity.TextMeshPro.Tests.asmdef - Importer: ScriptedImporter/UnityEditor.QuickSearchModule:UnityEditor.Search:ASIAI0B' with importer (ScriptedImporter : UnityEditor.QuickSearchModule:UnityEditor.Search:ASIAI0B)
Imported 'GUID: bb05cab7d802aa5468f8f2f86840d984' -> (Import Result ID: '3d37606d552f75213c48173dd6202d3b') in 0.002 seconds [static and dynamic dependencies]. Details - ImportResultOutputID=9fe274564d46fa70826c0d3df1756835 DependenciesID=be86c222de0c04869777a4cb8f7633b8 StaticDependenciesID=10138bf56028e74b62855d80e73bc782 
Number of updated asset objects reloaded before import = 0
Number of asset objects unloaded after import = 1
========================================================================
Received Import Request.
  Time of request: 2026-10-09T14:09:51.565007Z
  Time since last request: 0.016762921 seconds.
  importAddress: GUID: 811d999912a5f3f459a637aad029fbc8 - Path: Packages/com.unity.ugui/Tests/Runtime/UGUI/Canvas/RectTransformValidAfterEnable.cs - Importer: ScriptedImporter/UnityEditor.QuickSearchModule:UnityEditor.Search:ASIAI0B
Importing 'GUID: 811d999912a5f3f459a637aad029fbc8 - Path: Packages/com.unity.ugui/Tests/Runtime/UGUI/Canvas/RectTransformValidAfterEnable.cs - Importer: ScriptedImporter/UnityEditor.QuickSearchModule:UnityEditor.Search:ASIAI0B' with importer (ScriptedImporter : UnityEditor.QuickSearchModule:UnityEditor.Search:ASIAI0B)
Imported 'GUID: 811d999912a5f3f459a637aad029fbc8' -> (Import Result ID: '444e1c31ce4a904f66ed0cf272751795') in 0.001 seconds [static and dynamic dependencies]. Details - ImportResultOutputID=fb02291ee8bf886a3936d753459ee1d6 DependenciesID=3aeb42c59099513e003eeafaa4c81226 StaticDependenciesID=7fb9043d704465e41249d81b034106b4 
Number of updated asset objects reloaded before import = 0
Number of asset objects unloaded after import = 0
========================================================================
Received Import Request.
  Time of request: 2026-10-09T14:09:51.57336Z
  Time since last request: 0.000370371 seconds.
  importAddress: GUID: d4dbe29df1b294c4f8f0a2fb529d19fd - Path: Packages/com.unity.ugui/Tests/Runtime/UGUI/Canvas/CanvasResizeCorrectlyForRenderTexture.cs - Importer: ScriptedImporter/UnityEditor.QuickSearchModule:UnityEditor.Search:ASIAI0B
Importing 'GUID: d4dbe29df1b294c4f8f0a2fb529d19fd - Path: Packages/com.unity.ugui/Tests/Runtime/UGUI/Canvas/CanvasResizeCorrectlyForRenderTexture.cs - Importer: ScriptedImporter/UnityEditor.QuickSearchModule:UnityEditor.Search:ASIAI0B' with importer (ScriptedImporter : UnityEditor.QuickSearchModule:UnityEditor.Search:ASIAI0B)
Imported 'GUID: d4dbe29df1b294c4f8f0a2fb529d19fd' -> (Import Result ID: '51691dac6330ce78a538833d0494b6ba') in 0.001 seconds [static and dynamic dependencies]. Details - ImportResultOutputID=431e1ac13067fe9207902fd422c20174 DependenciesID=a5654fdacb0c7e5c46992199baaee72d StaticDependenciesID=35f5320595cec96b2df7a2c3c4c0c39a 
Number of updated asset objects reloaded before import = 0
Number of asset objects unloaded after import = 0
========================================================================
Received Import Request.
  Time of request: 2026-10-09T14:09:51.581875Z
  Time since last request: 0.000499231 seconds.
  importAddress: GUID: 2aff4fada0516c64a8537a20bfe1b699 - Path: Packages/com.unity.ugui/Tests/Editor/UGUI/EventSystem/InterceptedEventsPreviewTests.cs - Importer: ScriptedImporter/UnityEditor.QuickSearchModule:UnityEditor.Search:ASIAI0B
Importing 'GUID: 2aff4fada0516c64a8537a20bfe1b699 - Path: Packages/com.unity.ugui/Tests/Editor/UGUI/EventSystem/InterceptedEventsPreviewTests.cs - Importer: ScriptedImporter/UnityEditor.QuickSearchModule:UnityEditor.Search:ASIAI0B' with importer (ScriptedImporter : UnityEditor.QuickSearchModule:UnityEditor.Search:ASIAI0B)
Imported 'GUID: 2aff4fada0516c64a8537a20bfe1b699' -> (Import Result ID: 'a4e8c5dcce40664f4f914edfbefc4810') in 0.001 seconds [static and dynamic dependencies]. Details - ImportResultOutputID=47eb7e1d6ff51a807cee37906855072a DependenciesID=a54ed0665e27e817f333d444bbf15fe0 StaticDependenciesID=94cbf92c29d30ee2a8cd2d87fcce96e9 
Number of updated asset objects reloaded before import = 0
Number of asset objects unloaded after import = 0
========================================================================
Received Import Request.
  Time of request: 2026-10-09T14:09:51.589926Z
  Time since last request: 0.000427148 seconds.
  importAddress: GUID: 6fb761a492f57d84586a8264df7b3cc0 - Path: Packages/com.unity.ugui/Tests/Runtime/UGUI/EventSystem/Physics2DRaycasterTests.cs - Importer: ScriptedImporter/UnityEditor.QuickSearchModule:UnityEditor.Search:ASIAI0B
Importing 'GUID: 6fb761a492f57d84586a8264df7b3cc0 - Path: Packages/com.unity.ugui/Tests/Runtime/UGUI/EventSystem/Physics2DRaycasterTests.cs - Importer: ScriptedImporter/UnityEditor.QuickSearchModule:UnityEditor.Search:ASIAI0B' with importer (ScriptedImporter : UnityEditor.QuickSearchModule:UnityEditor.Search:ASIAI0B)
Imported 'GUID: 6fb761a492f57d84586a8264df7b3cc0' -> (Import Result ID: '0d20ad2f05dd69ede9c40b28897755ce') in 0.001 seconds [static and dynamic dependencies]. Details - ImportResultOutputID=a271ca51e4b6284fdc340bf966d81605 DependenciesID=fa5cbc882dc4e74e87ddd804cd711f3a StaticDependenciesID=bb7e8e0287f07fec5bab118db423bf16 
Number of updated asset objects reloaded before import = 0
Number of asset objects unloaded after import = 0
========================================================================
Received Import Request.
  Time of request: 2026-10-09T14:09:51.597983Z
  Time since last request: 0.000521373 seconds.
  importAddress: GUID: 2ba506934dc2ce14591a37f3b00dca92 - Path: Packages/com.unity.ugui/Tests/Runtime/UGUI/Canvas/RectMask2DReparentedToDifferentCanvas.cs - Importer: ScriptedImporter/UnityEditor.QuickSearchModule:UnityEditor.Search:ASIAI0B
Importing 'GUID: 2ba506934dc2ce14591a37f3b00dca92 - Path: Packages/com.unity.ugui/Tests/Runtime/UGUI/Canvas/RectMask2DReparentedToDifferentCanvas.cs - Importer: ScriptedImporter/UnityEditor.QuickSearchModule:UnityEditor.Search:ASIAI0B' with importer (ScriptedImporter : UnityEditor.QuickSearchModule:UnityEditor.Search:ASIAI0B)
Imported 'GUID: 2ba506934dc2ce14591a37f3b00dca92' -> (Import Result ID: '04a9a6168c17b05e6cb608a30046453f') in 0.001 seconds [static and dynamic dependencies]. Details - ImportResultOutputID=a09a4ef6bd45cf1b2eca7304b1a59f51 DependenciesID=e3906cf2fe79eeba872a9fcdd7bf8dbb StaticDependenciesID=9b91e960e99545941f5a28809355d13c 
Number of updated asset objects reloaded before import = 0
Number of asset objects unloaded after import = 0
========================================================================
Received Import Request.
  Time of request: 2026-10-09T14:09:51.60628Z
  Time since last request: 0.000674709 seconds.
  importAddress: GUID: bede4033d9f359b41878c4cda6a910b3 - Path: Packages/com.unity.ugui/Tests/Editor/UGUI/Canvas/AssertionFailureOnOutputVertexCount.cs - Importer: ScriptedImporter/UnityEditor.QuickSearchModule:UnityEditor.Search:ASIAI0B
Importing 'GUID: bede4033d9f359b41878c4cda6a910b3 - Path: Packages/com.unity.ugui/Tests/Editor/UGUI/Canvas/AssertionFailureOnOutputVertexCount.cs - Importer: ScriptedImporter/UnityEditor.QuickSearchModule:UnityEditor.Search:ASIAI0B' with importer (ScriptedImporter : UnityEditor.QuickSearchModule:UnityEditor.Search:ASIAI0B)
Imported 'GUID: bede4033d9f359b41878c4cda6a910b3' -> (Import Result ID: '20387614fe9d93d35b41f217e8dffa7c') in 0.001 seconds [static and dynamic dependencies]. Details - ImportResultOutputID=fc9ce69d8ad7790f912cb9a2617a0d73 DependenciesID=3d5db03862a80deae5a642d59d74a934 StaticDependenciesID=bbea8f3d21c3dce589a7bdc71bef979b 
Number of updated asset objects reloaded before import = 0
Number of asset objects unloaded after import = 0
========================================================================
Received Import Request.
  Time of request: 2026-10-09T14:09:51.614582Z
  Time since last request: 0.000561358 seconds.
  importAddress: GUID: a14a59f2a5c757e469c3e4e17b798c2e - Path: Packages/com.unity.ugui/Tests/Runtime/UGUI/Canvas/CanvasGroupInheritedAlpha.cs - Importer: ScriptedImporter/UnityEditor.QuickSearchModule:UnityEditor.Search:ASIAI0B
Importing 'GUID: a14a59f2a5c757e469c3e4e17b798c2e - Path: Packages/com.unity.ugui/Tests/Runtime/UGUI/Canvas/CanvasGroupInheritedAlpha.cs - Importer: ScriptedImporter/UnityEditor.QuickSearchModule:UnityEditor.Search:ASIAI0B' with importer (ScriptedImporter : UnityEditor.QuickSearchModule:UnityEditor.Search:ASIAI0B)
Imported 'GUID: a14a59f2a5c757e469c3e4e17b798c2e' -> (Import Result ID: '6e155be032ea8bb58028ffc8b23dca1d') in 0.002 seconds [static and dynamic dependencies]. Details - ImportResultOutputID=e42f1b8113e6bf0043ea1afc4715c26c DependenciesID=2207d8ac3d7ef80e6d395e36e463670f StaticDependenciesID=ce6022b84b7cd46295a0484d2d772d37 
Number of updated asset objects reloaded before import = 0
Number of asset objects unloaded after import = 0
========================================================================
Received Import Request.
  Time of request: 2026-10-09T14:09:51.622851Z
  Time since last request: 0.000431626 seconds.
  importAddress: GUID: 3312d7739989d2b4e91e6319e9a96d76 - Path: Packages/com.unity.ugui/Runtime/UGUI/UI/Core/RectMask2D.cs - Importer: ScriptedImporter/UnityEditor.QuickSearchModule:UnityEditor.Search:ASIAI0B
Importing 'GUID: 3312d7739989d2b4e91e6319e9a96d76 - Path: Packages/com.unity.ugui/Runtime/UGUI/UI/Core/RectMask2D.cs - Importer: ScriptedImporter/UnityEditor.QuickSearchModule:UnityEditor.Search:ASIAI0B' with importer (ScriptedImporter : UnityEditor.QuickSearchModule:UnityEditor.Search:ASIAI0B)
Imported 'GUID: 3312d7739989d2b4e91e6319e9a96d76' -> (Import Result ID: 'c0f7a73d654d728eca66a7cd01679aa0') in 0.001 seconds [static and dynamic dependencies]. Details - ImportResultOutputID=7fe7c5c75262b66e4c7c346b69d119af DependenciesID=cc73d9f7abf2908159cdbad8a51461a4 StaticDependenciesID=e6c812da178406de19c64c01c644ff8a 
Number of updated asset objects reloaded before import = 0
Number of asset objects unloaded after import = 0
========================================================================
Received Import Request.
  Time of request: 2026-10-09T14:09:51.631704Z
  Time since last request: 0.000591354 seconds.
  importAddress: GUID: 67db9e8f0e2ae9c40bc1e2b64352a6b4 - Path: Packages/com.unity.ugui/Runtime/UGUI/UI/Core/Slider.cs - Importer: ScriptedImporter/UnityEditor.QuickSearchModule:UnityEditor.Search:ASIAI0B
Importing 'GUID: 67db9e8f0e2ae9c40bc1e2b64352a6b4 - Path: Packages/com.unity.ugui/Runtime/UGUI/UI/Core/Slider.cs - Importer: ScriptedImporter/UnityEditor.QuickSearchModule:UnityEditor.Search:ASIAI0B' with importer (ScriptedImporter : UnityEditor.QuickSearchModule:UnityEditor.Search:ASIAI0B)
Imported 'GUID: 67db9e8f0e2ae9c40bc1e2b64352a6b4' -> (Import Result ID: '2b8d3b8fecb7193bd61510316f25e986') in 0.001 seconds [static and dynamic dependencies]. Details - ImportResultOutputID=238b46dbd603b1779d94990a4c1d2f64 DependenciesID=668c05c92f832ce425f4c5798639c602 StaticDependenciesID=5882aec70f4570fbfaef2b3f73d71d8b 
Number of updated asset objects reloaded before import = 0
Number of asset objects unloaded after import = 0
========================================================================
Received Import Request.
  Time of request: 2026-10-09T14:09:51.639384Z
  Time since last request: 0.000341397 seconds.
  importAddress: GUID: 08a8587e5f07fb64f88a0cbe2ebe327e - Path: Packages/com.unity.ugui/Tests/Runtime/UGUI/Canvas/RectangleContainsScreenPointTest.cs - Importer: ScriptedImporter/UnityEditor.QuickSearchModule:UnityEditor.Search:ASIAI0B
Importing 'GUID: 08a8587e5f07fb64f88a0cbe2ebe327e - Path: Packages/com.unity.ugui/Tests/Runtime/UGUI/Canvas/RectangleContainsScreenPointTest.cs - Importer: ScriptedImporter/UnityEditor.QuickSearchModule:UnityEditor.Search:ASIAI0B' with importer (ScriptedImporter : UnityEditor.QuickSearchModule:UnityEditor.Search:ASIAI0B)
Imported 'GUID: 08a8587e5f07fb64f88a0cbe2ebe327e' -> (Import Result ID: '2d82208b4c1e459b82e10466fa1b7bcc') in 0.001 seconds [static and dynamic dependencies]. Details - ImportResultOutputID=39ad06bf5a881870ee57df2e4dca6ecf DependenciesID=1ca3d7554d11b7d3881f65ac9435df60 StaticDependenciesID=deb5a90099d449fa2ce28b83cd19c20c 
Number of updated asset objects reloaded before import = 0
Number of asset objects unloaded after import = 0
========================================================================
Received Import Request.
  Time of request: 2026-10-09T14:09:51.647912Z
  Time since last request: 0.000609818 seconds.
  importAddress: GUID: e4e290d31ab7fb54880746bb8f818e0d - Path: Packages/com.unity.ugui/Tests/Runtime/UGUI/EventSystem/InputModuleTests.cs - Importer: ScriptedImporter/UnityEditor.QuickSearchModule:UnityEditor.Search:ASIAI0B
Importing 'GUID: e4e290d31ab7fb54880746bb8f818e0d - Path: Packages/com.unity.ugui/Tests/Runtime/UGUI/EventSystem/InputModuleTests.cs - Importer: ScriptedImporter/UnityEditor.QuickSearchModule:UnityEditor.Search:ASIAI0B' with importer (ScriptedImporter : UnityEditor.QuickSearchModule:UnityEditor.Search:ASIAI0B)
Imported 'GUID: e4e290d31ab7fb54880746bb8f818e0d' -> (Import Result ID: '9b54faf53aee7f3fefaf10edcbb6409a') in 0.001 seconds [static and dynamic dependencies]. Details - ImportResultOutputID=1f392a4cfa4f39112436977b86d7bd5f DependenciesID=d59f798fc8a624b9e4b153e9850b9582 StaticDependenciesID=660ded394c78935bb8de9449be004a36 
Number of updated asset objects reloaded before import = 0
Number of asset objects unloaded after import = 0
========================================================================
Received Import Request.
  Time of request: 2026-10-09T14:09:51.655896Z
  Time since last request: 0.000446894 seconds.
  importAddress: GUID: 03fb1af6e1585964a8d5c2437a191324 - Path: Packages/com.unity.ugui/Tests/Editor/UGUI/EventSystem/InputModuleTests.cs - Importer: ScriptedImporter/UnityEditor.QuickSearchModule:UnityEditor.Search:ASIAI0B
Importing 'GUID: 03fb1af6e1585964a8d5c2437a191324 - Path: Packages/com.unity.ugui/Tests/Editor/UGUI/EventSystem/InputModuleTests.cs - Importer: ScriptedImporter/UnityEditor.QuickSearchModule:UnityEditor.Search:ASIAI0B' with importer (ScriptedImporter : UnityEditor.QuickSearchModule:UnityEditor.Search:ASIAI0B)
Imported 'GUID: 03fb1af6e1585964a8d5c2437a191324' -> (Import Result ID: 'a86e1052bbfefb84886d50962683dd32') in 0.002 seconds [static and dynamic dependencies]. Details - ImportResultOutputID=61df8994702b046ec1fbd6192920ea0d DependenciesID=180aae7bbe4ea1dc63fab6c2dc4af9a3 StaticDependenciesID=f001cdee0a6d06b025eb912407da8813 
Number of updated asset objects reloaded before import = 0
Number of asset objects unloaded after import = 0
========================================================================
Received Import Request.
  Time of request: 2026-10-09T14:09:51.664411Z
  Time since last request: 0.000334114 seconds.
  importAddress: GUID: 0ca81982e37e893498abf804c12a22c7 - Path: Packages/com.unity.ugui/Tests/Editor/UGUI/Canvas/UISystemProfilerAddMarkerWithNullObjectDoesNotCrash.cs - Importer: ScriptedImporter/UnityEditor.QuickSearchModule:UnityEditor.Search:ASIAI0B
Importing 'GUID: 0ca81982e37e893498abf804c12a22c7 - Path: Packages/com.unity.ugui/Tests/Editor/UGUI/Canvas/UISystemProfilerAddMarkerWithNullObjectDoesNotCrash.cs - Importer: ScriptedImporter/UnityEditor.QuickSearchModule:UnityEditor.Search:ASIAI0B' with importer (ScriptedImporter : UnityEditor.QuickSearchModule:UnityEditor.Search:ASIAI0B)
Imported 'GUID: 0ca81982e37e893498abf804c12a22c7' -> (Import Result ID: '13d0b455c59ff57f2055cfe8ed00d36e') in 0.002 seconds [static and dynamic dependencies]. Details - ImportResultOutputID=41abb5f500e9e0244803c70bc648b624 DependenciesID=680a5b480971ef4edef0543c1c5ed25a StaticDependenciesID=1c50d81edfc8896ac330cc5723d280d8 
Number of updated asset objects reloaded before import = 0
Number of asset objects unloaded after import = 0
========================================================================
Received Import Request.
  Time of request: 2026-10-09T14:09:51.675193Z
  Time since last request: 0.000735132 seconds.
  importAddress: GUID: fb660d86885d89a499a31c6ab6f26269 - Path: Packages/com.unity.ugui/Tests/Editor/UGUI/RectMask2D/RectTransformPosition.cs - Importer: ScriptedImporter/UnityEditor.QuickSearchModule:UnityEditor.Search:ASIAI0B
Importing 'GUID: fb660d86885d89a499a31c6ab6f26269 - Path: Packages/com.unity.ugui/Tests/Editor/UGUI/RectMask2D/RectTransformPosition.cs - Importer: ScriptedImporter/UnityEditor.QuickSearchModule:UnityEditor.Search:ASIAI0B' with importer (ScriptedImporter : UnityEditor.QuickSearchModule:UnityEditor.Search:ASIAI0B)
Imported 'GUID: fb660d86885d89a499a31c6ab6f26269' -> (Import Result ID: '77ee5da12aa1223569ba412269d50cdd') in 0.001 seconds [static and dynamic dependencies]. Details - ImportResultOutputID=d8fa89ddbeccef847c488d12bdcda885 DependenciesID=b358dceccb66db4e16c11579f8ee4cab StaticDependenciesID=ebf264b7ac25becf51e08e1054c37475 
Number of updated asset objects reloaded before import = 0
Number of asset objects unloaded after import = 0
========================================================================
Received Import Request.
  Time of request: 2026-10-09T14:09:51.684108Z
  Time since last request: 0.00059965 seconds.
  importAddress: GUID: 977190a4db46de442aed27279d247df4 - Path: Packages/com.unity.ugui/Tests/Editor/UGUI/UnityEvent/UnityEventInvoke.cs - Importer: ScriptedImporter/UnityEditor.QuickSearchModule:UnityEditor.Search:ASIAI0B
Importing 'GUID: 977190a4db46de442aed27279d247df4 - Path: Packages/com.unity.ugui/Tests/Editor/UGUI/UnityEvent/UnityEventInvoke.cs - Importer: ScriptedImporter/UnityEditor.QuickSearchModule:UnityEditor.Search:ASIAI0B' with importer (ScriptedImporter : UnityEditor.QuickSearchModule:UnityEditor.Search:ASIAI0B)
Imported 'GUID: 977190a4db46de442aed27279d247df4' -> (Import Result ID: 'fd5ed970367df01c68a601b37d2e2ceb') in 0.001 seconds [static and dynamic dependencies]. Details - ImportResultOutputID=a32d76841218517304c4d87429ed802f DependenciesID=f545347ee05c88b3edf43c7f5834bc12 StaticDependenciesID=ead0d84c5d8044b9018f49d222382dd3 
Number of updated asset objects reloaded before import = 0
Number of asset objects unloaded after import = 0
========================================================================
Received Import Request.
  Time of request: 2026-10-09T14:09:51.691984Z
  Time since last request: 0.000575314 seconds.
  importAddress: GUID: dcb49b07db5e5f64e876b498105314f1 - Path: Packages/com.unity.ugui/Tests/Editor/UGUI/CanvasRenderer/ParentCanvasIsSane.cs - Importer: ScriptedImporter/UnityEditor.QuickSearchModule:UnityEditor.Search:ASIAI0B
Importing 'GUID: dcb49b07db5e5f64e876b498105314f1 - Path: Packages/com.unity.ugui/Tests/Editor/UGUI/CanvasRenderer/ParentCanvasIsSane.cs - Importer: ScriptedImporter/UnityEditor.QuickSearchModule:UnityEditor.Search:ASIAI0B' with importer (ScriptedImporter : UnityEditor.QuickSearchModule:UnityEditor.Search:ASIAI0B)
Imported 'GUID: dcb49b07db5e5f64e876b498105314f1' -> (Import Result ID: 'f30add3f0db53cc01e398a6eb792eecc') in 0.001 seconds [static and dynamic dependencies]. Details - ImportResultOutputID=63d7f929bef27c723e16891164f43a27 DependenciesID=2938e7330b9a5facf129e3cfee9ef6d2 StaticDependenciesID=3a7cf4328983c136fcee0192338fcf88 
Number of updated asset objects reloaded before import = 0
Number of asset objects unloaded after import = 0
========================================================================
Received Import Request.
  Time of request: 2026-10-09T14:09:51.712977Z
  Time since last request: 0.013083071 seconds.
  importAddress: GUID: a5c214e5846a99242b348c37e49b2f59 - Path: Packages/com.unity.ugui/Runtime/UGUI/UI/Core/Layout/HorizontalOrVerticalLayoutGroup.cs - Importer: ScriptedImporter/UnityEditor.QuickSearchModule:UnityEditor.Search:ASIAI0B
Importing 'GUID: a5c214e5846a99242b348c37e49b2f59 - Path: Packages/com.unity.ugui/Runtime/UGUI/UI/Core/Layout/HorizontalOrVerticalLayoutGroup.cs - Importer: ScriptedImporter/UnityEditor.QuickSearchModule:UnityEditor.Search:ASIAI0B' with importer (ScriptedImporter : UnityEditor.QuickSearchModule:UnityEditor.Search:ASIAI0B)
Imported 'GUID: a5c214e5846a99242b348c37e49b2f59' -> (Import Result ID: 'cb1ff03e7b08a198369ef59e7a87a144') in 0.001 seconds [static and dynamic dependencies]. Details - ImportResultOutputID=36927e73d36abfc3aa5e0e4e43189191 DependenciesID=9d792c3cb57fc1e38f544ef7aceedbb1 StaticDependenciesID=ea4e616203178305e42c56d740ad92ec 
Number of updated asset objects reloaded before import = 0
Number of asset objects unloaded after import = 0
========================================================================
Received Import Request.
  Time of request: 2026-10-09T14:09:51.721374Z
  Time since last request: 0.00053039 seconds.
  importAddress: GUID: 368d3a0498e78014da578aa5f45e2797 - Path: Packages/com.unity.ugui/Runtime/UGUI/UI/Core/Layout/ILayoutElement.cs - Importer: ScriptedImporter/UnityEditor.QuickSearchModule:UnityEditor.Search:ASIAI0B
Importing 'GUID: 368d3a0498e78014da578aa5f45e2797 - Path: Packages/com.unity.ugui/Runtime/UGUI/UI/Core/Layout/ILayoutElement.cs - Importer: ScriptedImporter/UnityEditor.QuickSearchModule:UnityEditor.Search:ASIAI0B' with importer (ScriptedImporter : UnityEditor.QuickSearchModule:UnityEditor.Search:ASIAI0B)
Imported 'GUID: 368d3a0498e78014da578aa5f45e2797' -> (Import Result ID: 'a8dc4593f3821f86e976370ac71e1462') in 0.002 seconds [static and dynamic dependencies]. Details - ImportResultOutputID=2ff8dd56b8808714183ba9ddb174b637 DependenciesID=2daa9f7465febc3ca6d6db9a99a7a4a8 StaticDependenciesID=e002e755b82920bcd0698d3422a069c7 
Number of updated asset objects reloaded before import = 0
Number of asset objects unloaded after import = 0
========================================================================
Received Import Request.
  Time of request: 2026-10-09T14:09:51.729906Z
  Time since last request: 0.000518538 seconds.
  importAddress: GUID: 14427eecd0bccea468addc3492aaef57 - Path: Packages/com.unity.ugui/Tests/Runtime/UGUI/Toggle/ToggleTests.cs - Importer: ScriptedImporter/UnityEditor.QuickSearchModule:UnityEditor.Search:ASIAI0B
Importing 'GUID: 14427eecd0bccea468addc3492aaef57 - Path: Packages/com.unity.ugui/Tests/Runtime/UGUI/Toggle/ToggleTests.cs - Importer: ScriptedImporter/UnityEditor.QuickSearchModule:UnityEditor.Search:ASIAI0B' with importer (ScriptedImporter : UnityEditor.QuickSearchModule:UnityEditor.Search:ASIAI0B)
Imported 'GUID: 14427eecd0bccea468addc3492aaef57' -> (Import Result ID: 'a3ed9b7d9cfe540e0fe477f10adba096') in 0.002 seconds [static and dynamic dependencies]. Details - ImportResultOutputID=cf6ba4d58b1180f81f85f3f468069514 DependenciesID=a33fd5466831e7322517259309f3d887 StaticDependenciesID=cde4608b75cdf7f60c0606683ec952c7 
Number of updated asset objects reloaded before import = 0
Number of asset objects unloaded after import = 0
========================================================================
Received Import Request.
  Time of request: 2026-10-09T14:09:51.738802Z
  Time since last request: 0.000749209 seconds.
  importAddress: GUID: a598580d0cfc7224ebed8d2b627d9e00 - Path: Packages/com.unity.ugui/Tests/Runtime/UGUI/Image/ImageTests.cs - Importer: ScriptedImporter/UnityEditor.QuickSearchModule:UnityEditor.Search:ASIAI0B
Importing 'GUID: a598580d0cfc7224ebed8d2b627d9e00 - Path: Packages/com.unity.ugui/Tests/Runtime/UGUI/Image/ImageTests.cs - Importer: ScriptedImporter/UnityEditor.QuickSearchModule:UnityEditor.Search:ASIAI0B' with importer (ScriptedImporter : UnityEditor.QuickSearchModule:UnityEditor.Search:ASIAI0B)
Imported 'GUID: a598580d0cfc7224ebed8d2b627d9e00' -> (Import Result ID: '6749b9ca1ae0b9d044e1223ee8b70305') in 0.002 seconds [static and dynamic dependencies]. Details - ImportResultOutputID=c554c57184163fb42b9a1fb2d6dca90c DependenciesID=52c43d6dbcb03d6184671346bc408fc0 StaticDependenciesID=245eefadf11e759057f6870cebe4b598 
Number of updated asset objects reloaded before import = 0
Number of asset objects unloaded after import = 0
========================================================================
Received Import Request.
  Time of request: 2026-10-09T14:09:51.746998Z
  Time since last request: 0.0005945 seconds.
  importAddress: GUID: acfa3573efc38c844be021fdaa8cf8a6 - Path: Packages/com.unity.ugui/Tests/Runtime/UGUI/Graphic/RawImageTest.cs - Importer: ScriptedImporter/UnityEditor.QuickSearchModule:UnityEditor.Search:ASIAI0B
Importing 'GUID: acfa3573efc38c844be021fdaa8cf8a6 - Path: Packages/com.unity.ugui/Tests/Runtime/UGUI/Graphic/RawImageTest.cs - Importer: ScriptedImporter/UnityEditor.QuickSearchModule:UnityEditor.Search:ASIAI0B' with importer (ScriptedImporter : UnityEditor.QuickSearchModule:UnityEditor.Search:ASIAI0B)
Imported 'GUID: acfa3573efc38c844be021fdaa8cf8a6' -> (Import Result ID: '0112c4f38d009e9f25eee8fbc0cb1252') in 0.002 seconds [static and dynamic dependencies]. Details - ImportResultOutputID=b5ba3b36669aa432b30a883bfec5a096 DependenciesID=66b816c444860a371160304cc23ba396 StaticDependenciesID=886ed8a15bf057510fce329887873b28 
Number of updated asset objects reloaded before import = 0
Number of asset objects unloaded after import = 0
========================================================================
Received Import Request.
  Time of request: 2026-10-09T14:09:51.756434Z
  Time since last request: 0.000785787 seconds.
  importAddress: GUID: 5c004b1354944164fb076276c289afc1 - Path: Packages/com.unity.ugui/Tests/Runtime/UGUI/Graphic/ToggleTestImageHook.cs - Importer: ScriptedImporter/UnityEditor.QuickSearchModule:UnityEditor.Search:ASIAI0B
Importing 'GUID: 5c004b1354944164fb076276c289afc1 - Path: Packages/com.unity.ugui/Tests/Runtime/UGUI/Graphic/ToggleTestImageHook.cs - Importer: ScriptedImporter/UnityEditor.QuickSearchModule:UnityEditor.Search:ASIAI0B' with importer (ScriptedImporter : UnityEditor.QuickSearchModule:UnityEditor.Search:ASIAI0B)
Imported 'GUID: 5c004b1354944164fb076276c289afc1' -> (Import Result ID: '0a93cc2f2bda0b001214474ae4483ab4') in 0.002 seconds [static and dynamic dependencies]. Details - ImportResultOutputID=c6b38cf546a9d4a10be2ab6b3fe8cf9c DependenciesID=145da332621fc4b5f519e7ba28cf11c9 StaticDependenciesID=59efb2e8cdde5e31b79f0ff590549e52 
Number of updated asset objects reloaded before import = 0
Number of asset objects unloaded after import = 0
========================================================================
Received Import Request.
  Time of request: 2026-10-09T14:09:51.765175Z
  Time since last request: 0.000517817 seconds.
  importAddress: GUID: 513613320b52fdb40a26dd5b73d89afe - Path: Packages/com.unity.ugui/Tests/Runtime/UGUI/InputField/GenericInputFieldTests.cs - Importer: ScriptedImporter/UnityEditor.QuickSearchModule:UnityEditor.Search:ASIAI0B
Importing 'GUID: 513613320b52fdb40a26dd5b73d89afe - Path: Packages/com.unity.ugui/Tests/Runtime/UGUI/InputField/GenericInputFieldTests.cs - Importer: ScriptedImporter/UnityEditor.QuickSearchModule:UnityEditor.Search:ASIAI0B' with importer (ScriptedImporter : UnityEditor.QuickSearchModule:UnityEditor.Search:ASIAI0B)
Imported 'GUID: 513613320b52fdb40a26dd5b73d89afe' -> (Import Result ID: '8f4811370865431c4b4006ffc44ec275') in 0.001 seconds [static and dynamic dependencies]. Details - ImportResultOutputID=608751ec3f24621b33dabab9527114ed DependenciesID=74854109fc5725aaacb024735a20ae1b StaticDependenciesID=88d0e92b219ef1913bdd96a1da5c855c 
Number of updated asset objects reloaded before import = 0
Number of asset objects unloaded after import = 0
========================================================================
Received Import Request.
  Time of request: 2026-10-09T14:09:51.773978Z
  Time since last request: 0.000553944 seconds.
  importAddress: GUID: be1b04bc4d8a415469493848e6501020 - Path: Packages/com.unity.ugui/Tests/Runtime/UGUI/Layout/AspectRatioFitterTests.cs - Importer: ScriptedImporter/UnityEditor.QuickSearchModule:UnityEditor.Search:ASIAI0B
Importing 'GUID: be1b04bc4d8a415469493848e6501020 - Path: Packages/com.unity.ugui/Tests/Runtime/UGUI/Layout/AspectRatioFitterTests.cs - Importer: ScriptedImporter/UnityEditor.QuickSearchModule:UnityEditor.Search:ASIAI0B' with importer (ScriptedImporter : UnityEditor.QuickSearchModule:UnityEditor.Search:ASIAI0B)
Imported 'GUID: be1b04bc4d8a415469493848e6501020' -> (Import Result ID: '32c1a3b852e4d495477ae54f4a5833ca') in 0.005 seconds [static and dynamic dependencies]. Details - ImportResultOutputID=b07f232d273764a65da66bf8036b3a42 DependenciesID=ea4b064ef99e7022da104c1331756935 StaticDependenciesID=c1e09c544df771ebba8dd0c7023fdd0f 
Number of updated asset objects reloaded before import = 0
Number of asset objects unloaded after import = 0
========================================================================
Received Import Request.
  Time of request: 2026-10-09T14:09:51.784631Z
  Time since last request: 0.000148988 seconds.
  importAddress: GUID: 8a4b6301a5afaec4cb87d21383ceb0b3 - Path: Packages/com.unity.ugui/Tests/Runtime/UGUI/Layout/VerticalLayoutGroupTests.cs - Importer: ScriptedImporter/UnityEditor.QuickSearchModule:UnityEditor.Search:ASIAI0B
Importing 'GUID: 8a4b6301a5afaec4cb87d21383ceb0b3 - Path: Packages/com.unity.ugui/Tests/Runtime/UGUI/Layout/VerticalLayoutGroupTests.cs - Importer: ScriptedImporter/UnityEditor.QuickSearchModule:UnityEditor.Search:ASIAI0B' with importer (ScriptedImporter : UnityEditor.QuickSearchModule:UnityEditor.Search:ASIAI0B)
Imported 'GUID: 8a4b6301a5afaec4cb87d21383ceb0b3' -> (Import Result ID: '97d62bedd6ef4a2bd7b5b0bc126ef6a2') in 0.002 seconds [static and dynamic dependencies]. Details - ImportResultOutputID=6cd64f476c2cd07201ddcc4b8f21f3f3 DependenciesID=2173e1cc94e0a57caf3ce0c530f52859 StaticDependenciesID=28418dd4c8bd69489add8b413b899095 
Number of updated asset objects reloaded before import = 0
Number of asset objects unloaded after import = 0
========================================================================
Received Import Request.
  Time of request: 2026-10-09T14:09:51.792535Z
  Time since last request: 0.000251018 seconds.
  importAddress: GUID: 306cc8c2b49d7114eaa3623786fc2126 - Path: Packages/com.unity.ugui/Runtime/UGUI/UI/Core/Layout/LayoutElement.cs - Importer: ScriptedImporter/UnityEditor.QuickSearchModule:UnityEditor.Search:ASIAI0B
Importing 'GUID: 306cc8c2b49d7114eaa3623786fc2126 - Path: Packages/com.unity.ugui/Runtime/UGUI/UI/Core/Layout/LayoutElement.cs - Importer: ScriptedImporter/UnityEditor.QuickSearchModule:UnityEditor.Search:ASIAI0B' with importer (ScriptedImporter : UnityEditor.QuickSearchModule:UnityEditor.Search:ASIAI0B)
Imported 'GUID: 306cc8c2b49d7114eaa3623786fc2126' -> (Import Result ID: '86f2cbe8c8a11c73e4614b3201592c89') in 0.001 seconds [static and dynamic dependencies]. Details - ImportResultOutputID=01421eba8ad7f0f875c1d40d343c33df DependenciesID=115c0558fc98b5db6745c6192be2338b StaticDependenciesID=682483b72e5219a4fbf6f09e3efcafed 
Number of updated asset objects reloaded before import = 0
Number of asset objects unloaded after import = 0
========================================================================
Received Import Request.
  Time of request: 2026-10-09T14:09:51.800224Z
  Time since last request: 0.000187811 seconds.
  importAddress: GUID: c606041f02fc7d542b1429806872292b - Path: Packages/com.unity.ugui/Runtime/UGUI/UI/Core/Culling/RectangularVertexClipper.cs - Importer: ScriptedImporter/UnityEditor.QuickSearchModule:UnityEditor.Search:ASIAI0B
Importing 'GUID: c606041f02fc7d542b1429806872292b - Path: Packages/com.unity.ugui/Runtime/UGUI/UI/Core/Culling/RectangularVertexClipper.cs - Importer: ScriptedImporter/UnityEditor.QuickSearchModule:UnityEditor.Search:ASIAI0B' with importer (ScriptedImporter : UnityEditor.QuickSearchModule:UnityEditor.Search:ASIAI0B)
Imported 'GUID: c606041f02fc7d542b1429806872292b' -> (Import Result ID: '56e50db18548375050f0298c9ce8260a') in 0.002 seconds [static and dynamic dependencies]. Details - ImportResultOutputID=c10e7b0d59912dfb9cff88aef5925236 DependenciesID=a406df7a3fc7ef1a2200608c76f87cb1 StaticDependenciesID=0b0ec4cd06915e8d4d81552dea19e2f5 
Number of updated asset objects reloaded before import = 0
Number of asset objects unloaded after import = 0
========================================================================
Received Import Request.
  Time of request: 2026-10-09T14:09:51.808114Z
  Time since last request: 0.000272449 seconds.
  importAddress: GUID: d56dbb97f857c8040beef6dd1bfc97df - Path: Packages/com.unity.ugui/Tests/Runtime/UGUI/ScrollRect/ScrollRectClamp.cs - Importer: ScriptedImporter/UnityEditor.QuickSearchModule:UnityEditor.Search:ASIAI0B
Importing 'GUID: d56dbb97f857c8040beef6dd1bfc97df - Path: Packages/com.unity.ugui/Tests/Runtime/UGUI/ScrollRect/ScrollRectClamp.cs - Importer: ScriptedImporter/UnityEditor.QuickSearchModule:UnityEditor.Search:ASIAI0B' with importer (ScriptedImporter : UnityEditor.QuickSearchModule:UnityEditor.Search:ASIAI0B)
Imported 'GUID: d56dbb97f857c8040beef6dd1bfc97df' -> (Import Result ID: '96858a02ac12d1ac16c58bd5ea7a45b2') in 0.001 seconds [static and dynamic dependencies]. Details - ImportResultOutputID=0a553ac2bc64c99494df2ff8dd5b8f6a DependenciesID=5c0bcad738e895661bfdbce9afde4f13 StaticDependenciesID=ecccbe26339ec0d1516bb73665defe15 
Number of updated asset objects reloaded before import = 0
Number of asset objects unloaded after import = 0
========================================================================
Received Import Request.
  Time of request: 2026-10-09T14:09:51.816508Z
  Time since last request: 0.000209862 seconds.
  importAddress: GUID: 006633c8a6f4ae94aa9babf72234e1a2 - Path: Packages/com.unity.ugui/Runtime/UGUI/UI/Core/Layout/LayoutRebuilder.cs - Importer: ScriptedImporter/UnityEditor.QuickSearchModule:UnityEditor.Search:ASIAI0B
Importing 'GUID: 006633c8a6f4ae94aa9babf72234e1a2 - Path: Packages/com.unity.ugui/Runtime/UGUI/UI/Core/Layout/LayoutRebuilder.cs - Importer: ScriptedImporter/UnityEditor.QuickSearchModule:UnityEditor.Search:ASIAI0B' with importer (ScriptedImporter : UnityEditor.QuickSearchModule:UnityEditor.Search:ASIAI0B)
Imported 'GUID: 006633c8a6f4ae94aa9babf72234e1a2' -> (Import Result ID: 'a15630d4349c9aaa7a637b155636735f') in 0.001 seconds [static and dynamic dependencies]. Details - ImportResultOutputID=c012794d42bdb0a4850852846fbed324 DependenciesID=069dcf0478471f39be2ca12ffc1d3a46 StaticDependenciesID=767f2d4e853b10310f87b9bf7f5647d0 
Number of updated asset objects reloaded before import = 0
Number of asset objects unloaded after import = 0
========================================================================
Received Import Request.
  Time of request: 2026-10-09T14:09:51.824511Z
  Time since last request: 0.000566638 seconds.
  importAddress: GUID: 0ca2545d76d1fb34fa45a9f1e432d259 - Path: Packages/com.unity.ugui/Tests/Runtime/UGUI/EventSystem/RaycastSortingTests.cs - Importer: ScriptedImporter/UnityEditor.QuickSearchModule:UnityEditor.Search:ASIAI0B
Importing 'GUID: 0ca2545d76d1fb34fa45a9f1e432d259 - Path: Packages/com.unity.ugui/Tests/Runtime/UGUI/EventSystem/RaycastSortingTests.cs - Importer: ScriptedImporter/UnityEditor.QuickSearchModule:UnityEditor.Search:ASIAI0B' with importer (ScriptedImporter : UnityEditor.QuickSearchModule:UnityEditor.Search:ASIAI0B)
Imported 'GUID: 0ca2545d76d1fb34fa45a9f1e432d259' -> (Import Result ID: '4afb4dea8a8c561b542d989c22ce8dc1') in 0.001 seconds [static and dynamic dependencies]. Details - ImportResultOutputID=ff5ec54a5fe306d13c1a79b44b007648 DependenciesID=79e5412e6b2edf79ab53bf67ede3f5ad StaticDependenciesID=8e8aa34a56a37bd941089d9c1f3e0c89 
Number of updated asset objects reloaded before import = 0
Number of asset objects unloaded after import = 0
========================================================================
Received Import Request.
  Time of request: 2026-10-09T14:09:51.832346Z
  Time since last request: 0.000495335 seconds.
  importAddress: GUID: e88a766c2b8b47841936c136f4afbba9 - Path: Packages/com.unity.ugui/Tests/Runtime/UGUI/Graphic/GraphicTests.cs - Importer: ScriptedImporter/UnityEditor.QuickSearchModule:UnityEditor.Search:ASIAI0B
Importing 'GUID: e88a766c2b8b47841936c136f4afbba9 - Path: Packages/com.unity.ugui/Tests/Runtime/UGUI/Graphic/GraphicTests.cs - Importer: ScriptedImporter/UnityEditor.QuickSearchModule:UnityEditor.Search:ASIAI0B' with importer (ScriptedImporter : UnityEditor.QuickSearchModule:UnityEditor.Search:ASIAI0B)
Imported 'GUID: e88a766c2b8b47841936c136f4afbba9' -> (Import Result ID: 'bf8377e137324d9059ec0964866bf7eb') in 0.001 seconds [static and dynamic dependencies]. Details - ImportResultOutputID=d56dfcfd9bc1e1f48d54940f402e4486 DependenciesID=6aa42c21c1cf54b660bac8f810448da9 StaticDependenciesID=b9ad821e49848505ddfd43989cbb34f9 
Number of updated asset objects reloaded before import = 0
Number of asset objects unloaded after import = 0
========================================================================
Received Import Request.
  Time of request: 2026-10-09T14:09:51.840179Z
  Time since last request: 0.000507388 seconds.
  importAddress: GUID: 0cd44c1031e13a943bb63640046fad76 - Path: Packages/com.unity.ugui/Runtime/UGUI/UI/Core/Layout/CanvasScaler.cs - Importer: ScriptedImporter/UnityEditor.QuickSearchModule:UnityEditor.Search:ASIAI0B
Importing 'GUID: 0cd44c1031e13a943bb63640046fad76 - Path: Packages/com.unity.ugui/Runtime/UGUI/UI/Core/Layout/CanvasScaler.cs - Importer: ScriptedImporter/UnityEditor.QuickSearchModule:UnityEditor.Search:ASIAI0B' with importer (ScriptedImporter : UnityEditor.QuickSearchModule:UnityEditor.Search:ASIAI0B)
Imported 'GUID: 0cd44c1031e13a943bb63640046fad76' -> (Import Result ID: 'e4efb6a784c7e69c694cbdbb4e9f15e3') in 0.002 seconds [static and dynamic dependencies]. Details - ImportResultOutputID=5a5ccbdaa8ed7886c083bcd98f2b93de DependenciesID=c119f27dc4e75d5e3bdbbaa50b50eeb7 StaticDependenciesID=fd5cf0cadba43a45b46683e7e13a353e 
Number of updated asset objects reloaded before import = 0
Number of asset objects unloaded after import = 0
========================================================================
Received Import Request.
  Time of request: 2026-10-09T14:09:51.861271Z
  Time since last request: 0.012858091 seconds.
  importAddress: GUID: e19747de3f5aca642ab2be37e372fb86 - Path: Packages/com.unity.ugui/Runtime/UGUI/UI/Core/VertexModifiers/Outline.cs - Importer: ScriptedImporter/UnityEditor.QuickSearchModule:UnityEditor.Search:ASIAI0B
Importing 'GUID: e19747de3f5aca642ab2be37e372fb86 - Path: Packages/com.unity.ugui/Runtime/UGUI/UI/Core/VertexModifiers/Outline.cs - Importer: ScriptedImporter/UnityEditor.QuickSearchModule:UnityEditor.Search:ASIAI0B' with importer (ScriptedImporter : UnityEditor.QuickSearchModule:UnityEditor.Search:ASIAI0B)
Imported 'GUID: e19747de3f5aca642ab2be37e372fb86' -> (Import Result ID: 'a72c2d7929798aadd5e47084d24bbd5d') in 0.001 seconds [static and dynamic dependencies]. Details - ImportResultOutputID=b723a946962892da8e45144959105352 DependenciesID=8918a6ec0122872cf5ac5d23fbeda5af StaticDependenciesID=0be50bab1de7566ddfac762ee58db235 
Number of updated asset objects reloaded before import = 0
Number of asset objects unloaded after import = 0
========================================================================
Received Import Request.
  Time of request: 2026-10-09T14:09:51.869721Z
  Time since last request: 0.000548915 seconds.
  importAddress: GUID: 020ee4c1798a3d243a4b8cbfee6cac2d - Path: Packages/com.unity.ugui/Runtime/UGUI/UI/Core/VertexModifiers/PositionAsUV1.cs - Importer: ScriptedImporter/UnityEditor.QuickSearchModule:UnityEditor.Search:ASIAI0B
Importing 'GUID: 020ee4c1798a3d243a4b8cbfee6cac2d - Path: Packages/com.unity.ugui/Runtime/UGUI/UI/Core/VertexModifiers/PositionAsUV1.cs - Importer: ScriptedImporter/UnityEditor.QuickSearchModule:UnityEditor.Search:ASIAI0B' with importer (ScriptedImporter : UnityEditor.QuickSearchModule:UnityEditor.Search:ASIAI0B)
Imported 'GUID: 020ee4c1798a3d243a4b8cbfee6cac2d' -> (Import Result ID: '7b72312093491c32737e16ba2b16e69b') in 0.001 seconds [static and dynamic dependencies]. Details - ImportResultOutputID=421506772ca849c3478d58a34b7d50a2 DependenciesID=5a99ff580ccada9fe10ebb97026fd31c StaticDependenciesID=39637d5300b312e2d295db78be4bf0cc 
Number of updated asset objects reloaded before import = 0
Number of asset objects unloaded after import = 0
========================================================================
Received Import Request.
  Time of request: 2026-10-09T14:09:51.877475Z
  Time since last request: 0.000405587 seconds.
  importAddress: GUID: 59f8146938fff824cb5fd77236b75775 - Path: Packages/com.unity.ugui/Runtime/UGUI/UI/Core/Layout/VerticalLayoutGroup.cs - Importer: ScriptedImporter/UnityEditor.QuickSearchModule:UnityEditor.Search:ASIAI0B
Importing 'GUID: 59f8146938fff824cb5fd77236b75775 - Path: Packages/com.unity.ugui/Runtime/UGUI/UI/Core/Layout/VerticalLayoutGroup.cs - Importer: ScriptedImporter/UnityEditor.QuickSearchModule:UnityEditor.Search:ASIAI0B' with importer (ScriptedImporter : UnityEditor.QuickSearchModule:UnityEditor.Search:ASIAI0B)
Imported 'GUID: 59f8146938fff824cb5fd77236b75775' -> (Import Result ID: 'c728f881af1d9315c44f0b2ca37a1526') in 0.002 seconds [static and dynamic dependencies]. Details - ImportResultOutputID=cf0ccfd65b307a44279dc0ad1a2840c0 DependenciesID=0ff3702c1c0a545d5455a2bda6c2c218 StaticDependenciesID=ef27d337affb04e434a0b046d0771fe0 
Number of updated asset objects reloaded before import = 0
Number of asset objects unloaded after import = 0
========================================================================
Received Import Request.
  Time of request: 2026-10-09T14:09:51.885733Z
  Time since last request: 0.000438038 seconds.
  importAddress: GUID: 433d3b96b2a40a5479d3d7d8495882ed - Path: Packages/com.unity.ugui/Tests/Editor/UGUI/UI/PropertyDrawers/PropertyDrawerTests.cs - Importer: ScriptedImporter/UnityEditor.QuickSearchModule:UnityEditor.Search:ASIAI0B
Importing 'GUID: 433d3b96b2a40a5479d3d7d8495882ed - Path: Packages/com.unity.ugui/Tests/Editor/UGUI/UI/PropertyDrawers/PropertyDrawerTests.cs - Importer: ScriptedImporter/UnityEditor.QuickSearchModule:UnityEditor.Search:ASIAI0B' with importer (ScriptedImporter : UnityEditor.QuickSearchModule:UnityEditor.Search:ASIAI0B)
Imported 'GUID: 433d3b96b2a40a5479d3d7d8495882ed' -> (Import Result ID: '39d613f4464d8a165890112f6a321f45') in 0.001 seconds [static and dynamic dependencies]. Details - ImportResultOutputID=8eb6a3ab7c1c57652e6584e41cc93d17 DependenciesID=d7d1829233e8b1d08d02231e41a208ab StaticDependenciesID=933c336990861856f801b766e5906343 
Number of updated asset objects reloaded before import = 0
Number of asset objects unloaded after import = 0
========================================================================
Received Import Request.
  Time of request: 2026-10-09T14:09:51.89399Z
  Time since last request: 0.000337179 seconds.
  importAddress: GUID: 138dbec4f8742654fbceb0a19d68b9c5 - Path: Packages/com.unity.ugui/Tests/Runtime/UGUI/EventSystem/InputModuleTests/FakeBaseInput.cs - Importer: ScriptedImporter/UnityEditor.QuickSearchModule:UnityEditor.Search:ASIAI0B
Importing 'GUID: 138dbec4f8742654fbceb0a19d68b9c5 - Path: Packages/com.unity.ugui/Tests/Runtime/UGUI/EventSystem/InputModuleTests/FakeBaseInput.cs - Importer: ScriptedImporter/UnityEditor.QuickSearchModule:UnityEditor.Search:ASIAI0B' with importer (ScriptedImporter : UnityEditor.QuickSearchModule:UnityEditor.Search:ASIAI0B)
Imported 'GUID: 138dbec4f8742654fbceb0a19d68b9c5' -> (Import Result ID: '3f319d46a12f17859c2d5084d21bb856') in 0.001 seconds [static and dynamic dependencies]. Details - ImportResultOutputID=a44f65f7ceec6cd82b21ee48a33ae30a DependenciesID=c1e0dc0ebfdd6578de7790bea1a3a91c StaticDependenciesID=32d3fdd79792f187ff7a9aab0b55036c 
Number of updated asset objects reloaded before import = 0
Number of asset objects unloaded after import = 0
========================================================================
Received Import Request.
  Time of request: 2026-10-09T14:09:51.903305Z
  Time since last request: 0.000706309 seconds.
  importAddress: GUID: ab361814f7174e46989e7f79e89f7c24 - Path: Packages/com.unity.collections/Unity.Collections/FixedString.gen.cs - Importer: ScriptedImporter/UnityEditor.QuickSearchModule:UnityEditor.Search:ASIAI0B
Importing 'GUID: ab361814f7174e46989e7f79e89f7c24 - Path: Packages/com.unity.collections/Unity.Collections/FixedString.gen.cs - Importer: ScriptedImporter/UnityEditor.QuickSearchModule:UnityEditor.Search:ASIAI0B' with importer (ScriptedImporter : UnityEditor.QuickSearchModule:UnityEditor.Search:ASIAI0B)
Imported 'GUID: ab361814f7174e46989e7f79e89f7c24' -> (Import Result ID: '7437ac03f96b9dde7f5719a5880b3019') in 0.002 seconds [static and dynamic dependencies]. Details - ImportResultOutputID=91f7ac5e7555c0992fd6cd74cfae2777 DependenciesID=4271311c62d17da6fe8d1ba610a609aa StaticDependenciesID=7e2e6bf8150b5cb43e26f08cf1124b4a 
Number of updated asset objects reloaded before import = 0
Number of asset objects unloaded after import = 0
========================================================================
Received Import Request.
  Time of request: 2026-10-09T14:09:51.91122Z
  Time since last request: 0.000360843 seconds.
  importAddress: GUID: 6901d664ec07a214cab08cbd83ca8deb - Path: Packages/com.unity.collections/Unity.Collections/CollectionHelper.cs - Importer: ScriptedImporter/UnityEditor.QuickSearchModule:UnityEditor.Search:ASIAI0B
Importing 'GUID: 6901d664ec07a214cab08cbd83ca8deb - Path: Packages/com.unity.collections/Unity.Collections/CollectionHelper.cs - Importer: ScriptedImporter/UnityEditor.QuickSearchModule:UnityEditor.Search:ASIAI0B' with importer (ScriptedImporter : UnityEditor.QuickSearchModule:UnityEditor.Search:ASIAI0B)
Imported 'GUID: 6901d664ec07a214cab08cbd83ca8deb' -> (Import Result ID: 'e936f883d41770ff9e18555fe384b47f') in 0.001 seconds [static and dynamic dependencies]. Details - ImportResultOutputID=186bff0d9faab5b793f4163ac934b970 DependenciesID=b327128ba7465029370aea8a48e704ff StaticDependenciesID=ca954bfa1774d801b6856bf9ae14b92d 
Number of updated asset objects reloaded before import = 0
Number of asset objects unloaded after import = 0
========================================================================
Received Import Request.
  Time of request: 2026-10-09T14:09:51.919357Z
  Time since last request: 0.000209381 seconds.
  importAddress: GUID: db8e609a39b9b231fccc54e5fa4cbd1b - Path: Packages/com.unity.modules.animation/package.ModuleCompilationTrigger - Importer: ScriptedImporter/UnityEditor.QuickSearchModule:UnityEditor.Search:ASIAI0B
Importing 'GUID: db8e609a39b9b231fccc54e5fa4cbd1b - Path: Packages/com.unity.modules.animation/package.ModuleCompilationTrigger - Importer: ScriptedImporter/UnityEditor.QuickSearchModule:UnityEditor.Search:ASIAI0B' with importer (ScriptedImporter : UnityEditor.QuickSearchModule:UnityEditor.Search:ASIAI0B)
Imported 'GUID: db8e609a39b9b231fccc54e5fa4cbd1b' -> (Import Result ID: '0d73da0e3b2f7b7b688429b6afc56d87') in 0.001 seconds [static and dynamic dependencies]. Details - ImportResultOutputID=063e69008c047b5525731288bdf484e5 DependenciesID=0501653191142bd14f00f248095e6cd0 StaticDependenciesID=164ae76ee61e50df3ef6225057ab565d 
Number of updated asset objects reloaded before import = 0
Number of asset objects unloaded after import = 1
========================================================================
Received Import Request.
  Time of request: 2026-10-09T14:09:51.927629Z
  Time since last request: 0.00043972 seconds.
  importAddress: GUID: fd7af7f776a94a2d8333d503666dc904 - Path: Packages/com.unity.collections/Unity.Collections/DataStreamReader.cs - Importer: ScriptedImporter/UnityEditor.QuickSearchModule:UnityEditor.Search:ASIAI0B
Importing 'GUID: fd7af7f776a94a2d8333d503666dc904 - Path: Packages/com.unity.collections/Unity.Collections/DataStreamReader.cs - Importer: ScriptedImporter/UnityEditor.QuickSearchModule:UnityEditor.Search:ASIAI0B' with importer (ScriptedImporter : UnityEditor.QuickSearchModule:UnityEditor.Search:ASIAI0B)
Imported 'GUID: fd7af7f776a94a2d8333d503666dc904' -> (Import Result ID: '3d9cae69efd73ebdab0e7d579dcd754c') in 0.001 seconds [static and dynamic dependencies]. Details - ImportResultOutputID=7e24468989553fcc0269f2a4a245339d DependenciesID=736c2495df3331c433400e96f430ca41 StaticDependenciesID=532914fe30bf55663089726579ff20c4 
Number of updated asset objects reloaded before import = 0
Number of asset objects unloaded after import = 0
========================================================================
Received Import Request.
  Time of request: 2026-10-09T14:09:51.935635Z
  Time since last request: 0.000425364 seconds.
  importAddress: GUID: a8604e8f13b3be84b8bc0c1507d8f3f6 - Path: Packages/com.unity.ugui/Runtime/UGUI/UI/Core/SpecializedCollections/IndexedSet.cs - Importer: ScriptedImporter/UnityEditor.QuickSearchModule:UnityEditor.Search:ASIAI0B
Importing 'GUID: a8604e8f13b3be84b8bc0c1507d8f3f6 - Path: Packages/com.unity.ugui/Runtime/UGUI/UI/Core/SpecializedCollections/IndexedSet.cs - Importer: ScriptedImporter/UnityEditor.QuickSearchModule:UnityEditor.Search:ASIAI0B' with importer (ScriptedImporter : UnityEditor.QuickSearchModule:UnityEditor.Search:ASIAI0B)
Imported 'GUID: a8604e8f13b3be84b8bc0c1507d8f3f6' -> (Import Result ID: '6e2b63da97bc5c0cdade4a71b4ce2e31') in 0.001 seconds [static and dynamic dependencies]. Details - ImportResultOutputID=e1e2cd84f60c9261937962f417b674d5 DependenciesID=49fc1fc69277d13543b42b43401bcf45 StaticDependenciesID=806a581e77ae051c55afd71469bfa05b 
Number of updated asset objects reloaded before import = 0
Number of asset objects unloaded after import = 0
========================================================================
Received Import Request.
  Time of request: 2026-10-09T14:09:51.943936Z
  Time since last request: 0.000446624 seconds.
  importAddress: GUID: b3d1c84db8ef4e288ba9089a616a3523 - Path: Packages/com.unity.collections/Unity.Collections/FixedStringAppendMethods.cs - Importer: ScriptedImporter/UnityEditor.QuickSearchModule:UnityEditor.Search:ASIAI0B
Importing 'GUID: b3d1c84db8ef4e288ba9089a616a3523 - Path: Packages/com.unity.collections/Unity.Collections/FixedStringAppendMethods.cs - Importer: ScriptedImporter/UnityEditor.QuickSearchModule:UnityEditor.Search:ASIAI0B' with importer (ScriptedImporter : UnityEditor.QuickSearchModule:UnityEditor.Search:ASIAI0B)
Imported 'GUID: b3d1c84db8ef4e288ba9089a616a3523' -> (Import Result ID: 'dc20414343ccc03eeabe806a4a7d197d') in 0.001 seconds [static and dynamic dependencies]. Details - ImportResultOutputID=d7315a688c097e1e8ede7addf0940b57 DependenciesID=20b02c743904cfaf6ab4300a58673f38 StaticDependenciesID=7ae778c19d78ea50cc2648388c6307ca 
Number of updated asset objects reloaded before import = 0
Number of asset objects unloaded after import = 0
========================================================================
Received Import Request.
  Time of request: 2026-10-09T14:09:51.952225Z
  Time since last request: 0.000521563 seconds.
  importAddress: GUID: cd561f5f687aed43bf280c27a84f79e3 - Path: Packages/com.unity.modules.screencapture/package.ModuleCompilationTrigger - Importer: ScriptedImporter/UnityEditor.QuickSearchModule:UnityEditor.Search:ASIAI0B
Importing 'GUID: cd561f5f687aed43bf280c27a84f79e3 - Path: Packages/com.unity.modules.screencapture/package.ModuleCompilationTrigger - Importer: ScriptedImporter/UnityEditor.QuickSearchModule:UnityEditor.Search:ASIAI0B' with importer (ScriptedImporter : UnityEditor.QuickSearchModule:UnityEditor.Search:ASIAI0B)
Imported 'GUID: cd561f5f687aed43bf280c27a84f79e3' -> (Import Result ID: '3d5f2e2c2d55cf1f7915992ad8a6fa0b') in 0.001 seconds [static and dynamic dependencies]. Details - ImportResultOutputID=2dd2c8fd5bd18ec1157a9c902790bc29 DependenciesID=94f9676838179a64db85328374cfd42e StaticDependenciesID=162f93a00e2a123259d0204ed40754aa 
Number of updated asset objects reloaded before import = 0
Number of asset objects unloaded after import = 1
========================================================================
Received Import Request.
  Time of request: 2026-10-09T14:09:51.960655Z
  Time since last request: 0.000740702 seconds.
  importAddress: GUID: ff34e3b577f44d67b146cc64b598b67d - Path: Packages/com.unity.collections/Unity.Collections/FixedStringMethods.cs - Importer: ScriptedImporter/UnityEditor.QuickSearchModule:UnityEditor.Search:ASIAI0B
Importing 'GUID: ff34e3b577f44d67b146cc64b598b67d - Path: Packages/com.unity.collections/Unity.Collections/FixedStringMethods.cs - Importer: ScriptedImporter/UnityEditor.QuickSearchModule:UnityEditor.Search:ASIAI0B' with importer (ScriptedImporter : UnityEditor.QuickSearchModule:UnityEditor.Search:ASIAI0B)
Imported 'GUID: ff34e3b577f44d67b146cc64b598b67d' -> (Import Result ID: '06ee7adf0e0602d275378ae6efa5968e') in 0.002 seconds [static and dynamic dependencies]. Details - ImportResultOutputID=52294bafa51ea1f81072dbc608efc94f DependenciesID=b1261e7677b93b432e84932b08fbeb73 StaticDependenciesID=383c1e50fc24c877079db77da080f69a 
Number of updated asset objects reloaded before import = 0
Number of asset objects unloaded after import = 0
========================================================================
Received Import Request.
  Time of request: 2026-10-09T14:09:51.969946Z
  Time since last request: 0.00046606 seconds.
  importAddress: GUID: 6fe576033d6a2424c888d599967457a2 - Path: Packages/com.unity.collections/ValidationExceptions.json - Importer: ScriptedImporter/UnityEditor.QuickSearchModule:UnityEditor.Search:ASIAI0B
Importing 'GUID: 6fe576033d6a2424c888d599967457a2 - Path: Packages/com.unity.collections/ValidationExceptions.json - Importer: ScriptedImporter/UnityEditor.QuickSearchModule:UnityEditor.Search:ASIAI0B' with importer (ScriptedImporter : UnityEditor.QuickSearchModule:UnityEditor.Search:ASIAI0B)
Imported 'GUID: 6fe576033d6a2424c888d599967457a2' -> (Import Result ID: 'a5ffac76dc36fce46a5b365b007bcfb5') in 0.001 seconds [static and dynamic dependencies]. Details - ImportResultOutputID=4d0535598d8495a8883706842d9d6d76 DependenciesID=65cd6696fce0553c69f3b16c25c270a3 StaticDependenciesID=0d1d78c45a869c08591749a9ca07a653 
Number of updated asset objects reloaded before import = 0
Number of asset objects unloaded after import = 1
========================================================================
Received Import Request.
  Time of request: 2026-10-09T14:09:51.979307Z
  Time since last request: 0.000417028 seconds.
  importAddress: GUID: 71136fc5cf34f2cc10be0e33c0b08019 - Path: Packages/com.unity.modules.unityanalytics/package.ModuleCompilationTrigger - Importer: ScriptedImporter/UnityEditor.QuickSearchModule:UnityEditor.Search:ASIAI0B
Importing 'GUID: 71136fc5cf34f2cc10be0e33c0b08019 - Path: Packages/com.unity.modules.unityanalytics/package.ModuleCompilationTrigger - Importer: ScriptedImporter/UnityEditor.QuickSearchModule:UnityEditor.Search:ASIAI0B' with importer (ScriptedImporter : UnityEditor.QuickSearchModule:UnityEditor.Search:ASIAI0B)
Imported 'GUID: 71136fc5cf34f2cc10be0e33c0b08019' -> (Import Result ID: 'beb198b3e35007d4ad3317bc439da53b') in 0.002 seconds [static and dynamic dependencies]. Details - ImportResultOutputID=d4254355e789b62f7683c30cab5ad6fa DependenciesID=fdeccc4b6375e7bb8319faeff717e137 StaticDependenciesID=8507865ad451bfbe28783b12d3cc641d 
Number of updated asset objects reloaded before import = 0
Number of asset objects unloaded after import = 1
========================================================================
Received Import Request.
  Time of request: 2026-10-09T14:09:51.987399Z
  Time since last request: 0.000310429 seconds.
  importAddress: GUID: fb24b35aa8286aa45a866596124a241d - Path: Packages/com.unity.collections/Unity.Collections/FixedList.gen.cs - Importer: ScriptedImporter/UnityEditor.QuickSearchModule:UnityEditor.Search:ASIAI0B
Importing 'GUID: fb24b35aa8286aa45a866596124a241d - Path: Packages/com.unity.collections/Unity.Collections/FixedList.gen.cs - Importer: ScriptedImporter/UnityEditor.QuickSearchModule:UnityEditor.Search:ASIAI0B' with importer (ScriptedImporter : UnityEditor.QuickSearchModule:UnityEditor.Search:ASIAI0B)
Imported 'GUID: fb24b35aa8286aa45a866596124a241d' -> (Import Result ID: '4a0fcf2a4f5c76aa09f2bbf8ca571c0c') in 0.001 seconds [static and dynamic dependencies]. Details - ImportResultOutputID=de11d6b82ad4d07edfc0908a6ea24c17 DependenciesID=e1707d619bf4c235a1487c727aa4595f StaticDependenciesID=1f74dd3140c8d3eae73f41680d83bfe2 
Number of updated asset objects reloaded before import = 0
Number of asset objects unloaded after import = 0
========================================================================
Received Import Request.
  Time of request: 2026-10-09T14:09:52.008137Z
  Time since last request: 0.012970792 seconds.
  importAddress: GUID: 277dac84baaf845b1952f2269f374912 - Path: Packages/com.unity.collections/Unity.Collections/UnsafeList.cs - Importer: ScriptedImporter/UnityEditor.QuickSearchModule:UnityEditor.Search:ASIAI0B
Importing 'GUID: 277dac84baaf845b1952f2269f374912 - Path: Packages/com.unity.collections/Unity.Collections/UnsafeList.cs - Importer: ScriptedImporter/UnityEditor.QuickSearchModule:UnityEditor.Search:ASIAI0B' with importer (ScriptedImporter : UnityEditor.QuickSearchModule:UnityEditor.Search:ASIAI0B)
Imported 'GUID: 277dac84baaf845b1952f2269f374912' -> (Import Result ID: '91eb7e315a351c80d945609c167f7315') in 0.001 seconds [static and dynamic dependencies]. Details - ImportResultOutputID=fa64806cf157578af782908577e03169 DependenciesID=2709396fda652e8486650b5422dd448e StaticDependenciesID=1df10894d1b356e0fbaaf7f5ef8c73db 
Number of updated asset objects reloaded before import = 0
Number of asset objects unloaded after import = 0
========================================================================
Received Import Request.
  Time of request: 2026-10-09T14:09:52.015888Z
  Time since last request: 0.000374539 seconds.
  importAddress: GUID: c96af7680ee0e6c4095162d932aadf52 - Path: Packages/com.unity.collections/Unity.Collections/NativeText.gen.cs - Importer: ScriptedImporter/UnityEditor.QuickSearchModule:UnityEditor.Search:ASIAI0B
Importing 'GUID: c96af7680ee0e6c4095162d932aadf52 - Path: Packages/com.unity.collections/Unity.Collections/NativeText.gen.cs - Importer: ScriptedImporter/UnityEditor.QuickSearchModule:UnityEditor.Search:ASIAI0B' with importer (ScriptedImporter : UnityEditor.QuickSearchModule:UnityEditor.Search:ASIAI0B)
Imported 'GUID: c96af7680ee0e6c4095162d932aadf52' -> (Import Result ID: 'efc459c774b84e65078f3ed3d14e971a') in 0.001 seconds [static and dynamic dependencies]. Details - ImportResultOutputID=6cca772a7ab287f5082ae9f58edc627d DependenciesID=71557c085e9d30cb4db5277373241f69 StaticDependenciesID=800f03d152f2afe716336e317d35f0de 
Number of updated asset objects reloaded before import = 0
Number of asset objects unloaded after import = 0
========================================================================
Received Import Request.
  Time of request: 2026-10-09T14:09:52.023572Z
  Time since last request: 0.000570535 seconds.
  importAddress: GUID: 8baa6eabecd47164e94a1eb92b18f394 - Path: Packages/com.unity.collections/Unity.Collections.CodeGen/Unity.Collections.CodeGen.asmdef - Importer: ScriptedImporter/UnityEditor.QuickSearchModule:UnityEditor.Search:ASIAI0B
Importing 'GUID: 8baa6eabecd47164e94a1eb92b18f394 - Path: Packages/com.unity.collections/Unity.Collections.CodeGen/Unity.Collections.CodeGen.asmdef - Importer: ScriptedImporter/UnityEditor.QuickSearchModule:UnityEditor.Search:ASIAI0B' with importer (ScriptedImporter : UnityEditor.QuickSearchModule:UnityEditor.Search:ASIAI0B)
Imported 'GUID: 8baa6eabecd47164e94a1eb92b18f394' -> (Import Result ID: '11a59fc840bbb4e219635da49bda6b81') in 0.001 seconds [static and dynamic dependencies]. Details - ImportResultOutputID=b025c00c83809d08d58ff82e769b946e DependenciesID=8d40017dd941bf552491af5ed262ac1e StaticDependenciesID=9c3a2a2ff404de4750e02ff0741fcad0 
Number of updated asset objects reloaded before import = 0
Number of asset objects unloaded after import = 1
========================================================================
Received Import Request.
  Time of request: 2026-10-09T14:09:52.031468Z
  Time since last request: 0.000346988 seconds.
  importAddress: GUID: 2d8c01f04a0874c9384ae360c07d0098 - Path: Packages/com.unity.collections/Unity.Collections/NativeQueue.cs - Importer: ScriptedImporter/UnityEditor.QuickSearchModule:UnityEditor.Search:ASIAI0B
Importing 'GUID: 2d8c01f04a0874c9384ae360c07d0098 - Path: Packages/com.unity.collections/Unity.Collections/NativeQueue.cs - Importer: ScriptedImporter/UnityEditor.QuickSearchModule:UnityEditor.Search:ASIAI0B' with importer (ScriptedImporter : UnityEditor.QuickSearchModule:UnityEditor.Search:ASIAI0B)
Imported 'GUID: 2d8c01f04a0874c9384ae360c07d0098' -> (Import Result ID: '3f09a3fd9a031880eca71047597bee74') in 0.001 seconds [static and dynamic dependencies]. Details - ImportResultOutputID=73828609ad1dc8e623ceb43603e5e598 DependenciesID=62826254857d818eaea23d0a2ebe43b8 StaticDependenciesID=04fa9c0dcdd22d9c625b16eb4c882df3 
Number of updated asset objects reloaded before import = 0
Number of asset objects unloaded after import = 0
========================================================================
Received Import Request.
  Time of request: 2026-10-09T14:09:52.039518Z
  Time since last request: 0.000336208 seconds.
  importAddress: GUID: 3e09463226731fa409854248a8059507 - Path: Packages/com.unity.collections/Unity.Collections.CodeGen/CecilExtensionMethods.cs - Importer: ScriptedImporter/UnityEditor.QuickSearchModule:UnityEditor.Search:ASIAI0B
Importing 'GUID: 3e09463226731fa409854248a8059507 - Path: Packages/com.unity.collections/Unity.Collections.CodeGen/CecilExtensionMethods.cs - Importer: ScriptedImporter/UnityEditor.QuickSearchModule:UnityEditor.Search:ASIAI0B' with importer (ScriptedImporter : UnityEditor.QuickSearchModule:UnityEditor.Search:ASIAI0B)
Imported 'GUID: 3e09463226731fa409854248a8059507' -> (Import Result ID: 'eb978643cd1e8d124336ff686aa99079') in 0.001 seconds [static and dynamic dependencies]. Details - ImportResultOutputID=f325beedb786ae9592b20dfb02eb01e9 DependenciesID=11dce4b5dac36feafba3660ba48bdaf4 StaticDependenciesID=44bf1d67a029e686f229309e6c39703a 
Number of updated asset objects reloaded before import = 0
Number of asset objects unloaded after import = 0
========================================================================
Received Import Request.
  Time of request: 2026-10-09T14:09:52.047872Z
  Time since last request: 0.000336709 seconds.
  importAddress: GUID: a3b018ffc4586a441a093c4d954a8cf1 - Path: Packages/com.unity.collections/Unity.Collections.Editor/CLILeakDetectionSwitcher.cs - Importer: ScriptedImporter/UnityEditor.QuickSearchModule:UnityEditor.Search:ASIAI0B
Importing 'GUID: a3b018ffc4586a441a093c4d954a8cf1 - Path: Packages/com.unity.collections/Unity.Collections.Editor/CLILeakDetectionSwitcher.cs - Importer: ScriptedImporter/UnityEditor.QuickSearchModule:UnityEditor.Search:ASIAI0B' with importer (ScriptedImporter : UnityEditor.QuickSearchModule:UnityEditor.Search:ASIAI0B)
Imported 'GUID: a3b018ffc4586a441a093c4d954a8cf1' -> (Import Result ID: 'f61c17b1deb23afa57d8cdd89dd3b1bb') in 0.002 seconds [static and dynamic dependencies]. Details - ImportResultOutputID=e6a4a87e49f9301ee626c025b5c48b08 DependenciesID=34720a9b1377c858159cb606a0e33a62 StaticDependenciesID=74e285588d110544946366d5cc7ba2f2 
Number of updated asset objects reloaded before import = 0
Number of asset objects unloaded after import = 0
========================================================================
Received Import Request.
  Time of request: 2026-10-09T14:09:52.056339Z
  Time since last request: 0.000303907 seconds.
  importAddress: GUID: b2e6965b14d70e04891af62210c14587 - Path: Packages/com.unity.collections/Unity.Collections/UnsafeHashMap.cs - Importer: ScriptedImporter/UnityEditor.QuickSearchModule:UnityEditor.Search:ASIAI0B
Importing 'GUID: b2e6965b14d70e04891af62210c14587 - Path: Packages/com.unity.collections/Unity.Collections/UnsafeHashMap.cs - Importer: ScriptedImporter/UnityEditor.QuickSearchModule:UnityEditor.Search:ASIAI0B' with importer (ScriptedImporter : UnityEditor.QuickSearchModule:UnityEditor.Search:ASIAI0B)
Imported 'GUID: b2e6965b14d70e04891af62210c14587' -> (Import Result ID: '018d4626ad45f25335b295dde04289c5') in 0.001 seconds [static and dynamic dependencies]. Details - ImportResultOutputID=6517996fc67b45977c40f0c9f29a3123 DependenciesID=7e03fe5e86e3c10bea819abaa1de0915 StaticDependenciesID=eaf8978c75ed677eaea48905cefa8dbf 
Number of updated asset objects reloaded before import = 0
Number of asset objects unloaded after import = 0
========================================================================
Received Import Request.
  Time of request: 2026-10-09T14:09:52.064917Z
  Time since last request: 0.000322502 seconds.
  importAddress: GUID: 44913edcb40f4e06a2c16796ccbb82b6 - Path: Packages/com.unity.collections/Unity.Collections/UnsafeText.cs - Importer: ScriptedImporter/UnityEditor.QuickSearchModule:UnityEditor.Search:ASIAI0B
Importing 'GUID: 44913edcb40f4e06a2c16796ccbb82b6 - Path: Packages/com.unity.collections/Unity.Collections/UnsafeText.cs - Importer: ScriptedImporter/UnityEditor.QuickSearchModule:UnityEditor.Search:ASIAI0B' with importer (ScriptedImporter : UnityEditor.QuickSearchModule:UnityEditor.Search:ASIAI0B)
Imported 'GUID: 44913edcb40f4e06a2c16796ccbb82b6' -> (Import Result ID: '8180fc5df473cbd232a31cbe637e2531') in 0.001 seconds [static and dynamic dependencies]. Details - ImportResultOutputID=204e7f3d82be9e429800e5dd43513164 DependenciesID=86b17bb5511f8e22e09701ebf957a784 StaticDependenciesID=dc783ca8f2248effb3207624acea8666 
Number of updated asset objects reloaded before import = 0
Number of asset objects unloaded after import = 0
========================================================================
Received Import Request.
  Time of request: 2026-10-09T14:09:52.073892Z
  Time since last request: 0.000294129 seconds.
  importAddress: GUID: 12ecb8b66ec0b384c8e19a7d1ff9f3fe - Path: Packages/com.unity.collections/Unity.Collections/UnsafeParallelHashSetExtensions.gen.cs - Importer: ScriptedImporter/UnityEditor.QuickSearchModule:UnityEditor.Search:ASIAI0B
Importing 'GUID: 12ecb8b66ec0b384c8e19a7d1ff9f3fe - Path: Packages/com.unity.collections/Unity.Collections/UnsafeParallelHashSetExtensions.gen.cs - Importer: ScriptedImporter/UnityEditor.QuickSearchModule:UnityEditor.Search:ASIAI0B' with importer (ScriptedImporter : UnityEditor.QuickSearchModule:UnityEditor.Search:ASIAI0B)
Imported 'GUID: 12ecb8b66ec0b384c8e19a7d1ff9f3fe' -> (Import Result ID: '6d1ca27d61676a15a90f0e46319e3fd6') in 0.001 seconds [static and dynamic dependencies]. Details - ImportResultOutputID=9fc7f4a26c7c82b452711fedfa9c4ecf DependenciesID=5d63f31c8b1e6b4e00653b065d56329a StaticDependenciesID=0b067281c3bed42a73c0523c09c372b3 
Number of updated asset objects reloaded before import = 0
Number of asset objects unloaded after import = 0
========================================================================
Received Import Request.
  Time of request: 2026-10-09T14:09:52.082843Z
  Time since last request: 0.000356505 seconds.
  importAddress: GUID: 11246cfa909f81542b920bd109592bf5 - Path: Packages/com.unity.collections/Unity.Collections.LowLevel.ILSupport/README.txt - Importer: ScriptedImporter/UnityEditor.QuickSearchModule:UnityEditor.Search:ASIAI0B
Importing 'GUID: 11246cfa909f81542b920bd109592bf5 - Path: Packages/com.unity.collections/Unity.Collections.LowLevel.ILSupport/README.txt - Importer: ScriptedImporter/UnityEditor.QuickSearchModule:UnityEditor.Search:ASIAI0B' with importer (ScriptedImporter : UnityEditor.QuickSearchModule:UnityEditor.Search:ASIAI0B)
Imported 'GUID: 11246cfa909f81542b920bd109592bf5' -> (Import Result ID: '7c7ea6236f9310fcc3ed74a5f0b10499') in 0.001 seconds [static and dynamic dependencies]. Details - ImportResultOutputID=c9aa940ad7a1adb40a8aeb5de1dba30d DependenciesID=b47be171f259fa2530622b2f314ddcb1 StaticDependenciesID=5ce055aa3047462d972c2c8858059086 
Number of updated asset objects reloaded before import = 0
Number of asset objects unloaded after import = 1
========================================================================
Received Import Request.
  Time of request: 2026-10-09T14:09:52.091422Z
  Time since last request: 0.000383436 seconds.
  importAddress: GUID: 0ddd82532ba0b41c7af9888fdbc562e1 - Path: Packages/com.unity.collections/Unity.Collections/NativeList.cs - Importer: ScriptedImporter/UnityEditor.QuickSearchModule:UnityEditor.Search:ASIAI0B
Importing 'GUID: 0ddd82532ba0b41c7af9888fdbc562e1 - Path: Packages/com.unity.collections/Unity.Collections/NativeList.cs - Importer: ScriptedImporter/UnityEditor.QuickSearchModule:UnityEditor.Search:ASIAI0B' with importer (ScriptedImporter : UnityEditor.QuickSearchModule:UnityEditor.Search:ASIAI0B)
Imported 'GUID: 0ddd82532ba0b41c7af9888fdbc562e1' -> (Import Result ID: '2c1e8b4625cdd627e81e6aa1be23164d') in 0.002 seconds [static and dynamic dependencies]. Details - ImportResultOutputID=e159c38cb856af2ee111b4455a097a3d DependenciesID=e89078d0de11605f3931faba7e2f92ff StaticDependenciesID=c75762db05a7dd80e7d6953dd96cc17b 
Number of updated asset objects reloaded before import = 0
Number of asset objects unloaded after import = 0
========================================================================
Received Import Request.
  Time of request: 2026-10-09T14:09:52.10004Z
  Time since last request: 0.000340225 seconds.
  importAddress: GUID: 1aaf054a8897c4b4684f81b97eab06ce - Path: Packages/com.unity.collections/Unity.Collections/UnsafeRingQueue.cs - Importer: ScriptedImporter/UnityEditor.QuickSearchModule:UnityEditor.Search:ASIAI0B
Importing 'GUID: 1aaf054a8897c4b4684f81b97eab06ce - Path: Packages/com.unity.collections/Unity.Collections/UnsafeRingQueue.cs - Importer: ScriptedImporter/UnityEditor.QuickSearchModule:UnityEditor.Search:ASIAI0B' with importer (ScriptedImporter : UnityEditor.QuickSearchModule:UnityEditor.Search:ASIAI0B)
Imported 'GUID: 1aaf054a8897c4b4684f81b97eab06ce' -> (Import Result ID: '04ef6a5781964dc9758059a76e66bbaf') in 0.002 seconds [static and dynamic dependencies]. Details - ImportResultOutputID=13b135e3176b3db6bb3fed6ae61a54bd DependenciesID=3725e40fe24a10b658a388dc4b747e29 StaticDependenciesID=376114121615a9b57b2428838368efd8 
Number of updated asset objects reloaded before import = 0
Number of asset objects unloaded after import = 0
========================================================================
Received Import Request.
  Time of request: 2026-10-09T14:09:52.108925Z
  Time since last request: 0.000338472 seconds.
  importAddress: GUID: 6f9fa81af98728e4f8a0db3762124ff9 - Path: Packages/com.unity.collections/Unity.Collections/NativeParallelHashSetExtensions.tt - Importer: ScriptedImporter/UnityEditor.QuickSearchModule:UnityEditor.Search:ASIAI0B
Importing 'GUID: 6f9fa81af98728e4f8a0db3762124ff9 - Path: Packages/com.unity.collections/Unity.Collections/NativeParallelHashSetExtensions.tt - Importer: ScriptedImporter/UnityEditor.QuickSearchModule:UnityEditor.Search:ASIAI0B' with importer (ScriptedImporter : UnityEditor.QuickSearchModule:UnityEditor.Search:ASIAI0B)
Imported 'GUID: 6f9fa81af98728e4f8a0db3762124ff9' -> (Import Result ID: '5739a9045e4cdcb0b31d322faf823601') in 0.001 seconds [static and dynamic dependencies]. Details - ImportResultOutputID=e0fd563ca9d81baa3b859ce8339417c3 DependenciesID=ca9764f8e9f365886b0327aceee5932e StaticDependenciesID=9223f3018944b782bfe3a655236d7181 
Number of updated asset objects reloaded before import = 0
Number of asset objects unloaded after import = 1
========================================================================
Received Import Request.
  Time of request: 2026-10-09T14:09:52.116749Z
  Time since last request: 0.00018754 seconds.
  importAddress: GUID: 29918a7b3ef861c4789f0cdb857bc267 - Path: Packages/com.unity.collections/Unity.Collections/UnsafeStream.cs - Importer: ScriptedImporter/UnityEditor.QuickSearchModule:UnityEditor.Search:ASIAI0B
Importing 'GUID: 29918a7b3ef861c4789f0cdb857bc267 - Path: Packages/com.unity.collections/Unity.Collections/UnsafeStream.cs - Importer: ScriptedImporter/UnityEditor.QuickSearchModule:UnityEditor.Search:ASIAI0B' with importer (ScriptedImporter : UnityEditor.QuickSearchModule:UnityEditor.Search:ASIAI0B)
Imported 'GUID: 29918a7b3ef861c4789f0cdb857bc267' -> (Import Result ID: '154245adb09107a3d4204d038493a07e') in 0.003 seconds [static and dynamic dependencies]. Details - ImportResultOutputID=69b6d0cb22a48bbb67bc1504865dd4b9 DependenciesID=7e5299c950e61582bbb13ad0f1e5544a StaticDependenciesID=862583aa28432ba2d0fcf6befb2dba6a 
Number of updated asset objects reloaded before import = 0
Number of asset objects unloaded after import = 0
========================================================================
Received Import Request.
  Time of request: 2026-10-09T14:09:52.126672Z
  Time since last request: 0.000183983 seconds.
  importAddress: GUID: a1b7be6af453f88438d32c371f28015c - Path: Packages/com.unity.collections/Unity.Collections/UnsafeBitArray.cs - Importer: ScriptedImporter/UnityEditor.QuickSearchModule:UnityEditor.Search:ASIAI0B
Importing 'GUID: a1b7be6af453f88438d32c371f28015c - Path: Packages/com.unity.collections/Unity.Collections/UnsafeBitArray.cs - Importer: ScriptedImporter/UnityEditor.QuickSearchModule:UnityEditor.Search:ASIAI0B' with importer (ScriptedImporter : UnityEditor.QuickSearchModule:UnityEditor.Search:ASIAI0B)
Imported 'GUID: a1b7be6af453f88438d32c371f28015c' -> (Import Result ID: 'ba36c5aaf7a40e7dc9196c6486f30c83') in 0.001 seconds [static and dynamic dependencies]. Details - ImportResultOutputID=704c82f6ab0cd8d2ae6ee461f28d280f DependenciesID=10555f483b524ae4b3b9f7e6d38f434a StaticDependenciesID=57b9d30acd1224913c6bcdc446b83375 
Number of updated asset objects reloaded before import = 0
Number of asset objects unloaded after import = 0
========================================================================
Received Import Request.
  Time of request: 2026-10-09T14:09:52.134859Z
  Time since last request: 0.00020356 seconds.
  importAddress: GUID: c1cfdf44d5b6d1e9aa671a48032fee86 - Path: Packages/com.unity.collections/Unity.Collections.LowLevel.ILSupport/Unity.Collections.LowLevel.ILSupport.dll - Importer: ScriptedImporter/UnityEditor.QuickSearchModule:UnityEditor.Search:ASIAI0B
Importing 'GUID: c1cfdf44d5b6d1e9aa671a48032fee86 - Path: Packages/com.unity.collections/Unity.Collections.LowLevel.ILSupport/Unity.Collections.LowLevel.ILSupport.dll - Importer: ScriptedImporter/UnityEditor.QuickSearchModule:UnityEditor.Search:ASIAI0B' with importer (ScriptedImporter : UnityEditor.QuickSearchModule:UnityEditor.Search:ASIAI0B)
Imported 'GUID: c1cfdf44d5b6d1e9aa671a48032fee86' -> (Import Result ID: '933aeec5941b609fbc8597615213508c') in 0.002 seconds [static and dynamic dependencies]. Details - ImportResultOutputID=324b70ffa44fe554965cccc8d01a88f5 DependenciesID=956e121c6445d475d9a1673542d51875 StaticDependenciesID=b1809e24a0599b82983e7943e6b752c7 
Number of updated asset objects reloaded before import = 0
Number of asset objects unloaded after import = 0
========================================================================
Received Import Request.
  Time of request: 2026-10-09T14:09:52.149507Z
  Time since last request: 0.00662679 seconds.
  importAddress: GUID: 306f77a58d5743a4db48b42c59e7aeab - Path: Packages/com.unity.collections/Unity.Collections.PerformanceTests/RingQueuePerformanceTests.cs - Importer: ScriptedImporter/UnityEditor.QuickSearchModule:UnityEditor.Search:ASIAI0B
Importing 'GUID: 306f77a58d5743a4db48b42c59e7aeab - Path: Packages/com.unity.collections/Unity.Collections.PerformanceTests/RingQueuePerformanceTests.cs - Importer: ScriptedImporter/UnityEditor.QuickSearchModule:UnityEditor.Search:ASIAI0B' with importer (ScriptedImporter : UnityEditor.QuickSearchModule:UnityEditor.Search:ASIAI0B)
Imported 'GUID: 306f77a58d5743a4db48b42c59e7aeab' -> (Import Result ID: '14ba3b06266543cd554d083e8f42ecd0') in 0.001 seconds [static and dynamic dependencies]. Details - ImportResultOutputID=0534cc1ee1a2191aaf663f3b019412de DependenciesID=218051b6330d165b140d5348233b9d2f StaticDependenciesID=06024999a44d3c9435427b5e531e3af2 
Number of updated asset objects reloaded before import = 0
Number of asset objects unloaded after import = 0
========================================================================
Received Import Request.
  Time of request: 2026-10-09T14:09:52.158071Z
  Time since last request: 0.000532114 seconds.
  importAddress: GUID: 78ef485c88176444bae5f0fce37b4e29 - Path: Packages/com.unity.collections/Unity.Collections.Tests/NativeParallelHashSetTests.cs - Importer: ScriptedImporter/UnityEditor.QuickSearchModule:UnityEditor.Search:ASIAI0B
Importing 'GUID: 78ef485c88176444bae5f0fce37b4e29 - Path: Packages/com.unity.collections/Unity.Collections.Tests/NativeParallelHashSetTests.cs - Importer: ScriptedImporter/UnityEditor.QuickSearchModule:UnityEditor.Search:ASIAI0B' with importer (ScriptedImporter : UnityEditor.QuickSearchModule:UnityEditor.Search:ASIAI0B)
Imported 'GUID: 78ef485c88176444bae5f0fce37b4e29' -> (Import Result ID: '8a6def191aa039ee42a29872adc6ec5a') in 0.001 seconds [static and dynamic dependencies]. Details - ImportResultOutputID=15dadac95a68083f03d1f7ab389c05f5 DependenciesID=449d8712f905f4159fce5df783fd8727 StaticDependenciesID=0021cddce24d9b9516e3e99072126abf 
Number of updated asset objects reloaded before import = 0
Number of asset objects unloaded after import = 0
========================================================================
Received Import Request.
  Time of request: 2026-10-09T14:09:52.166498Z
  Time since last request: 0.000550437 seconds.
  importAddress: GUID: c9fa73c3f49c43bc8f21fedf53591b10 - Path: Packages/com.unity.collections/Unity.Collections.Tests/DataStreamTests.cs - Importer: ScriptedImporter/UnityEditor.QuickSearchModule:UnityEditor.Search:ASIAI0B
Importing 'GUID: c9fa73c3f49c43bc8f21fedf53591b10 - Path: Packages/com.unity.collections/Unity.Collections.Tests/DataStreamTests.cs - Importer: ScriptedImporter/UnityEditor.QuickSearchModule:UnityEditor.Search:ASIAI0B' with importer (ScriptedImporter : UnityEditor.QuickSearchModule:UnityEditor.Search:ASIAI0B)
Imported 'GUID: c9fa73c3f49c43bc8f21fedf53591b10' -> (Import Result ID: 'f8849d15040cf0b9c74f959871568b88') in 0.001 seconds [static and dynamic dependencies]. Details - ImportResultOutputID=36b0055d00fdfbf081b773496f51e7db DependenciesID=1b09f5de84255baef033c02b2f7cab04 StaticDependenciesID=d19e99ad50f0bb0eda5b8d6b1d77d6ca 
Number of updated asset objects reloaded before import = 0
Number of asset objects unloaded after import = 0
========================================================================
Received Import Request.
  Time of request: 2026-10-09T14:09:52.174646Z
  Time since last request: 0.000420605 seconds.
  importAddress: GUID: 4994f8a9b786efc419e89e1e7146cdc6 - Path: Packages/com.unity.collections/Unity.Collections.Tests/NativeArrayTests.cs - Importer: ScriptedImporter/UnityEditor.QuickSearchModule:UnityEditor.Search:ASIAI0B
Importing 'GUID: 4994f8a9b786efc419e89e1e7146cdc6 - Path: Packages/com.unity.collections/Unity.Collections.Tests/NativeArrayTests.cs - Importer: ScriptedImporter/UnityEditor.QuickSearchModule:UnityEditor.Search:ASIAI0B' with importer (ScriptedImporter : UnityEditor.QuickSearchModule:UnityEditor.Search:ASIAI0B)
Imported 'GUID: 4994f8a9b786efc419e89e1e7146cdc6' -> (Import Result ID: 'db020f129ee8ea2b5e00da5d0f186736') in 0.002 seconds [static and dynamic dependencies]. Details - ImportResultOutputID=0b76102d6d6722bc4c3a27dd15854168 DependenciesID=e6bd6f1607f05a1c2123a96f0e1fb55f StaticDependenciesID=a9b14847205b4800c1d6cbb3ce4631bf 
Number of updated asset objects reloaded before import = 0
Number of asset objects unloaded after import = 0
========================================================================
Received Import Request.
  Time of request: 2026-10-09T14:09:52.182915Z
  Time since last request: 0.000270736 seconds.
  importAddress: GUID: 1ddc4d01f93629947903155de21d90ff - Path: Packages/com.unity.collections/Unity.Collections.Tests/NativeBitArrayTests.cs - Importer: ScriptedImporter/UnityEditor.QuickSearchModule:UnityEditor.Search:ASIAI0B
Importing 'GUID: 1ddc4d01f93629947903155de21d90ff - Path: Packages/com.unity.collections/Unity.Collections.Tests/NativeBitArrayTests.cs - Importer: ScriptedImporter/UnityEditor.QuickSearchModule:UnityEditor.Search:ASIAI0B' with importer (ScriptedImporter : UnityEditor.QuickSearchModule:UnityEditor.Search:ASIAI0B)
Imported 'GUID: 1ddc4d01f93629947903155de21d90ff' -> (Import Result ID: '6a866eaaff76e3eb43d9b585e83d7295') in 0.001 seconds [static and dynamic dependencies]. Details - ImportResultOutputID=888e9727b22b35eab1cb86e8939c1bef DependenciesID=7156dd2ba6c8a42a479d729929dc677e StaticDependenciesID=9b97bdb985f242df136e5907ac979181 
Number of updated asset objects reloaded before import = 0
Number of asset objects unloaded after import = 0
========================================================================
Received Import Request.
  Time of request: 2026-10-09T14:09:52.191833Z
  Time since last request: 0.000421036 seconds.
  importAddress: GUID: 079c3d43b74823a41bb33198b8221c23 - Path: Packages/com.unity.collections/Unity.Collections.PerformanceTests/PerformanceTestFrameworkOutputFixedSize.png - Importer: ScriptedImporter/UnityEditor.QuickSearchModule:UnityEditor.Search:ASIAI0B
Importing 'GUID: 079c3d43b74823a41bb33198b8221c23 - Path: Packages/com.unity.collections/Unity.Collections.PerformanceTests/PerformanceTestFrameworkOutputFixedSize.png - Importer: ScriptedImporter/UnityEditor.QuickSearchModule:UnityEditor.Search:ASIAI0B' with importer (ScriptedImporter : UnityEditor.QuickSearchModule:UnityEditor.Search:ASIAI0B)
Imported 'GUID: 079c3d43b74823a41bb33198b8221c23' -> (Import Result ID: 'c20e9c26397412aa46725eb640f49315') in 0.004 seconds [static and dynamic dependencies]. Details - ImportResultOutputID=65775c61daef5a315d3177d8c55f0268 DependenciesID=80e050326b364f4239f149dac0cc4c01 StaticDependenciesID=ec24458e8135f59f24a2ea661bf4354c 
Number of updated asset objects reloaded before import = 0
Number of asset objects unloaded after import = 1
========================================================================
Received Import Request.
  Time of request: 2026-10-09T14:09:52.20188Z
  Time since last request: 0.000118592 seconds.
  importAddress: GUID: bead43d474a87b742a2b136a8b41e26b - Path: Packages/com.unity.collections/Unity.Collections.Tests/NativeHashSetTests.tt - Importer: ScriptedImporter/UnityEditor.QuickSearchModule:UnityEditor.Search:ASIAI0B
Importing 'GUID: bead43d474a87b742a2b136a8b41e26b - Path: Packages/com.unity.collections/Unity.Collections.Tests/NativeHashSetTests.tt - Importer: ScriptedImporter/UnityEditor.QuickSearchModule:UnityEditor.Search:ASIAI0B' with importer (ScriptedImporter : UnityEditor.QuickSearchModule:UnityEditor.Search:ASIAI0B)
Imported 'GUID: bead43d474a87b742a2b136a8b41e26b' -> (Import Result ID: '66363214c4d134f279ef4bfc2912f45a') in 0.002 seconds [static and dynamic dependencies]. Details - ImportResultOutputID=36d62284059b7f50f7d7f61094d496a7 DependenciesID=1fb5906bfda8804900f0d133054eb359 StaticDependenciesID=f4d9846da5d9295a86afa6b92f9d4bd4 
Number of updated asset objects reloaded before import = 0
Number of asset objects unloaded after import = 1
========================================================================
Received Import Request.
  Time of request: 2026-10-09T14:09:52.210884Z
  Time since last request: 0.000154178 seconds.
  importAddress: GUID: ce62bb2f0aba64563accb50660276cff - Path: Packages/com.unity.collections/Unity.Collections.Tests/NativeStreamTests.cs - Importer: ScriptedImporter/UnityEditor.QuickSearchModule:UnityEditor.Search:ASIAI0B
Importing 'GUID: ce62bb2f0aba64563accb50660276cff - Path: Packages/com.unity.collections/Unity.Collections.Tests/NativeStreamTests.cs - Importer: ScriptedImporter/UnityEditor.QuickSearchModule:UnityEditor.Search:ASIAI0B' with importer (ScriptedImporter : UnityEditor.QuickSearchModule:UnityEditor.Search:ASIAI0B)
Imported 'GUID: ce62bb2f0aba64563accb50660276cff' -> (Import Result ID: 'ffd20272fd870edc6def365faaa65724') in 0.001 seconds [static and dynamic dependencies]. Details - ImportResultOutputID=c84042dc87ec10cbb1cea9e0298f25fc DependenciesID=c4413a93cff57644743fde9b6a4199e7 StaticDependenciesID=e4fead3d2c31fdecca8c29bc72d7174f 
Number of updated asset objects reloaded before import = 0
Number of asset objects unloaded after import = 0
========================================================================
Received Import Request.
  Time of request: 2026-10-09T14:09:52.21868Z
  Time since last request: 0.000307684 seconds.
  importAddress: GUID: c8a96cba3114f4a3e91b0546fdcd0397 - Path: Packages/com.unity.collections/Unity.Collections.Tests/NativeContainerTests_ValidateTypesFixture.cs - Importer: ScriptedImporter/UnityEditor.QuickSearchModule:UnityEditor.Search:ASIAI0B
Importing 'GUID: c8a96cba3114f4a3e91b0546fdcd0397 - Path: Packages/com.unity.collections/Unity.Collections.Tests/NativeContainerTests_ValidateTypesFixture.cs - Importer: ScriptedImporter/UnityEditor.QuickSearchModule:UnityEditor.Search:ASIAI0B' with importer (ScriptedImporter : UnityEditor.QuickSearchModule:UnityEditor.Search:ASIAI0B)
Imported 'GUID: c8a96cba3114f4a3e91b0546fdcd0397' -> (Import Result ID: '9ef7bc255e27b5c87cc438f6e6dfea28') in 0.001 seconds [static and dynamic dependencies]. Details - ImportResultOutputID=f06046ba5d6b1a663c36c3dbe85e6b06 DependenciesID=fb52387a615a843660d0cab9f9463af1 StaticDependenciesID=a7f6a0e5953ae9fbf0c2f2aff1a0cd1c 
Number of updated asset objects reloaded before import = 0
Number of asset objects unloaded after import = 0
========================================================================
Received Import Request.
  Time of request: 2026-10-09T14:09:52.226422Z
  Time since last request: 0.000556168 seconds.
  importAddress: GUID: 175a9e4a17bf01748b02c5c1c653d091 - Path: Packages/com.unity.collections/Unity.Collections.Tests/NativeSortTests.tt - Importer: ScriptedImporter/UnityEditor.QuickSearchModule:UnityEditor.Search:ASIAI0B
Importing 'GUID: 175a9e4a17bf01748b02c5c1c653d091 - Path: Packages/com.unity.collections/Unity.Collections.Tests/NativeSortTests.tt - Importer: ScriptedImporter/UnityEditor.QuickSearchModule:UnityEditor.Search:ASIAI0B' with importer (ScriptedImporter : UnityEditor.QuickSearchModule:UnityEditor.Search:ASIAI0B)
Imported 'GUID: 175a9e4a17bf01748b02c5c1c653d091' -> (Import Result ID: '96cddfe45c1291c26ae8631bc4abf18b') in 0.001 seconds [static and dynamic dependencies]. Details - ImportResultOutputID=1968c8178c5f4dcb6301a58c25c5e7dd DependenciesID=73ccfcd0acb18c2b3a9cea65818693d9 StaticDependenciesID=70d4dead6492ca1282b8627c12924f15 
Number of updated asset objects reloaded before import = 0
Number of asset objects unloaded after import = 1
========================================================================
Received Import Request.
  Time of request: 2026-10-09T14:09:52.234826Z
  Time since last request: 0.000652989 seconds.
  importAddress: GUID: 53aefa1beff7b494badc217b913bb5b0 - Path: Packages/com.unity.collections/Unity.Collections.Tests/NativeHashSetTests.gen.cs - Importer: ScriptedImporter/UnityEditor.QuickSearchModule:UnityEditor.Search:ASIAI0B
Importing 'GUID: 53aefa1beff7b494badc217b913bb5b0 - Path: Packages/com.unity.collections/Unity.Collections.Tests/NativeHashSetTests.gen.cs - Importer: ScriptedImporter/UnityEditor.QuickSearchModule:UnityEditor.Search:ASIAI0B' with importer (ScriptedImporter : UnityEditor.QuickSearchModule:UnityEditor.Search:ASIAI0B)
Imported 'GUID: 53aefa1beff7b494badc217b913bb5b0' -> (Import Result ID: '3f88159c30ff9cca6c3efbbd19aede5c') in 0.001 seconds [static and dynamic dependencies]. Details - ImportResultOutputID=02eeb516242c2162e6734849fa766b70 DependenciesID=14a756ceca24965f2e66a5e97554d728 StaticDependenciesID=6787af14ed2fa40cac0145a9e8d56bdd 
Number of updated asset objects reloaded before import = 0
Number of asset objects unloaded after import = 0
========================================================================
Received Import Request.
  Time of request: 2026-10-09T14:09:52.243008Z
  Time since last request: 0.000474696 seconds.
  importAddress: GUID: cfd952b600713ff42a2db6d5c8228f8c - Path: Packages/com.unity.collections/Unity.Collections.Tests/NativeHashMapTests.cs - Importer: ScriptedImporter/UnityEditor.QuickSearchModule:UnityEditor.Search:ASIAI0B
Importing 'GUID: cfd952b600713ff42a2db6d5c8228f8c - Path: Packages/com.unity.collections/Unity.Collections.Tests/NativeHashMapTests.cs - Importer: ScriptedImporter/UnityEditor.QuickSearchModule:UnityEditor.Search:ASIAI0B' with importer (ScriptedImporter : UnityEditor.QuickSearchModule:UnityEditor.Search:ASIAI0B)
Imported 'GUID: cfd952b600713ff42a2db6d5c8228f8c' -> (Import Result ID: '1c4786d84ef283e7f1005cb06c9daa39') in 0.001 seconds [static and dynamic dependencies]. Details - ImportResultOutputID=2ea14bcf942eefddc866ee42558028c5 DependenciesID=ab9eff7212a7c83211428e88f24dc617 StaticDependenciesID=9c59cd34d6566ada6604db67e2029963 
Number of updated asset objects reloaded before import = 0
Number of asset objects unloaded after import = 0
========================================================================
Received Import Request.
  Time of request: 2026-10-09T14:09:52.251051Z
  Time since last request: 0.000279692 seconds.
  importAddress: GUID: c4e229e46ae5ef544bcc4d2bd131ddab - Path: Packages/com.unity.collections/Unity.Collections.Tests/ListExtensionsTests.cs - Importer: ScriptedImporter/UnityEditor.QuickSearchModule:UnityEditor.Search:ASIAI0B
Importing 'GUID: c4e229e46ae5ef544bcc4d2bd131ddab - Path: Packages/com.unity.collections/Unity.Collections.Tests/ListExtensionsTests.cs - Importer: ScriptedImporter/UnityEditor.QuickSearchModule:UnityEditor.Search:ASIAI0B' with importer (ScriptedImporter : UnityEditor.QuickSearchModule:UnityEditor.Search:ASIAI0B)
Imported 'GUID: c4e229e46ae5ef544bcc4d2bd131ddab' -> (Import Result ID: '0b7a4cb260916bb970d6f009d4cdcd3b') in 0.001 seconds [static and dynamic dependencies]. Details - ImportResultOutputID=c053f82e53ce7bd507d034f7f435d59c DependenciesID=6b62a355c4006265aab7d53d77d8732e StaticDependenciesID=bd37393f8d6afba39b8cbd11c519ad97 
Number of updated asset objects reloaded before import = 0
Number of asset objects unloaded after import = 0
========================================================================
Received Import Request.
  Time of request: 2026-10-09T14:09:52.260221Z
  Time since last request: 0.000533636 seconds.
  importAddress: GUID: 5b49dfbe158cb4949aa44ed313cd0959 - Path: Packages/com.unity.collections/Unity.Collections.Tests/NativeRingQueueTests.cs - Importer: ScriptedImporter/UnityEditor.QuickSearchModule:UnityEditor.Search:ASIAI0B
Importing 'GUID: 5b49dfbe158cb4949aa44ed313cd0959 - Path: Packages/com.unity.collections/Unity.Collections.Tests/NativeRingQueueTests.cs - Importer: ScriptedImporter/UnityEditor.QuickSearchModule:UnityEditor.Search:ASIAI0B' with importer (ScriptedImporter : UnityEditor.QuickSearchModule:UnityEditor.Search:ASIAI0B)
Imported 'GUID: 5b49dfbe158cb4949aa44ed313cd0959' -> (Import Result ID: 'b4d1e2ca069512ece926b8f8acafc9d2') in 0.001 seconds [static and dynamic dependencies]. Details - ImportResultOutputID=7305c2600e2352fb333e5f218494465a DependenciesID=6145e89faaa61fe421bae971e3c31888 StaticDependenciesID=5aecb7f0caed8beccbe82fbc6d3456f3 
Number of updated asset objects reloaded before import = 0
Number of asset objects unloaded after import = 0
========================================================================
Received Import Request.
  Time of request: 2026-10-09T14:09:52.269379Z
  Time since last request: 0.000503811 seconds.
  importAddress: GUID: 46bf253b4ab641ca9ead38f10efc8d17 - Path: Packages/com.unity.collections/Unity.Collections.Tests/FastAssert.cs - Importer: ScriptedImporter/UnityEditor.QuickSearchModule:UnityEditor.Search:ASIAI0B
Importing 'GUID: 46bf253b4ab641ca9ead38f10efc8d17 - Path: Packages/com.unity.collections/Unity.Collections.Tests/FastAssert.cs - Importer: ScriptedImporter/UnityEditor.QuickSearchModule:UnityEditor.Search:ASIAI0B' with importer (ScriptedImporter : UnityEditor.QuickSearchModule:UnityEditor.Search:ASIAI0B)
Imported 'GUID: 46bf253b4ab641ca9ead38f10efc8d17' -> (Import Result ID: '54aaa58f85660aaadc4b4ab78893458c') in 0.002 seconds [static and dynamic dependencies]. Details - ImportResultOutputID=075dffda8249945c99625bce0c98cb2f DependenciesID=2c0af61ba5a988b15d69fdc79d89b55a StaticDependenciesID=d743a2f124ad7b2e0a88576c9324bf61 
Number of updated asset objects reloaded before import = 0
Number of asset objects unloaded after import = 0
========================================================================
Received Import Request.
  Time of request: 2026-10-09T14:09:52.279173Z
  Time since last request: 0.000356967 seconds.
  importAddress: GUID: f92c32975f7059949a65dedf00f850c5 - Path: Packages/com.unity.collections/Unity.Collections.Tests/NativeHashSetTests.cs - Importer: ScriptedImporter/UnityEditor.QuickSearchModule:UnityEditor.Search:ASIAI0B
Importing 'GUID: f92c32975f7059949a65dedf00f850c5 - Path: Packages/com.unity.collections/Unity.Collections.Tests/NativeHashSetTests.cs - Importer: ScriptedImporter/UnityEditor.QuickSearchModule:UnityEditor.Search:ASIAI0B' with importer (ScriptedImporter : UnityEditor.QuickSearchModule:UnityEditor.Search:ASIAI0B)
Imported 'GUID: f92c32975f7059949a65dedf00f850c5' -> (Import Result ID: '1e1d28731f3600a8241f28d2aa64a547') in 0.001 seconds [static and dynamic dependencies]. Details - ImportResultOutputID=521d36b486bd3fdfcc774d61deb4bf84 DependenciesID=561d0e067edad2c41a788d9d936e1f13 StaticDependenciesID=21e0c06b79b4a4d78ab6e7f2209f948d 
Number of updated asset objects reloaded before import = 0
Number of asset objects unloaded after import = 0
========================================================================
Received Import Request.
  Time of request: 2026-10-09T14:09:52.29573Z
  Time since last request: 0.008683899 seconds.
  importAddress: GUID: 192a998b912484856a34120268cfbfc9 - Path: Packages/com.unity.nuget.mono-cecil/Third Party Notices.md - Importer: ScriptedImporter/UnityEditor.QuickSearchModule:UnityEditor.Search:ASIAI0B
Importing 'GUID: 192a998b912484856a34120268cfbfc9 - Path: Packages/com.unity.nuget.mono-cecil/Third Party Notices.md - Importer: ScriptedImporter/UnityEditor.QuickSearchModule:UnityEditor.Search:ASIAI0B' with importer (ScriptedImporter : UnityEditor.QuickSearchModule:UnityEditor.Search:ASIAI0B)
Imported 'GUID: 192a998b912484856a34120268cfbfc9' -> (Import Result ID: '8467c4e585417929cf57c1a49f2eac2c') in 0.002 seconds [static and dynamic dependencies]. Details - ImportResultOutputID=b31d96ac53e737bb461ff743f485bc61 DependenciesID=07d286d2867824790ac411af2bc12ba8 StaticDependenciesID=a0848a353f75e1814b002b2726e7ab33 
Number of updated asset objects reloaded before import = 0
Number of asset objects unloaded after import = 1
========================================================================
Received Import Request.
  Time of request: 2026-10-09T14:09:52.304594Z
  Time since last request: 0.000202739 seconds.
  importAddress: GUID: d6f62a44924d8df438a53cc6b81bef95 - Path: Packages/com.unity.collections/Unity.Collections.Tests/RewindableAllocatorTests.cs - Importer: ScriptedImporter/UnityEditor.QuickSearchModule:UnityEditor.Search:ASIAI0B
Importing 'GUID: d6f62a44924d8df438a53cc6b81bef95 - Path: Packages/com.unity.collections/Unity.Collections.Tests/RewindableAllocatorTests.cs - Importer: ScriptedImporter/UnityEditor.QuickSearchModule:UnityEditor.Search:ASIAI0B' with importer (ScriptedImporter : UnityEditor.QuickSearchModule:UnityEditor.Search:ASIAI0B)
Imported 'GUID: d6f62a44924d8df438a53cc6b81bef95' -> (Import Result ID: '1c0d43dfefbf3d5f8a2aa132d0af2b11') in 0.002 seconds [static and dynamic dependencies]. Details - ImportResultOutputID=f65ca9dcbf3bbaff23f7d7ac3bf2ccd7 DependenciesID=26a6acc76b56acd41413a75f03eb7988 StaticDependenciesID=5f804756b480046e2dc043c14205e308 
Number of updated asset objects reloaded before import = 0
Number of asset objects unloaded after import = 0
========================================================================
Received Import Request.
  Time of request: 2026-10-09T14:09:52.312682Z
  Time since last request: 0.000137547 seconds.
  importAddress: GUID: ecbee97f2678c1747802e50945a31f1d - Path: Packages/com.unity.collections/Unity.Collections.Tests/Jobs/JobTests_CombineDependencies.cs - Importer: ScriptedImporter/UnityEditor.QuickSearchModule:UnityEditor.Search:ASIAI0B
Importing 'GUID: ecbee97f2678c1747802e50945a31f1d - Path: Packages/com.unity.collections/Unity.Collections.Tests/Jobs/JobTests_CombineDependencies.cs - Importer: ScriptedImporter/UnityEditor.QuickSearchModule:UnityEditor.Search:ASIAI0B' with importer (ScriptedImporter : UnityEditor.QuickSearchModule:UnityEditor.Search:ASIAI0B)
Imported 'GUID: ecbee97f2678c1747802e50945a31f1d' -> (Import Result ID: 'a3d4c868fa102b5fde1036c9dba6e1c4') in 0.001 seconds [static and dynamic dependencies]. Details - ImportResultOutputID=796942201540c311ca1e72907184f309 DependenciesID=b8ef367719ba453c7406ff068c293eec StaticDependenciesID=8d170bff996a2990044f1ff85b2bbfc6 
Number of updated asset objects reloaded before import = 0
Number of asset objects unloaded after import = 0
========================================================================
Received Import Request.
  Time of request: 2026-10-09T14:09:52.320494Z
  Time since last request: 0.000421086 seconds.
  importAddress: GUID: cded6950a1396c145bf6687a3a482b50 - Path: Packages/com.unity.collections/Unity.Collections.PerformanceTests/Unity.PerformanceTesting.Benchmark/BenchmarkAttributes.cs - Importer: ScriptedImporter/UnityEditor.QuickSearchModule:UnityEditor.Search:ASIAI0B
Importing 'GUID: cded6950a1396c145bf6687a3a482b50 - Path: Packages/com.unity.collections/Unity.Collections.PerformanceTests/Unity.PerformanceTesting.Benchmark/BenchmarkAttributes.cs - Importer: ScriptedImporter/UnityEditor.QuickSearchModule:UnityEditor.Search:ASIAI0B' with importer (ScriptedImporter : UnityEditor.QuickSearchModule:UnityEditor.Search:ASIAI0B)
Imported 'GUID: cded6950a1396c145bf6687a3a482b50' -> (Import Result ID: '88710f875c071cca1a7bf08307574bb2') in 0.001 seconds [static and dynamic dependencies]. Details - ImportResultOutputID=3570ad43883e994f64cbe7b514a0ee91 DependenciesID=18d283705570d3671834e2be4666918d StaticDependenciesID=a2e958de59ac53aab36ed80fb56359d6 
Number of updated asset objects reloaded before import = 0
Number of asset objects unloaded after import = 0
========================================================================
Received Import Request.
  Time of request: 2026-10-09T14:09:52.329084Z
  Time since last request: 0.000690288 seconds.
  importAddress: GUID: e4a19cfe5da4ca3429f6c911cb0b9894 - Path: Packages/com.unity.collections/Unity.Collections.PerformanceTests/Unity.PerformanceTesting.Benchmark/BenchmarkMeasure.cs - Importer: ScriptedImporter/UnityEditor.QuickSearchModule:UnityEditor.Search:ASIAI0B
Importing 'GUID: e4a19cfe5da4ca3429f6c911cb0b9894 - Path: Packages/com.unity.collections/Unity.Collections.PerformanceTests/Unity.PerformanceTesting.Benchmark/BenchmarkMeasure.cs - Importer: ScriptedImporter/UnityEditor.QuickSearchModule:UnityEditor.Search:ASIAI0B' with importer (ScriptedImporter : UnityEditor.QuickSearchModule:UnityEditor.Search:ASIAI0B)
Imported 'GUID: e4a19cfe5da4ca3429f6c911cb0b9894' -> (Import Result ID: '75c113375dd51f001022ea12ac04ca6e') in 0.002 seconds [static and dynamic dependencies]. Details - ImportResultOutputID=e6b4a472e2a61630fc7f0b087597b26b DependenciesID=0d3fd502eca33f0466c33e9d032a06a3 StaticDependenciesID=d8b8486a865e6301189af80fd770e549 
Number of updated asset objects reloaded before import = 0
Number of asset objects unloaded after import = 0
========================================================================
Received Import Request.
  Time of request: 2026-10-09T14:09:52.337506Z
  Time since last request: 0.000450251 seconds.
  importAddress: GUID: ef6b0e23948ec0543b9874c56d460b41 - Path: Packages/com.unity.collections/Unity.Collections.Tests/Jobs/CoreCLRTestAssemblies/PrivateJobNested/PrivateJobNested.asmdef - Importer: ScriptedImporter/UnityEditor.QuickSearchModule:UnityEditor.Search:ASIAI0B
Importing 'GUID: ef6b0e23948ec0543b9874c56d460b41 - Path: Packages/com.unity.collections/Unity.Collections.Tests/Jobs/CoreCLRTestAssemblies/PrivateJobNested/PrivateJobNested.asmdef - Importer: ScriptedImporter/UnityEditor.QuickSearchModule:UnityEditor.Search:ASIAI0B' with importer (ScriptedImporter : UnityEditor.QuickSearchModule:UnityEditor.Search:ASIAI0B)
Imported 'GUID: ef6b0e23948ec0543b9874c56d460b41' -> (Import Result ID: '303cc0d5845f104eccc99d1a23078e10') in 0.002 seconds [static and dynamic dependencies]. Details - ImportResultOutputID=06127d020adbb8965ede04bf970e82e3 DependenciesID=0ace45921195ebe5ebafad21e737e187 StaticDependenciesID=30b0210526c39a767e3736114e60ad7d 
Number of updated asset objects reloaded before import = 0
Number of asset objects unloaded after import = 1
========================================================================
Received Import Request.
  Time of request: 2026-10-09T14:09:52.346524Z
  Time since last request: 0.000979108 seconds.
  importAddress: GUID: c3f9809ba4de01446ae82a0e4f3da278 - Path: Packages/com.unity.collections/Unity.Collections/Jobs/IJobFilter.cs - Importer: ScriptedImporter/UnityEditor.QuickSearchModule:UnityEditor.Search:ASIAI0B
Importing 'GUID: c3f9809ba4de01446ae82a0e4f3da278 - Path: Packages/com.unity.collections/Unity.Collections/Jobs/IJobFilter.cs - Importer: ScriptedImporter/UnityEditor.QuickSearchModule:UnityEditor.Search:ASIAI0B' with importer (ScriptedImporter : UnityEditor.QuickSearchModule:UnityEditor.Search:ASIAI0B)
Imported 'GUID: c3f9809ba4de01446ae82a0e4f3da278' -> (Import Result ID: '1ea122133d95eca288d08fdbed52304e') in 0.002 seconds [static and dynamic dependencies]. Details - ImportResultOutputID=11e00e09633bc0007dabb19472a8c528 DependenciesID=09d2a5290058865ed2778f52f74b7b67 StaticDependenciesID=9acaa9e587838791ca6db0f93c55e649 
Number of updated asset objects reloaded before import = 0
Number of asset objects unloaded after import = 0
========================================================================
Received Import Request.
  Time of request: 2026-10-09T14:09:52.354536Z
  Time since last request: 0.000279492 seconds.
  importAddress: GUID: 5b263730bb62fa74190582398189b6f9 - Path: Packages/com.unity.collections/Unity.Collections.Tests/Jobs/NativeListDeferredArrayTests.cs - Importer: ScriptedImporter/UnityEditor.QuickSearchModule:UnityEditor.Search:ASIAI0B
Importing 'GUID: 5b263730bb62fa74190582398189b6f9 - Path: Packages/com.unity.collections/Unity.Collections.Tests/Jobs/NativeListDeferredArrayTests.cs - Importer: ScriptedImporter/UnityEditor.QuickSearchModule:UnityEditor.Search:ASIAI0B' with importer (ScriptedImporter : UnityEditor.QuickSearchModule:UnityEditor.Search:ASIAI0B)
Imported 'GUID: 5b263730bb62fa74190582398189b6f9' -> (Import Result ID: '8a85acc0242059bbc5d69cca60904eec') in 0.002 seconds [static and dynamic dependencies]. Details - ImportResultOutputID=86a99e119b7cac869e14c952f8a7f05c DependenciesID=b068f2400e2203ee6d45d388d353031e StaticDependenciesID=6f1b6056556c18f3cb0487c3eaa33b4c 
Number of updated asset objects reloaded before import = 0
Number of asset objects unloaded after import = 0
========================================================================
Received Import Request.
  Time of request: 2026-10-09T14:09:52.363348Z
  Time since last request: 0.000615218 seconds.
  importAddress: GUID: 71e8c199da900544d92b3155f4165bba - Path: Packages/com.unity.collections/Unity.Collections.Tests/UnsafeBitArrayTests.cs - Importer: ScriptedImporter/UnityEditor.QuickSearchModule:UnityEditor.Search:ASIAI0B
Importing 'GUID: 71e8c199da900544d92b3155f4165bba - Path: Packages/com.unity.collections/Unity.Collections.Tests/UnsafeBitArrayTests.cs - Importer: ScriptedImporter/UnityEditor.QuickSearchModule:UnityEditor.Search:ASIAI0B' with importer (ScriptedImporter : UnityEditor.QuickSearchModule:UnityEditor.Search:ASIAI0B)
Imported 'GUID: 71e8c199da900544d92b3155f4165bba' -> (Import Result ID: '2a38b4809b1fb3886a7813f1cd52fcda') in 0.002 seconds [static and dynamic dependencies]. Details - ImportResultOutputID=e318bc6d3ab5ba47fcb5a72d53a6bc53 DependenciesID=7c30563ed2fbc140ae7e9b46a8319c4c StaticDependenciesID=b1519f6ef4e8b1c7519fb1c886a2443c 
Number of updated asset objects reloaded before import = 0
Number of asset objects unloaded after import = 0
========================================================================
Received Import Request.
  Time of request: 2026-10-09T14:09:52.371273Z
  Time since last request: 0.000453437 seconds.
  importAddress: GUID: 9fc87c3ee46f3b34e97e18e4fcac8151 - Path: Packages/com.unity.nuget.mono-cecil/LICENSE.md - Importer: ScriptedImporter/UnityEditor.QuickSearchModule:UnityEditor.Search:ASIAI0B
Importing 'GUID: 9fc87c3ee46f3b34e97e18e4fcac8151 - Path: Packages/com.unity.nuget.mono-cecil/LICENSE.md - Importer: ScriptedImporter/UnityEditor.QuickSearchModule:UnityEditor.Search:ASIAI0B' with importer (ScriptedImporter : UnityEditor.QuickSearchModule:UnityEditor.Search:ASIAI0B)
Imported 'GUID: 9fc87c3ee46f3b34e97e18e4fcac8151' -> (Import Result ID: 'a126e34c4d545b88dad2a7a74e8f8e1f') in 0.001 seconds [static and dynamic dependencies]. Details - ImportResultOutputID=573588037c64c227c9e6cc36994f8355 DependenciesID=d44a650d3b8a293665a91fe4e8ce588e StaticDependenciesID=02cbfbb39c3e3daf2cb8a4b49d26911d 
Number of updated asset objects reloaded before import = 0
Number of asset objects unloaded after import = 1
========================================================================
Received Import Request.
  Time of request: 2026-10-09T14:09:52.379485Z
  Time since last request: 0.00043936 seconds.
  importAddress: GUID: d0fbdee3cefe411478fe3cd19d0b0edf - Path: Packages/com.unity.collections/Unity.Collections.PerformanceTests/Unity.PerformanceTesting.Benchmark/BenchmarkGenerator.cs - Importer: ScriptedImporter/UnityEditor.QuickSearchModule:UnityEditor.Search:ASIAI0B
Importing 'GUID: d0fbdee3cefe411478fe3cd19d0b0edf - Path: Packages/com.unity.collections/Unity.Collections.PerformanceTests/Unity.PerformanceTesting.Benchmark/BenchmarkGenerator.cs - Importer: ScriptedImporter/UnityEditor.QuickSearchModule:UnityEditor.Search:ASIAI0B' with importer (ScriptedImporter : UnityEditor.QuickSearchModule:UnityEditor.Search:ASIAI0B)
Imported 'GUID: d0fbdee3cefe411478fe3cd19d0b0edf' -> (Import Result ID: '184181392aa7c8108ef06333e67a1054') in 0.001 seconds [static and dynamic dependencies]. Details - ImportResultOutputID=e609a5991e109685742fde8bde724078 DependenciesID=acb20492b077e34fee34b0b5642c8a7f StaticDependenciesID=2d22cf61c8ca0c818d48de675515b466 
Number of updated asset objects reloaded before import = 0
Number of asset objects unloaded after import = 0
========================================================================
Received Import Request.
  Time of request: 2026-10-09T14:09:52.387728Z
  Time since last request: 0.000587467 seconds.
  importAddress: GUID: 586151f33b0f56d4e982fc9661d27323 - Path: Packages/com.unity.collections/Unity.Collections.Tests/UnsafeAtomicCounterTests.cs - Importer: ScriptedImporter/UnityEditor.QuickSearchModule:UnityEditor.Search:ASIAI0B
Importing 'GUID: 586151f33b0f56d4e982fc9661d27323 - Path: Packages/com.unity.collections/Unity.Collections.Tests/UnsafeAtomicCounterTests.cs - Importer: ScriptedImporter/UnityEditor.QuickSearchModule:UnityEditor.Search:ASIAI0B' with importer (ScriptedImporter : UnityEditor.QuickSearchModule:UnityEditor.Search:ASIAI0B)
Imported 'GUID: 586151f33b0f56d4e982fc9661d27323' -> (Import Result ID: 'ba9841992c58e170e0eb5dc7d373fbbf') in 0.001 seconds [static and dynamic dependencies]. Details - ImportResultOutputID=29bdd36a8072525792445c8d264e9f78 DependenciesID=8fd849461fffbf949ad7ad98866b6339 StaticDependenciesID=75a921401849485f8908eda9ee0bb3a6 
Number of updated asset objects reloaded before import = 0
Number of asset objects unloaded after import = 0
========================================================================
Received Import Request.
  Time of request: 2026-10-09T14:09:52.396432Z
  Time since last request: 0.000769146 seconds.
  importAddress: GUID: 69135939d4cd2cf4fbecfe92b80f882a - Path: Packages/com.unity.collections/Unity.Collections.Tests/Jobs/JobTestsFixture.cs - Importer: ScriptedImporter/UnityEditor.QuickSearchModule:UnityEditor.Search:ASIAI0B
Importing 'GUID: 69135939d4cd2cf4fbecfe92b80f882a - Path: Packages/com.unity.collections/Unity.Collections.Tests/Jobs/JobTestsFixture.cs - Importer: ScriptedImporter/UnityEditor.QuickSearchModule:UnityEditor.Search:ASIAI0B' with importer (ScriptedImporter : UnityEditor.QuickSearchModule:UnityEditor.Search:ASIAI0B)
Imported 'GUID: 69135939d4cd2cf4fbecfe92b80f882a' -> (Import Result ID: '174cce5f85ceeb2683873b26d01bc1c3') in 0.002 seconds [static and dynamic dependencies]. Details - ImportResultOutputID=cabb8cc1561279179a086ea7b3f64de4 DependenciesID=ffaf042e51e9dd8c9b27997091632635 StaticDependenciesID=fc1b94d1cb284a115f12ba18cb14b5e0 
Number of updated asset objects reloaded before import = 0
Number of asset objects unloaded after import = 0
========================================================================
Received Import Request.
  Time of request: 2026-10-09T14:09:52.404858Z
  Time since last request: 0.000255637 seconds.
  importAddress: GUID: ad8b28c0bd73eb94cbbaffc184e68af1 - Path: Packages/com.unity.collections/Unity.Collections/Jobs/IJobParallelForDefer.cs - Importer: ScriptedImporter/UnityEditor.QuickSearchModule:UnityEditor.Search:ASIAI0B
Importing 'GUID: ad8b28c0bd73eb94cbbaffc184e68af1 - Path: Packages/com.unity.collections/Unity.Collections/Jobs/IJobParallelForDefer.cs - Importer: ScriptedImporter/UnityEditor.QuickSearchModule:UnityEditor.Search:ASIAI0B' with importer (ScriptedImporter : UnityEditor.QuickSearchModule:UnityEditor.Search:ASIAI0B)
Imported 'GUID: ad8b28c0bd73eb94cbbaffc184e68af1' -> (Import Result ID: '0f2dee5db5a7ff502c25095dd6baba21') in 0.002 seconds [static and dynamic dependencies]. Details - ImportResultOutputID=cf9d99a3297bb5c7337558c9869be9ac DependenciesID=0af94645c6246f8b3b4f7f79af136896 StaticDependenciesID=dd0cfdb895b71943a5c1d3127818425b 
Number of updated asset objects reloaded before import = 0
Number of asset objects unloaded after import = 0
========================================================================
Received Import Request.
  Time of request: 2026-10-09T14:09:52.413726Z
  Time since last request: 0.000300351 seconds.
  importAddress: GUID: 5e96082520aa86a458e400b89afe93a4 - Path: Packages/com.unity.collections/Unity.Collections.Tests.Playmode/Unity.Collections.Tests.Playmode.asmdef - Importer: ScriptedImporter/UnityEditor.QuickSearchModule:UnityEditor.Search:ASIAI0B
Importing 'GUID: 5e96082520aa86a458e400b89afe93a4 - Path: Packages/com.unity.collections/Unity.Collections.Tests.Playmode/Unity.Collections.Tests.Playmode.asmdef - Importer: ScriptedImporter/UnityEditor.QuickSearchModule:UnityEditor.Search:ASIAI0B' with importer (ScriptedImporter : UnityEditor.QuickSearchModule:UnityEditor.Search:ASIAI0B)
Imported 'GUID: 5e96082520aa86a458e400b89afe93a4' -> (Import Result ID: 'f7b2676885db4da923137a12ad24e0b2') in 0.002 seconds [static and dynamic dependencies]. Details - ImportResultOutputID=7a1494e85eebaa7a7e88043d4986cc52 DependenciesID=8cfc101a61b7861c5594226e2f70e776 StaticDependenciesID=366f91b48e1926027804ab6ff8a15867 
Number of updated asset objects reloaded before import = 0
Number of asset objects unloaded after import = 1
========================================================================
Received Import Request.
  Time of request: 2026-10-09T14:09:52.439996Z
  Time since last request: 0.017723604 seconds.
  importAddress: GUID: e0f8b9d001b669a43b3c9f7b90891d96 - Path: Packages/com.unity.searcher/Editor/Resources/FlatSkin/SearchSmallDownOff.png - Importer: ScriptedImporter/UnityEditor.QuickSearchModule:UnityEditor.Search:ASIAI0B
Importing 'GUID: e0f8b9d001b669a43b3c9f7b90891d96 - Path: Packages/com.unity.searcher/Editor/Resources/FlatSkin/SearchSmallDownOff.png - Importer: ScriptedImporter/UnityEditor.QuickSearchModule:UnityEditor.Search:ASIAI0B' with importer (ScriptedImporter : UnityEditor.QuickSearchModule:UnityEditor.Search:ASIAI0B)
Imported 'GUID: e0f8b9d001b669a43b3c9f7b90891d96' -> (Import Result ID: '3a756fab5af7d81a54453c8eab867dd6') in 0.004 seconds [static and dynamic dependencies]. Details - ImportResultOutputID=c1cf29067488d652356d7931a8e91601 DependenciesID=cc94ba87d875d406339a1c2279ced22b StaticDependenciesID=0f8ba044250dae1aaf3deff99d39ad10 
Number of updated asset objects reloaded before import = 0
Number of asset objects unloaded after import = 1
========================================================================
Received Import Request.
  Time of request: 2026-10-09T14:09:52.452218Z
  Time since last request: 0.00021462 seconds.
  importAddress: GUID: 56c8d867edaa1c9488c77cc911d01bff - Path: Packages/com.unity.searcher/Editor/Searcher/SearcherControl.cs - Importer: ScriptedImporter/UnityEditor.QuickSearchModule:UnityEditor.Search:ASIAI0B
Importing 'GUID: 56c8d867edaa1c9488c77cc911d01bff - Path: Packages/com.unity.searcher/Editor/Searcher/SearcherControl.cs - Importer: ScriptedImporter/UnityEditor.QuickSearchModule:UnityEditor.Search:ASIAI0B' with importer (ScriptedImporter : UnityEditor.QuickSearchModule:UnityEditor.Search:ASIAI0B)
Imported 'GUID: 56c8d867edaa1c9488c77cc911d01bff' -> (Import Result ID: '7c406171c294826a22eef4ca7c3e51ae') in 0.002 seconds [static and dynamic dependencies]. Details - ImportResultOutputID=089144af4792c899cd10383cb14ace66 DependenciesID=599261536e01b6168569e06024377e63 StaticDependenciesID=2a1609e3bedfb903be89229b3a9cf408 
Number of updated asset objects reloaded before import = 0
Number of asset objects unloaded after import = 0
========================================================================
Received Import Request.
  Time of request: 2026-10-09T14:09:52.460509Z
  Time since last request: 0.000218267 seconds.
  importAddress: GUID: da37dcca55e437b4a9eeebff722ad51f - Path: Packages/com.unity.searcher/Editor/Resources/SearcherWindow.uxml - Importer: ScriptedImporter/UnityEditor.QuickSearchModule:UnityEditor.Search:ASIAI0B
Importing 'GUID: da37dcca55e437b4a9eeebff722ad51f - Path: Packages/com.unity.searcher/Editor/Resources/SearcherWindow.uxml - Importer: ScriptedImporter/UnityEditor.QuickSearchModule:UnityEditor.Search:ASIAI0B' with importer (ScriptedImporter : UnityEditor.QuickSearchModule:UnityEditor.Search:ASIAI0B)
Imported 'GUID: da37dcca55e437b4a9eeebff722ad51f' -> (Import Result ID: 'a1c73e0d9286936d09d5fe627dfead45') in 0.007 seconds [static and dynamic dependencies]. Details - ImportResultOutputID=86a93b41fd8adf577bc9b576db56e609 DependenciesID=5365a6fc0fa2ec779cd03c490764ed76 StaticDependenciesID=697b49f2b84b45f683a9a08202c550a3 
Number of updated asset objects reloaded before import = 0
Number of asset objects unloaded after import = 2
========================================================================
Received Import Request.
  Time of request: 2026-10-09T14:09:52.474514Z
  Time since last request: 0.000130373 seconds.
  importAddress: GUID: ab5bbe7300c57674db945e46e17a4630 - Path: Packages/com.unity.searcher/Editor/Searcher/SearcherTreeUtility.cs - Importer: ScriptedImporter/UnityEditor.QuickSearchModule:UnityEditor.Search:ASIAI0B
Importing 'GUID: ab5bbe7300c57674db945e46e17a4630 - Path: Packages/com.unity.searcher/Editor/Searcher/SearcherTreeUtility.cs - Importer: ScriptedImporter/UnityEditor.QuickSearchModule:UnityEditor.Search:ASIAI0B' with importer (ScriptedImporter : UnityEditor.QuickSearchModule:UnityEditor.Search:ASIAI0B)
Imported 'GUID: ab5bbe7300c57674db945e46e17a4630' -> (Import Result ID: '4faa93a0a269ac274ef1dd47355335c0') in 0.001 seconds [static and dynamic dependencies]. Details - ImportResultOutputID=1f6c354ed07bed8a4d0c5c1dbe3cb624 DependenciesID=07e6d3031132c42c10205560375fc7cf StaticDependenciesID=1609242e795ad58da20a8c0a507210a8 
Number of updated asset objects reloaded before import = 0
Number of asset objects unloaded after import = 0
========================================================================
Received Import Request.
  Time of request: 2026-10-09T14:09:52.483619Z
  Time since last request: 0.000374819 seconds.
  importAddress: GUID: 4deaa574907fd7647ab0d5bff0e9ba24 - Path: Packages/com.unity.searcher/Editor/Resources/Searcher.uss - Importer: ScriptedImporter/UnityEditor.QuickSearchModule:UnityEditor.Search:ASIAI0B
Importing 'GUID: 4deaa574907fd7647ab0d5bff0e9ba24 - Path: Packages/com.unity.searcher/Editor/Resources/Searcher.uss - Importer: ScriptedImporter/UnityEditor.QuickSearchModule:UnityEditor.Search:ASIAI0B' with importer (ScriptedImporter : UnityEditor.QuickSearchModule:UnityEditor.Search:ASIAI0B)
Imported 'GUID: 4deaa574907fd7647ab0d5bff0e9ba24' -> (Import Result ID: '9e4e3362c6e3dde0835c3910e9d575fc') in 0.005 seconds [static and dynamic dependencies]. Details - ImportResultOutputID=c96f76974f51b34e4dc14e7f93438733 DependenciesID=1e00c50ac2499387703ec0745e8fa3c4 StaticDependenciesID=014d570d0a477e167103f823d3454123 
Number of updated asset objects reloaded before import = 0
Number of asset objects unloaded after import = 1
========================================================================
Received Import Request.
  Time of request: 2026-10-09T14:09:52.497241Z
  Time since last request: 0.000279141 seconds.
  importAddress: GUID: 2adec19fac7df68adf1fd6eb83197bb1 - Path: Packages/com.unity.modules.wind/package.ModuleCompilationTrigger - Importer: ScriptedImporter/UnityEditor.QuickSearchModule:UnityEditor.Search:ASIAI0B
Importing 'GUID: 2adec19fac7df68adf1fd6eb83197bb1 - Path: Packages/com.unity.modules.wind/package.ModuleCompilationTrigger - Importer: ScriptedImporter/UnityEditor.QuickSearchModule:UnityEditor.Search:ASIAI0B' with importer (ScriptedImporter : UnityEditor.QuickSearchModule:UnityEditor.Search:ASIAI0B)
Imported 'GUID: 2adec19fac7df68adf1fd6eb83197bb1' -> (Import Result ID: '136f3bdabf710c0572d76e05ee792917') in 0.001 seconds [static and dynamic dependencies]. Details - ImportResultOutputID=18330424bfdb3ce8ef47c6e94ce97061 DependenciesID=7da4c740fca6f8cc4489b4a41406d8aa StaticDependenciesID=7d6377f0c2e07b3fdbd76e5e99217c9c 
Number of updated asset objects reloaded before import = 0
Number of asset objects unloaded after import = 1
========================================================================
Received Import Request.
  Time of request: 2026-10-09T14:09:52.505735Z
  Time since last request: 0.000269814 seconds.
  importAddress: GUID: 3b62a4eaddacd11418765f5c2f6cb592 - Path: Packages/com.unity.searcher/Editor/Searcher/SearcherAdapter.cs - Importer: ScriptedImporter/UnityEditor.QuickSearchModule:UnityEditor.Search:ASIAI0B
Importing 'GUID: 3b62a4eaddacd11418765f5c2f6cb592 - Path: Packages/com.unity.searcher/Editor/Searcher/SearcherAdapter.cs - Importer: ScriptedImporter/UnityEditor.QuickSearchModule:UnityEditor.Search:ASIAI0B' with importer (ScriptedImporter : UnityEditor.QuickSearchModule:UnityEditor.Search:ASIAI0B)
Imported 'GUID: 3b62a4eaddacd11418765f5c2f6cb592' -> (Import Result ID: '6699a1212ef135f8d5dcc0b5fa99af73') in 0.001 seconds [static and dynamic dependencies]. Details - ImportResultOutputID=b56bc333fd1f03094a7ac3ada2309110 DependenciesID=be966d27f0ac4afbb3050f38184bf8f6 StaticDependenciesID=0d45da851caa12363458939a878e9277 
Number of updated asset objects reloaded before import = 0
Number of asset objects unloaded after import = 0
========================================================================
Received Import Request.
  Time of request: 2026-10-09T14:09:52.514352Z
  Time since last request: 0.000284161 seconds.
  importAddress: GUID: 95c99c8ac2d65fa47bac0cb1ba756978 - Path: Packages/com.unity.searcher/Tests/Editor/SearcherTreeUtilityTests.cs - Importer: ScriptedImporter/UnityEditor.QuickSearchModule:UnityEditor.Search:ASIAI0B
Importing 'GUID: 95c99c8ac2d65fa47bac0cb1ba756978 - Path: Packages/com.unity.searcher/Tests/Editor/SearcherTreeUtilityTests.cs - Importer: ScriptedImporter/UnityEditor.QuickSearchModule:UnityEditor.Search:ASIAI0B' with importer (ScriptedImporter : UnityEditor.QuickSearchModule:UnityEditor.Search:ASIAI0B)
Imported 'GUID: 95c99c8ac2d65fa47bac0cb1ba756978' -> (Import Result ID: 'a86c2963c82d91a93cb0376237620a01') in 0.001 seconds [static and dynamic dependencies]. Details - ImportResultOutputID=e5e9fe76f8199f73de6e1ef4f704f298 DependenciesID=dc1bbd514062b5d998c9668d49e31f13 StaticDependenciesID=8552feba5452b30fc788bad0a6d28a0d 
Number of updated asset objects reloaded before import = 0
Number of asset objects unloaded after import = 0
========================================================================
Received Import Request.
  Time of request: 2026-10-09T14:09:52.523036Z
  Time since last request: 0.000245248 seconds.
  importAddress: GUID: bd1af0a6633ee94ae21c7d1d702cdc12 - Path: Packages/com.unity.modules.androidjni/package.json - Importer: ScriptedImporter/UnityEditor.QuickSearchModule:UnityEditor.Search:ASIAI0B
Importing 'GUID: bd1af0a6633ee94ae21c7d1d702cdc12 - Path: Packages/com.unity.modules.androidjni/package.json - Importer: ScriptedImporter/UnityEditor.QuickSearchModule:UnityEditor.Search:ASIAI0B' with importer (ScriptedImporter : UnityEditor.QuickSearchModule:UnityEditor.Search:ASIAI0B)
Imported 'GUID: bd1af0a6633ee94ae21c7d1d702cdc12' -> (Import Result ID: '801c36ff29b1ee33f2c7958841bd4ed7') in 0.001 seconds [static and dynamic dependencies]. Details - ImportResultOutputID=491297a7118c121373615de6af49cbdc DependenciesID=289707e2b74c0b649406bdfe56dbd593 StaticDependenciesID=2b7365f6ccd1d34dfbfe919a7bc5a426 
Number of updated asset objects reloaded before import = 0
Number of asset objects unloaded after import = 1
========================================================================
Received Import Request.
  Time of request: 2026-10-09T14:09:52.531329Z
  Time since last request: 0.000240909 seconds.
  importAddress: GUID: f353e9d22eb9164499dd70cb41b00244 - Path: Packages/com.unity.searcher/Editor/Resources/FlatSkin/SearchSmallDownOn.png - Importer: ScriptedImporter/UnityEditor.QuickSearchModule:UnityEditor.Search:ASIAI0B
Importing 'GUID: f353e9d22eb9164499dd70cb41b00244 - Path: Packages/com.unity.searcher/Editor/Resources/FlatSkin/SearchSmallDownOn.png - Importer: ScriptedImporter/UnityEditor.QuickSearchModule:UnityEditor.Search:ASIAI0B' with importer (ScriptedImporter : UnityEditor.QuickSearchModule:UnityEditor.Search:ASIAI0B)
Imported 'GUID: f353e9d22eb9164499dd70cb41b00244' -> (Import Result ID: 'dd41298d5d98224dd20dc2b87b950f68') in 0.003 seconds [static and dynamic dependencies]. Details - ImportResultOutputID=9bc26b4ca4e835c9ac761b895fc2cf1b DependenciesID=3a9c34c6e0cf243b86ac33d27757ef8a StaticDependenciesID=d950abe07542442debe9a6fa332577da 
Number of updated asset objects reloaded before import = 0
Number of asset objects unloaded after import = 1
========================================================================
Received Import Request.
  Time of request: 2026-10-09T14:09:52.541512Z
  Time since last request: 0.000247843 seconds.
  importAddress: GUID: 25e51d27b4c8c4a1c995c955405fbb3f - Path: Packages/com.unity.searcher/Tests/Editor/SearcherItemCollectionEquivalentConstraint.cs - Importer: ScriptedImporter/UnityEditor.QuickSearchModule:UnityEditor.Search:ASIAI0B
Importing 'GUID: 25e51d27b4c8c4a1c995c955405fbb3f - Path: Packages/com.unity.searcher/Tests/Editor/SearcherItemCollectionEquivalentConstraint.cs - Importer: ScriptedImporter/UnityEditor.QuickSearchModule:UnityEditor.Search:ASIAI0B' with importer (ScriptedImporter : UnityEditor.QuickSearchModule:UnityEditor.Search:ASIAI0B)
Imported 'GUID: 25e51d27b4c8c4a1c995c955405fbb3f' -> (Import Result ID: '3f096ac06de5c9263636ca2bf239bdaf') in 0.002 seconds [static and dynamic dependencies]. Details - ImportResultOutputID=5977e4a6d22361f0ee48175a78dd30d7 DependenciesID=e4775cde2c23a61d9f1735edb851213c StaticDependenciesID=7e4f5906c94d22a9f688bc38d90e4494 
Number of updated asset objects reloaded before import = 0
Number of asset objects unloaded after import = 0
========================================================================
Received Import Request.
  Time of request: 2026-10-09T14:09:52.550341Z
  Time since last request: 0.000339764 seconds.
  importAddress: GUID: a363ef2608aa3684794c3db0480fcd81 - Path: Packages/com.unity.searcher/README.md - Importer: ScriptedImporter/UnityEditor.QuickSearchModule:UnityEditor.Search:ASIAI0B
Importing 'GUID: a363ef2608aa3684794c3db0480fcd81 - Path: Packages/com.unity.searcher/README.md - Importer: ScriptedImporter/UnityEditor.QuickSearchModule:UnityEditor.Search:ASIAI0B' with importer (ScriptedImporter : UnityEditor.QuickSearchModule:UnityEditor.Search:ASIAI0B)
Imported 'GUID: a363ef2608aa3684794c3db0480fcd81' -> (Import Result ID: '8062e37c55a88c1f4aab605bdfc78835') in 0.001 seconds [static and dynamic dependencies]. Details - ImportResultOutputID=2cdbf1604e82393dac37ea691583d861 DependenciesID=711f4100b335ce4f18a6a90f08558376 StaticDependenciesID=4dcff9de73a93eac88a52b5d1dafff35 
Number of updated asset objects reloaded before import = 0
Number of asset objects unloaded after import = 1
========================================================================
Received Import Request.
  Time of request: 2026-10-09T14:09:52.575073Z
  Time since last request: 0.016047716 seconds.
  importAddress: GUID: 112bbb75cb8d0f34587b23aeb83ad6d8 - Path: Packages/com.unity.profiling.core/LICENSE.md - Importer: ScriptedImporter/UnityEditor.QuickSearchModule:UnityEditor.Search:ASIAI0B
Importing 'GUID: 112bbb75cb8d0f34587b23aeb83ad6d8 - Path: Packages/com.unity.profiling.core/LICENSE.md - Importer: ScriptedImporter/UnityEditor.QuickSearchModule:UnityEditor.Search:ASIAI0B' with importer (ScriptedImporter : UnityEditor.QuickSearchModule:UnityEditor.Search:ASIAI0B)
Imported 'GUID: 112bbb75cb8d0f34587b23aeb83ad6d8' -> (Import Result ID: '34ea8333b699233c437eeb4df278b629') in 0.001 seconds [static and dynamic dependencies]. Details - ImportResultOutputID=24c861a189248917ee6ce85ad31e2705 DependenciesID=8e08be2573b0c5c1e1fe0297c0568f9f StaticDependenciesID=0ede996f041518161221a36e986c70df 
Number of updated asset objects reloaded before import = 0
Number of asset objects unloaded after import = 1
========================================================================
Received Import Request.
  Time of request: 2026-10-09T14:09:52.583563Z
  Time since last request: 0.000511846 seconds.
  importAddress: GUID: 79c765f4c876d8a4d8eb62cbea32f21b - Path: Packages/com.unity.render-pipelines.core/Runtime-PrivateShared/OnTileValidationLayer.cs - Importer: ScriptedImporter/UnityEditor.QuickSearchModule:UnityEditor.Search:ASIAI0B
Importing 'GUID: 79c765f4c876d8a4d8eb62cbea32f21b - Path: Packages/com.unity.render-pipelines.core/Runtime-PrivateShared/OnTileValidationLayer.cs - Importer: ScriptedImporter/UnityEditor.QuickSearchModule:UnityEditor.Search:ASIAI0B' with importer (ScriptedImporter : UnityEditor.QuickSearchModule:UnityEditor.Search:ASIAI0B)
Imported 'GUID: 79c765f4c876d8a4d8eb62cbea32f21b' -> (Import Result ID: 'f9bccd24af0d4a605e4d28d2edfac4bc') in 0.001 seconds [static and dynamic dependencies]. Details - ImportResultOutputID=5e582717247e16ac9d87374259e91b31 DependenciesID=82e232cd8e8e63235e443ee9b67b4589 StaticDependenciesID=1b4463567cb5ad46c12bb9d992a67a7c 
Number of updated asset objects reloaded before import = 0
Number of asset objects unloaded after import = 0
========================================================================
Received Import Request.
  Time of request: 2026-10-09T14:09:52.593347Z
  Time since last request: 0.000149379 seconds.
  importAddress: GUID: 44423c297b53ceb48b955e8f2335a449 - Path: Packages/com.unity.profiling.core/Runtime/ProfilerMarker2Params.cs - Importer: ScriptedImporter/UnityEditor.QuickSearchModule:UnityEditor.Search:ASIAI0B
Importing 'GUID: 44423c297b53ceb48b955e8f2335a449 - Path: Packages/com.unity.profiling.core/Runtime/ProfilerMarker2Params.cs - Importer: ScriptedImporter/UnityEditor.QuickSearchModule:UnityEditor.Search:ASIAI0B' with importer (ScriptedImporter : UnityEditor.QuickSearchModule:UnityEditor.Search:ASIAI0B)
Imported 'GUID: 44423c297b53ceb48b955e8f2335a449' -> (Import Result ID: '54a5f2edded008ccd8c13f40d0b000f5') in 0.001 seconds [static and dynamic dependencies]. Details - ImportResultOutputID=bb156424c6af78145a3e2b5cd4c380b2 DependenciesID=2a3ae842d37f227f39ba6023acb1b5ac StaticDependenciesID=19c7c1a44729571dcd03b51da7ec506e 
Number of updated asset objects reloaded before import = 0
Number of asset objects unloaded after import = 0
========================================================================
Received Import Request.
  Time of request: 2026-10-09T14:09:52.602057Z
  Time since last request: 0.000193672 seconds.
  importAddress: GUID: 2a69708d171a17043a9d0ad45f205cfe - Path: Packages/com.unity.render-pipelines.core/Editor-PrivateShared/Unity.RenderPipelines.Core.Editor.Shared.asmdef - Importer: ScriptedImporter/UnityEditor.QuickSearchModule:UnityEditor.Search:ASIAI0B
Importing 'GUID: 2a69708d171a17043a9d0ad45f205cfe - Path: Packages/com.unity.render-pipelines.core/Editor-PrivateShared/Unity.RenderPipelines.Core.Editor.Shared.asmdef - Importer: ScriptedImporter/UnityEditor.QuickSearchModule:UnityEditor.Search:ASIAI0B' with importer (ScriptedImporter : UnityEditor.QuickSearchModule:UnityEditor.Search:ASIAI0B)
Imported 'GUID: 2a69708d171a17043a9d0ad45f205cfe' -> (Import Result ID: '14f2951d651b7d2dc5bcabe311f2a0f3') in 0.002 seconds [static and dynamic dependencies]. Details - ImportResultOutputID=6c162714472dac0a6f54516e460dc60d DependenciesID=980d5cc974a19b8990a183ad7cd4da11 StaticDependenciesID=a1a7e0d47e978350fb9e88ce636bdcdd 
Number of updated asset objects reloaded before import = 0
Number of asset objects unloaded after import = 1
========================================================================
Received Import Request.
  Time of request: 2026-10-09T14:09:52.609957Z
  Time since last request: 0.000164076 seconds.
  importAddress: GUID: d58c38c3c63b0d245b4929c913c48643 - Path: Packages/com.unity.profiling.core/Runtime/ProfilerCounter.cs - Importer: ScriptedImporter/UnityEditor.QuickSearchModule:UnityEditor.Search:ASIAI0B
Importing 'GUID: d58c38c3c63b0d245b4929c913c48643 - Path: Packages/com.unity.profiling.core/Runtime/ProfilerCounter.cs - Importer: ScriptedImporter/UnityEditor.QuickSearchModule:UnityEditor.Search:ASIAI0B' with importer (ScriptedImporter : UnityEditor.QuickSearchModule:UnityEditor.Search:ASIAI0B)
Imported 'GUID: d58c38c3c63b0d245b4929c913c48643' -> (Import Result ID: 'eeef9658b71e0198299bec7cb97a4131') in 0.001 seconds [static and dynamic dependencies]. Details - ImportResultOutputID=0e4be629dd64c61dfd894fedc57a762b DependenciesID=18bab6c61d54ce47950f9c61c64b2647 StaticDependenciesID=c96418d116948120dfaea411f83c8a94 
Number of updated asset objects reloaded before import = 0
Number of asset objects unloaded after import = 0
========================================================================
Received Import Request.
  Time of request: 2026-10-09T14:09:52.617811Z
  Time since last request: 0.000148688 seconds.
  importAddress: GUID: 1f4f20df9923ed04ea15d89f8456b8f0 - Path: Packages/com.unity.render-pipelines.core/Editor/ExpandedState.cs - Importer: ScriptedImporter/UnityEditor.QuickSearchModule:UnityEditor.Search:ASIAI0B
Importing 'GUID: 1f4f20df9923ed04ea15d89f8456b8f0 - Path: Packages/com.unity.render-pipelines.core/Editor/ExpandedState.cs - Importer: ScriptedImporter/UnityEditor.QuickSearchModule:UnityEditor.Search:ASIAI0B' with importer (ScriptedImporter : UnityEditor.QuickSearchModule:UnityEditor.Search:ASIAI0B)
Imported 'GUID: 1f4f20df9923ed04ea15d89f8456b8f0' -> (Import Result ID: '93c6a97b286756a347172a04d2612d20') in 0.001 seconds [static and dynamic dependencies]. Details - ImportResultOutputID=bf4159bfa2331e5d7ca5860790662750 DependenciesID=6d2828fbb8fa3e63ba7a9f396678ca85 StaticDependenciesID=1b25321a362aa370d97212c2a0c7598d 
Number of updated asset objects reloaded before import = 0
Number of asset objects unloaded after import = 0
========================================================================
Received Import Request.
  Time of request: 2026-10-09T14:09:52.625669Z
  Time since last request: 0.000331329 seconds.
  importAddress: GUID: 906c12bc9cd95d3963c6d58f62522c78 - Path: Packages/com.unity.modules.cloth/package.json - Importer: ScriptedImporter/UnityEditor.QuickSearchModule:UnityEditor.Search:ASIAI0B
Importing 'GUID: 906c12bc9cd95d3963c6d58f62522c78 - Path: Packages/com.unity.modules.cloth/package.json - Importer: ScriptedImporter/UnityEditor.QuickSearchModule:UnityEditor.Search:ASIAI0B' with importer (ScriptedImporter : UnityEditor.QuickSearchModule:UnityEditor.Search:ASIAI0B)
Imported 'GUID: 906c12bc9cd95d3963c6d58f62522c78' -> (Import Result ID: 'e30e88da964e4664ee10368d066d1824') in 0.001 seconds [static and dynamic dependencies]. Details - ImportResultOutputID=e9df79ed3b21cb4bf1310b7c114701f9 DependenciesID=b925e370a155a47f30f7c9ed0f91bfb8 StaticDependenciesID=be8c154c2f9784b998d4ccf54d9c647b 
Number of updated asset objects reloaded before import = 0
Number of asset objects unloaded after import = 1
========================================================================
Received Import Request.
  Time of request: 2026-10-09T14:09:52.633602Z
  Time since last request: 0.000454408 seconds.
  importAddress: GUID: 1a3082304c157aa4caeb17ce08992833 - Path: Packages/com.unity.render-pipelines.core/Runtime-PrivateShared/InternalRenderGraphValidation.cs - Importer: ScriptedImporter/UnityEditor.QuickSearchModule:UnityEditor.Search:ASIAI0B
Importing 'GUID: 1a3082304c157aa4caeb17ce08992833 - Path: Packages/com.unity.render-pipelines.core/Runtime-PrivateShared/InternalRenderGraphValidation.cs - Importer: ScriptedImporter/UnityEditor.QuickSearchModule:UnityEditor.Search:ASIAI0B' with importer (ScriptedImporter : UnityEditor.QuickSearchModule:UnityEditor.Search:ASIAI0B)
Imported 'GUID: 1a3082304c157aa4caeb17ce08992833' -> (Import Result ID: '969183908173e84d20dd08d47ff13087') in 0.003 seconds [static and dynamic dependencies]. Details - ImportResultOutputID=4b5cd520cb3e2a5dd7f3b7b06de75bf0 DependenciesID=08bf00aca1d1a85c0d03f35b957dda77 StaticDependenciesID=3d995e22c6ee4a448129f6f62468c99c 
Number of updated asset objects reloaded before import = 0
Number of asset objects unloaded after import = 0
========================================================================
Received Import Request.
  Time of request: 2026-10-09T14:09:52.643047Z
  Time since last request: 0.00014462 seconds.
  importAddress: GUID: 016ffaaf36db9a047ab182ffa07bb8de - Path: Packages/com.unity.render-pipelines.core/Editor/MenuManager.cs - Importer: ScriptedImporter/UnityEditor.QuickSearchModule:UnityEditor.Search:ASIAI0B
Importing 'GUID: 016ffaaf36db9a047ab182ffa07bb8de - Path: Packages/com.unity.render-pipelines.core/Editor/MenuManager.cs - Importer: ScriptedImporter/UnityEditor.QuickSearchModule:UnityEditor.Search:ASIAI0B' with importer (ScriptedImporter : UnityEditor.QuickSearchModule:UnityEditor.Search:ASIAI0B)
Imported 'GUID: 016ffaaf36db9a047ab182ffa07bb8de' -> (Import Result ID: '262d59551c84c736180e8f178cbd2fdc') in 0.002 seconds [static and dynamic dependencies]. Details - ImportResultOutputID=910f659859591340840b355ded207020 DependenciesID=be1720ce6342669e05dc4a7b42a047ff StaticDependenciesID=5cc92c7dfeffa0821413d2b5788a4265 
Number of updated asset objects reloaded before import = 0
Number of asset objects unloaded after import = 0
========================================================================
Received Import Request.
  Time of request: 2026-10-09T14:09:52.651123Z
  Time since last request: 0.000190576 seconds.
  importAddress: GUID: e4bb7558d4e98ad4c938246fe549cdb7 - Path: Packages/com.unity.profiling.core/Runtime/ProfilerMarker3Params.cs - Importer: ScriptedImporter/UnityEditor.QuickSearchModule:UnityEditor.Search:ASIAI0B
Importing 'GUID: e4bb7558d4e98ad4c938246fe549cdb7 - Path: Packages/com.unity.profiling.core/Runtime/ProfilerMarker3Params.cs - Importer: ScriptedImporter/UnityEditor.QuickSearchModule:UnityEditor.Search:ASIAI0B' with importer (ScriptedImporter : UnityEditor.QuickSearchModule:UnityEditor.Search:ASIAI0B)
Imported 'GUID: e4bb7558d4e98ad4c938246fe549cdb7' -> (Import Result ID: 'd01ac031ca96d2e12c6166b323028df4') in 0.001 seconds [static and dynamic dependencies]. Details - ImportResultOutputID=4f3dbd3313c31e4a54bd8e170a66eddf DependenciesID=df56dc022b37669cef3e3dcaaa0a7466 StaticDependenciesID=335c01801c6c7065e31f8ee30e1c04b3 
Number of updated asset objects reloaded before import = 0
Number of asset objects unloaded after import = 0
========================================================================
Received Import Request.
  Time of request: 2026-10-09T14:09:52.659672Z
  Time since last request: 0.000193391 seconds.
  importAddress: GUID: ceca756b5672512428f0467bbec8bd68 - Path: Packages/com.unity.render-pipelines.core/Editor/RemoveAdditionalDataUtils.cs - Importer: ScriptedImporter/UnityEditor.QuickSearchModule:UnityEditor.Search:ASIAI0B
Importing 'GUID: ceca756b5672512428f0467bbec8bd68 - Path: Packages/com.unity.render-pipelines.core/Editor/RemoveAdditionalDataUtils.cs - Importer: ScriptedImporter/UnityEditor.QuickSearchModule:UnityEditor.Search:ASIAI0B' with importer (ScriptedImporter : UnityEditor.QuickSearchModule:UnityEditor.Search:ASIAI0B)
Imported 'GUID: ceca756b5672512428f0467bbec8bd68' -> (Import Result ID: 'c8c5061116af6c06eae3872c0cace66a') in 0.001 seconds [static and dynamic dependencies]. Details - ImportResultOutputID=6c19d88ee3a6735b81f22c562d97f5a6 DependenciesID=445d9ea252508b9d9bcacdb2dbdfbe26 StaticDependenciesID=4bcc48c1d20725e28e167ebe4299e94b 
Number of updated asset objects reloaded before import = 0
Number of asset objects unloaded after import = 0
========================================================================
Received Import Request.
  Time of request: 2026-10-09T14:09:52.667444Z
  Time since last request: 0.000216554 seconds.
  importAddress: GUID: 69257879134bba646869b21467b3338d - Path: Packages/com.unity.render-pipelines.core/Runtime-PrivateShared/Unity.RenderPipelines.Core.Runtime.Shared.asmdef - Importer: ScriptedImporter/UnityEditor.QuickSearchModule:UnityEditor.Search:ASIAI0B
Importing 'GUID: 69257879134bba646869b21467b3338d - Path: Packages/com.unity.render-pipelines.core/Runtime-PrivateShared/Unity.RenderPipelines.Core.Runtime.Shared.asmdef - Importer: ScriptedImporter/UnityEditor.QuickSearchModule:UnityEditor.Search:ASIAI0B' with importer (ScriptedImporter : UnityEditor.QuickSearchModule:UnityEditor.Search:ASIAI0B)
Imported 'GUID: 69257879134bba646869b21467b3338d' -> (Import Result ID: 'd6c84fcc8b8587c4ec8ceeffd6bb45f0') in 0.002 seconds [static and dynamic dependencies]. Details - ImportResultOutputID=54e7d1480a1fb69fd6e3994f869344a8 DependenciesID=4668007c55f8e2b7b0be7a0113cac018 StaticDependenciesID=c5a22b1cf6eb08d529b9930e3e56ecac 
Number of updated asset objects reloaded before import = 0
Number of asset objects unloaded after import = 1
========================================================================
Received Import Request.
  Time of request: 2026-10-09T14:09:52.675437Z
  Time since last request: 0.000482761 seconds.
  importAddress: GUID: 6d0a880f74935174ba1b7fb044ed6afe - Path: Packages/com.unity.render-pipelines.core/Runtime-PrivateShared/AssemblyInfo.cs - Importer: ScriptedImporter/UnityEditor.QuickSearchModule:UnityEditor.Search:ASIAI0B
Importing 'GUID: 6d0a880f74935174ba1b7fb044ed6afe - Path: Packages/com.unity.render-pipelines.core/Runtime-PrivateShared/AssemblyInfo.cs - Importer: ScriptedImporter/UnityEditor.QuickSearchModule:UnityEditor.Search:ASIAI0B' with importer (ScriptedImporter : UnityEditor.QuickSearchModule:UnityEditor.Search:ASIAI0B)
Imported 'GUID: 6d0a880f74935174ba1b7fb044ed6afe' -> (Import Result ID: 'cc92727fc40b6d905cfc8b68d065d5d6') in 0.002 seconds [static and dynamic dependencies]. Details - ImportResultOutputID=c5e7b54bd040db1e368f60521a911809 DependenciesID=971686f27a64dcafa8ea01b613d5b2dc StaticDependenciesID=a85238e3bfaffb6094a96a701769d499 
Number of updated asset objects reloaded before import = 0
Number of asset objects unloaded after import = 0
========================================================================
Received Import Request.
  Time of request: 2026-10-09T14:09:52.683332Z
  Time since last request: 0.000446383 seconds.
  importAddress: GUID: 0b8314d0f3bbae546ac915cd6e3c6ddc - Path: Packages/com.unity.render-pipelines.core/Runtime/Deprecated.cs - Importer: ScriptedImporter/UnityEditor.QuickSearchModule:UnityEditor.Search:ASIAI0B
Importing 'GUID: 0b8314d0f3bbae546ac915cd6e3c6ddc - Path: Packages/com.unity.render-pipelines.core/Runtime/Deprecated.cs - Importer: ScriptedImporter/UnityEditor.QuickSearchModule:UnityEditor.Search:ASIAI0B' with importer (ScriptedImporter : UnityEditor.QuickSearchModule:UnityEditor.Search:ASIAI0B)
Imported 'GUID: 0b8314d0f3bbae546ac915cd6e3c6ddc' -> (Import Result ID: 'e51b5f32fe61dfa1ecb1635804d00df1') in 0.002 seconds [static and dynamic dependencies]. Details - ImportResultOutputID=aab64b04e78204b7ba3478c60553594d DependenciesID=2b5e6586e5b7ef85d53f567299ed64e8 StaticDependenciesID=da407a8576266c8ef48f5b09c86bcb4e 
Number of updated asset objects reloaded before import = 0
Number of asset objects unloaded after import = 0
========================================================================
Received Import Request.
  Time of request: 2026-10-09T14:09:52.69203Z
  Time since last request: 0.000571026 seconds.
  importAddress: GUID: d171e58a276f671498761bef2a559e96 - Path: Packages/com.unity.profiling.core/CHANGELOG.md - Importer: ScriptedImporter/UnityEditor.QuickSearchModule:UnityEditor.Search:ASIAI0B
Importing 'GUID: d171e58a276f671498761bef2a559e96 - Path: Packages/com.unity.profiling.core/CHANGELOG.md - Importer: ScriptedImporter/UnityEditor.QuickSearchModule:UnityEditor.Search:ASIAI0B' with importer (ScriptedImporter : UnityEditor.QuickSearchModule:UnityEditor.Search:ASIAI0B)
Imported 'GUID: d171e58a276f671498761bef2a559e96' -> (Import Result ID: '6a8a4b806fb1f888188cc9ccb77332e0') in 0.002 seconds [static and dynamic dependencies]. Details - ImportResultOutputID=f50da0ebdf5f002897dc68b8f049e904 DependenciesID=afb5212925a03b4439ed7e91156f42e0 StaticDependenciesID=442ecc4a3eaf1c6500d0b415bd21e3d3 
Number of updated asset objects reloaded before import = 0
Number of asset objects unloaded after import = 1
========================================================================
Received Import Request.
  Time of request: 2026-10-09T14:09:52.700714Z
  Time since last request: 0.000598367 seconds.
  importAddress: GUID: ba4b5cdf8466e485ab792e0e4e45af25 - Path: Packages/com.unity.render-pipelines.core/LICENSE.md - Importer: ScriptedImporter/UnityEditor.QuickSearchModule:UnityEditor.Search:ASIAI0B
Importing 'GUID: ba4b5cdf8466e485ab792e0e4e45af25 - Path: Packages/com.unity.render-pipelines.core/LICENSE.md - Importer: ScriptedImporter/UnityEditor.QuickSearchModule:UnityEditor.Search:ASIAI0B' with importer (ScriptedImporter : UnityEditor.QuickSearchModule:UnityEditor.Search:ASIAI0B)
Imported 'GUID: ba4b5cdf8466e485ab792e0e4e45af25' -> (Import Result ID: '7f01a4ffc2b4fb8c58698afec0b9d9f0') in 0.001 seconds [static and dynamic dependencies]. Details - ImportResultOutputID=ce4503cd4f382c3501713475006b6586 DependenciesID=81556ca57cbf9eb0bf7654f97c37026a StaticDependenciesID=5af06ee8e5ac14561a2e31732f8818c5 
Number of updated asset objects reloaded before import = 0
Number of asset objects unloaded after import = 1
========================================================================
Received Import Request.
  Time of request: 2026-10-09T14:09:52.718016Z
  Time since last request: 0.008754502 seconds.
  importAddress: GUID: e7990b191f2f28e4884a439c088c4fe0 - Path: Packages/com.unity.render-pipelines.core/ShaderLibrary/SphericalHarmonics.hlsl - Importer: ScriptedImporter/UnityEditor.QuickSearchModule:UnityEditor.Search:ASIAI0B
Importing 'GUID: e7990b191f2f28e4884a439c088c4fe0 - Path: Packages/com.unity.render-pipelines.core/ShaderLibrary/SphericalHarmonics.hlsl - Importer: ScriptedImporter/UnityEditor.QuickSearchModule:UnityEditor.Search:ASIAI0B' with importer (ScriptedImporter : UnityEditor.QuickSearchModule:UnityEditor.Search:ASIAI0B)
Imported 'GUID: e7990b191f2f28e4884a439c088c4fe0' -> (Import Result ID: '0c881f60999ebfe842bfc2e37eab3f6d') in 0.001 seconds [static and dynamic dependencies]. Details - ImportResultOutputID=920f79ffaed3f0075d3920ad98a89e34 DependenciesID=abe58ab969e46f68ac0903399de35df9 StaticDependenciesID=4d05552982d44b3ceed218d0ba5b3dbd 
Number of updated asset objects reloaded before import = 0
Number of asset objects unloaded after import = 1
========================================================================
Received Import Request.
  Time of request: 2026-10-09T14:09:52.727699Z
  Time since last request: 0.000136515 seconds.
  importAddress: GUID: ff2f0d78f272b5c44b855dddaef79593 - Path: Packages/com.unity.render-pipelines.core/ShaderLibrary/Particles.hlsl - Importer: ScriptedImporter/UnityEditor.QuickSearchModule:UnityEditor.Search:ASIAI0B
Importing 'GUID: ff2f0d78f272b5c44b855dddaef79593 - Path: Packages/com.unity.render-pipelines.core/ShaderLibrary/Particles.hlsl - Importer: ScriptedImporter/UnityEditor.QuickSearchModule:UnityEditor.Search:ASIAI0B' with importer (ScriptedImporter : UnityEditor.QuickSearchModule:UnityEditor.Search:ASIAI0B)
Imported 'GUID: ff2f0d78f272b5c44b855dddaef79593' -> (Import Result ID: '67b5ad4d48e0a83da149b1f483257690') in 0.001 seconds [static and dynamic dependencies]. Details - ImportResultOutputID=318d88da8ab0d512746cda185356915e DependenciesID=1562d354f2284ee2101efe84341afc5f StaticDependenciesID=028f7663f24cf3bb5b5c21f167bb3f18 
Number of updated asset objects reloaded before import = 0
Number of asset objects unloaded after import = 1
========================================================================
Received Import Request.
  Time of request: 2026-10-09T14:09:52.735441Z
  Time since last request: 0.000165309 seconds.
  importAddress: GUID: 73b08ea164ce48f382a510231156102f - Path: Packages/com.unity.render-pipelines.core/ShaderLibrary/MostRepresentativePoint.hlsl - Importer: ScriptedImporter/UnityEditor.QuickSearchModule:UnityEditor.Search:ASIAI0B
Importing 'GUID: 73b08ea164ce48f382a510231156102f - Path: Packages/com.unity.render-pipelines.core/ShaderLibrary/MostRepresentativePoint.hlsl - Importer: ScriptedImporter/UnityEditor.QuickSearchModule:UnityEditor.Search:ASIAI0B' with importer (ScriptedImporter : UnityEditor.QuickSearchModule:UnityEditor.Search:ASIAI0B)
Imported 'GUID: 73b08ea164ce48f382a510231156102f' -> (Import Result ID: '8ae523d6dceb362c2ba3919d4356be43') in 0.001 seconds [static and dynamic dependencies]. Details - ImportResultOutputID=486231dafab48044d16a0950444cbee1 DependenciesID=0ff22fb93809d7742c15c5f2d2c40258 StaticDependenciesID=e9b1eef2b8bb6a0f66796e73fa04d86f 
Number of updated asset objects reloaded before import = 0
Number of asset objects unloaded after import = 1
========================================================================
Received Import Request.
  Time of request: 2026-10-09T14:09:52.743586Z
  Time since last request: 0.000477251 seconds.
  importAddress: GUID: 0986d558af63ed0418f7eb24eeaa2308 - Path: Packages/com.unity.render-pipelines.core/ShaderLibrary/DebugMipmapStreamingMacros.hlsl - Importer: ScriptedImporter/UnityEditor.QuickSearchModule:UnityEditor.Search:ASIAI0B
Importing 'GUID: 0986d558af63ed0418f7eb24eeaa2308 - Path: Packages/com.unity.render-pipelines.core/ShaderLibrary/DebugMipmapStreamingMacros.hlsl - Importer: ScriptedImporter/UnityEditor.QuickSearchModule:UnityEditor.Search:ASIAI0B' with importer (ScriptedImporter : UnityEditor.QuickSearchModule:UnityEditor.Search:ASIAI0B)
Imported 'GUID: 0986d558af63ed0418f7eb24eeaa2308' -> (Import Result ID: 'b14d56265d4be0d004e58f0ec7234939') in 0.001 seconds [static and dynamic dependencies]. Details - ImportResultOutputID=a76672c704ec684b1edf39eba155614e DependenciesID=ac1e43efca0eac7d272918845ff81108 StaticDependenciesID=75e6b9b37e4da0d4a730b6d0c97727de 
Number of updated asset objects reloaded before import = 0
Number of asset objects unloaded after import = 1
========================================================================
Received Import Request.
  Time of request: 2026-10-09T14:09:52.751642Z
  Time since last request: 0.000576516 seconds.
  importAddress: GUID: 54ca0b3b7814f804aac1450b38477c74 - Path: Packages/com.unity.render-pipelines.core/ShaderLibrary/Filtering.hlsl - Importer: ScriptedImporter/UnityEditor.QuickSearchModule:UnityEditor.Search:ASIAI0B
Importing 'GUID: 54ca0b3b7814f804aac1450b38477c74 - Path: Packages/com.unity.render-pipelines.core/ShaderLibrary/Filtering.hlsl - Importer: ScriptedImporter/UnityEditor.QuickSearchModule:UnityEditor.Search:ASIAI0B' with importer (ScriptedImporter : UnityEditor.QuickSearchModule:UnityEditor.Search:ASIAI0B)
Imported 'GUID: 54ca0b3b7814f804aac1450b38477c74' -> (Import Result ID: '8cf7409d5a764599c3b1af293a73ba00') in 0.002 seconds [static and dynamic dependencies]. Details - ImportResultOutputID=164f7b62568538e09f3f68fc478d33d0 DependenciesID=e155b5f4fee40a34765e8be7278e4af1 StaticDependenciesID=5fde48156bba57decbd07c00b45f6d33 
Number of updated asset objects reloaded before import = 0
Number of asset objects unloaded after import = 1
========================================================================
Received Import Request.
  Time of request: 2026-10-09T14:09:52.761016Z
  Time since last request: 0.000198691 seconds.
  importAddress: GUID: 540178d5ddc29e74da771e38536aee22 - Path: Packages/com.unity.render-pipelines.core/ShaderLibrary/CommonMaterial.hlsl - Importer: ScriptedImporter/UnityEditor.QuickSearchModule:UnityEditor.Search:ASIAI0B
Importing 'GUID: 540178d5ddc29e74da771e38536aee22 - Path: Packages/com.unity.render-pipelines.core/ShaderLibrary/CommonMaterial.hlsl - Importer: ScriptedImporter/UnityEditor.QuickSearchModule:UnityEditor.Search:ASIAI0B' with importer (ScriptedImporter : UnityEditor.QuickSearchModule:UnityEditor.Search:ASIAI0B)
Imported 'GUID: 540178d5ddc29e74da771e38536aee22' -> (Import Result ID: 'c5f1cdb62aa6728be2a613222ce39512') in 0.001 seconds [static and dynamic dependencies]. Details - ImportResultOutputID=419e0af2cded9c689a866ee915c8991c DependenciesID=3661eb0ee611f093daa5fdd5147dcb58 StaticDependenciesID=fc13472020082186246d6514ca28b44f 
Number of updated asset objects reloaded before import = 0
Number of asset objects unloaded after import = 1
========================================================================
Received Import Request.
  Time of request: 2026-10-09T14:09:52.769162Z
  Time since last request: 0.000187269 seconds.
  importAddress: GUID: b52d68e305b98a94bac88855d8ea5936 - Path: Packages/com.unity.render-pipelines.core/ShaderLibrary/ACES.hlsl - Importer: ScriptedImporter/UnityEditor.QuickSearchModule:UnityEditor.Search:ASIAI0B
Importing 'GUID: b52d68e305b98a94bac88855d8ea5936 - Path: Packages/com.unity.render-pipelines.core/ShaderLibrary/ACES.hlsl - Importer: ScriptedImporter/UnityEditor.QuickSearchModule:UnityEditor.Search:ASIAI0B' with importer (ScriptedImporter : UnityEditor.QuickSearchModule:UnityEditor.Search:ASIAI0B)
Imported 'GUID: b52d68e305b98a94bac88855d8ea5936' -> (Import Result ID: '55110b177551de9567f8a8daf5cbba86') in 0.002 seconds [static and dynamic dependencies]. Details - ImportResultOutputID=a369faf060d21b8e5638da523818ae12 DependenciesID=9ef6b04a2449aaf8b62b7764fbc921dd StaticDependenciesID=0df52af063fcd84b66e2cadc6135079a 
Number of updated asset objects reloaded before import = 0
Number of asset objects unloaded after import = 1
========================================================================
Received Import Request.
  Time of request: 2026-10-09T14:09:52.777435Z
  Time since last request: 0.000121737 seconds.
  importAddress: GUID: 325b1a823e35d84478e89669f808ecb9 - Path: Packages/com.unity.render-pipelines.core/ShaderLibrary/SDF2D.hlsl - Importer: ScriptedImporter/UnityEditor.QuickSearchModule:UnityEditor.Search:ASIAI0B
Importing 'GUID: 325b1a823e35d84478e89669f808ecb9 - Path: Packages/com.unity.render-pipelines.core/ShaderLibrary/SDF2D.hlsl - Importer: ScriptedImporter/UnityEditor.QuickSearchModule:UnityEditor.Search:ASIAI0B' with importer (ScriptedImporter : UnityEditor.QuickSearchModule:UnityEditor.Search:ASIAI0B)
Imported 'GUID: 325b1a823e35d84478e89669f808ecb9' -> (Import Result ID: '9d4befaa8929fe01e245127b9b0df56c') in 0.002 seconds [static and dynamic dependencies]. Details - ImportResultOutputID=89922701b9ba0323d060d2ad04968d80 DependenciesID=049642dc2646d5c2e29cf527b012fb51 StaticDependenciesID=d6a60b68e7e8b000acbe7e7166c423f6 
Number of updated asset objects reloaded before import = 0
Number of asset objects unloaded after import = 1
========================================================================
Received Import Request.
  Time of request: 2026-10-09T14:09:52.785988Z
  Time since last request: 0.000180807 seconds.
  importAddress: GUID: 517e6b6a28d958f4d957127836465b2e - Path: Packages/com.unity.render-pipelines.core/ShaderLibrary/ThreadingSM6Impl.hlsl - Importer: ScriptedImporter/UnityEditor.QuickSearchModule:UnityEditor.Search:ASIAI0B
Importing 'GUID: 517e6b6a28d958f4d957127836465b2e - Path: Packages/com.unity.render-pipelines.core/ShaderLibrary/ThreadingSM6Impl.hlsl - Importer: ScriptedImporter/UnityEditor.QuickSearchModule:UnityEditor.Search:ASIAI0B' with importer (ScriptedImporter : UnityEditor.QuickSearchModule:UnityEditor.Search:ASIAI0B)
Imported 'GUID: 517e6b6a28d958f4d957127836465b2e' -> (Import Result ID: '0431f06a33246ba2485c345b65176d02') in 0.001 seconds [static and dynamic dependencies]. Details - ImportResultOutputID=6847a2f9b05dda6b52a99068e02cea81 DependenciesID=03be9194e8a1032af78d55184241e9d5 StaticDependenciesID=68bfa659553ac9ee666561c090340d13 
Number of updated asset objects reloaded before import = 0
Number of asset objects unloaded after import = 1
========================================================================
Received Import Request.
  Time of request: 2026-10-09T14:09:52.794324Z
  Time since last request: 0.000165619 seconds.
  importAddress: GUID: b19e52fd23b5c7549b05da06be1b1614 - Path: Packages/com.unity.render-pipelines.core/ShaderLibrary/VertexCubeSlicing.hlsl - Importer: ScriptedImporter/UnityEditor.QuickSearchModule:UnityEditor.Search:ASIAI0B
Importing 'GUID: b19e52fd23b5c7549b05da06be1b1614 - Path: Packages/com.unity.render-pipelines.core/ShaderLibrary/VertexCubeSlicing.hlsl - Importer: ScriptedImporter/UnityEditor.QuickSearchModule:UnityEditor.Search:ASIAI0B' with importer (ScriptedImporter : UnityEditor.QuickSearchModule:UnityEditor.Search:ASIAI0B)
Imported 'GUID: b19e52fd23b5c7549b05da06be1b1614' -> (Import Result ID: 'fcc1573e05d4c8e4a6492ee17369021d') in 0.001 seconds [static and dynamic dependencies]. Details - ImportResultOutputID=0a3561a5084bac10bd32e2475247d852 DependenciesID=e152e1f28a557bf2c880624b49ea04cf StaticDependenciesID=8d212a9d09fc02e091f5ae5807471d21 
Number of updated asset objects reloaded before import = 0
Number of asset objects unloaded after import = 1
========================================================================
Received Import Request.
  Time of request: 2026-10-09T14:09:52.801656Z
  Time since last request: 0.000136194 seconds.
  importAddress: GUID: 063144fddd2c1be41b9d09dec6314fc7 - Path: Packages/com.unity.render-pipelines.core/ShaderLibrary/SpaceFillingCurves.hlsl - Importer: ScriptedImporter/UnityEditor.QuickSearchModule:UnityEditor.Search:ASIAI0B
Importing 'GUID: 063144fddd2c1be41b9d09dec6314fc7 - Path: Packages/com.unity.render-pipelines.core/ShaderLibrary/SpaceFillingCurves.hlsl - Importer: ScriptedImporter/UnityEditor.QuickSearchModule:UnityEditor.Search:ASIAI0B' with importer (ScriptedImporter : UnityEditor.QuickSearchModule:UnityEditor.Search:ASIAI0B)
Imported 'GUID: 063144fddd2c1be41b9d09dec6314fc7' -> (Import Result ID: 'e7e786c9a2af068b0262734fb953f97b') in 0.001 seconds [static and dynamic dependencies]. Details - ImportResultOutputID=99d4c8b9fe105aeec98d2f9f9f4ce761 DependenciesID=767a7a9a1de83c74a2867d3d94649ecc StaticDependenciesID=5df48ea23d44f9a3ac51cdfc38135064 
Number of updated asset objects reloaded before import = 0
Number of asset objects unloaded after import = 1
========================================================================
Received Import Request.
  Time of request: 2026-10-09T14:09:52.809665Z
  Time since last request: 0.000168835 seconds.
  importAddress: GUID: 0e625d3de4b77c14b9a31bc7b56dfde7 - Path: Packages/com.unity.render-pipelines.core/ShaderLibrary/DummyShaderLibrary.cs - Importer: ScriptedImporter/UnityEditor.QuickSearchModule:UnityEditor.Search:ASIAI0B
Importing 'GUID: 0e625d3de4b77c14b9a31bc7b56dfde7 - Path: Packages/com.unity.render-pipelines.core/ShaderLibrary/DummyShaderLibrary.cs - Importer: ScriptedImporter/UnityEditor.QuickSearchModule:UnityEditor.Search:ASIAI0B' with importer (ScriptedImporter : UnityEditor.QuickSearchModule:UnityEditor.Search:ASIAI0B)
Imported 'GUID: 0e625d3de4b77c14b9a31bc7b56dfde7' -> (Import Result ID: '45feb03f61b1c58015ba7a9e5122eb2c') in 0.001 seconds [static and dynamic dependencies]. Details - ImportResultOutputID=8477e294f9454d8e540f4a6de5b7be35 DependenciesID=050aefdef16e25877b1c0afc0b4d6d8d StaticDependenciesID=cb39b3308f64808cd98c2b83e891643d 
Number of updated asset objects reloaded before import = 0
Number of asset objects unloaded after import = 0
========================================================================
Received Import Request.
  Time of request: 2026-10-09T14:09:52.81841Z
  Time since last request: 0.000132077 seconds.
  importAddress: GUID: 61125f624d229884d8cff04fc0fceab7 - Path: Packages/com.unity.render-pipelines.core/ShaderLibrary/Refraction.hlsl - Importer: ScriptedImporter/UnityEditor.QuickSearchModule:UnityEditor.Search:ASIAI0B
Importing 'GUID: 61125f624d229884d8cff04fc0fceab7 - Path: Packages/com.unity.render-pipelines.core/ShaderLibrary/Refraction.hlsl - Importer: ScriptedImporter/UnityEditor.QuickSearchModule:UnityEditor.Search:ASIAI0B' with importer (ScriptedImporter : UnityEditor.QuickSearchModule:UnityEditor.Search:ASIAI0B)
Imported 'GUID: 61125f624d229884d8cff04fc0fceab7' -> (Import Result ID: '43da6a1d806e42ee373311a43ab9c0f1') in 0.001 seconds [static and dynamic dependencies]. Details - ImportResultOutputID=0fdf7c90a6d2b50bd4a4f107ab5f0f02 DependenciesID=7a8996645c30e47fb3d54de0447e44bc StaticDependenciesID=05ae10afebc80715aa0c178a388c53e8 
Number of updated asset objects reloaded before import = 0
Number of asset objects unloaded after import = 1
========================================================================
Received Import Request.
  Time of request: 2026-10-09T14:09:52.826342Z
  Time since last request: 0.000334364 seconds.
  importAddress: GUID: 0bf6c7395c05c624d92ebdff0dcc1a61 - Path: Packages/com.unity.render-pipelines.core/ShaderLibrary/Hashes.hlsl - Importer: ScriptedImporter/UnityEditor.QuickSearchModule:UnityEditor.Search:ASIAI0B
Importing 'GUID: 0bf6c7395c05c624d92ebdff0dcc1a61 - Path: Packages/com.unity.render-pipelines.core/ShaderLibrary/Hashes.hlsl - Importer: ScriptedImporter/UnityEditor.QuickSearchModule:UnityEditor.Search:ASIAI0B' with importer (ScriptedImporter : UnityEditor.QuickSearchModule:UnityEditor.Search:ASIAI0B)
Imported 'GUID: 0bf6c7395c05c624d92ebdff0dcc1a61' -> (Import Result ID: 'bf353a479b0add571b276b7ad476c326') in 0.001 seconds [static and dynamic dependencies]. Details - ImportResultOutputID=d49bb995852af2de59049a2e9b4078e0 DependenciesID=62afe3df62614d2445532edd5be602c4 StaticDependenciesID=842a21286b900aa6f63d304c76caf7ce 
Number of updated asset objects reloaded before import = 0
Number of asset objects unloaded after import = 1
========================================================================
Received Import Request.
  Time of request: 2026-10-09T14:09:52.834559Z
  Time since last request: 0.000145211 seconds.
  importAddress: GUID: c5520328ccc5d6c4e8a923677cbb21cf - Path: Packages/com.unity.render-pipelines.core/ShaderLibrary/GraniteShaderLibBase.hlsl - Importer: ScriptedImporter/UnityEditor.QuickSearchModule:UnityEditor.Search:ASIAI0B
Importing 'GUID: c5520328ccc5d6c4e8a923677cbb21cf - Path: Packages/com.unity.render-pipelines.core/ShaderLibrary/GraniteShaderLibBase.hlsl - Importer: ScriptedImporter/UnityEditor.QuickSearchModule:UnityEditor.Search:ASIAI0B' with importer (ScriptedImporter : UnityEditor.QuickSearchModule:UnityEditor.Search:ASIAI0B)
Imported 'GUID: c5520328ccc5d6c4e8a923677cbb21cf' -> (Import Result ID: 'd8ae5a338350d27ea24b97f9738849d5') in 0.001 seconds [static and dynamic dependencies]. Details - ImportResultOutputID=fec91c69c948f1b299f7159b84d089a0 DependenciesID=afde51430df649a13a6f064afa42bfdc StaticDependenciesID=f269d94ab25cfbccadef84513adad385 
Number of updated asset objects reloaded before import = 0
Number of asset objects unloaded after import = 1
========================================================================
Received Import Request.
  Time of request: 2026-10-09T14:09:52.842227Z
  Time since last request: 0.000178102 seconds.
  importAddress: GUID: a57f9f83ea626ae45b402953fe637268 - Path: Packages/com.unity.render-pipelines.core/ShaderLibrary/Common.hlsl - Importer: ScriptedImporter/UnityEditor.QuickSearchModule:UnityEditor.Search:ASIAI0B
Importing 'GUID: a57f9f83ea626ae45b402953fe637268 - Path: Packages/com.unity.render-pipelines.core/ShaderLibrary/Common.hlsl - Importer: ScriptedImporter/UnityEditor.QuickSearchModule:UnityEditor.Search:ASIAI0B' with importer (ScriptedImporter : UnityEditor.QuickSearchModule:UnityEditor.Search:ASIAI0B)
Imported 'GUID: a57f9f83ea626ae45b402953fe637268' -> (Import Result ID: 'eafa33ed769a9add1c7bd6bf634a8b60') in 0.002 seconds [static and dynamic dependencies]. Details - ImportResultOutputID=44514caac53928ce11834ec6e5fb3c20 DependenciesID=91233016c77da73e7d6f43109317f11d StaticDependenciesID=9fcf4bbf92ff77652e49848b30d48b0a 
Number of updated asset objects reloaded before import = 0
Number of asset objects unloaded after import = 1
========================================================================
Received Import Request.
  Time of request: 2026-10-09T14:09:52.861689Z
  Time since last request: 0.011604532 seconds.
  importAddress: GUID: 9c0adda657f204c4199b6870832abb80 - Path: Packages/com.unity.render-pipelines.core/Editor/Gizmo/HierarchicalBox.cs - Importer: ScriptedImporter/UnityEditor.QuickSearchModule:UnityEditor.Search:ASIAI0B
Importing 'GUID: 9c0adda657f204c4199b6870832abb80 - Path: Packages/com.unity.render-pipelines.core/Editor/Gizmo/HierarchicalBox.cs - Importer: ScriptedImporter/UnityEditor.QuickSearchModule:UnityEditor.Search:ASIAI0B' with importer (ScriptedImporter : UnityEditor.QuickSearchModule:UnityEditor.Search:ASIAI0B)
Imported 'GUID: 9c0adda657f204c4199b6870832abb80' -> (Import Result ID: '392c1a9e0a0bd49415e915a4c67fbde7') in 0.002 seconds [static and dynamic dependencies]. Details - ImportResultOutputID=b3ea7fbdc106a9ecda4edbba728e60cb DependenciesID=81514c1c09304929b4c80c9f3ea5b2d7 StaticDependenciesID=0091b416b4bea99ec26c7cad4cb8f8d1 
Number of updated asset objects reloaded before import = 0
Number of asset objects unloaded after import = 0
========================================================================
Received Import Request.
  Time of request: 2026-10-09T14:09:52.871487Z
  Time since last request: 0.000631238 seconds.
  importAddress: GUID: c77d1122a4e2ed448966b1535f9f1130 - Path: Packages/com.unity.render-pipelines.core/Editor/Camera/CameraUI.Output.Drawers.cs - Importer: ScriptedImporter/UnityEditor.QuickSearchModule:UnityEditor.Search:ASIAI0B
Importing 'GUID: c77d1122a4e2ed448966b1535f9f1130 - Path: Packages/com.unity.render-pipelines.core/Editor/Camera/CameraUI.Output.Drawers.cs - Importer: ScriptedImporter/UnityEditor.QuickSearchModule:UnityEditor.Search:ASIAI0B' with importer (ScriptedImporter : UnityEditor.QuickSearchModule:UnityEditor.Search:ASIAI0B)
Imported 'GUID: c77d1122a4e2ed448966b1535f9f1130' -> (Import Result ID: 'e7e102e9261587e264f4b10c7c79d9f9') in 0.001 seconds [static and dynamic dependencies]. Details - ImportResultOutputID=fe36818421a5510bcdf429b39065d982 DependenciesID=9cf567502cad382f929e4d9482e68e77 StaticDependenciesID=1b8e9018c8f6bdf0afe20e874b24c90c 
Number of updated asset objects reloaded before import = 0
Number of asset objects unloaded after import = 0
========================================================================
Received Import Request.
  Time of request: 2026-10-09T14:09:52.88072Z
  Time since last request: 0.000440442 seconds.
  importAddress: GUID: 8f69c566379255640bf031b4ae7fe0f5 - Path: Packages/com.unity.render-pipelines.core/Editor/Lighting/ISerializedLight.cs - Importer: ScriptedImporter/UnityEditor.QuickSearchModule:UnityEditor.Search:ASIAI0B
Importing 'GUID: 8f69c566379255640bf031b4ae7fe0f5 - Path: Packages/com.unity.render-pipelines.core/Editor/Lighting/ISerializedLight.cs - Importer: ScriptedImporter/UnityEditor.QuickSearchModule:UnityEditor.Search:ASIAI0B' with importer (ScriptedImporter : UnityEditor.QuickSearchModule:UnityEditor.Search:ASIAI0B)
Imported 'GUID: 8f69c566379255640bf031b4ae7fe0f5' -> (Import Result ID: '0ef6d38dbb1a2cd01377e8d456a76eb6') in 0.002 seconds [static and dynamic dependencies]. Details - ImportResultOutputID=a98f423a9c59c9b99449a0779ed866c5 DependenciesID=e321732ce24ef205dc4089e50e41c7f5 StaticDependenciesID=3066f253ed7e47a4ff93200116e5436e 
Number of updated asset objects reloaded before import = 0
Number of asset objects unloaded after import = 0
========================================================================
Received Import Request.
  Time of request: 2026-10-09T14:09:52.889445Z
  Time since last request: 0.000384718 seconds.
  importAddress: GUID: a0d2633fc585aec4a8a89a6014bd7640 - Path: Packages/com.unity.render-pipelines.core/Editor/Camera/CameraUI.Drawers.cs - Importer: ScriptedImporter/UnityEditor.QuickSearchModule:UnityEditor.Search:ASIAI0B
Importing 'GUID: a0d2633fc585aec4a8a89a6014bd7640 - Path: Packages/com.unity.render-pipelines.core/Editor/Camera/CameraUI.Drawers.cs - Importer: ScriptedImporter/UnityEditor.QuickSearchModule:UnityEditor.Search:ASIAI0B' with importer (ScriptedImporter : UnityEditor.QuickSearchModule:UnityEditor.Search:ASIAI0B)
Imported 'GUID: a0d2633fc585aec4a8a89a6014bd7640' -> (Import Result ID: '78ad45bacec0222f8e1f962e4bc62791') in 0.002 seconds [static and dynamic dependencies]. Details - ImportResultOutputID=4cd6968c8cad3548bd680049c999e7dd DependenciesID=ab9612d7379c8334f120c8562733b891 StaticDependenciesID=7e5a3934e3727c77d9fbd366337b7c8a 
Number of updated asset objects reloaded before import = 0
Number of asset objects unloaded after import = 0
========================================================================
Received Import Request.
  Time of request: 2026-10-09T14:09:52.897589Z
  Time since last request: 0.0003589 seconds.
  importAddress: GUID: dedbe1894d884f119869df1b2fbf35fc - Path: Packages/com.unity.render-pipelines.core/Editor/Lighting/LightingSearchColumnProviders.cs - Importer: ScriptedImporter/UnityEditor.QuickSearchModule:UnityEditor.Search:ASIAI0B
Importing 'GUID: dedbe1894d884f119869df1b2fbf35fc - Path: Packages/com.unity.render-pipelines.core/Editor/Lighting/LightingSearchColumnProviders.cs - Importer: ScriptedImporter/UnityEditor.QuickSearchModule:UnityEditor.Search:ASIAI0B' with importer (ScriptedImporter : UnityEditor.QuickSearchModule:UnityEditor.Search:ASIAI0B)
Imported 'GUID: dedbe1894d884f119869df1b2fbf35fc' -> (Import Result ID: '2b812f88f37166bd3841185bb766a39a') in 0.001 seconds [static and dynamic dependencies]. Details - ImportResultOutputID=b4be2182a4a8c165fa97ec2911845cea DependenciesID=b78727e3a90afcc2958502d5371bd7bd StaticDependenciesID=88972f4b2a30337f0b5a3cbe15ebb1b8 
Number of updated asset objects reloaded before import = 0
Number of asset objects unloaded after import = 0
========================================================================
Received Import Request.
  Time of request: 2026-10-09T14:09:52.906341Z
  Time since last request: 0.000731746 seconds.
  importAddress: GUID: 2077bbdc519e4f4797674f4578bf3618 - Path: Packages/com.unity.render-pipelines.core/Editor/PathTracing/AssemblyInfo.cs - Importer: ScriptedImporter/UnityEditor.QuickSearchModule:UnityEditor.Search:ASIAI0B
Importing 'GUID: 2077bbdc519e4f4797674f4578bf3618 - Path: Packages/com.unity.render-pipelines.core/Editor/PathTracing/AssemblyInfo.cs - Importer: ScriptedImporter/UnityEditor.QuickSearchModule:UnityEditor.Search:ASIAI0B' with importer (ScriptedImporter : UnityEditor.QuickSearchModule:UnityEditor.Search:ASIAI0B)
Imported 'GUID: 2077bbdc519e4f4797674f4578bf3618' -> (Import Result ID: '075c406cf706112858f4ac29f16f5880') in 0.001 seconds [static and dynamic dependencies]. Details - ImportResultOutputID=6bf8ca49119e3499233d27e29976de4d DependenciesID=4e59badffae57d075b9a975050ab2fca StaticDependenciesID=ace570f85d0e82de81e1ee8cdd6a094a 
Number of updated asset objects reloaded before import = 0
Number of asset objects unloaded after import = 0
========================================================================
Received Import Request.
  Time of request: 2026-10-09T14:09:52.913998Z
  Time since last request: 0.000689036 seconds.
  importAddress: GUID: e26c221569d1d284a9d21434b3a4b277 - Path: Packages/com.unity.render-pipelines.core/Editor/Camera/CameraUI.Skin.cs - Importer: ScriptedImporter/UnityEditor.QuickSearchModule:UnityEditor.Search:ASIAI0B
Importing 'GUID: e26c221569d1d284a9d21434b3a4b277 - Path: Packages/com.unity.render-pipelines.core/Editor/Camera/CameraUI.Skin.cs - Importer: ScriptedImporter/UnityEditor.QuickSearchModule:UnityEditor.Search:ASIAI0B' with importer (ScriptedImporter : UnityEditor.QuickSearchModule:UnityEditor.Search:ASIAI0B)
Imported 'GUID: e26c221569d1d284a9d21434b3a4b277' -> (Import Result ID: '4edc6efec34b5a0eda70e8c42f640437') in 0.001 seconds [static and dynamic dependencies]. Details - ImportResultOutputID=60cafdb208128a5856b5f2fa46bcaa53 DependenciesID=2af9c1f7e68ed58d32ef5953f01c8a6c StaticDependenciesID=17b2f307be734866941b9a5d57039da0 
Number of updated asset objects reloaded before import = 0
Number of asset objects unloaded after import = 0
========================================================================
Received Import Request.
  Time of request: 2026-10-09T14:09:52.922404Z
  Time since last request: 0.000474015 seconds.
  importAddress: GUID: 007ecb3820c25954d90dcb206cd59ed5 - Path: Packages/com.unity.render-pipelines.core/Editor/Material/MaterialEditorExtension.cs - Importer: ScriptedImporter/UnityEditor.QuickSearchModule:UnityEditor.Search:ASIAI0B
Importing 'GUID: 007ecb3820c25954d90dcb206cd59ed5 - Path: Packages/com.unity.render-pipelines.core/Editor/Material/MaterialEditorExtension.cs - Importer: ScriptedImporter/UnityEditor.QuickSearchModule:UnityEditor.Search:ASIAI0B' with importer (ScriptedImporter : UnityEditor.QuickSearchModule:UnityEditor.Search:ASIAI0B)
Imported 'GUID: 007ecb3820c25954d90dcb206cd59ed5' -> (Import Result ID: 'e7791674a0382572d3bf096c85080481') in 0.001 seconds [static and dynamic dependencies]. Details - ImportResultOutputID=c971e6cd6677788d9cf3e2ba3f961a2c DependenciesID=f1be92819dace2dc74f7874b5e3b84f1 StaticDependenciesID=ed0d736c8cc52933c32b5071b7797a60 
Number of updated asset objects reloaded before import = 0
Number of asset objects unloaded after import = 0
========================================================================
Received Import Request.
  Time of request: 2026-10-09T14:09:52.930648Z
  Time since last request: 0.000665182 seconds.
  importAddress: GUID: 4d8223d7da5fa45419aef4292e4fc672 - Path: Packages/com.unity.render-pipelines.core/Editor/PathTracing/LightBakerStrangler.cs - Importer: ScriptedImporter/UnityEditor.QuickSearchModule:UnityEditor.Search:ASIAI0B
Importing 'GUID: 4d8223d7da5fa45419aef4292e4fc672 - Path: Packages/com.unity.render-pipelines.core/Editor/PathTracing/LightBakerStrangler.cs - Importer: ScriptedImporter/UnityEditor.QuickSearchModule:UnityEditor.Search:ASIAI0B' with importer (ScriptedImporter : UnityEditor.QuickSearchModule:UnityEditor.Search:ASIAI0B)
Imported 'GUID: 4d8223d7da5fa45419aef4292e4fc672' -> (Import Result ID: '61cc5975a5846b62d7cd58bfa8e0802a') in 0.002 seconds [static and dynamic dependencies]. Details - ImportResultOutputID=5c38ff5fa8ffe351648905e795109f98 DependenciesID=5709ea47df837e17513d3283100f0d65 StaticDependenciesID=502a8c5e1a3f2994db85de510ad2dd44 
Number of updated asset objects reloaded before import = 0
Number of asset objects unloaded after import = 0
========================================================================
Received Import Request.
  Time of request: 2026-10-09T14:09:52.939188Z
  Time since last request: 0.000295912 seconds.
  importAddress: GUID: b7fbad490dc4ecc46b2936be42e9c71f - Path: Packages/com.unity.render-pipelines.core/Editor/Camera/CameraUI.PhysicalCamera.Drawers.cs - Importer: ScriptedImporter/UnityEditor.QuickSearchModule:UnityEditor.Search:ASIAI0B
Importing 'GUID: b7fbad490dc4ecc46b2936be42e9c71f - Path: Packages/com.unity.render-pipelines.core/Editor/Camera/CameraUI.PhysicalCamera.Drawers.cs - Importer: ScriptedImporter/UnityEditor.QuickSearchModule:UnityEditor.Search:ASIAI0B' with importer (ScriptedImporter : UnityEditor.QuickSearchModule:UnityEditor.Search:ASIAI0B)
Imported 'GUID: b7fbad490dc4ecc46b2936be42e9c71f' -> (Import Result ID: '1200ec335b21f7f5d14479da2fea013e') in 0.001 seconds [static and dynamic dependencies]. Details - ImportResultOutputID=ec06516bddf13047bccf0271c0d0d298 DependenciesID=abec8b3b7d2c2554bcdf4bb4366e4dbe StaticDependenciesID=abc622ec2a2a067d1ca3d1ec4dce07a9 
Number of updated asset objects reloaded before import = 0
Number of asset objects unloaded after import = 0
========================================================================
Received Import Request.
  Time of request: 2026-10-09T14:09:52.948024Z
  Time since last request: 0.000514381 seconds.
  importAddress: GUID: 7e2d77127041cd24faf2847015043c6f - Path: Packages/com.unity.render-pipelines.core/Editor/CustomRenderTexture/CustomRenderTextureMenuItem.cs - Importer: ScriptedImporter/UnityEditor.QuickSearchModule:UnityEditor.Search:ASIAI0B
Importing 'GUID: 7e2d77127041cd24faf2847015043c6f - Path: Packages/com.unity.render-pipelines.core/Editor/CustomRenderTexture/CustomRenderTextureMenuItem.cs - Importer: ScriptedImporter/UnityEditor.QuickSearchModule:UnityEditor.Search:ASIAI0B' with importer (ScriptedImporter : UnityEditor.QuickSearchModule:UnityEditor.Search:ASIAI0B)
Imported 'GUID: 7e2d77127041cd24faf2847015043c6f' -> (Import Result ID: '2e3e4a1dc2824fef02910be305ec1aed') in 0.002 seconds [static and dynamic dependencies]. Details - ImportResultOutputID=bb3560fc9de193330c9796acd8b1985b DependenciesID=1c0fe53c360f892f10739719ea2b62d5 StaticDependenciesID=d6aed2697aed60a9b31dff269e4190c1 
Number of updated asset objects reloaded before import = 0
Number of asset objects unloaded after import = 0
========================================================================
Received Import Request.
  Time of request: 2026-10-09T14:09:52.956544Z
  Time since last request: 0.000333242 seconds.
  importAddress: GUID: 716365d8000d25e4c8621aa2d34a92fa - Path: Packages/com.unity.render-pipelines.core/Editor/InternalBridge/Unity.InternalAPIEngineBridge.RenderPipelines.Core.Editor.asmdef - Importer: ScriptedImporter/UnityEditor.QuickSearchModule:UnityEditor.Search:ASIAI0B
Importing 'GUID: 716365d8000d25e4c8621aa2d34a92fa - Path: Packages/com.unity.render-pipelines.core/Editor/InternalBridge/Unity.InternalAPIEngineBridge.RenderPipelines.Core.Editor.asmdef - Importer: ScriptedImporter/UnityEditor.QuickSearchModule:UnityEditor.Search:ASIAI0B' with importer (ScriptedImporter : UnityEditor.QuickSearchModule:UnityEditor.Search:ASIAI0B)
Imported 'GUID: 716365d8000d25e4c8621aa2d34a92fa' -> (Import Result ID: '4c4c0ad9d241d500a2326069ea35ff16') in 0.001 seconds [static and dynamic dependencies]. Details - ImportResultOutputID=ac68b272f82c619fe79869757fee62e4 DependenciesID=1fded70dc5022f5a0b35214fa0ab5fc3 StaticDependenciesID=14993d2062985c2f63654122e287ba4e 
Number of updated asset objects reloaded before import = 0
Number of asset objects unloaded after import = 1
========================================================================
Received Import Request.
  Time of request: 2026-10-09T14:09:52.964839Z
  Time since last request: 0.000149239 seconds.
  importAddress: GUID: c94bc25276e67ea429b40e3228a39b05 - Path: Packages/com.unity.render-pipelines.core/Editor/Camera/CameraUI.Environment.Skin.cs - Importer: ScriptedImporter/UnityEditor.QuickSearchModule:UnityEditor.Search:ASIAI0B
Importing 'GUID: c94bc25276e67ea429b40e3228a39b05 - Path: Packages/com.unity.render-pipelines.core/Editor/Camera/CameraUI.Environment.Skin.cs - Importer: ScriptedImporter/UnityEditor.QuickSearchModule:UnityEditor.Search:ASIAI0B' with importer (ScriptedImporter : UnityEditor.QuickSearchModule:UnityEditor.Search:ASIAI0B)
Imported 'GUID: c94bc25276e67ea429b40e3228a39b05' -> (Import Result ID: '50c9d585162c7d752a21cf69047d2d2b') in 0.001 seconds [static and dynamic dependencies]. Details - ImportResultOutputID=18b988793d0c4383d1f2258045f00a01 DependenciesID=8085eea358371334ae3226ab08223d31 StaticDependenciesID=291b41008037aa057205aa5edeb04cd2 
Number of updated asset objects reloaded before import = 0
Number of asset objects unloaded after import = 0
========================================================================
Received Import Request.
  Time of request: 2026-10-09T14:09:52.973514Z
  Time since last request: 0.001020865 seconds.
  importAddress: GUID: 77db4492d35e8db4fb0fe2936a0879e2 - Path: Packages/com.unity.render-pipelines.core/Editor/BuildProcessors/CoreBuildData.cs - Importer: ScriptedImporter/UnityEditor.QuickSearchModule:UnityEditor.Search:ASIAI0B
Importing 'GUID: 77db4492d35e8db4fb0fe2936a0879e2 - Path: Packages/com.unity.render-pipelines.core/Editor/BuildProcessors/CoreBuildData.cs - Importer: ScriptedImporter/UnityEditor.QuickSearchModule:UnityEditor.Search:ASIAI0B' with importer (ScriptedImporter : UnityEditor.QuickSearchModule:UnityEditor.Search:ASIAI0B)
Imported 'GUID: 77db4492d35e8db4fb0fe2936a0879e2' -> (Import Result ID: '004f7c5aa21d6f146634678d9443cd4d') in 0.001 seconds [static and dynamic dependencies]. Details - ImportResultOutputID=97577e529c702aab399b6f2a0a5832d9 DependenciesID=ccfd402bf20ba620fadb2faf2c89328c StaticDependenciesID=c9a3d8299d37f077d43b5b4848693b30 
Number of updated asset objects reloaded before import = 0
Number of asset objects unloaded after import = 0
========================================================================
Received Import Request.
  Time of request: 2026-10-09T14:09:52.981269Z
  Time since last request: 0.000394487 seconds.
  importAddress: GUID: 5e5ba1167b7b68e4fb383ce19a13c5e7 - Path: Packages/com.unity.render-pipelines.core/Editor/Debugging/DebugWindow.uxml - Importer: ScriptedImporter/UnityEditor.QuickSearchModule:UnityEditor.Search:ASIAI0B
Importing 'GUID: 5e5ba1167b7b68e4fb383ce19a13c5e7 - Path: Packages/com.unity.render-pipelines.core/Editor/Debugging/DebugWindow.uxml - Importer: ScriptedImporter/UnityEditor.QuickSearchModule:UnityEditor.Search:ASIAI0B' with importer (ScriptedImporter : UnityEditor.QuickSearchModule:UnityEditor.Search:ASIAI0B)
Imported 'GUID: 5e5ba1167b7b68e4fb383ce19a13c5e7' -> (Import Result ID: 'adcb44c617b6677e7ed1c99492099abd') in 0.014 seconds [static and dynamic dependencies]. Details - ImportResultOutputID=d05c6e93bf9afed460126b139c48ff89 DependenciesID=4006aa71480115753c68ca27922c3934 StaticDependenciesID=70f817e5700fb0aa6c962eaac48b1c3c 
Number of updated asset objects reloaded before import = 0
Number of asset objects unloaded after import = 2
========================================================================
Received Import Request.
  Time of request: 2026-10-09T14:09:53.023219Z
  Time since last request: 0.020870849 seconds.
  importAddress: GUID: 135f7e1e9c01406b8ea46f1bfcfb55cd - Path: Packages/com.unity.render-pipelines.core/Editor/RenderGraph/RenderGraphEditorRemoteDebugSession.cs - Importer: ScriptedImporter/UnityEditor.QuickSearchModule:UnityEditor.Search:ASIAI0B
Importing 'GUID: 135f7e1e9c01406b8ea46f1bfcfb55cd - Path: Packages/com.unity.render-pipelines.core/Editor/RenderGraph/RenderGraphEditorRemoteDebugSession.cs - Importer: ScriptedImporter/UnityEditor.QuickSearchModule:UnityEditor.Search:ASIAI0B' with importer (ScriptedImporter : UnityEditor.QuickSearchModule:UnityEditor.Search:ASIAI0B)
Imported 'GUID: 135f7e1e9c01406b8ea46f1bfcfb55cd' -> (Import Result ID: 'd42861307e5996f114eefca39b674ad1') in 0.001 seconds [static and dynamic dependencies]. Details - ImportResultOutputID=79ae9e13bc2b84fec7478096fe7eec01 DependenciesID=9c5dd9a9763bae118e4ac2b3d64eaee8 StaticDependenciesID=b3598b80e8d18c3afdf4568202f9a065 
Number of updated asset objects reloaded before import = 0
Number of asset objects unloaded after import = 0
========================================================================
Received Import Request.
  Time of request: 2026-10-09T14:09:53.031971Z
  Time since last request: 0.000432627 seconds.
  importAddress: GUID: ea71340347cd4764d9e89cc6758729eb - Path: Packages/com.unity.render-pipelines.core/Editor/ShaderStripping/IVariantStripper.cs - Importer: ScriptedImporter/UnityEditor.QuickSearchModule:UnityEditor.Search:ASIAI0B
Importing 'GUID: ea71340347cd4764d9e89cc6758729eb - Path: Packages/com.unity.render-pipelines.core/Editor/ShaderStripping/IVariantStripper.cs - Importer: ScriptedImporter/UnityEditor.QuickSearchModule:UnityEditor.Search:ASIAI0B' with importer (ScriptedImporter : UnityEditor.QuickSearchModule:UnityEditor.Search:ASIAI0B)
Imported 'GUID: ea71340347cd4764d9e89cc6758729eb' -> (Import Result ID: '93fea56ddf126a54233f796c7e9cda58') in 0.001 seconds [static and dynamic dependencies]. Details - ImportResultOutputID=365345b7817e82684488b9eb00769869 DependenciesID=edbde3d81e41b78dca22c6ef2ee7db74 StaticDependenciesID=6488603239edfe845fc29f843ccd5be3 
Number of updated asset objects reloaded before import = 0
Number of asset objects unloaded after import = 0
========================================================================
Received Import Request.
  Time of request: 2026-10-09T14:09:53.040625Z
  Time since last request: 0.000313725 seconds.
  importAddress: GUID: 90a396453bc7183469e9497f37393dcb - Path: Packages/com.unity.render-pipelines.core/Editor/PostProcessing/LensFlareDataSRPEditor.cs - Importer: ScriptedImporter/UnityEditor.QuickSearchModule:UnityEditor.Search:ASIAI0B
Importing 'GUID: 90a396453bc7183469e9497f37393dcb - Path: Packages/com.unity.render-pipelines.core/Editor/PostProcessing/LensFlareDataSRPEditor.cs - Importer: ScriptedImporter/UnityEditor.QuickSearchModule:UnityEditor.Search:ASIAI0B' with importer (ScriptedImporter : UnityEditor.QuickSearchModule:UnityEditor.Search:ASIAI0B)
Imported 'GUID: 90a396453bc7183469e9497f37393dcb' -> (Import Result ID: '0164d03d4221a6b2cb01bc54a4c62e86') in 0.002 seconds [static and dynamic dependencies]. Details - ImportResultOutputID=d4d3f1602de8c48b7d957151380479fb DependenciesID=9c93aec9b68e4c76882e5200e01834f4 StaticDependenciesID=be275b32ead8634803a98dcdcdcef0bb 
Number of updated asset objects reloaded before import = 0
Number of asset objects unloaded after import = 0
========================================================================
Received Import Request.
  Time of request: 2026-10-09T14:09:53.048846Z
  Time since last request: 0.000310329 seconds.
  importAddress: GUID: 46612d3829964e2eb39c08b5c1a816e1 - Path: Packages/com.unity.render-pipelines.core/Editor/RenderGraph/RenderGraphViewer.PanManipulator.cs - Importer: ScriptedImporter/UnityEditor.QuickSearchModule:UnityEditor.Search:ASIAI0B
Importing 'GUID: 46612d3829964e2eb39c08b5c1a816e1 - Path: Packages/com.unity.render-pipelines.core/Editor/RenderGraph/RenderGraphViewer.PanManipulator.cs - Importer: ScriptedImporter/UnityEditor.QuickSearchModule:UnityEditor.Search:ASIAI0B' with importer (ScriptedImporter : UnityEditor.QuickSearchModule:UnityEditor.Search:ASIAI0B)
Imported 'GUID: 46612d3829964e2eb39c08b5c1a816e1' -> (Import Result ID: '0e287ad5dacd0e3e654ad797b0a3a33e') in 0.001 seconds [static and dynamic dependencies]. Details - ImportResultOutputID=d287cba122d938070d29584f1a8d8679 DependenciesID=70a79a2b38ce139e0fc4b3bac0ab0092 StaticDependenciesID=21a856d2c3b52e0ead52672a286d8f2c 
Number of updated asset objects reloaded before import = 0
Number of asset objects unloaded after import = 0
========================================================================
Received Import Request.
  Time of request: 2026-10-09T14:09:53.057243Z
  Time since last request: 0.000379629 seconds.
  importAddress: GUID: d8d5beb40e5c9f94f95d805868251329 - Path: Packages/com.unity.render-pipelines.core/Editor/UXML/RenderPipelineGlobalSettings.uxml - Importer: ScriptedImporter/UnityEditor.QuickSearchModule:UnityEditor.Search:ASIAI0B
Importing 'GUID: d8d5beb40e5c9f94f95d805868251329 - Path: Packages/com.unity.render-pipelines.core/Editor/UXML/RenderPipelineGlobalSettings.uxml - Importer: ScriptedImporter/UnityEditor.QuickSearchModule:UnityEditor.Search:ASIAI0B' with importer (ScriptedImporter : UnityEditor.QuickSearchModule:UnityEditor.Search:ASIAI0B)
Imported 'GUID: d8d5beb40e5c9f94f95d805868251329' -> (Import Result ID: 'c529cb72feec813a1619ebd37b81f502') in 0.005 seconds [static and dynamic dependencies]. Details - ImportResultOutputID=e38e9f793ac723756809a31de9c5a435 DependenciesID=980584a24d22adca0f4ae76153729c6b StaticDependenciesID=0eb51cbda02996e524a6f86dc9d2b011 
Number of updated asset objects reloaded before import = 0
Number of asset objects unloaded after import = 4
========================================================================
Received Import Request.
  Time of request: 2026-10-09T14:09:53.068992Z
  Time since last request: 0.000033413 seconds.
  importAddress: GUID: d0b4821bb729cd24fbbe0af5feaa73ab - Path: Packages/com.unity.render-pipelines.core/Editor/UXML/DefaultVolumeProfileEditor.uxml - Importer: ScriptedImporter/UnityEditor.QuickSearchModule:UnityEditor.Search:ASIAI0B
Importing 'GUID: d0b4821bb729cd24fbbe0af5feaa73ab - Path: Packages/com.unity.render-pipelines.core/Editor/UXML/DefaultVolumeProfileEditor.uxml - Importer: ScriptedImporter/UnityEditor.QuickSearchModule:UnityEditor.Search:ASIAI0B' with importer (ScriptedImporter : UnityEditor.QuickSearchModule:UnityEditor.Search:ASIAI0B)
Imported 'GUID: d0b4821bb729cd24fbbe0af5feaa73ab' -> (Import Result ID: '9cbe5a3fda3c1e570a319ed9866ee039') in 0.004 seconds [static and dynamic dependencies]. Details - ImportResultOutputID=b65647bbc7347b036ba7afe5e1a4acad DependenciesID=b9338a729e38fd600f9dbebc71f452d4 StaticDependenciesID=cb325502af3dc2a2d0bcb4fa8a32a4ef 
Number of updated asset objects reloaded before import = 0
Number of asset objects unloaded after import = 3
========================================================================
Received Import Request.
  Time of request: 2026-10-09T14:09:53.080553Z
  Time since last request: 0.000837664 seconds.
  importAddress: GUID: ee336999a409439e86492ecebf683718 - Path: Packages/com.unity.render-pipelines.core/Editor/Properties/AdvancedPropertiesObserver.cs - Importer: ScriptedImporter/UnityEditor.QuickSearchModule:UnityEditor.Search:ASIAI0B
Importing 'GUID: ee336999a409439e86492ecebf683718 - Path: Packages/com.unity.render-pipelines.core/Editor/Properties/AdvancedPropertiesObserver.cs - Importer: ScriptedImporter/UnityEditor.QuickSearchModule:UnityEditor.Search:ASIAI0B' with importer (ScriptedImporter : UnityEditor.QuickSearchModule:UnityEditor.Search:ASIAI0B)
Imported 'GUID: ee336999a409439e86492ecebf683718' -> (Import Result ID: 'ffbd3c6eccfa8de81b16817f4072cae2') in 0.001 seconds [static and dynamic dependencies]. Details - ImportResultOutputID=5d5c3d6098b7ca6fdd393ec307d36f73 DependenciesID=d460fa44a40bbf58498e7db1ebbc7a69 StaticDependenciesID=047c814d86d069c9500ea68c6826d082 
Number of updated asset objects reloaded before import = 0
Number of asset objects unloaded after import = 0
========================================================================
Received Import Request.
  Time of request: 2026-10-09T14:09:53.089022Z
  Time since last request: 0.000195385 seconds.
  importAddress: GUID: 4057e4a9a270475596393ac09512a597 - Path: Packages/com.unity.render-pipelines.core/Editor/Settings/DefaultVolumeProfileCategories.cs - Importer: ScriptedImporter/UnityEditor.QuickSearchModule:UnityEditor.Search:ASIAI0B
Importing 'GUID: 4057e4a9a270475596393ac09512a597 - Path: Packages/com.unity.render-pipelines.core/Editor/Settings/DefaultVolumeProfileCategories.cs - Importer: ScriptedImporter/UnityEditor.QuickSearchModule:UnityEditor.Search:ASIAI0B' with importer (ScriptedImporter : UnityEditor.QuickSearchModule:UnityEditor.Search:ASIAI0B)
Imported 'GUID: 4057e4a9a270475596393ac09512a597' -> (Import Result ID: 'b03770b9dddac8dd86b8a8389ff4067b') in 0.002 seconds [static and dynamic dependencies]. Details - ImportResultOutputID=fb14d5d74af29b207c72d4d34db90bbe DependenciesID=12c159efe88331a82ba5f9153b43caa9 StaticDependenciesID=124434910ead68c40428d5cdbbeb8731 
Number of updated asset objects reloaded before import = 0
Number of asset objects unloaded after import = 0
========================================================================
Received Import Request.
  Time of request: 2026-10-09T14:09:53.097576Z
  Time since last request: 0.000316221 seconds.
  importAddress: GUID: b35dd4b6f122695459036b125fcb7b48 - Path: Packages/com.unity.render-pipelines.core/Editor/Upscaling/UpscalerOptionsEditorCache.cs - Importer: ScriptedImporter/UnityEditor.QuickSearchModule:UnityEditor.Search:ASIAI0B
Importing 'GUID: b35dd4b6f122695459036b125fcb7b48 - Path: Packages/com.unity.render-pipelines.core/Editor/Upscaling/UpscalerOptionsEditorCache.cs - Importer: ScriptedImporter/UnityEditor.QuickSearchModule:UnityEditor.Search:ASIAI0B' with importer (ScriptedImporter : UnityEditor.QuickSearchModule:UnityEditor.Search:ASIAI0B)
Imported 'GUID: b35dd4b6f122695459036b125fcb7b48' -> (Import Result ID: '2adc985efb30835b73859e0fcbf86ea4') in 0.001 seconds [static and dynamic dependencies]. Details - ImportResultOutputID=3afa1f818194e0fecd1e28aab70c0b1f DependenciesID=b6a50d223e495f29b0c595cafa71a0f3 StaticDependenciesID=f46117c15b7c4fb890d18e9bc7cb905e 
Number of updated asset objects reloaded before import = 0
Number of asset objects unloaded after import = 0
========================================================================
Received Import Request.
  Time of request: 2026-10-09T14:09:53.106374Z
  Time since last request: 0.000433299 seconds.
  importAddress: GUID: 18a67dd5ad5b87049bc0ed384b818caa - Path: Packages/com.unity.render-pipelines.core/Editor/ShaderStripping/ShaderPreprocessor.cs - Importer: ScriptedImporter/UnityEditor.QuickSearchModule:UnityEditor.Search:ASIAI0B
Importing 'GUID: 18a67dd5ad5b87049bc0ed384b818caa - Path: Packages/com.unity.render-pipelines.core/Editor/ShaderStripping/ShaderPreprocessor.cs - Importer: ScriptedImporter/UnityEditor.QuickSearchModule:UnityEditor.Search:ASIAI0B' with importer (ScriptedImporter : UnityEditor.QuickSearchModule:UnityEditor.Search:ASIAI0B)
Imported 'GUID: 18a67dd5ad5b87049bc0ed384b818caa' -> (Import Result ID: '399b60967512b869790c258d933bf4cc') in 0.002 seconds [static and dynamic dependencies]. Details - ImportResultOutputID=1df63486b3665be63ca2f9835af9172b DependenciesID=a725c4647f75679a9c1a7b10dc79c1b4 StaticDependenciesID=d59372bf82e470ab02c53feba580de81 
Number of updated asset objects reloaded before import = 0
Number of asset objects unloaded after import = 0
========================================================================
Received Import Request.
  Time of request: 2026-10-09T14:09:53.115749Z
  Time since last request: 0.000357808 seconds.
  importAddress: GUID: 78d06e068976749e285dd70a52d49c80 - Path: Packages/com.unity.render-pipelines.core/Editor/Utilities/GenericEditorTool.cs - Importer: ScriptedImporter/UnityEditor.QuickSearchModule:UnityEditor.Search:ASIAI0B
Importing 'GUID: 78d06e068976749e285dd70a52d49c80 - Path: Packages/com.unity.render-pipelines.core/Editor/Utilities/GenericEditorTool.cs - Importer: ScriptedImporter/UnityEditor.QuickSearchModule:UnityEditor.Search:ASIAI0B' with importer (ScriptedImporter : UnityEditor.QuickSearchModule:UnityEditor.Search:ASIAI0B)
Imported 'GUID: 78d06e068976749e285dd70a52d49c80' -> (Import Result ID: 'dd18d84378d447858c2e6f4c8192710a') in 0.001 seconds [static and dynamic dependencies]. Details - ImportResultOutputID=c3f76f950ad42eff4a673453fbfac26c DependenciesID=af4bc7b4f21a631af470a31cdf2e3074 StaticDependenciesID=2050f3af5946112936f46754411e48c1 
Number of updated asset objects reloaded before import = 0
Number of asset objects unloaded after import = 0
========================================================================
Received Import Request.
  Time of request: 2026-10-09T14:09:53.124454Z
  Time since last request: 0.000320949 seconds.
  importAddress: GUID: 4b3af3115f6d00b41a5655ef26d54683 - Path: Packages/com.unity.render-pipelines.core/Editor/StyleSheets/HelpButton.uss - Importer: ScriptedImporter/UnityEditor.QuickSearchModule:UnityEditor.Search:ASIAI0B
Importing 'GUID: 4b3af3115f6d00b41a5655ef26d54683 - Path: Packages/com.unity.render-pipelines.core/Editor/StyleSheets/HelpButton.uss - Importer: ScriptedImporter/UnityEditor.QuickSearchModule:UnityEditor.Search:ASIAI0B' with importer (ScriptedImporter : UnityEditor.QuickSearchModule:UnityEditor.Search:ASIAI0B)
Imported 'GUID: 4b3af3115f6d00b41a5655ef26d54683' -> (Import Result ID: 'd93219b79876983af6768ae2e61b1850') in 0.002 seconds [static and dynamic dependencies]. Details - ImportResultOutputID=e1fbb0e46f4ba9feb7922f43129f2ac6 DependenciesID=94624b57a838791adccbbe50952583bf StaticDependenciesID=5018df8bf2a79f54bb0fa68b1560d0ba 
Number of updated asset objects reloaded before import = 0
Number of asset objects unloaded after import = 1
========================================================================
Received Import Request.
  Time of request: 2026-10-09T14:09:53.133352Z
  Time since last request: 0.000115846 seconds.
  importAddress: GUID: f29084563a5ce604595e5e1395d16f6d - Path: Packages/com.unity.render-pipelines.core/Editor/Settings/SettingsProviderGUIScope.cs - Importer: ScriptedImporter/UnityEditor.QuickSearchModule:UnityEditor.Search:ASIAI0B
Importing 'GUID: f29084563a5ce604595e5e1395d16f6d - Path: Packages/com.unity.render-pipelines.core/Editor/Settings/SettingsProviderGUIScope.cs - Importer: ScriptedImporter/UnityEditor.QuickSearchModule:UnityEditor.Search:ASIAI0B' with importer (ScriptedImporter : UnityEditor.QuickSearchModule:UnityEditor.Search:ASIAI0B)
Imported 'GUID: f29084563a5ce604595e5e1395d16f6d' -> (Import Result ID: '715dcfb8b97f08ba86d44aaec93be383') in 0.001 seconds [static and dynamic dependencies]. Details - ImportResultOutputID=d2217b2acb7eb874ea00eabd8a6ea2a7 DependenciesID=98f7961737a2867463fd4a89c69aaa88 StaticDependenciesID=f578b4bc73d227a58abf5451bba1b93c 
Number of updated asset objects reloaded before import = 0
Number of asset objects unloaded after import = 0
========================================================================
Received Import Request.
  Time of request: 2026-10-09T14:09:53.141298Z
  Time since last request: 0.00026804 seconds.
  importAddress: GUID: bfeff5aa9f408a948abd4150880fc5eb - Path: Packages/com.unity.render-pipelines.core/Editor/STP/STPResourceStripper.cs - Importer: ScriptedImporter/UnityEditor.QuickSearchModule:UnityEditor.Search:ASIAI0B
Importing 'GUID: bfeff5aa9f408a948abd4150880fc5eb - Path: Packages/com.unity.render-pipelines.core/Editor/STP/STPResourceStripper.cs - Importer: ScriptedImporter/UnityEditor.QuickSearchModule:UnityEditor.Search:ASIAI0B' with importer (ScriptedImporter : UnityEditor.QuickSearchModule:UnityEditor.Search:ASIAI0B)
Imported 'GUID: bfeff5aa9f408a948abd4150880fc5eb' -> (Import Result ID: 'aacf3327bbce9548358afc4724036f6f') in 0.001 seconds [static and dynamic dependencies]. Details - ImportResultOutputID=8577e40819f029fd0ddc4ba0b2bc4c23 DependenciesID=4bf4a052eba564d1879ef48c1aeba463 StaticDependenciesID=a9996fcd759b75202c098996eb3e0a02 
Number of updated asset objects reloaded before import = 0
Number of asset objects unloaded after import = 0
========================================================================
Received Import Request.
  Time of request: 2026-10-09T14:09:53.149232Z
  Time since last request: 0.000365893 seconds.
  importAddress: GUID: 33ed5304014ba4c0c9d86740f0d8ab49 - Path: Packages/com.unity.render-pipelines.core/Editor/PathTracing/UnityComputeProbePostProcessor.cs - Importer: ScriptedImporter/UnityEditor.QuickSearchModule:UnityEditor.Search:ASIAI0B
Importing 'GUID: 33ed5304014ba4c0c9d86740f0d8ab49 - Path: Packages/com.unity.render-pipelines.core/Editor/PathTracing/UnityComputeProbePostProcessor.cs - Importer: ScriptedImporter/UnityEditor.QuickSearchModule:UnityEditor.Search:ASIAI0B' with importer (ScriptedImporter : UnityEditor.QuickSearchModule:UnityEditor.Search:ASIAI0B)
Imported 'GUID: 33ed5304014ba4c0c9d86740f0d8ab49' -> (Import Result ID: '71d21d14e2d8e228f32d2c3efa04ca0b') in 0.001 seconds [static and dynamic dependencies]. Details - ImportResultOutputID=cd9ec6afb7adbf9bdd42dddca596be4b DependenciesID=72840f2ea02520c8979a6e3702de45ca StaticDependenciesID=fc1cac126905031c65cab4463e2e74c3 
Number of updated asset objects reloaded before import = 0
Number of asset objects unloaded after import = 0
========================================================================
Received Import Request.
  Time of request: 2026-10-09T14:09:53.157934Z
  Time since last request: 0.000333753 seconds.
  importAddress: GUID: c870ee1bdda2f46839aa9823ce9d94ca - Path: Packages/com.unity.render-pipelines.core/Editor/ScriptTemplates/ScriptTemplates.cs - Importer: ScriptedImporter/UnityEditor.QuickSearchModule:UnityEditor.Search:ASIAI0B
Importing 'GUID: c870ee1bdda2f46839aa9823ce9d94ca - Path: Packages/com.unity.render-pipelines.core/Editor/ScriptTemplates/ScriptTemplates.cs - Importer: ScriptedImporter/UnityEditor.QuickSearchModule:UnityEditor.Search:ASIAI0B' with importer (ScriptedImporter : UnityEditor.QuickSearchModule:UnityEditor.Search:ASIAI0B)
Imported 'GUID: c870ee1bdda2f46839aa9823ce9d94ca' -> (Import Result ID: '8f4c4722ed6a8f890fec70851a0687ea') in 0.002 seconds [static and dynamic dependencies]. Details - ImportResultOutputID=1ec0c8b4342cca95f1f90eb83a4269d3 DependenciesID=1d86be2af614f4993ee70ca9d52da2ed StaticDependenciesID=5b5b76853af7cd906d515f4a002c9540 
Number of updated asset objects reloaded before import = 0
Number of asset objects unloaded after import = 0
========================================================================
Received Import Request.
  Time of request: 2026-10-09T14:09:53.167393Z
  Time since last request: 0.000313635 seconds.
  importAddress: GUID: 2e54b39aedaf3ae4a866b97489135739 - Path: Packages/com.unity.render-pipelines.core/Editor/StyleSheets/HeaderFoldoutDark.uss - Importer: ScriptedImporter/UnityEditor.QuickSearchModule:UnityEditor.Search:ASIAI0B
Importing 'GUID: 2e54b39aedaf3ae4a866b97489135739 - Path: Packages/com.unity.render-pipelines.core/Editor/StyleSheets/HeaderFoldoutDark.uss - Importer: ScriptedImporter/UnityEditor.QuickSearchModule:UnityEditor.Search:ASIAI0B' with importer (ScriptedImporter : UnityEditor.QuickSearchModule:UnityEditor.Search:ASIAI0B)
Imported 'GUID: 2e54b39aedaf3ae4a866b97489135739' -> (Import Result ID: '98da1d8b75129a3a3e8d68955d5b6c72') in 0.003 seconds [static and dynamic dependencies]. Details - ImportResultOutputID=1207971d7e9ade63f431e687c1158d85 DependenciesID=ca13566ed70e0b286fbbff1d94f33e05 StaticDependenciesID=b7e6ca020fe45fdf36ef097351d05003 
Number of updated asset objects reloaded before import = 0
Number of asset objects unloaded after import = 1
========================================================================
Received Import Request.
  Time of request: 2026-10-09T14:09:53.178511Z
  Time since last request: 0.000395228 seconds.
  importAddress: GUID: f569b8bbdde27914494b9a7e653c37e2 - Path: Packages/com.unity.render-pipelines.core/Editor/Properties/PropertiesPreferencesProvider.cs - Importer: ScriptedImporter/UnityEditor.QuickSearchModule:UnityEditor.Search:ASIAI0B
Importing 'GUID: f569b8bbdde27914494b9a7e653c37e2 - Path: Packages/com.unity.render-pipelines.core/Editor/Properties/PropertiesPreferencesProvider.cs - Importer: ScriptedImporter/UnityEditor.QuickSearchModule:UnityEditor.Search:ASIAI0B' with importer (ScriptedImporter : UnityEditor.QuickSearchModule:UnityEditor.Search:ASIAI0B)
Imported 'GUID: f569b8bbdde27914494b9a7e653c37e2' -> (Import Result ID: '7959d1f09a1e8a19f5868aacb1656fef') in 0.002 seconds [static and dynamic dependencies]. Details - ImportResultOutputID=0a3f1613ed0f9e1376dbf5cf655c0bb9 DependenciesID=ba11a8350bde54ba00e336a29e204922 StaticDependenciesID=85c59301b0fe49ac169052467816c3ea 
Number of updated asset objects reloaded before import = 0
Number of asset objects unloaded after import = 0
========================================================================
Received Import Request.
  Time of request: 2026-10-09T14:09:53.188218Z
  Time since last request: 0.000352177 seconds.
  importAddress: GUID: 085cb502223da8f46931abfa47535112 - Path: Packages/com.unity.render-pipelines.core/Editor/UnifiedRayTracing/Unity.UnifiedRayTracing.Editor.asmdef - Importer: ScriptedImporter/UnityEditor.QuickSearchModule:UnityEditor.Search:ASIAI0B
Importing 'GUID: 085cb502223da8f46931abfa47535112 - Path: Packages/com.unity.render-pipelines.core/Editor/UnifiedRayTracing/Unity.UnifiedRayTracing.Editor.asmdef - Importer: ScriptedImporter/UnityEditor.QuickSearchModule:UnityEditor.Search:ASIAI0B' with importer (ScriptedImporter : UnityEditor.QuickSearchModule:UnityEditor.Search:ASIAI0B)
Imported 'GUID: 085cb502223da8f46931abfa47535112' -> (Import Result ID: '4ee071df13f6e568e3ad778db543ae55') in 0.002 seconds [static and dynamic dependencies]. Details - ImportResultOutputID=8642972ba430b21b7f90b0a235b9934d DependenciesID=32d40f9dd349d51d49947d3466a11ede StaticDependenciesID=c51281a9eed245a52cec788fa1897d8b 
Number of updated asset objects reloaded before import = 0
Number of asset objects unloaded after import = 1
========================================================================
Received Import Request.
  Time of request: 2026-10-09T14:09:53.216932Z
  Time since last request: 0.020569266 seconds.
  importAddress: GUID: 07346c0b2cba0214f8f27c46ec2dd613 - Path: Packages/com.unity.render-pipelines.core/Runtime/Common/CoreAttributes.cs - Importer: ScriptedImporter/UnityEditor.QuickSearchModule:UnityEditor.Search:ASIAI0B
Importing 'GUID: 07346c0b2cba0214f8f27c46ec2dd613 - Path: Packages/com.unity.render-pipelines.core/Runtime/Common/CoreAttributes.cs - Importer: ScriptedImporter/UnityEditor.QuickSearchModule:UnityEditor.Search:ASIAI0B' with importer (ScriptedImporter : UnityEditor.QuickSearchModule:UnityEditor.Search:ASIAI0B)
Imported 'GUID: 07346c0b2cba0214f8f27c46ec2dd613' -> (Import Result ID: '4a36360778c951a9653f874d3c378472') in 0.001 seconds [static and dynamic dependencies]. Details - ImportResultOutputID=8a180c90af2222b6471caf119a932d6c DependenciesID=ed3d0054895a46486cd16eba16380e06 StaticDependenciesID=a61d596019b3f8e008762a8922836a67 
Number of updated asset objects reloaded before import = 0
Number of asset objects unloaded after import = 0
========================================================================
Received Import Request.
  Time of request: 2026-10-09T14:09:53.225979Z
  Time since last request: 0.000572308 seconds.
  importAddress: GUID: 7e05bed69cf53a5439ed1acb56d7bbbd - Path: Packages/com.unity.render-pipelines.core/Runtime/CommandBuffers/IRasterCommandBuffer.cs - Importer: ScriptedImporter/UnityEditor.QuickSearchModule:UnityEditor.Search:ASIAI0B
Importing 'GUID: 7e05bed69cf53a5439ed1acb56d7bbbd - Path: Packages/com.unity.render-pipelines.core/Runtime/CommandBuffers/IRasterCommandBuffer.cs - Importer: ScriptedImporter/UnityEditor.QuickSearchModule:UnityEditor.Search:ASIAI0B' with importer (ScriptedImporter : UnityEditor.QuickSearchModule:UnityEditor.Search:ASIAI0B)
Imported 'GUID: 7e05bed69cf53a5439ed1acb56d7bbbd' -> (Import Result ID: '299764dfbd8b502ccd8bfee46c603f9a') in 0.002 seconds [static and dynamic dependencies]. Details - ImportResultOutputID=3491c97fdfd1e14fb4f8ed07e951946d DependenciesID=0b94b1f827de6fce08d6c10e9936463b StaticDependenciesID=bcfd2728d5c7c8e8f92ee67ae2290bd1 
Number of updated asset objects reloaded before import = 0
Number of asset objects unloaded after import = 0
========================================================================
Received Import Request.
  Time of request: 2026-10-09T14:09:53.234255Z
  Time since last request: 0.000606412 seconds.
  importAddress: GUID: 387193679abe1894fa3e4edf840e8932 - Path: Packages/com.unity.render-pipelines.core/Runtime/Common/IAdditionalData.cs - Importer: ScriptedImporter/UnityEditor.QuickSearchModule:UnityEditor.Search:ASIAI0B
Importing 'GUID: 387193679abe1894fa3e4edf840e8932 - Path: Packages/com.unity.render-pipelines.core/Runtime/Common/IAdditionalData.cs - Importer: ScriptedImporter/UnityEditor.QuickSearchModule:UnityEditor.Search:ASIAI0B' with importer (ScriptedImporter : UnityEditor.QuickSearchModule:UnityEditor.Search:ASIAI0B)
Imported 'GUID: 387193679abe1894fa3e4edf840e8932' -> (Import Result ID: '211ee39a18b767d8d37bfe5c1d1f6476') in 0.003 seconds [static and dynamic dependencies]. Details - ImportResultOutputID=05aeb72a75a4845da47fce3063705fb3 DependenciesID=fb20466925716a55ef96115d1c96e07d StaticDependenciesID=7819334592fc01f9531fb452aef784a7 
Number of updated asset objects reloaded before import = 0
Number of asset objects unloaded after import = 0
========================================================================
Received Import Request.
  Time of request: 2026-10-09T14:09:53.243492Z
  Time since last request: 0.000248524 seconds.
  importAddress: GUID: abbe08f5688bd7342b997cf075044945 - Path: Packages/com.unity.render-pipelines.core/Runtime/Common/IVirtualTexturingEnabledRenderPipeline.cs - Importer: ScriptedImporter/UnityEditor.QuickSearchModule:UnityEditor.Search:ASIAI0B
Importing 'GUID: abbe08f5688bd7342b997cf075044945 - Path: Packages/com.unity.render-pipelines.core/Runtime/Common/IVirtualTexturingEnabledRenderPipeline.cs - Importer: ScriptedImporter/UnityEditor.QuickSearchModule:UnityEditor.Search:ASIAI0B' with importer (ScriptedImporter : UnityEditor.QuickSearchModule:UnityEditor.Search:ASIAI0B)
Imported 'GUID: abbe08f5688bd7342b997cf075044945' -> (Import Result ID: '15c2efe5809e96bc8a5868384b125f29') in 0.002 seconds [static and dynamic dependencies]. Details - ImportResultOutputID=a3725c5ef0fb64ec2d991e823331f57d DependenciesID=9d8750d8db63b6df71c4956257ff41d5 StaticDependenciesID=a824c1d76aabe485d3bdbad90a31c628 
Number of updated asset objects reloaded before import = 0
Number of asset objects unloaded after import = 0
========================================================================
Received Import Request.
  Time of request: 2026-10-09T14:09:53.252577Z
  Time since last request: 0.000252261 seconds.
  importAddress: GUID: 83081aa5e4e6c6e419ae82cce8044ec8 - Path: Packages/com.unity.render-pipelines.core/Runtime/CommandBuffers/IComputeCommandBuffer.cs - Importer: ScriptedImporter/UnityEditor.QuickSearchModule:UnityEditor.Search:ASIAI0B
Importing 'GUID: 83081aa5e4e6c6e419ae82cce8044ec8 - Path: Packages/com.unity.render-pipelines.core/Runtime/CommandBuffers/IComputeCommandBuffer.cs - Importer: ScriptedImporter/UnityEditor.QuickSearchModule:UnityEditor.Search:ASIAI0B' with importer (ScriptedImporter : UnityEditor.QuickSearchModule:UnityEditor.Search:ASIAI0B)
Imported 'GUID: 83081aa5e4e6c6e419ae82cce8044ec8' -> (Import Result ID: '436329bf9434b6f32315e3c7dc00cb0a') in 0.001 seconds [static and dynamic dependencies]. Details - ImportResultOutputID=680b9357655c9fec5cc9fc649bc901bb DependenciesID=dc1f15dd511c4bb1502b4185b8bebe75 StaticDependenciesID=ab1eceeaafb7bdd5ae6777bc5dad4d18 
Number of updated asset objects reloaded before import = 0
Number of asset objects unloaded after import = 0
========================================================================
Received Import Request.
  Time of request: 2026-10-09T14:09:53.261155Z
  Time since last request: 0.000370081 seconds.
  importAddress: GUID: 3b21275fd12d65f49babb5286f040f2d - Path: Packages/com.unity.render-pipelines.core/Runtime/Debug/ProbeVolumeDebug.shader - Importer: ScriptedImporter/UnityEditor.QuickSearchModule:UnityEditor.Search:ASIAI0B
Importing 'GUID: 3b21275fd12d65f49babb5286f040f2d - Path: Packages/com.unity.render-pipelines.core/Runtime/Debug/ProbeVolumeDebug.shader - Importer: ScriptedImporter/UnityEditor.QuickSearchModule:UnityEditor.Search:ASIAI0B' with importer (ScriptedImporter : UnityEditor.QuickSearchModule:UnityEditor.Search:ASIAI0B)
Imported 'GUID: 3b21275fd12d65f49babb5286f040f2d' -> (Import Result ID: '4cec99becb8d72f17db3bad1a1e111b3') in 0.005 seconds [static and dynamic dependencies]. Details - ImportResultOutputID=6a11a8451eefaa13b68f54eebaae1ea8 DependenciesID=455568b872ebf271efd6677e2f23c914 StaticDependenciesID=0ffbcd51071a835392da44938eb3f6c6 
Number of updated asset objects reloaded before import = 0
Number of asset objects unloaded after import = 1
========================================================================
Received Import Request.
  Time of request: 2026-10-09T14:09:53.272709Z
  Time since last request: 0.000249606 seconds.
  importAddress: GUID: db8bd7436dc2c5f4c92655307d198381 - Path: Packages/com.unity.render-pipelines.core/Runtime/Debug/ProbeVolumeOffsetDebug.shader - Importer: ScriptedImporter/UnityEditor.QuickSearchModule:UnityEditor.Search:ASIAI0B
Importing 'GUID: db8bd7436dc2c5f4c92655307d198381 - Path: Packages/com.unity.render-pipelines.core/Runtime/Debug/ProbeVolumeOffsetDebug.shader - Importer: ScriptedImporter/UnityEditor.QuickSearchModule:UnityEditor.Search:ASIAI0B' with importer (ScriptedImporter : UnityEditor.QuickSearchModule:UnityEditor.Search:ASIAI0B)
Imported 'GUID: db8bd7436dc2c5f4c92655307d198381' -> (Import Result ID: 'e1608afdcf6a6cd172ffae28be82acfe') in 0.002 seconds [static and dynamic dependencies]. Details - ImportResultOutputID=cfb2f98be746231ffec0d22d3fab0212 DependenciesID=4ef6a7e036fcf1f3d0540a2440b1304e StaticDependenciesID=56c517fd52b6763f5d49e7524963829c 
Number of updated asset objects reloaded before import = 0
Number of asset objects unloaded after import = 1
========================================================================
Received Import Request.
  Time of request: 2026-10-09T14:09:53.28293Z
  Time since last request: 0.00024102 seconds.
  importAddress: GUID: 1511526f1e7c8e94ea477c5b5c9dcc32 - Path: Packages/com.unity.render-pipelines.core/Runtime/Common/ObservableList.cs - Importer: ScriptedImporter/UnityEditor.QuickSearchModule:UnityEditor.Search:ASIAI0B
Importing 'GUID: 1511526f1e7c8e94ea477c5b5c9dcc32 - Path: Packages/com.unity.render-pipelines.core/Runtime/Common/ObservableList.cs - Importer: ScriptedImporter/UnityEditor.QuickSearchModule:UnityEditor.Search:ASIAI0B' with importer (ScriptedImporter : UnityEditor.QuickSearchModule:UnityEditor.Search:ASIAI0B)
Imported 'GUID: 1511526f1e7c8e94ea477c5b5c9dcc32' -> (Import Result ID: '0f2d8674ae0c7748b1bd8ce6cd111679') in 0.002 seconds [static and dynamic dependencies]. Details - ImportResultOutputID=437b3210f5442a8fdb07f8eda2ac2de4 DependenciesID=e1d49c1b6f64ec86e94df3e4fe5cdd7b StaticDependenciesID=5a4da4bb43bd44c2d33ac45a549c9c15 
Number of updated asset objects reloaded before import = 0
Number of asset objects unloaded after import = 0
========================================================================
Received Import Request.
  Time of request: 2026-10-09T14:09:53.292532Z
  Time since last request: 0.000206966 seconds.
  importAddress: GUID: 517f802c8cb944ef2adf160f7f8f0c75 - Path: Packages/com.unity.render-pipelines.core/Runtime/CommandBuffers/UnsafeCommandBuffer.cs - Importer: ScriptedImporter/UnityEditor.QuickSearchModule:UnityEditor.Search:ASIAI0B
Importing 'GUID: 517f802c8cb944ef2adf160f7f8f0c75 - Path: Packages/com.unity.render-pipelines.core/Runtime/CommandBuffers/UnsafeCommandBuffer.cs - Importer: ScriptedImporter/UnityEditor.QuickSearchModule:UnityEditor.Search:ASIAI0B' with importer (ScriptedImporter : UnityEditor.QuickSearchModule:UnityEditor.Search:ASIAI0B)
Imported 'GUID: 517f802c8cb944ef2adf160f7f8f0c75' -> (Import Result ID: '29ab44cc5906db51f42d2f0cc3da83ed') in 0.001 seconds [static and dynamic dependencies]. Details - ImportResultOutputID=7d5c6d4a4ae7d7c05789f4418f5c310e DependenciesID=de18b745ebff6b3a8b75a1d02e6f9f35 StaticDependenciesID=525b57926a89bf24bb1bf8c246b6a6cc 
Number of updated asset objects reloaded before import = 0
Number of asset objects unloaded after import = 0
========================================================================
Received Import Request.
  Time of request: 2026-10-09T14:09:53.300448Z
  Time since last request: 0.000178443 seconds.
  importAddress: GUID: 9a033a261241d6e48af8ca011ab7c5c1 - Path: Packages/com.unity.render-pipelines.core/Editor/Volume/VolumeEditor.cs - Importer: ScriptedImporter/UnityEditor.QuickSearchModule:UnityEditor.Search:ASIAI0B
Importing 'GUID: 9a033a261241d6e48af8ca011ab7c5c1 - Path: Packages/com.unity.render-pipelines.core/Editor/Volume/VolumeEditor.cs - Importer: ScriptedImporter/UnityEditor.QuickSearchModule:UnityEditor.Search:ASIAI0B' with importer (ScriptedImporter : UnityEditor.QuickSearchModule:UnityEditor.Search:ASIAI0B)
Imported 'GUID: 9a033a261241d6e48af8ca011ab7c5c1' -> (Import Result ID: '745bf540d55978cb2c4a3e858c1f724a') in 0.001 seconds [static and dynamic dependencies]. Details - ImportResultOutputID=affd3c6938031c22dac500405f1a8612 DependenciesID=657f43525d36f5fdad0cd45622947736 StaticDependenciesID=1033d8df68c3ed6458bf1319e79c4698 
Number of updated asset objects reloaded before import = 0
Number of asset objects unloaded after import = 0
========================================================================
Received Import Request.
  Time of request: 2026-10-09T14:09:53.30796Z
  Time since last request: 0.000179105 seconds.
  importAddress: GUID: f52d1e5345c395641b482217c8804ff9 - Path: Packages/com.unity.render-pipelines.core/Runtime/Camera/CameraSwitcher.cs - Importer: ScriptedImporter/UnityEditor.QuickSearchModule:UnityEditor.Search:ASIAI0B
Importing 'GUID: f52d1e5345c395641b482217c8804ff9 - Path: Packages/com.unity.render-pipelines.core/Runtime/Camera/CameraSwitcher.cs - Importer: ScriptedImporter/UnityEditor.QuickSearchModule:UnityEditor.Search:ASIAI0B' with importer (ScriptedImporter : UnityEditor.QuickSearchModule:UnityEditor.Search:ASIAI0B)
Imported 'GUID: f52d1e5345c395641b482217c8804ff9' -> (Import Result ID: 'da88dea480ed9e2e4e5f434134e7ebf4') in 0.001 seconds [static and dynamic dependencies]. Details - ImportResultOutputID=6eff8070c650f036fc161b0ba67d5312 DependenciesID=87e1c46bd55f8347abbe0ad5445de21b StaticDependenciesID=86bb6cb6c05a5974b7d039335c8acda5 
Number of updated asset objects reloaded before import = 0
Number of asset objects unloaded after import = 0
========================================================================
Received Import Request.
  Time of request: 2026-10-09T14:09:53.315689Z
  Time since last request: 0.000311011 seconds.
  importAddress: GUID: 602e65923ac15cd498c65c02be421511 - Path: Packages/com.unity.render-pipelines.core/Runtime/Common/GlobalDynamicResolutionSettings.cs - Importer: ScriptedImporter/UnityEditor.QuickSearchModule:UnityEditor.Search:ASIAI0B
Importing 'GUID: 602e65923ac15cd498c65c02be421511 - Path: Packages/com.unity.render-pipelines.core/Runtime/Common/GlobalDynamicResolutionSettings.cs - Importer: ScriptedImporter/UnityEditor.QuickSearchModule:UnityEditor.Search:ASIAI0B' with importer (ScriptedImporter : UnityEditor.QuickSearchModule:UnityEditor.Search:ASIAI0B)
Imported 'GUID: 602e65923ac15cd498c65c02be421511' -> (Import Result ID: '7e2e684db946da6b5b4c055f38f362a4') in 0.002 seconds [static and dynamic dependencies]. Details - ImportResultOutputID=138d2f716c4530b62de6edb897390038 DependenciesID=7c9d58d5901be3310e36c16bf19f314c StaticDependenciesID=95b66ef6acd1f6a7a83844dc22e4b1c7 
Number of updated asset objects reloaded before import = 0
Number of asset objects unloaded after import = 0
========================================================================
Received Import Request.
  Time of request: 2026-10-09T14:09:53.323954Z
  Time since last request: 0.000200634 seconds.
  importAddress: GUID: 614eebdfcdcaf804daf7202397af35b4 - Path: Packages/com.unity.render-pipelines.core/Runtime/CommandBuffers/IBaseCommandBuffer.cs - Importer: ScriptedImporter/UnityEditor.QuickSearchModule:UnityEditor.Search:ASIAI0B
Importing 'GUID: 614eebdfcdcaf804daf7202397af35b4 - Path: Packages/com.unity.render-pipelines.core/Runtime/CommandBuffers/IBaseCommandBuffer.cs - Importer: ScriptedImporter/UnityEditor.QuickSearchModule:UnityEditor.Search:ASIAI0B' with importer (ScriptedImporter : UnityEditor.QuickSearchModule:UnityEditor.Search:ASIAI0B)
Imported 'GUID: 614eebdfcdcaf804daf7202397af35b4' -> (Import Result ID: '33c8bb8bde7b798e62954b7b180ae829') in 0.001 seconds [static and dynamic dependencies]. Details - ImportResultOutputID=c0689874697fba95401415418bae9661 DependenciesID=703d11b9db2c292ebf09b3f8a19e8738 StaticDependenciesID=dcd76cad89070e65683b26164861a23c 
Number of updated asset objects reloaded before import = 0
Number of asset objects unloaded after import = 0
========================================================================
Received Import Request.
  Time of request: 2026-10-09T14:09:53.332936Z
  Time since last request: 0.000168294 seconds.
  importAddress: GUID: 0c0fc89bf58dc6d4590d0db55a62679e - Path: Packages/com.unity.render-pipelines.core/Runtime/Debug/ProbeVolumeDebugBase.hlsl - Importer: ScriptedImporter/UnityEditor.QuickSearchModule:UnityEditor.Search:ASIAI0B
Importing 'GUID: 0c0fc89bf58dc6d4590d0db55a62679e - Path: Packages/com.unity.render-pipelines.core/Runtime/Debug/ProbeVolumeDebugBase.hlsl - Importer: ScriptedImporter/UnityEditor.QuickSearchModule:UnityEditor.Search:ASIAI0B' with importer (ScriptedImporter : UnityEditor.QuickSearchModule:UnityEditor.Search:ASIAI0B)
Imported 'GUID: 0c0fc89bf58dc6d4590d0db55a62679e' -> (Import Result ID: '3f2c67e424afa89de78831e50de6279b') in 0.001 seconds [static and dynamic dependencies]. Details - ImportResultOutputID=4ce30143c6f61e24ebb369a7e03672da DependenciesID=183481e50b79ddb8dd895183fdcc142a StaticDependenciesID=35ee600671a501f8b6b5bc8995e77adc 
Number of updated asset objects reloaded before import = 0
Number of asset objects unloaded after import = 1
========================================================================
Received Import Request.
  Time of request: 2026-10-09T14:09:53.341736Z
  Time since last request: 0.000156092 seconds.
  importAddress: GUID: 7bbce3ae0d13a4240a1d7531d1e00b3d - Path: Packages/com.unity.render-pipelines.core/Runtime/Common/SerializableEnum.cs - Importer: ScriptedImporter/UnityEditor.QuickSearchModule:UnityEditor.Search:ASIAI0B
Importing 'GUID: 7bbce3ae0d13a4240a1d7531d1e00b3d - Path: Packages/com.unity.render-pipelines.core/Runtime/Common/SerializableEnum.cs - Importer: ScriptedImporter/UnityEditor.QuickSearchModule:UnityEditor.Search:ASIAI0B' with importer (ScriptedImporter : UnityEditor.QuickSearchModule:UnityEditor.Search:ASIAI0B)
Imported 'GUID: 7bbce3ae0d13a4240a1d7531d1e00b3d' -> (Import Result ID: '94208781b21fb0b4ce2501db891e7026') in 0.001 seconds [static and dynamic dependencies]. Details - ImportResultOutputID=ff9fa45ce65e6cb5228a639577fd88ce DependenciesID=91d3a44add89133fd917e4dd39db7c13 StaticDependenciesID=df2656a5ac85d0a703dd458b92724a1d 
Number of updated asset objects reloaded before import = 0
Number of asset objects unloaded after import = 0
========================================================================
Received Import Request.
  Time of request: 2026-10-09T14:09:53.34986Z
  Time since last request: 0.000180347 seconds.
  importAddress: GUID: abf61146103c4444290de1048016607b - Path: Packages/com.unity.render-pipelines.core/Editor/Volume/SerializedDataParameter.cs - Importer: ScriptedImporter/UnityEditor.QuickSearchModule:UnityEditor.Search:ASIAI0B
Importing 'GUID: abf61146103c4444290de1048016607b - Path: Packages/com.unity.render-pipelines.core/Editor/Volume/SerializedDataParameter.cs - Importer: ScriptedImporter/UnityEditor.QuickSearchModule:UnityEditor.Search:ASIAI0B' with importer (ScriptedImporter : UnityEditor.QuickSearchModule:UnityEditor.Search:ASIAI0B)
Imported 'GUID: abf61146103c4444290de1048016607b' -> (Import Result ID: '0ebf4f25f1dc861c448fbb8831d4de7c') in 0.001 seconds [static and dynamic dependencies]. Details - ImportResultOutputID=a5928301bc28d5fb8dbe57ea0ab5590c DependenciesID=a95c01f8168a5c0084a77221fe37d79e StaticDependenciesID=56e54b62a041972d4cd46bdc051ba7ac 
Number of updated asset objects reloaded before import = 0
Number of asset objects unloaded after import = 0
========================================================================
Received Import Request.
  Time of request: 2026-10-09T14:09:53.358018Z
  Time since last request: 0.000220892 seconds.
  importAddress: GUID: b21ca88b322a62d4b9a511ddabc12251 - Path: Packages/com.unity.render-pipelines.core/Runtime/Common/SerializedDictionary.cs - Importer: ScriptedImporter/UnityEditor.QuickSearchModule:UnityEditor.Search:ASIAI0B
Importing 'GUID: b21ca88b322a62d4b9a511ddabc12251 - Path: Packages/com.unity.render-pipelines.core/Runtime/Common/SerializedDictionary.cs - Importer: ScriptedImporter/UnityEditor.QuickSearchModule:UnityEditor.Search:ASIAI0B' with importer (ScriptedImporter : UnityEditor.QuickSearchModule:UnityEditor.Search:ASIAI0B)
Imported 'GUID: b21ca88b322a62d4b9a511ddabc12251' -> (Import Result ID: 'c21d8ed7d32ff77122cc13d9b33244ec') in 0.001 seconds [static and dynamic dependencies]. Details - ImportResultOutputID=ebb8be1cf7ad93023392273ba05c9565 DependenciesID=b9a2d8b36e5dfb25fb5b994a0b34f94c StaticDependenciesID=d76067c211edaf66cdff0398fd22d332 
Number of updated asset objects reloaded before import = 0
Number of asset objects unloaded after import = 0
========================================================================
Received Import Request.
  Time of request: 2026-10-09T14:09:53.376835Z
  Time since last request: 0.010760616 seconds.
  importAddress: GUID: 5484b35e7a724b13a637afdb13e824b0 - Path: Packages/com.unity.render-pipelines.core/Runtime/Debugging/DebugUI.FieldUtils.cs - Importer: ScriptedImporter/UnityEditor.QuickSearchModule:UnityEditor.Search:ASIAI0B
Importing 'GUID: 5484b35e7a724b13a637afdb13e824b0 - Path: Packages/com.unity.render-pipelines.core/Runtime/Debugging/DebugUI.FieldUtils.cs - Importer: ScriptedImporter/UnityEditor.QuickSearchModule:UnityEditor.Search:ASIAI0B' with importer (ScriptedImporter : UnityEditor.QuickSearchModule:UnityEditor.Search:ASIAI0B)
Imported 'GUID: 5484b35e7a724b13a637afdb13e824b0' -> (Import Result ID: 'f7186edfcd73d3e0d8ca8f58dfb354a3') in 0.001 seconds [static and dynamic dependencies]. Details - ImportResultOutputID=fb0c69a641f6cd036cb5ae2ea0d3d2f2 DependenciesID=51801b77802931ed121a09a1411a4d3e StaticDependenciesID=27f3bc05877afffe256ae1d1ef042b91 
Number of updated asset objects reloaded before import = 0
Number of asset objects unloaded after import = 0
========================================================================
Received Import Request.
  Time of request: 2026-10-09T14:09:53.385616Z
  Time since last request: 0.000338762 seconds.
  importAddress: GUID: 04743554ea1c1c54caac7947ba34e5cc - Path: Packages/com.unity.render-pipelines.core/Runtime/ObjectDispatcher/ObjectDispatcher.cs - Importer: ScriptedImporter/UnityEditor.QuickSearchModule:UnityEditor.Search:ASIAI0B
Importing 'GUID: 04743554ea1c1c54caac7947ba34e5cc - Path: Packages/com.unity.render-pipelines.core/Runtime/ObjectDispatcher/ObjectDispatcher.cs - Importer: ScriptedImporter/UnityEditor.QuickSearchModule:UnityEditor.Search:ASIAI0B' with importer (ScriptedImporter : UnityEditor.QuickSearchModule:UnityEditor.Search:ASIAI0B)
Imported 'GUID: 04743554ea1c1c54caac7947ba34e5cc' -> (Import Result ID: '3fd073f68be0e0cd01760911dfd3ff7a') in 0.002 seconds [static and dynamic dependencies]. Details - ImportResultOutputID=8a1e157fc08783bdf32eaef5a4ff21e5 DependenciesID=e44996ed56cc54e11a341a8505cb26ab StaticDependenciesID=2f2b685c3a426505f85d934cb4e61218 
Number of updated asset objects reloaded before import = 0
Number of asset objects unloaded after import = 0
========================================================================
Received Import Request.
  Time of request: 2026-10-09T14:09:53.393782Z
  Time since last request: 0.000438488 seconds.
  importAddress: GUID: b9ea0a15a47dead4ebc52bd3f7a926c1 - Path: Packages/com.unity.render-pipelines.core/Runtime/Debugging/DebugManager.InputLegacy.cs - Importer: ScriptedImporter/UnityEditor.QuickSearchModule:UnityEditor.Search:ASIAI0B
Importing 'GUID: b9ea0a15a47dead4ebc52bd3f7a926c1 - Path: Packages/com.unity.render-pipelines.core/Runtime/Debugging/DebugManager.InputLegacy.cs - Importer: ScriptedImporter/UnityEditor.QuickSearchModule:UnityEditor.Search:ASIAI0B' with importer (ScriptedImporter : UnityEditor.QuickSearchModule:UnityEditor.Search:ASIAI0B)
Imported 'GUID: b9ea0a15a47dead4ebc52bd3f7a926c1' -> (Import Result ID: '62956505b77a5d9bba00e61fe49c172d') in 0.002 seconds [static and dynamic dependencies]. Details - ImportResultOutputID=c4ffeb6569a0e2302dfec5baf5a79a29 DependenciesID=468def28a8078ef1a13bf2527e7c35b2 StaticDependenciesID=796f8cd19df70576f69965f59b98eb61 
Number of updated asset objects reloaded before import = 0
Number of asset objects unloaded after import = 0
========================================================================
Received Import Request.
  Time of request: 2026-10-09T14:09:53.403078Z
  Time since last request: 0.00046067 seconds.
  importAddress: GUID: 79550f93c7dc21e41b0af2097cf46b53 - Path: Packages/com.unity.render-pipelines.core/Runtime/PathTracing/HandleSet.cs - Importer: ScriptedImporter/UnityEditor.QuickSearchModule:UnityEditor.Search:ASIAI0B
Importing 'GUID: 79550f93c7dc21e41b0af2097cf46b53 - Path: Packages/com.unity.render-pipelines.core/Runtime/PathTracing/HandleSet.cs - Importer: ScriptedImporter/UnityEditor.QuickSearchModule:UnityEditor.Search:ASIAI0B' with importer (ScriptedImporter : UnityEditor.QuickSearchModule:UnityEditor.Search:ASIAI0B)
Imported 'GUID: 79550f93c7dc21e41b0af2097cf46b53' -> (Import Result ID: '2286462b4bebf05df0f4f4a87d252704') in 0.001 seconds [static and dynamic dependencies]. Details - ImportResultOutputID=c37e5f6682b6dbd52ff700b3422907cf DependenciesID=068d17565a4ce835e21b034926257946 StaticDependenciesID=d50075b20a02aa258773c9e6026dade6 
Number of updated asset objects reloaded before import = 0
Number of asset objects unloaded after import = 0
========================================================================
Received Import Request.
  Time of request: 2026-10-09T14:09:53.4114Z
  Time since last request: 0.001010116 seconds.
  importAddress: GUID: 4fefac0c47bcdce4299384727a250dc9 - Path: Packages/com.unity.render-pipelines.core/Runtime/Debugging/VolumeDebugSettings.cs - Importer: ScriptedImporter/UnityEditor.QuickSearchModule:UnityEditor.Search:ASIAI0B
Importing 'GUID: 4fefac0c47bcdce4299384727a250dc9 - Path: Packages/com.unity.render-pipelines.core/Runtime/Debugging/VolumeDebugSettings.cs - Importer: ScriptedImporter/UnityEditor.QuickSearchModule:UnityEditor.Search:ASIAI0B' with importer (ScriptedImporter : UnityEditor.QuickSearchModule:UnityEditor.Search:ASIAI0B)
Imported 'GUID: 4fefac0c47bcdce4299384727a250dc9' -> (Import Result ID: '068b42d251f10dd8baf297c26f18511b') in 0.002 seconds [static and dynamic dependencies]. Details - ImportResultOutputID=471088bb19a6137d5bf49294b6cb43ba DependenciesID=ac155ac7743d1429b83d11d453d19b37 StaticDependenciesID=087d7555a42c58deaddad8a782a7af2e 
Number of updated asset objects reloaded before import = 0
Number of asset objects unloaded after import = 0
========================================================================
Received Import Request.
  Time of request: 2026-10-09T14:09:53.420267Z
  Time since last request: 0.000299749 seconds.
  importAddress: GUID: 6333654841b048a68ca51b3b64fd0fbb - Path: Packages/com.unity.render-pipelines.core/Runtime/Debugging/ISerializedDebugDisplaySettings.cs - Importer: ScriptedImporter/UnityEditor.QuickSearchModule:UnityEditor.Search:ASIAI0B
Importing 'GUID: 6333654841b048a68ca51b3b64fd0fbb - Path: Packages/com.unity.render-pipelines.core/Runtime/Debugging/ISerializedDebugDisplaySettings.cs - Importer: ScriptedImporter/UnityEditor.QuickSearchModule:UnityEditor.Search:ASIAI0B' with importer (ScriptedImporter : UnityEditor.QuickSearchModule:UnityEditor.Search:ASIAI0B)
Imported 'GUID: 6333654841b048a68ca51b3b64fd0fbb' -> (Import Result ID: '9143fd820a174c26241d3a6210e7f8a7') in 0.002 seconds [static and dynamic dependencies]. Details - ImportResultOutputID=d3f702a809f034902408c747901f03e4 DependenciesID=92145bf806b9c8735d219185df03383c StaticDependenciesID=7dfb1e41b72cf46b57f275da20934004 
Number of updated asset objects reloaded before import = 0
Number of asset objects unloaded after import = 0
========================================================================
Received Import Request.
  Time of request: 2026-10-09T14:09:53.429665Z
  Time since last request: 0.00023586 seconds.
  importAddress: GUID: 128dfdf16fa4423c9153da9a8672b669 - Path: Packages/com.unity.render-pipelines.core/Runtime/GPUDriven/IGPUResidentRenderPipeline.cs - Importer: ScriptedImporter/UnityEditor.QuickSearchModule:UnityEditor.Search:ASIAI0B
Importing 'GUID: 128dfdf16fa4423c9153da9a8672b669 - Path: Packages/com.unity.render-pipelines.core/Runtime/GPUDriven/IGPUResidentRenderPipeline.cs - Importer: ScriptedImporter/UnityEditor.QuickSearchModule:UnityEditor.Search:ASIAI0B' with importer (ScriptedImporter : UnityEditor.QuickSearchModule:UnityEditor.Search:ASIAI0B)
Imported 'GUID: 128dfdf16fa4423c9153da9a8672b669' -> (Import Result ID: '34c08af809b1716ecdd7e6ab8eec94eb') in 0.001 seconds [static and dynamic dependencies]. Details - ImportResultOutputID=daad677e8cc6517a961900763d30b750 DependenciesID=03b366e7f5157b12dd0e542346feee8f StaticDependenciesID=930d2dbb9524720f74905cfad667f52e 
Number of updated asset objects reloaded before import = 0
Number of asset objects unloaded after import = 0
========================================================================
Received Import Request.
  Time of request: 2026-10-09T14:09:53.438422Z
  Time since last request: 0.000395819 seconds.
  importAddress: GUID: 2555d7f783a93094cb7bd2e7f54feca1 - Path: Packages/com.unity.render-pipelines.core/Runtime/PathTracing/AdaptiveSamplingHelpers.cs - Importer: ScriptedImporter/UnityEditor.QuickSearchModule:UnityEditor.Search:ASIAI0B
Importing 'GUID: 2555d7f783a93094cb7bd2e7f54feca1 - Path: Packages/com.unity.render-pipelines.core/Runtime/PathTracing/AdaptiveSamplingHelpers.cs - Importer: ScriptedImporter/UnityEditor.QuickSearchModule:UnityEditor.Search:ASIAI0B' with importer (ScriptedImporter : UnityEditor.QuickSearchModule:UnityEditor.Search:ASIAI0B)
Imported 'GUID: 2555d7f783a93094cb7bd2e7f54feca1' -> (Import Result ID: '97c975f1f482fd1c8f32a0f35b44364a') in 0.001 seconds [static and dynamic dependencies]. Details - ImportResultOutputID=71430baecc4b3eaf81cae6d6c7348fea DependenciesID=d3a4288e6330bf4658036bc3b608707f StaticDependenciesID=8aa6da16a09e21804f21bd1b283693fa 
Number of updated asset objects reloaded before import = 0
Number of asset objects unloaded after import = 0
========================================================================
Received Import Request.
  Time of request: 2026-10-09T14:09:53.446857Z
  Time since last request: 0.000239397 seconds.
  importAddress: GUID: e817ef0dd5474269a43c074c595854d6 - Path: Packages/com.unity.render-pipelines.core/Runtime/Debugging/DebugDisplayStats.cs - Importer: ScriptedImporter/UnityEditor.QuickSearchModule:UnityEditor.Search:ASIAI0B
Importing 'GUID: e817ef0dd5474269a43c074c595854d6 - Path: Packages/com.unity.render-pipelines.core/Runtime/Debugging/DebugDisplayStats.cs - Importer: ScriptedImporter/UnityEditor.QuickSearchModule:UnityEditor.Search:ASIAI0B' with importer (ScriptedImporter : UnityEditor.QuickSearchModule:UnityEditor.Search:ASIAI0B)
Imported 'GUID: e817ef0dd5474269a43c074c595854d6' -> (Import Result ID: '60a8947a38cdbc4568ac078fb3af3caf') in 0.001 seconds [static and dynamic dependencies]. Details - ImportResultOutputID=76aefa46bd42ca4ee325343c7490d682 DependenciesID=88d6e6e54e01af4ac8c5f156a7085e7e StaticDependenciesID=4f9d5c9cd6c1d0a10e41ec6346e072fb 
Number of updated asset objects reloaded before import = 0
Number of asset objects unloaded after import = 0
========================================================================
Received Import Request.
  Time of request: 2026-10-09T14:09:53.454817Z
  Time since last request: 0.000111979 seconds.
  importAddress: GUID: 9771abc6c607d7244b4ddbe608ab86fa - Path: Packages/com.unity.render-pipelines.core/Runtime/Debugging/IVolumeDebugSettings.cs - Importer: ScriptedImporter/UnityEditor.QuickSearchModule:UnityEditor.Search:ASIAI0B
Importing 'GUID: 9771abc6c607d7244b4ddbe608ab86fa - Path: Packages/com.unity.render-pipelines.core/Runtime/Debugging/IVolumeDebugSettings.cs - Importer: ScriptedImporter/UnityEditor.QuickSearchModule:UnityEditor.Search:ASIAI0B' with importer (ScriptedImporter : UnityEditor.QuickSearchModule:UnityEditor.Search:ASIAI0B)
Imported 'GUID: 9771abc6c607d7244b4ddbe608ab86fa' -> (Import Result ID: '15183c4cfe3e129c2dfa19c12b053360') in 0.001 seconds [static and dynamic dependencies]. Details - ImportResultOutputID=855b3498358ed4a6637209a77e681f7a DependenciesID=209aadbfe6db6ffdf0f369ba6fcc3950 StaticDependenciesID=98cc7055fe020041d97b89a61a049160 
Number of updated asset objects reloaded before import = 0
Number of asset objects unloaded after import = 0
========================================================================
Received Import Request.
  Time of request: 2026-10-09T14:09:53.463198Z
  Time since last request: 0.000193582 seconds.
  importAddress: GUID: 267b889b8e81a45d2a5f5bc4121bc7b9 - Path: Packages/com.unity.render-pipelines.core/Runtime/Debugging/DebugDisplaySettingsUI.cs - Importer: ScriptedImporter/UnityEditor.QuickSearchModule:UnityEditor.Search:ASIAI0B
Importing 'GUID: 267b889b8e81a45d2a5f5bc4121bc7b9 - Path: Packages/com.unity.render-pipelines.core/Runtime/Debugging/DebugDisplaySettingsUI.cs - Importer: ScriptedImporter/UnityEditor.QuickSearchModule:UnityEditor.Search:ASIAI0B' with importer (ScriptedImporter : UnityEditor.QuickSearchModule:UnityEditor.Search:ASIAI0B)
Imported 'GUID: 267b889b8e81a45d2a5f5bc4121bc7b9' -> (Import Result ID: '9529ab82cedcd14f1c87fe38899364e3') in 0.002 seconds [static and dynamic dependencies]. Details - ImportResultOutputID=5d7407896719eff16521d88aa72a6ed3 DependenciesID=2e642253d03ef76c0c2e102569e53c2f StaticDependenciesID=708c05d54ce4e40e3f6f0e6030507eac 
Number of updated asset objects reloaded before import = 0
Number of asset objects unloaded after import = 0
========================================================================
Received Import Request.
  Time of request: 2026-10-09T14:09:53.474329Z
  Time since last request: 0.000269212 seconds.
  importAddress: GUID: 79729a586fa84f249a56f19de16c118e - Path: Packages/com.unity.render-pipelines.core/Runtime/PathTracing/ManyLightSampling.cs - Importer: ScriptedImporter/UnityEditor.QuickSearchModule:UnityEditor.Search:ASIAI0B
Importing 'GUID: 79729a586fa84f249a56f19de16c118e - Path: Packages/com.unity.render-pipelines.core/Runtime/PathTracing/ManyLightSampling.cs - Importer: ScriptedImporter/UnityEditor.QuickSearchModule:UnityEditor.Search:ASIAI0B' with importer (ScriptedImporter : UnityEditor.QuickSearchModule:UnityEditor.Search:ASIAI0B)
Imported 'GUID: 79729a586fa84f249a56f19de16c118e' -> (Import Result ID: 'f5da80bfe9e0fdb484156b93b7dc9e44') in 0.001 seconds [static and dynamic dependencies]. Details - ImportResultOutputID=0de479f7c51c732636d5fdb03919e225 DependenciesID=d89ae3eeaf1cef86e8d4b8f77c944768 StaticDependenciesID=da1b3067833939773541de18d85b6961 
Number of updated asset objects reloaded before import = 0
Number of asset objects unloaded after import = 0
========================================================================
Received Import Request.
  Time of request: 2026-10-09T14:09:53.483608Z
  Time since last request: 0.000193722 seconds.
  importAddress: GUID: 5656576c8c834caeac23f9db698f265f - Path: Packages/com.unity.render-pipelines.core/Runtime/Debugging/DebugDisplaySerializer.cs - Importer: ScriptedImporter/UnityEditor.QuickSearchModule:UnityEditor.Search:ASIAI0B
Importing 'GUID: 5656576c8c834caeac23f9db698f265f - Path: Packages/com.unity.render-pipelines.core/Runtime/Debugging/DebugDisplaySerializer.cs - Importer: ScriptedImporter/UnityEditor.QuickSearchModule:UnityEditor.Search:ASIAI0B' with importer (ScriptedImporter : UnityEditor.QuickSearchModule:UnityEditor.Search:ASIAI0B)
Imported 'GUID: 5656576c8c834caeac23f9db698f265f' -> (Import Result ID: '36347b3bd7fd4ab64f4d6ffb49d916b1') in 0.002 seconds [static and dynamic dependencies]. Details - ImportResultOutputID=5a01b4bcf98d80ce3360d0a3fe900d79 DependenciesID=c86b38643910b35867b35a44f6a6dbb8 StaticDependenciesID=82a3a87347a6619a629e03d11627a3d0 
Number of updated asset objects reloaded before import = 0
Number of asset objects unloaded after import = 0
========================================================================
Received Import Request.
  Time of request: 2026-10-09T14:09:53.492713Z
  Time since last request: 0.000327572 seconds.
  importAddress: GUID: 0eaef5c9e4d984cd295dfacc57398f10 - Path: Packages/com.unity.render-pipelines.core/Runtime/GPUDriven/AssemblyInfo.cs - Importer: ScriptedImporter/UnityEditor.QuickSearchModule:UnityEditor.Search:ASIAI0B
Importing 'GUID: 0eaef5c9e4d984cd295dfacc57398f10 - Path: Packages/com.unity.render-pipelines.core/Runtime/GPUDriven/AssemblyInfo.cs - Importer: ScriptedImporter/UnityEditor.QuickSearchModule:UnityEditor.Search:ASIAI0B' with importer (ScriptedImporter : UnityEditor.QuickSearchModule:UnityEditor.Search:ASIAI0B)
Imported 'GUID: 0eaef5c9e4d984cd295dfacc57398f10' -> (Import Result ID: 'c9df52b156c3625332b2fe2abb4474aa') in 0.001 seconds [static and dynamic dependencies]. Details - ImportResultOutputID=fba2ef2218e490c19d2f6efe0d748cc5 DependenciesID=eaed077c4ecf2fe6a747ce77db486eda StaticDependenciesID=75c107effa96c1b32622c4e0f04fecb6 
Number of updated asset objects reloaded before import = 0
Number of asset objects unloaded after import = 0
========================================================================
Received Import Request.
  Time of request: 2026-10-09T14:09:53.501189Z
  Time since last request: 0.000250046 seconds.
  importAddress: GUID: 2fb81ce9d2193c743903de96dcf799d7 - Path: Packages/com.unity.render-pipelines.core/Runtime/Debugging/RuntimeDebugWindow.cs - Importer: ScriptedImporter/UnityEditor.QuickSearchModule:UnityEditor.Search:ASIAI0B
Importing 'GUID: 2fb81ce9d2193c743903de96dcf799d7 - Path: Packages/com.unity.render-pipelines.core/Runtime/Debugging/RuntimeDebugWindow.cs - Importer: ScriptedImporter/UnityEditor.QuickSearchModule:UnityEditor.Search:ASIAI0B' with importer (ScriptedImporter : UnityEditor.QuickSearchModule:UnityEditor.Search:ASIAI0B)
Imported 'GUID: 2fb81ce9d2193c743903de96dcf799d7' -> (Import Result ID: '500f57f620eb9c5f92c8f97b5408864c') in 0.001 seconds [static and dynamic dependencies]. Details - ImportResultOutputID=3218566e02168a6cb1ff4db6b117ccc5 DependenciesID=d77eb06f81b55ad4ccbb8022fdc57506 StaticDependenciesID=c04f07de7a5b15bd207d5b24538fe5a6 
Number of updated asset objects reloaded before import = 0
Number of asset objects unloaded after import = 0
========================================================================
Received Import Request.
  Time of request: 2026-10-09T14:09:53.509581Z
  Time since last request: 0.000371854 seconds.
  importAddress: GUID: 723b7447e23e2b5429e727c3b3a76834 - Path: Packages/com.unity.render-pipelines.core/Runtime/GPUDriven/GPUResidentDrawer.cs - Importer: ScriptedImporter/UnityEditor.QuickSearchModule:UnityEditor.Search:ASIAI0B
Importing 'GUID: 723b7447e23e2b5429e727c3b3a76834 - Path: Packages/com.unity.render-pipelines.core/Runtime/GPUDriven/GPUResidentDrawer.cs - Importer: ScriptedImporter/UnityEditor.QuickSearchModule:UnityEditor.Search:ASIAI0B' with importer (ScriptedImporter : UnityEditor.QuickSearchModule:UnityEditor.Search:ASIAI0B)
Imported 'GUID: 723b7447e23e2b5429e727c3b3a76834' -> (Import Result ID: '0819d38ee6ea2b3db8a22119b3b047ac') in 0.001 seconds [static and dynamic dependencies]. Details - ImportResultOutputID=bd7203f58a4c638ee50f357fd1f7128e DependenciesID=cc20fe90431e304d8662b6db9995afc1 StaticDependenciesID=139e85138b908485a0b5cdcc7b7cbfa3 
Number of updated asset objects reloaded before import = 0
Number of asset objects unloaded after import = 0
========================================================================
Received Import Request.
  Time of request: 2026-10-09T14:09:53.528259Z
  Time since last request: 0.010609494 seconds.
  importAddress: GUID: 4b7ac9a635582ab4998d4179483bacc5 - Path: Packages/com.unity.render-pipelines.core/Runtime/RenderGraph/RenderGraphResources.cs - Importer: ScriptedImporter/UnityEditor.QuickSearchModule:UnityEditor.Search:ASIAI0B
Importing 'GUID: 4b7ac9a635582ab4998d4179483bacc5 - Path: Packages/com.unity.render-pipelines.core/Runtime/RenderGraph/RenderGraphResources.cs - Importer: ScriptedImporter/UnityEditor.QuickSearchModule:UnityEditor.Search:ASIAI0B' with importer (ScriptedImporter : UnityEditor.QuickSearchModule:UnityEditor.Search:ASIAI0B)
Imported 'GUID: 4b7ac9a635582ab4998d4179483bacc5' -> (Import Result ID: 'fbc84e0115d650177806be24c953968a') in 0.001 seconds [static and dynamic dependencies]. Details - ImportResultOutputID=7fe6281f60bc88e534b4d32ef365ed83 DependenciesID=38e05e451e72d3930ea27b4f32a1c6fa StaticDependenciesID=abdbe656a3bb1832a6a2e20737ffb591 
Number of updated asset objects reloaded before import = 0
Number of asset objects unloaded after import = 0
========================================================================
Received Import Request.
  Time of request: 2026-10-09T14:09:53.536845Z
  Time since last request: 0.000763175 seconds.
  importAddress: GUID: 085e6b7f79d14ea1a804921025e9c646 - Path: Packages/com.unity.render-pipelines.core/Runtime/STP/STPIUpscaler.cs - Importer: ScriptedImporter/UnityEditor.QuickSearchModule:UnityEditor.Search:ASIAI0B
Importing 'GUID: 085e6b7f79d14ea1a804921025e9c646 - Path: Packages/com.unity.render-pipelines.core/Runtime/STP/STPIUpscaler.cs - Importer: ScriptedImporter/UnityEditor.QuickSearchModule:UnityEditor.Search:ASIAI0B' with importer (ScriptedImporter : UnityEditor.QuickSearchModule:UnityEditor.Search:ASIAI0B)
Imported 'GUID: 085e6b7f79d14ea1a804921025e9c646' -> (Import Result ID: 'b0768e9d8f289d88eac2f50636089ae3') in 0.001 seconds [static and dynamic dependencies]. Details - ImportResultOutputID=65b22d6c77f3aa5e3ea2df44de74834b DependenciesID=f65655f881e8659270f04cb3e69b62d5 StaticDependenciesID=43ee5674c4a0e459d9e8e2d7582505b3 
Number of updated asset objects reloaded before import = 0
Number of asset objects unloaded after import = 0
========================================================================
Received Import Request.
  Time of request: 2026-10-09T14:09:53.545042Z
  Time since last request: 0.000651136 seconds.
  importAddress: GUID: 877e1507ae8d81c40bf1b94c1a86036f - Path: Packages/com.unity.render-pipelines.core/Runtime/PostProcessing/LensFlareDataSRP.cs - Importer: ScriptedImporter/UnityEditor.QuickSearchModule:UnityEditor.Search:ASIAI0B
Importing 'GUID: 877e1507ae8d81c40bf1b94c1a86036f - Path: Packages/com.unity.render-pipelines.core/Runtime/PostProcessing/LensFlareDataSRP.cs - Importer: ScriptedImporter/UnityEditor.QuickSearchModule:UnityEditor.Search:ASIAI0B' with importer (ScriptedImporter : UnityEditor.QuickSearchModule:UnityEditor.Search:ASIAI0B)
Imported 'GUID: 877e1507ae8d81c40bf1b94c1a86036f' -> (Import Result ID: 'a1fc6709b8be84f05d1380655107ff74') in 0.002 seconds [static and dynamic dependencies]. Details - ImportResultOutputID=2e87f4017bd7f3ccb35f5a103aab3ef8 DependenciesID=574cfd7de8788853f5b1607333d08efe StaticDependenciesID=f0aaca6e699be8b85717f2917ad1b996 
Number of updated asset objects reloaded before import = 0
Number of asset objects unloaded after import = 1
========================================================================
Received Import Request.
  Time of request: 2026-10-09T14:09:53.554058Z
  Time since last request: 0.000349643 seconds.
  importAddress: GUID: 4d6dfcf181cc0d446a1593c77ef2c6f9 - Path: Packages/com.unity.render-pipelines.core/Runtime/RenderPipeline/IVolumetricCloud.cs - Importer: ScriptedImporter/UnityEditor.QuickSearchModule:UnityEditor.Search:ASIAI0B
Importing 'GUID: 4d6dfcf181cc0d446a1593c77ef2c6f9 - Path: Packages/com.unity.render-pipelines.core/Runtime/RenderPipeline/IVolumetricCloud.cs - Importer: ScriptedImporter/UnityEditor.QuickSearchModule:UnityEditor.Search:ASIAI0B' with importer (ScriptedImporter : UnityEditor.QuickSearchModule:UnityEditor.Search:ASIAI0B)
Imported 'GUID: 4d6dfcf181cc0d446a1593c77ef2c6f9' -> (Import Result ID: '640a0dbbf6bb104eebaac72ba134d874') in 0.002 seconds [static and dynamic dependencies]. Details - ImportResultOutputID=d5383936a58c3f67c081c962b05485df DependenciesID=965d20a94fce7b86d8c6d57168fe5948 StaticDependenciesID=3b94351d4bf8609f85701722dbf3a884 
Number of updated asset objects reloaded before import = 0
Number of asset objects unloaded after import = 0
========================================================================
Received Import Request.
  Time of request: 2026-10-09T14:09:53.562944Z
  Time since last request: 0.000748076 seconds.
  importAddress: GUID: b43eb475bb161a44f9da1fc2fd1fff41 - Path: Packages/com.unity.render-pipelines.core/Runtime/RenderPipeline/RenderPipelineResources.cs - Importer: ScriptedImporter/UnityEditor.QuickSearchModule:UnityEditor.Search:ASIAI0B
Importing 'GUID: b43eb475bb161a44f9da1fc2fd1fff41 - Path: Packages/com.unity.render-pipelines.core/Runtime/RenderPipeline/RenderPipelineResources.cs - Importer: ScriptedImporter/UnityEditor.QuickSearchModule:UnityEditor.Search:ASIAI0B' with importer (ScriptedImporter : UnityEditor.QuickSearchModule:UnityEditor.Search:ASIAI0B)
Imported 'GUID: b43eb475bb161a44f9da1fc2fd1fff41' -> (Import Result ID: '9b2b4aa8da108e1983fd71b743eb54bb') in 0.001 seconds [static and dynamic dependencies]. Details - ImportResultOutputID=6822d2b82fcd5de5b249a0ee2aba70f4 DependenciesID=df54a9acb105badd886a270626de3339 StaticDependenciesID=3b405c7e2e0053d9b06691d4998d4a92 
Number of updated asset objects reloaded before import = 0
Number of asset objects unloaded after import = 0
========================================================================
Received Import Request.
  Time of request: 2026-10-09T14:09:53.572394Z
  Time since last request: 0.000232624 seconds.
  importAddress: GUID: cf3029352c65c3e4a9ac9d889fd86f6d - Path: Packages/com.unity.render-pipelines.core/Runtime/RenderGraph/RenderGraph.cs - Importer: ScriptedImporter/UnityEditor.QuickSearchModule:UnityEditor.Search:ASIAI0B
Importing 'GUID: cf3029352c65c3e4a9ac9d889fd86f6d - Path: Packages/com.unity.render-pipelines.core/Runtime/RenderGraph/RenderGraph.cs - Importer: ScriptedImporter/UnityEditor.QuickSearchModule:UnityEditor.Search:ASIAI0B' with importer (ScriptedImporter : UnityEditor.QuickSearchModule:UnityEditor.Search:ASIAI0B)
Imported 'GUID: cf3029352c65c3e4a9ac9d889fd86f6d' -> (Import Result ID: 'ec03041be6dd24787dc5e5b7e0c078ac') in 0.001 seconds [static and dynamic dependencies]. Details - ImportResultOutputID=dbe0ff67a26eae91fc5223b6305acc9b DependenciesID=b732be5e9ff31e6b2e4470c96f32eb77 StaticDependenciesID=ef32b6e64cb8113ef5a824ab83dd0fc9 
Number of updated asset objects reloaded before import = 0
Number of asset objects unloaded after import = 0
========================================================================
Received Import Request.
  Time of request: 2026-10-09T14:09:53.580497Z
  Time since last request: 0.000643902 seconds.
  importAddress: GUID: fd759b62892071040858aa540b5340b4 - Path: Packages/com.unity.render-pipelines.core/Runtime/RenderGraph/RenderGraphGlobalSettings.cs - Importer: ScriptedImporter/UnityEditor.QuickSearchModule:UnityEditor.Search:ASIAI0B
Importing 'GUID: fd759b62892071040858aa540b5340b4 - Path: Packages/com.unity.render-pipelines.core/Runtime/RenderGraph/RenderGraphGlobalSettings.cs - Importer: ScriptedImporter/UnityEditor.QuickSearchModule:UnityEditor.Search:ASIAI0B' with importer (ScriptedImporter : UnityEditor.QuickSearchModule:UnityEditor.Search:ASIAI0B)
Imported 'GUID: fd759b62892071040858aa540b5340b4' -> (Import Result ID: 'e16488b13c1c534bfe3705869395d58b') in 0.002 seconds [static and dynamic dependencies]. Details - ImportResultOutputID=f6e132fefe43acd6a8952a3484fa5b43 DependenciesID=4a52a9533a49d490b97f5f64c4a9a73f StaticDependenciesID=7fb23c021c4c70ca0703fed9e7edeb26 
Number of updated asset objects reloaded before import = 0
Number of asset objects unloaded after import = 0
========================================================================
Received Import Request.
  Time of request: 2026-10-09T14:09:53.589071Z
  Time since last request: 0.000186499 seconds.
  importAddress: GUID: 2fe060d1424425e4ebdada331c03d400 - Path: Packages/com.unity.render-pipelines.core/Runtime/RenderGraph/RenderGraphBuilders.cs - Importer: ScriptedImporter/UnityEditor.QuickSearchModule:UnityEditor.Search:ASIAI0B
Importing 'GUID: 2fe060d1424425e4ebdada331c03d400 - Path: Packages/com.unity.render-pipelines.core/Runtime/RenderGraph/RenderGraphBuilders.cs - Importer: ScriptedImporter/UnityEditor.QuickSearchModule:UnityEditor.Search:ASIAI0B' with importer (ScriptedImporter : UnityEditor.QuickSearchModule:UnityEditor.Search:ASIAI0B)
Imported 'GUID: 2fe060d1424425e4ebdada331c03d400' -> (Import Result ID: '6345dc5e5d5ac09cc08cf1eed6ba6e0c') in 0.003 seconds [static and dynamic dependencies]. Details - ImportResultOutputID=19d41defb1f3b7282a1c47b23e532dbf DependenciesID=b21ad927a0cdfd681534f7cc7dafdc03 StaticDependenciesID=a8c5159c49142247d654e3b887b9f6c1 
Number of updated asset objects reloaded before import = 0
Number of asset objects unloaded after import = 0
========================================================================
Received Import Request.
  Time of request: 2026-10-09T14:09:53.59901Z
  Time since last request: 0.000209 seconds.
  importAddress: GUID: ec298c53cc0c53d47b753c25f59223ed - Path: Packages/com.unity.render-pipelines.core/Runtime/RenderGraph/RenderGraphResourceRendererList.cs - Importer: ScriptedImporter/UnityEditor.QuickSearchModule:UnityEditor.Search:ASIAI0B
Importing 'GUID: ec298c53cc0c53d47b753c25f59223ed - Path: Packages/com.unity.render-pipelines.core/Runtime/RenderGraph/RenderGraphResourceRendererList.cs - Importer: ScriptedImporter/UnityEditor.QuickSearchModule:UnityEditor.Search:ASIAI0B' with importer (ScriptedImporter : UnityEditor.QuickSearchModule:UnityEditor.Search:ASIAI0B)
Imported 'GUID: ec298c53cc0c53d47b753c25f59223ed' -> (Import Result ID: 'da5b4daa4a0181ed0b4766df8bc2dc2e') in 0.001 seconds [static and dynamic dependencies]. Details - ImportResultOutputID=5749e332d34f8bffa8ea8d165fd7cec3 DependenciesID=37854abec451ed0e6915672955c27939 StaticDependenciesID=5577b06af2193f407de8a4c32515c34c 
Number of updated asset objects reloaded before import = 0
Number of asset objects unloaded after import = 0
========================================================================
Received Import Request.
  Time of request: 2026-10-09T14:09:53.607483Z
  Time since last request: 0.000282056 seconds.
  importAddress: GUID: d9929b63696b16c4ca41927306959897 - Path: Packages/com.unity.render-pipelines.core/Runtime/RenderGraph/RenderGraphDefaultResources.cs - Importer: ScriptedImporter/UnityEditor.QuickSearchModule:UnityEditor.Search:ASIAI0B
Importing 'GUID: d9929b63696b16c4ca41927306959897 - Path: Packages/com.unity.render-pipelines.core/Runtime/RenderGraph/RenderGraphDefaultResources.cs - Importer: ScriptedImporter/UnityEditor.QuickSearchModule:UnityEditor.Search:ASIAI0B' with importer (ScriptedImporter : UnityEditor.QuickSearchModule:UnityEditor.Search:ASIAI0B)
Imported 'GUID: d9929b63696b16c4ca41927306959897' -> (Import Result ID: '32ed4c4fe6edb2db7cf423b4eca1a0c0') in 0.001 seconds [static and dynamic dependencies]. Details - ImportResultOutputID=b6adea19409295da20d61269d4d2af78 DependenciesID=be69e80cd1d39674475db020d20cc736 StaticDependenciesID=2466223b4602af598ec57a3c2a2c5f1a 
Number of updated asset objects reloaded before import = 0
Number of asset objects unloaded after import = 0
========================================================================
Received Import Request.
  Time of request: 2026-10-09T14:09:53.615697Z
  Time since last request: 0.000248143 seconds.
  importAddress: GUID: 413c288ef05043d4285cf0407f8188b9 - Path: Packages/com.unity.render-pipelines.core/Runtime/PostProcessing/HDROutputDefines.cs.hlsl - Importer: ScriptedImporter/UnityEditor.QuickSearchModule:UnityEditor.Search:ASIAI0B
Importing 'GUID: 413c288ef05043d4285cf0407f8188b9 - Path: Packages/com.unity.render-pipelines.core/Runtime/PostProcessing/HDROutputDefines.cs.hlsl - Importer: ScriptedImporter/UnityEditor.QuickSearchModule:UnityEditor.Search:ASIAI0B' with importer (ScriptedImporter : UnityEditor.QuickSearchModule:UnityEditor.Search:ASIAI0B)
Imported 'GUID: 413c288ef05043d4285cf0407f8188b9' -> (Import Result ID: 'e746e47777ed243daf71f9aa1c6488a8') in 0.001 seconds [static and dynamic dependencies]. Details - ImportResultOutputID=4385ef1a965d7dbc3cf222145a478a24 DependenciesID=6201a3dc9c628bb3b1002b105bd6ab77 StaticDependenciesID=c42b4db3e80bebe742bc33b75882ff8d 
Number of updated asset objects reloaded before import = 0
Number of asset objects unloaded after import = 1
========================================================================
Received Import Request.
  Time of request: 2026-10-09T14:09:53.624113Z
  Time since last request: 0.000270425 seconds.
  importAddress: GUID: f3117c72f2a5c6d47a581d5ccc60ca55 - Path: Packages/com.unity.render-pipelines.core/Runtime/STP/ISTPEnabledRenderPipeline.cs - Importer: ScriptedImporter/UnityEditor.QuickSearchModule:UnityEditor.Search:ASIAI0B
Importing 'GUID: f3117c72f2a5c6d47a581d5ccc60ca55 - Path: Packages/com.unity.render-pipelines.core/Runtime/STP/ISTPEnabledRenderPipeline.cs - Importer: ScriptedImporter/UnityEditor.QuickSearchModule:UnityEditor.Search:ASIAI0B' with importer (ScriptedImporter : UnityEditor.QuickSearchModule:UnityEditor.Search:ASIAI0B)
Imported 'GUID: f3117c72f2a5c6d47a581d5ccc60ca55' -> (Import Result ID: 'd04de0e835c7eccd834117f91a430587') in 0.001 seconds [static and dynamic dependencies]. Details - ImportResultOutputID=9cca160f4a2efc76723ddddb39cfae1c DependenciesID=dd9d6ec5bfb59acabb7d6c982e16b994 StaticDependenciesID=5374b16d2e46ad21cfaa9e88466b74d5 
Number of updated asset objects reloaded before import = 0
Number of asset objects unloaded after import = 0
========================================================================
Received Import Request.
  Time of request: 2026-10-09T14:09:53.632054Z
  Time since last request: 0.000232885 seconds.
  importAddress: GUID: abecb4219b2c230489d192eca9bd3469 - Path: Packages/com.unity.render-pipelines.core/Runtime/PathTracing/UVAccelerationStructure.cs - Importer: ScriptedImporter/UnityEditor.QuickSearchModule:UnityEditor.Search:ASIAI0B
Importing 'GUID: abecb4219b2c230489d192eca9bd3469 - Path: Packages/com.unity.render-pipelines.core/Runtime/PathTracing/UVAccelerationStructure.cs - Importer: ScriptedImporter/UnityEditor.QuickSearchModule:UnityEditor.Search:ASIAI0B' with importer (ScriptedImporter : UnityEditor.QuickSearchModule:UnityEditor.Search:ASIAI0B)
Imported 'GUID: abecb4219b2c230489d192eca9bd3469' -> (Import Result ID: 'c34899fa07e9f488de8cae9ea17bba30') in 0.001 seconds [static and dynamic dependencies]. Details - ImportResultOutputID=2397b6552be0dac208134fb1ab2ef72e DependenciesID=62d1902e8f8c710892c1046225e33e42 StaticDependenciesID=441aa4a63f215d6f93ffcbebccbd94e4 
Number of updated asset objects reloaded before import = 0
Number of asset objects unloaded after import = 0
========================================================================
Received Import Request.
  Time of request: 2026-10-09T14:09:53.64037Z
  Time since last request: 0.000252482 seconds.
  importAddress: GUID: bd7eaf3bd49c39f4cb77bd809459aa72 - Path: Packages/com.unity.render-pipelines.core/Runtime/RenderPipelineResources/Default Lens Flare (SRP).asset - Importer: ScriptedImporter/UnityEditor.QuickSearchModule:UnityEditor.Search:ASIAI0B
Importing 'GUID: bd7eaf3bd49c39f4cb77bd809459aa72 - Path: Packages/com.unity.render-pipelines.core/Runtime/RenderPipelineResources/Default Lens Flare (SRP).asset - Importer: ScriptedImporter/UnityEditor.QuickSearchModule:UnityEditor.Search:ASIAI0B' with importer (ScriptedImporter : UnityEditor.QuickSearchModule:UnityEditor.Search:ASIAI0B)
Imported 'GUID: bd7eaf3bd49c39f4cb77bd809459aa72' -> (Import Result ID: 'ddc8e46bc25d89185da89c75304b1afa') in 0.006 seconds [static and dynamic dependencies]. Details - ImportResultOutputID=1d592adbaeebab6695c222d039ae1588 DependenciesID=2b741e19a93518fd025aff12017bac1d StaticDependenciesID=d5e95313012e4627cdd0fc88a38511f6 
Number of updated asset objects reloaded before import = 0
Number of asset objects unloaded after import = 1
========================================================================
Received Import Request.
  Time of request: 2026-10-09T14:09:53.653282Z
  Time since last request: 0.000434511 seconds.
  importAddress: GUID: cc4d76f733087744991913c9d19d5274 - Path: Packages/com.unity.render-pipelines.core/Runtime/PostProcessing/LensFlareComponentSRP.cs - Importer: ScriptedImporter/UnityEditor.QuickSearchModule:UnityEditor.Search:ASIAI0B
Importing 'GUID: cc4d76f733087744991913c9d19d5274 - Path: Packages/com.unity.render-pipelines.core/Runtime/PostProcessing/LensFlareComponentSRP.cs - Importer: ScriptedImporter/UnityEditor.QuickSearchModule:UnityEditor.Search:ASIAI0B' with importer (ScriptedImporter : UnityEditor.QuickSearchModule:UnityEditor.Search:ASIAI0B)
Imported 'GUID: cc4d76f733087744991913c9d19d5274' -> (Import Result ID: '7880b97c331e58a0e15ab25b63abe375') in 0.002 seconds [static and dynamic dependencies]. Details - ImportResultOutputID=347a524add4191f5828bfdde664b09f3 DependenciesID=a8d4e56abc8a022b2a9b39ef4cc4ac85 StaticDependenciesID=ef1122d05fa58576e02c3b97ff3f1ef9 
Number of updated asset objects reloaded before import = 0
Number of asset objects unloaded after import = 1
========================================================================
Received Import Request.
  Time of request: 2026-10-09T14:09:53.689529Z
  Time since last request: 0.027904659 seconds.
  importAddress: GUID: c8ecfef0ec5856a4fa9b1c416f2d51e3 - Path: Packages/com.unity.render-pipelines.core/Runtime/Settings/RenderingDebuggerRuntimeResources.cs - Importer: ScriptedImporter/UnityEditor.QuickSearchModule:UnityEditor.Search:ASIAI0B
Importing 'GUID: c8ecfef0ec5856a4fa9b1c416f2d51e3 - Path: Packages/com.unity.render-pipelines.core/Runtime/Settings/RenderingDebuggerRuntimeResources.cs - Importer: ScriptedImporter/UnityEditor.QuickSearchModule:UnityEditor.Search:ASIAI0B' with importer (ScriptedImporter : UnityEditor.QuickSearchModule:UnityEditor.Search:ASIAI0B)
Imported 'GUID: c8ecfef0ec5856a4fa9b1c416f2d51e3' -> (Import Result ID: 'fe620eaeaf047f72af0cb00237d99f3f') in 0.001 seconds [static and dynamic dependencies]. Details - ImportResultOutputID=96596749a6fea16819571c7ae8f23ef9 DependenciesID=b50c444ea59aa9b5e306701e6fb1ae07 StaticDependenciesID=c84168cca92bb8e391d1c939a83184af 
Number of updated asset objects reloaded before import = 0
Number of asset objects unloaded after import = 0
========================================================================
Received Import Request.
  Time of request: 2026-10-09T14:09:53.698004Z
  Time since last request: 0.000273531 seconds.
  importAddress: GUID: 7d31f2834b1e0db45bc5e8596c3908cf - Path: Packages/com.unity.render-pipelines.core/Runtime/UnifiedRayTracing/CommonStructs.hlsl - Importer: ScriptedImporter/UnityEditor.QuickSearchModule:UnityEditor.Search:ASIAI0B
Importing 'GUID: 7d31f2834b1e0db45bc5e8596c3908cf - Path: Packages/com.unity.render-pipelines.core/Runtime/UnifiedRayTracing/CommonStructs.hlsl - Importer: ScriptedImporter/UnityEditor.QuickSearchModule:UnityEditor.Search:ASIAI0B' with importer (ScriptedImporter : UnityEditor.QuickSearchModule:UnityEditor.Search:ASIAI0B)
Imported 'GUID: 7d31f2834b1e0db45bc5e8596c3908cf' -> (Import Result ID: '82ec542a8d81ad79fd2ea21d0a9ab491') in 0.002 seconds [static and dynamic dependencies]. Details - ImportResultOutputID=4688fe642cb4d066ca247045bb9d617d DependenciesID=fe8f0d6bcc7aeeb88c66a94f3e475bd2 StaticDependenciesID=4ea44c06fba655409f8999bc72f85979 
Number of updated asset objects reloaded before import = 0
Number of asset objects unloaded after import = 1
========================================================================
Received Import Request.
  Time of request: 2026-10-09T14:09:53.707436Z
  Time since last request: 0.000191187 seconds.
  importAddress: GUID: d55706914cfa84431bb4f9277ebd1054 - Path: Packages/com.unity.render-pipelines.core/Runtime/Utilities/Blit.hlsl - Importer: ScriptedImporter/UnityEditor.QuickSearchModule:UnityEditor.Search:ASIAI0B
Importing 'GUID: d55706914cfa84431bb4f9277ebd1054 - Path: Packages/com.unity.render-pipelines.core/Runtime/Utilities/Blit.hlsl - Importer: ScriptedImporter/UnityEditor.QuickSearchModule:UnityEditor.Search:ASIAI0B' with importer (ScriptedImporter : UnityEditor.QuickSearchModule:UnityEditor.Search:ASIAI0B)
Imported 'GUID: d55706914cfa84431bb4f9277ebd1054' -> (Import Result ID: 'bfe67d6251bc38e6a19736911f06f6fe') in 0.002 seconds [static and dynamic dependencies]. Details - ImportResultOutputID=f0fd8f7933df2fade8e9f0f68f2e0ef0 DependenciesID=b3f1e4a89857975eaad581a74f8cbead StaticDependenciesID=3e37286171b2f611c75c9785f326ebce 
Number of updated asset objects reloaded before import = 0
Number of asset objects unloaded after import = 1
========================================================================
Received Import Request.
  Time of request: 2026-10-09T14:09:53.716264Z
  Time since last request: 0.000300271 seconds.
  importAddress: GUID: 350bf58f26d861246982bc0e3ad67632 - Path: Packages/com.unity.render-pipelines.core/Runtime/Textures/TextureXR.cs - Importer: ScriptedImporter/UnityEditor.QuickSearchModule:UnityEditor.Search:ASIAI0B
Importing 'GUID: 350bf58f26d861246982bc0e3ad67632 - Path: Packages/com.unity.render-pipelines.core/Runtime/Textures/TextureXR.cs - Importer: ScriptedImporter/UnityEditor.QuickSearchModule:UnityEditor.Search:ASIAI0B' with importer (ScriptedImporter : UnityEditor.QuickSearchModule:UnityEditor.Search:ASIAI0B)
Imported 'GUID: 350bf58f26d861246982bc0e3ad67632' -> (Import Result ID: 'dded49aaa42e8492999edb774dfa4ba0') in 0.002 seconds [static and dynamic dependencies]. Details - ImportResultOutputID=251d0b882d64d214fa4a4015cde77e42 DependenciesID=d1f55895b49bb567be28c5f6061c9b42 StaticDependenciesID=3c642d91d1e0cf917e6eb8728273ce90 
Number of updated asset objects reloaded before import = 0
Number of asset objects unloaded after import = 0
========================================================================
Received Import Request.
  Time of request: 2026-10-09T14:09:53.725416Z
  Time since last request: 0.000302455 seconds.
  importAddress: GUID: c55c8d58ea467a449b38deeb15c16906 - Path: Packages/com.unity.render-pipelines.core/Runtime/UnifiedRayTracing/IRayTracingBackend.cs - Importer: ScriptedImporter/UnityEditor.QuickSearchModule:UnityEditor.Search:ASIAI0B
Importing 'GUID: c55c8d58ea467a449b38deeb15c16906 - Path: Packages/com.unity.render-pipelines.core/Runtime/UnifiedRayTracing/IRayTracingBackend.cs - Importer: ScriptedImporter/UnityEditor.QuickSearchModule:UnityEditor.Search:ASIAI0B' with importer (ScriptedImporter : UnityEditor.QuickSearchModule:UnityEditor.Search:ASIAI0B)
Imported 'GUID: c55c8d58ea467a449b38deeb15c16906' -> (Import Result ID: '0219e0382f3b473ba3931c62f5196112') in 0.001 seconds [static and dynamic dependencies]. Details - ImportResultOutputID=e463bc3327ed99d9f63c9099a407ceed DependenciesID=34a8773f8b4c9f5626ed350080d358cd StaticDependenciesID=b8de82410ebd77b81384fccfd5f1b20d 
Number of updated asset objects reloaded before import = 0
Number of asset objects unloaded after import = 0
========================================================================
Received Import Request.
  Time of request: 2026-10-09T14:09:53.733327Z
  Time since last request: 0.000206506 seconds.
  importAddress: GUID: cdea49463de0449b48cacd6a3925dcf7 - Path: Packages/com.unity.render-pipelines.core/Runtime/Utilities/BlitColorAndDepth.hlsl - Importer: ScriptedImporter/UnityEditor.QuickSearchModule:UnityEditor.Search:ASIAI0B
Importing 'GUID: cdea49463de0449b48cacd6a3925dcf7 - Path: Packages/com.unity.render-pipelines.core/Runtime/Utilities/BlitColorAndDepth.hlsl - Importer: ScriptedImporter/UnityEditor.QuickSearchModule:UnityEditor.Search:ASIAI0B' with importer (ScriptedImporter : UnityEditor.QuickSearchModule:UnityEditor.Search:ASIAI0B)
Imported 'GUID: cdea49463de0449b48cacd6a3925dcf7' -> (Import Result ID: '783fcf84e6cad50c04907b25bc5e5d6d') in 0.001 seconds [static and dynamic dependencies]. Details - ImportResultOutputID=f5e43cb70abc3c6f8aee9889cdbadcce DependenciesID=29b7d9cfa944506998b096da61f4e19e StaticDependenciesID=e5347116f5e5558a9fcc521db66e0386 
Number of updated asset objects reloaded before import = 0
Number of asset objects unloaded after import = 1
========================================================================
Received Import Request.
  Time of request: 2026-10-09T14:09:53.741198Z
  Time since last request: 0.000170158 seconds.
  importAddress: GUID: b265844b35f3cf14bb3e83aa57395937 - Path: Packages/com.unity.render-pipelines.core/Runtime/Textures/PowerOfTwoTextureAtlas.cs - Importer: ScriptedImporter/UnityEditor.QuickSearchModule:UnityEditor.Search:ASIAI0B
Importing 'GUID: b265844b35f3cf14bb3e83aa57395937 - Path: Packages/com.unity.render-pipelines.core/Runtime/Textures/PowerOfTwoTextureAtlas.cs - Importer: ScriptedImporter/UnityEditor.QuickSearchModule:UnityEditor.Search:ASIAI0B' with importer (ScriptedImporter : UnityEditor.QuickSearchModule:UnityEditor.Search:ASIAI0B)
Imported 'GUID: b265844b35f3cf14bb3e83aa57395937' -> (Import Result ID: '0158f970c0135f551fd9db2652adc170') in 0.001 seconds [static and dynamic dependencies]. Details - ImportResultOutputID=ba8ea46a96a5782e3928c6775e8f2c5b DependenciesID=f6eb686adebffd01e6b781941fb073fe StaticDependenciesID=e789d5449290e7e3b03423a89a3051d7 
Number of updated asset objects reloaded before import = 0
Number of asset objects unloaded after import = 0
========================================================================
Received Import Request.
  Time of request: 2026-10-09T14:09:53.749407Z
  Time since last request: 0.000181579 seconds.
  importAddress: GUID: 8089a70b4819c714295530d5e01d5d36 - Path: Packages/com.unity.render-pipelines.core/Runtime/UnifiedRayTracing/FetchGeometry.hlsl - Importer: ScriptedImporter/UnityEditor.QuickSearchModule:UnityEditor.Search:ASIAI0B
Importing 'GUID: 8089a70b4819c714295530d5e01d5d36 - Path: Packages/com.unity.render-pipelines.core/Runtime/UnifiedRayTracing/FetchGeometry.hlsl - Importer: ScriptedImporter/UnityEditor.QuickSearchModule:UnityEditor.Search:ASIAI0B' with importer (ScriptedImporter : UnityEditor.QuickSearchModule:UnityEditor.Search:ASIAI0B)
Imported 'GUID: 8089a70b4819c714295530d5e01d5d36' -> (Import Result ID: 'c8aacf9c0d0c10e798fdebc6b4e01b06') in 0.002 seconds [static and dynamic dependencies]. Details - ImportResultOutputID=a989d59eb912c019c6574a4d08b5ea69 DependenciesID=7c9f78e1358961358e03635f02060fb3 StaticDependenciesID=3e902db4040e138b13de747c4f163897 
Number of updated asset objects reloaded before import = 0
Number of asset objects unloaded after import = 1
========================================================================
Received Import Request.
  Time of request: 2026-10-09T14:09:53.757952Z
  Time since last request: 0.000199472 seconds.
  importAddress: GUID: dffd75c6cf5e26843be8893fada27a36 - Path: Packages/com.unity.render-pipelines.core/Runtime/Upscaling/DLSSOptions.cs - Importer: ScriptedImporter/UnityEditor.QuickSearchModule:UnityEditor.Search:ASIAI0B
Importing 'GUID: dffd75c6cf5e26843be8893fada27a36 - Path: Packages/com.unity.render-pipelines.core/Runtime/Upscaling/DLSSOptions.cs - Importer: ScriptedImporter/UnityEditor.QuickSearchModule:UnityEditor.Search:ASIAI0B' with importer (ScriptedImporter : UnityEditor.QuickSearchModule:UnityEditor.Search:ASIAI0B)
Imported 'GUID: dffd75c6cf5e26843be8893fada27a36' -> (Import Result ID: '246df42a3d801f25a71b7175ad7145cd') in 0.002 seconds [static and dynamic dependencies]. Details - ImportResultOutputID=da7140f7e757737710de826c1253ec0f DependenciesID=9161cd5078324c8f87e45835a8c26885 StaticDependenciesID=b527c3a3b013f8f8b6f089d6bdf83602 
Number of updated asset objects reloaded before import = 0
Number of asset objects unloaded after import = 0
========================================================================
Received Import Request.
  Time of request: 2026-10-09T14:09:53.766516Z
  Time since last request: 0.000246681 seconds.
  importAddress: GUID: 80c8d7b6f99b7a34eba11304141760a1 - Path: Packages/com.unity.render-pipelines.core/Runtime/Upscaling/IUpscaler.cs - Importer: ScriptedImporter/UnityEditor.QuickSearchModule:UnityEditor.Search:ASIAI0B
Importing 'GUID: 80c8d7b6f99b7a34eba11304141760a1 - Path: Packages/com.unity.render-pipelines.core/Runtime/Upscaling/IUpscaler.cs - Importer: ScriptedImporter/UnityEditor.QuickSearchModule:UnityEditor.Search:ASIAI0B' with importer (ScriptedImporter : UnityEditor.QuickSearchModule:UnityEditor.Search:ASIAI0B)
Imported 'GUID: 80c8d7b6f99b7a34eba11304141760a1' -> (Import Result ID: '3c83af558db44503d8d57c0977d79385') in 0.002 seconds [static and dynamic dependencies]. Details - ImportResultOutputID=663e55431835a746c2e0aaf71c648ca8 DependenciesID=8fc3fd556993591bbf1117e45cebf27b StaticDependenciesID=804e323d601e9c37bc2b41fdd95a0544 
Number of updated asset objects reloaded before import = 0
Number of asset objects unloaded after import = 0
========================================================================
Received Import Request.
  Time of request: 2026-10-09T14:09:53.775769Z
  Time since last request: 0.000266418 seconds.
  importAddress: GUID: 1c17ac4a218a4709a1a137352ac21f63 - Path: Packages/com.unity.render-pipelines.core/Runtime/Settings/IDefaultVolumeProfileResource.cs - Importer: ScriptedImporter/UnityEditor.QuickSearchModule:UnityEditor.Search:ASIAI0B
Importing 'GUID: 1c17ac4a218a4709a1a137352ac21f63 - Path: Packages/com.unity.render-pipelines.core/Runtime/Settings/IDefaultVolumeProfileResource.cs - Importer: ScriptedImporter/UnityEditor.QuickSearchModule:UnityEditor.Search:ASIAI0B' with importer (ScriptedImporter : UnityEditor.QuickSearchModule:UnityEditor.Search:ASIAI0B)
Imported 'GUID: 1c17ac4a218a4709a1a137352ac21f63' -> (Import Result ID: '04dccf714f6f961a28b92927183f23a9') in 0.001 seconds [static and dynamic dependencies]. Details - ImportResultOutputID=e5086be81299e2df407177f080a70f45 DependenciesID=ce42fb40a9e95d4f63e8c89f7fd50565 StaticDependenciesID=b1f7e0d4377657f3bc33dba5a18baef0 
Number of updated asset objects reloaded before import = 0
Number of asset objects unloaded after import = 0
========================================================================
Received Import Request.
  Time of request: 2026-10-09T14:09:53.784139Z
  Time since last request: 0.000251921 seconds.
  importAddress: GUID: 54376717d159ce7499650ad0749a238f - Path: Packages/com.unity.render-pipelines.core/Runtime/UnifiedRayTracing/AssemblyInfo.cs - Importer: ScriptedImporter/UnityEditor.QuickSearchModule:UnityEditor.Search:ASIAI0B
Importing 'GUID: 54376717d159ce7499650ad0749a238f - Path: Packages/com.unity.render-pipelines.core/Runtime/UnifiedRayTracing/AssemblyInfo.cs - Importer: ScriptedImporter/UnityEditor.QuickSearchModule:UnityEditor.Search:ASIAI0B' with importer (ScriptedImporter : UnityEditor.QuickSearchModule:UnityEditor.Search:ASIAI0B)
Imported 'GUID: 54376717d159ce7499650ad0749a238f' -> (Import Result ID: 'c246990b7a60330b736eb5969e5af402') in 0.001 seconds [static and dynamic dependencies]. Details - ImportResultOutputID=21b7cc11cb03ac04a9f129d5db0a6aa8 DependenciesID=020e84cd6d16b17d242f8877f7a7c8b6 StaticDependenciesID=87802800011a72f0c8ebdb1ed4fa1af0 
Number of updated asset objects reloaded before import = 0
Number of asset objects unloaded after import = 0
========================================================================
Received Import Request.
  Time of request: 2026-10-09T14:09:53.792049Z
  Time since last request: 0.000371884 seconds.
  importAddress: GUID: 9abeb67ba9136f940a7b78095f5b43d8 - Path: Packages/com.unity.render-pipelines.core/Runtime/Textures/MSAASamples.cs - Importer: ScriptedImporter/UnityEditor.QuickSearchModule:UnityEditor.Search:ASIAI0B
Importing 'GUID: 9abeb67ba9136f940a7b78095f5b43d8 - Path: Packages/com.unity.render-pipelines.core/Runtime/Textures/MSAASamples.cs - Importer: ScriptedImporter/UnityEditor.QuickSearchModule:UnityEditor.Search:ASIAI0B' with importer (ScriptedImporter : UnityEditor.QuickSearchModule:UnityEditor.Search:ASIAI0B)
Imported 'GUID: 9abeb67ba9136f940a7b78095f5b43d8' -> (Import Result ID: 'c6403f37705b474a607bd1870457eb95') in 0.001 seconds [static and dynamic dependencies]. Details - ImportResultOutputID=fc6aa2fc67315cb863937600ba3bd00a DependenciesID=3794d01824076ab199486d3c5c71b8da StaticDependenciesID=38987eb91683c61581de6a54733a2de7 
Number of updated asset objects reloaded before import = 0
Number of asset objects unloaded after import = 0
========================================================================
Received Import Request.
  Time of request: 2026-10-09T14:09:53.800706Z
  Time since last request: 0.000360073 seconds.
  importAddress: GUID: 049128a5d2439f641b23508bb67e181c - Path: Packages/com.unity.render-pipelines.core/Runtime/UnifiedRayTracing/IRayTracingShader.cs - Importer: ScriptedImporter/UnityEditor.QuickSearchModule:UnityEditor.Search:ASIAI0B
Importing 'GUID: 049128a5d2439f641b23508bb67e181c - Path: Packages/com.unity.render-pipelines.core/Runtime/UnifiedRayTracing/IRayTracingShader.cs - Importer: ScriptedImporter/UnityEditor.QuickSearchModule:UnityEditor.Search:ASIAI0B' with importer (ScriptedImporter : UnityEditor.QuickSearchModule:UnityEditor.Search:ASIAI0B)
Imported 'GUID: 049128a5d2439f641b23508bb67e181c' -> (Import Result ID: '895f0e62274fdc23e0dae863031de250') in 0.002 seconds [static and dynamic dependencies]. Details - ImportResultOutputID=b0f89db9ec94e9b062be3452752951e1 DependenciesID=f2461da64536ba801842979b78687b3d StaticDependenciesID=98cb94720b34e1f6c83a09a7b8bcbfec 
Number of updated asset objects reloaded before import = 0
Number of asset objects unloaded after import = 0
========================================================================
Received Import Request.
  Time of request: 2026-10-09T14:09:53.80914Z
  Time since last request: 0.000295201 seconds.
  importAddress: GUID: 69b9d39e0cc062b43a2277d70509fe1d - Path: Packages/com.unity.render-pipelines.core/Runtime/Settings/ShaderStrippingSetting.cs - Importer: ScriptedImporter/UnityEditor.QuickSearchModule:UnityEditor.Search:ASIAI0B
Importing 'GUID: 69b9d39e0cc062b43a2277d70509fe1d - Path: Packages/com.unity.render-pipelines.core/Runtime/Settings/ShaderStrippingSetting.cs - Importer: ScriptedImporter/UnityEditor.QuickSearchModule:UnityEditor.Search:ASIAI0B' with importer (ScriptedImporter : UnityEditor.QuickSearchModule:UnityEditor.Search:ASIAI0B)
Imported 'GUID: 69b9d39e0cc062b43a2277d70509fe1d' -> (Import Result ID: '678b0ffc095bcd9424305f1ea1a77dc3') in 0.001 seconds [static and dynamic dependencies]. Details - ImportResultOutputID=cdb593edb9bf24a1e2f663ecb8d86fcf DependenciesID=fd70b00dc328091c5aa00c69782ff3af StaticDependenciesID=807ace422b1a135062ce28f6cc9b5152 
Number of updated asset objects reloaded before import = 0
Number of asset objects unloaded after import = 0
========================================================================
Received Import Request.
  Time of request: 2026-10-09T14:09:53.818457Z
  Time since last request: 0.000587797 seconds.
  importAddress: GUID: 8f66ec818466aff4c96e8f911679ffe5 - Path: Packages/com.unity.render-pipelines.core/Runtime/UnifiedRayTracing/StringIDs.cs - Importer: ScriptedImporter/UnityEditor.QuickSearchModule:UnityEditor.Search:ASIAI0B
Importing 'GUID: 8f66ec818466aff4c96e8f911679ffe5 - Path: Packages/com.unity.render-pipelines.core/Runtime/UnifiedRayTracing/StringIDs.cs - Importer: ScriptedImporter/UnityEditor.QuickSearchModule:UnityEditor.Search:ASIAI0B' with importer (ScriptedImporter : UnityEditor.QuickSearchModule:UnityEditor.Search:ASIAI0B)
Imported 'GUID: 8f66ec818466aff4c96e8f911679ffe5' -> (Import Result ID: '806fb042e42e634204f4a57cbb22c351') in 0.001 seconds [static and dynamic dependencies]. Details - ImportResultOutputID=abb487f87dbcba6ad08e528781a61113 DependenciesID=052ef2c0e385952e1f72756cc8ca32b9 StaticDependenciesID=88fad00fb86fb008df23071e21555ec4 
Number of updated asset objects reloaded before import = 0
Number of asset objects unloaded after import = 0
========================================================================
Received Import Request.
  Time of request: 2026-10-09T14:09:53.845936Z
  Time since last request: 0.019944119 seconds.
  importAddress: GUID: f709aacbf8d0b0048889f52315d67d58 - Path: Packages/com.unity.render-pipelines.core/Runtime/Volume/VolumeManager.cs - Importer: ScriptedImporter/UnityEditor.QuickSearchModule:UnityEditor.Search:ASIAI0B
Importing 'GUID: f709aacbf8d0b0048889f52315d67d58 - Path: Packages/com.unity.render-pipelines.core/Runtime/Volume/VolumeManager.cs - Importer: ScriptedImporter/UnityEditor.QuickSearchModule:UnityEditor.Search:ASIAI0B' with importer (ScriptedImporter : UnityEditor.QuickSearchModule:UnityEditor.Search:ASIAI0B)
Imported 'GUID: f709aacbf8d0b0048889f52315d67d58' -> (Import Result ID: '3ffe71360dd3a1714fa047d2f6540117') in 0.001 seconds [static and dynamic dependencies]. Details - ImportResultOutputID=63ad8f066ef07ff07cade6adca45ab62 DependenciesID=fca076902a569f2512ba730bc74da7f9 StaticDependenciesID=e4caadaa381efbdc6c66df0819aaf199 
Number of updated asset objects reloaded before import = 0
Number of asset objects unloaded after import = 0
========================================================================
Received Import Request.
  Time of request: 2026-10-09T14:09:53.854059Z
  Time since last request: 0.000744881 seconds.
  importAddress: GUID: 7fd1ba8431960304588429bd8a60e2df - Path: Packages/com.unity.render-pipelines.core/Runtime/XR/XRVisibleMesh.cs - Importer: ScriptedImporter/UnityEditor.QuickSearchModule:UnityEditor.Search:ASIAI0B
Importing 'GUID: 7fd1ba8431960304588429bd8a60e2df - Path: Packages/com.unity.render-pipelines.core/Runtime/XR/XRVisibleMesh.cs - Importer: ScriptedImporter/UnityEditor.QuickSearchModule:UnityEditor.Search:ASIAI0B' with importer (ScriptedImporter : UnityEditor.QuickSearchModule:UnityEditor.Search:ASIAI0B)
Imported 'GUID: 7fd1ba8431960304588429bd8a60e2df' -> (Import Result ID: '86cb384a2608101ec489a4a2434d4213') in 0.004 seconds [static and dynamic dependencies]. Details - ImportResultOutputID=74d3a1c770411219fd0fd34367f82291 DependenciesID=a623bf2e943753b51740690a57f8911b StaticDependenciesID=2ee514b069192ea110f2cb28add8f293 
Number of updated asset objects reloaded before import = 0
Number of asset objects unloaded after import = 0
========================================================================
Received Import Request.
  Time of request: 2026-10-09T14:09:53.8652Z
  Time since last request: 0.00023541 seconds.
  importAddress: GUID: 4c45974a160f56c4c8d8ed0373c53ef5 - Path: Packages/com.unity.render-pipelines.core/Runtime/Utilities/HaltonSequence.cs - Importer: ScriptedImporter/UnityEditor.QuickSearchModule:UnityEditor.Search:ASIAI0B
Importing 'GUID: 4c45974a160f56c4c8d8ed0373c53ef5 - Path: Packages/com.unity.render-pipelines.core/Runtime/Utilities/HaltonSequence.cs - Importer: ScriptedImporter/UnityEditor.QuickSearchModule:UnityEditor.Search:ASIAI0B' with importer (ScriptedImporter : UnityEditor.QuickSearchModule:UnityEditor.Search:ASIAI0B)
Imported 'GUID: 4c45974a160f56c4c8d8ed0373c53ef5' -> (Import Result ID: 'e27c7c9db463d01fc3c0c1390a2be7c1') in 0.001 seconds [static and dynamic dependencies]. Details - ImportResultOutputID=bee99833357be1ff8c67a5ad3fe34682 DependenciesID=7d0e3740f0606ed56e64a025a84ee0b9 StaticDependenciesID=1f25e4bb77776637e31ebcfadb47e0b9 
Number of updated asset objects reloaded before import = 0
Number of asset objects unloaded after import = 0
========================================================================
Received Import Request.
  Time of request: 2026-10-09T14:09:53.874404Z
  Time since last request: 0.000225221 seconds.
  importAddress: GUID: 022af1b7cce79be46aec3272d72bf1f8 - Path: Packages/com.unity.render-pipelines.core/Runtime/Vrs/VrsLut.cs - Importer: ScriptedImporter/UnityEditor.QuickSearchModule:UnityEditor.Search:ASIAI0B
Importing 'GUID: 022af1b7cce79be46aec3272d72bf1f8 - Path: Packages/com.unity.render-pipelines.core/Runtime/Vrs/VrsLut.cs - Importer: ScriptedImporter/UnityEditor.QuickSearchModule:UnityEditor.Search:ASIAI0B' with importer (ScriptedImporter : UnityEditor.QuickSearchModule:UnityEditor.Search:ASIAI0B)
Imported 'GUID: 022af1b7cce79be46aec3272d72bf1f8' -> (Import Result ID: '89ee2b1a87f19bfb98bad082159deac4') in 0.002 seconds [static and dynamic dependencies]. Details - ImportResultOutputID=d2f3005b689e35998a5c52ecd139b6b2 DependenciesID=b762dbdf836893f6498491675b332148 StaticDependenciesID=1d88b85e2a54fd4834ca7fc98ebbeb58 
Number of updated asset objects reloaded before import = 0
Number of asset objects unloaded after import = 0
========================================================================
Received Import Request.
  Time of request: 2026-10-09T14:09:53.883564Z
  Time since last request: 0.000384217 seconds.
  importAddress: GUID: c86deb7236b4fe146b8b75ab0ac89586 - Path: Packages/com.unity.render-pipelines.core/Runtime/Utilities/CoreUtils.cs - Importer: ScriptedImporter/UnityEditor.QuickSearchModule:UnityEditor.Search:ASIAI0B
Importing 'GUID: c86deb7236b4fe146b8b75ab0ac89586 - Path: Packages/com.unity.render-pipelines.core/Runtime/Utilities/CoreUtils.cs - Importer: ScriptedImporter/UnityEditor.QuickSearchModule:UnityEditor.Search:ASIAI0B' with importer (ScriptedImporter : UnityEditor.QuickSearchModule:UnityEditor.Search:ASIAI0B)
Imported 'GUID: c86deb7236b4fe146b8b75ab0ac89586' -> (Import Result ID: '35023d3bd0176b0023666ea2f08ad95e') in 0.001 seconds [static and dynamic dependencies]. Details - ImportResultOutputID=0aa14405db4320b56d3250cb3ab8a831 DependenciesID=2d40e6d85e72b7031d502c2f24e15e47 StaticDependenciesID=e65176f51ebdf66735b1911abfa8371e 
Number of updated asset objects reloaded before import = 0
Number of asset objects unloaded after import = 0
========================================================================
Received Import Request.
  Time of request: 2026-10-09T14:09:53.89277Z
  Time since last request: 0.000239788 seconds.
  importAddress: GUID: 27b804a87c546b2429017809b12cd1c9 - Path: Packages/com.unity.render-pipelines.core/ShaderLibrary/API/Switch2.hlsl - Importer: ScriptedImporter/UnityEditor.QuickSearchModule:UnityEditor.Search:ASIAI0B
Importing 'GUID: 27b804a87c546b2429017809b12cd1c9 - Path: Packages/com.unity.render-pipelines.core/ShaderLibrary/API/Switch2.hlsl - Importer: ScriptedImporter/UnityEditor.QuickSearchModule:UnityEditor.Search:ASIAI0B' with importer (ScriptedImporter : UnityEditor.QuickSearchModule:UnityEditor.Search:ASIAI0B)
Imported 'GUID: 27b804a87c546b2429017809b12cd1c9' -> (Import Result ID: '3ad0c18053042579cc8dd7e06c09f23f') in 0.002 seconds [static and dynamic dependencies]. Details - ImportResultOutputID=df3a64c93709d8f5a2c6a689016ef4f7 DependenciesID=c297d350d943c3e72f50ccd9b0251063 StaticDependenciesID=d9586c5197a04f01693fa8f868302662 
Number of updated asset objects reloaded before import = 0
Number of asset objects unloaded after import = 1
========================================================================
Received Import Request.
  Time of request: 2026-10-09T14:09:53.901989Z
  Time since last request: 0.000256028 seconds.
  importAddress: GUID: f941b2119184e624a8ecd126735c5ed0 - Path: Packages/com.unity.render-pipelines.core/ShaderLibrary/Sampling/SampleUVMappingNormalInternal.hlsl - Importer: ScriptedImporter/UnityEditor.QuickSearchModule:UnityEditor.Search:ASIAI0B
Importing 'GUID: f941b2119184e624a8ecd126735c5ed0 - Path: Packages/com.unity.render-pipelines.core/ShaderLibrary/Sampling/SampleUVMappingNormalInternal.hlsl - Importer: ScriptedImporter/UnityEditor.QuickSearchModule:UnityEditor.Search:ASIAI0B' with importer (ScriptedImporter : UnityEditor.QuickSearchModule:UnityEditor.Search:ASIAI0B)
Imported 'GUID: f941b2119184e624a8ecd126735c5ed0' -> (Import Result ID: '4bf16934fc8553b94e0098035630d8f1') in 0.002 seconds [static and dynamic dependencies]. Details - ImportResultOutputID=2e9b74cce9297506000f50ccae4c9ecf DependenciesID=9b3a7de89a0ed8a2fdc2018a3a8d086f StaticDependenciesID=b87d9ce07afd9397252d2ef250941838 
Number of updated asset objects reloaded before import = 0
Number of asset objects unloaded after import = 1
========================================================================
Received Import Request.
  Time of request: 2026-10-09T14:09:53.910925Z
  Time since last request: 0.00031048 seconds.
  importAddress: GUID: 9c62ee15c68690246a39d8c29726cb19 - Path: Packages/com.unity.render-pipelines.core/Runtime/Volume/VolumeComponent.EditorOnly.cs - Importer: ScriptedImporter/UnityEditor.QuickSearchModule:UnityEditor.Search:ASIAI0B
Importing 'GUID: 9c62ee15c68690246a39d8c29726cb19 - Path: Packages/com.unity.render-pipelines.core/Runtime/Volume/VolumeComponent.EditorOnly.cs - Importer: ScriptedImporter/UnityEditor.QuickSearchModule:UnityEditor.Search:ASIAI0B' with importer (ScriptedImporter : UnityEditor.QuickSearchModule:UnityEditor.Search:ASIAI0B)
Imported 'GUID: 9c62ee15c68690246a39d8c29726cb19' -> (Import Result ID: '35bb18f1e061ea32514c05cb26679b58') in 0.002 seconds [static and dynamic dependencies]. Details - ImportResultOutputID=b5aa9bd356b6411012cf320fd5c500d3 DependenciesID=21e25816b2bae05089d7147d0ad3eb87 StaticDependenciesID=e1740a1f3e1434f1953b9db2a0c6a98f 
Number of updated asset objects reloaded before import = 0
Number of asset objects unloaded after import = 0
========================================================================
Received Import Request.
  Time of request: 2026-10-09T14:09:53.919828Z
  Time since last request: 0.000317713 seconds.
  importAddress: GUID: 06c0317e0632e6c47bb855ee99f95544 - Path: Packages/com.unity.render-pipelines.core/Runtime/Utilities/SceneRenderPipeline.cs - Importer: ScriptedImporter/UnityEditor.QuickSearchModule:UnityEditor.Search:ASIAI0B
Importing 'GUID: 06c0317e0632e6c47bb855ee99f95544 - Path: Packages/com.unity.render-pipelines.core/Runtime/Utilities/SceneRenderPipeline.cs - Importer: ScriptedImporter/UnityEditor.QuickSearchModule:UnityEditor.Search:ASIAI0B' with importer (ScriptedImporter : UnityEditor.QuickSearchModule:UnityEditor.Search:ASIAI0B)
Imported 'GUID: 06c0317e0632e6c47bb855ee99f95544' -> (Import Result ID: '7da37a59eff3f77a72464c53a2428df1') in 0.001 seconds [static and dynamic dependencies]. Details - ImportResultOutputID=b51d89f94154000c612b5c6566ac247d DependenciesID=81f7bf743046f28f803681813de01b29 StaticDependenciesID=533c8a4789647b35a1b815d15e998500 
Number of updated asset objects reloaded before import = 0
Number of asset objects unloaded after import = 0
========================================================================
Received Import Request.
  Time of request: 2026-10-09T14:09:53.92876Z
  Time since last request: 0.00037529 seconds.
  importAddress: GUID: 9a524f7be46233f4ba5569b2dc52878f - Path: Packages/com.unity.render-pipelines.core/Runtime/XR/XRLayout.cs - Importer: ScriptedImporter/UnityEditor.QuickSearchModule:UnityEditor.Search:ASIAI0B
Importing 'GUID: 9a524f7be46233f4ba5569b2dc52878f - Path: Packages/com.unity.render-pipelines.core/Runtime/XR/XRLayout.cs - Importer: ScriptedImporter/UnityEditor.QuickSearchModule:UnityEditor.Search:ASIAI0B' with importer (ScriptedImporter : UnityEditor.QuickSearchModule:UnityEditor.Search:ASIAI0B)
Imported 'GUID: 9a524f7be46233f4ba5569b2dc52878f' -> (Import Result ID: '886128afb7fa15068df9f7dee3e69a50') in 0.001 seconds [static and dynamic dependencies]. Details - ImportResultOutputID=25bb27e962ed6ef11d659975c86fe45a DependenciesID=dd1d33cd787059ce000f86c642d5e4fc StaticDependenciesID=8a725ac3d44a8c09935c877723afa50e 
Number of updated asset objects reloaded before import = 0
Number of asset objects unloaded after import = 0
========================================================================
Received Import Request.
  Time of request: 2026-10-09T14:09:53.938811Z
  Time since last request: 0.000278861 seconds.
  importAddress: GUID: 05a00b34d7740a643a8a6de19c6d9aa6 - Path: Packages/com.unity.render-pipelines.core/ShaderLibrary/API/Vulkan.hlsl - Importer: ScriptedImporter/UnityEditor.QuickSearchModule:UnityEditor.Search:ASIAI0B
Importing 'GUID: 05a00b34d7740a643a8a6de19c6d9aa6 - Path: Packages/com.unity.render-pipelines.core/ShaderLibrary/API/Vulkan.hlsl - Importer: ScriptedImporter/UnityEditor.QuickSearchModule:UnityEditor.Search:ASIAI0B' with importer (ScriptedImporter : UnityEditor.QuickSearchModule:UnityEditor.Search:ASIAI0B)
Imported 'GUID: 05a00b34d7740a643a8a6de19c6d9aa6' -> (Import Result ID: '0e8e701ae7555da707f2047d414ed480') in 0.001 seconds [static and dynamic dependencies]. Details - ImportResultOutputID=9793ec00141794e9ac86b7b69aa946a1 DependenciesID=7e1d0901d5fe06551e252b926115ace5 StaticDependenciesID=8ae0586bbd619f6a3647dde5bf76190d 
Number of updated asset objects reloaded before import = 0
Number of asset objects unloaded after import = 1
========================================================================
Received Import Request.
  Time of request: 2026-10-09T14:09:53.946804Z
  Time since last request: 0.000398153 seconds.
  importAddress: GUID: 28a28989c1f84bb4f9d812b78b97afcb - Path: Packages/com.unity.render-pipelines.core/Runtime/Utilities/MeshGizmo.cs - Importer: ScriptedImporter/UnityEditor.QuickSearchModule:UnityEditor.Search:ASIAI0B
Importing 'GUID: 28a28989c1f84bb4f9d812b78b97afcb - Path: Packages/com.unity.render-pipelines.core/Runtime/Utilities/MeshGizmo.cs - Importer: ScriptedImporter/UnityEditor.QuickSearchModule:UnityEditor.Search:ASIAI0B' with importer (ScriptedImporter : UnityEditor.QuickSearchModule:UnityEditor.Search:ASIAI0B)
Imported 'GUID: 28a28989c1f84bb4f9d812b78b97afcb' -> (Import Result ID: 'efbb2354f884090a27ce0e46e2115b6f') in 0.002 seconds [static and dynamic dependencies]. Details - ImportResultOutputID=c910612b139386bbd30e1771ffc77dbb DependenciesID=e7de68d218874bde2238096182fbd563 StaticDependenciesID=fa5456e7832ed03a967123eb555fbd5a 
Number of updated asset objects reloaded before import = 0
Number of asset objects unloaded after import = 0
========================================================================
Received Import Request.
  Time of request: 2026-10-09T14:09:53.955712Z
  Time since last request: 0.000258632 seconds.
  importAddress: GUID: ff1aad7bfc102a847b1979aebf787494 - Path: Packages/com.unity.render-pipelines.core/Runtime/Utilities/SweepLineRectUtils.cs - Importer: ScriptedImporter/UnityEditor.QuickSearchModule:UnityEditor.Search:ASIAI0B
Importing 'GUID: ff1aad7bfc102a847b1979aebf787494 - Path: Packages/com.unity.render-pipelines.core/Runtime/Utilities/SweepLineRectUtils.cs - Importer: ScriptedImporter/UnityEditor.QuickSearchModule:UnityEditor.Search:ASIAI0B' with importer (ScriptedImporter : UnityEditor.QuickSearchModule:UnityEditor.Search:ASIAI0B)
Imported 'GUID: ff1aad7bfc102a847b1979aebf787494' -> (Import Result ID: '76926b322cd14b4b7a37ed4808cb9213') in 0.001 seconds [static and dynamic dependencies]. Details - ImportResultOutputID=9c2b3e97577940b396aa0f4e7d7cdba8 DependenciesID=aee414d242aefc78f82ad4b4594df8f2 StaticDependenciesID=fed6c6801138a6e909e32c586a7c7f87 
Number of updated asset objects reloaded before import = 0
Number of asset objects unloaded after import = 0
========================================================================
Received Import Request.
  Time of request: 2026-10-09T14:09:53.963641Z
  Time since last request: 0.000237663 seconds.
  importAddress: GUID: 14221b1c07bee064e8078151055512fc - Path: Packages/com.unity.render-pipelines.core/Runtime/Utilities/MaterialQuality.cs - Importer: ScriptedImporter/UnityEditor.QuickSearchModule:UnityEditor.Search:ASIAI0B
Importing 'GUID: 14221b1c07bee064e8078151055512fc - Path: Packages/com.unity.render-pipelines.core/Runtime/Utilities/MaterialQuality.cs - Importer: ScriptedImporter/UnityEditor.QuickSearchModule:UnityEditor.Search:ASIAI0B' with importer (ScriptedImporter : UnityEditor.QuickSearchModule:UnityEditor.Search:ASIAI0B)
Imported 'GUID: 14221b1c07bee064e8078151055512fc' -> (Import Result ID: '413a01ff122ba2753362a6e780e81c36') in 0.001 seconds [static and dynamic dependencies]. Details - ImportResultOutputID=371bcb792a49cdc400bb86e4d2549c61 DependenciesID=fd8f2204907e2726aa5bf6acd58c1801 StaticDependenciesID=a7096680709b5166b85944095a0d5823 
Number of updated asset objects reloaded before import = 0
Number of asset objects unloaded after import = 0
========================================================================
Received Import Request.
  Time of request: 2026-10-09T14:09:53.973762Z
  Time since last request: 0.00029462 seconds.
  importAddress: GUID: fba8806c6dc73604d8243aebe488e60d - Path: Packages/com.unity.render-pipelines.core/Runtime/Utilities/CullContextData.cs - Importer: ScriptedImporter/UnityEditor.QuickSearchModule:UnityEditor.Search:ASIAI0B
Importing 'GUID: fba8806c6dc73604d8243aebe488e60d - Path: Packages/com.unity.render-pipelines.core/Runtime/Utilities/CullContextData.cs - Importer: ScriptedImporter/UnityEditor.QuickSearchModule:UnityEditor.Search:ASIAI0B' with importer (ScriptedImporter : UnityEditor.QuickSearchModule:UnityEditor.Search:ASIAI0B)
Imported 'GUID: fba8806c6dc73604d8243aebe488e60d' -> (Import Result ID: 'c32bbbe784e27074e1d74584106a2948') in 0.001 seconds [static and dynamic dependencies]. Details - ImportResultOutputID=368f4ad92d28803e68ff5a6abf9f5063 DependenciesID=a27ecbcbf8ee40265c7efc9ab424f086 StaticDependenciesID=e158023c03c99d4f130a5d1bb4b7bae8 
Number of updated asset objects reloaded before import = 0
Number of asset objects unloaded after import = 0
========================================================================
Received Import Request.
  Time of request: 2026-10-09T14:09:53.99075Z
  Time since last request: 0.008884314 seconds.
  importAddress: GUID: 31fbdf2532dda4bee96be95759cd3e19 - Path: Packages/com.unity.render-pipelines.core/Tests/Editor/CoreLightingSearchColumnProvidersTests.cs - Importer: ScriptedImporter/UnityEditor.QuickSearchModule:UnityEditor.Search:ASIAI0B
Importing 'GUID: 31fbdf2532dda4bee96be95759cd3e19 - Path: Packages/com.unity.render-pipelines.core/Tests/Editor/CoreLightingSearchColumnProvidersTests.cs - Importer: ScriptedImporter/UnityEditor.QuickSearchModule:UnityEditor.Search:ASIAI0B' with importer (ScriptedImporter : UnityEditor.QuickSearchModule:UnityEditor.Search:ASIAI0B)
Imported 'GUID: 31fbdf2532dda4bee96be95759cd3e19' -> (Import Result ID: '3c113abb14ba06eb90a37e61763cb118') in 0.002 seconds [static and dynamic dependencies]. Details - ImportResultOutputID=70a6557286e41eb7545a0effa435e63f DependenciesID=524228541b0d464bcff483220cdecc11 StaticDependenciesID=981a2b53d2c12a32e5fa864b3fe4ac96 
Number of updated asset objects reloaded before import = 0
Number of asset objects unloaded after import = 0
========================================================================
Received Import Request.
  Time of request: 2026-10-09T14:09:53.999882Z
  Time since last request: 0.000828597 seconds.
  importAddress: GUID: 6ff912bb23fcd5b468dd2e5c37addac3 - Path: Packages/com.unity.render-pipelines.core/ShaderLibrary/Shadow/ShadowSamplingTent.hlsl - Importer: ScriptedImporter/UnityEditor.QuickSearchModule:UnityEditor.Search:ASIAI0B
Importing 'GUID: 6ff912bb23fcd5b468dd2e5c37addac3 - Path: Packages/com.unity.render-pipelines.core/ShaderLibrary/Shadow/ShadowSamplingTent.hlsl - Importer: ScriptedImporter/UnityEditor.QuickSearchModule:UnityEditor.Search:ASIAI0B' with importer (ScriptedImporter : UnityEditor.QuickSearchModule:UnityEditor.Search:ASIAI0B)
Imported 'GUID: 6ff912bb23fcd5b468dd2e5c37addac3' -> (Import Result ID: '0dfb43e3019de153b30fbb0eea0a852e') in 0.002 seconds [static and dynamic dependencies]. Details - ImportResultOutputID=1a4fc47960e296b5648f0356b3bf4283 DependenciesID=ae5e86405dd6536328d634525c20889b StaticDependenciesID=5b26ff277eb59fdd80242f6af506b7be 
Number of updated asset objects reloaded before import = 0
Number of asset objects unloaded after import = 1
========================================================================
Received Import Request.
  Time of request: 2026-10-09T14:09:54.00802Z
  Time since last request: 0.000649873 seconds.
  importAddress: GUID: b1c49d259b9089743b6272150f77b8fe - Path: Packages/com.unity.render-pipelines.core/Editor/Icons/MipLevels/RenderPipelineResources@64.png - Importer: ScriptedImporter/UnityEditor.QuickSearchModule:UnityEditor.Search:ASIAI0B
Importing 'GUID: b1c49d259b9089743b6272150f77b8fe - Path: Packages/com.unity.render-pipelines.core/Editor/Icons/MipLevels/RenderPipelineResources@64.png - Importer: ScriptedImporter/UnityEditor.QuickSearchModule:UnityEditor.Search:ASIAI0B' with importer (ScriptedImporter : UnityEditor.QuickSearchModule:UnityEditor.Search:ASIAI0B)
Imported 'GUID: b1c49d259b9089743b6272150f77b8fe' -> (Import Result ID: '9f5eec5fb24965f637358dae38a27c43') in 0.004 seconds [static and dynamic dependencies]. Details - ImportResultOutputID=024cedce13c0ec0c1da735d921df6b6a DependenciesID=5763ced7c620be3ba2fe00cc02745c7c StaticDependenciesID=e761a62c6d1f43e928542327ad4b2007 
Number of updated asset objects reloaded before import = 0
Number of asset objects unloaded after import = 1
========================================================================
Received Import Request.
  Time of request: 2026-10-09T14:09:54.01988Z
  Time since last request: 0.000214721 seconds.
  importAddress: GUID: 3e0af3c90ea2a304c8c241c8fbdce6e5 - Path: Packages/com.unity.render-pipelines.core/Editor/Icons/MipLevels/Volume@16.png - Importer: ScriptedImporter/UnityEditor.QuickSearchModule:UnityEditor.Search:ASIAI0B
Importing 'GUID: 3e0af3c90ea2a304c8c241c8fbdce6e5 - Path: Packages/com.unity.render-pipelines.core/Editor/Icons/MipLevels/Volume@16.png - Importer: ScriptedImporter/UnityEditor.QuickSearchModule:UnityEditor.Search:ASIAI0B' with importer (ScriptedImporter : UnityEditor.QuickSearchModule:UnityEditor.Search:ASIAI0B)
Imported 'GUID: 3e0af3c90ea2a304c8c241c8fbdce6e5' -> (Import Result ID: '9bced74c924c749397d5b817ac22a955') in 0.004 seconds [static and dynamic dependencies]. Details - ImportResultOutputID=9a3893785288d984dc35de6f4bc55171 DependenciesID=170cbe86bd36ecf8aaed333654bf04ec StaticDependenciesID=b1703324fec55f1805df6ef27649a567 
Number of updated asset objects reloaded before import = 0
Number of asset objects unloaded after import = 1
========================================================================
Received Import Request.
  Time of request: 2026-10-09T14:09:54.031307Z
  Time since last request: 0.000422057 seconds.
  importAddress: GUID: 42aa68c398a54080bb27754435687636 - Path: Packages/com.unity.render-pipelines.core/Tests/Editor/RenderGraph.ComputeGraphHash.cs - Importer: ScriptedImporter/UnityEditor.QuickSearchModule:UnityEditor.Search:ASIAI0B
Importing 'GUID: 42aa68c398a54080bb27754435687636 - Path: Packages/com.unity.render-pipelines.core/Tests/Editor/RenderGraph.ComputeGraphHash.cs - Importer: ScriptedImporter/UnityEditor.QuickSearchModule:UnityEditor.Search:ASIAI0B' with importer (ScriptedImporter : UnityEditor.QuickSearchModule:UnityEditor.Search:ASIAI0B)
Imported 'GUID: 42aa68c398a54080bb27754435687636' -> (Import Result ID: 'd7bc75a68c1597bd427448b3a97d0f31') in 0.001 seconds [static and dynamic dependencies]. Details - ImportResultOutputID=4359bdf9dc9f58045d895c091026d8fd DependenciesID=584b0b9919574a1ac8a3efc27c4a064a StaticDependenciesID=ff5952126c509ce5ea09d5c5d7f1f2cc 
Number of updated asset objects reloaded before import = 0
Number of asset objects unloaded after import = 0
========================================================================
Received Import Request.
  Time of request: 2026-10-09T14:09:54.040191Z
  Time since last request: 0.00032179 seconds.
  importAddress: GUID: 6e49a53fbd01acd4c9254d29a48f13d8 - Path: Packages/com.unity.render-pipelines.core/Tests/Editor/FixedBufferStringQueueTests.cs - Importer: ScriptedImporter/UnityEditor.QuickSearchModule:UnityEditor.Search:ASIAI0B
Importing 'GUID: 6e49a53fbd01acd4c9254d29a48f13d8 - Path: Packages/com.unity.render-pipelines.core/Tests/Editor/FixedBufferStringQueueTests.cs - Importer: ScriptedImporter/UnityEditor.QuickSearchModule:UnityEditor.Search:ASIAI0B' with importer (ScriptedImporter : UnityEditor.QuickSearchModule:UnityEditor.Search:ASIAI0B)
Imported 'GUID: 6e49a53fbd01acd4c9254d29a48f13d8' -> (Import Result ID: '07abcafdaa511544e8daa9d0f5e0fa08') in 0.001 seconds [static and dynamic dependencies]. Details - ImportResultOutputID=15b7db69d5f70ad57b53e8d887a7909d DependenciesID=c714b4422597a489ce33422cd8369d4e StaticDependenciesID=a8bac291b8c60d6cdaf8bb7eff08120b 
Number of updated asset objects reloaded before import = 0
Number of asset objects unloaded after import = 0
========================================================================
Received Import Request.
  Time of request: 2026-10-09T14:09:54.048257Z
  Time since last request: 0.000319416 seconds.
  importAddress: GUID: c4d24867e495514419f555e6cd2f790d - Path: Packages/com.unity.render-pipelines.core/Tests/Editor/StringExtensionsTests.cs - Importer: ScriptedImporter/UnityEditor.QuickSearchModule:UnityEditor.Search:ASIAI0B
Importing 'GUID: c4d24867e495514419f555e6cd2f790d - Path: Packages/com.unity.render-pipelines.core/Tests/Editor/StringExtensionsTests.cs - Importer: ScriptedImporter/UnityEditor.QuickSearchModule:UnityEditor.Search:ASIAI0B' with importer (ScriptedImporter : UnityEditor.QuickSearchModule:UnityEditor.Search:ASIAI0B)
Imported 'GUID: c4d24867e495514419f555e6cd2f790d' -> (Import Result ID: 'd016682bbc04378e1687af2802e5f952') in 0.001 seconds [static and dynamic dependencies]. Details - ImportResultOutputID=9eb5ffa1dffca04d612ff63a402b59ee DependenciesID=af98afa6f398551e8d1128d2680dab85 StaticDependenciesID=83121b4bdffa4eca22ae09a490500bc0 
Number of updated asset objects reloaded before import = 0
Number of asset objects unloaded after import = 0
========================================================================
Received Import Request.
  Time of request: 2026-10-09T14:09:54.055977Z
  Time since last request: 0.000207388 seconds.
  importAddress: GUID: ff33f91d01e0f9f4d90c5619e5e2b70e - Path: Packages/com.unity.render-pipelines.core/Tests/Runtime/ContextContainerTests.cs - Importer: ScriptedImporter/UnityEditor.QuickSearchModule:UnityEditor.Search:ASIAI0B
Importing 'GUID: ff33f91d01e0f9f4d90c5619e5e2b70e - Path: Packages/com.unity.render-pipelines.core/Tests/Runtime/ContextContainerTests.cs - Importer: ScriptedImporter/UnityEditor.QuickSearchModule:UnityEditor.Search:ASIAI0B' with importer (ScriptedImporter : UnityEditor.QuickSearchModule:UnityEditor.Search:ASIAI0B)
Imported 'GUID: ff33f91d01e0f9f4d90c5619e5e2b70e' -> (Import Result ID: 'e22f2d4153b853170c87b1137a4e281f') in 0.002 seconds [static and dynamic dependencies]. Details - ImportResultOutputID=0505e5ce742a6ca2466d9902e096aaad DependenciesID=d08c77e8a6d97edc16ad0cd40f8a461e StaticDependenciesID=62c5080fbfeef8879e2c045d59408d0b 
Number of updated asset objects reloaded before import = 0
Number of asset objects unloaded after import = 0
========================================================================
Received Import Request.
  Time of request: 2026-10-09T14:09:54.063339Z
  Time since last request: 0.000208059 seconds.
  importAddress: GUID: 76e81564bded5e442a18ce6964cdaef3 - Path: Packages/com.unity.render-pipelines.core/Editor/Icons/MipLevels/d_RenderPipelineResources@256.png - Importer: ScriptedImporter/UnityEditor.QuickSearchModule:UnityEditor.Search:ASIAI0B
Importing 'GUID: 76e81564bded5e442a18ce6964cdaef3 - Path: Packages/com.unity.render-pipelines.core/Editor/Icons/MipLevels/d_RenderPipelineResources@256.png - Importer: ScriptedImporter/UnityEditor.QuickSearchModule:UnityEditor.Search:ASIAI0B' with importer (ScriptedImporter : UnityEditor.QuickSearchModule:UnityEditor.Search:ASIAI0B)
Imported 'GUID: 76e81564bded5e442a18ce6964cdaef3' -> (Import Result ID: 'a7b18544f12e32a00f495fc59673ffac') in 0.004 seconds [static and dynamic dependencies]. Details - ImportResultOutputID=bf3a9b07399610c45b62dd737073368f DependenciesID=47744f899040929aa16538940a6ec738 StaticDependenciesID=bcd2875f79d3bfeb763b66b0a338543e 
Number of updated asset objects reloaded before import = 0
Number of asset objects unloaded after import = 1
========================================================================
Received Import Request.
  Time of request: 2026-10-09T14:09:54.074676Z
  Time since last request: 0.000180467 seconds.
  importAddress: GUID: d62a546e9bb9d84479e7b01b4428bace - Path: Packages/com.unity.render-pipelines.core/Tests/Editor/RenderGraphViewerTests.cs - Importer: ScriptedImporter/UnityEditor.QuickSearchModule:UnityEditor.Search:ASIAI0B
Importing 'GUID: d62a546e9bb9d84479e7b01b4428bace - Path: Packages/com.unity.render-pipelines.core/Tests/Editor/RenderGraphViewerTests.cs - Importer: ScriptedImporter/UnityEditor.QuickSearchModule:UnityEditor.Search:ASIAI0B' with importer (ScriptedImporter : UnityEditor.QuickSearchModule:UnityEditor.Search:ASIAI0B)
Imported 'GUID: d62a546e9bb9d84479e7b01b4428bace' -> (Import Result ID: '57d596dc84a31e483d009c22ffd687d3') in 0.002 seconds [static and dynamic dependencies]. Details - ImportResultOutputID=2a69a915d35fe871597f935d570b2d2b DependenciesID=6bc1c1f196be725bff69ba9d9223bf75 StaticDependenciesID=6b7fe5a06d567c952454aeb4c18b1bec 
Number of updated asset objects reloaded before import = 0
Number of asset objects unloaded after import = 0
========================================================================
Received Import Request.
  Time of request: 2026-10-09T14:09:54.083495Z
  Time since last request: 0.000324536 seconds.
  importAddress: GUID: 9f2d47f6376246d49bf978c4dbbe3686 - Path: Packages/com.unity.render-pipelines.core/Editor/BuildProcessors/ShaderStrippers/SRPDisabledComputeShaderVariantStripper.cs - Importer: ScriptedImporter/UnityEditor.QuickSearchModule:UnityEditor.Search:ASIAI0B
Importing 'GUID: 9f2d47f6376246d49bf978c4dbbe3686 - Path: Packages/com.unity.render-pipelines.core/Editor/BuildProcessors/ShaderStrippers/SRPDisabledComputeShaderVariantStripper.cs - Importer: ScriptedImporter/UnityEditor.QuickSearchModule:UnityEditor.Search:ASIAI0B' with importer (ScriptedImporter : UnityEditor.QuickSearchModule:UnityEditor.Search:ASIAI0B)
Imported 'GUID: 9f2d47f6376246d49bf978c4dbbe3686' -> (Import Result ID: 'afcfd061204b4e090955375e59ef4963') in 0.001 seconds [static and dynamic dependencies]. Details - ImportResultOutputID=0b89d11cfd93687a8df7b9032fef21c4 DependenciesID=0508a51aef99f27583dea5a2a17b8ba4 StaticDependenciesID=513b20cdd749797058e94031089ed6de 
Number of updated asset objects reloaded before import = 0
Number of asset objects unloaded after import = 0
========================================================================
Received Import Request.
  Time of request: 2026-10-09T14:09:54.09164Z
  Time since last request: 0.000318645 seconds.
  importAddress: GUID: 9e8aba00446d421694464bffe924e9b2 - Path: Packages/com.unity.render-pipelines.core/Tests/Runtime/SecondCustomRenderPipelineAsset.cs - Importer: ScriptedImporter/UnityEditor.QuickSearchModule:UnityEditor.Search:ASIAI0B
Importing 'GUID: 9e8aba00446d421694464bffe924e9b2 - Path: Packages/com.unity.render-pipelines.core/Tests/Runtime/SecondCustomRenderPipelineAsset.cs - Importer: ScriptedImporter/UnityEditor.QuickSearchModule:UnityEditor.Search:ASIAI0B' with importer (ScriptedImporter : UnityEditor.QuickSearchModule:UnityEditor.Search:ASIAI0B)
Imported 'GUID: 9e8aba00446d421694464bffe924e9b2' -> (Import Result ID: 'f7318de3d650de18fd62b5d410a9ab4d') in 0.002 seconds [static and dynamic dependencies]. Details - ImportResultOutputID=228dd5d514be6b46e8dd962217695a51 DependenciesID=23ab593a640c907a9dd912594660514f StaticDependenciesID=8af8a01beab4ac193e5c4c458c79bf6a 
Number of updated asset objects reloaded before import = 0
Number of asset objects unloaded after import = 0
========================================================================
Received Import Request.
  Time of request: 2026-10-09T14:09:54.100339Z
  Time since last request: 0.000356455 seconds.
  importAddress: GUID: 120ea264a7bdc294f86074ea0303c88f - Path: Packages/com.unity.render-pipelines.core/Tests/Editor/SimpleDots.shader - Importer: ScriptedImporter/UnityEditor.QuickSearchModule:UnityEditor.Search:ASIAI0B
Importing 'GUID: 120ea264a7bdc294f86074ea0303c88f - Path: Packages/com.unity.render-pipelines.core/Tests/Editor/SimpleDots.shader - Importer: ScriptedImporter/UnityEditor.QuickSearchModule:UnityEditor.Search:ASIAI0B' with importer (ScriptedImporter : UnityEditor.QuickSearchModule:UnityEditor.Search:ASIAI0B)
Imported 'GUID: 120ea264a7bdc294f86074ea0303c88f' -> (Import Result ID: '615f9d5e93f3ec10f3b99c9d633b7904') in 0.003 seconds [static and dynamic dependencies]. Details - ImportResultOutputID=68626cf7d84a00cbd6a60ff5e361e04d DependenciesID=31cc4694e512bcd93cc3019094ed771b StaticDependenciesID=5b810802ed89f2743da5c107564babfe 
Number of updated asset objects reloaded before import = 0
Number of asset objects unloaded after import = 1
========================================================================
Received Import Request.
  Time of request: 2026-10-09T14:09:54.11048Z
  Time since last request: 0.000259845 seconds.
  importAddress: GUID: b645d34d84db58a45ac9775bb9a9bc48 - Path: Packages/com.unity.render-pipelines.core/Editor/Icons/MipLevels/RenderPipelineResources@256.png - Importer: ScriptedImporter/UnityEditor.QuickSearchModule:UnityEditor.Search:ASIAI0B
Importing 'GUID: b645d34d84db58a45ac9775bb9a9bc48 - Path: Packages/com.unity.render-pipelines.core/Editor/Icons/MipLevels/RenderPipelineResources@256.png - Importer: ScriptedImporter/UnityEditor.QuickSearchModule:UnityEditor.Search:ASIAI0B' with importer (ScriptedImporter : UnityEditor.QuickSearchModule:UnityEditor.Search:ASIAI0B)
Imported 'GUID: b645d34d84db58a45ac9775bb9a9bc48' -> (Import Result ID: 'a3d38ad84a10356ce0652c60f6ff7373') in 0.006 seconds [static and dynamic dependencies]. Details - ImportResultOutputID=e745081b43dd67e4a8b7cbef71ff8774 DependenciesID=08874b15b5b2c5d73a06eca4869d0515 StaticDependenciesID=1fb370b7889a38fc2a066bc8fc9b1bd6 
Number of updated asset objects reloaded before import = 0
Number of asset objects unloaded after import = 1
========================================================================
Received Import Request.
  Time of request: 2026-10-09T14:09:54.122856Z
  Time since last request: 0.000205363 seconds.
  importAddress: GUID: 37ec18a486a522e4d8e28946e685e59d - Path: Packages/com.unity.render-pipelines.core/Tests/Editor/RemoveRange.Extensions.Tests.cs - Importer: ScriptedImporter/UnityEditor.QuickSearchModule:UnityEditor.Search:ASIAI0B
Importing 'GUID: 37ec18a486a522e4d8e28946e685e59d - Path: Packages/com.unity.render-pipelines.core/Tests/Editor/RemoveRange.Extensions.Tests.cs - Importer: ScriptedImporter/UnityEditor.QuickSearchModule:UnityEditor.Search:ASIAI0B' with importer (ScriptedImporter : UnityEditor.QuickSearchModule:UnityEditor.Search:ASIAI0B)
Imported 'GUID: 37ec18a486a522e4d8e28946e685e59d' -> (Import Result ID: '792c36e0dddf1de6ba573585eecc70d1') in 0.001 seconds [static and dynamic dependencies]. Details - ImportResultOutputID=9e1a3397fdc4097e10543d13be3c7a36 DependenciesID=41c56d4291267c56731f0a1d00c1ae4b StaticDependenciesID=ddc22e4c8e12c3ced43671e63d1b9e6e 
Number of updated asset objects reloaded before import = 0
Number of asset objects unloaded after import = 0
========================================================================
Received Import Request.
  Time of request: 2026-10-09T14:09:54.131142Z
  Time since last request: 0.000387013 seconds.
  importAddress: GUID: 8ba6ac699baf35242857feaf27c9cc2a - Path: Packages/com.unity.render-pipelines.core/Tests/Editor/BufferCopyTest.compute - Importer: ScriptedImporter/UnityEditor.QuickSearchModule:UnityEditor.Search:ASIAI0B
Importing 'GUID: 8ba6ac699baf35242857feaf27c9cc2a - Path: Packages/com.unity.render-pipelines.core/Tests/Editor/BufferCopyTest.compute - Importer: ScriptedImporter/UnityEditor.QuickSearchModule:UnityEditor.Search:ASIAI0B' with importer (ScriptedImporter : UnityEditor.QuickSearchModule:UnityEditor.Search:ASIAI0B)
Imported 'GUID: 8ba6ac699baf35242857feaf27c9cc2a' -> (Import Result ID: '66ee700ab7b0ee97a23fc679a72b0633') in 0.002 seconds [static and dynamic dependencies]. Details - ImportResultOutputID=daf69a3c487a65c7ebabf907ae076d5f DependenciesID=74e4b2f81f172bfa3a19bda489bd5638 StaticDependenciesID=e8ad3001dac4b4f267913b3dfa9841b1 
Number of updated asset objects reloaded before import = 0
Number of asset objects unloaded after import = 1
========================================================================
Received Import Request.
  Time of request: 2026-10-09T14:09:54.152878Z
  Time since last request: 0.012694055 seconds.
  importAddress: GUID: 9d1f3c50fbb907f4fba5095da15f23dc - Path: Packages/com.unity.render-pipelines.core/Editor/Lighting/Icons/LightPlacement_Icon@256.png - Importer: ScriptedImporter/UnityEditor.QuickSearchModule:UnityEditor.Search:ASIAI0B
Importing 'GUID: 9d1f3c50fbb907f4fba5095da15f23dc - Path: Packages/com.unity.render-pipelines.core/Editor/Lighting/Icons/LightPlacement_Icon@256.png - Importer: ScriptedImporter/UnityEditor.QuickSearchModule:UnityEditor.Search:ASIAI0B' with importer (ScriptedImporter : UnityEditor.QuickSearchModule:UnityEditor.Search:ASIAI0B)
Imported 'GUID: 9d1f3c50fbb907f4fba5095da15f23dc' -> (Import Result ID: '5a8856cc931be7fe69eb07b771f07247') in 0.003 seconds [static and dynamic dependencies]. Details - ImportResultOutputID=5a80e29a445947730040687dda260e5a DependenciesID=dc92aed5627ecda2078b20e985e70e27 StaticDependenciesID=4c7ca272201d7e3487f91abdd1373497 
Number of updated asset objects reloaded before import = 0
Number of asset objects unloaded after import = 1
========================================================================
Received Import Request.
  Time of request: 2026-10-09T14:09:54.163168Z
  Time since last request: 0.000563031 seconds.
  importAddress: GUID: 177b2538515c71b4a86aa1cad939807a - Path: Packages/com.unity.render-pipelines.core/Editor/Icons/Processed/d_Volume Icon.asset - Importer: ScriptedImporter/UnityEditor.QuickSearchModule:UnityEditor.Search:ASIAI0B
Importing 'GUID: 177b2538515c71b4a86aa1cad939807a - Path: Packages/com.unity.render-pipelines.core/Editor/Icons/Processed/d_Volume Icon.asset - Importer: ScriptedImporter/UnityEditor.QuickSearchModule:UnityEditor.Search:ASIAI0B' with importer (ScriptedImporter : UnityEditor.QuickSearchModule:UnityEditor.Search:ASIAI0B)
Imported 'GUID: 177b2538515c71b4a86aa1cad939807a' -> (Import Result ID: 'b3ce0f3c0928652fb3f8184663c6def5') in 0.005 seconds [static and dynamic dependencies]. Details - ImportResultOutputID=151803f8df806e245d114894fc4fa83e DependenciesID=3a50acef8f2735d7e338f258428d3d11 StaticDependenciesID=4ed504e598389b608c4aa109f8db1f1b 
Number of updated asset objects reloaded before import = 0
Number of asset objects unloaded after import = 1
========================================================================
Received Import Request.
  Time of request: 2026-10-09T14:09:54.174673Z
  Time since last request: 0.000237273 seconds.
  importAddress: GUID: 150de12d7eed3a2429509ab2146f6345 - Path: Packages/com.unity.render-pipelines.core/Editor/Icons/Processed/d_VolumeProfile Icon.asset - Importer: ScriptedImporter/UnityEditor.QuickSearchModule:UnityEditor.Search:ASIAI0B
Importing 'GUID: 150de12d7eed3a2429509ab2146f6345 - Path: Packages/com.unity.render-pipelines.core/Editor/Icons/Processed/d_VolumeProfile Icon.asset - Importer: ScriptedImporter/UnityEditor.QuickSearchModule:UnityEditor.Search:ASIAI0B' with importer (ScriptedImporter : UnityEditor.QuickSearchModule:UnityEditor.Search:ASIAI0B)
Imported 'GUID: 150de12d7eed3a2429509ab2146f6345' -> (Import Result ID: '3e1213bb8d03de019a82e6309329efe2') in 0.005 seconds [static and dynamic dependencies]. Details - ImportResultOutputID=c8fd6a49e163c93178924ba57b70dccf DependenciesID=81c3a78c05c066e21ec05e0d503aa8b9 StaticDependenciesID=1ba43035b284e5c2413214328cc7302b 
Number of updated asset objects reloaded before import = 0
Number of asset objects unloaded after import = 1
========================================================================
Received Import Request.
  Time of request: 2026-10-09T14:09:54.18606Z
  Time since last request: 0.00047163 seconds.
  importAddress: GUID: f4efccbcc00042141b8f7f63392439b5 - Path: Packages/com.unity.render-pipelines.core/Editor/Lighting/Icons/DownSnatch.png - Importer: ScriptedImporter/UnityEditor.QuickSearchModule:UnityEditor.Search:ASIAI0B
Importing 'GUID: f4efccbcc00042141b8f7f63392439b5 - Path: Packages/com.unity.render-pipelines.core/Editor/Lighting/Icons/DownSnatch.png - Importer: ScriptedImporter/UnityEditor.QuickSearchModule:UnityEditor.Search:ASIAI0B' with importer (ScriptedImporter : UnityEditor.QuickSearchModule:UnityEditor.Search:ASIAI0B)
Imported 'GUID: f4efccbcc00042141b8f7f63392439b5' -> (Import Result ID: '5165a44a2361067bffc9ba607bd88342') in 0.004 seconds [static and dynamic dependencies]. Details - ImportResultOutputID=7c3857566bbd7fdbe0799c8b1a4fa4a6 DependenciesID=cc48937cf82d4bbcc1db5f22798f5089 StaticDependenciesID=324fc96a029fac0891932b0bce02b225 
Number of updated asset objects reloaded before import = 0
Number of asset objects unloaded after import = 1
========================================================================
Received Import Request.
  Time of request: 2026-10-09T14:09:54.197371Z
  Time since last request: 0.000281165 seconds.
  importAddress: GUID: f05a6898ed8b6df43be9b7fbb34d0517 - Path: Packages/com.unity.render-pipelines.core/Editor/Icons/MipLevels/d_VolumeProfile@32.png - Importer: ScriptedImporter/UnityEditor.QuickSearchModule:UnityEditor.Search:ASIAI0B
Importing 'GUID: f05a6898ed8b6df43be9b7fbb34d0517 - Path: Packages/com.unity.render-pipelines.core/Editor/Icons/MipLevels/d_VolumeProfile@32.png - Importer: ScriptedImporter/UnityEditor.QuickSearchModule:UnityEditor.Search:ASIAI0B' with importer (ScriptedImporter : UnityEditor.QuickSearchModule:UnityEditor.Search:ASIAI0B)
Imported 'GUID: f05a6898ed8b6df43be9b7fbb34d0517' -> (Import Result ID: 'c84c10436ffd43b63026d52724a0c3d3') in 0.003 seconds [static and dynamic dependencies]. Details - ImportResultOutputID=7b13d36ee2f4c0482a2b3366be823291 DependenciesID=fd05c07a4f4e91da8d8e22c878b2df47 StaticDependenciesID=b2a7f3eaa188ee7f0191cda77126278b 
Number of updated asset objects reloaded before import = 0
Number of asset objects unloaded after import = 1
========================================================================
Received Import Request.
  Time of request: 2026-10-09T14:09:54.206712Z
  Time since last request: 0.000163655 seconds.
  importAddress: GUID: e9cd351a12d48ed4caa2d4ed2d8f02b8 - Path: Packages/com.unity.render-pipelines.core/Editor/Icons/MipLevels/d_VolumeProfile@256.png - Importer: ScriptedImporter/UnityEditor.QuickSearchModule:UnityEditor.Search:ASIAI0B
Importing 'GUID: e9cd351a12d48ed4caa2d4ed2d8f02b8 - Path: Packages/com.unity.render-pipelines.core/Editor/Icons/MipLevels/d_VolumeProfile@256.png - Importer: ScriptedImporter/UnityEditor.QuickSearchModule:UnityEditor.Search:ASIAI0B' with importer (ScriptedImporter : UnityEditor.QuickSearchModule:UnityEditor.Search:ASIAI0B)
Imported 'GUID: e9cd351a12d48ed4caa2d4ed2d8f02b8' -> (Import Result ID: '340f306ec5714b97c7a060097d895771') in 0.003 seconds [static and dynamic dependencies]. Details - ImportResultOutputID=a1a94b74b52836c79a8620de92e55581 DependenciesID=862b818a589a7079f9c93caec1a3feb8 StaticDependenciesID=f205f2e4883648ce42a18b030c50a357 
Number of updated asset objects reloaded before import = 0
Number of asset objects unloaded after import = 1
========================================================================
Received Import Request.
  Time of request: 2026-10-09T14:09:54.216354Z
  Time since last request: 0.000186418 seconds.
  importAddress: GUID: b356b95f05b77cf49a1b8241134f44c4 - Path: Packages/com.unity.render-pipelines.core/Editor/Lighting/Icons/Advanced_UnPressed_mini.png - Importer: ScriptedImporter/UnityEditor.QuickSearchModule:UnityEditor.Search:ASIAI0B
Importing 'GUID: b356b95f05b77cf49a1b8241134f44c4 - Path: Packages/com.unity.render-pipelines.core/Editor/Lighting/Icons/Advanced_UnPressed_mini.png - Importer: ScriptedImporter/UnityEditor.QuickSearchModule:UnityEditor.Search:ASIAI0B' with importer (ScriptedImporter : UnityEditor.QuickSearchModule:UnityEditor.Search:ASIAI0B)
Imported 'GUID: b356b95f05b77cf49a1b8241134f44c4' -> (Import Result ID: '37ac97c76c4e9685059bce30bdfb133b') in 0.003 seconds [static and dynamic dependencies]. Details - ImportResultOutputID=40da1761817588830c9754d24fb32ea2 DependenciesID=5275261d55761053b0349f1198c278e3 StaticDependenciesID=9338373c9838a42ef2dcc249a1c56d88 
Number of updated asset objects reloaded before import = 0
Number of asset objects unloaded after import = 1
========================================================================
Received Import Request.
  Time of request: 2026-10-09T14:09:54.225688Z
  Time since last request: 0.000281696 seconds.
  importAddress: GUID: ed7bb161ec84da2458e0b8730958a76a - Path: Packages/com.unity.render-pipelines.core/Editor/Icons/RenderGraphViewer/d_AccelerationStructure@2x.png - Importer: ScriptedImporter/UnityEditor.QuickSearchModule:UnityEditor.Search:ASIAI0B
Importing 'GUID: ed7bb161ec84da2458e0b8730958a76a - Path: Packages/com.unity.render-pipelines.core/Editor/Icons/RenderGraphViewer/d_AccelerationStructure@2x.png - Importer: ScriptedImporter/UnityEditor.QuickSearchModule:UnityEditor.Search:ASIAI0B' with importer (ScriptedImporter : UnityEditor.QuickSearchModule:UnityEditor.Search:ASIAI0B)
Imported 'GUID: ed7bb161ec84da2458e0b8730958a76a' -> (Import Result ID: '1ff7e349385a3d89f90cdad8b7a2e8a4') in 0.005 seconds [static and dynamic dependencies]. Details - ImportResultOutputID=cb25b633c9ae99a1ee290e428865bd76 DependenciesID=8b79a5e05530b341dee4722214475f55 StaticDependenciesID=b800660857a71691e2617417485a6c9d 
Number of updated asset objects reloaded before import = 0
Number of asset objects unloaded after import = 1
========================================================================
Received Import Request.
  Time of request: 2026-10-09T14:09:54.237037Z
  Time since last request: 0.00017156 seconds.
  importAddress: GUID: 1c7013643e4df944492a5801199df62a - Path: Packages/com.unity.render-pipelines.core/Editor/Lighting/Icons/PresetBounce_Left.png - Importer: ScriptedImporter/UnityEditor.QuickSearchModule:UnityEditor.Search:ASIAI0B
Importing 'GUID: 1c7013643e4df944492a5801199df62a - Path: Packages/com.unity.render-pipelines.core/Editor/Lighting/Icons/PresetBounce_Left.png - Importer: ScriptedImporter/UnityEditor.QuickSearchModule:UnityEditor.Search:ASIAI0B' with importer (ScriptedImporter : UnityEditor.QuickSearchModule:UnityEditor.Search:ASIAI0B)
Imported 'GUID: 1c7013643e4df944492a5801199df62a' -> (Import Result ID: 'f382b5bad770ceebda3d84ed7f6ebc1c') in 0.003 seconds [static and dynamic dependencies]. Details - ImportResultOutputID=f24dad4bbe8b3c5fb73f8dd921fa30a5 DependenciesID=af5cb1a8e77ce77a6256b06908819039 StaticDependenciesID=e42a4ab7fb2e550792f83e89bb07798d 
Number of updated asset objects reloaded before import = 0
Number of asset objects unloaded after import = 1
========================================================================
Received Import Request.
  Time of request: 2026-10-09T14:09:54.246681Z
  Time since last request: 0.000191878 seconds.
  importAddress: GUID: 881eb9c95b9a018479a89b9218d61928 - Path: Packages/com.unity.render-pipelines.core/Editor/Icons/RenderGraphViewer/PassInspector@2x.png - Importer: ScriptedImporter/UnityEditor.QuickSearchModule:UnityEditor.Search:ASIAI0B
Importing 'GUID: 881eb9c95b9a018479a89b9218d61928 - Path: Packages/com.unity.render-pipelines.core/Editor/Icons/RenderGraphViewer/PassInspector@2x.png - Importer: ScriptedImporter/UnityEditor.QuickSearchModule:UnityEditor.Search:ASIAI0B' with importer (ScriptedImporter : UnityEditor.QuickSearchModule:UnityEditor.Search:ASIAI0B)
Imported 'GUID: 881eb9c95b9a018479a89b9218d61928' -> (Import Result ID: '1396d9c08251ca5f1b059b9590af37a8') in 0.004 seconds [static and dynamic dependencies]. Details - ImportResultOutputID=523f1d1c5fd97de147d1c630eb4856e4 DependenciesID=abf319d6411897a149eb7bd4248de3ec StaticDependenciesID=c004ff55c42c94aa3774b889766143cb 
Number of updated asset objects reloaded before import = 0
Number of asset objects unloaded after import = 1
========================================================================
Received Import Request.
  Time of request: 2026-10-09T14:09:54.257009Z
  Time since last request: 0.000421316 seconds.
  importAddress: GUID: ce171bd6b515f1647a9a2c608ff705bb - Path: Packages/com.unity.render-pipelines.core/Editor/Lighting/Icons/LightPlacement_Icon@64.png - Importer: ScriptedImporter/UnityEditor.QuickSearchModule:UnityEditor.Search:ASIAI0B
Importing 'GUID: ce171bd6b515f1647a9a2c608ff705bb - Path: Packages/com.unity.render-pipelines.core/Editor/Lighting/Icons/LightPlacement_Icon@64.png - Importer: ScriptedImporter/UnityEditor.QuickSearchModule:UnityEditor.Search:ASIAI0B' with importer (ScriptedImporter : UnityEditor.QuickSearchModule:UnityEditor.Search:ASIAI0B)
Imported 'GUID: ce171bd6b515f1647a9a2c608ff705bb' -> (Import Result ID: '512252dc5553f3ea6deb62ed6c7b301e') in 0.003 seconds [static and dynamic dependencies]. Details - ImportResultOutputID=673d6cf6082434f8cc27f3381f43855f DependenciesID=174463bcb41611ec96009b5a6ed00eee StaticDependenciesID=43062b54694125cc02b0c0ed51ffd2f7 
Number of updated asset objects reloaded before import = 0
Number of asset objects unloaded after import = 1
========================================================================
Received Import Request.
  Time of request: 2026-10-09T14:09:54.267333Z
  Time since last request: 0.000232233 seconds.
  importAddress: GUID: 2e6a4056f58607f4cb9a7430cffd3cf0 - Path: Packages/com.unity.render-pipelines.core/Editor/Icons/MipLevels/d_VolumeProfile@16.png - Importer: ScriptedImporter/UnityEditor.QuickSearchModule:UnityEditor.Search:ASIAI0B
Importing 'GUID: 2e6a4056f58607f4cb9a7430cffd3cf0 - Path: Packages/com.unity.render-pipelines.core/Editor/Icons/MipLevels/d_VolumeProfile@16.png - Importer: ScriptedImporter/UnityEditor.QuickSearchModule:UnityEditor.Search:ASIAI0B' with importer (ScriptedImporter : UnityEditor.QuickSearchModule:UnityEditor.Search:ASIAI0B)
Imported 'GUID: 2e6a4056f58607f4cb9a7430cffd3cf0' -> (Import Result ID: '1d17176b245eddd54170d1bcff89d076') in 0.003 seconds [static and dynamic dependencies]. Details - ImportResultOutputID=808fa2f8b348a531a940637766a17f2e DependenciesID=fc1bb83631be940596042b6cfca345a5 StaticDependenciesID=893dbf00eadd1048e4d7f85a9f4c2ab7 
Number of updated asset objects reloaded before import = 0
Number of asset objects unloaded after import = 1
========================================================================
Received Import Request.
  Time of request: 2026-10-09T14:09:54.276805Z
  Time since last request: 0.000292225 seconds.
  importAddress: GUID: 78c530431f09533469990aeb78f31210 - Path: Packages/com.unity.render-pipelines.core/Editor/Icons/RenderGraphViewer/AccelerationStructure@2x.png - Importer: ScriptedImporter/UnityEditor.QuickSearchModule:UnityEditor.Search:ASIAI0B
Importing 'GUID: 78c530431f09533469990aeb78f31210 - Path: Packages/com.unity.render-pipelines.core/Editor/Icons/RenderGraphViewer/AccelerationStructure@2x.png - Importer: ScriptedImporter/UnityEditor.QuickSearchModule:UnityEditor.Search:ASIAI0B' with importer (ScriptedImporter : UnityEditor.QuickSearchModule:UnityEditor.Search:ASIAI0B)
Imported 'GUID: 78c530431f09533469990aeb78f31210' -> (Import Result ID: '4a717870c7b2e4e26900c05f4ffb3b50') in 0.003 seconds [static and dynamic dependencies]. Details - ImportResultOutputID=2293a04901e7dd916c787f4abe7cf65d DependenciesID=ad09d3753508e29585fab609dfa131c3 StaticDependenciesID=11ca65c123bd4523e8becf6ee8c3251d 
Number of updated asset objects reloaded before import = 0
Number of asset objects unloaded after import = 1
========================================================================
Received Import Request.
  Time of request: 2026-10-09T14:09:54.287025Z
  Time since last request: 0.00031647 seconds.
  importAddress: GUID: 33191aa3ed97cff4aa04bf4719f713ed - Path: Packages/com.unity.render-pipelines.core/Editor/Icons/RenderGraphViewer/d_Import@2x.png - Importer: ScriptedImporter/UnityEditor.QuickSearchModule:UnityEditor.Search:ASIAI0B
Importing 'GUID: 33191aa3ed97cff4aa04bf4719f713ed - Path: Packages/com.unity.render-pipelines.core/Editor/Icons/RenderGraphViewer/d_Import@2x.png - Importer: ScriptedImporter/UnityEditor.QuickSearchModule:UnityEditor.Search:ASIAI0B' with importer (ScriptedImporter : UnityEditor.QuickSearchModule:UnityEditor.Search:ASIAI0B)
Imported 'GUID: 33191aa3ed97cff4aa04bf4719f713ed' -> (Import Result ID: 'b694034ff9796062e1a5f59b6f943857') in 0.003 seconds [static and dynamic dependencies]. Details - ImportResultOutputID=03934d19a8dc2edd908c6db6fe90a51b DependenciesID=3046cfe5ef337e19db5c27dc8b8b5adb StaticDependenciesID=1d25b60179ff6832427ebbcf6335d7bf 
Number of updated asset objects reloaded before import = 0
Number of asset objects unloaded after import = 1
========================================================================
Received Import Request.
  Time of request: 2026-10-09T14:09:54.297388Z
  Time since last request: 0.000367055 seconds.
  importAddress: GUID: df491817340312f439c32f95902ddee7 - Path: Packages/com.unity.render-pipelines.core/Editor/Lighting/Icons/LightAnchor_Icon.png - Importer: ScriptedImporter/UnityEditor.QuickSearchModule:UnityEditor.Search:ASIAI0B
Importing 'GUID: df491817340312f439c32f95902ddee7 - Path: Packages/com.unity.render-pipelines.core/Editor/Lighting/Icons/LightAnchor_Icon.png - Importer: ScriptedImporter/UnityEditor.QuickSearchModule:UnityEditor.Search:ASIAI0B' with importer (ScriptedImporter : UnityEditor.QuickSearchModule:UnityEditor.Search:ASIAI0B)
Imported 'GUID: df491817340312f439c32f95902ddee7' -> (Import Result ID: '8720b06dcc65cc685dc67ba738b2d070') in 0.005 seconds [static and dynamic dependencies]. Details - ImportResultOutputID=fd13236e865e5a3e3db5fdc1275a753c DependenciesID=4154511bb3c3272a0af7f08a10a3607a StaticDependenciesID=abf01b239a517845d5f5c1c937dae71e 
Number of updated asset objects reloaded before import = 0
Number of asset objects unloaded after import = 1
========================================================================
Received Import Request.
  Time of request: 2026-10-09T14:09:54.30959Z
  Time since last request: 0.000282758 seconds.
  importAddress: GUID: 126e291066d6c934e99b244ec88e813a - Path: Packages/com.unity.render-pipelines.core/Editor/Icons/RenderGraphViewer/d_Texture@2x.png - Importer: ScriptedImporter/UnityEditor.QuickSearchModule:UnityEditor.Search:ASIAI0B
Importing 'GUID: 126e291066d6c934e99b244ec88e813a - Path: Packages/com.unity.render-pipelines.core/Editor/Icons/RenderGraphViewer/d_Texture@2x.png - Importer: ScriptedImporter/UnityEditor.QuickSearchModule:UnityEditor.Search:ASIAI0B' with importer (ScriptedImporter : UnityEditor.QuickSearchModule:UnityEditor.Search:ASIAI0B)
Imported 'GUID: 126e291066d6c934e99b244ec88e813a' -> (Import Result ID: '9a05a92302368504085f679297443ac2') in 0.003 seconds [static and dynamic dependencies]. Details - ImportResultOutputID=64e2afd5ef538006d7fec6c87849155c DependenciesID=a6bc0e46782cd67e7082248c928826d8 StaticDependenciesID=cee88a7b8e0798106a96f664c07ba272 
Number of updated asset objects reloaded before import = 0
Number of asset objects unloaded after import = 1
========================================================================
Received Import Request.
  Time of request: 2026-10-09T14:09:54.319159Z
  Time since last request: 0.000289891 seconds.
  importAddress: GUID: 340b2e8f8761e254d8ee52bc663cedbd - Path: Packages/com.unity.render-pipelines.core/Editor/Icons/Processed/d_DecalProjector Icon.asset - Importer: ScriptedImporter/UnityEditor.QuickSearchModule:UnityEditor.Search:ASIAI0B
Importing 'GUID: 340b2e8f8761e254d8ee52bc663cedbd - Path: Packages/com.unity.render-pipelines.core/Editor/Icons/Processed/d_DecalProjector Icon.asset - Importer: ScriptedImporter/UnityEditor.QuickSearchModule:UnityEditor.Search:ASIAI0B' with importer (ScriptedImporter : UnityEditor.QuickSearchModule:UnityEditor.Search:ASIAI0B)
Imported 'GUID: 340b2e8f8761e254d8ee52bc663cedbd' -> (Import Result ID: 'f37b540b627cd7bca43038bbd1678320') in 0.004 seconds [static and dynamic dependencies]. Details - ImportResultOutputID=2571ea64e8c61ff4a38aec71f1225637 DependenciesID=93a42b3032f601b2d398fda6f36d9404 StaticDependenciesID=6e1844be405fa3b122f814d752405e11 
Number of updated asset objects reloaded before import = 0
Number of asset objects unloaded after import = 1
========================================================================
Received Import Request.
  Time of request: 2026-10-09T14:09:54.347523Z
  Time since last request: 0.016751669 seconds.
  importAddress: GUID: 518057398db7dd043928f01f4fbad1b9 - Path: Packages/com.unity.render-pipelines.core/Editor/Lighting/Icons/d_LightPlacement_Icon.png - Importer: ScriptedImporter/UnityEditor.QuickSearchModule:UnityEditor.Search:ASIAI0B
Importing 'GUID: 518057398db7dd043928f01f4fbad1b9 - Path: Packages/com.unity.render-pipelines.core/Editor/Lighting/Icons/d_LightPlacement_Icon.png - Importer: ScriptedImporter/UnityEditor.QuickSearchModule:UnityEditor.Search:ASIAI0B' with importer (ScriptedImporter : UnityEditor.QuickSearchModule:UnityEditor.Search:ASIAI0B)
Imported 'GUID: 518057398db7dd043928f01f4fbad1b9' -> (Import Result ID: '03f71ce5369d556b3b0cb939f8b2c5ff') in 0.003 seconds [static and dynamic dependencies]. Details - ImportResultOutputID=739c9627b55362ed3d68983c6a754c3b DependenciesID=878f39be87cb854cc5b851e2b65bf3f3 StaticDependenciesID=5db7292d1be812f988ad07a055102a35 
Number of updated asset objects reloaded before import = 0
Number of asset objects unloaded after import = 1
========================================================================
Received Import Request.
  Time of request: 2026-10-09T14:09:54.357264Z
  Time since last request: 0.000270625 seconds.
  importAddress: GUID: e8daef37e2419284e8b319261203d5c3 - Path: Packages/com.unity.render-pipelines.core/Editor/Lighting/Icons/d_LightPlacement_Icon@256.png - Importer: ScriptedImporter/UnityEditor.QuickSearchModule:UnityEditor.Search:ASIAI0B
Importing 'GUID: e8daef37e2419284e8b319261203d5c3 - Path: Packages/com.unity.render-pipelines.core/Editor/Lighting/Icons/d_LightPlacement_Icon@256.png - Importer: ScriptedImporter/UnityEditor.QuickSearchModule:UnityEditor.Search:ASIAI0B' with importer (ScriptedImporter : UnityEditor.QuickSearchModule:UnityEditor.Search:ASIAI0B)
Imported 'GUID: e8daef37e2419284e8b319261203d5c3' -> (Import Result ID: 'a4fe46a0e60f6fc944a086b6e1e4653d') in 0.003 seconds [static and dynamic dependencies]. Details - ImportResultOutputID=78878a5faec56313534c4219fdb06ca5 DependenciesID=d9e57a27d0838d40fe26790e31725fdf StaticDependenciesID=b87e16b5b07c488320873d11cef820e2 
Number of updated asset objects reloaded before import = 0
Number of asset objects unloaded after import = 1
========================================================================
Received Import Request.
  Time of request: 2026-10-09T14:09:54.367605Z
  Time since last request: 0.000352648 seconds.
  importAddress: GUID: 84767f608f72f5a4090837fc328dd75f - Path: Packages/com.unity.render-pipelines.core/Editor/Lighting/Icons/PresetFill_Left.png - Importer: ScriptedImporter/UnityEditor.QuickSearchModule:UnityEditor.Search:ASIAI0B
Importing 'GUID: 84767f608f72f5a4090837fc328dd75f - Path: Packages/com.unity.render-pipelines.core/Editor/Lighting/Icons/PresetFill_Left.png - Importer: ScriptedImporter/UnityEditor.QuickSearchModule:UnityEditor.Search:ASIAI0B' with importer (ScriptedImporter : UnityEditor.QuickSearchModule:UnityEditor.Search:ASIAI0B)
Imported 'GUID: 84767f608f72f5a4090837fc328dd75f' -> (Import Result ID: 'ddb3d5464bcf59f2162c6dd4d0f05edc') in 0.004 seconds [static and dynamic dependencies]. Details - ImportResultOutputID=77ea95d7c296797efbfae0a9e78f016d DependenciesID=8c87eff3d9c0908e5d07cdf16d895050 StaticDependenciesID=0f4451c393a95ddfdda7bca1ae8c76f2 
Number of updated asset objects reloaded before import = 0
Number of asset objects unloaded after import = 1
========================================================================
Received Import Request.
  Time of request: 2026-10-09T14:09:54.378808Z
  Time since last request: 0.000163335 seconds.
  importAddress: GUID: 8a35aa5922ce5b746a734edf7de25ab4 - Path: Packages/com.unity.render-pipelines.core/Editor/Lighting/Icons/UpSnatchFocused.png - Importer: ScriptedImporter/UnityEditor.QuickSearchModule:UnityEditor.Search:ASIAI0B
Importing 'GUID: 8a35aa5922ce5b746a734edf7de25ab4 - Path: Packages/com.unity.render-pipelines.core/Editor/Lighting/Icons/UpSnatchFocused.png - Importer: ScriptedImporter/UnityEditor.QuickSearchModule:UnityEditor.Search:ASIAI0B' with importer (ScriptedImporter : UnityEditor.QuickSearchModule:UnityEditor.Search:ASIAI0B)
Imported 'GUID: 8a35aa5922ce5b746a734edf7de25ab4' -> (Import Result ID: '8a976ab454c4b130c0da2c3886104abd') in 0.003 seconds [static and dynamic dependencies]. Details - ImportResultOutputID=ac6b2f0cf1dfe8b4f45c2fe37e1e9664 DependenciesID=114db7982ae2d151aa962d1455de3760 StaticDependenciesID=864dc2f5b5249fa4a8c011d15b25f4bd 
Number of updated asset objects reloaded before import = 0
Number of asset objects unloaded after import = 1
========================================================================
Received Import Request.
  Time of request: 2026-10-09T14:09:54.389079Z
  Time since last request: 0.000308636 seconds.
  importAddress: GUID: 32824d29ca4eb544896ba1b0ba16de44 - Path: Packages/com.unity.render-pipelines.core/Editor/Lighting/ProbeVolume/ProbeSubdivisionResult.cs - Importer: ScriptedImporter/UnityEditor.QuickSearchModule:UnityEditor.Search:ASIAI0B
Importing 'GUID: 32824d29ca4eb544896ba1b0ba16de44 - Path: Packages/com.unity.render-pipelines.core/Editor/Lighting/ProbeVolume/ProbeSubdivisionResult.cs - Importer: ScriptedImporter/UnityEditor.QuickSearchModule:UnityEditor.Search:ASIAI0B' with importer (ScriptedImporter : UnityEditor.QuickSearchModule:UnityEditor.Search:ASIAI0B)
Imported 'GUID: 32824d29ca4eb544896ba1b0ba16de44' -> (Import Result ID: '437b47bb9b3ed7da4b691f5ebe9015d0') in 0.002 seconds [static and dynamic dependencies]. Details - ImportResultOutputID=ce78e56ce987a68f107ba79561f6c662 DependenciesID=2cfdc0f68a276666428d00e52fff5386 StaticDependenciesID=cbab35d9cec1ce57a92f7f8878c2369e 
Number of updated asset objects reloaded before import = 0
Number of asset objects unloaded after import = 0
========================================================================
Received Import Request.
  Time of request: 2026-10-09T14:09:54.39866Z
  Time since last request: 0.000307464 seconds.
  importAddress: GUID: f1ae0052b83ef5d4db2deea6f9aa8236 - Path: Packages/com.unity.render-pipelines.core/Editor/Lighting/ProbeVolume/ProbeVolumeEditor.cs - Importer: ScriptedImporter/UnityEditor.QuickSearchModule:UnityEditor.Search:ASIAI0B
Importing 'GUID: f1ae0052b83ef5d4db2deea6f9aa8236 - Path: Packages/com.unity.render-pipelines.core/Editor/Lighting/ProbeVolume/ProbeVolumeEditor.cs - Importer: ScriptedImporter/UnityEditor.QuickSearchModule:UnityEditor.Search:ASIAI0B' with importer (ScriptedImporter : UnityEditor.QuickSearchModule:UnityEditor.Search:ASIAI0B)
Imported 'GUID: f1ae0052b83ef5d4db2deea6f9aa8236' -> (Import Result ID: '9eac25f650783f3ea0b5474eddc3db0e') in 0.001 seconds [static and dynamic dependencies]. Details - ImportResultOutputID=774acac86e25b8eb86863d2a6af241fc DependenciesID=5a19f411592736c0c28af13226e66fcd StaticDependenciesID=6517a6349e39f0d1cb481024900ca337 
Number of updated asset objects reloaded before import = 0
Number of asset objects unloaded after import = 0
========================================================================
Received Import Request.
  Time of request: 2026-10-09T14:09:54.407042Z
  Time since last request: 0.000304919 seconds.
  importAddress: GUID: 27ddd7fccc437254da38f2ffe1983567 - Path: Packages/com.unity.render-pipelines.core/Editor/Lighting/Icons/d_LightPlacement_Icon On@16.png - Importer: ScriptedImporter/UnityEditor.QuickSearchModule:UnityEditor.Search:ASIAI0B
Importing 'GUID: 27ddd7fccc437254da38f2ffe1983567 - Path: Packages/com.unity.render-pipelines.core/Editor/Lighting/Icons/d_LightPlacement_Icon On@16.png - Importer: ScriptedImporter/UnityEditor.QuickSearchModule:UnityEditor.Search:ASIAI0B' with importer (ScriptedImporter : UnityEditor.QuickSearchModule:UnityEditor.Search:ASIAI0B)
Imported 'GUID: 27ddd7fccc437254da38f2ffe1983567' -> (Import Result ID: '91ec457812d73d56fe6a6734a55c7470') in 0.005 seconds [static and dynamic dependencies]. Details - ImportResultOutputID=9747ea021d3d4547fb941a7b740e514a DependenciesID=d2773d0f3aa16af2a868f6596afa2e7c StaticDependenciesID=5131f67f1a36072af951629d146f7f42 
Number of updated asset objects reloaded before import = 0
Number of asset objects unloaded after import = 1
========================================================================
Received Import Request.
  Time of request: 2026-10-09T14:09:54.41968Z
  Time since last request: 0.000266828 seconds.
  importAddress: GUID: fbee1c54ecff3d24e8f34e2bbd19390f - Path: Packages/com.unity.render-pipelines.core/Editor/Lighting/Icons/d_LightPlacement_Icon@2x.png - Importer: ScriptedImporter/UnityEditor.QuickSearchModule:UnityEditor.Search:ASIAI0B
Importing 'GUID: fbee1c54ecff3d24e8f34e2bbd19390f - Path: Packages/com.unity.render-pipelines.core/Editor/Lighting/Icons/d_LightPlacement_Icon@2x.png - Importer: ScriptedImporter/UnityEditor.QuickSearchModule:UnityEditor.Search:ASIAI0B' with importer (ScriptedImporter : UnityEditor.QuickSearchModule:UnityEditor.Search:ASIAI0B)
Imported 'GUID: fbee1c54ecff3d24e8f34e2bbd19390f' -> (Import Result ID: '5253924a3ed927a5a652bb217088eba4') in 0.004 seconds [static and dynamic dependencies]. Details - ImportResultOutputID=85ea03e3d2ac8f898a0ffe0fe4d00e94 DependenciesID=1cf97c77fad17eed084d167f5087b189 StaticDependenciesID=3250d7bb0f7c2d3558cae147ce5fba06 
Number of updated asset objects reloaded before import = 0
Number of asset objects unloaded after import = 1
========================================================================
Received Import Request.
  Time of request: 2026-10-09T14:09:54.430765Z
  Time since last request: 0.000271467 seconds.
  importAddress: GUID: d45701e61be7ef9449716f810d3d7410 - Path: Packages/com.unity.render-pipelines.core/Editor/PathTracing/Debugging/AdaptiveSamplingDebugHelpers.cs - Importer: ScriptedImporter/UnityEditor.QuickSearchModule:UnityEditor.Search:ASIAI0B
Importing 'GUID: d45701e61be7ef9449716f810d3d7410 - Path: Packages/com.unity.render-pipelines.core/Editor/PathTracing/Debugging/AdaptiveSamplingDebugHelpers.cs - Importer: ScriptedImporter/UnityEditor.QuickSearchModule:UnityEditor.Search:ASIAI0B' with importer (ScriptedImporter : UnityEditor.QuickSearchModule:UnityEditor.Search:ASIAI0B)
Imported 'GUID: d45701e61be7ef9449716f810d3d7410' -> (Import Result ID: 'f41f953b16465b55706ef17a908a3bf3') in 0.002 seconds [static and dynamic dependencies]. Details - ImportResultOutputID=dd5d5b55a229a79e082eb94b863ebae3 DependenciesID=473252d4f88dc0b89fca6137c94b2a17 StaticDependenciesID=31df15aa994655f2ff1d062e982917f9 
Number of updated asset objects reloaded before import = 0
Number of asset objects unloaded after import = 0
========================================================================
Received Import Request.
  Time of request: 2026-10-09T14:09:54.440269Z
  Time since last request: 0.000341888 seconds.
  importAddress: GUID: 7530ec596e48f41e2bc1cc954be9b805 - Path: Packages/com.unity.render-pipelines.core/Editor/Lighting/ProbeVolume/VoxelizeScene.hlsl - Importer: ScriptedImporter/UnityEditor.QuickSearchModule:UnityEditor.Search:ASIAI0B
Importing 'GUID: 7530ec596e48f41e2bc1cc954be9b805 - Path: Packages/com.unity.render-pipelines.core/Editor/Lighting/ProbeVolume/VoxelizeScene.hlsl - Importer: ScriptedImporter/UnityEditor.QuickSearchModule:UnityEditor.Search:ASIAI0B' with importer (ScriptedImporter : UnityEditor.QuickSearchModule:UnityEditor.Search:ASIAI0B)
Imported 'GUID: 7530ec596e48f41e2bc1cc954be9b805' -> (Import Result ID: '41c84e19fc5c3fdc3b0e4517e0e0fea8') in 0.002 seconds [static and dynamic dependencies]. Details - ImportResultOutputID=b3a2d0fde112721342da1ee05a16ad4b DependenciesID=8cd800e19b138057866a92f82c9ae749 StaticDependenciesID=67d549b8b94f8bfe1c511e0197bd58d3 
Number of updated asset objects reloaded before import = 0
Number of asset objects unloaded after import = 1
========================================================================
Received Import Request.
  Time of request: 2026-10-09T14:09:54.449576Z
  Time since last request: 0.000226894 seconds.
  importAddress: GUID: 0f8abfbe013119f439e0bfec01e3687b - Path: Packages/com.unity.render-pipelines.core/Editor/Lighting/ProbeVolume/ProbeVolumeLightingTab.cs - Importer: ScriptedImporter/UnityEditor.QuickSearchModule:UnityEditor.Search:ASIAI0B
Importing 'GUID: 0f8abfbe013119f439e0bfec01e3687b - Path: Packages/com.unity.render-pipelines.core/Editor/Lighting/ProbeVolume/ProbeVolumeLightingTab.cs - Importer: ScriptedImporter/UnityEditor.QuickSearchModule:UnityEditor.Search:ASIAI0B' with importer (ScriptedImporter : UnityEditor.QuickSearchModule:UnityEditor.Search:ASIAI0B)
Imported 'GUID: 0f8abfbe013119f439e0bfec01e3687b' -> (Import Result ID: '62e545bc82221d767f42652d206611a0') in 0.001 seconds [static and dynamic dependencies]. Details - ImportResultOutputID=b1145a18d7be6a9e53caabe414f7f030 DependenciesID=ee15ab52c94c7d726e11e035be662ed4 StaticDependenciesID=c15dfa0604d9a05fb29834ffd8448e3d 
Number of updated asset objects reloaded before import = 0
Number of asset objects unloaded after import = 0
========================================================================
Received Import Request.
  Time of request: 2026-10-09T14:09:54.459135Z
  Time since last request: 0.000543735 seconds.
  importAddress: GUID: c8b6a681c7b4e2e4785ffab093907f9e - Path: Packages/com.unity.render-pipelines.core/Editor/Lighting/ProbeVolume/VoxelizeScene.shader - Importer: ScriptedImporter/UnityEditor.QuickSearchModule:UnityEditor.Search:ASIAI0B
Importing 'GUID: c8b6a681c7b4e2e4785ffab093907f9e - Path: Packages/com.unity.render-pipelines.core/Editor/Lighting/ProbeVolume/VoxelizeScene.shader - Importer: ScriptedImporter/UnityEditor.QuickSearchModule:UnityEditor.Search:ASIAI0B' with importer (ScriptedImporter : UnityEditor.QuickSearchModule:UnityEditor.Search:ASIAI0B)
Imported 'GUID: c8b6a681c7b4e2e4785ffab093907f9e' -> (Import Result ID: 'd96ccd1133077c4a449b42f31a1b3659') in 0.002 seconds [static and dynamic dependencies]. Details - ImportResultOutputID=054a9e84b02071bf8433469e913c71c3 DependenciesID=91b9325f4ec63025bcb0454fb5c71fc6 StaticDependenciesID=c2c8bcf37887277040be9c6567833ba5 
Number of updated asset objects reloaded before import = 0
Number of asset objects unloaded after import = 1
========================================================================
Received Import Request.
  Time of request: 2026-10-09T14:09:54.468707Z
  Time since last request: 0.000250537 seconds.
  importAddress: GUID: e20f6d92d0ae13040bfcbe8ef57da036 - Path: Packages/com.unity.render-pipelines.core/Editor/Lighting/Icons/d_LightPlacement_Icon@64.png - Importer: ScriptedImporter/UnityEditor.QuickSearchModule:UnityEditor.Search:ASIAI0B
Importing 'GUID: e20f6d92d0ae13040bfcbe8ef57da036 - Path: Packages/com.unity.render-pipelines.core/Editor/Lighting/Icons/d_LightPlacement_Icon@64.png - Importer: ScriptedImporter/UnityEditor.QuickSearchModule:UnityEditor.Search:ASIAI0B' with importer (ScriptedImporter : UnityEditor.QuickSearchModule:UnityEditor.Search:ASIAI0B)
Imported 'GUID: e20f6d92d0ae13040bfcbe8ef57da036' -> (Import Result ID: 'a400dd2bd5dff4cc6f52430162a3a959') in 0.003 seconds [static and dynamic dependencies]. Details - ImportResultOutputID=122920bc734c11aa340eafd37db8642f DependenciesID=9102d26c4cd8548b4c1ab73a16467d55 StaticDependenciesID=31e6605f6dfa8b63d21921c409d6acaa 
Number of updated asset objects reloaded before import = 0
Number of asset objects unloaded after import = 1
========================================================================
Received Import Request.
  Time of request: 2026-10-09T14:09:54.478602Z
  Time since last request: 0.000190806 seconds.
  importAddress: GUID: b03b6ff4fae512740bbbd0ac0896f8d4 - Path: Packages/com.unity.render-pipelines.core/Editor/Lighting/LightUnit/LightUnitSlider.cs - Importer: ScriptedImporter/UnityEditor.QuickSearchModule:UnityEditor.Search:ASIAI0B
Importing 'GUID: b03b6ff4fae512740bbbd0ac0896f8d4 - Path: Packages/com.unity.render-pipelines.core/Editor/Lighting/LightUnit/LightUnitSlider.cs - Importer: ScriptedImporter/UnityEditor.QuickSearchModule:UnityEditor.Search:ASIAI0B' with importer (ScriptedImporter : UnityEditor.QuickSearchModule:UnityEditor.Search:ASIAI0B)
Imported 'GUID: b03b6ff4fae512740bbbd0ac0896f8d4' -> (Import Result ID: '68a1aea990f1aa445f946d6559ba9440') in 0.002 seconds [static and dynamic dependencies]. Details - ImportResultOutputID=bb54ccb7397d57eff093cc7759ed7fa9 DependenciesID=7f582fa055095dd6a73a3fc564aa94ba StaticDependenciesID=4a5f8bfee5efdf7ccb5ccb0d067034d1 
Number of updated asset objects reloaded before import = 0
Number of asset objects unloaded after import = 0
========================================================================
Received Import Request.
  Time of request: 2026-10-09T14:09:54.486731Z
  Time since last request: 0.000219549 seconds.
  importAddress: GUID: ebbff026076216245a6e728a10c98c66 - Path: Packages/com.unity.render-pipelines.core/Editor/Lighting/LightUnit/TemperatureSlider.cs - Importer: ScriptedImporter/UnityEditor.QuickSearchModule:UnityEditor.Search:ASIAI0B
Importing 'GUID: ebbff026076216245a6e728a10c98c66 - Path: Packages/com.unity.render-pipelines.core/Editor/Lighting/LightUnit/TemperatureSlider.cs - Importer: ScriptedImporter/UnityEditor.QuickSearchModule:UnityEditor.Search:ASIAI0B' with importer (ScriptedImporter : UnityEditor.QuickSearchModule:UnityEditor.Search:ASIAI0B)
Imported 'GUID: ebbff026076216245a6e728a10c98c66' -> (Import Result ID: '6dafd4e90392a18bd82ef114e32abe71') in 0.001 seconds [static and dynamic dependencies]. Details - ImportResultOutputID=2a7e8f99644f713faf9c2568a5d345e0 DependenciesID=dc6dbe93d7de468fc9be72294cd92490 StaticDependenciesID=03cc2bafa8086b1f1ee131f6cb16d3c4 
Number of updated asset objects reloaded before import = 0
Number of asset objects unloaded after import = 0
========================================================================
Received Import Request.
  Time of request: 2026-10-09T14:09:54.517089Z
  Time since last request: 0.022564851 seconds.
  importAddress: GUID: 55968f107cad0c249a1e365a3982f164 - Path: Packages/com.unity.render-pipelines.core/Editor/Tools/MaterialUpgrader/SpeedTree9MaterialUpgrader.cs - Importer: ScriptedImporter/UnityEditor.QuickSearchModule:UnityEditor.Search:ASIAI0B
Importing 'GUID: 55968f107cad0c249a1e365a3982f164 - Path: Packages/com.unity.render-pipelines.core/Editor/Tools/MaterialUpgrader/SpeedTree9MaterialUpgrader.cs - Importer: ScriptedImporter/UnityEditor.QuickSearchModule:UnityEditor.Search:ASIAI0B' with importer (ScriptedImporter : UnityEditor.QuickSearchModule:UnityEditor.Search:ASIAI0B)
Imported 'GUID: 55968f107cad0c249a1e365a3982f164' -> (Import Result ID: 'bcafbee83d72f345b95c9b217baae2ca') in 0.001 seconds [static and dynamic dependencies]. Details - ImportResultOutputID=c8b5e300854b3794540590db0cb42bac DependenciesID=62e201de7cf956e860b6c274c20ae1e0 StaticDependenciesID=557908b0cc2e61802c1766732ac4583d 
Number of updated asset objects reloaded before import = 0
Number of asset objects unloaded after import = 0
========================================================================
Received Import Request.
  Time of request: 2026-10-09T14:09:54.525898Z
  Time since last request: 0.000173864 seconds.
  importAddress: GUID: f2c5166bd566ada4aadfdf693f8477e3 - Path: Packages/com.unity.render-pipelines.core/Editor-PrivateShared/Tools/Converter/AttributesDefinitions.cs - Importer: ScriptedImporter/UnityEditor.QuickSearchModule:UnityEditor.Search:ASIAI0B
Importing 'GUID: f2c5166bd566ada4aadfdf693f8477e3 - Path: Packages/com.unity.render-pipelines.core/Editor-PrivateShared/Tools/Converter/AttributesDefinitions.cs - Importer: ScriptedImporter/UnityEditor.QuickSearchModule:UnityEditor.Search:ASIAI0B' with importer (ScriptedImporter : UnityEditor.QuickSearchModule:UnityEditor.Search:ASIAI0B)
Imported 'GUID: f2c5166bd566ada4aadfdf693f8477e3' -> (Import Result ID: 'e3533bd1f3470d923eb51cc8d811cf11') in 0.001 seconds [static and dynamic dependencies]. Details - ImportResultOutputID=c67c499f4429ac47a27b8b4569140d36 DependenciesID=8baf0f45a93e2034d5ff545d6796a476 StaticDependenciesID=6597a31e7932847f6084c40675c52a66 
Number of updated asset objects reloaded before import = 0
Number of asset objects unloaded after import = 0
========================================================================
Received Import Request.
  Time of request: 2026-10-09T14:09:54.534411Z
  Time since last request: 0.000275805 seconds.
  importAddress: GUID: d7cc2267acce47fdae2ece838f34df48 - Path: Packages/com.unity.render-pipelines.core/Runtime/Debugging/FrameTiming/FrameTimeSample.cs - Importer: ScriptedImporter/UnityEditor.QuickSearchModule:UnityEditor.Search:ASIAI0B
Importing 'GUID: d7cc2267acce47fdae2ece838f34df48 - Path: Packages/com.unity.render-pipelines.core/Runtime/Debugging/FrameTiming/FrameTimeSample.cs - Importer: ScriptedImporter/UnityEditor.QuickSearchModule:UnityEditor.Search:ASIAI0B' with importer (ScriptedImporter : UnityEditor.QuickSearchModule:UnityEditor.Search:ASIAI0B)
Imported 'GUID: d7cc2267acce47fdae2ece838f34df48' -> (Import Result ID: 'f0a2c24409f44b9a890a4e29c855d387') in 0.002 seconds [static and dynamic dependencies]. Details - ImportResultOutputID=5a19771ef4a9a50d4c8d7d3f3c375a7e DependenciesID=886985f126e61fe247667802d5f991cc StaticDependenciesID=b0234f9e9326a7615853b5e05d80f77a 
Number of updated asset objects reloaded before import = 0
Number of asset objects unloaded after import = 0
========================================================================
Received Import Request.
  Time of request: 2026-10-09T14:09:54.543339Z
  Time since last request: 0.000193792 seconds.
  importAddress: GUID: 0047263fa58f91d49a61936e94358829 - Path: Packages/com.unity.render-pipelines.core/Editor/PostProcessing/LensFlareResource/PolygonFlareThumbnail@2x.png - Importer: ScriptedImporter/UnityEditor.QuickSearchModule:UnityEditor.Search:ASIAI0B
Importing 'GUID: 0047263fa58f91d49a61936e94358829 - Path: Packages/com.unity.render-pipelines.core/Editor/PostProcessing/LensFlareResource/PolygonFlareThumbnail@2x.png - Importer: ScriptedImporter/UnityEditor.QuickSearchModule:UnityEditor.Search:ASIAI0B' with importer (ScriptedImporter : UnityEditor.QuickSearchModule:UnityEditor.Search:ASIAI0B)
Imported 'GUID: 0047263fa58f91d49a61936e94358829' -> (Import Result ID: 'c9219108290e4d166588d5b8eb3efd41') in 0.003 seconds [static and dynamic dependencies]. Details - ImportResultOutputID=f233fd43b1b789abffbc0ad2cf1c1813 DependenciesID=96906c0e89a8573c7ce8e892747611c0 StaticDependenciesID=3e443884f980733dae0a6d2468de5246 
Number of updated asset objects reloaded before import = 0
Number of asset objects unloaded after import = 1
========================================================================
Received Import Request.
  Time of request: 2026-10-09T14:09:54.553104Z
  Time since last request: 0.000206325 seconds.
  importAddress: GUID: dab563492d08ecb468665188ee37af60 - Path: Packages/com.unity.render-pipelines.core/Editor/Settings/PropertyDrawers/RenderPipelineGraphicsSettingsContainerPropertyDrawer.cs - Importer: ScriptedImporter/UnityEditor.QuickSearchModule:UnityEditor.Search:ASIAI0B
Importing 'GUID: dab563492d08ecb468665188ee37af60 - Path: Packages/com.unity.render-pipelines.core/Editor/Settings/PropertyDrawers/RenderPipelineGraphicsSettingsContainerPropertyDrawer.cs - Importer: ScriptedImporter/UnityEditor.QuickSearchModule:UnityEditor.Search:ASIAI0B' with importer (ScriptedImporter : UnityEditor.QuickSearchModule:UnityEditor.Search:ASIAI0B)
Imported 'GUID: dab563492d08ecb468665188ee37af60' -> (Import Result ID: '8f76daef01f558079291bf00d7e06d63') in 0.002 seconds [static and dynamic dependencies]. Details - ImportResultOutputID=bf0f1b580843afed22cfe9213e83990c DependenciesID=185dc77c229bccf9656a723fa7cbb665 StaticDependenciesID=c9f9b9e36af20db27d0dfea4cc280348 
Number of updated asset objects reloaded before import = 0
Number of asset objects unloaded after import = 0
========================================================================
Received Import Request.
  Time of request: 2026-10-09T14:09:54.56232Z
  Time since last request: 0.000249897 seconds.
  importAddress: GUID: 34ad702e46732ff438113b62a10ae80e - Path: Packages/com.unity.render-pipelines.core/Editor/Volume/Drawers/ColorParameterDrawer.cs - Importer: ScriptedImporter/UnityEditor.QuickSearchModule:UnityEditor.Search:ASIAI0B
Importing 'GUID: 34ad702e46732ff438113b62a10ae80e - Path: Packages/com.unity.render-pipelines.core/Editor/Volume/Drawers/ColorParameterDrawer.cs - Importer: ScriptedImporter/UnityEditor.QuickSearchModule:UnityEditor.Search:ASIAI0B' with importer (ScriptedImporter : UnityEditor.QuickSearchModule:UnityEditor.Search:ASIAI0B)
Imported 'GUID: 34ad702e46732ff438113b62a10ae80e' -> (Import Result ID: '36ebfaaaa1e94bca709ee32d632b52c4') in 0.002 seconds [static and dynamic dependencies]. Details - ImportResultOutputID=d8357815e15ac3605ba9d3979ecf4184 DependenciesID=ded63e5fb1bcd198f9d9c970cd9415d5 StaticDependenciesID=2ac3d42e4e06e8f149c5c76e6a13b3fd 
Number of updated asset objects reloaded before import = 0
Number of asset objects unloaded after import = 0
========================================================================
Received Import Request.
  Time of request: 2026-10-09T14:09:54.570626Z
  Time since last request: 0.000302776 seconds.
  importAddress: GUID: 7bc000bdbe3a2f346b6216538613e14d - Path: Packages/com.unity.render-pipelines.core/Editor/Tools/MaterialUpgrader/MaterialFinder.cs - Importer: ScriptedImporter/UnityEditor.QuickSearchModule:UnityEditor.Search:ASIAI0B
Importing 'GUID: 7bc000bdbe3a2f346b6216538613e14d - Path: Packages/com.unity.render-pipelines.core/Editor/Tools/MaterialUpgrader/MaterialFinder.cs - Importer: ScriptedImporter/UnityEditor.QuickSearchModule:UnityEditor.Search:ASIAI0B' with importer (ScriptedImporter : UnityEditor.QuickSearchModule:UnityEditor.Search:ASIAI0B)
Imported 'GUID: 7bc000bdbe3a2f346b6216538613e14d' -> (Import Result ID: '2c96f50096b53d9caacfbb47b7be92bf') in 0.001 seconds [static and dynamic dependencies]. Details - ImportResultOutputID=f354af90f7555fc2b5cadd0c143d0e01 DependenciesID=7dea4ce8c5315cba06886a451b94e4b7 StaticDependenciesID=68e7dca719d8dfbd1c40bcdf453f8bb1 
Number of updated asset objects reloaded before import = 0
Number of asset objects unloaded after import = 0
========================================================================
Received Import Request.
  Time of request: 2026-10-09T14:09:54.578556Z
  Time since last request: 0.000299048 seconds.
  importAddress: GUID: f92291bf6b5265641ab4f39a5d41fbf4 - Path: Packages/com.unity.render-pipelines.core/Editor/PostProcessing/LensFlareResource/Flare.png - Importer: ScriptedImporter/UnityEditor.QuickSearchModule:UnityEditor.Search:ASIAI0B
Importing 'GUID: f92291bf6b5265641ab4f39a5d41fbf4 - Path: Packages/com.unity.render-pipelines.core/Editor/PostProcessing/LensFlareResource/Flare.png - Importer: ScriptedImporter/UnityEditor.QuickSearchModule:UnityEditor.Search:ASIAI0B' with importer (ScriptedImporter : UnityEditor.QuickSearchModule:UnityEditor.Search:ASIAI0B)
Imported 'GUID: f92291bf6b5265641ab4f39a5d41fbf4' -> (Import Result ID: '23679385057dfae141c8dfac8d79da1a') in 0.003 seconds [static and dynamic dependencies]. Details - ImportResultOutputID=284c98b53d6be83cdd96822c194feb45 DependenciesID=ff1998c73d847677b17957bc85e35ef5 StaticDependenciesID=8d86c07a37e436841f9136a023e96c59 
Number of updated asset objects reloaded before import = 0
Number of asset objects unloaded after import = 1
========================================================================
Received Import Request.
  Time of request: 2026-10-09T14:09:54.588582Z
  Time since last request: 0.000244286 seconds.
  importAddress: GUID: fa69697be3070b04a893666f5947f18c - Path: Packages/com.unity.render-pipelines.core/Runtime/Debugging/Runtime UI Resources/RuntimeDebugWindow_PanelSettings.asset - Importer: ScriptedImporter/UnityEditor.QuickSearchModule:UnityEditor.Search:ASIAI0B
Importing 'GUID: fa69697be3070b04a893666f5947f18c - Path: Packages/com.unity.render-pipelines.core/Runtime/Debugging/Runtime UI Resources/RuntimeDebugWindow_PanelSettings.asset - Importer: ScriptedImporter/UnityEditor.QuickSearchModule:UnityEditor.Search:ASIAI0B' with importer (ScriptedImporter : UnityEditor.QuickSearchModule:UnityEditor.Search:ASIAI0B)
Imported 'GUID: fa69697be3070b04a893666f5947f18c' -> (Import Result ID: 'e94d312d791fc85469284f8f3c1df19c') in 0.018 seconds [static and dynamic dependencies]. Details - ImportResultOutputID=a3305e06e4461b13c598ddcce8fd354d DependenciesID=32d741bf497350b0c683f117cd2fd847 StaticDependenciesID=32d425bd07c60b5634bdbac9bc142474 
Number of updated asset objects reloaded before import = 0
Number of asset objects unloaded after import = 33
========================================================================
Received Import Request.
  Time of request: 2026-10-09T14:09:54.61345Z
  Time since last request: 0.000014858 seconds.
  importAddress: GUID: a27d8a9d1dff4734cb0e88406d333941 - Path: Packages/com.unity.render-pipelines.core/Runtime/GPUDriven/Batching/InstanceCullingBatcherBurst.cs - Importer: ScriptedImporter/UnityEditor.QuickSearchModule:UnityEditor.Search:ASIAI0B
Importing 'GUID: a27d8a9d1dff4734cb0e88406d333941 - Path: Packages/com.unity.render-pipelines.core/Runtime/GPUDriven/Batching/InstanceCullingBatcherBurst.cs - Importer: ScriptedImporter/UnityEditor.QuickSearchModule:UnityEditor.Search:ASIAI0B' with importer (ScriptedImporter : UnityEditor.QuickSearchModule:UnityEditor.Search:ASIAI0B)
Imported 'GUID: a27d8a9d1dff4734cb0e88406d333941' -> (Import Result ID: '513a4f6c0138237715ee9d74a1d7012c') in 0.001 seconds [static and dynamic dependencies]. Details - ImportResultOutputID=dcd885e403f5b6b04f6102dc9c05f543 DependenciesID=8d883a4f8d0d4374a0ca6173e17fc8f2 StaticDependenciesID=9f2a411c7b04130da4eedc4e1fbf3bea 
Number of updated asset objects reloaded before import = 0
Number of asset objects unloaded after import = 0
========================================================================
Received Import Request.
  Time of request: 2026-10-09T14:09:54.62121Z
  Time since last request: 0.000102041 seconds.
  importAddress: GUID: 91bd3583117bf334eb9150fbfd3b22b3 - Path: Packages/com.unity.render-pipelines.core/Editor/Tools/MaterialUpgrader/MaterialUpgrader.Utils.cs - Importer: ScriptedImporter/UnityEditor.QuickSearchModule:UnityEditor.Search:ASIAI0B
Importing 'GUID: 91bd3583117bf334eb9150fbfd3b22b3 - Path: Packages/com.unity.render-pipelines.core/Editor/Tools/MaterialUpgrader/MaterialUpgrader.Utils.cs - Importer: ScriptedImporter/UnityEditor.QuickSearchModule:UnityEditor.Search:ASIAI0B' with importer (ScriptedImporter : UnityEditor.QuickSearchModule:UnityEditor.Search:ASIAI0B)
Imported 'GUID: 91bd3583117bf334eb9150fbfd3b22b3' -> (Import Result ID: '34e59588e8ab4048cc4d0e3806197d74') in 0.002 seconds [static and dynamic dependencies]. Details - ImportResultOutputID=e9bc708abd2e56e2b1066112a0652efb DependenciesID=886706d9d7e7f7cf94cf3826d9523d55 StaticDependenciesID=9f6ec4c2e6f968ca4c23141eeb7a2951 
Number of updated asset objects reloaded before import = 0
Number of asset objects unloaded after import = 0
========================================================================
Received Import Request.
  Time of request: 2026-10-09T14:09:54.628909Z
  Time since last request: 0.000161882 seconds.
  importAddress: GUID: e60eb64f07904667887976b2ec8cffed - Path: Packages/com.unity.render-pipelines.core/Editor/Volume/Drawers/BoolParameterDrawer.cs - Importer: ScriptedImporter/UnityEditor.QuickSearchModule:UnityEditor.Search:ASIAI0B
Importing 'GUID: e60eb64f07904667887976b2ec8cffed - Path: Packages/com.unity.render-pipelines.core/Editor/Volume/Drawers/BoolParameterDrawer.cs - Importer: ScriptedImporter/UnityEditor.QuickSearchModule:UnityEditor.Search:ASIAI0B' with importer (ScriptedImporter : UnityEditor.QuickSearchModule:UnityEditor.Search:ASIAI0B)
Imported 'GUID: e60eb64f07904667887976b2ec8cffed' -> (Import Result ID: '087d7823df068cfe5e9750027eed57da') in 0.001 seconds [static and dynamic dependencies]. Details - ImportResultOutputID=3158ce44ed439863ef39124ed68fed36 DependenciesID=2afb0320934ae9e5f090abcee466562c StaticDependenciesID=8f67a142ed9bdba4e561e04e59859ca5 
Number of updated asset objects reloaded before import = 0
Number of asset objects unloaded after import = 0
========================================================================
Received Import Request.
  Time of request: 2026-10-09T14:09:54.636595Z
  Time since last request: 0.000266838 seconds.
  importAddress: GUID: 76404632120e0ae4885fc7be8197097c - Path: Packages/com.unity.render-pipelines.core/Runtime/Debugging/Runtime UI Resources/RuntimeDebugWindow.tss - Importer: ScriptedImporter/UnityEditor.QuickSearchModule:UnityEditor.Search:ASIAI0B
Importing 'GUID: 76404632120e0ae4885fc7be8197097c - Path: Packages/com.unity.render-pipelines.core/Runtime/Debugging/Runtime UI Resources/RuntimeDebugWindow.tss - Importer: ScriptedImporter/UnityEditor.QuickSearchModule:UnityEditor.Search:ASIAI0B' with importer (ScriptedImporter : UnityEditor.QuickSearchModule:UnityEditor.Search:ASIAI0B)
Imported 'GUID: 76404632120e0ae4885fc7be8197097c' -> (Import Result ID: 'e525349dbe87e9796aff12afa23e3776') in 0.022 seconds [static and dynamic dependencies]. Details - ImportResultOutputID=653c3893fccb3160de03e77388fcd744 DependenciesID=3a952dc39f0159cffc3c434f29766ea3 StaticDependenciesID=9a50677b0ddbb9b248222e8691c38b47 
Number of updated asset objects reloaded before import = 0
Number of asset objects unloaded after import = 32
========================================================================
Received Prepare
AcceleratorClientConnectionCallback - disconnected - :0
Unloading 62 Unused Serialized files (Serialized files now loaded: 0)
Unloading 556 unused Assets / (5.7 MB). Loaded Objects now: 7481.
Memory consumption went from 210.9 MB to 205.2 MB.
Total: 12.186288 ms (FindLiveObjects: 0.722869 ms CreateObjectMapping: 0.272117 ms MarkObjects: 8.795578 ms  DeleteObjects: 2.176743 ms)

Prepare: number of updated asset objects reloaded= 0
Editor requested this worker to shutdown with reason: Editor is closing down
AcceleratorClientConnectionCallback - disconnected - :0
AssetImportWorker is now disconnected from the server
Process exiting
[ExitDontLaunchBugReporter] Exiting without the bug reporter. Application will exit with return code 0

SDL leaked 2 allocations
Turn on UNITY_SDL_ALLOCATION_TRACKING for detailed information.
Vulkan PSO: Pipeline cache has not changed skipping save handle[42cbeba0]
