[UnityConnectServicesConfig] Local config successfully read: "/usr/share/unity3d/config/services-config.json"
[UnityConnectServicesConfig] Service configuration:
    "servicesConfigBaseUrl": "",
    "disableServicesWindow": false,
    "disableUserLogin": false,
    "entitlementCacheTimeoutInSeconds": 60,
    "clientConnectTimeoutSec": 60,
    "clientHandshakeTimeoutSec": 30,
    "clientResolveEntitlementsTimeoutSec": 30,
    "clientUpdateLicenseTimeoutSec": 30,
    "licensingServiceBaseUrl": "",
    "enableProxyAutoconfig": "false"

Unity Editor version:    6000.6.0f1 (f7f8ed4d1e24)
Branch:                  6000.6/respin/6000.6.0f1-fa21a270ab12
Build type:              Release
Batch mode:              YES
System name:             Linux
Distro version:          #1 SMP PREEMPT_DYNAMIC Thu, 01 Oct 2026 17:24:20 +0000
Kernel version:          7.2.8-arch1-2
Architecture:            x86_64
Window Protocol:         Wayland (XWayland)
Available memory:        31340 MB
Date:                    2026-10-09T14:09:43Z
[Licensing::Module] Trying to connect to existing licensing client channel...
[Licensing::IpcConnector] Successfully connected to: "LicenseClient-main" at "2026-10-09T14:09:43.566339Z"
[SignatureVerifier] Application signature verification not supported on this platform.
[Licensing::Client] Handshaking with LicensingClient:
  Version:                 1.18.3+d7ffd15
  Session Id:              31b303ddb1a04a1e937921c79a674d19
  Correlation Id:          b0ae15c3281fe6a205cc7ca0849c2f68
  External correlation Id: 1244714148021634160
  Machine Id:              7dg1T8WRH1g+50zUqfz9HYsfmdI=
[Licensing::Module] Successfully connected to LicensingClient on channel: "LicenseClient-main" (connect: 0.00s, validation: 0.00s, handshake: 0.00s)
[Licensing::IpcConnector] Successfully connected to: "LicenseClient-main-notifications" at "2026-10-09T14:09:43.56726Z"
[Licensing::Module] Licensing Background thread has ended after 0.00s
Selected window backend: (null) 
Desktop is 2560 x 1440 @ 60 Hz
Initialize udev device monitor.

COMMAND LINE ARGUMENTS:
unityhub-unity-editor-6000.6.0f1
-adb2
-batchMode
-noUpm
-name
AssetImportWorkerHW2
-projectPath
/home/main/github/Proyecto/Puppeteer-Stories/My project
-logFile
Logs/AssetImportWorkerHW2.log
-srvPort
36665
-parentPid
16771
-analyticsCloudUserId
6872890175582
-analyticsLocalProjectId
56f506a5401387fe4bfead1f726ad9e4
-editorAnalyticsEnabled
1
-cbmEditorLicense
c6d1719261a14b86167c3a8ee6b1593d2e9fe7a6
-cbmMachineId
7dg1T8WRH1g+50zUqfz9HYsfmdI=
-noDiagnosticSwitchPersistentStore
-job-worker-count
7
-background-job-worker-count
8
-asset-garbage-collectors
1
-force-vulkan
Successfully changed project path to: /home/main/github/Proyecto/Puppeteer-Stories/My project
/home/main/github/Proyecto/Puppeteer-Stories/My project
[UnityMemory] Configuration Parameters - Can be set up in boot.config
    "memorysetup-temp-allocator-size-gi-baking-worker=262144"
    "memorysetup-temp-allocator-size-gi-baking-worker=262144"
    "memorysetup-temp-allocator-size-gi-baking-worker=262144"
    "memorysetup-temp-allocator-size-gi-baking-worker=262144"
    "memorysetup-temp-allocator-size-gi-baking-worker=262144"
    "memorysetup-temp-allocator-size-nav-mesh-worker=65536"
    "memorysetup-temp-allocator-size-audio-worker=65536"
    "memorysetup-temp-allocator-size-cloud-worker=32768"
    "memorysetup-temp-allocator-size-preload-manager=33554432"
    "memorysetup-remapper-allocator-initial-capacity=32768"
    "memorysetup-temp-allocator-size-gfx=262144"
    "memorysetup-allocator-temp-initial-block-size-main=262144"
    "memorysetup-allocator-temp-initial-block-size-worker=262144"
    "memorysetup-temp-allocator-size-background-worker=32768"
    "memorysetup-temp-allocator-size-job-worker=262144"
    "memorysetup-bucket-allocator-granularity=16"
    "memorysetup-bucket-allocator-bucket-count=8"
    "memorysetup-bucket-allocator-block-size=33554432"
    "memorysetup-bucket-allocator-block-count=8"
    "memorysetup-main-allocator-block-size=16777216"
    "memorysetup-thread-allocator-block-size=16777216"
    "memorysetup-main-allocator-mimalloc-enabled=1"
    "memorysetup-gfx-main-allocator-block-size=16777216"
    "memorysetup-gfx-thread-allocator-block-size=16777216"
    "memorysetup-cache-allocator-block-size=4194304"
    "memorysetup-typetree-allocator-block-size=2097152"
    "memorysetup-profiler-bucket-allocator-granularity=16"
    "memorysetup-profiler-bucket-allocator-bucket-count=8"
    "memorysetup-profiler-bucket-allocator-block-size=33554432"
    "memorysetup-profiler-bucket-allocator-block-count=8"
    "memorysetup-profiler-allocator-block-size=16777216"
    "memorysetup-profiler-editor-allocator-block-size=1048576"
    "memorysetup-temp-allocator-size-main=16777216"
    "memorysetup-job-temp-allocator-block-size=2097152"
    "memorysetup-job-temp-allocator-block-size-background=1048576"
    "memorysetup-job-temp-allocator-reduction-small-platforms=262144"
Player connection [139642106391296]  Target information:

Player connection [139642106391296]  * "[IP] 10.170.26.65 [Port] 0 [Flags] 2 [Guid] 3486649594 [EditorId] 3486649594 [Version] 1048832 [Id] LinuxEditor(16,10.170.26.65) [Debug] 1 [PackageName] LinuxEditor [ProjectName] Editor" 

Player connection [139642106391296] Host joined multi-casting on [225.0.0.222:54997]...
Player connection [139642106391296] Host joined alternative multi-casting on [225.0.0.222:34997]...
JobSystem: Creating JobQueue using job-worker-count value 7
Input System module state changed to: Initialized.
[Physics::Module] Initialized fallback backend.
[Physics::Module] Id: 0xdecafbad
Library Redirect Path: Library/
Initialising UDS system complete:
  - System type: Client
  - Resource namespace: baaaf7aa02a3b2dc2b9eedceb8672c2e
  - Shared memory size: 1073741824
  - Command buffer id: 1052624
  - Command buffer size: 8192
  - Hashmap size: 4194304
  - Service connected: true
  - Service working directory: Library/DataStore/
[Physics::Module] Selected backend.
[Physics::Module] Name: PhysX
[Physics::Module] Id: 0xf2b8ea05
[Physics::Module] SDK Version: 4.1.2
[Physics::Module] Integration Version: 1.0.0
[Physics::Module] Threading Mode: Multi-Threaded
Initialize engine version: 6000.6.0f1 (f7f8ed4d1e24)
[EntityIdStore] init: VM path (explicit commit), pageSize=4096, blockCount=1048576, entitiesPerBlock=256, slots reserved=4294967296 bytes
[Subsystems] Discovering subsystems at path /home/main/Unity/Hub/Editor/6000.6.0f1/Editor/Data/Resources/UnitySubsystems
[Subsystems] Discovering subsystems at path /home/main/github/Proyecto/Puppeteer-Stories/My project/Assets
Forcing GfxDevice: Vulkan
GfxDevice: creating device client; kGfxThreadingModeThreaded
[vulkan] LoadVulkanLibrary libvulkan.so.1[vulkan] Loaded instance function vkGetInstanceProcAddr
[vulkan] Loaded instance function vkGetInstanceProcAddr
[vulkan] Loaded instance function vkCreateInstance
[vulkan] Loaded instance function vkEnumerateInstanceExtensionProperties
[vulkan] Loaded instance function vkEnumerateInstanceLayerProperties
[vulkan] Loaded instance function vkEnumerateInstanceVersion
[Vulkan init] extensions: count=25
[Vulkan init] extensions: name=VK_EXT_acquire_drm_display [enabled=0, external=0]
[Vulkan init] extensions: name=VK_EXT_acquire_xlib_display [enabled=0, external=0]
[Vulkan init] extensions: name=VK_EXT_debug_report [enabled=0, external=0]
[Vulkan init] extensions: name=VK_EXT_debug_utils [enabled=1, external=0]
[Vulkan init] extensions: name=VK_EXT_direct_mode_display [enabled=0, external=0]
[Vulkan init] extensions: name=VK_EXT_display_surface_counter [enabled=0, external=0]
[Vulkan init] extensions: name=VK_EXT_surface_maintenance1 [enabled=0, external=0]
[Vulkan init] extensions: name=VK_EXT_swapchain_colorspace [enabled=1, external=0]
[Vulkan init] extensions: name=VK_KHR_device_group_creation [enabled=0, external=0]
[Vulkan init] extensions: name=VK_KHR_display [enabled=1, external=0]
[Vulkan init] extensions: name=VK_KHR_external_fence_capabilities [enabled=1, external=0]
[Vulkan init] extensions: name=VK_KHR_external_memory_capabilities [enabled=1, external=0]
[Vulkan init] extensions: name=VK_KHR_external_semaphore_capabilities [enabled=1, external=0]
[Vulkan init] extensions: name=VK_KHR_get_display_properties2 [enabled=0, external=0]
[Vulkan init] extensions: name=VK_KHR_get_physical_device_properties2 [enabled=1, external=0]
[Vulkan init] extensions: name=VK_KHR_get_surface_capabilities2 [enabled=0, external=0]
[Vulkan init] extensions: name=VK_KHR_portability_enumeration [enabled=0, external=0]
[Vulkan init] extensions: name=VK_KHR_surface [enabled=1, external=0]
[Vulkan init] extensions: name=VK_KHR_surface_maintenance1 [enabled=0, external=0]
[Vulkan init] extensions: name=VK_KHR_surface_protected_capabilities [enabled=0, external=0]
[Vulkan init] extensions: name=VK_KHR_wayland_surface [enabled=1, external=0]
[Vulkan init] extensions: name=VK_KHR_xcb_surface [enabled=0, external=0]
[Vulkan init] extensions: name=VK_KHR_xlib_surface [enabled=1, external=0]
[Vulkan init] extensions: name=VK_LUNARG_direct_driver_loading [enabled=0, external=0]
[Vulkan init] extensions: name=VK_NV_display_stereo [enabled=0, external=0]
[vulkan] Loaded instance function vkDestroyInstance
[vulkan] Loaded instance function vkGetPhysicalDeviceProperties
[vulkan] Loaded instance function vkEnumeratePhysicalDevices
[Vulkan init] SelectPhysicalDevice requestedDeviceIndex=-1 xrDevice=(nil)
[Vulkan init] Physical Device 0x55c24bac2770 [0]: "NVIDIA GeForce RTX 4060 Laptop GPU" deviceType=2 vendorID=10de deviceID=28a0
Vulkan detection: 2
[Vulkan init] extensions: count=25
[Vulkan init] extensions: name=VK_EXT_acquire_drm_display [enabled=0, external=0]
[Vulkan init] extensions: name=VK_EXT_acquire_xlib_display [enabled=0, external=0]
[Vulkan init] extensions: name=VK_EXT_debug_report [enabled=0, external=0]
[Vulkan init] extensions: name=VK_EXT_debug_utils [enabled=1, external=0]
[Vulkan init] extensions: name=VK_EXT_direct_mode_display [enabled=0, external=0]
[Vulkan init] extensions: name=VK_EXT_display_surface_counter [enabled=0, external=0]
[Vulkan init] extensions: name=VK_EXT_surface_maintenance1 [enabled=0, external=0]
[Vulkan init] extensions: name=VK_EXT_swapchain_colorspace [enabled=1, external=0]
[Vulkan init] extensions: name=VK_KHR_device_group_creation [enabled=0, external=0]
[Vulkan init] extensions: name=VK_KHR_display [enabled=1, external=0]
[Vulkan init] extensions: name=VK_KHR_external_fence_capabilities [enabled=1, external=0]
[Vulkan init] extensions: name=VK_KHR_external_memory_capabilities [enabled=1, external=0]
[Vulkan init] extensions: name=VK_KHR_external_semaphore_capabilities [enabled=1, external=0]
[Vulkan init] extensions: name=VK_KHR_get_display_properties2 [enabled=0, external=0]
[Vulkan init] extensions: name=VK_KHR_get_physical_device_properties2 [enabled=1, external=0]
[Vulkan init] extensions: name=VK_KHR_get_surface_capabilities2 [enabled=0, external=0]
[Vulkan init] extensions: name=VK_KHR_portability_enumeration [enabled=0, external=0]
[Vulkan init] extensions: name=VK_KHR_surface [enabled=1, external=0]
[Vulkan init] extensions: name=VK_KHR_surface_maintenance1 [enabled=0, external=0]
[Vulkan init] extensions: name=VK_KHR_surface_protected_capabilities [enabled=0, external=0]
[Vulkan init] extensions: name=VK_KHR_wayland_surface [enabled=1, external=0]
[Vulkan init] extensions: name=VK_KHR_xcb_surface [enabled=0, external=0]
[Vulkan init] extensions: name=VK_KHR_xlib_surface [enabled=1, external=0]
[Vulkan init] extensions: name=VK_LUNARG_direct_driver_loading [enabled=0, external=0]
[Vulkan init] extensions: name=VK_NV_display_stereo [enabled=0, external=0]
[vulkan] Loaded instance function vkDestroyInstance
[vulkan] Loaded instance function vkGetPhysicalDeviceProperties
[vulkan] Loaded instance function vkEnumeratePhysicalDevices
[vulkan] Loaded instance function vkGetDeviceProcAddr
[vulkan] Loaded instance function vkGetPhysicalDeviceFeatures
[vulkan] Loaded instance function vkGetPhysicalDeviceFormatProperties
[vulkan] Loaded instance function vkGetPhysicalDeviceImageFormatProperties
[vulkan] Loaded instance function vkGetPhysicalDeviceQueueFamilyProperties
[vulkan] Loaded instance function vkGetPhysicalDeviceMemoryProperties
[vulkan] Loaded instance function vkCreateDevice
[vulkan] Loaded instance function vkEnumerateDeviceExtensionProperties
[vulkan] Loaded instance function vkEnumerateDeviceLayerProperties
[vulkan] Loaded instance function vkGetPhysicalDeviceSparseImageFormatProperties
[vulkan] Loaded instance function vkDestroySurfaceKHR
[vulkan] Loaded instance function vkGetPhysicalDeviceSurfaceSupportKHR
[vulkan] Loaded instance function vkGetPhysicalDeviceSurfaceCapabilitiesKHR
[vulkan] Loaded instance function vkGetPhysicalDeviceSurfaceFormatsKHR
[vulkan] Loaded instance function vkGetPhysicalDeviceSurfacePresentModesKHR
[vulkan] Loaded instance function vkCreateSwapchainKHR
[vulkan] Loaded instance function vkDestroySwapchainKHR
[vulkan] Loaded instance function vkGetSwapchainImagesKHR
[vulkan] Loaded instance function vkAcquireNextImageKHR
[vulkan] Loaded instance function vkQueuePresentKHR
[vulkan] Loaded instance function vkGetPhysicalDeviceDisplayPropertiesKHR
[vulkan] Loaded instance function vkGetPhysicalDeviceDisplayPlanePropertiesKHR
[vulkan] Loaded instance function vkGetDisplayPlaneSupportedDisplaysKHR
[vulkan] Loaded instance function vkGetDisplayModePropertiesKHR
[vulkan] Loaded instance function vkCreateDisplayModeKHR
[vulkan] Loaded instance function vkGetDisplayPlaneCapabilitiesKHR
[vulkan] Loaded instance function vkCreateDisplayPlaneSurfaceKHR
[vulkan] Loaded instance function vkCreateSharedSwapchainsKHR
[vulkan] Loaded instance function vkCreateXlibSurfaceKHR
[vulkan] Loaded instance function vkGetPhysicalDeviceXlibPresentationSupportKHR
[vulkan] Loaded instance function vkSetHdrMetadataEXT
[vulkan] Loaded instance function vkGetPhysicalDeviceFeatures2KHR
[vulkan] Loaded instance function vkGetPhysicalDeviceProperties2KHR
[vulkan] Loaded instance function vkGetPhysicalDeviceFormatProperties2KHR
[vulkan] Loaded instance function vkGetPhysicalDeviceImageFormatProperties2KHR
[vulkan] Loaded instance function vkGetPhysicalDeviceQueueFamilyProperties2KHR
[vulkan] Loaded instance function vkGetPhysicalDeviceMemoryProperties2KHR
[vulkan] Loaded instance function vkGetPhysicalDeviceSparseImageFormatProperties2KHR
[vulkan] Loaded instance function vkGetSemaphoreFdKHR
[vulkan] Loaded instance function vkImportSemaphoreFdKHR
[vulkan] Loaded instance function vkGetFenceFdKHR
[vulkan] Loaded instance function vkImportFenceFdKHR
[vulkan] Loaded instance function vkCreateSamplerYcbcrConversionKHR
[vulkan] Loaded instance function vkDestroySamplerYcbcrConversionKHR
[vulkan] Loaded instance function vkBindBufferMemory2KHR
[vulkan] Loaded instance function vkBindImageMemory2KHR
[vulkan] Loaded instance function vkWaitForPresentKHR
[vulkan] Loaded instance function vkGetPhysicalDeviceExternalSemaphorePropertiesKHR
[vulkan] Loaded instance function vkGetPhysicalDeviceExternalFencePropertiesKHR
[vulkan] Loaded instance function vkGetPhysicalDeviceFragmentShadingRatesKHR
[vulkan] Loaded instance function vkSetDebugUtilsObjectNameEXT
[vulkan] Loaded instance function vkSetDebugUtilsObjectTagEXT
[vulkan] Loaded instance function vkQueueBeginDebugUtilsLabelEXT
[vulkan] Loaded instance function vkQueueEndDebugUtilsLabelEXT
[vulkan] Loaded instance function vkQueueInsertDebugUtilsLabelEXT
[vulkan] Loaded instance function vkCmdBeginDebugUtilsLabelEXT
[vulkan] Loaded instance function vkCmdEndDebugUtilsLabelEXT
[vulkan] Loaded instance function vkCmdInsertDebugUtilsLabelEXT
[Vulkan init] SelectPhysicalDevice requestedDeviceIndex=-1 xrDevice=(nil)
[Vulkan init] Physical Device 0x55c24ba63840 [0]: "NVIDIA GeForce RTX 4060 Laptop GPU" deviceType=2 vendorID=10de deviceID=28a0
[Vulkan init] Selected physical device 0x55c24ba63840
[Vulkan init] Graphics queue count=1
[Vulkan init] extensions: count=290
[Vulkan init] extensions: name=VK_AMD_buffer_marker [enabled=0, external=0]
[Vulkan init] extensions: name=VK_EXT_4444_formats [enabled=1, external=0]
[Vulkan init] extensions: name=VK_EXT_attachment_feedback_loop_dynamic_state [enabled=0, external=0]
[Vulkan init] extensions: name=VK_EXT_attachment_feedback_loop_layout [enabled=0, external=0]
[Vulkan init] extensions: name=VK_EXT_blend_operation_advanced [enabled=0, external=0]
[Vulkan init] extensions: name=VK_EXT_border_color_swizzle [enabled=0, external=0]
[Vulkan init] extensions: name=VK_EXT_buffer_device_address [enabled=0, external=0]
[Vulkan init] extensions: name=VK_EXT_calibrated_timestamps [enabled=0, external=0]
[Vulkan init] extensions: name=VK_EXT_color_write_enable [enabled=0, external=0]
[Vulkan init] extensions: name=VK_EXT_conditional_rendering [enabled=0, external=0]
[Vulkan init] extensions: name=VK_EXT_conservative_rasterization [enabled=1, external=0]
[Vulkan init] extensions: name=VK_EXT_custom_border_color [enabled=0, external=0]
[Vulkan init] extensions: name=VK_EXT_custom_resolve [enabled=0, external=0]
[Vulkan init] extensions: name=VK_EXT_depth_bias_control [enabled=0, external=0]
[Vulkan init] extensions: name=VK_EXT_depth_clamp_control [enabled=0, external=0]
[Vulkan init] extensions: name=VK_EXT_depth_clamp_zero_one [enabled=0, external=0]
[Vulkan init] extensions: name=VK_EXT_depth_clip_control [enabled=0, external=0]
[Vulkan init] extensions: name=VK_EXT_depth_clip_enable [enabled=0, external=0]
[Vulkan init] extensions: name=VK_EXT_depth_range_unrestricted [enabled=0, external=0]
[Vulkan init] extensions: name=VK_EXT_descriptor_buffer [enabled=0, external=0]
[Vulkan init] extensions: name=VK_EXT_descriptor_heap [enabled=0, external=0]
[Vulkan init] extensions: name=VK_EXT_descriptor_indexing [enabled=0, external=0]
[Vulkan init] extensions: name=VK_EXT_device_address_binding_report [enabled=0, external=0]
[Vulkan init] extensions: name=VK_EXT_device_fault [enabled=0, external=0]
[Vulkan init] extensions: name=VK_EXT_device_generated_commands [enabled=0, external=0]
[Vulkan init] extensions: name=VK_EXT_device_memory_report [enabled=0, external=0]
[Vulkan init] extensions: name=VK_EXT_discard_rectangles [enabled=0, external=0]
[Vulkan init] extensions: name=VK_EXT_display_control [enabled=0, external=0]
[Vulkan init] extensions: name=VK_EXT_dynamic_rendering_unused_attachments [enabled=0, external=0]
[Vulkan init] extensions: name=VK_EXT_extended_dynamic_state [enabled=0, external=0]
[Vulkan init] extensions: name=VK_EXT_extended_dynamic_state2 [enabled=0, external=0]
[Vulkan init] extensions: name=VK_EXT_extended_dynamic_state3 [enabled=0, external=0]
[Vulkan init] extensions: name=VK_EXT_external_memory_dma_buf [enabled=0, external=0]
[Vulkan init] extensions: name=VK_EXT_external_memory_host [enabled=1, external=0]
[Vulkan init] extensions: name=VK_EXT_fragment_shader_interlock [enabled=0, external=0]
[Vulkan init] extensions: name=VK_EXT_global_priority [enabled=0, external=0]
[Vulkan init] extensions: name=VK_EXT_global_priority_query [enabled=0, external=0]
[Vulkan init] extensions: name=VK_EXT_graphics_pipeline_library [enabled=0, external=0]
[Vulkan init] extensions: name=VK_EXT_hdr_metadata [enabled=1, external=0]
[Vulkan init] extensions: name=VK_EXT_host_image_copy [enabled=0, external=0]
[Vulkan init] extensions: name=VK_EXT_host_query_reset [enabled=0, external=0]
[Vulkan init] extensions: name=VK_EXT_image_2d_view_of_3d [enabled=0, external=0]
[Vulkan init] extensions: name=VK_EXT_image_drm_format_modifier [enabled=0, external=0]
[Vulkan init] extensions: name=VK_EXT_image_robustness [enabled=0, external=0]
[Vulkan init] extensions: name=VK_EXT_image_sliced_view_of_3d [enabled=0, external=0]
[Vulkan init] extensions: name=VK_EXT_image_view_min_lod [enabled=0, external=0]
[Vulkan init] extensions: name=VK_EXT_index_type_uint8 [enabled=0, external=0]
[Vulkan init] extensions: name=VK_EXT_inline_uniform_block [enabled=0, external=0]
[Vulkan init] extensions: name=VK_EXT_legacy_vertex_attributes [enabled=0, external=0]
[Vulkan init] extensions: name=VK_EXT_line_rasterization [enabled=0, external=0]
[Vulkan init] extensions: name=VK_EXT_load_store_op_none [enabled=1, external=0]
[Vulkan init] extensions: name=VK_EXT_map_memory_placed [enabled=0, external=0]
[Vulkan init] extensions: name=VK_EXT_memory_budget [enabled=1, external=0]
[Vulkan init] extensions: name=VK_EXT_memory_decompression [enabled=0, external=0]
[Vulkan init] extensions: name=VK_EXT_memory_priority [enabled=1, external=0]
[Vulkan init] extensions: name=VK_EXT_mesh_shader [enabled=0, external=0]
[Vulkan init] extensions: name=VK_EXT_multi_draw [enabled=0, external=0]
[Vulkan init] extensions: name=VK_EXT_mutable_descriptor_type [enabled=0, external=0]
[Vulkan init] extensions: name=VK_EXT_nested_command_buffer [enabled=0, external=0]
[Vulkan init] extensions: name=VK_EXT_non_seamless_cube_map [enabled=0, external=0]
[Vulkan init] extensions: name=VK_EXT_opacity_micromap [enabled=0, external=0]
[Vulkan init] extensions: name=VK_EXT_pageable_device_local_memory [enabled=0, external=0]
[Vulkan init] extensions: name=VK_EXT_pci_bus_info [enabled=0, external=0]
[Vulkan init] extensions: name=VK_EXT_physical_device_drm [enabled=0, external=0]
[Vulkan init] extensions: name=VK_EXT_pipeline_creation_cache_control [enabled=0, external=0]
[Vulkan init] extensions: name=VK_EXT_pipeline_creation_feedback [enabled=0, external=0]
[Vulkan init] extensions: name=VK_EXT_pipeline_library_group_handles [enabled=0, external=0]
[Vulkan init] extensions: name=VK_EXT_pipeline_robustness [enabled=0, external=0]
[Vulkan init] extensions: name=VK_EXT_post_depth_coverage [enabled=0, external=0]
[Vulkan init] extensions: name=VK_EXT_present_mode_fifo_latest_ready [enabled=0, external=0]
[Vulkan init] extensions: name=VK_EXT_present_timing [enabled=0, external=0]
[Vulkan init] extensions: name=VK_EXT_primitive_restart_index [enabled=0, external=0]
[Vulkan init] extensions: name=VK_EXT_primitive_topology_list_restart [enabled=0, external=0]
[Vulkan init] extensions: name=VK_EXT_primitives_generated_query [enabled=0, external=0]
[Vulkan init] extensions: name=VK_EXT_private_data [enabled=0, external=0]
[Vulkan init] extensions: name=VK_EXT_provoking_vertex [enabled=0, external=0]
[Vulkan init] extensions: name=VK_EXT_queue_family_foreign [enabled=1, external=0]
[Vulkan init] extensions: name=VK_EXT_ray_tracing_invocation_reorder [enabled=0, external=0]
[Vulkan init] extensions: name=VK_EXT_robustness2 [enabled=0, external=0]
[Vulkan init] extensions: name=VK_EXT_sample_locations [enabled=0, external=0]
[Vulkan init] extensions: name=VK_EXT_sampler_filter_minmax [enabled=0, external=0]
[Vulkan init] extensions: name=VK_EXT_scalar_block_layout [enabled=1, external=0]
[Vulkan init] extensions: name=VK_EXT_separate_stencil_usage [enabled=0, external=0]
[Vulkan init] extensions: name=VK_EXT_shader_64bit_indexing [enabled=0, external=0]
[Vulkan init] extensions: name=VK_EXT_shader_atomic_float [enabled=0, external=0]
[Vulkan init] extensions: name=VK_EXT_shader_demote_to_helper_invocation [enabled=1, external=0]
[Vulkan init] extensions: name=VK_EXT_shader_float8 [enabled=0, external=0]
[Vulkan init] extensions: name=VK_EXT_shader_image_atomic_int64 [enabled=0, external=0]
[Vulkan init] extensions: name=VK_EXT_shader_long_vector [enabled=0, external=0]
[Vulkan init] extensions: name=VK_EXT_shader_module_identifier [enabled=0, external=0]
[Vulkan init] extensions: name=VK_EXT_shader_object [enabled=0, external=0]
[Vulkan init] extensions: name=VK_EXT_shader_replicated_composites [enabled=0, external=0]
[Vulkan init] extensions: name=VK_EXT_shader_split_barrier [enabled=0, external=0]
[Vulkan init] extensions: name=VK_EXT_shader_subgroup_ballot [enabled=0, external=0]
[Vulkan init] extensions: name=VK_EXT_shader_subgroup_partitioned [enabled=0, external=0]
[Vulkan init] extensions: name=VK_EXT_shader_subgroup_vote [enabled=0, external=0]
[Vulkan init] extensions: name=VK_EXT_shader_uniform_buffer_unsized_array [enabled=0, external=0]
[Vulkan init] extensions: name=VK_EXT_shader_viewport_index_layer [enabled=1, external=0]
[Vulkan init] extensions: name=VK_EXT_subgroup_size_control [enabled=0, external=0]
[Vulkan init] extensions: name=VK_EXT_swapchain_maintenance1 [enabled=0, external=0]
[Vulkan init] extensions: name=VK_EXT_texel_buffer_alignment [enabled=0, external=0]
[Vulkan init] extensions: name=VK_EXT_tooling_info [enabled=0, external=0]
[Vulkan init] extensions: name=VK_EXT_transform_feedback [enabled=0, external=0]
[Vulkan init] extensions: name=VK_EXT_vertex_attribute_divisor [enabled=0, external=0]
[Vulkan init] extensions: name=VK_EXT_vertex_attribute_robustness [enabled=0, external=0]
[Vulkan init] extensions: name=VK_EXT_vertex_input_dynamic_state [enabled=1, external=0]
[Vulkan init] extensions: name=VK_EXT_ycbcr_2plane_444_formats [enabled=0, external=0]
[Vulkan init] extensions: name=VK_EXT_ycbcr_image_arrays [enabled=0, external=0]
[Vulkan init] extensions: name=VK_EXT_zero_initialize_device_memory [enabled=0, external=0]
[Vulkan init] extensions: name=VK_GOOGLE_hlsl_functionality1 [enabled=0, external=0]
[Vulkan init] extensions: name=VK_GOOGLE_user_type [enabled=0, external=0]
[Vulkan init] extensions: name=VK_KHR_16bit_storage [enabled=1, external=0]
[Vulkan init] extensions: name=VK_KHR_8bit_storage [enabled=0, external=0]
[Vulkan init] extensions: name=VK_KHR_acceleration_structure [enabled=0, external=0]
[Vulkan init] extensions: name=VK_KHR_bind_memory2 [enabled=1, external=0]
[Vulkan init] extensions: name=VK_KHR_buffer_device_address [enabled=0, external=0]
[Vulkan init] extensions: name=VK_KHR_calibrated_timestamps [enabled=0, external=0]
[Vulkan init] extensions: name=VK_KHR_compute_shader_derivatives [enabled=0, external=0]
[Vulkan init] extensions: name=VK_KHR_cooperative_matrix [enabled=0, external=0]
[Vulkan init] extensions: name=VK_KHR_copy_commands2 [enabled=0, external=0]
[Vulkan init] extensions: name=VK_KHR_copy_memory_indirect [enabled=0, external=0]
[Vulkan init] extensions: name=VK_KHR_create_renderpass2 [enabled=1, external=0]
[Vulkan init] extensions: name=VK_KHR_dedicated_allocation [enabled=1, external=0]
[Vulkan init] extensions: name=VK_KHR_deferred_host_operations [enabled=0, external=0]
[Vulkan init] extensions: name=VK_KHR_depth_clamp_zero_one [enabled=0, external=0]
[Vulkan init] extensions: name=VK_KHR_depth_stencil_resolve [enabled=1, external=0]
[Vulkan init] extensions: name=VK_KHR_descriptor_update_template [enabled=1, external=0]
[Vulkan init] extensions: name=VK_KHR_device_address_commands [enabled=0, external=0]
[Vulkan init] extensions: name=VK_KHR_device_fault [enabled=0, external=0]
[Vulkan init] extensions: name=VK_KHR_device_group [enabled=0, external=0]
[Vulkan init] extensions: name=VK_KHR_draw_indirect_count [enabled=0, external=0]
[Vulkan init] extensions: name=VK_KHR_driver_properties [enabled=1, external=0]
[Vulkan init] extensions: name=VK_KHR_dynamic_rendering [enabled=0, external=0]
[Vulkan init] extensions: name=VK_KHR_dynamic_rendering_local_read [enabled=0, external=0]
[Vulkan init] extensions: name=VK_KHR_external_fence [enabled=1, external=0]
[Vulkan init] extensions: name=VK_KHR_external_fence_fd [enabled=1, external=0]
[Vulkan init] extensions: name=VK_KHR_external_memory [enabled=1, external=0]
[Vulkan init] extensions: name=VK_KHR_external_memory_fd [enabled=1, external=0]
[Vulkan init] extensions: name=VK_KHR_external_semaphore [enabled=1, external=0]
[Vulkan init] extensions: name=VK_KHR_external_semaphore_fd [enabled=1, external=0]
[Vulkan init] extensions: name=VK_KHR_format_feature_flags2 [enabled=0, external=0]
[Vulkan init] extensions: name=VK_KHR_fragment_shader_barycentric [enabled=0, external=0]
[Vulkan init] extensions: name=VK_KHR_fragment_shading_rate [enabled=1, external=0]
[Vulkan init] extensions: name=VK_KHR_get_memory_requirements2 [enabled=1, external=0]
[Vulkan init] extensions: name=VK_KHR_global_priority [enabled=0, external=0]
[Vulkan init] extensions: name=VK_KHR_image_format_list [enabled=1, external=0]
[Vulkan init] extensions: name=VK_KHR_imageless_framebuffer [enabled=0, external=0]
[Vulkan init] extensions: name=VK_KHR_incremental_present [enabled=0, external=0]
[Vulkan init] extensions: name=VK_KHR_index_type_uint8 [enabled=0, external=0]
[Vulkan init] extensions: name=VK_KHR_internally_synchronized_queues [enabled=0, external=0]
[Vulkan init] extensions: name=VK_KHR_line_rasterization [enabled=0, external=0]
[Vulkan init] extensions: name=VK_KHR_load_store_op_none [enabled=0, external=0]
[Vulkan init] extensions: name=VK_KHR_maintenance1 [enabled=1, external=0]
[Vulkan init] extensions: name=VK_KHR_maintenance10 [enabled=0, external=0]
[Vulkan init] extensions: name=VK_KHR_maintenance11 [enabled=0, external=0]
[Vulkan init] extensions: name=VK_KHR_maintenance2 [enabled=1, external=0]
[Vulkan init] extensions: name=VK_KHR_maintenance3 [enabled=0, external=0]
[Vulkan init] extensions: name=VK_KHR_maintenance4 [enabled=0, external=0]
[Vulkan init] extensions: name=VK_KHR_maintenance5 [enabled=0, external=0]
[Vulkan init] extensions: name=VK_KHR_maintenance6 [enabled=0, external=0]
[Vulkan init] extensions: name=VK_KHR_maintenance7 [enabled=0, external=0]
[Vulkan init] extensions: name=VK_KHR_maintenance8 [enabled=0, external=0]
[Vulkan init] extensions: name=VK_KHR_maintenance9 [enabled=0, external=0]
[Vulkan init] extensions: name=VK_KHR_map_memory2 [enabled=0, external=0]
[Vulkan init] extensions: name=VK_KHR_multiview [enabled=1, external=0]
[Vulkan init] extensions: name=VK_KHR_opacity_micromap [enabled=0, external=0]
[Vulkan init] extensions: name=VK_KHR_pipeline_binary [enabled=0, external=0]
[Vulkan init] extensions: name=VK_KHR_pipeline_executable_properties [enabled=0, external=0]
[Vulkan init] extensions: name=VK_KHR_pipeline_library [enabled=0, external=0]
[Vulkan init] extensions: name=VK_KHR_present_id [enabled=1, external=0]
[Vulkan init] extensions: name=VK_KHR_present_id2 [enabled=0, external=0]
[Vulkan init] extensions: name=VK_KHR_present_mode_fifo_latest_ready [enabled=0, external=0]
[Vulkan init] extensions: name=VK_KHR_present_wait [enabled=1, external=0]
[Vulkan init] extensions: name=VK_KHR_present_wait2 [enabled=0, external=0]
[Vulkan init] extensions: name=VK_KHR_push_descriptor [enabled=0, external=0]
[Vulkan init] extensions: name=VK_KHR_ray_query [enabled=0, external=0]
[Vulkan init] extensions: name=VK_KHR_ray_tracing_maintenance1 [enabled=0, external=0]
[Vulkan init] extensions: name=VK_KHR_ray_tracing_pipeline [enabled=0, external=0]
[Vulkan init] extensions: name=VK_KHR_ray_tracing_position_fetch [enabled=0, external=0]
[Vulkan init] extensions: name=VK_KHR_relaxed_block_layout [enabled=0, external=0]
[Vulkan init] extensions: name=VK_KHR_robustness2 [enabled=0, external=0]
[Vulkan init] extensions: name=VK_KHR_sampler_mirror_clamp_to_edge [enabled=1, external=0]
[Vulkan init] extensions: name=VK_KHR_sampler_ycbcr_conversion [enabled=1, external=0]
[Vulkan init] extensions: name=VK_KHR_separate_depth_stencil_layouts [enabled=0, external=0]
[Vulkan init] extensions: name=VK_KHR_shader_abort [enabled=0, external=0]
[Vulkan init] extensions: name=VK_KHR_shader_atomic_int64 [enabled=1, external=0]
[Vulkan init] extensions: name=VK_KHR_shader_bfloat16 [enabled=0, external=0]
[Vulkan init] extensions: name=VK_KHR_shader_clock [enabled=0, external=0]
[Vulkan init] extensions: name=VK_KHR_shader_constant_data [enabled=0, external=0]
[Vulkan init] extensions: name=VK_KHR_shader_draw_parameters [enabled=0, external=0]
[Vulkan init] extensions: name=VK_KHR_shader_expect_assume [enabled=0, external=0]
[Vulkan init] extensions: name=VK_KHR_shader_float16_int8 [enabled=1, external=0]
[Vulkan init] extensions: name=VK_KHR_shader_float_controls [enabled=0, external=0]
[Vulkan init] extensions: name=VK_KHR_shader_float_controls2 [enabled=0, external=0]
[Vulkan init] extensions: name=VK_KHR_shader_fma [enabled=0, external=0]
[Vulkan init] extensions: name=VK_KHR_shader_integer_dot_product [enabled=0, external=0]
[Vulkan init] extensions: name=VK_KHR_shader_maximal_reconvergence [enabled=0, external=0]
[Vulkan init] extensions: name=VK_KHR_shader_non_semantic_info [enabled=1, external=0]
[Vulkan init] extensions: name=VK_KHR_shader_quad_control [enabled=0, external=0]
[Vulkan init] extensions: name=VK_KHR_shader_relaxed_extended_instruction [enabled=0, external=0]
[Vulkan init] extensions: name=VK_KHR_shader_subgroup_extended_types [enabled=0, external=0]
[Vulkan init] extensions: name=VK_KHR_shader_subgroup_rotate [enabled=0, external=0]
[Vulkan init] extensions: name=VK_KHR_shader_subgroup_uniform_control_flow [enabled=0, external=0]
[Vulkan init] extensions: name=VK_KHR_shader_terminate_invocation [enabled=0, external=0]
[Vulkan init] extensions: name=VK_KHR_shader_untyped_pointers [enabled=0, external=0]
[Vulkan init] extensions: name=VK_KHR_shared_presentable_image [enabled=0, external=0]
[Vulkan init] extensions: name=VK_KHR_spirv_1_4 [enabled=0, external=0]
[Vulkan init] extensions: name=VK_KHR_storage_buffer_storage_class [enabled=1, external=0]
[Vulkan init] extensions: name=VK_KHR_swapchain [enabled=1, external=0]
[Vulkan init] extensions: name=VK_KHR_swapchain_maintenance1 [enabled=0, external=0]
[Vulkan init] extensions: name=VK_KHR_swapchain_mutable_format [enabled=1, external=0]
[Vulkan init] extensions: name=VK_KHR_synchronization2 [enabled=0, external=0]
[Vulkan init] extensions: name=VK_KHR_timeline_semaphore [enabled=0, external=0]
[Vulkan init] extensions: name=VK_KHR_unified_image_layouts [enabled=0, external=0]
[Vulkan init] extensions: name=VK_KHR_uniform_buffer_standard_layout [enabled=0, external=0]
[Vulkan init] extensions: name=VK_KHR_variable_pointers [enabled=0, external=0]
[Vulkan init] extensions: name=VK_KHR_vertex_attribute_divisor [enabled=0, external=0]
[Vulkan init] extensions: name=VK_KHR_video_decode_av1 [enabled=0, external=0]
[Vulkan init] extensions: name=VK_KHR_video_decode_h264 [enabled=0, external=0]
[Vulkan init] extensions: name=VK_KHR_video_decode_h265 [enabled=0, external=0]
[Vulkan init] extensions: name=VK_KHR_video_decode_queue [enabled=0, external=0]
[Vulkan init] extensions: name=VK_KHR_video_decode_vp9 [enabled=0, external=0]
[Vulkan init] extensions: name=VK_KHR_video_encode_av1 [enabled=0, external=0]
[Vulkan init] extensions: name=VK_KHR_video_encode_h264 [enabled=0, external=0]
[Vulkan init] extensions: name=VK_KHR_video_encode_h265 [enabled=0, external=0]
[Vulkan init] extensions: name=VK_KHR_video_encode_intra_refresh [enabled=0, external=0]
[Vulkan init] extensions: name=VK_KHR_video_encode_quantization_map [enabled=0, external=0]
[Vulkan init] extensions: name=VK_KHR_video_encode_queue [enabled=0, external=0]
[Vulkan init] extensions: name=VK_KHR_video_maintenance1 [enabled=0, external=0]
[Vulkan init] extensions: name=VK_KHR_video_maintenance2 [enabled=0, external=0]
[Vulkan init] extensions: name=VK_KHR_video_queue [enabled=0, external=0]
[Vulkan init] extensions: name=VK_KHR_vulkan_memory_model [enabled=0, external=0]
[Vulkan init] extensions: name=VK_KHR_workgroup_memory_explicit_layout [enabled=0, external=0]
[Vulkan init] extensions: name=VK_KHR_zero_initialize_workgroup_memory [enabled=0, external=0]
[Vulkan init] extensions: name=VK_NVX_binary_import [enabled=0, external=0]
[Vulkan init] extensions: name=VK_NVX_image_view_handle [enabled=0, external=0]
[Vulkan init] extensions: name=VK_NVX_multiview_per_view_attributes [enabled=0, external=0]
[Vulkan init] extensions: name=VK_NV_clip_space_w_scaling [enabled=0, external=0]
[Vulkan init] extensions: name=VK_NV_cluster_acceleration_structure [enabled=0, external=0]
[Vulkan init] extensions: name=VK_NV_compute_occupancy_priority [enabled=0, external=0]
[Vulkan init] extensions: name=VK_NV_compute_shader_derivatives [enabled=0, external=0]
[Vulkan init] extensions: name=VK_NV_cooperative_matrix [enabled=0, external=0]
[Vulkan init] extensions: name=VK_NV_cooperative_matrix2 [enabled=0, external=0]
[Vulkan init] extensions: name=VK_NV_cooperative_matrix_decode_vector [enabled=0, external=0]
[Vulkan init] extensions: name=VK_NV_cooperative_vector [enabled=0, external=0]
[Vulkan init] extensions: name=VK_NV_copy_memory_indirect [enabled=0, external=0]
[Vulkan init] extensions: name=VK_NV_corner_sampled_image [enabled=0, external=0]
[Vulkan init] extensions: name=VK_NV_coverage_reduction_mode [enabled=0, external=0]
[Vulkan init] extensions: name=VK_NV_cuda_kernel_launch [enabled=0, external=0]
[Vulkan init] extensions: name=VK_NV_dedicated_allocation [enabled=0, external=0]
[Vulkan init] extensions: name=VK_NV_dedicated_allocation_image_aliasing [enabled=0, external=0]
[Vulkan init] extensions: name=VK_NV_descriptor_pool_overallocation [enabled=0, external=0]
[Vulkan init] extensions: name=VK_NV_device_diagnostic_checkpoints [enabled=0, external=0]
[Vulkan init] extensions: name=VK_NV_device_diagnostics_config [enabled=0, external=0]
[Vulkan init] extensions: name=VK_NV_device_generated_commands [enabled=0, external=0]
[Vulkan init] extensions: name=VK_NV_device_generated_commands_compute [enabled=0, external=0]
[Vulkan init] extensions: name=VK_NV_disk_cache_utils [enabled=0, external=0]
[Vulkan init] extensions: name=VK_NV_extended_sparse_address_space [enabled=0, external=0]
[Vulkan init] extensions: name=VK_NV_fill_rectangle [enabled=0, external=0]
[Vulkan init] extensions: name=VK_NV_fragment_coverage_to_color [enabled=0, external=0]
[Vulkan init] extensions: name=VK_NV_fragment_shader_barycentric [enabled=0, external=0]
[Vulkan init] extensions: name=VK_NV_fragment_shading_rate_enums [enabled=0, external=0]
[Vulkan init] extensions: name=VK_NV_framebuffer_mixed_samples [enabled=0, external=0]
[Vulkan init] extensions: name=VK_NV_geometry_shader_passthrough [enabled=0, external=0]
[Vulkan init] extensions: name=VK_NV_inherited_viewport_scissor [enabled=0, external=0]
[Vulkan init] extensions: name=VK_NV_internal_handle [enabled=0, external=0]
[Vulkan init] extensions: name=VK_NV_internal_nvpresent [enabled=0, external=0]
[Vulkan init] extensions: name=VK_NV_linear_color_attachment [enabled=0, external=0]
[Vulkan init] extensions: name=VK_NV_low_latency [enabled=0, external=0]
[Vulkan init] extensions: name=VK_NV_low_latency2 [enabled=0, external=0]
[Vulkan init] extensions: name=VK_NV_memory_decompression [enabled=0, external=0]
[Vulkan init] extensions: name=VK_NV_mesh_shader [enabled=0, external=0]
[Vulkan init] extensions: name=VK_NV_optical_flow [enabled=0, external=0]
[Vulkan init] extensions: name=VK_NV_partitioned_acceleration_structure [enabled=0, external=0]
[Vulkan init] extensions: name=VK_NV_present_metering [enabled=0, external=0]
[Vulkan init] extensions: name=VK_NV_push_constant_bank [enabled=0, external=0]
[Vulkan init] extensions: name=VK_NV_raw_access_chains [enabled=0, external=0]
[Vulkan init] extensions: name=VK_NV_ray_tracing [enabled=0, external=0]
[Vulkan init] extensions: name=VK_NV_ray_tracing_invocation_reorder [enabled=0, external=0]
[Vulkan init] extensions: name=VK_NV_ray_tracing_motion_blur [enabled=0, external=0]
[Vulkan init] extensions: name=VK_NV_representative_fragment_test [enabled=0, external=0]
[Vulkan init] extensions: name=VK_NV_sample_mask_override_coverage [enabled=0, external=0]
[Vulkan init] extensions: name=VK_NV_scissor_exclusive [enabled=0, external=0]
[Vulkan init] extensions: name=VK_NV_shader_atomic_float16_vector [enabled=0, external=0]
[Vulkan init] extensions: name=VK_NV_shader_image_footprint [enabled=0, external=0]
[Vulkan init] extensions: name=VK_NV_shader_sm_builtins [enabled=0, external=0]
[Vulkan init] extensions: name=VK_NV_shader_subgroup_partitioned [enabled=0, external=0]
[Vulkan init] extensions: name=VK_NV_shading_rate_image [enabled=0, external=0]
[Vulkan init] extensions: name=VK_NV_viewport_array2 [enabled=0, external=0]
[Vulkan init] extensions: name=VK_NV_viewport_swizzle [enabled=0, external=0]
[vulkan] Loaded device function vkDestroyDevice
[vulkan] Loaded device function vkGetDeviceQueue
[vulkan] Loaded device function vkQueueSubmit
[vulkan] Loaded device function vkQueueWaitIdle
[vulkan] Loaded device function vkDeviceWaitIdle
[vulkan] Loaded device function vkAllocateMemory
[vulkan] Loaded device function vkFreeMemory
[vulkan] Loaded device function vkMapMemory
[vulkan] Loaded device function vkUnmapMemory
[vulkan] Loaded device function vkFlushMappedMemoryRanges
[vulkan] Loaded device function vkInvalidateMappedMemoryRanges
[vulkan] Loaded device function vkGetDeviceMemoryCommitment
[vulkan] Loaded device function vkBindBufferMemory
[vulkan] Loaded device function vkBindImageMemory
[vulkan] Loaded device function vkGetBufferMemoryRequirements
[vulkan] Loaded device function vkGetImageMemoryRequirements
[vulkan] Loaded device function vkGetImageSparseMemoryRequirements
[vulkan] Loaded device function vkQueueBindSparse
[vulkan] Loaded device function vkCreateFence
[vulkan] Loaded device function vkDestroyFence
[vulkan] Loaded device function vkResetFences
[vulkan] Loaded device function vkGetFenceStatus
[vulkan] Loaded device function vkWaitForFences
[vulkan] Loaded device function vkCreateSemaphore
[vulkan] Loaded device function vkDestroySemaphore
[vulkan] Loaded device function vkCreateEvent
[vulkan] Loaded device function vkDestroyEvent
[vulkan] Loaded device function vkGetEventStatus
[vulkan] Loaded device function vkSetEvent
[vulkan] Loaded device function vkResetEvent
[vulkan] Loaded device function vkCreateQueryPool
[vulkan] Loaded device function vkDestroyQueryPool
[vulkan] Loaded device function vkGetQueryPoolResults
[vulkan] Loaded device function vkCreateBuffer
[vulkan] Loaded device function vkDestroyBuffer
[vulkan] Loaded device function vkCreateBufferView
[vulkan] Loaded device function vkDestroyBufferView
[vulkan] Loaded device function vkCreateImage
[vulkan] Loaded device function vkDestroyImage
[vulkan] Loaded device function vkGetImageSubresourceLayout
[vulkan] Loaded device function vkCreateImageView
[vulkan] Loaded device function vkDestroyImageView
[vulkan] Loaded device function vkCreateShaderModule
[vulkan] Loaded device function vkDestroyShaderModule
[vulkan] Loaded device function vkCreatePipelineCache
[vulkan] Loaded device function vkDestroyPipelineCache
[vulkan] Loaded device function vkGetPipelineCacheData
[vulkan] Loaded device function vkMergePipelineCaches
[vulkan] Loaded device function vkCreateGraphicsPipelines
[vulkan] Loaded device function vkCreateComputePipelines
[vulkan] Loaded device function vkDestroyPipeline
[vulkan] Loaded device function vkCreatePipelineLayout
[vulkan] Loaded device function vkDestroyPipelineLayout
[vulkan] Loaded device function vkCreateSampler
[vulkan] Loaded device function vkDestroySampler
[vulkan] Loaded device function vkCreateDescriptorSetLayout
[vulkan] Loaded device function vkDestroyDescriptorSetLayout
[vulkan] Loaded device function vkCreateDescriptorPool
[vulkan] Loaded device function vkDestroyDescriptorPool
[vulkan] Loaded device function vkResetDescriptorPool
[vulkan] Loaded device function vkAllocateDescriptorSets
[vulkan] Loaded device function vkFreeDescriptorSets
[vulkan] Loaded device function vkUpdateDescriptorSets
[vulkan] Loaded device function vkCreateFramebuffer
[vulkan] Loaded device function vkDestroyFramebuffer
[vulkan] Loaded device function vkCreateRenderPass
[vulkan] Loaded device function vkDestroyRenderPass
[vulkan] Loaded device function vkGetRenderAreaGranularity
[vulkan] Loaded device function vkCreateCommandPool
[vulkan] Loaded device function vkDestroyCommandPool
[vulkan] Loaded device function vkResetCommandPool
[vulkan] Loaded device function vkAllocateCommandBuffers
[vulkan] Loaded device function vkFreeCommandBuffers
[vulkan] Loaded device function vkBeginCommandBuffer
[vulkan] Loaded device function vkEndCommandBuffer
[vulkan] Loaded device function vkResetCommandBuffer
[vulkan] Loaded device function vkCmdBindPipeline
[vulkan] Loaded device function vkCmdSetViewport
[vulkan] Loaded device function vkCmdSetScissor
[vulkan] Loaded device function vkCmdSetLineWidth
[vulkan] Loaded device function vkCmdSetDepthBias
[vulkan] Loaded device function vkCmdSetBlendConstants
[vulkan] Loaded device function vkCmdSetDepthBounds
[vulkan] Loaded device function vkCmdSetStencilCompareMask
[vulkan] Loaded device function vkCmdSetStencilWriteMask
[vulkan] Loaded device function vkCmdSetStencilReference
[vulkan] Loaded device function vkCmdBindDescriptorSets
[vulkan] Loaded device function vkCmdBindIndexBuffer
[vulkan] Loaded device function vkCmdBindVertexBuffers
[vulkan] Loaded device function vkCmdDraw
[vulkan] Loaded device function vkCmdDrawIndexed
[vulkan] Loaded device function vkCmdDrawIndirect
[vulkan] Loaded device function vkCmdDrawIndexedIndirect
[vulkan] Loaded device function vkCmdDispatch
[vulkan] Loaded device function vkCmdDispatchIndirect
[vulkan] Loaded device function vkCmdCopyBuffer
[vulkan] Loaded device function vkCmdCopyImage
[vulkan] Loaded device function vkCmdBlitImage
[vulkan] Loaded device function vkCmdCopyBufferToImage
[vulkan] Loaded device function vkCmdCopyImageToBuffer
[vulkan] Loaded device function vkCmdUpdateBuffer
[vulkan] Loaded device function vkCmdFillBuffer
[vulkan] Loaded device function vkCmdClearColorImage
[vulkan] Loaded device function vkCmdClearDepthStencilImage
[vulkan] Loaded device function vkCmdClearAttachments
[vulkan] Loaded device function vkCmdResolveImage
[vulkan] Loaded device function vkCmdSetEvent
[vulkan] Loaded device function vkCmdResetEvent
[vulkan] Loaded device function vkCmdWaitEvents
[vulkan] Loaded device function vkCmdPipelineBarrier
[vulkan] Loaded device function vkCmdBeginQuery
[vulkan] Loaded device function vkCmdEndQuery
[vulkan] Loaded device function vkCmdResetQueryPool
[vulkan] Loaded device function vkCmdWriteTimestamp
[vulkan] Loaded device function vkCmdCopyQueryPoolResults
[vulkan] Loaded device function vkCmdPushConstants
[vulkan] Loaded device function vkCmdBeginRenderPass
[vulkan] Loaded device function vkCmdNextSubpass
[vulkan] Loaded device function vkCmdEndRenderPass
[vulkan] Loaded device function vkCmdExecuteCommands
[vulkan] Loaded device function vkGetImageMemoryRequirements2KHR
[vulkan] Loaded device function vkGetBufferMemoryRequirements2KHR
[vulkan] Loaded device function vkGetImageSparseMemoryRequirements2KHR
[vulkan] Loaded device function vkCreateDescriptorUpdateTemplateKHR
[vulkan] Loaded device function vkDestroyDescriptorUpdateTemplateKHR
[vulkan] Loaded device function vkUpdateDescriptorSetWithTemplateKHR
[vulkan] Loaded device function vkCmdBeginRenderPass2KHR
[vulkan] Loaded device function vkCmdEndRenderPass2KHR
[vulkan] Loaded device function vkCmdNextSubpass2KHR
[vulkan] Loaded device function vkCreateRenderPass2KHR
[vulkan] Loaded device function vkCmdSetVertexInputEXT
[vulkan] Loaded device function vkCmdSetFragmentShadingRateKHR
[vulkan] Failed to load device function vkGetFramebufferTilePropertiesQCOM
[vulkan] Loaded instance function vkGetFramebufferTilePropertiesQCOM
[vulkan] Failed to load device function vkDebugMarkerSetObjectTagEXT
[vulkan] Loaded instance function vkDebugMarkerSetObjectTagEXT
[vulkan] Failed to load device function vkDebugMarkerSetObjectNameEXT
[vulkan] Loaded instance function vkDebugMarkerSetObjectNameEXT
[vulkan] Failed to load device function vkCmdDebugMarkerBeginEXT
[vulkan] Loaded instance function vkCmdDebugMarkerBeginEXT
[vulkan] Failed to load device function vkCmdDebugMarkerEndEXT
[vulkan] Loaded instance function vkCmdDebugMarkerEndEXT
[vulkan] Failed to load device function vkCmdDebugMarkerInsertEXT
[vulkan] Loaded instance function vkCmdDebugMarkerInsertEXT
Vulkan API version 1.1.0 (1.4.351 supported by driver, 1.1.0 requested)
Vulkan vendor=[NVIDIA] id=[10de]
Vulkan renderer=[NVIDIA GeForce RTX 4060 Laptop GPU] id=[28a0]
Vulkan device type 2
Vulkan driverversion=[615.284.576 (0x99d1c240)] uint=[-1714306496]
Vulkan driverLibraryString=[NVIDIA (4), 615.71.09]
Vulkan PSO: Cache data successfully loaded [size=36,path=/tmp/DefaultCompany/My project/vulkan_pso_cache.bin]
Initialize mono
Mono path[0] = '/home/main/Unity/Hub/Editor/6000.6.0f1/Editor/Data/Managed'
Mono path[1] = '/home/main/Unity/Hub/Editor/6000.6.0f1/Editor/Data/BCLExtensions/runtime/netstandard2.1'
Mono path[2] = '/home/main/Unity/Hub/Editor/6000.6.0f1/Editor/Data/MonoBleedingEdge/lib/mono/unityjit-linux'
Mono config path = '/home/main/Unity/Hub/Editor/6000.6.0f1/Editor/Data/MonoBleedingEdge/etc'
Using monoOptions --debugger-agent=transport=dt_socket,embedding=1,server=y,suspend=n,address=127.0.0.1:56326
CodeReloadManager initialized
Begin MonoManager ReloadAssembly
Registering precompiled unity dll's ...
Register platform support module: /home/main/Unity/Hub/Editor/6000.6.0f1/Editor/Data/PlaybackEngines/WindowsStandaloneSupport/UnityEditor.WindowsStandalone.Extensions.dll
Register platform support module: /home/main/Unity/Hub/Editor/6000.6.0f1/Editor/Data/PlaybackEngines/LinuxStandaloneSupport/UnityEditor.LinuxStandalone.Extensions.dll
Registered in 0.001677 seconds.
Native extension for LinuxStandalone target not found
Native extension for WindowsStandalone target not found
Package Manager log level set to [2]
[Package Manager] Failed to launch server process. Reason: Unity was launched with the -noUpm command-line argument
[Package Manager] Unable to send message (not connected to server process).
[Package Manager] Cannot connect to Unity Package Manager local server
[Package Manager] Failed to launch server process. Reason: Unity was launched with the -noUpm command-line argument
[Package Manager] Unable to send message (not connected to server process).
[Package Manager] Cannot connect to Unity Package Manager local server
ScheduleIndexationOnStartup MainProcess:False IndexOnStartup:True
Scripting: successfully reloaded assembly
- Finished resetting the current domain, in  0.469 seconds
Domain Reload Profiling: 955ms
	BeginReloadAssembly (72ms)
	RebuildCommonClasses (5ms)
	RebuildNativeTypeToScriptingClass (11ms)
	initialDomainReloadingComplete (59ms)
	LoadAllAssembliesAndSetupDomain (337ms)
		LoadAssemblies (71ms)
		TypeCache.Refresh (232ms)
			TypeCache.ScanAssembly (216ms)
		AnalyzeDomain (1ms)
	FinalizeReload (470ms)
		SetupLoadedEditorAssemblies (0ms)
			BeforeProcessingInitializeOnLoad (99ms)
			ProcessInitializeOnLoadAttributes (94ms)
			ProcessInitializeOnLoadMethodAttributes (156ms)
Initializing Unity extensions:
[Licensing::Client] Successfully resolved entitlement details
[Licensing::Module] License group:
  Id: 6872890175582-UnityPersXXXX
  Product: Unity Personal
  Type: Assigned
  Expiration: Unlimited
========================================================================
Worker process is ready to serve import requests
Import Worker Mode flag is 0x00
Begin MonoManager ReloadAssembly
'Packages/com.unity.render-pipelines.core/Editor/Deprecated.cs' contains partial class of Unity.Object, exactly 1 of the partial classes needs to be in a file with the same filename. This is to know the one that can be referenced from ie. GameObjects
'Packages/com.unity.render-pipelines.core/Editor/Deprecated.cs' contains partial class of Unity.Object, exactly 1 of the partial classes needs to be in a file with the same filename. This is to know the one that can be referenced from ie. GameObjects
Native extension for LinuxStandalone target not found
Native extension for WindowsStandalone target not found
[Package Manager] Failed to launch server process. Reason: Unity was launched with the -noUpm command-line argument
[Package Manager] Unable to send message (not connected to server process).
[Package Manager] Cannot connect to Unity Package Manager local server
[Package Manager] Failed to launch server process. Reason: Unity was launched with the -noUpm command-line argument
[Package Manager] Unable to send message (not connected to server process).
[Package Manager] Cannot connect to Unity Package Manager local server
ScheduleIndexationOnStartup MainProcess:False IndexOnStartup:True
Scripting: successfully reloaded assembly
- Finished resetting the current domain, in  0.629 seconds
Domain Reload Profiling: 1303ms
	BeginReloadAssembly (161ms)
		DisableScriptedObjects (6ms)
		CreateAndSetChildDomain (41ms)
	RebuildCommonClasses (7ms)
	RebuildNativeTypeToScriptingClass (10ms)
	initialDomainReloadingComplete (44ms)
	LoadAllAssembliesAndSetupDomain (451ms)
		LoadAssemblies (189ms)
		TypeCache.Refresh (136ms)
			TypeCache.ScanAssembly (125ms)
		AnalyzeDomain (59ms)
			BuildScriptInfoCaches (54ms)
			ResolveRequiredComponents (4ms)
	FinalizeReload (630ms)
		SetupLoadedEditorAssemblies (0ms)
			BeforeProcessingInitializeOnLoad (90ms)
			ProcessInitializeOnLoadAttributes (236ms)
			ProcessInitializeOnLoadMethodAttributes (53ms)
			AfterProcessingInitializeOnLoad (4ms)
		AwakeInstancesAfterBackupRestoration (6ms)
AcceleratorClientConnectionCallback - disconnected - :0
Launched and connected shader compiler UnityShaderCompiler after 0.01 seconds
Unloading 63 Unused Serialized files (Serialized files now loaded: 0)
Unloading 6611 unused Assets / (9.7 MB). Loaded Objects now: 7479.
Memory consumption went from 214.9 MB to 205.3 MB.
Total: 13.726223 ms (FindLiveObjects: 0.832464 ms CreateObjectMapping: 0.834909 ms MarkObjects: 6.841431 ms  DeleteObjects: 5.013378 ms)

========================================================================
Received Import Request.
  Time of request: 2026-10-09T14:09:47.144656Z
  Time since last request: 3949.39261932499994 seconds.
  importAddress: GUID: d44f9c7a4044e1845b5b3627ba32fb10 - Path: Packages/com.unity.collab-proxy/Editor/Assets/Images/d_iconbrex.png - Importer: ScriptedImporter/UnityEditor.QuickSearchModule:UnityEditor.Search:ASIAI0B
Importing 'GUID: d44f9c7a4044e1845b5b3627ba32fb10 - Path: Packages/com.unity.collab-proxy/Editor/Assets/Images/d_iconbrex.png - Importer: ScriptedImporter/UnityEditor.QuickSearchModule:UnityEditor.Search:ASIAI0B' with importer (ScriptedImporter : UnityEditor.QuickSearchModule:UnityEditor.Search:ASIAI0B)
Imported 'GUID: d44f9c7a4044e1845b5b3627ba32fb10' -> (Import Result ID: '583b0f2e4b0a2eb75066b0e208e57ed2') in 0.114 seconds [static and dynamic dependencies]. Details - ImportResultOutputID=0b8b02c2ee5b6d0c733a3f2dee6a9111 DependenciesID=89880a0e036743a71c3137823c00e48d StaticDependenciesID=40006c48a25618cbec770edd05676d8d 
Number of updated asset objects reloaded before import = 0
Number of asset objects unloaded after import = 3
========================================================================
Received Import Request.
  Time of request: 2026-10-09T14:09:47.269103Z
  Time since last request: 0.000030517 seconds.
  importAddress: GUID: a36e66e044a5fd94ca570351917c6bda - Path: Packages/com.unity.collab-proxy/Editor/Assets/Images/d_iconedit@2x.png - Importer: ScriptedImporter/UnityEditor.QuickSearchModule:UnityEditor.Search:ASIAI0B
Importing 'GUID: a36e66e044a5fd94ca570351917c6bda - Path: Packages/com.unity.collab-proxy/Editor/Assets/Images/d_iconedit@2x.png - Importer: ScriptedImporter/UnityEditor.QuickSearchModule:UnityEditor.Search:ASIAI0B' with importer (ScriptedImporter : UnityEditor.QuickSearchModule:UnityEditor.Search:ASIAI0B)
Imported 'GUID: a36e66e044a5fd94ca570351917c6bda' -> (Import Result ID: '6a656d0ee044b8e560f4336a12fe99fe') in 0.003 seconds [static and dynamic dependencies]. Details - ImportResultOutputID=cdc7d392fd56b449d7c13d57c25e9b72 DependenciesID=a05b343966bd15f23bd0d07c1a9d0510 StaticDependenciesID=ebf8eb85f5e208aa8aeff52716ebe764 
Number of updated asset objects reloaded before import = 0
Number of asset objects unloaded after import = 3
========================================================================
Received Import Request.
  Time of request: 2026-10-09T14:09:47.278926Z
  Time since last request: 0.000014247 seconds.
  importAddress: GUID: 4da398eacd0c045bebf576a9f11339b0 - Path: Packages/com.unity.collab-proxy/Editor/Assets/Images/d_iconchangesets.png - Importer: ScriptedImporter/UnityEditor.QuickSearchModule:UnityEditor.Search:ASIAI0B
Importing 'GUID: 4da398eacd0c045bebf576a9f11339b0 - Path: Packages/com.unity.collab-proxy/Editor/Assets/Images/d_iconchangesets.png - Importer: ScriptedImporter/UnityEditor.QuickSearchModule:UnityEditor.Search:ASIAI0B' with importer (ScriptedImporter : UnityEditor.QuickSearchModule:UnityEditor.Search:ASIAI0B)
Imported 'GUID: 4da398eacd0c045bebf576a9f11339b0' -> (Import Result ID: '16d7d7ceb0d041c737aad2ad55059470') in 0.003 seconds [static and dynamic dependencies]. Details - ImportResultOutputID=42f7e70032844676a921cbf6ab82f148 DependenciesID=d885d7f11526c659d3903ac4500d3f19 StaticDependenciesID=b083593144dcc8bbd6abfbef39c6ccea 
Number of updated asset objects reloaded before import = 0
Number of asset objects unloaded after import = 3
========================================================================
Received Import Request.
  Time of request: 2026-10-09T14:09:47.288598Z
  Time since last request: 0.000137978 seconds.
  importAddress: GUID: c1516142c0a669b42aecce30a3459017 - Path: Packages/com.unity.collab-proxy/Editor/Assets/Images/d_iconbranch.png - Importer: ScriptedImporter/UnityEditor.QuickSearchModule:UnityEditor.Search:ASIAI0B
Importing 'GUID: c1516142c0a669b42aecce30a3459017 - Path: Packages/com.unity.collab-proxy/Editor/Assets/Images/d_iconbranch.png - Importer: ScriptedImporter/UnityEditor.QuickSearchModule:UnityEditor.Search:ASIAI0B' with importer (ScriptedImporter : UnityEditor.QuickSearchModule:UnityEditor.Search:ASIAI0B)
Imported 'GUID: c1516142c0a669b42aecce30a3459017' -> (Import Result ID: 'a3bed0561de1ca7520d913d90255f026') in 0.005 seconds [static and dynamic dependencies]. Details - ImportResultOutputID=5648e0fb37960bac51d29c8c73f3ff6a DependenciesID=0e4dcceeed0d64ef74ae757c19ebea4e StaticDependenciesID=2c21945e4b0d85c59efafa42b476ccc0 
Number of updated asset objects reloaded before import = 0
Number of asset objects unloaded after import = 3
========================================================================
Received Import Request.
  Time of request: 2026-10-09T14:09:47.299983Z
  Time since last request: 0.000204352 seconds.
  importAddress: GUID: a892bcc7ae1871447926b3c44d158763 - Path: Packages/com.unity.collab-proxy/Editor/Assets/Images/d_iconconflictedoverlay.png - Importer: ScriptedImporter/UnityEditor.QuickSearchModule:UnityEditor.Search:ASIAI0B
Importing 'GUID: a892bcc7ae1871447926b3c44d158763 - Path: Packages/com.unity.collab-proxy/Editor/Assets/Images/d_iconconflictedoverlay.png - Importer: ScriptedImporter/UnityEditor.QuickSearchModule:UnityEditor.Search:ASIAI0B' with importer (ScriptedImporter : UnityEditor.QuickSearchModule:UnityEditor.Search:ASIAI0B)
Imported 'GUID: a892bcc7ae1871447926b3c44d158763' -> (Import Result ID: '15f9b20f3ef571b9c1a74a6102dacf33') in 0.004 seconds [static and dynamic dependencies]. Details - ImportResultOutputID=bb4552e49f82314aba8c84cd523a59c1 DependenciesID=de91ceb9a14d38685983194ef953921c StaticDependenciesID=f1cb909fe3c4a5e72a8a4de58056f637 
Number of updated asset objects reloaded before import = 0
Number of asset objects unloaded after import = 1
========================================================================
Received Import Request.
  Time of request: 2026-10-09T14:09:47.310489Z
  Time since last request: 0.000272829 seconds.
  importAddress: GUID: df8c4eeadc2f24a3c8d1c1bad53d1cae - Path: Packages/com.unity.collab-proxy/Editor/Assets/Images/d_RGBARed@2x.png - Importer: ScriptedImporter/UnityEditor.QuickSearchModule:UnityEditor.Search:ASIAI0B
Importing 'GUID: df8c4eeadc2f24a3c8d1c1bad53d1cae - Path: Packages/com.unity.collab-proxy/Editor/Assets/Images/d_RGBARed@2x.png - Importer: ScriptedImporter/UnityEditor.QuickSearchModule:UnityEditor.Search:ASIAI0B' with importer (ScriptedImporter : UnityEditor.QuickSearchModule:UnityEditor.Search:ASIAI0B)
Imported 'GUID: df8c4eeadc2f24a3c8d1c1bad53d1cae' -> (Import Result ID: '2c6e7032988ef93a18379ad0e752af82') in 0.004 seconds [static and dynamic dependencies]. Details - ImportResultOutputID=c69ca7994c70bc74202629bf5f84f074 DependenciesID=88af6288e5bfb191ec6ef781d16cc2f4 StaticDependenciesID=239edc799fe57278da79692049da4c53 
Number of updated asset objects reloaded before import = 0
Number of asset objects unloaded after import = 3
========================================================================
Received Import Request.
  Time of request: 2026-10-09T14:09:47.322055Z
  Time since last request: 0.000286816 seconds.
  importAddress: GUID: cc036907824004dbfa9a0420b439ac67 - Path: Packages/com.unity.collab-proxy/Editor/Assets/Images/d_RGBARed.png - Importer: ScriptedImporter/UnityEditor.QuickSearchModule:UnityEditor.Search:ASIAI0B
Importing 'GUID: cc036907824004dbfa9a0420b439ac67 - Path: Packages/com.unity.collab-proxy/Editor/Assets/Images/d_RGBARed.png - Importer: ScriptedImporter/UnityEditor.QuickSearchModule:UnityEditor.Search:ASIAI0B' with importer (ScriptedImporter : UnityEditor.QuickSearchModule:UnityEditor.Search:ASIAI0B)
Imported 'GUID: cc036907824004dbfa9a0420b439ac67' -> (Import Result ID: '58153635e53dc03b7df02a43e3e995c4') in 0.003 seconds [static and dynamic dependencies]. Details - ImportResultOutputID=7f24e6c631c59cd91cf30d78e7837852 DependenciesID=73e2663bd690d9293f5b808518af5733 StaticDependenciesID=fb4c4d9ed5a12ff11fae706643f67d1e 
Number of updated asset objects reloaded before import = 0
Number of asset objects unloaded after import = 3
========================================================================
Received Import Request.
  Time of request: 2026-10-09T14:09:47.3334Z
  Time since last request: 0.000277238 seconds.
  importAddress: GUID: 639dd667694184004a6f47c95ff5594b - Path: Packages/com.unity.collab-proxy/Editor/Assets/Images/d_RGBAAll@2x.png - Importer: ScriptedImporter/UnityEditor.QuickSearchModule:UnityEditor.Search:ASIAI0B
Importing 'GUID: 639dd667694184004a6f47c95ff5594b - Path: Packages/com.unity.collab-proxy/Editor/Assets/Images/d_RGBAAll@2x.png - Importer: ScriptedImporter/UnityEditor.QuickSearchModule:UnityEditor.Search:ASIAI0B' with importer (ScriptedImporter : UnityEditor.QuickSearchModule:UnityEditor.Search:ASIAI0B)
Imported 'GUID: 639dd667694184004a6f47c95ff5594b' -> (Import Result ID: 'dc22d648e724d1e0979fa075363ae877') in 0.003 seconds [static and dynamic dependencies]. Details - ImportResultOutputID=3f17428416923e7a0cc69f0ac492cff7 DependenciesID=e9b8b78aa96e24331372644f991a6574 StaticDependenciesID=3c47dd8987456ece367937bdacf0d8a6 
Number of updated asset objects reloaded before import = 0
Number of asset objects unloaded after import = 3
========================================================================
Received Import Request.
  Time of request: 2026-10-09T14:09:47.364301Z
  Time since last request: 0.020729375 seconds.
  importAddress: GUID: eb56188e070e442c4b93b8856b5c1ab0 - Path: Packages/com.unity.collab-proxy/Editor/Assets/Images/d_iconprivateoverlay@2x.png - Importer: ScriptedImporter/UnityEditor.QuickSearchModule:UnityEditor.Search:ASIAI0B
Importing 'GUID: eb56188e070e442c4b93b8856b5c1ab0 - Path: Packages/com.unity.collab-proxy/Editor/Assets/Images/d_iconprivateoverlay@2x.png - Importer: ScriptedImporter/UnityEditor.QuickSearchModule:UnityEditor.Search:ASIAI0B' with importer (ScriptedImporter : UnityEditor.QuickSearchModule:UnityEditor.Search:ASIAI0B)
Imported 'GUID: eb56188e070e442c4b93b8856b5c1ab0' -> (Import Result ID: 'e61cca4b2a11be5e686ea6e2839a6eea') in 0.005 seconds [static and dynamic dependencies]. Details - ImportResultOutputID=5904bb69204ff8b822fdae2752d9100d DependenciesID=b071a5f60444d83282eb87aa980e42f6 StaticDependenciesID=87768e9272512afb2e476fc4fa3907a3 
Number of updated asset objects reloaded before import = 0
Number of asset objects unloaded after import = 3
========================================================================
Received Import Request.
  Time of request: 2026-10-09T14:09:47.376306Z
  Time since last request: 0.000165759 seconds.
  importAddress: GUID: f31d2c855644aad4cb2030bce12859f6 - Path: Packages/com.unity.collab-proxy/Editor/Assets/Images/d_iconplasticnotifyincoming.png - Importer: ScriptedImporter/UnityEditor.QuickSearchModule:UnityEditor.Search:ASIAI0B
Importing 'GUID: f31d2c855644aad4cb2030bce12859f6 - Path: Packages/com.unity.collab-proxy/Editor/Assets/Images/d_iconplasticnotifyincoming.png - Importer: ScriptedImporter/UnityEditor.QuickSearchModule:UnityEditor.Search:ASIAI0B' with importer (ScriptedImporter : UnityEditor.QuickSearchModule:UnityEditor.Search:ASIAI0B)
Imported 'GUID: f31d2c855644aad4cb2030bce12859f6' -> (Import Result ID: 'ce67f574e4d99f4413032ce008df0d8c') in 0.003 seconds [static and dynamic dependencies]. Details - ImportResultOutputID=509227af026a875edac7a4321027d6c1 DependenciesID=2557f4de5d81492cd8c537dc8c0c9d23 StaticDependenciesID=3268bdcc76cef8e58f76851d65749be9 
Number of updated asset objects reloaded before import = 0
Number of asset objects unloaded after import = 1
========================================================================
Received Import Request.
  Time of request: 2026-10-09T14:09:47.386526Z
  Time since last request: 0.000556789 seconds.
  importAddress: GUID: 3cf8ae89579fd29479f4269d09600e16 - Path: Packages/com.unity.collab-proxy/Editor/Assets/Images/d_iconinfobellnotification@2x.png - Importer: ScriptedImporter/UnityEditor.QuickSearchModule:UnityEditor.Search:ASIAI0B
Importing 'GUID: 3cf8ae89579fd29479f4269d09600e16 - Path: Packages/com.unity.collab-proxy/Editor/Assets/Images/d_iconinfobellnotification@2x.png - Importer: ScriptedImporter/UnityEditor.QuickSearchModule:UnityEditor.Search:ASIAI0B' with importer (ScriptedImporter : UnityEditor.QuickSearchModule:UnityEditor.Search:ASIAI0B)
Imported 'GUID: 3cf8ae89579fd29479f4269d09600e16' -> (Import Result ID: '0ade201739afc2d86d3e98abe78f5bff') in 0.003 seconds [static and dynamic dependencies]. Details - ImportResultOutputID=66729747752078f26486426a8ed5c606 DependenciesID=521d12b9d86dc6bf149335147e06a211 StaticDependenciesID=ad093e8d924ec67d42d2166d0ad919e1 
Number of updated asset objects reloaded before import = 0
Number of asset objects unloaded after import = 3
========================================================================
Received Import Request.
  Time of request: 2026-10-09T14:09:47.397309Z
  Time since last request: 0.000301974 seconds.
  importAddress: GUID: 4a4dfcc81b0e1214fbbd0003c8ab4070 - Path: Packages/com.unity.collab-proxy/Editor/Assets/Images/d_iconrepository.png - Importer: ScriptedImporter/UnityEditor.QuickSearchModule:UnityEditor.Search:ASIAI0B
Importing 'GUID: 4a4dfcc81b0e1214fbbd0003c8ab4070 - Path: Packages/com.unity.collab-proxy/Editor/Assets/Images/d_iconrepository.png - Importer: ScriptedImporter/UnityEditor.QuickSearchModule:UnityEditor.Search:ASIAI0B' with importer (ScriptedImporter : UnityEditor.QuickSearchModule:UnityEditor.Search:ASIAI0B)
Imported 'GUID: 4a4dfcc81b0e1214fbbd0003c8ab4070' -> (Import Result ID: '22a167a9ab6e957f1f59438eedc886ca') in 0.004 seconds [static and dynamic dependencies]. Details - ImportResultOutputID=8d9b4426cb823e507eb318cf3d238715 DependenciesID=1b7a35ddcc627e1fe30164c67d74e0f4 StaticDependenciesID=499f98ff96e7282a7afab4d28bdf22b4 
Number of updated asset objects reloaded before import = 0
Number of asset objects unloaded after import = 3
========================================================================
Received Import Request.
  Time of request: 2026-10-09T14:09:47.408678Z
  Time since last request: 0.00031604 seconds.
  importAddress: GUID: 6d6088174bb906b49ad8428526ee337b - Path: Packages/com.unity.collab-proxy/Editor/Assets/Images/d_iconundo@2x.png - Importer: ScriptedImporter/UnityEditor.QuickSearchModule:UnityEditor.Search:ASIAI0B
Importing 'GUID: 6d6088174bb906b49ad8428526ee337b - Path: Packages/com.unity.collab-proxy/Editor/Assets/Images/d_iconundo@2x.png - Importer: ScriptedImporter/UnityEditor.QuickSearchModule:UnityEditor.Search:ASIAI0B' with importer (ScriptedImporter : UnityEditor.QuickSearchModule:UnityEditor.Search:ASIAI0B)
Imported 'GUID: 6d6088174bb906b49ad8428526ee337b' -> (Import Result ID: '3f7585dd4764a03898bd5bda16a88632') in 0.003 seconds [static and dynamic dependencies]. Details - ImportResultOutputID=9161322cba5cd8e8933a4d7307a67c8a DependenciesID=ea23876dbc4cbfa0d8358c3d5d22961f StaticDependenciesID=11cbdeb2fac10b66dd400472d4c00f0c 
Number of updated asset objects reloaded before import = 0
Number of asset objects unloaded after import = 1
========================================================================
Received Import Request.
  Time of request: 2026-10-09T14:09:47.41948Z
  Time since last request: 0.000451403 seconds.
  importAddress: GUID: 55747841a2e3b47dab36dc8d5e0dc4df - Path: Packages/com.unity.collab-proxy/Editor/Assets/Images/d_iconlock@2x.png - Importer: ScriptedImporter/UnityEditor.QuickSearchModule:UnityEditor.Search:ASIAI0B
Importing 'GUID: 55747841a2e3b47dab36dc8d5e0dc4df - Path: Packages/com.unity.collab-proxy/Editor/Assets/Images/d_iconlock@2x.png - Importer: ScriptedImporter/UnityEditor.QuickSearchModule:UnityEditor.Search:ASIAI0B' with importer (ScriptedImporter : UnityEditor.QuickSearchModule:UnityEditor.Search:ASIAI0B)
Imported 'GUID: 55747841a2e3b47dab36dc8d5e0dc4df' -> (Import Result ID: '033d664458c21ca5ddff35a47f5eab14') in 0.005 seconds [static and dynamic dependencies]. Details - ImportResultOutputID=07af322934115d13c9cb6442225970c9 DependenciesID=6c3345e06bda155c6b6d763c3b3c3060 StaticDependenciesID=df39a806d8e873b917dff18fba0da81b 
Number of updated asset objects reloaded before import = 0
Number of asset objects unloaded after import = 3
========================================================================
Received Import Request.
  Time of request: 2026-10-09T14:09:47.432435Z
  Time since last request: 0.000114002 seconds.
  importAddress: GUID: 11d4f7dd8fc834c8e92cab84d5137828 - Path: Packages/com.unity.collab-proxy/Editor/Assets/Images/d_iconpendingchangesview.png - Importer: ScriptedImporter/UnityEditor.QuickSearchModule:UnityEditor.Search:ASIAI0B
Importing 'GUID: 11d4f7dd8fc834c8e92cab84d5137828 - Path: Packages/com.unity.collab-proxy/Editor/Assets/Images/d_iconpendingchangesview.png - Importer: ScriptedImporter/UnityEditor.QuickSearchModule:UnityEditor.Search:ASIAI0B' with importer (ScriptedImporter : UnityEditor.QuickSearchModule:UnityEditor.Search:ASIAI0B)
Imported 'GUID: 11d4f7dd8fc834c8e92cab84d5137828' -> (Import Result ID: 'be18f3839dbb342f82e6ae0fa94e223d') in 0.004 seconds [static and dynamic dependencies]. Details - ImportResultOutputID=fb94e8d9498f525dc9297b7711bb710a DependenciesID=1b3232bfd859f81bb48ac8bf9f64181f StaticDependenciesID=cf3634bfccc1e298a704a66837059abd 
Number of updated asset objects reloaded before import = 0
Number of asset objects unloaded after import = 3
========================================================================
Received Import Request.
  Time of request: 2026-10-09T14:09:47.444461Z
  Time since last request: 0.000115867 seconds.
  importAddress: GUID: 68587391d99444fd2a157ca65484dee2 - Path: Packages/com.unity.collab-proxy/Editor/Assets/Images/d_iconprev@2x.png - Importer: ScriptedImporter/UnityEditor.QuickSearchModule:UnityEditor.Search:ASIAI0B
Importing 'GUID: 68587391d99444fd2a157ca65484dee2 - Path: Packages/com.unity.collab-proxy/Editor/Assets/Images/d_iconprev@2x.png - Importer: ScriptedImporter/UnityEditor.QuickSearchModule:UnityEditor.Search:ASIAI0B' with importer (ScriptedImporter : UnityEditor.QuickSearchModule:UnityEditor.Search:ASIAI0B)
Imported 'GUID: 68587391d99444fd2a157ca65484dee2' -> (Import Result ID: 'd0daf4f13c0256e240cd22c8dd72374b') in 0.004 seconds [static and dynamic dependencies]. Details - ImportResultOutputID=ca3869fa0113f27663a88f899f639264 DependenciesID=5b88ab6ca26d7afd2bcc9b1b5151cbed StaticDependenciesID=dddeac5231e9bbd63fd58c9e3e4acbb9 
Number of updated asset objects reloaded before import = 0
Number of asset objects unloaded after import = 3
========================================================================
Received Import Request.
  Time of request: 2026-10-09T14:09:47.457102Z
  Time since last request: 0.000186899 seconds.
  importAddress: GUID: 5544f39aea350784ba1dd4ecc285b777 - Path: Packages/com.unity.collab-proxy/Editor/Assets/Images/d_iconzoomin.png - Importer: ScriptedImporter/UnityEditor.QuickSearchModule:UnityEditor.Search:ASIAI0B
Importing 'GUID: 5544f39aea350784ba1dd4ecc285b777 - Path: Packages/com.unity.collab-proxy/Editor/Assets/Images/d_iconzoomin.png - Importer: ScriptedImporter/UnityEditor.QuickSearchModule:UnityEditor.Search:ASIAI0B' with importer (ScriptedImporter : UnityEditor.QuickSearchModule:UnityEditor.Search:ASIAI0B)
Imported 'GUID: 5544f39aea350784ba1dd4ecc285b777' -> (Import Result ID: '1586cf64fd1751497e5bfc07f7971435') in 0.004 seconds [static and dynamic dependencies]. Details - ImportResultOutputID=5faf111b45fdcd56d0831a3cb6067a0a DependenciesID=b04fa0770072fec20ac9845cf2fe1143 StaticDependenciesID=9330da5e0b30ae34e264ef3e614f5c4b 
Number of updated asset objects reloaded before import = 0
Number of asset objects unloaded after import = 3
========================================================================
Received Import Request.
  Time of request: 2026-10-09T14:09:47.468966Z
  Time since last request: 0.000224239 seconds.
  importAddress: GUID: ae53a7884da90e94eb5dfeab594b746c - Path: Packages/com.unity.collab-proxy/Editor/Assets/Images/d_iconlockedlocaloverlay@2x.png - Importer: ScriptedImporter/UnityEditor.QuickSearchModule:UnityEditor.Search:ASIAI0B
Importing 'GUID: ae53a7884da90e94eb5dfeab594b746c - Path: Packages/com.unity.collab-proxy/Editor/Assets/Images/d_iconlockedlocaloverlay@2x.png - Importer: ScriptedImporter/UnityEditor.QuickSearchModule:UnityEditor.Search:ASIAI0B' with importer (ScriptedImporter : UnityEditor.QuickSearchModule:UnityEditor.Search:ASIAI0B)
Imported 'GUID: ae53a7884da90e94eb5dfeab594b746c' -> (Import Result ID: '87519485a9bde75d19a1db71b54dd259') in 0.005 seconds [static and dynamic dependencies]. Details - ImportResultOutputID=b173f3c65fc1edd807570a9d84fe87d8 DependenciesID=975fb81c502d547eead7d544dd6dd68b StaticDependenciesID=744d8340977742da47a7f81e85d087b3 
Number of updated asset objects reloaded before import = 0
Number of asset objects unloaded after import = 1
========================================================================
Received Import Request.
  Time of request: 2026-10-09T14:09:47.483293Z
  Time since last request: 0.000210102 seconds.
  importAddress: GUID: f82dfc5fc3c5a8f4080a3550427019c8 - Path: Packages/com.unity.collab-proxy/Editor/Assets/Images/d_iconoutofsync@2x.png - Importer: ScriptedImporter/UnityEditor.QuickSearchModule:UnityEditor.Search:ASIAI0B
Importing 'GUID: f82dfc5fc3c5a8f4080a3550427019c8 - Path: Packages/com.unity.collab-proxy/Editor/Assets/Images/d_iconoutofsync@2x.png - Importer: ScriptedImporter/UnityEditor.QuickSearchModule:UnityEditor.Search:ASIAI0B' with importer (ScriptedImporter : UnityEditor.QuickSearchModule:UnityEditor.Search:ASIAI0B)
Imported 'GUID: f82dfc5fc3c5a8f4080a3550427019c8' -> (Import Result ID: 'c6ae678d74d984f2a0d5facd483d3b23') in 0.003 seconds [static and dynamic dependencies]. Details - ImportResultOutputID=8a875ae1af6c264261c2282a94a5f016 DependenciesID=d951110f3c46bb0447ebe5d24df44967 StaticDependenciesID=24e1dae767cf71f4bece5342c99b734c 
Number of updated asset objects reloaded before import = 0
Number of asset objects unloaded after import = 1
========================================================================
Received Import Request.
  Time of request: 2026-10-09T14:09:47.493361Z
  Time since last request: 0.000378397 seconds.
  importAddress: GUID: 16e2437bc79d04055b65b968f4eba9c0 - Path: Packages/com.unity.collab-proxy/Editor/Assets/Images/d_iconpendingchangesview@2x.png - Importer: ScriptedImporter/UnityEditor.QuickSearchModule:UnityEditor.Search:ASIAI0B
Importing 'GUID: 16e2437bc79d04055b65b968f4eba9c0 - Path: Packages/com.unity.collab-proxy/Editor/Assets/Images/d_iconpendingchangesview@2x.png - Importer: ScriptedImporter/UnityEditor.QuickSearchModule:UnityEditor.Search:ASIAI0B' with importer (ScriptedImporter : UnityEditor.QuickSearchModule:UnityEditor.Search:ASIAI0B)
Imported 'GUID: 16e2437bc79d04055b65b968f4eba9c0' -> (Import Result ID: '87dfee92d20b0244d71394a2759d2a66') in 0.003 seconds [static and dynamic dependencies]. Details - ImportResultOutputID=4aa55c886809165b9ee00bc2d1a6094c DependenciesID=029c8df156827ff29ddaad7e0a13c95a StaticDependenciesID=0f64677e272b0915e934cf6cc316ccd8 
Number of updated asset objects reloaded before import = 0
Number of asset objects unloaded after import = 3
========================================================================
Received Import Request.
  Time of request: 2026-10-09T14:09:47.503895Z
  Time since last request: 0.000225401 seconds.
  importAddress: GUID: e1e64e28e7631534d8408668bcb82502 - Path: Packages/com.unity.collab-proxy/Editor/Assets/Images/d_iconlabel.png - Importer: ScriptedImporter/UnityEditor.QuickSearchModule:UnityEditor.Search:ASIAI0B
Importing 'GUID: e1e64e28e7631534d8408668bcb82502 - Path: Packages/com.unity.collab-proxy/Editor/Assets/Images/d_iconlabel.png - Importer: ScriptedImporter/UnityEditor.QuickSearchModule:UnityEditor.Search:ASIAI0B' with importer (ScriptedImporter : UnityEditor.QuickSearchModule:UnityEditor.Search:ASIAI0B)
Imported 'GUID: e1e64e28e7631534d8408668bcb82502' -> (Import Result ID: 'c36c3be4e3b0ea24704f565054fecf60') in 0.003 seconds [static and dynamic dependencies]. Details - ImportResultOutputID=b62c2ef112522f6cd2bfba28bc40cba4 DependenciesID=1a155a310e785c19e5be49c39f71a09c StaticDependenciesID=2e294c6f834714467f1534e8b183ddac 
Number of updated asset objects reloaded before import = 0
Number of asset objects unloaded after import = 3
========================================================================
Received Import Request.
  Time of request: 2026-10-09T14:09:47.514282Z
  Time since last request: 0.000272428 seconds.
  importAddress: GUID: f6ea7eb320af940f6ade67ef3befef89 - Path: Packages/com.unity.collab-proxy/Editor/Assets/Images/d_iconincomingchangesview.png - Importer: ScriptedImporter/UnityEditor.QuickSearchModule:UnityEditor.Search:ASIAI0B
Importing 'GUID: f6ea7eb320af940f6ade67ef3befef89 - Path: Packages/com.unity.collab-proxy/Editor/Assets/Images/d_iconincomingchangesview.png - Importer: ScriptedImporter/UnityEditor.QuickSearchModule:UnityEditor.Search:ASIAI0B' with importer (ScriptedImporter : UnityEditor.QuickSearchModule:UnityEditor.Search:ASIAI0B)
Imported 'GUID: f6ea7eb320af940f6ade67ef3befef89' -> (Import Result ID: '861dc484b4e1dcb56f3c8cf224fd8577') in 0.003 seconds [static and dynamic dependencies]. Details - ImportResultOutputID=fedbb9594945004c32bdef94502b2002 DependenciesID=79f6aba9b12622ff1d6c5b28fa75be39 StaticDependenciesID=9fa21772aaa8d7dfb5342cec165caa65 
Number of updated asset objects reloaded before import = 0
Number of asset objects unloaded after import = 3
========================================================================
Received Import Request.
  Time of request: 2026-10-09T14:09:47.524727Z
  Time since last request: 0.00029435 seconds.
  importAddress: GUID: 079f562959995344baea4cd40a9ecea6 - Path: Packages/com.unity.collab-proxy/Editor/Assets/Images/d_iconignoredoverlay@2x.png - Importer: ScriptedImporter/UnityEditor.QuickSearchModule:UnityEditor.Search:ASIAI0B
Importing 'GUID: 079f562959995344baea4cd40a9ecea6 - Path: Packages/com.unity.collab-proxy/Editor/Assets/Images/d_iconignoredoverlay@2x.png - Importer: ScriptedImporter/UnityEditor.QuickSearchModule:UnityEditor.Search:ASIAI0B' with importer (ScriptedImporter : UnityEditor.QuickSearchModule:UnityEditor.Search:ASIAI0B)
Imported 'GUID: 079f562959995344baea4cd40a9ecea6' -> (Import Result ID: '19485b6579531fbd5b1ca02633615314') in 0.005 seconds [static and dynamic dependencies]. Details - ImportResultOutputID=148ba4de71efaecc4ed6e6c7e6b4439d DependenciesID=22601d99e76320ed5f89dc8ce9c7ad15 StaticDependenciesID=38c1ca960751de92a33cc5fc1140d5f0 
Number of updated asset objects reloaded before import = 0
Number of asset objects unloaded after import = 3
========================================================================
Received Import Request.
  Time of request: 2026-10-09T14:09:47.536723Z
  Time since last request: 0.000221533 seconds.
  importAddress: GUID: 43fe0cd0da17e47fc9e56f08a2415f65 - Path: Packages/com.unity.collab-proxy/Editor/Assets/Images/d_iconincomingchangesview@2x.png - Importer: ScriptedImporter/UnityEditor.QuickSearchModule:UnityEditor.Search:ASIAI0B
Importing 'GUID: 43fe0cd0da17e47fc9e56f08a2415f65 - Path: Packages/com.unity.collab-proxy/Editor/Assets/Images/d_iconincomingchangesview@2x.png - Importer: ScriptedImporter/UnityEditor.QuickSearchModule:UnityEditor.Search:ASIAI0B' with importer (ScriptedImporter : UnityEditor.QuickSearchModule:UnityEditor.Search:ASIAI0B)
Imported 'GUID: 43fe0cd0da17e47fc9e56f08a2415f65' -> (Import Result ID: 'a019fa02a89c8b841e9529a4fe5cd602') in 0.003 seconds [static and dynamic dependencies]. Details - ImportResultOutputID=291c4b18ed29d0aea9a80cb63168689c DependenciesID=b518caad045277c735c4de51ee74a1b7 StaticDependenciesID=971a32ad4b580cca5a4e2eaccf0bbaac 
Number of updated asset objects reloaded before import = 0
Number of asset objects unloaded after import = 3
========================================================================
Received Import Request.
  Time of request: 2026-10-09T14:09:47.546673Z
  Time since last request: 0.000193942 seconds.
  importAddress: GUID: f180c6addffab449cb6897ba994abec5 - Path: Packages/com.unity.collab-proxy/Editor/Assets/Images/d_iconplasticnotifypendingchangesandincoming.png - Importer: ScriptedImporter/UnityEditor.QuickSearchModule:UnityEditor.Search:ASIAI0B
Importing 'GUID: f180c6addffab449cb6897ba994abec5 - Path: Packages/com.unity.collab-proxy/Editor/Assets/Images/d_iconplasticnotifypendingchangesandincoming.png - Importer: ScriptedImporter/UnityEditor.QuickSearchModule:UnityEditor.Search:ASIAI0B' with importer (ScriptedImporter : UnityEditor.QuickSearchModule:UnityEditor.Search:ASIAI0B)
Imported 'GUID: f180c6addffab449cb6897ba994abec5' -> (Import Result ID: '789ea6a382824c8d9208f1837d12fd50') in 0.003 seconds [static and dynamic dependencies]. Details - ImportResultOutputID=e340e3b35bb315a13867541b73f272bc DependenciesID=83049e5eaecb7f478082e356d5162713 StaticDependenciesID=9524ef275cdfa73fd33c0b54c6aeee59 
Number of updated asset objects reloaded before import = 0
Number of asset objects unloaded after import = 3
========================================================================
Received Import Request.
  Time of request: 2026-10-09T14:09:47.557115Z
  Time since last request: 0.000219349 seconds.
  importAddress: GUID: 8219bbb48767b46e7b1588dad7f021aa - Path: Packages/com.unity.collab-proxy/Editor/Assets/Images/d_iconhistory.png - Importer: ScriptedImporter/UnityEditor.QuickSearchModule:UnityEditor.Search:ASIAI0B
Importing 'GUID: 8219bbb48767b46e7b1588dad7f021aa - Path: Packages/com.unity.collab-proxy/Editor/Assets/Images/d_iconhistory.png - Importer: ScriptedImporter/UnityEditor.QuickSearchModule:UnityEditor.Search:ASIAI0B' with importer (ScriptedImporter : UnityEditor.QuickSearchModule:UnityEditor.Search:ASIAI0B)
Imported 'GUID: 8219bbb48767b46e7b1588dad7f021aa' -> (Import Result ID: '71db1112900bd78059c297a6b8754213') in 0.003 seconds [static and dynamic dependencies]. Details - ImportResultOutputID=5184f2133ea2f9178ae43184416f3480 DependenciesID=e8a4bd2b45041ef77d0aa828ed00a2fb StaticDependenciesID=b25eaa639dba38d9d84bc37ef3b08e41 
Number of updated asset objects reloaded before import = 0
Number of asset objects unloaded after import = 3
========================================================================
Received Import Request.
  Time of request: 2026-10-09T14:09:47.567423Z
  Time since last request: 0.000272839 seconds.
  importAddress: GUID: 4a652ffb5816840768619c35903cb1fa - Path: Packages/com.unity.collab-proxy/Editor/Assets/Images/d_iconprivateoverlay.png - Importer: ScriptedImporter/UnityEditor.QuickSearchModule:UnityEditor.Search:ASIAI0B
Importing 'GUID: 4a652ffb5816840768619c35903cb1fa - Path: Packages/com.unity.collab-proxy/Editor/Assets/Images/d_iconprivateoverlay.png - Importer: ScriptedImporter/UnityEditor.QuickSearchModule:UnityEditor.Search:ASIAI0B' with importer (ScriptedImporter : UnityEditor.QuickSearchModule:UnityEditor.Search:ASIAI0B)
Imported 'GUID: 4a652ffb5816840768619c35903cb1fa' -> (Import Result ID: '5b8ea3067a1e470565d9e0f284d1ea71') in 0.003 seconds [static and dynamic dependencies]. Details - ImportResultOutputID=813037559a7144aceea0c08439272050 DependenciesID=4555b7c691d4a1016f5c10fafe02260c StaticDependenciesID=d72e59c3a92f0bb08e705c6893a2e84f 
Number of updated asset objects reloaded before import = 0
Number of asset objects unloaded after import = 3
========================================================================
Received Import Request.
  Time of request: 2026-10-09T14:09:47.577699Z
  Time since last request: 0.000256779 seconds.
  importAddress: GUID: 450a5bff12481484c862ad1ab592a858 - Path: Packages/com.unity.collab-proxy/Editor/Assets/Images/d_iconnext.png - Importer: ScriptedImporter/UnityEditor.QuickSearchModule:UnityEditor.Search:ASIAI0B
Importing 'GUID: 450a5bff12481484c862ad1ab592a858 - Path: Packages/com.unity.collab-proxy/Editor/Assets/Images/d_iconnext.png - Importer: ScriptedImporter/UnityEditor.QuickSearchModule:UnityEditor.Search:ASIAI0B' with importer (ScriptedImporter : UnityEditor.QuickSearchModule:UnityEditor.Search:ASIAI0B)
Imported 'GUID: 450a5bff12481484c862ad1ab592a858' -> (Import Result ID: '4ffc8ee3d1f866cdba5375d1f8a28d98') in 0.005 seconds [static and dynamic dependencies]. Details - ImportResultOutputID=f3fc57b82ca2469254a18d490a389681 DependenciesID=67c65bfd52b7bbb8e43cef764cc1e277 StaticDependenciesID=a0e29d57591ee47bdb75f70677f23ca9 
Number of updated asset objects reloaded before import = 0
Number of asset objects unloaded after import = 3
========================================================================
Received Import Request.
  Time of request: 2026-10-09T14:09:47.589591Z
  Time since last request: 0.000302645 seconds.
  importAddress: GUID: 51582ae5ea51fa14996791a550f89473 - Path: Packages/com.unity.collab-proxy/Editor/Assets/Images/d_iconplasticnotifyconflict.png - Importer: ScriptedImporter/UnityEditor.QuickSearchModule:UnityEditor.Search:ASIAI0B
Importing 'GUID: 51582ae5ea51fa14996791a550f89473 - Path: Packages/com.unity.collab-proxy/Editor/Assets/Images/d_iconplasticnotifyconflict.png - Importer: ScriptedImporter/UnityEditor.QuickSearchModule:UnityEditor.Search:ASIAI0B' with importer (ScriptedImporter : UnityEditor.QuickSearchModule:UnityEditor.Search:ASIAI0B)
Imported 'GUID: 51582ae5ea51fa14996791a550f89473' -> (Import Result ID: '9513a14f9123765f9dfde0a8438b9a10') in 0.004 seconds [static and dynamic dependencies]. Details - ImportResultOutputID=7e45e1d960c3a88a33f036a0356b529f DependenciesID=a6439004b80071aa3ccf15cd08b62939 StaticDependenciesID=015446ffdbda40abd4b17492a0637354 
Number of updated asset objects reloaded before import = 0
Number of asset objects unloaded after import = 1
========================================================================
Received Import Request.
  Time of request: 2026-10-09T14:09:47.61599Z
  Time since last request: 0.016136591 seconds.
  importAddress: GUID: 897c3a3f5c4038345a7143573bbb4a40 - Path: Packages/com.unity.collab-proxy/Editor/Assets/Images/d_step2.png - Importer: ScriptedImporter/UnityEditor.QuickSearchModule:UnityEditor.Search:ASIAI0B
Importing 'GUID: 897c3a3f5c4038345a7143573bbb4a40 - Path: Packages/com.unity.collab-proxy/Editor/Assets/Images/d_step2.png - Importer: ScriptedImporter/UnityEditor.QuickSearchModule:UnityEditor.Search:ASIAI0B' with importer (ScriptedImporter : UnityEditor.QuickSearchModule:UnityEditor.Search:ASIAI0B)
Imported 'GUID: 897c3a3f5c4038345a7143573bbb4a40' -> (Import Result ID: '6f47cedcb8ec01eaff970280e0154950') in 0.003 seconds [static and dynamic dependencies]. Details - ImportResultOutputID=f169919d0a28fc5e82b876ef2e3f948d DependenciesID=c7bf8ce77add223afaaffd42d11015ca StaticDependenciesID=8b43177df6e5353daf5ea9c734a6d809 
Number of updated asset objects reloaded before import = 0
Number of asset objects unloaded after import = 1
========================================================================
Received Import Request.
  Time of request: 2026-10-09T14:09:47.627045Z
  Time since last request: 0.000399746 seconds.
  importAddress: GUID: 59d17703fae374169bc28ce046728590 - Path: Packages/com.unity.collab-proxy/Editor/Assets/Images/iconchangesets@2x.png - Importer: ScriptedImporter/UnityEditor.QuickSearchModule:UnityEditor.Search:ASIAI0B
Importing 'GUID: 59d17703fae374169bc28ce046728590 - Path: Packages/com.unity.collab-proxy/Editor/Assets/Images/iconchangesets@2x.png - Importer: ScriptedImporter/UnityEditor.QuickSearchModule:UnityEditor.Search:ASIAI0B' with importer (ScriptedImporter : UnityEditor.QuickSearchModule:UnityEditor.Search:ASIAI0B)
Imported 'GUID: 59d17703fae374169bc28ce046728590' -> (Import Result ID: 'f28237880b406351d3924c997e249445') in 0.005 seconds [static and dynamic dependencies]. Details - ImportResultOutputID=bde1813df725d9f6aabb59ca56b63d4b DependenciesID=87b250b2913b073354a2428a361872c0 StaticDependenciesID=4043010817d11a0b51c33cfa0ece6eea 
Number of updated asset objects reloaded before import = 0
Number of asset objects unloaded after import = 3
========================================================================
Received Import Request.
  Time of request: 2026-10-09T14:09:47.639118Z
  Time since last request: 0.000151212 seconds.
  importAddress: GUID: be423a54b981d38428de82ad12534629 - Path: Packages/com.unity.collab-proxy/Editor/Assets/Images/d_stepok.png - Importer: ScriptedImporter/UnityEditor.QuickSearchModule:UnityEditor.Search:ASIAI0B
Importing 'GUID: be423a54b981d38428de82ad12534629 - Path: Packages/com.unity.collab-proxy/Editor/Assets/Images/d_stepok.png - Importer: ScriptedImporter/UnityEditor.QuickSearchModule:UnityEditor.Search:ASIAI0B' with importer (ScriptedImporter : UnityEditor.QuickSearchModule:UnityEditor.Search:ASIAI0B)
Imported 'GUID: be423a54b981d38428de82ad12534629' -> (Import Result ID: 'ce16e9c0747b6d18b0d11a50b6ed6960') in 0.004 seconds [static and dynamic dependencies]. Details - ImportResultOutputID=1a35b9f965f944399a85c4fca3c71adc DependenciesID=6f65697c8b960437abdea96431460c73 StaticDependenciesID=b9ec9f8b8558be2ab1fa4563d84ef806 
Number of updated asset objects reloaded before import = 0
Number of asset objects unloaded after import = 1
========================================================================
Received Import Request.
  Time of request: 2026-10-09T14:09:47.650241Z
  Time since last request: 0.000226372 seconds.
  importAddress: GUID: c9ed6d6ea2f9657409bfa068d4846139 - Path: Packages/com.unity.collab-proxy/Editor/Assets/Images/d_step3@2x.png - Importer: ScriptedImporter/UnityEditor.QuickSearchModule:UnityEditor.Search:ASIAI0B
Importing 'GUID: c9ed6d6ea2f9657409bfa068d4846139 - Path: Packages/com.unity.collab-proxy/Editor/Assets/Images/d_step3@2x.png - Importer: ScriptedImporter/UnityEditor.QuickSearchModule:UnityEditor.Search:ASIAI0B' with importer (ScriptedImporter : UnityEditor.QuickSearchModule:UnityEditor.Search:ASIAI0B)
Imported 'GUID: c9ed6d6ea2f9657409bfa068d4846139' -> (Import Result ID: 'a89e51ded39c99cc942f4bd43c7b7ae2') in 0.003 seconds [static and dynamic dependencies]. Details - ImportResultOutputID=4b91b97a743aef55d03167633a4f225b DependenciesID=ad6e11aa5a5539c3c1aeeb9b03c5b9ac StaticDependenciesID=90fedc7044fc1a8ad8709a581ff74b8b 
Number of updated asset objects reloaded before import = 0
Number of asset objects unloaded after import = 1
========================================================================
Received Import Request.
  Time of request: 2026-10-09T14:09:47.661109Z
  Time since last request: 0.000219821 seconds.
  importAddress: GUID: a57d0bc93481bd844af3c2236db044f2 - Path: Packages/com.unity.collab-proxy/Editor/Assets/Images/iconaddedoverlay.png - Importer: ScriptedImporter/UnityEditor.QuickSearchModule:UnityEditor.Search:ASIAI0B
Importing 'GUID: a57d0bc93481bd844af3c2236db044f2 - Path: Packages/com.unity.collab-proxy/Editor/Assets/Images/iconaddedoverlay.png - Importer: ScriptedImporter/UnityEditor.QuickSearchModule:UnityEditor.Search:ASIAI0B' with importer (ScriptedImporter : UnityEditor.QuickSearchModule:UnityEditor.Search:ASIAI0B)
Imported 'GUID: a57d0bc93481bd844af3c2236db044f2' -> (Import Result ID: '00c78395c1f144a60a8b2fc08d9a7ad3') in 0.007 seconds [static and dynamic dependencies]. Details - ImportResultOutputID=4d9fc2526eaf703ffdaf100d377b1538 DependenciesID=68f49be016c8b43720cf9f0dc2d94712 StaticDependenciesID=66c4d98a747af8cb9d6731951a008f2b 
Number of updated asset objects reloaded before import = 0
Number of asset objects unloaded after import = 3
========================================================================
Received Import Request.
  Time of request: 2026-10-09T14:09:47.675576Z
  Time since last request: 0.000205663 seconds.
  importAddress: GUID: 309b1d5a294fd6c43ae9cf77656c1852 - Path: Packages/com.unity.collab-proxy/Editor/Assets/Images/iconconflictresolvedoverlay@2x.png - Importer: ScriptedImporter/UnityEditor.QuickSearchModule:UnityEditor.Search:ASIAI0B
Importing 'GUID: 309b1d5a294fd6c43ae9cf77656c1852 - Path: Packages/com.unity.collab-proxy/Editor/Assets/Images/iconconflictresolvedoverlay@2x.png - Importer: ScriptedImporter/UnityEditor.QuickSearchModule:UnityEditor.Search:ASIAI0B' with importer (ScriptedImporter : UnityEditor.QuickSearchModule:UnityEditor.Search:ASIAI0B)
Imported 'GUID: 309b1d5a294fd6c43ae9cf77656c1852' -> (Import Result ID: 'ae1b87cc5915922fe32b8cea621ced3f') in 0.004 seconds [static and dynamic dependencies]. Details - ImportResultOutputID=cdbdc1d634ea9ec9427f8990993eee19 DependenciesID=b7cfe60547604f93ee25b6a2af51507b StaticDependenciesID=b595ba1d321018a63e3ed2885207f4ee 
Number of updated asset objects reloaded before import = 0
Number of asset objects unloaded after import = 1
========================================================================
Received Import Request.
  Time of request: 2026-10-09T14:09:47.690044Z
  Time since last request: 0.000335847 seconds.
  importAddress: GUID: 13527793884104b46b7446fd7464c3ed - Path: Packages/com.unity.collab-proxy/Editor/Assets/Images/iconclosebutton.png - Importer: ScriptedImporter/UnityEditor.QuickSearchModule:UnityEditor.Search:ASIAI0B
Importing 'GUID: 13527793884104b46b7446fd7464c3ed - Path: Packages/com.unity.collab-proxy/Editor/Assets/Images/iconclosebutton.png - Importer: ScriptedImporter/UnityEditor.QuickSearchModule:UnityEditor.Search:ASIAI0B' with importer (ScriptedImporter : UnityEditor.QuickSearchModule:UnityEditor.Search:ASIAI0B)
Imported 'GUID: 13527793884104b46b7446fd7464c3ed' -> (Import Result ID: 'f4b8d25a084eb61e9893edee38ea8e97') in 0.004 seconds [static and dynamic dependencies]. Details - ImportResultOutputID=52c6698509444b0235e7b10ad71222f1 DependenciesID=8ff950064b12e8c65c3913ae014dfafa StaticDependenciesID=fe86e10f13885989c9b6eaed6645ffa6 
Number of updated asset objects reloaded before import = 0
Number of asset objects unloaded after import = 1
========================================================================
Received Import Request.
  Time of request: 2026-10-09T14:09:47.703279Z
  Time since last request: 0.000293949 seconds.
  importAddress: GUID: d1c88f142eee55b4eb2b2cfd7b3624ce - Path: Packages/com.unity.collab-proxy/Editor/Assets/Images/iconconflicted.png - Importer: ScriptedImporter/UnityEditor.QuickSearchModule:UnityEditor.Search:ASIAI0B
Importing 'GUID: d1c88f142eee55b4eb2b2cfd7b3624ce - Path: Packages/com.unity.collab-proxy/Editor/Assets/Images/iconconflicted.png - Importer: ScriptedImporter/UnityEditor.QuickSearchModule:UnityEditor.Search:ASIAI0B' with importer (ScriptedImporter : UnityEditor.QuickSearchModule:UnityEditor.Search:ASIAI0B)
Imported 'GUID: d1c88f142eee55b4eb2b2cfd7b3624ce' -> (Import Result ID: '9aca2a36219ea6619a88405cd4b9aded') in 0.004 seconds [static and dynamic dependencies]. Details - ImportResultOutputID=c2385a67a9430997b1c2afcf23feb829 DependenciesID=1c786da1e36419bc71f6880c4398dbe3 StaticDependenciesID=e2f99a222df8b489ba9cd8ae30ab22b7 
Number of updated asset objects reloaded before import = 0
Number of asset objects unloaded after import = 1
========================================================================
Received Import Request.
  Time of request: 2026-10-09T14:09:47.717545Z
  Time since last request: 0.000320698 seconds.
  importAddress: GUID: 9b17bb516dcde4f24a6183d3f09501e4 - Path: Packages/com.unity.collab-proxy/Editor/Assets/Images/d_iconzoomtofit.png - Importer: ScriptedImporter/UnityEditor.QuickSearchModule:UnityEditor.Search:ASIAI0B
Importing 'GUID: 9b17bb516dcde4f24a6183d3f09501e4 - Path: Packages/com.unity.collab-proxy/Editor/Assets/Images/d_iconzoomtofit.png - Importer: ScriptedImporter/UnityEditor.QuickSearchModule:UnityEditor.Search:ASIAI0B' with importer (ScriptedImporter : UnityEditor.QuickSearchModule:UnityEditor.Search:ASIAI0B)
Imported 'GUID: 9b17bb516dcde4f24a6183d3f09501e4' -> (Import Result ID: '7f7a768dbbe9c580ff68853ea818a008') in 0.004 seconds [static and dynamic dependencies]. Details - ImportResultOutputID=b36289ad830b6a37e1704f35d148f2fd DependenciesID=be45ef461cc8d6c5d39379dcdb0df376 StaticDependenciesID=d143314b240e1011494319aeb45a46f2 
Number of updated asset objects reloaded before import = 0
Number of asset objects unloaded after import = 3
========================================================================
Received Import Request.
  Time of request: 2026-10-09T14:09:47.729261Z
  Time since last request: 0.000164356 seconds.
  importAddress: GUID: c5d82e0b4fbcf42539ceffc642e631ce - Path: Packages/com.unity.collab-proxy/Editor/Assets/Images/iconchangesets.png - Importer: ScriptedImporter/UnityEditor.QuickSearchModule:UnityEditor.Search:ASIAI0B
Importing 'GUID: c5d82e0b4fbcf42539ceffc642e631ce - Path: Packages/com.unity.collab-proxy/Editor/Assets/Images/iconchangesets.png - Importer: ScriptedImporter/UnityEditor.QuickSearchModule:UnityEditor.Search:ASIAI0B' with importer (ScriptedImporter : UnityEditor.QuickSearchModule:UnityEditor.Search:ASIAI0B)
Imported 'GUID: c5d82e0b4fbcf42539ceffc642e631ce' -> (Import Result ID: 'a5820dda705ca9c380c06330c923a02b') in 0.007 seconds [static and dynamic dependencies]. Details - ImportResultOutputID=7c1ba54e8a73553b531d24f3404c8273 DependenciesID=8c05f5a932d7fc85404ac30471f70dc6 StaticDependenciesID=f63fed6159434ce2e1a208c9fe526f27 
Number of updated asset objects reloaded before import = 0
Number of asset objects unloaded after import = 3
========================================================================
Received Import Request.
  Time of request: 2026-10-09T14:09:47.743592Z
  Time since last request: 0.000376242 seconds.
  importAddress: GUID: 3999034958d54364da380a8839a11050 - Path: Packages/com.unity.collab-proxy/Editor/Assets/Images/iconcheckedoutlocaloverlay@2x.png - Importer: ScriptedImporter/UnityEditor.QuickSearchModule:UnityEditor.Search:ASIAI0B
Importing 'GUID: 3999034958d54364da380a8839a11050 - Path: Packages/com.unity.collab-proxy/Editor/Assets/Images/iconcheckedoutlocaloverlay@2x.png - Importer: ScriptedImporter/UnityEditor.QuickSearchModule:UnityEditor.Search:ASIAI0B' with importer (ScriptedImporter : UnityEditor.QuickSearchModule:UnityEditor.Search:ASIAI0B)
Imported 'GUID: 3999034958d54364da380a8839a11050' -> (Import Result ID: '77d54dfdf4210bace23acf18b3b02b62') in 0.005 seconds [static and dynamic dependencies]. Details - ImportResultOutputID=e1c61c83ed635855ee7063ffab99201b DependenciesID=eabefa63b03dd874036c7fd9f23611dd StaticDependenciesID=90265c7509ccffe012c65d1e6fd2598c 
Number of updated asset objects reloaded before import = 0
Number of asset objects unloaded after import = 1
========================================================================
Received Import Request.
  Time of request: 2026-10-09T14:09:47.757234Z
  Time since last request: 0.000210583 seconds.
  importAddress: GUID: 46930b20180b59e46b73494adf53abbb - Path: Packages/com.unity.collab-proxy/Editor/Assets/Images/d_step3.png - Importer: ScriptedImporter/UnityEditor.QuickSearchModule:UnityEditor.Search:ASIAI0B
Importing 'GUID: 46930b20180b59e46b73494adf53abbb - Path: Packages/com.unity.collab-proxy/Editor/Assets/Images/d_step3.png - Importer: ScriptedImporter/UnityEditor.QuickSearchModule:UnityEditor.Search:ASIAI0B' with importer (ScriptedImporter : UnityEditor.QuickSearchModule:UnityEditor.Search:ASIAI0B)
Imported 'GUID: 46930b20180b59e46b73494adf53abbb' -> (Import Result ID: '5422754573d4b337318f878638739fb3') in 0.004 seconds [static and dynamic dependencies]. Details - ImportResultOutputID=84be853c92e0a65aa080decef7c3b080 DependenciesID=3eb6c87f8e75ad0e0cab90c068042b72 StaticDependenciesID=f638ea6c944d0eb41ba3205b424a9981 
Number of updated asset objects reloaded before import = 0
Number of asset objects unloaded after import = 1
========================================================================
Received Import Request.
  Time of request: 2026-10-09T14:09:47.770702Z
  Time since last request: 0.000486638 seconds.
  importAddress: GUID: 6a9d211bea1bc4a429d86cbb2d0b0a3e - Path: Packages/com.unity.collab-proxy/Editor/Assets/Images/d_secondarytabclosehover.png - Importer: ScriptedImporter/UnityEditor.QuickSearchModule:UnityEditor.Search:ASIAI0B
Importing 'GUID: 6a9d211bea1bc4a429d86cbb2d0b0a3e - Path: Packages/com.unity.collab-proxy/Editor/Assets/Images/d_secondarytabclosehover.png - Importer: ScriptedImporter/UnityEditor.QuickSearchModule:UnityEditor.Search:ASIAI0B' with importer (ScriptedImporter : UnityEditor.QuickSearchModule:UnityEditor.Search:ASIAI0B)
Imported 'GUID: 6a9d211bea1bc4a429d86cbb2d0b0a3e' -> (Import Result ID: '66d75b043a6a9f4d6e44cbdc6995335e') in 0.004 seconds [static and dynamic dependencies]. Details - ImportResultOutputID=ea070388d2a9f15302b40ddc77c1be4d DependenciesID=f115180fb0dd9f8a18108cbd76d19936 StaticDependenciesID=eb42981370ac70d255720eecdb238fa3 
Number of updated asset objects reloaded before import = 0
Number of asset objects unloaded after import = 1
========================================================================
Received Import Request.
  Time of request: 2026-10-09T14:09:47.783455Z
  Time since last request: 0.000388786 seconds.
  importAddress: GUID: d58e94bfb1bac774dbb8ca9c2597ef2e - Path: Packages/com.unity.collab-proxy/Editor/Assets/Images/d_loading.png - Importer: ScriptedImporter/UnityEditor.QuickSearchModule:UnityEditor.Search:ASIAI0B
Importing 'GUID: d58e94bfb1bac774dbb8ca9c2597ef2e - Path: Packages/com.unity.collab-proxy/Editor/Assets/Images/d_loading.png - Importer: ScriptedImporter/UnityEditor.QuickSearchModule:UnityEditor.Search:ASIAI0B' with importer (ScriptedImporter : UnityEditor.QuickSearchModule:UnityEditor.Search:ASIAI0B)
Imported 'GUID: d58e94bfb1bac774dbb8ca9c2597ef2e' -> (Import Result ID: 'c2c9b0ae4c3066570373cfb3bf060ff3') in 0.004 seconds [static and dynamic dependencies]. Details - ImportResultOutputID=41fee948914353ddcc30598549c399ab DependenciesID=ae9225ce3c7af0274cc0bf3f7f6e50f1 StaticDependenciesID=b4825ca30f7a463a66f78991d7ab99eb 
Number of updated asset objects reloaded before import = 0
Number of asset objects unloaded after import = 1
========================================================================
Received Import Request.
  Time of request: 2026-10-09T14:09:47.796612Z
  Time since last request: 0.000396009 seconds.
  importAddress: GUID: cd221d2235472c94491e607ae42942dd - Path: Packages/com.unity.collab-proxy/Editor/Assets/Images/icondeletedlocaloverlay.png - Importer: ScriptedImporter/UnityEditor.QuickSearchModule:UnityEditor.Search:ASIAI0B
Importing 'GUID: cd221d2235472c94491e607ae42942dd - Path: Packages/com.unity.collab-proxy/Editor/Assets/Images/icondeletedlocaloverlay.png - Importer: ScriptedImporter/UnityEditor.QuickSearchModule:UnityEditor.Search:ASIAI0B' with importer (ScriptedImporter : UnityEditor.QuickSearchModule:UnityEditor.Search:ASIAI0B)
Imported 'GUID: cd221d2235472c94491e607ae42942dd' -> (Import Result ID: '7674ac544e63aabf455c543842c2a13c') in 0.004 seconds [static and dynamic dependencies]. Details - ImportResultOutputID=88fa5a78b345be9478882862129003d6 DependenciesID=8038c04022cbefb59824dbe20a8c5926 StaticDependenciesID=888eef049922624b0ffb0e70df5fd12c 
Number of updated asset objects reloaded before import = 0
Number of asset objects unloaded after import = 3
========================================================================
Received Import Request.
  Time of request: 2026-10-09T14:09:47.809014Z
  Time since last request: 0.000473764 seconds.
  importAddress: GUID: 425970578f3342a43b40545d1ac8a25d - Path: Packages/com.unity.collab-proxy/Editor/Assets/Images/iconbranch@2x.png - Importer: ScriptedImporter/UnityEditor.QuickSearchModule:UnityEditor.Search:ASIAI0B
Importing 'GUID: 425970578f3342a43b40545d1ac8a25d - Path: Packages/com.unity.collab-proxy/Editor/Assets/Images/iconbranch@2x.png - Importer: ScriptedImporter/UnityEditor.QuickSearchModule:UnityEditor.Search:ASIAI0B' with importer (ScriptedImporter : UnityEditor.QuickSearchModule:UnityEditor.Search:ASIAI0B)
Imported 'GUID: 425970578f3342a43b40545d1ac8a25d' -> (Import Result ID: 'c32f864b0a1c75a6d89c91c06303b755') in 0.008 seconds [static and dynamic dependencies]. Details - ImportResultOutputID=54ffefc15dca5903a52cc3040b8e6661 DependenciesID=e4223eea5aa1acfe64850f6b7df1e7db StaticDependenciesID=8001cf59ec4b44b81a3383ea0a893cf5 
Number of updated asset objects reloaded before import = 0
Number of asset objects unloaded after import = 3
========================================================================
Received Import Request.
  Time of request: 2026-10-09T14:09:47.825035Z
  Time since last request: 0.000071544 seconds.
  importAddress: GUID: 320a7c2756434dc43b9ecca2585168b2 - Path: Packages/com.unity.collab-proxy/Editor/Assets/Images/d_iconzoomout@2x.png - Importer: ScriptedImporter/UnityEditor.QuickSearchModule:UnityEditor.Search:ASIAI0B
Importing 'GUID: 320a7c2756434dc43b9ecca2585168b2 - Path: Packages/com.unity.collab-proxy/Editor/Assets/Images/d_iconzoomout@2x.png - Importer: ScriptedImporter/UnityEditor.QuickSearchModule:UnityEditor.Search:ASIAI0B' with importer (ScriptedImporter : UnityEditor.QuickSearchModule:UnityEditor.Search:ASIAI0B)
Imported 'GUID: 320a7c2756434dc43b9ecca2585168b2' -> (Import Result ID: '811c1bd57550400a39fe7b1d25405cc4') in 0.006 seconds [static and dynamic dependencies]. Details - ImportResultOutputID=ab1ae61ea701ee9cdafd539bd0464f66 DependenciesID=c734db0feff41cfd69d8293bf2264cf7 StaticDependenciesID=4bce7393d97732f587e5215625e99797 
Number of updated asset objects reloaded before import = 0
Number of asset objects unloaded after import = 3
========================================================================
Received Import Request.
  Time of request: 2026-10-09T14:09:47.840858Z
  Time since last request: 0.000220632 seconds.
  importAddress: GUID: 92b8c447daf4d4b41a0ec148d1091261 - Path: Packages/com.unity.collab-proxy/Editor/Assets/Images/d_refresh.png - Importer: ScriptedImporter/UnityEditor.QuickSearchModule:UnityEditor.Search:ASIAI0B
Importing 'GUID: 92b8c447daf4d4b41a0ec148d1091261 - Path: Packages/com.unity.collab-proxy/Editor/Assets/Images/d_refresh.png - Importer: ScriptedImporter/UnityEditor.QuickSearchModule:UnityEditor.Search:ASIAI0B' with importer (ScriptedImporter : UnityEditor.QuickSearchModule:UnityEditor.Search:ASIAI0B)
Imported 'GUID: 92b8c447daf4d4b41a0ec148d1091261' -> (Import Result ID: '0a33ff709d02e84ae7f30e65259e04e6') in 0.004 seconds [static and dynamic dependencies]. Details - ImportResultOutputID=c01ec16200a234ded61feb42d36e15cb DependenciesID=9b4908a5499f02e31701d4d1972d5e2b StaticDependenciesID=eaec3754c57d8e09f6fdd51d7af0623e 
Number of updated asset objects reloaded before import = 0
Number of asset objects unloaded after import = 1
========================================================================
Received Import Request.
  Time of request: 2026-10-09T14:09:47.854274Z
  Time since last request: 0.000249576 seconds.
  importAddress: GUID: 70e3ce8ad01f39248a3ea97a35bcf238 - Path: Packages/com.unity.collab-proxy/Editor/Assets/Images/icondeletedremote@2x.png - Importer: ScriptedImporter/UnityEditor.QuickSearchModule:UnityEditor.Search:ASIAI0B
Importing 'GUID: 70e3ce8ad01f39248a3ea97a35bcf238 - Path: Packages/com.unity.collab-proxy/Editor/Assets/Images/icondeletedremote@2x.png - Importer: ScriptedImporter/UnityEditor.QuickSearchModule:UnityEditor.Search:ASIAI0B' with importer (ScriptedImporter : UnityEditor.QuickSearchModule:UnityEditor.Search:ASIAI0B)
Imported 'GUID: 70e3ce8ad01f39248a3ea97a35bcf238' -> (Import Result ID: '53cf760d65258f2fbbfd8bac4638c932') in 0.004 seconds [static and dynamic dependencies]. Details - ImportResultOutputID=ed5bacf2ece8bf542c7a3eed5da0261b DependenciesID=7cdb8e2c59dd49b1a66662f0cb69e10e StaticDependenciesID=1d8515a8d3f1726dfaaa65de5a94a09a 
Number of updated asset objects reloaded before import = 0
Number of asset objects unloaded after import = 1
========================================================================
Received Import Request.
  Time of request: 2026-10-09T14:09:47.866043Z
  Time since last request: 0.000350525 seconds.
  importAddress: GUID: 5679a74364f6b4440ab7e7aed55cd95e - Path: Packages/com.unity.collab-proxy/Editor/Assets/Images/iconconflictedoverlay@2x.png - Importer: ScriptedImporter/UnityEditor.QuickSearchModule:UnityEditor.Search:ASIAI0B
Importing 'GUID: 5679a74364f6b4440ab7e7aed55cd95e - Path: Packages/com.unity.collab-proxy/Editor/Assets/Images/iconconflictedoverlay@2x.png - Importer: ScriptedImporter/UnityEditor.QuickSearchModule:UnityEditor.Search:ASIAI0B' with importer (ScriptedImporter : UnityEditor.QuickSearchModule:UnityEditor.Search:ASIAI0B)
Imported 'GUID: 5679a74364f6b4440ab7e7aed55cd95e' -> (Import Result ID: '5a88f90d5f3296495712082d50aca25d') in 0.004 seconds [static and dynamic dependencies]. Details - ImportResultOutputID=48b251e1ced4a6785042f857831b10a6 DependenciesID=6f24294e79ec63a3935e0174ac0c3534 StaticDependenciesID=ebbd26d9881e7c1546727531acc71cf1 
Number of updated asset objects reloaded before import = 0
Number of asset objects unloaded after import = 1
========================================================================
Received Import Request.
  Time of request: 2026-10-09T14:09:47.877742Z
  Time since last request: 0.000527184 seconds.
  importAddress: GUID: 503a763cc33a6854c86d736c5dd2515c - Path: Packages/com.unity.collab-proxy/Editor/Assets/Images/iconconflictedoverlay.png - Importer: ScriptedImporter/UnityEditor.QuickSearchModule:UnityEditor.Search:ASIAI0B
Importing 'GUID: 503a763cc33a6854c86d736c5dd2515c - Path: Packages/com.unity.collab-proxy/Editor/Assets/Images/iconconflictedoverlay.png - Importer: ScriptedImporter/UnityEditor.QuickSearchModule:UnityEditor.Search:ASIAI0B' with importer (ScriptedImporter : UnityEditor.QuickSearchModule:UnityEditor.Search:ASIAI0B)
Imported 'GUID: 503a763cc33a6854c86d736c5dd2515c' -> (Import Result ID: '351b09c2e3c93c7314cc459eea3d1766') in 0.005 seconds [static and dynamic dependencies]. Details - ImportResultOutputID=0f7a66095791e9ff848326db3d71951d DependenciesID=da0fed2a6eb1a41a7ca8d8acc10cb036 StaticDependenciesID=5c289279492e05767cfd1a2b31111fb1 
Number of updated asset objects reloaded before import = 0
Number of asset objects unloaded after import = 3
========================================================================
Received Import Request.
  Time of request: 2026-10-09T14:09:47.905993Z
  Time since last request: 0.01547173 seconds.
  importAddress: GUID: 4cffcba66879d7a4a9da8554709e9825 - Path: Packages/com.unity.collab-proxy/Editor/Assets/Images/iconlockedremoteoverlay.png - Importer: ScriptedImporter/UnityEditor.QuickSearchModule:UnityEditor.Search:ASIAI0B
Importing 'GUID: 4cffcba66879d7a4a9da8554709e9825 - Path: Packages/com.unity.collab-proxy/Editor/Assets/Images/iconlockedremoteoverlay.png - Importer: ScriptedImporter/UnityEditor.QuickSearchModule:UnityEditor.Search:ASIAI0B' with importer (ScriptedImporter : UnityEditor.QuickSearchModule:UnityEditor.Search:ASIAI0B)
Imported 'GUID: 4cffcba66879d7a4a9da8554709e9825' -> (Import Result ID: '66374055f5be38f0451bf7861e5163f4') in 0.004 seconds [static and dynamic dependencies]. Details - ImportResultOutputID=0b038341d5d5df1beb947d9e4677190d DependenciesID=82d736a1a51b57b5a2108fd6d3dc8abc StaticDependenciesID=ffd15e8378fe745d08eef9fdee1ee53c 
Number of updated asset objects reloaded before import = 0
Number of asset objects unloaded after import = 3
========================================================================
Received Import Request.
  Time of request: 2026-10-09T14:09:47.916607Z
  Time since last request: 0.000584762 seconds.
  importAddress: GUID: bac66973cba57b842965eb95154fba7e - Path: Packages/com.unity.collab-proxy/Editor/Assets/Images/iconlockretained.png - Importer: ScriptedImporter/UnityEditor.QuickSearchModule:UnityEditor.Search:ASIAI0B
Importing 'GUID: bac66973cba57b842965eb95154fba7e - Path: Packages/com.unity.collab-proxy/Editor/Assets/Images/iconlockretained.png - Importer: ScriptedImporter/UnityEditor.QuickSearchModule:UnityEditor.Search:ASIAI0B' with importer (ScriptedImporter : UnityEditor.QuickSearchModule:UnityEditor.Search:ASIAI0B)
Imported 'GUID: bac66973cba57b842965eb95154fba7e' -> (Import Result ID: '7d932e70af9f66d14919ec2b3fbff0c9') in 0.004 seconds [static and dynamic dependencies]. Details - ImportResultOutputID=20c5b62d488ed8e22c245a91e5f127ac DependenciesID=20c2ebd9cc805f5b713abc611bf5c651 StaticDependenciesID=4ad004f5e0f849e0d8c4d4b9cc64f413 
Number of updated asset objects reloaded before import = 0
Number of asset objects unloaded after import = 3
========================================================================
Received Import Request.
  Time of request: 2026-10-09T14:09:47.927175Z
  Time since last request: 0.000238946 seconds.
  importAddress: GUID: 67e680da36c60e245ab0176daa656da5 - Path: Packages/com.unity.collab-proxy/Editor/Assets/Images/iconpackageupdateavailable@2x.png - Importer: ScriptedImporter/UnityEditor.QuickSearchModule:UnityEditor.Search:ASIAI0B
Importing 'GUID: 67e680da36c60e245ab0176daa656da5 - Path: Packages/com.unity.collab-proxy/Editor/Assets/Images/iconpackageupdateavailable@2x.png - Importer: ScriptedImporter/UnityEditor.QuickSearchModule:UnityEditor.Search:ASIAI0B' with importer (ScriptedImporter : UnityEditor.QuickSearchModule:UnityEditor.Search:ASIAI0B)
Imported 'GUID: 67e680da36c60e245ab0176daa656da5' -> (Import Result ID: '0ed2eebd4f52f2a23f2018b493062f50') in 0.004 seconds [static and dynamic dependencies]. Details - ImportResultOutputID=777b7131b1684096c0313062d87f85bd DependenciesID=d41e08081d8a11a133a56f3254a9bc90 StaticDependenciesID=2f0e3d2e3c58d27ba059ed330e67d15e 
Number of updated asset objects reloaded before import = 0
Number of asset objects unloaded after import = 3
========================================================================
Received Import Request.
  Time of request: 2026-10-09T14:09:47.938382Z
  Time since last request: 0.000400438 seconds.
  importAddress: GUID: da545229eea36164d8b8cba2f75a1143 - Path: Packages/com.unity.collab-proxy/Editor/Assets/Images/iconemptygravatar@2x.png - Importer: ScriptedImporter/UnityEditor.QuickSearchModule:UnityEditor.Search:ASIAI0B
Importing 'GUID: da545229eea36164d8b8cba2f75a1143 - Path: Packages/com.unity.collab-proxy/Editor/Assets/Images/iconemptygravatar@2x.png - Importer: ScriptedImporter/UnityEditor.QuickSearchModule:UnityEditor.Search:ASIAI0B' with importer (ScriptedImporter : UnityEditor.QuickSearchModule:UnityEditor.Search:ASIAI0B)
Imported 'GUID: da545229eea36164d8b8cba2f75a1143' -> (Import Result ID: '84531eb957fdb640982b79ed7a4b744a') in 0.003 seconds [static and dynamic dependencies]. Details - ImportResultOutputID=9240e5fd1e934fb3e4137d6401f5c46c DependenciesID=5d011b5fd943e3da315268ab2c8f8710 StaticDependenciesID=c6823a2824e0d852f21f29ed72352ee0 
Number of updated asset objects reloaded before import = 0
Number of asset objects unloaded after import = 1
========================================================================
Received Import Request.
  Time of request: 2026-10-09T14:09:47.94869Z
  Time since last request: 0.000419633 seconds.
  importAddress: GUID: 6d3f95684dd634b18aa9ab45b3e06cfd - Path: Packages/com.unity.collab-proxy/Editor/Assets/Images/iconlock.png - Importer: ScriptedImporter/UnityEditor.QuickSearchModule:UnityEditor.Search:ASIAI0B
Importing 'GUID: 6d3f95684dd634b18aa9ab45b3e06cfd - Path: Packages/com.unity.collab-proxy/Editor/Assets/Images/iconlock.png - Importer: ScriptedImporter/UnityEditor.QuickSearchModule:UnityEditor.Search:ASIAI0B' with importer (ScriptedImporter : UnityEditor.QuickSearchModule:UnityEditor.Search:ASIAI0B)
Imported 'GUID: 6d3f95684dd634b18aa9ab45b3e06cfd' -> (Import Result ID: '668247172f2ce1b47a303253d48f66a6') in 0.005 seconds [static and dynamic dependencies]. Details - ImportResultOutputID=ec005ad52960b1928be01dae98dd7e76 DependenciesID=9db6a0e075f381a39384ad67deaf050a StaticDependenciesID=8e7f1ae6d2953cb5568b22ed8b230206 
Number of updated asset objects reloaded before import = 0
Number of asset objects unloaded after import = 3
========================================================================
Received Import Request.
  Time of request: 2026-10-09T14:09:47.960242Z
  Time since last request: 0.000204242 seconds.
  importAddress: GUID: 91976e8b9ce0f0341838727acd55621c - Path: Packages/com.unity.collab-proxy/Editor/Assets/Images/iconemptygravatar.png - Importer: ScriptedImporter/UnityEditor.QuickSearchModule:UnityEditor.Search:ASIAI0B
Importing 'GUID: 91976e8b9ce0f0341838727acd55621c - Path: Packages/com.unity.collab-proxy/Editor/Assets/Images/iconemptygravatar.png - Importer: ScriptedImporter/UnityEditor.QuickSearchModule:UnityEditor.Search:ASIAI0B' with importer (ScriptedImporter : UnityEditor.QuickSearchModule:UnityEditor.Search:ASIAI0B)
Imported 'GUID: 91976e8b9ce0f0341838727acd55621c' -> (Import Result ID: '3c467760f66e058116ec99d343103ced') in 0.003 seconds [static and dynamic dependencies]. Details - ImportResultOutputID=4d539abfc4651a5e327c90412d4f66b3 DependenciesID=4c3a8e46c569f4ae40b2e4da76ee0c06 StaticDependenciesID=2e94ea603313d2c8d397c7fabe9255e0 
Number of updated asset objects reloaded before import = 0
Number of asset objects unloaded after import = 1
========================================================================
Received Import Request.
  Time of request: 2026-10-09T14:09:47.969965Z
  Time since last request: 0.000145883 seconds.
  importAddress: GUID: 08c1bc2a008284ed6987b801a480e64a - Path: Packages/com.unity.collab-proxy/Editor/Assets/Images/iconhistory@2x.png - Importer: ScriptedImporter/UnityEditor.QuickSearchModule:UnityEditor.Search:ASIAI0B
Importing 'GUID: 08c1bc2a008284ed6987b801a480e64a - Path: Packages/com.unity.collab-proxy/Editor/Assets/Images/iconhistory@2x.png - Importer: ScriptedImporter/UnityEditor.QuickSearchModule:UnityEditor.Search:ASIAI0B' with importer (ScriptedImporter : UnityEditor.QuickSearchModule:UnityEditor.Search:ASIAI0B)
Imported 'GUID: 08c1bc2a008284ed6987b801a480e64a' -> (Import Result ID: '53b0c43559c916ad12f55fe78a9cc131') in 0.003 seconds [static and dynamic dependencies]. Details - ImportResultOutputID=dd5d6ab1a6ce07ffeadd7a170cb3f3c5 DependenciesID=d518c9bba35750a044258a062c216773 StaticDependenciesID=fb8a03a56909634eb3e69d2971370353 
Number of updated asset objects reloaded before import = 0
Number of asset objects unloaded after import = 3
========================================================================
Received Import Request.
  Time of request: 2026-10-09T14:09:47.97961Z
  Time since last request: 0.000097051 seconds.
  importAddress: GUID: 1844d3d99090a0b43b60a5f1ff821467 - Path: Packages/com.unity.collab-proxy/Editor/Assets/Images/iconlockretained@2x.png - Importer: ScriptedImporter/UnityEditor.QuickSearchModule:UnityEditor.Search:ASIAI0B
Importing 'GUID: 1844d3d99090a0b43b60a5f1ff821467 - Path: Packages/com.unity.collab-proxy/Editor/Assets/Images/iconlockretained@2x.png - Importer: ScriptedImporter/UnityEditor.QuickSearchModule:UnityEditor.Search:ASIAI0B' with importer (ScriptedImporter : UnityEditor.QuickSearchModule:UnityEditor.Search:ASIAI0B)
Imported 'GUID: 1844d3d99090a0b43b60a5f1ff821467' -> (Import Result ID: 'c322ef6d85a2564640fc703d38eac190') in 0.003 seconds [static and dynamic dependencies]. Details - ImportResultOutputID=117ebd23e8f8a0ddafef51e4858a5d9f DependenciesID=f48e30bd3a60c12f35e617eb3c8f9eb9 StaticDependenciesID=992e57e115ad45cd9a9f61905b12ab66 
Number of updated asset objects reloaded before import = 0
Number of asset objects unloaded after import = 3
========================================================================
Received Import Request.
  Time of request: 2026-10-09T14:09:47.989753Z
  Time since last request: 0.000411508 seconds.
  importAddress: GUID: 8c6487f945627471fb8a5adb32901fe8 - Path: Packages/com.unity.collab-proxy/Editor/Assets/Images/iconfirst@2x.png - Importer: ScriptedImporter/UnityEditor.QuickSearchModule:UnityEditor.Search:ASIAI0B
Importing 'GUID: 8c6487f945627471fb8a5adb32901fe8 - Path: Packages/com.unity.collab-proxy/Editor/Assets/Images/iconfirst@2x.png - Importer: ScriptedImporter/UnityEditor.QuickSearchModule:UnityEditor.Search:ASIAI0B' with importer (ScriptedImporter : UnityEditor.QuickSearchModule:UnityEditor.Search:ASIAI0B)
Imported 'GUID: 8c6487f945627471fb8a5adb32901fe8' -> (Import Result ID: '469c3f7f625e8c99ef502a02a12a21b2') in 0.004 seconds [static and dynamic dependencies]. Details - ImportResultOutputID=747549f9a711bd2bf365b93532bbab0a DependenciesID=1945b375b232cb7ecbc7f4421da03539 StaticDependenciesID=75a0d54e81e348f16aa364f01f2452ee 
Number of updated asset objects reloaded before import = 0
Number of asset objects unloaded after import = 3
========================================================================
Received Import Request.
  Time of request: 2026-10-09T14:09:48.000296Z
  Time since last request: 0.000397862 seconds.
  importAddress: GUID: f73a7d8758d7be04588b15637d94b5a8 - Path: Packages/com.unity.collab-proxy/Editor/Assets/Images/iconlockedremoteoverlay@2x.png - Importer: ScriptedImporter/UnityEditor.QuickSearchModule:UnityEditor.Search:ASIAI0B
Importing 'GUID: f73a7d8758d7be04588b15637d94b5a8 - Path: Packages/com.unity.collab-proxy/Editor/Assets/Images/iconlockedremoteoverlay@2x.png - Importer: ScriptedImporter/UnityEditor.QuickSearchModule:UnityEditor.Search:ASIAI0B' with importer (ScriptedImporter : UnityEditor.QuickSearchModule:UnityEditor.Search:ASIAI0B)
Imported 'GUID: f73a7d8758d7be04588b15637d94b5a8' -> (Import Result ID: '14f60603777b014f2d1a4ee23c8b1eab') in 0.003 seconds [static and dynamic dependencies]. Details - ImportResultOutputID=a006ecb18bc51aed0aa21f7efdaf6b19 DependenciesID=0a5285eb81e57fe03b8045f6d2fb0b97 StaticDependenciesID=48368111e02221dc4afcc41dc121cce6 
Number of updated asset objects reloaded before import = 0
Number of asset objects unloaded after import = 1
========================================================================
Received Import Request.
  Time of request: 2026-10-09T14:09:48.010901Z
  Time since last request: 0.000382684 seconds.
  importAddress: GUID: fcbeb36f6ab89fb498ccbbc3bc2ef51c - Path: Packages/com.unity.collab-proxy/Editor/Assets/Images/iconignoredoverlay@2x.png - Importer: ScriptedImporter/UnityEditor.QuickSearchModule:UnityEditor.Search:ASIAI0B
Importing 'GUID: fcbeb36f6ab89fb498ccbbc3bc2ef51c - Path: Packages/com.unity.collab-proxy/Editor/Assets/Images/iconignoredoverlay@2x.png - Importer: ScriptedImporter/UnityEditor.QuickSearchModule:UnityEditor.Search:ASIAI0B' with importer (ScriptedImporter : UnityEditor.QuickSearchModule:UnityEditor.Search:ASIAI0B)
Imported 'GUID: fcbeb36f6ab89fb498ccbbc3bc2ef51c' -> (Import Result ID: 'a93f608cc9fcf158162b7d098a4f7237') in 0.005 seconds [static and dynamic dependencies]. Details - ImportResultOutputID=a503e1ddc724ea2dce04d046d8c970e3 DependenciesID=1466937883b1a3812290a3148bcff60d StaticDependenciesID=a4b24602bd7c5e7ec0206cac5d2eceab 
Number of updated asset objects reloaded before import = 0
Number of asset objects unloaded after import = 3
========================================================================
Received Import Request.
  Time of request: 2026-10-09T14:09:48.023216Z
  Time since last request: 0.000255016 seconds.
  importAddress: GUID: ae869fe6797f4454cbbf417d87ff637c - Path: Packages/com.unity.collab-proxy/Editor/Assets/Images/iconplasticnotifyincoming@2x.png - Importer: ScriptedImporter/UnityEditor.QuickSearchModule:UnityEditor.Search:ASIAI0B
Importing 'GUID: ae869fe6797f4454cbbf417d87ff637c - Path: Packages/com.unity.collab-proxy/Editor/Assets/Images/iconplasticnotifyincoming@2x.png - Importer: ScriptedImporter/UnityEditor.QuickSearchModule:UnityEditor.Search:ASIAI0B' with importer (ScriptedImporter : UnityEditor.QuickSearchModule:UnityEditor.Search:ASIAI0B)
Imported 'GUID: ae869fe6797f4454cbbf417d87ff637c' -> (Import Result ID: '5660737f09630f340bf2acee31c28fb8') in 0.003 seconds [static and dynamic dependencies]. Details - ImportResultOutputID=9c0b067825a4b6294307810021fb82da DependenciesID=e5e3065dce877f9972977cb2983403b7 StaticDependenciesID=db000ed16c8376327a56dffab55d9085 
Number of updated asset objects reloaded before import = 0
Number of asset objects unloaded after import = 1
========================================================================
Received Import Request.
  Time of request: 2026-10-09T14:09:48.033643Z
  Time since last request: 0.000432067 seconds.
  importAddress: GUID: 94fe868620119564f9474f40cd6145aa - Path: Packages/com.unity.collab-proxy/Editor/Assets/Images/iconpressedclosebutton.png - Importer: ScriptedImporter/UnityEditor.QuickSearchModule:UnityEditor.Search:ASIAI0B
Importing 'GUID: 94fe868620119564f9474f40cd6145aa - Path: Packages/com.unity.collab-proxy/Editor/Assets/Images/iconpressedclosebutton.png - Importer: ScriptedImporter/UnityEditor.QuickSearchModule:UnityEditor.Search:ASIAI0B' with importer (ScriptedImporter : UnityEditor.QuickSearchModule:UnityEditor.Search:ASIAI0B)
Imported 'GUID: 94fe868620119564f9474f40cd6145aa' -> (Import Result ID: '3cb371ba958e2995b46333cea7047161') in 0.003 seconds [static and dynamic dependencies]. Details - ImportResultOutputID=4fccea9074fadca759a9e6419ef6a983 DependenciesID=0937f34f96fb653fcb81522bc030bc4d StaticDependenciesID=45232eff34e6b47f40aab30d5b196d88 
Number of updated asset objects reloaded before import = 0
Number of asset objects unloaded after import = 1
========================================================================
Received Import Request.
  Time of request: 2026-10-09T14:09:48.044257Z
  Time since last request: 0.00040192 seconds.
  importAddress: GUID: f3e2797165e71b443bae6264899b89d6 - Path: Packages/com.unity.collab-proxy/Editor/Assets/Images/iconplasticnotifypendingchanges.png - Importer: ScriptedImporter/UnityEditor.QuickSearchModule:UnityEditor.Search:ASIAI0B
Importing 'GUID: f3e2797165e71b443bae6264899b89d6 - Path: Packages/com.unity.collab-proxy/Editor/Assets/Images/iconplasticnotifypendingchanges.png - Importer: ScriptedImporter/UnityEditor.QuickSearchModule:UnityEditor.Search:ASIAI0B' with importer (ScriptedImporter : UnityEditor.QuickSearchModule:UnityEditor.Search:ASIAI0B)
Imported 'GUID: f3e2797165e71b443bae6264899b89d6' -> (Import Result ID: '4f223fb21f84660d298ad7aadbe72890') in 0.004 seconds [static and dynamic dependencies]. Details - ImportResultOutputID=f82846ed2d88bcab8824ee1bf6842e45 DependenciesID=2c2099e2200c2e795c5ecb5101ec3b5e StaticDependenciesID=9265f93b88ef7d0b935be356753f5f28 
Number of updated asset objects reloaded before import = 0
Number of asset objects unloaded after import = 3
========================================================================
Received Import Request.
  Time of request: 2026-10-09T14:09:48.055062Z
  Time since last request: 0.000304418 seconds.
  importAddress: GUID: 76a05d2ec901a8b49a064fe0b0674ba7 - Path: Packages/com.unity.collab-proxy/Editor/Assets/Images/iconpendingchanges.png - Importer: ScriptedImporter/UnityEditor.QuickSearchModule:UnityEditor.Search:ASIAI0B
Importing 'GUID: 76a05d2ec901a8b49a064fe0b0674ba7 - Path: Packages/com.unity.collab-proxy/Editor/Assets/Images/iconpendingchanges.png - Importer: ScriptedImporter/UnityEditor.QuickSearchModule:UnityEditor.Search:ASIAI0B' with importer (ScriptedImporter : UnityEditor.QuickSearchModule:UnityEditor.Search:ASIAI0B)
Imported 'GUID: 76a05d2ec901a8b49a064fe0b0674ba7' -> (Import Result ID: '2b33f3cb3aa9355442494ee32a1b5e50') in 0.004 seconds [static and dynamic dependencies]. Details - ImportResultOutputID=6923d4437617ec73cdaf9479736c2327 DependenciesID=d8ac937dec71f48cfb6ba8348845e529 StaticDependenciesID=b19772137fa23530d3495e58148ff67b 
Number of updated asset objects reloaded before import = 0
Number of asset objects unloaded after import = 3
========================================================================
Received Import Request.
  Time of request: 2026-10-09T14:09:48.0661Z
  Time since last request: 0.000280825 seconds.
  importAddress: GUID: 52a825037e457964f9c91a99d4522f14 - Path: Packages/com.unity.collab-proxy/Editor/Assets/Images/iconignoredoverlay.png - Importer: ScriptedImporter/UnityEditor.QuickSearchModule:UnityEditor.Search:ASIAI0B
Importing 'GUID: 52a825037e457964f9c91a99d4522f14 - Path: Packages/com.unity.collab-proxy/Editor/Assets/Images/iconignoredoverlay.png - Importer: ScriptedImporter/UnityEditor.QuickSearchModule:UnityEditor.Search:ASIAI0B' with importer (ScriptedImporter : UnityEditor.QuickSearchModule:UnityEditor.Search:ASIAI0B)
Imported 'GUID: 52a825037e457964f9c91a99d4522f14' -> (Import Result ID: 'f6cc6dea2700c4b87031afc0e1e465ea') in 0.005 seconds [static and dynamic dependencies]. Details - ImportResultOutputID=861c34a17ea24f2feb6d66cc4af3f33f DependenciesID=971cef4deaf29da411f40b6c016d1a64 StaticDependenciesID=2a26e987223e10d060ef6a2ce8d695f9 
Number of updated asset objects reloaded before import = 0
Number of asset objects unloaded after import = 3
========================================================================
Received Import Request.
  Time of request: 2026-10-09T14:09:48.079954Z
  Time since last request: 0.000280023 seconds.
  importAddress: GUID: 4999348b6ce1c4d5fa3854f4e16dad48 - Path: Packages/com.unity.collab-proxy/Editor/Assets/Images/iconlast.png - Importer: ScriptedImporter/UnityEditor.QuickSearchModule:UnityEditor.Search:ASIAI0B
Importing 'GUID: 4999348b6ce1c4d5fa3854f4e16dad48 - Path: Packages/com.unity.collab-proxy/Editor/Assets/Images/iconlast.png - Importer: ScriptedImporter/UnityEditor.QuickSearchModule:UnityEditor.Search:ASIAI0B' with importer (ScriptedImporter : UnityEditor.QuickSearchModule:UnityEditor.Search:ASIAI0B)
Imported 'GUID: 4999348b6ce1c4d5fa3854f4e16dad48' -> (Import Result ID: '6daf6f6aa41856d3dc02189c8ea2d87e') in 0.004 seconds [static and dynamic dependencies]. Details - ImportResultOutputID=0a89984d594e3578586fde693ccf5c79 DependenciesID=119f694add1b94d0f83139f37275a95e StaticDependenciesID=62a20c5c01f6751c8bfd908b6b9c271c 
Number of updated asset objects reloaded before import = 0
Number of asset objects unloaded after import = 3
========================================================================
Received Import Request.
  Time of request: 2026-10-09T14:09:48.091209Z
  Time since last request: 0.000213138 seconds.
  importAddress: GUID: ba96945b6a1b743579931a87e98041fe - Path: Packages/com.unity.collab-proxy/Editor/Assets/Images/iconlock@2x.png - Importer: ScriptedImporter/UnityEditor.QuickSearchModule:UnityEditor.Search:ASIAI0B
Importing 'GUID: ba96945b6a1b743579931a87e98041fe - Path: Packages/com.unity.collab-proxy/Editor/Assets/Images/iconlock@2x.png - Importer: ScriptedImporter/UnityEditor.QuickSearchModule:UnityEditor.Search:ASIAI0B' with importer (ScriptedImporter : UnityEditor.QuickSearchModule:UnityEditor.Search:ASIAI0B)
Imported 'GUID: ba96945b6a1b743579931a87e98041fe' -> (Import Result ID: '84d7a30422422e21e13954bd223265b4') in 0.004 seconds [static and dynamic dependencies]. Details - ImportResultOutputID=810d1ca6f0cbf55254c511e9823f08bb DependenciesID=5d2b457405d1625d5cfaa3a16ea670f7 StaticDependenciesID=f8ab3bd4a6206ef08ef446f376d8ab47 
Number of updated asset objects reloaded before import = 0
Number of asset objects unloaded after import = 3
========================================================================
Received Import Request.
  Time of request: 2026-10-09T14:09:48.102044Z
  Time since last request: 0.000232334 seconds.
  importAddress: GUID: a916ed6819efd014588f58e3cfc48196 - Path: Packages/com.unity.collab-proxy/Editor/Assets/Images/iconplasticnotifyconflict.png - Importer: ScriptedImporter/UnityEditor.QuickSearchModule:UnityEditor.Search:ASIAI0B
Importing 'GUID: a916ed6819efd014588f58e3cfc48196 - Path: Packages/com.unity.collab-proxy/Editor/Assets/Images/iconplasticnotifyconflict.png - Importer: ScriptedImporter/UnityEditor.QuickSearchModule:UnityEditor.Search:ASIAI0B' with importer (ScriptedImporter : UnityEditor.QuickSearchModule:UnityEditor.Search:ASIAI0B)
Imported 'GUID: a916ed6819efd014588f58e3cfc48196' -> (Import Result ID: 'd1780be3a2229f172f74a01fcd9d045b') in 0.004 seconds [static and dynamic dependencies]. Details - ImportResultOutputID=d3555b9a50d6d3f7df7f0405fe400bd0 DependenciesID=9c6fb431f78992cf79bf73bd0828b45f StaticDependenciesID=47e96c32d802a8be794527a92e723139 
Number of updated asset objects reloaded before import = 0
Number of asset objects unloaded after import = 1
========================================================================
Received Import Request.
  Time of request: 2026-10-09T14:09:48.113305Z
  Time since last request: 0.000370221 seconds.
  importAddress: GUID: e4517bb2f521d99439ec9981a44a87ec - Path: Packages/com.unity.collab-proxy/Editor/Assets/Images/iconoutofsyncoverlay.png - Importer: ScriptedImporter/UnityEditor.QuickSearchModule:UnityEditor.Search:ASIAI0B
Importing 'GUID: e4517bb2f521d99439ec9981a44a87ec - Path: Packages/com.unity.collab-proxy/Editor/Assets/Images/iconoutofsyncoverlay.png - Importer: ScriptedImporter/UnityEditor.QuickSearchModule:UnityEditor.Search:ASIAI0B' with importer (ScriptedImporter : UnityEditor.QuickSearchModule:UnityEditor.Search:ASIAI0B)
Imported 'GUID: e4517bb2f521d99439ec9981a44a87ec' -> (Import Result ID: '934c018b42bc27b01e90a3c5a95d430f') in 0.004 seconds [static and dynamic dependencies]. Details - ImportResultOutputID=8df15f4de1272cbb84ef99611d4bb9bf DependenciesID=0941e63b00e3bbf289b433d0ef2c5b06 StaticDependenciesID=dfa83e97afb4f61703c4562d3f106923 
Number of updated asset objects reloaded before import = 0
Number of asset objects unloaded after import = 3
========================================================================
Received Import Request.
  Time of request: 2026-10-09T14:09:48.123823Z
  Time since last request: 0.000134852 seconds.
  importAddress: GUID: b6073d723b6ef3f429aa7e1d0f3db44f - Path: Packages/com.unity.collab-proxy/Editor/Assets/Images/iconlockedlocaloverlay.png - Importer: ScriptedImporter/UnityEditor.QuickSearchModule:UnityEditor.Search:ASIAI0B
Importing 'GUID: b6073d723b6ef3f429aa7e1d0f3db44f - Path: Packages/com.unity.collab-proxy/Editor/Assets/Images/iconlockedlocaloverlay.png - Importer: ScriptedImporter/UnityEditor.QuickSearchModule:UnityEditor.Search:ASIAI0B' with importer (ScriptedImporter : UnityEditor.QuickSearchModule:UnityEditor.Search:ASIAI0B)
Imported 'GUID: b6073d723b6ef3f429aa7e1d0f3db44f' -> (Import Result ID: '2453ca9933df5a69722c88a44378f9ec') in 0.005 seconds [static and dynamic dependencies]. Details - ImportResultOutputID=7cc1fdc45e1fd532d14de7e3a4c46ba1 DependenciesID=b0eb9708898b68d117329793faca05e3 StaticDependenciesID=accafc53527fc35411f01dd8f0505394 
Number of updated asset objects reloaded before import = 0
Number of asset objects unloaded after import = 3
========================================================================
Received Import Request.
  Time of request: 2026-10-09T14:09:48.135794Z
  Time since last request: 0.000261758 seconds.
  importAddress: GUID: d69b2503b822f4c3a95386e4bc0c8668 - Path: Packages/com.unity.collab-proxy/Editor/Assets/Images/iconprivateoverlay.png - Importer: ScriptedImporter/UnityEditor.QuickSearchModule:UnityEditor.Search:ASIAI0B
Importing 'GUID: d69b2503b822f4c3a95386e4bc0c8668 - Path: Packages/com.unity.collab-proxy/Editor/Assets/Images/iconprivateoverlay.png - Importer: ScriptedImporter/UnityEditor.QuickSearchModule:UnityEditor.Search:ASIAI0B' with importer (ScriptedImporter : UnityEditor.QuickSearchModule:UnityEditor.Search:ASIAI0B)
Imported 'GUID: d69b2503b822f4c3a95386e4bc0c8668' -> (Import Result ID: 'f7eec24d390fa0f14206988255df416d') in 0.006 seconds [static and dynamic dependencies]. Details - ImportResultOutputID=bf85f0de188d1ad3cc69afa0d3067e56 DependenciesID=0ef53045d429eca23ccf08447720ee03 StaticDependenciesID=38b83537b6ea0089864f6a4dcca4521d 
Number of updated asset objects reloaded before import = 0
Number of asset objects unloaded after import = 3
========================================================================
Received Import Request.
  Time of request: 2026-10-09T14:09:48.16673Z
  Time since last request: 0.017348333 seconds.
  importAddress: GUID: 7fff45d1f569c420b8f74192089db9b3 - Path: Packages/com.unity.collab-proxy/Editor/Assistant/Tools/CodeReviewTools.cs - Importer: ScriptedImporter/UnityEditor.QuickSearchModule:UnityEditor.Search:ASIAI0B
Importing 'GUID: 7fff45d1f569c420b8f74192089db9b3 - Path: Packages/com.unity.collab-proxy/Editor/Assistant/Tools/CodeReviewTools.cs - Importer: ScriptedImporter/UnityEditor.QuickSearchModule:UnityEditor.Search:ASIAI0B' with importer (ScriptedImporter : UnityEditor.QuickSearchModule:UnityEditor.Search:ASIAI0B)
Imported 'GUID: 7fff45d1f569c420b8f74192089db9b3' -> (Import Result ID: '875fda04a825015f1b6a7b0868931954') in 0.003 seconds [static and dynamic dependencies]. Details - ImportResultOutputID=cd075f6f8c24f4a38c84d5520900e36e DependenciesID=b940b5ca9132dc30bcf3ab6bc9bc169e StaticDependenciesID=5369540bdbd0832a87d6f2c9e9c73e23 
Number of updated asset objects reloaded before import = 0
Number of asset objects unloaded after import = 0
========================================================================
Received Import Request.
  Time of request: 2026-10-09T14:09:48.176938Z
  Time since last request: 0.000173463 seconds.
  importAddress: GUID: 20894f77802694ca2b9afb02a7388138 - Path: Packages/com.unity.collab-proxy/Editor/Assets/Images/iconprivateoverlay@2x.png - Importer: ScriptedImporter/UnityEditor.QuickSearchModule:UnityEditor.Search:ASIAI0B
Importing 'GUID: 20894f77802694ca2b9afb02a7388138 - Path: Packages/com.unity.collab-proxy/Editor/Assets/Images/iconprivateoverlay@2x.png - Importer: ScriptedImporter/UnityEditor.QuickSearchModule:UnityEditor.Search:ASIAI0B' with importer (ScriptedImporter : UnityEditor.QuickSearchModule:UnityEditor.Search:ASIAI0B)
Imported 'GUID: 20894f77802694ca2b9afb02a7388138' -> (Import Result ID: '037673315949a6650ba788a13497e936') in 0.005 seconds [static and dynamic dependencies]. Details - ImportResultOutputID=416824f6c7943204eeb7d6207b98e906 DependenciesID=6aac64e4695dc784607058fb7827bc2f StaticDependenciesID=f5fa6a8349d6b67f788839a623466909 
Number of updated asset objects reloaded before import = 0
Number of asset objects unloaded after import = 3
========================================================================
Received Import Request.
  Time of request: 2026-10-09T14:09:48.189451Z
  Time since last request: 0.000158726 seconds.
  importAddress: GUID: 0229db2477529f049aa3683cfba9d23b - Path: Packages/com.unity.collab-proxy/Editor/Assets/Layouts/SignInWithEmailPanel.uxml - Importer: ScriptedImporter/UnityEditor.QuickSearchModule:UnityEditor.Search:ASIAI0B
Importing 'GUID: 0229db2477529f049aa3683cfba9d23b - Path: Packages/com.unity.collab-proxy/Editor/Assets/Layouts/SignInWithEmailPanel.uxml - Importer: ScriptedImporter/UnityEditor.QuickSearchModule:UnityEditor.Search:ASIAI0B' with importer (ScriptedImporter : UnityEditor.QuickSearchModule:UnityEditor.Search:ASIAI0B)
Imported 'GUID: 0229db2477529f049aa3683cfba9d23b' -> (Import Result ID: '59a45f23e66a8e5f83083adc6a8c7c96') in 0.069 seconds [static and dynamic dependencies]. Details - ImportResultOutputID=0c2386d8c2b04082cd8f00d60c497489 DependenciesID=d0f9ba56a93d40a3852dcf96dad8105b StaticDependenciesID=9986157f2ca9357d1ee6bae1c36e7302 
Number of updated asset objects reloaded before import = 0
Number of asset objects unloaded after import = 2
========================================================================
Received Import Request.
  Time of request: 2026-10-09T14:09:48.264993Z
  Time since last request: 0.000145282 seconds.
  importAddress: GUID: 0727168a534af3641a8e744834225825 - Path: Packages/com.unity.collab-proxy/Editor/Assets/Images/iconzoomout.png - Importer: ScriptedImporter/UnityEditor.QuickSearchModule:UnityEditor.Search:ASIAI0B
Importing 'GUID: 0727168a534af3641a8e744834225825 - Path: Packages/com.unity.collab-proxy/Editor/Assets/Images/iconzoomout.png - Importer: ScriptedImporter/UnityEditor.QuickSearchModule:UnityEditor.Search:ASIAI0B' with importer (ScriptedImporter : UnityEditor.QuickSearchModule:UnityEditor.Search:ASIAI0B)
Imported 'GUID: 0727168a534af3641a8e744834225825' -> (Import Result ID: '2327006c07815a4a4b8f8a48c1850977') in 0.004 seconds [static and dynamic dependencies]. Details - ImportResultOutputID=30324bd7120ed9998941bb77401a914d DependenciesID=a660f081fbd30ebe40427aaa6cdd3a44 StaticDependenciesID=886c67f562a9a5f689c27d1b48bf1f70 
Number of updated asset objects reloaded before import = 0
Number of asset objects unloaded after import = 3
========================================================================
Received Import Request.
  Time of request: 2026-10-09T14:09:48.275825Z
  Time since last request: 0.000198621 seconds.
  importAddress: GUID: ed64f3a17f2ede646be21ed6edc9161a - Path: Packages/com.unity.collab-proxy/Editor/Assets/Images/iconrepository.png - Importer: ScriptedImporter/UnityEditor.QuickSearchModule:UnityEditor.Search:ASIAI0B
Importing 'GUID: ed64f3a17f2ede646be21ed6edc9161a - Path: Packages/com.unity.collab-proxy/Editor/Assets/Images/iconrepository.png - Importer: ScriptedImporter/UnityEditor.QuickSearchModule:UnityEditor.Search:ASIAI0B' with importer (ScriptedImporter : UnityEditor.QuickSearchModule:UnityEditor.Search:ASIAI0B)
Imported 'GUID: ed64f3a17f2ede646be21ed6edc9161a' -> (Import Result ID: '4eaa3d8706652be4b39078184287b878') in 0.003 seconds [static and dynamic dependencies]. Details - ImportResultOutputID=3968251dc8c7b17b24e69c8faafcabd4 DependenciesID=7e4dd2bbe24d24ca7cc42da46e35205e StaticDependenciesID=68e0fd4744124f87d60362eecf22c336 
Number of updated asset objects reloaded before import = 0
Number of asset objects unloaded after import = 1
========================================================================
Received Import Request.
  Time of request: 2026-10-09T14:09:48.28661Z
  Time since last request: 0.000340826 seconds.
  importAddress: GUID: bdf4f3d05dd541fa829ffa06bfbc8d0c - Path: Packages/com.unity.collab-proxy/Editor/Assets/Styles/Base.uss - Importer: ScriptedImporter/UnityEditor.QuickSearchModule:UnityEditor.Search:ASIAI0B
Importing 'GUID: bdf4f3d05dd541fa829ffa06bfbc8d0c - Path: Packages/com.unity.collab-proxy/Editor/Assets/Styles/Base.uss - Importer: ScriptedImporter/UnityEditor.QuickSearchModule:UnityEditor.Search:ASIAI0B' with importer (ScriptedImporter : UnityEditor.QuickSearchModule:UnityEditor.Search:ASIAI0B)
Imported 'GUID: bdf4f3d05dd541fa829ffa06bfbc8d0c' -> (Import Result ID: '983170f101414fcb62b477098d5266cb') in 0.010 seconds [static and dynamic dependencies]. Details - ImportResultOutputID=2a3bf9109d43cdf421e02d2aa8b22650 DependenciesID=cc12fbd6226ec323e7383f666802ef32 StaticDependenciesID=4a23fc4afda35d471e346a58ee99b478 
Number of updated asset objects reloaded before import = 0
Number of asset objects unloaded after import = 1
========================================================================
Received Import Request.
  Time of request: 2026-10-09T14:09:48.304333Z
  Time since last request: 0.00030519 seconds.
  importAddress: GUID: 6d3851656b2e5439e8fe29130782469b - Path: Packages/com.unity.collab-proxy/Editor/Assets/Images/iconzoomtofit.png - Importer: ScriptedImporter/UnityEditor.QuickSearchModule:UnityEditor.Search:ASIAI0B
Importing 'GUID: 6d3851656b2e5439e8fe29130782469b - Path: Packages/com.unity.collab-proxy/Editor/Assets/Images/iconzoomtofit.png - Importer: ScriptedImporter/UnityEditor.QuickSearchModule:UnityEditor.Search:ASIAI0B' with importer (ScriptedImporter : UnityEditor.QuickSearchModule:UnityEditor.Search:ASIAI0B)
Imported 'GUID: 6d3851656b2e5439e8fe29130782469b' -> (Import Result ID: '9d1fcc339e491a1e7f2f7e81523f22d4') in 0.004 seconds [static and dynamic dependencies]. Details - ImportResultOutputID=bccfd0f1eab25552b1794c79af3eb5c6 DependenciesID=742c03722bb5df5732a445e0cd3a32c8 StaticDependenciesID=e2288a6cbe26daa59482d9f2eea1f0b8 
Number of updated asset objects reloaded before import = 0
Number of asset objects unloaded after import = 3
========================================================================
Received Import Request.
  Time of request: 2026-10-09T14:09:48.316612Z
  Time since last request: 0.000274232 seconds.
  importAddress: GUID: c673e4e20ea67ab40a4661592f51aa99 - Path: Packages/com.unity.collab-proxy/Editor/Assets/Styles/SignInPanel.uss - Importer: ScriptedImporter/UnityEditor.QuickSearchModule:UnityEditor.Search:ASIAI0B
Importing 'GUID: c673e4e20ea67ab40a4661592f51aa99 - Path: Packages/com.unity.collab-proxy/Editor/Assets/Styles/SignInPanel.uss - Importer: ScriptedImporter/UnityEditor.QuickSearchModule:UnityEditor.Search:ASIAI0B' with importer (ScriptedImporter : UnityEditor.QuickSearchModule:UnityEditor.Search:ASIAI0B)
Imported 'GUID: c673e4e20ea67ab40a4661592f51aa99' -> (Import Result ID: '4199a5e8e703683e56bc492de465fff0') in 0.003 seconds [static and dynamic dependencies]. Details - ImportResultOutputID=86a0064a234a2550d459fdb8b5103eba DependenciesID=95b6358870ba9906850723501084f928 StaticDependenciesID=7430a978f009f985e0c1fcfc32c55abf 
Number of updated asset objects reloaded before import = 0
Number of asset objects unloaded after import = 2
========================================================================
Received Import Request.
  Time of request: 2026-10-09T14:09:48.327834Z
  Time since last request: 0.000404255 seconds.
  importAddress: GUID: 4ade4c197fc154817b0958bbe4e5dbcc - Path: Packages/com.unity.collab-proxy/Editor/Assets/Images/iconzoomtofit@2x.png - Importer: ScriptedImporter/UnityEditor.QuickSearchModule:UnityEditor.Search:ASIAI0B
Importing 'GUID: 4ade4c197fc154817b0958bbe4e5dbcc - Path: Packages/com.unity.collab-proxy/Editor/Assets/Images/iconzoomtofit@2x.png - Importer: ScriptedImporter/UnityEditor.QuickSearchModule:UnityEditor.Search:ASIAI0B' with importer (ScriptedImporter : UnityEditor.QuickSearchModule:UnityEditor.Search:ASIAI0B)
Imported 'GUID: 4ade4c197fc154817b0958bbe4e5dbcc' -> (Import Result ID: '3e8008c481fc73e7b30be6a9c406c6a3') in 0.006 seconds [static and dynamic dependencies]. Details - ImportResultOutputID=1d04554396f5b0f8dee275bcaa7d49d0 DependenciesID=d575f110d012b519a4970ce274c88738 StaticDependenciesID=176d450dbf490baa2e80b627af60136c 
Number of updated asset objects reloaded before import = 0
Number of asset objects unloaded after import = 3
========================================================================
Received Import Request.
  Time of request: 2026-10-09T14:09:48.341615Z
  Time since last request: 0.000288879 seconds.
  importAddress: GUID: b1a0cd79ba7574b54829e9268cf8879c - Path: Packages/com.unity.collab-proxy/Editor/Assistant/Tools/DiffTools.cs - Importer: ScriptedImporter/UnityEditor.QuickSearchModule:UnityEditor.Search:ASIAI0B
Importing 'GUID: b1a0cd79ba7574b54829e9268cf8879c - Path: Packages/com.unity.collab-proxy/Editor/Assistant/Tools/DiffTools.cs - Importer: ScriptedImporter/UnityEditor.QuickSearchModule:UnityEditor.Search:ASIAI0B' with importer (ScriptedImporter : UnityEditor.QuickSearchModule:UnityEditor.Search:ASIAI0B)
Imported 'GUID: b1a0cd79ba7574b54829e9268cf8879c' -> (Import Result ID: '4bb6027c2be096d8369313167a73e3d3') in 0.002 seconds [static and dynamic dependencies]. Details - ImportResultOutputID=dd58e86d6e08d7bf1ace8ea789652f30 DependenciesID=1db03046017f45e05dba4bb77b0268d4 StaticDependenciesID=fe0f188eb02374fc52711d000d43ffdb 
Number of updated asset objects reloaded before import = 0
Number of asset objects unloaded after import = 0
========================================================================
Received Import Request.
  Time of request: 2026-10-09T14:09:48.350595Z
  Time since last request: 0.000340325 seconds.
  importAddress: GUID: 694966d2f478f43cc8689c1a3196780b - Path: Packages/com.unity.collab-proxy/Editor/Assistant/Tools/LabelTools.cs - Importer: ScriptedImporter/UnityEditor.QuickSearchModule:UnityEditor.Search:ASIAI0B
Importing 'GUID: 694966d2f478f43cc8689c1a3196780b - Path: Packages/com.unity.collab-proxy/Editor/Assistant/Tools/LabelTools.cs - Importer: ScriptedImporter/UnityEditor.QuickSearchModule:UnityEditor.Search:ASIAI0B' with importer (ScriptedImporter : UnityEditor.QuickSearchModule:UnityEditor.Search:ASIAI0B)
Imported 'GUID: 694966d2f478f43cc8689c1a3196780b' -> (Import Result ID: '9b81bccefd03ce67b41dcc1caceda76f') in 0.001 seconds [static and dynamic dependencies]. Details - ImportResultOutputID=f47d83cc5f09974467d41bb0c5c3567f DependenciesID=59040f1a111a9b09f0d00a8f30d8b54c StaticDependenciesID=2c7de6cae84ce742f79a6a2026df31d8 
Number of updated asset objects reloaded before import = 0
Number of asset objects unloaded after import = 0
========================================================================
Received Import Request.
  Time of request: 2026-10-09T14:09:48.358912Z
  Time since last request: 0.000228627 seconds.
  importAddress: GUID: 642639f75f2dfbd4ab01e6708b58f304 - Path: Packages/com.unity.collab-proxy/Editor/Assets/Styles/OrganizationPanel.uss - Importer: ScriptedImporter/UnityEditor.QuickSearchModule:UnityEditor.Search:ASIAI0B
Importing 'GUID: 642639f75f2dfbd4ab01e6708b58f304 - Path: Packages/com.unity.collab-proxy/Editor/Assets/Styles/OrganizationPanel.uss - Importer: ScriptedImporter/UnityEditor.QuickSearchModule:UnityEditor.Search:ASIAI0B' with importer (ScriptedImporter : UnityEditor.QuickSearchModule:UnityEditor.Search:ASIAI0B)
Imported 'GUID: 642639f75f2dfbd4ab01e6708b58f304' -> (Import Result ID: '57de74985e9eac558e262b01c7222d65') in 0.004 seconds [static and dynamic dependencies]. Details - ImportResultOutputID=e9c79642694283213361aecac13f7d57 DependenciesID=f6ed18060eb757d439138bf022244e2a StaticDependenciesID=dce0abfb1cf25089f860d7a62b8ab94b 
Number of updated asset objects reloaded before import = 0
Number of asset objects unloaded after import = 2
========================================================================
Received Import Request.
  Time of request: 2026-10-09T14:09:48.369159Z
  Time since last request: 0.000170108 seconds.
  importAddress: GUID: 43411f399f49b42eb9a7157481e8747c - Path: Packages/com.unity.collab-proxy/Editor/Assets/Images/inclusionrule@2x.png - Importer: ScriptedImporter/UnityEditor.QuickSearchModule:UnityEditor.Search:ASIAI0B
Importing 'GUID: 43411f399f49b42eb9a7157481e8747c - Path: Packages/com.unity.collab-proxy/Editor/Assets/Images/inclusionrule@2x.png - Importer: ScriptedImporter/UnityEditor.QuickSearchModule:UnityEditor.Search:ASIAI0B' with importer (ScriptedImporter : UnityEditor.QuickSearchModule:UnityEditor.Search:ASIAI0B)
Imported 'GUID: 43411f399f49b42eb9a7157481e8747c' -> (Import Result ID: '64324c71559f299ca4f3828032dd14b4') in 0.004 seconds [static and dynamic dependencies]. Details - ImportResultOutputID=548b3cb830e0649bb5324302c6b7ce5c DependenciesID=b4fa42120c4b2df5ef8de16a046452ef StaticDependenciesID=48de6bed15adb85a0ff42eeddbb28e74 
Number of updated asset objects reloaded before import = 0
Number of asset objects unloaded after import = 3
========================================================================
Received Import Request.
  Time of request: 2026-10-09T14:09:48.382265Z
  Time since last request: 0.000268922 seconds.
  importAddress: GUID: 9ce84ff0fdeb13d4a83f077d075dd9a5 - Path: Packages/com.unity.collab-proxy/Editor/Assets/Images/step1.png - Importer: ScriptedImporter/UnityEditor.QuickSearchModule:UnityEditor.Search:ASIAI0B
Importing 'GUID: 9ce84ff0fdeb13d4a83f077d075dd9a5 - Path: Packages/com.unity.collab-proxy/Editor/Assets/Images/step1.png - Importer: ScriptedImporter/UnityEditor.QuickSearchModule:UnityEditor.Search:ASIAI0B' with importer (ScriptedImporter : UnityEditor.QuickSearchModule:UnityEditor.Search:ASIAI0B)
Imported 'GUID: 9ce84ff0fdeb13d4a83f077d075dd9a5' -> (Import Result ID: '3797a99b50de2d31cb61b0dd1df1159b') in 0.003 seconds [static and dynamic dependencies]. Details - ImportResultOutputID=e75ff31f71259fe0ea69dc68941e0d03 DependenciesID=e1392d1237e3e598a67300549f5583de StaticDependenciesID=ba4e4cef4f6a6bde336dda81306d3c86 
Number of updated asset objects reloaded before import = 0
Number of asset objects unloaded after import = 1
========================================================================
Received Import Request.
  Time of request: 2026-10-09T14:09:48.394584Z
  Time since last request: 0.001037807 seconds.
  importAddress: GUID: e2ca5588a9dbe40d9bb6103b561232b5 - Path: Packages/com.unity.collab-proxy/Editor/Assistant/Tools/InteractionTools.cs - Importer: ScriptedImporter/UnityEditor.QuickSearchModule:UnityEditor.Search:ASIAI0B
Importing 'GUID: e2ca5588a9dbe40d9bb6103b561232b5 - Path: Packages/com.unity.collab-proxy/Editor/Assistant/Tools/InteractionTools.cs - Importer: ScriptedImporter/UnityEditor.QuickSearchModule:UnityEditor.Search:ASIAI0B' with importer (ScriptedImporter : UnityEditor.QuickSearchModule:UnityEditor.Search:ASIAI0B)
Imported 'GUID: e2ca5588a9dbe40d9bb6103b561232b5' -> (Import Result ID: '0748ba02e98ba52568e50dd94db4d346') in 0.001 seconds [static and dynamic dependencies]. Details - ImportResultOutputID=dc00bb6ccee4ccd3e7bc56507c8d393d DependenciesID=e49b0e6da10895a9c9e7c6a4236ec870 StaticDependenciesID=357f0c6c4c8d784ee58d93c48676279b 
Number of updated asset objects reloaded before import = 0
Number of asset objects unloaded after import = 0
========================================================================
Received Import Request.
  Time of request: 2026-10-09T14:09:48.403743Z
  Time since last request: 0.000281446 seconds.
  importAddress: GUID: 03cefa94d5aa9d74993fb2138af9d607 - Path: Packages/com.unity.collab-proxy/Editor/Assets/Images/secondarytabclose.png - Importer: ScriptedImporter/UnityEditor.QuickSearchModule:UnityEditor.Search:ASIAI0B
Importing 'GUID: 03cefa94d5aa9d74993fb2138af9d607 - Path: Packages/com.unity.collab-proxy/Editor/Assets/Images/secondarytabclose.png - Importer: ScriptedImporter/UnityEditor.QuickSearchModule:UnityEditor.Search:ASIAI0B' with importer (ScriptedImporter : UnityEditor.QuickSearchModule:UnityEditor.Search:ASIAI0B)
Imported 'GUID: 03cefa94d5aa9d74993fb2138af9d607' -> (Import Result ID: '759d776bb0868b6b0711539fb903b807') in 0.003 seconds [static and dynamic dependencies]. Details - ImportResultOutputID=cdf27d04e927d87a24f31753c5854fb3 DependenciesID=06a9eebf355ee6fa428f3d39541a3971 StaticDependenciesID=9038651fd644fea30b93d833cf701a19 
Number of updated asset objects reloaded before import = 0
Number of asset objects unloaded after import = 1
========================================================================
Received Import Request.
  Time of request: 2026-10-09T14:09:48.414658Z
  Time since last request: 0.000314317 seconds.
  importAddress: GUID: 59571f82a0dc1a14da606dc0df6f8ea7 - Path: Packages/com.unity.collab-proxy/Editor/Assets/Images/refresh@2x.png - Importer: ScriptedImporter/UnityEditor.QuickSearchModule:UnityEditor.Search:ASIAI0B
Importing 'GUID: 59571f82a0dc1a14da606dc0df6f8ea7 - Path: Packages/com.unity.collab-proxy/Editor/Assets/Images/refresh@2x.png - Importer: ScriptedImporter/UnityEditor.QuickSearchModule:UnityEditor.Search:ASIAI0B' with importer (ScriptedImporter : UnityEditor.QuickSearchModule:UnityEditor.Search:ASIAI0B)
Imported 'GUID: 59571f82a0dc1a14da606dc0df6f8ea7' -> (Import Result ID: 'b20f30e335f077b43256589c80e4c9bb') in 0.003 seconds [static and dynamic dependencies]. Details - ImportResultOutputID=505aad2b73285c6d7a9e005b5c3cedf1 DependenciesID=3be33c08bce3a2e95eaf31af5c699a12 StaticDependenciesID=cee7dd0ea169bd16db484a1e552d3fa5 
Number of updated asset objects reloaded before import = 0
Number of asset objects unloaded after import = 1
========================================================================
Received Import Request.
  Time of request: 2026-10-09T14:09:48.425405Z
  Time since last request: 0.000242302 seconds.
  importAddress: GUID: 18b097dd2d10fb442a321314f4541401 - Path: Packages/com.unity.collab-proxy/Editor/Assets/Layouts/SignInPanel.uxml - Importer: ScriptedImporter/UnityEditor.QuickSearchModule:UnityEditor.Search:ASIAI0B
Importing 'GUID: 18b097dd2d10fb442a321314f4541401 - Path: Packages/com.unity.collab-proxy/Editor/Assets/Layouts/SignInPanel.uxml - Importer: ScriptedImporter/UnityEditor.QuickSearchModule:UnityEditor.Search:ASIAI0B' with importer (ScriptedImporter : UnityEditor.QuickSearchModule:UnityEditor.Search:ASIAI0B)
Imported 'GUID: 18b097dd2d10fb442a321314f4541401' -> (Import Result ID: '22cd76f189fc5d183084eaca00c3195b') in 0.006 seconds [static and dynamic dependencies]. Details - ImportResultOutputID=79e05bd5ca3104235da03e787aee7cf8 DependenciesID=6ad5efde87a813d5800f8dffac3e302c StaticDependenciesID=e4b50f66fb804261c2e4d20e1d492e62 
Number of updated asset objects reloaded before import = 0
Number of asset objects unloaded after import = 2
========================================================================
Received Import Request.
  Time of request: 2026-10-09T14:09:48.438329Z
  Time since last request: 0.000234719 seconds.
  importAddress: GUID: 63387a17b866347b390227e10a2b1f2e - Path: Packages/com.unity.collab-proxy/Editor/Assets/Images/inclusionrule.png - Importer: ScriptedImporter/UnityEditor.QuickSearchModule:UnityEditor.Search:ASIAI0B
Importing 'GUID: 63387a17b866347b390227e10a2b1f2e - Path: Packages/com.unity.collab-proxy/Editor/Assets/Images/inclusionrule.png - Importer: ScriptedImporter/UnityEditor.QuickSearchModule:UnityEditor.Search:ASIAI0B' with importer (ScriptedImporter : UnityEditor.QuickSearchModule:UnityEditor.Search:ASIAI0B)
Imported 'GUID: 63387a17b866347b390227e10a2b1f2e' -> (Import Result ID: '3516d4471c3a2a4c80816bde1c310359') in 0.003 seconds [static and dynamic dependencies]. Details - ImportResultOutputID=3b790bd7ec6b494b9f28a3ec8166fd83 DependenciesID=f19488dd549df45ff11b49dba9f55482 StaticDependenciesID=1b3e4af66fa9c7f29b96fb9ee5a7fafd 
Number of updated asset objects reloaded before import = 0
Number of asset objects unloaded after import = 3
========================================================================
Received Import Request.
  Time of request: 2026-10-09T14:09:48.454006Z
  Time since last request: 0.005222358 seconds.
  importAddress: GUID: a8bf7716389c4dfe840c4e747033debc - Path: Packages/com.unity.collab-proxy/Editor/CloudDrive/CreateWorkspace/CollaboratorsListView.cs - Importer: ScriptedImporter/UnityEditor.QuickSearchModule:UnityEditor.Search:ASIAI0B
Importing 'GUID: a8bf7716389c4dfe840c4e747033debc - Path: Packages/com.unity.collab-proxy/Editor/CloudDrive/CreateWorkspace/CollaboratorsListView.cs - Importer: ScriptedImporter/UnityEditor.QuickSearchModule:UnityEditor.Search:ASIAI0B' with importer (ScriptedImporter : UnityEditor.QuickSearchModule:UnityEditor.Search:ASIAI0B)
Imported 'GUID: a8bf7716389c4dfe840c4e747033debc' -> (Import Result ID: '4845fd052b2f7350060b53566974a086') in 0.001 seconds [static and dynamic dependencies]. Details - ImportResultOutputID=8f3dfb86fa4726ec25f7fbe1317b0bdf DependenciesID=40df96c62bc60c09eb4372c9f2ab0bdd StaticDependenciesID=d77e924117b8735ff1e08c4025b3a136 
Number of updated asset objects reloaded before import = 0
Number of asset objects unloaded after import = 0
========================================================================
Received Import Request.
  Time of request: 2026-10-09T14:09:48.46308Z
  Time since last request: 0.000255397 seconds.
  importAddress: GUID: 5f56e27ecc3894d8db9d599e039eab01 - Path: Packages/com.unity.collab-proxy/Editor/Assistant/Tools/UITools.cs - Importer: ScriptedImporter/UnityEditor.QuickSearchModule:UnityEditor.Search:ASIAI0B
Importing 'GUID: 5f56e27ecc3894d8db9d599e039eab01 - Path: Packages/com.unity.collab-proxy/Editor/Assistant/Tools/UITools.cs - Importer: ScriptedImporter/UnityEditor.QuickSearchModule:UnityEditor.Search:ASIAI0B' with importer (ScriptedImporter : UnityEditor.QuickSearchModule:UnityEditor.Search:ASIAI0B)
Imported 'GUID: 5f56e27ecc3894d8db9d599e039eab01' -> (Import Result ID: '3b22ed09bbe5ea3c2e97b2e720c10511') in 0.002 seconds [static and dynamic dependencies]. Details - ImportResultOutputID=c79d3fa39e9656803946bfbffabe7b1d DependenciesID=0392e3c34a7df27e760ccc5ac48c20b5 StaticDependenciesID=d0ae97975a60f9551bd46c7148012cb0 
Number of updated asset objects reloaded before import = 0
Number of asset objects unloaded after import = 0
========================================================================
Received Import Request.
  Time of request: 2026-10-09T14:09:48.471864Z
  Time since last request: 0.000249926 seconds.
  importAddress: GUID: 45287be3ac9444c08ec6fa91021df881 - Path: Packages/com.unity.collab-proxy/Editor/CodeEditor/Editing/Caret.cs - Importer: ScriptedImporter/UnityEditor.QuickSearchModule:UnityEditor.Search:ASIAI0B
Importing 'GUID: 45287be3ac9444c08ec6fa91021df881 - Path: Packages/com.unity.collab-proxy/Editor/CodeEditor/Editing/Caret.cs - Importer: ScriptedImporter/UnityEditor.QuickSearchModule:UnityEditor.Search:ASIAI0B' with importer (ScriptedImporter : UnityEditor.QuickSearchModule:UnityEditor.Search:ASIAI0B)
Imported 'GUID: 45287be3ac9444c08ec6fa91021df881' -> (Import Result ID: 'ddfe05d15b9886c69a35a71dbe216d29') in 0.001 seconds [static and dynamic dependencies]. Details - ImportResultOutputID=c39e03dfc283407e0cd21616b4d34993 DependenciesID=7887d42a5c41159ab898a8fcca92c57e StaticDependenciesID=673598a6237c3ed664a26430e0314242 
Number of updated asset objects reloaded before import = 0
Number of asset objects unloaded after import = 0
========================================================================
Received Import Request.
  Time of request: 2026-10-09T14:09:48.481875Z
  Time since last request: 0.0001609 seconds.
  importAddress: GUID: dc2789440232fe940b427760def51c66 - Path: Packages/com.unity.collab-proxy/Editor/CloudDrive/ShareWorkspace/ShareWorkspaceDialog.cs - Importer: ScriptedImporter/UnityEditor.QuickSearchModule:UnityEditor.Search:ASIAI0B
Importing 'GUID: dc2789440232fe940b427760def51c66 - Path: Packages/com.unity.collab-proxy/Editor/CloudDrive/ShareWorkspace/ShareWorkspaceDialog.cs - Importer: ScriptedImporter/UnityEditor.QuickSearchModule:UnityEditor.Search:ASIAI0B' with importer (ScriptedImporter : UnityEditor.QuickSearchModule:UnityEditor.Search:ASIAI0B)
Imported 'GUID: dc2789440232fe940b427760def51c66' -> (Import Result ID: 'd47c306842b9dcb4b63adde06fc24376') in 0.002 seconds [static and dynamic dependencies]. Details - ImportResultOutputID=3dda06a971e38da86c3a93267b3fe3f3 DependenciesID=2f92af7faead15b4b0c8227a0c429864 StaticDependenciesID=2c5cb11356b1a14f0fec34f802bacf65 
Number of updated asset objects reloaded before import = 0
Number of asset objects unloaded after import = 0
========================================================================
Received Import Request.
  Time of request: 2026-10-09T14:09:48.490609Z
  Time since last request: 0.000303657 seconds.
  importAddress: GUID: d6b614bb8cf04cbe9ffd8626c062bd78 - Path: Packages/com.unity.collab-proxy/Editor/CodeEditor/Editing/EmptySelection.cs - Importer: ScriptedImporter/UnityEditor.QuickSearchModule:UnityEditor.Search:ASIAI0B
Importing 'GUID: d6b614bb8cf04cbe9ffd8626c062bd78 - Path: Packages/com.unity.collab-proxy/Editor/CodeEditor/Editing/EmptySelection.cs - Importer: ScriptedImporter/UnityEditor.QuickSearchModule:UnityEditor.Search:ASIAI0B' with importer (ScriptedImporter : UnityEditor.QuickSearchModule:UnityEditor.Search:ASIAI0B)
Imported 'GUID: d6b614bb8cf04cbe9ffd8626c062bd78' -> (Import Result ID: 'f061521adc0c87c2d4b24acb9e2d9f2c') in 0.002 seconds [static and dynamic dependencies]. Details - ImportResultOutputID=dee216bf7107fd4acea9ec48bd98e791 DependenciesID=58e54566b712a940816fb55908a437dd StaticDependenciesID=a220a4e47922d64eefd5bd6abafcaed1 
Number of updated asset objects reloaded before import = 0
Number of asset objects unloaded after import = 0
========================================================================
Received Import Request.
  Time of request: 2026-10-09T14:09:48.500218Z
  Time since last request: 0.000206025 seconds.
  importAddress: GUID: e76f45abe6dcffe438b00d78c0aca721 - Path: Packages/com.unity.collab-proxy/Editor/CodeEditor/Editing/CaretWeakEventHandler.cs - Importer: ScriptedImporter/UnityEditor.QuickSearchModule:UnityEditor.Search:ASIAI0B
Importing 'GUID: e76f45abe6dcffe438b00d78c0aca721 - Path: Packages/com.unity.collab-proxy/Editor/CodeEditor/Editing/CaretWeakEventHandler.cs - Importer: ScriptedImporter/UnityEditor.QuickSearchModule:UnityEditor.Search:ASIAI0B' with importer (ScriptedImporter : UnityEditor.QuickSearchModule:UnityEditor.Search:ASIAI0B)
Imported 'GUID: e76f45abe6dcffe438b00d78c0aca721' -> (Import Result ID: '69a658d04454f38e6e246c777ce6cef3') in 0.002 seconds [static and dynamic dependencies]. Details - ImportResultOutputID=d82a86b175963aa96f860dceb4dc0df1 DependenciesID=8d36797ae06a5e03187e8d32fbbfd071 StaticDependenciesID=0a4684c29cfd98bfc9481a00bcf56199 
Number of updated asset objects reloaded before import = 0
Number of asset objects unloaded after import = 0
========================================================================
Received Import Request.
  Time of request: 2026-10-09T14:09:48.509878Z
  Time since last request: 0.000400698 seconds.
  importAddress: GUID: 3fdd4fc558bf14e809d9ede79af274da - Path: Packages/com.unity.collab-proxy/Editor/CodeEditor/Document/DocumentChangeOperation.cs - Importer: ScriptedImporter/UnityEditor.QuickSearchModule:UnityEditor.Search:ASIAI0B
Importing 'GUID: 3fdd4fc558bf14e809d9ede79af274da - Path: Packages/com.unity.collab-proxy/Editor/CodeEditor/Document/DocumentChangeOperation.cs - Importer: ScriptedImporter/UnityEditor.QuickSearchModule:UnityEditor.Search:ASIAI0B' with importer (ScriptedImporter : UnityEditor.QuickSearchModule:UnityEditor.Search:ASIAI0B)
Imported 'GUID: 3fdd4fc558bf14e809d9ede79af274da' -> (Import Result ID: '0321d2b42683c8eeabf9c6cf35578aa3') in 0.001 seconds [static and dynamic dependencies]. Details - ImportResultOutputID=d845940f0e53b3d7dc0d5dd4690ee405 DependenciesID=313760984c31a2f7030bd5b952814dfe StaticDependenciesID=88de34f0d944af845e4158aaf1df9b5d 
Number of updated asset objects reloaded before import = 0
Number of asset objects unloaded after import = 0
========================================================================
Received Import Request.
  Time of request: 2026-10-09T14:09:48.518503Z
  Time since last request: 0.00026802 seconds.
  importAddress: GUID: 1bad6294dbf1045048f29381bfdf4961 - Path: Packages/com.unity.collab-proxy/Editor/CodeEditor/Document/ILineTracker.cs - Importer: ScriptedImporter/UnityEditor.QuickSearchModule:UnityEditor.Search:ASIAI0B
Importing 'GUID: 1bad6294dbf1045048f29381bfdf4961 - Path: Packages/com.unity.collab-proxy/Editor/CodeEditor/Document/ILineTracker.cs - Importer: ScriptedImporter/UnityEditor.QuickSearchModule:UnityEditor.Search:ASIAI0B' with importer (ScriptedImporter : UnityEditor.QuickSearchModule:UnityEditor.Search:ASIAI0B)
Imported 'GUID: 1bad6294dbf1045048f29381bfdf4961' -> (Import Result ID: 'd8b457636738027a85637c328230686c') in 0.001 seconds [static and dynamic dependencies]. Details - ImportResultOutputID=4dd21f8ecd538e91623edb155773b290 DependenciesID=6fc217c6d7ac669c23f36cad612a2bad StaticDependenciesID=37be40447a6c7dbea21d8b62967abf3a 
Number of updated asset objects reloaded before import = 0
Number of asset objects unloaded after import = 0
========================================================================
Received Import Request.
  Time of request: 2026-10-09T14:09:48.526491Z
  Time since last request: 0.000695358 seconds.
  importAddress: GUID: 1d906ae3822c94f0792daca02e35a3f6 - Path: Packages/com.unity.collab-proxy/Editor/Assistant/Tools/UndoTools.cs - Importer: ScriptedImporter/UnityEditor.QuickSearchModule:UnityEditor.Search:ASIAI0B
Importing 'GUID: 1d906ae3822c94f0792daca02e35a3f6 - Path: Packages/com.unity.collab-proxy/Editor/Assistant/Tools/UndoTools.cs - Importer: ScriptedImporter/UnityEditor.QuickSearchModule:UnityEditor.Search:ASIAI0B' with importer (ScriptedImporter : UnityEditor.QuickSearchModule:UnityEditor.Search:ASIAI0B)
Imported 'GUID: 1d906ae3822c94f0792daca02e35a3f6' -> (Import Result ID: '454f119dee814556bab6ea02ce8f2c0a') in 0.001 seconds [static and dynamic dependencies]. Details - ImportResultOutputID=0f17cb80f59177b57aa6d8c3636bb4de DependenciesID=fe5c7ac5e3795d0c3088bf00d0040110 StaticDependenciesID=8a132a6bb4f709643d756f38feaad617 
Number of updated asset objects reloaded before import = 0
Number of asset objects unloaded after import = 0
========================================================================
Received Import Request.
  Time of request: 2026-10-09T14:09:48.536562Z
  Time since last request: 0.000398885 seconds.
  importAddress: GUID: 0e803e84de9d4aa4a2ba0fcf7577ab6b - Path: Packages/com.unity.collab-proxy/Editor/Assistant/Tools/UVCSLinkHandler.cs - Importer: ScriptedImporter/UnityEditor.QuickSearchModule:UnityEditor.Search:ASIAI0B
Importing 'GUID: 0e803e84de9d4aa4a2ba0fcf7577ab6b - Path: Packages/com.unity.collab-proxy/Editor/Assistant/Tools/UVCSLinkHandler.cs - Importer: ScriptedImporter/UnityEditor.QuickSearchModule:UnityEditor.Search:ASIAI0B' with importer (ScriptedImporter : UnityEditor.QuickSearchModule:UnityEditor.Search:ASIAI0B)
Imported 'GUID: 0e803e84de9d4aa4a2ba0fcf7577ab6b' -> (Import Result ID: 'd31a36d073aff427ea14970e6466d866') in 0.001 seconds [static and dynamic dependencies]. Details - ImportResultOutputID=d9ebc9aa350c8dc08b846b07c65affcb DependenciesID=34a3656ad9382c4a38237287d2b6a284 StaticDependenciesID=ce7e56eaf2cf5d582530b43f156ca35c 
Number of updated asset objects reloaded before import = 0
Number of asset objects unloaded after import = 0
========================================================================
Received Import Request.
  Time of request: 2026-10-09T14:09:48.546188Z
  Time since last request: 0.000256519 seconds.
  importAddress: GUID: f053b65364b4545b38e5a456af79939e - Path: Packages/com.unity.collab-proxy/Editor/CodeEditor/Document/RopeTextSource.cs - Importer: ScriptedImporter/UnityEditor.QuickSearchModule:UnityEditor.Search:ASIAI0B
Importing 'GUID: f053b65364b4545b38e5a456af79939e - Path: Packages/com.unity.collab-proxy/Editor/CodeEditor/Document/RopeTextSource.cs - Importer: ScriptedImporter/UnityEditor.QuickSearchModule:UnityEditor.Search:ASIAI0B' with importer (ScriptedImporter : UnityEditor.QuickSearchModule:UnityEditor.Search:ASIAI0B)
Imported 'GUID: f053b65364b4545b38e5a456af79939e' -> (Import Result ID: 'c461153dcf2ad05793863c4d3ba77074') in 0.002 seconds [static and dynamic dependencies]. Details - ImportResultOutputID=83b03d627f086364e00745f17e6728f4 DependenciesID=dd7159a9b8bf6ce8245bc075f703e956 StaticDependenciesID=48e9c113b0e98016a2de95191ab1adef 
Number of updated asset objects reloaded before import = 0
Number of asset objects unloaded after import = 0
========================================================================
Received Import Request.
  Time of request: 2026-10-09T14:09:48.555485Z
  Time since last request: 0.000924245 seconds.
  importAddress: GUID: 51f820daaf42148c9a1196a13d81c206 - Path: Packages/com.unity.collab-proxy/Editor/Assistant/Tools/LockTools.cs - Importer: ScriptedImporter/UnityEditor.QuickSearchModule:UnityEditor.Search:ASIAI0B
Importing 'GUID: 51f820daaf42148c9a1196a13d81c206 - Path: Packages/com.unity.collab-proxy/Editor/Assistant/Tools/LockTools.cs - Importer: ScriptedImporter/UnityEditor.QuickSearchModule:UnityEditor.Search:ASIAI0B' with importer (ScriptedImporter : UnityEditor.QuickSearchModule:UnityEditor.Search:ASIAI0B)
Imported 'GUID: 51f820daaf42148c9a1196a13d81c206' -> (Import Result ID: '5e9ba7f627a7c22bb37a9bd6f4a50418') in 0.001 seconds [static and dynamic dependencies]. Details - ImportResultOutputID=1aafb5df382380bb52ce74dd0023002d DependenciesID=607216c10fb9d125b121f663015b39b9 StaticDependenciesID=26fafafc3888e4616847e9af24c32c1b 
Number of updated asset objects reloaded before import = 0
Number of asset objects unloaded after import = 0
========================================================================
Received Import Request.
  Time of request: 2026-10-09T14:09:48.565013Z
  Time since last request: 0.000349032 seconds.
  importAddress: GUID: 3a70b5eaccc1e42a99eadc319fa45595 - Path: Packages/com.unity.collab-proxy/Editor/CodeEditor/Document/TextSegment.cs - Importer: ScriptedImporter/UnityEditor.QuickSearchModule:UnityEditor.Search:ASIAI0B
Importing 'GUID: 3a70b5eaccc1e42a99eadc319fa45595 - Path: Packages/com.unity.collab-proxy/Editor/CodeEditor/Document/TextSegment.cs - Importer: ScriptedImporter/UnityEditor.QuickSearchModule:UnityEditor.Search:ASIAI0B' with importer (ScriptedImporter : UnityEditor.QuickSearchModule:UnityEditor.Search:ASIAI0B)
Imported 'GUID: 3a70b5eaccc1e42a99eadc319fa45595' -> (Import Result ID: '3f39b00661a5c3c1d8611bca963cead6') in 0.001 seconds [static and dynamic dependencies]. Details - ImportResultOutputID=d029c24574a47e9a15b1f023ced22683 DependenciesID=f4f1c131c999a77d263f1d1b25255a2e StaticDependenciesID=46e1760ec79e53c38ca2df051f853282 
Number of updated asset objects reloaded before import = 0
Number of asset objects unloaded after import = 0
========================================================================
Received Import Request.
  Time of request: 2026-10-09T14:09:48.573052Z
  Time since last request: 0.000166722 seconds.
  importAddress: GUID: ee168e8444b3b420eba9eff487b036ca - Path: Packages/com.unity.collab-proxy/Editor/CodeEditor/Document/TextUtilities.cs - Importer: ScriptedImporter/UnityEditor.QuickSearchModule:UnityEditor.Search:ASIAI0B
Importing 'GUID: ee168e8444b3b420eba9eff487b036ca - Path: Packages/com.unity.collab-proxy/Editor/CodeEditor/Document/TextUtilities.cs - Importer: ScriptedImporter/UnityEditor.QuickSearchModule:UnityEditor.Search:ASIAI0B' with importer (ScriptedImporter : UnityEditor.QuickSearchModule:UnityEditor.Search:ASIAI0B)
Imported 'GUID: ee168e8444b3b420eba9eff487b036ca' -> (Import Result ID: '3e366c349bbc18a170e7a5ca968149f8') in 0.001 seconds [static and dynamic dependencies]. Details - ImportResultOutputID=65372dbf422edc1b5d4b7f46c69e2d64 DependenciesID=c1e706c3ed3bde42405b73990b33d5b1 StaticDependenciesID=c0ea01642fa5748b4176f1a3cc0a4ec3 
Number of updated asset objects reloaded before import = 0
Number of asset objects unloaded after import = 0
========================================================================
Received Import Request.
  Time of request: 2026-10-09T14:09:48.581453Z
  Time since last request: 0.000189725 seconds.
  importAddress: GUID: 078b750ce38ab92439fffe8192aa866f - Path: Packages/com.unity.collab-proxy/Editor/CodeEditor/Editing/NoReadOnlySections.cs - Importer: ScriptedImporter/UnityEditor.QuickSearchModule:UnityEditor.Search:ASIAI0B
Importing 'GUID: 078b750ce38ab92439fffe8192aa866f - Path: Packages/com.unity.collab-proxy/Editor/CodeEditor/Editing/NoReadOnlySections.cs - Importer: ScriptedImporter/UnityEditor.QuickSearchModule:UnityEditor.Search:ASIAI0B' with importer (ScriptedImporter : UnityEditor.QuickSearchModule:UnityEditor.Search:ASIAI0B)
Imported 'GUID: 078b750ce38ab92439fffe8192aa866f' -> (Import Result ID: 'e1414846cac79161b65e0dd9746eaa8d') in 0.002 seconds [static and dynamic dependencies]. Details - ImportResultOutputID=bfc9d89fb8037059671cb4d4bd426722 DependenciesID=3ee0a9f9026946407217422ab7dbb857 StaticDependenciesID=167eaac051a2d61c8de8f02ad7187bb7 
Number of updated asset objects reloaded before import = 0
Number of asset objects unloaded after import = 0
========================================================================
Received Import Request.
  Time of request: 2026-10-09T14:09:48.590478Z
  Time since last request: 0.000286836 seconds.
  importAddress: GUID: 7d8e4407573404e26af41eacb660eb3e - Path: Packages/com.unity.collab-proxy/Editor/CodeEditor/Document/DocumentLineTree.cs - Importer: ScriptedImporter/UnityEditor.QuickSearchModule:UnityEditor.Search:ASIAI0B
Importing 'GUID: 7d8e4407573404e26af41eacb660eb3e - Path: Packages/com.unity.collab-proxy/Editor/CodeEditor/Document/DocumentLineTree.cs - Importer: ScriptedImporter/UnityEditor.QuickSearchModule:UnityEditor.Search:ASIAI0B' with importer (ScriptedImporter : UnityEditor.QuickSearchModule:UnityEditor.Search:ASIAI0B)
Imported 'GUID: 7d8e4407573404e26af41eacb660eb3e' -> (Import Result ID: '4832244010fd6eb4be1c4f02c0ca12bb') in 0.001 seconds [static and dynamic dependencies]. Details - ImportResultOutputID=e0fb31e8a7ec140046ef26668ad1a3d2 DependenciesID=26deacc298b47f1a0e32ec41457d1620 StaticDependenciesID=7064245be950550c8678d74610f11cca 
Number of updated asset objects reloaded before import = 0
Number of asset objects unloaded after import = 0
========================================================================
Received Import Request.
  Time of request: 2026-10-09T14:09:48.600168Z
  Time since last request: 0.000223327 seconds.
  importAddress: GUID: 11f102ea76a834282a8a533f1a797d3e - Path: Packages/com.unity.collab-proxy/Editor/CodeEditor/Document/ITextSource.cs - Importer: ScriptedImporter/UnityEditor.QuickSearchModule:UnityEditor.Search:ASIAI0B
Importing 'GUID: 11f102ea76a834282a8a533f1a797d3e - Path: Packages/com.unity.collab-proxy/Editor/CodeEditor/Document/ITextSource.cs - Importer: ScriptedImporter/UnityEditor.QuickSearchModule:UnityEditor.Search:ASIAI0B' with importer (ScriptedImporter : UnityEditor.QuickSearchModule:UnityEditor.Search:ASIAI0B)
Imported 'GUID: 11f102ea76a834282a8a533f1a797d3e' -> (Import Result ID: 'f75a674c6b1d0dd86ea1a99d7542d1db') in 0.001 seconds [static and dynamic dependencies]. Details - ImportResultOutputID=05d7cb637a53f6d68b2e1238319cb376 DependenciesID=862ebce3a704ac3567c8ff71bf1911f6 StaticDependenciesID=51e8804f55e8daa55a2edd2abdd3a744 
Number of updated asset objects reloaded before import = 0
Number of asset objects unloaded after import = 0
========================================================================
Received Import Request.
  Time of request: 2026-10-09T14:09:48.607824Z
  Time since last request: 0.000345495 seconds.
  importAddress: GUID: 5ace82b9e549646ee8414b4ac05f7a3c - Path: Packages/com.unity.collab-proxy/Editor/CodeEditor/Document/WeakLineTracker.cs - Importer: ScriptedImporter/UnityEditor.QuickSearchModule:UnityEditor.Search:ASIAI0B
Importing 'GUID: 5ace82b9e549646ee8414b4ac05f7a3c - Path: Packages/com.unity.collab-proxy/Editor/CodeEditor/Document/WeakLineTracker.cs - Importer: ScriptedImporter/UnityEditor.QuickSearchModule:UnityEditor.Search:ASIAI0B' with importer (ScriptedImporter : UnityEditor.QuickSearchModule:UnityEditor.Search:ASIAI0B)
Imported 'GUID: 5ace82b9e549646ee8414b4ac05f7a3c' -> (Import Result ID: '4a52cff095dcb076a6ab6d4601030d85') in 0.001 seconds [static and dynamic dependencies]. Details - ImportResultOutputID=613f9110552d1a13ef80970c24d12234 DependenciesID=92067267ed7b6a7842c25ac785dba079 StaticDependenciesID=396ee1d357bf87350e65fc41acfd916c 
Number of updated asset objects reloaded before import = 0
Number of asset objects unloaded after import = 0
========================================================================
Received Import Request.
  Time of request: 2026-10-09T14:09:48.615633Z
  Time since last request: 0.000277639 seconds.
  importAddress: GUID: 4809ab5cb1988e5449f9e1911e77d7ef - Path: Packages/com.unity.collab-proxy/Editor/CodeEditor/Editing/DragDropException.cs - Importer: ScriptedImporter/UnityEditor.QuickSearchModule:UnityEditor.Search:ASIAI0B
Importing 'GUID: 4809ab5cb1988e5449f9e1911e77d7ef - Path: Packages/com.unity.collab-proxy/Editor/CodeEditor/Editing/DragDropException.cs - Importer: ScriptedImporter/UnityEditor.QuickSearchModule:UnityEditor.Search:ASIAI0B' with importer (ScriptedImporter : UnityEditor.QuickSearchModule:UnityEditor.Search:ASIAI0B)
Imported 'GUID: 4809ab5cb1988e5449f9e1911e77d7ef' -> (Import Result ID: 'd831b7c350e3cdc2a16cf41941f6f40e') in 0.001 seconds [static and dynamic dependencies]. Details - ImportResultOutputID=16be7f2162f1f7afbe67ad7de4f91686 DependenciesID=dfe43cd67b4b4257784cd42d4a1d7ee1 StaticDependenciesID=54bb68d768dc0212021dbc2d8483b41f 
Number of updated asset objects reloaded before import = 0
Number of asset objects unloaded after import = 0
========================================================================
Received Import Request.
  Time of request: 2026-10-09T14:09:48.623688Z
  Time since last request: 0.000307714 seconds.
  importAddress: GUID: 7289a765b886748bcb6d677f6977fc52 - Path: Packages/com.unity.collab-proxy/Editor/CodeEditor/Document/TextSegmentCollection.cs - Importer: ScriptedImporter/UnityEditor.QuickSearchModule:UnityEditor.Search:ASIAI0B
Importing 'GUID: 7289a765b886748bcb6d677f6977fc52 - Path: Packages/com.unity.collab-proxy/Editor/CodeEditor/Document/TextSegmentCollection.cs - Importer: ScriptedImporter/UnityEditor.QuickSearchModule:UnityEditor.Search:ASIAI0B' with importer (ScriptedImporter : UnityEditor.QuickSearchModule:UnityEditor.Search:ASIAI0B)
Imported 'GUID: 7289a765b886748bcb6d677f6977fc52' -> (Import Result ID: 'd0b635f350b570631f7e4a023f53e25d') in 0.001 seconds [static and dynamic dependencies]. Details - ImportResultOutputID=476ee9c76397ba0012637413801e7cbd DependenciesID=26b7e907a10650d2399a11ce596e7438 StaticDependenciesID=91c1a8ed717879bc62e910ebb888010c 
Number of updated asset objects reloaded before import = 0
Number of asset objects unloaded after import = 0
========================================================================
Received Import Request.
  Time of request: 2026-10-09T14:09:48.631914Z
  Time since last request: 0.000354211 seconds.
  importAddress: GUID: c35635b884e9b433d9ff4a91be986974 - Path: Packages/com.unity.collab-proxy/Editor/Assistant/Tools/UVCSToolContext.cs - Importer: ScriptedImporter/UnityEditor.QuickSearchModule:UnityEditor.Search:ASIAI0B
Importing 'GUID: c35635b884e9b433d9ff4a91be986974 - Path: Packages/com.unity.collab-proxy/Editor/Assistant/Tools/UVCSToolContext.cs - Importer: ScriptedImporter/UnityEditor.QuickSearchModule:UnityEditor.Search:ASIAI0B' with importer (ScriptedImporter : UnityEditor.QuickSearchModule:UnityEditor.Search:ASIAI0B)
Imported 'GUID: c35635b884e9b433d9ff4a91be986974' -> (Import Result ID: '80ad413305e95eba22a96df4c9733419') in 0.001 seconds [static and dynamic dependencies]. Details - ImportResultOutputID=f1897071d63e90ec663b5e70ff1dc874 DependenciesID=66cd460b3ebbcd7a5f007b740415f761 StaticDependenciesID=2195f730513f99941eba2a2a7eff6ef2 
Number of updated asset objects reloaded before import = 0
Number of asset objects unloaded after import = 0
========================================================================
Received Import Request.
  Time of request: 2026-10-09T14:09:48.649523Z
  Time since last request: 0.01003398 seconds.
  importAddress: GUID: 4075c9f563ed474ca5c3bb24a201259c - Path: Packages/com.unity.collab-proxy/Editor/CodeEditor/Rendering/VisualYPosition.cs - Importer: ScriptedImporter/UnityEditor.QuickSearchModule:UnityEditor.Search:ASIAI0B
Importing 'GUID: 4075c9f563ed474ca5c3bb24a201259c - Path: Packages/com.unity.collab-proxy/Editor/CodeEditor/Rendering/VisualYPosition.cs - Importer: ScriptedImporter/UnityEditor.QuickSearchModule:UnityEditor.Search:ASIAI0B' with importer (ScriptedImporter : UnityEditor.QuickSearchModule:UnityEditor.Search:ASIAI0B)
Imported 'GUID: 4075c9f563ed474ca5c3bb24a201259c' -> (Import Result ID: '4f158837f47126131bb2b51aa5315a09') in 0.001 seconds [static and dynamic dependencies]. Details - ImportResultOutputID=23a7c3b131252ba9d0617c1f5cd2f89d DependenciesID=e70ce4020faac1f0767de20943087ead StaticDependenciesID=a86bd3e7cb2087f3af9728b6c17368a2 
Number of updated asset objects reloaded before import = 0
Number of asset objects unloaded after import = 0
========================================================================
Received Import Request.
  Time of request: 2026-10-09T14:09:48.658109Z
  Time since last request: 0.000550247 seconds.
  importAddress: GUID: 08c7b01b22714cd0a8ff0b3d9add5c1c - Path: Packages/com.unity.collab-proxy/Editor/CodeEditor/Editing/SelectionMouseHandler.cs - Importer: ScriptedImporter/UnityEditor.QuickSearchModule:UnityEditor.Search:ASIAI0B
Importing 'GUID: 08c7b01b22714cd0a8ff0b3d9add5c1c - Path: Packages/com.unity.collab-proxy/Editor/CodeEditor/Editing/SelectionMouseHandler.cs - Importer: ScriptedImporter/UnityEditor.QuickSearchModule:UnityEditor.Search:ASIAI0B' with importer (ScriptedImporter : UnityEditor.QuickSearchModule:UnityEditor.Search:ASIAI0B)
Imported 'GUID: 08c7b01b22714cd0a8ff0b3d9add5c1c' -> (Import Result ID: '3a0d8d80f9c6a9a256a5f0f23c6a7706') in 0.002 seconds [static and dynamic dependencies]. Details - ImportResultOutputID=394a68a80cd9089724b374dae4e8a1bd DependenciesID=f58a0cc18198b2b39d12c10ca638cd25 StaticDependenciesID=62bead5dfcc6dbe955af53ba428acde0 
Number of updated asset objects reloaded before import = 0
Number of asset objects unloaded after import = 0
========================================================================
Received Import Request.
  Time of request: 2026-10-09T14:09:48.667461Z
  Time since last request: 0.000744419 seconds.
  importAddress: GUID: a647d70b6a9d43e78f885cb45b2263b0 - Path: Packages/com.unity.collab-proxy/Editor/CodeEditor/Rendering/CurrentLineHightlightRenderer.cs - Importer: ScriptedImporter/UnityEditor.QuickSearchModule:UnityEditor.Search:ASIAI0B
Importing 'GUID: a647d70b6a9d43e78f885cb45b2263b0 - Path: Packages/com.unity.collab-proxy/Editor/CodeEditor/Rendering/CurrentLineHightlightRenderer.cs - Importer: ScriptedImporter/UnityEditor.QuickSearchModule:UnityEditor.Search:ASIAI0B' with importer (ScriptedImporter : UnityEditor.QuickSearchModule:UnityEditor.Search:ASIAI0B)
Imported 'GUID: a647d70b6a9d43e78f885cb45b2263b0' -> (Import Result ID: 'cc737e6eabaf1f00c36cdfd1877c7457') in 0.002 seconds [static and dynamic dependencies]. Details - ImportResultOutputID=1103571c0a915cda16d57a8b16346fa0 DependenciesID=a615387d0659fe0ce2d6ff845f941240 StaticDependenciesID=c698594eeca4b01cc12b7e5fa1598704 
Number of updated asset objects reloaded before import = 0
Number of asset objects unloaded after import = 0
========================================================================
Received Import Request.
  Time of request: 2026-10-09T14:09:48.677277Z
  Time since last request: 0.000551961 seconds.
  importAddress: GUID: 417a7fb7b11644dcb5e6cba5fa86afd9 - Path: Packages/com.unity.collab-proxy/Editor/CodeEditor/Rendering/HeightTreeLineNode.cs - Importer: ScriptedImporter/UnityEditor.QuickSearchModule:UnityEditor.Search:ASIAI0B
Importing 'GUID: 417a7fb7b11644dcb5e6cba5fa86afd9 - Path: Packages/com.unity.collab-proxy/Editor/CodeEditor/Rendering/HeightTreeLineNode.cs - Importer: ScriptedImporter/UnityEditor.QuickSearchModule:UnityEditor.Search:ASIAI0B' with importer (ScriptedImporter : UnityEditor.QuickSearchModule:UnityEditor.Search:ASIAI0B)
Imported 'GUID: 417a7fb7b11644dcb5e6cba5fa86afd9' -> (Import Result ID: '2b8802a374aaba63231bea69699adeda') in 0.002 seconds [static and dynamic dependencies]. Details - ImportResultOutputID=f31e5cfef0a991808116d41a81aa7b3c DependenciesID=73a8fd4b7023a30e208ab357e32ed762 StaticDependenciesID=b1ae5b66c276c0f2c6075028042ccb3d 
Number of updated asset objects reloaded before import = 0
Number of asset objects unloaded after import = 0
========================================================================
Received Import Request.
  Time of request: 2026-10-09T14:09:48.685888Z
  Time since last request: 0.000491648 seconds.
  importAddress: GUID: 6ff43a353ef749139882e055ebd32a3d - Path: Packages/com.unity.collab-proxy/Editor/CodeEditor/Text/TextFormatter.cs - Importer: ScriptedImporter/UnityEditor.QuickSearchModule:UnityEditor.Search:ASIAI0B
Importing 'GUID: 6ff43a353ef749139882e055ebd32a3d - Path: Packages/com.unity.collab-proxy/Editor/CodeEditor/Text/TextFormatter.cs - Importer: ScriptedImporter/UnityEditor.QuickSearchModule:UnityEditor.Search:ASIAI0B' with importer (ScriptedImporter : UnityEditor.QuickSearchModule:UnityEditor.Search:ASIAI0B)
Imported 'GUID: 6ff43a353ef749139882e055ebd32a3d' -> (Import Result ID: '2daa90848055cb97b6b907cfee575008') in 0.001 seconds [static and dynamic dependencies]. Details - ImportResultOutputID=b0bf5f9a63ef0b386a0ec6c582a0c95c DependenciesID=bc3a9561f25393a5a85641c276f6fd35 StaticDependenciesID=42cdb083725271399a759742c8b2d92c 
Number of updated asset objects reloaded before import = 0
Number of asset objects unloaded after import = 0
========================================================================
Received Import Request.
  Time of request: 2026-10-09T14:09:48.69433Z
  Time since last request: 0.000606773 seconds.
  importAddress: GUID: 999512b3c047453981fd61b8533ac1fd - Path: Packages/com.unity.collab-proxy/Editor/CodeEditor/Rendering/IBackgroundRenderer.cs - Importer: ScriptedImporter/UnityEditor.QuickSearchModule:UnityEditor.Search:ASIAI0B
Importing 'GUID: 999512b3c047453981fd61b8533ac1fd - Path: Packages/com.unity.collab-proxy/Editor/CodeEditor/Rendering/IBackgroundRenderer.cs - Importer: ScriptedImporter/UnityEditor.QuickSearchModule:UnityEditor.Search:ASIAI0B' with importer (ScriptedImporter : UnityEditor.QuickSearchModule:UnityEditor.Search:ASIAI0B)
Imported 'GUID: 999512b3c047453981fd61b8533ac1fd' -> (Import Result ID: '9aef6d7f80bddeadab001db93be4f0ec') in 0.001 seconds [static and dynamic dependencies]. Details - ImportResultOutputID=042acb8c68f3ebc7af065bb84830eb04 DependenciesID=19c3c2e47b263eea1c52f3e9cbbf885f StaticDependenciesID=3368d58b15e7960eef6be1025ebe7148 
Number of updated asset objects reloaded before import = 0
Number of asset objects unloaded after import = 0
========================================================================
Received Import Request.
  Time of request: 2026-10-09T14:09:48.702585Z
  Time since last request: 0.00035342 seconds.
  importAddress: GUID: 020cf146eb6046b787fd56c275a4b6f8 - Path: Packages/com.unity.collab-proxy/Editor/CodeEditor/Rendering/HeightTree.cs - Importer: ScriptedImporter/UnityEditor.QuickSearchModule:UnityEditor.Search:ASIAI0B
Importing 'GUID: 020cf146eb6046b787fd56c275a4b6f8 - Path: Packages/com.unity.collab-proxy/Editor/CodeEditor/Rendering/HeightTree.cs - Importer: ScriptedImporter/UnityEditor.QuickSearchModule:UnityEditor.Search:ASIAI0B' with importer (ScriptedImporter : UnityEditor.QuickSearchModule:UnityEditor.Search:ASIAI0B)
Imported 'GUID: 020cf146eb6046b787fd56c275a4b6f8' -> (Import Result ID: '1ef91cdf870de85769b257a0f54af1fb') in 0.001 seconds [static and dynamic dependencies]. Details - ImportResultOutputID=c4ada562bc4f8be801a9bbd39a6e68e1 DependenciesID=7e9511a448c7d89f48f9b56ebc239059 StaticDependenciesID=13fb12e4ec3cc180215a7d73b7d4fa70 
Number of updated asset objects reloaded before import = 0
Number of asset objects unloaded after import = 0
========================================================================
Received Import Request.
  Time of request: 2026-10-09T14:09:48.710881Z
  Time since last request: 0.000466981 seconds.
  importAddress: GUID: 57aabb9a9c3b4759aa549ef5e8bf7f07 - Path: Packages/com.unity.collab-proxy/Editor/CodeEditor/Rendering/CollapsedLineSection.cs - Importer: ScriptedImporter/UnityEditor.QuickSearchModule:UnityEditor.Search:ASIAI0B
Importing 'GUID: 57aabb9a9c3b4759aa549ef5e8bf7f07 - Path: Packages/com.unity.collab-proxy/Editor/CodeEditor/Rendering/CollapsedLineSection.cs - Importer: ScriptedImporter/UnityEditor.QuickSearchModule:UnityEditor.Search:ASIAI0B' with importer (ScriptedImporter : UnityEditor.QuickSearchModule:UnityEditor.Search:ASIAI0B)
Imported 'GUID: 57aabb9a9c3b4759aa549ef5e8bf7f07' -> (Import Result ID: '769547e7e5a4174fd3bed96ffe85a73b') in 0.002 seconds [static and dynamic dependencies]. Details - ImportResultOutputID=8092b8a778c2320c03980b20f45575f5 DependenciesID=81f8675bc9db2d9af6a2d735c3fa8eb5 StaticDependenciesID=9c4ef719cc32dbd9b1c5c15be9c4f78d 
Number of updated asset objects reloaded before import = 0
Number of asset objects unloaded after import = 0
========================================================================
Received Import Request.
  Time of request: 2026-10-09T14:09:48.719838Z
  Time since last request: 0.000444169 seconds.
  importAddress: GUID: 4c0af467cff74af5b25255706dd5dc26 - Path: Packages/com.unity.collab-proxy/Editor/CodeEditor/Rendering/DocumentColorizingTransformer.cs - Importer: ScriptedImporter/UnityEditor.QuickSearchModule:UnityEditor.Search:ASIAI0B
Importing 'GUID: 4c0af467cff74af5b25255706dd5dc26 - Path: Packages/com.unity.collab-proxy/Editor/CodeEditor/Rendering/DocumentColorizingTransformer.cs - Importer: ScriptedImporter/UnityEditor.QuickSearchModule:UnityEditor.Search:ASIAI0B' with importer (ScriptedImporter : UnityEditor.QuickSearchModule:UnityEditor.Search:ASIAI0B)
Imported 'GUID: 4c0af467cff74af5b25255706dd5dc26' -> (Import Result ID: '079bdf9010d8bc7e6ab85fb3c2712db0') in 0.001 seconds [static and dynamic dependencies]. Details - ImportResultOutputID=dc3dfd9e3165f7ec0791782549654a10 DependenciesID=ff1f972291db76bb0d139dde2516c1a0 StaticDependenciesID=85f967e7dd930dceebc183608cb79b9b 
Number of updated asset objects reloaded before import = 0
Number of asset objects unloaded after import = 0
========================================================================
Received Import Request.
  Time of request: 2026-10-09T14:09:48.728163Z
  Time since last request: 0.00043942 seconds.
  importAddress: GUID: f644fd7beee314f57869b6ba6af5307b - Path: Packages/com.unity.collab-proxy/Editor/CodeEditor/Search/SearchPanel.cs - Importer: ScriptedImporter/UnityEditor.QuickSearchModule:UnityEditor.Search:ASIAI0B
Importing 'GUID: f644fd7beee314f57869b6ba6af5307b - Path: Packages/com.unity.collab-proxy/Editor/CodeEditor/Search/SearchPanel.cs - Importer: ScriptedImporter/UnityEditor.QuickSearchModule:UnityEditor.Search:ASIAI0B' with importer (ScriptedImporter : UnityEditor.QuickSearchModule:UnityEditor.Search:ASIAI0B)
Imported 'GUID: f644fd7beee314f57869b6ba6af5307b' -> (Import Result ID: 'ad70362d47f0077e240657e63beb792e') in 0.001 seconds [static and dynamic dependencies]. Details - ImportResultOutputID=dab3ce5de52ab3dfc01cff5daa282e24 DependenciesID=640afb450a51a61cce0cbd9f451fea77 StaticDependenciesID=0b3bb4a3bfd71541baa6a7a80fd5b429 
Number of updated asset objects reloaded before import = 0
Number of asset objects unloaded after import = 0
========================================================================
Received Import Request.
  Time of request: 2026-10-09T14:09:48.736766Z
  Time since last request: 0.000316791 seconds.
  importAddress: GUID: ab79da1819734438b1c811b17845aae6 - Path: Packages/com.unity.collab-proxy/Editor/CodeEditor/Rendering/TextLayer.cs - Importer: ScriptedImporter/UnityEditor.QuickSearchModule:UnityEditor.Search:ASIAI0B
Importing 'GUID: ab79da1819734438b1c811b17845aae6 - Path: Packages/com.unity.collab-proxy/Editor/CodeEditor/Rendering/TextLayer.cs - Importer: ScriptedImporter/UnityEditor.QuickSearchModule:UnityEditor.Search:ASIAI0B' with importer (ScriptedImporter : UnityEditor.QuickSearchModule:UnityEditor.Search:ASIAI0B)
Imported 'GUID: ab79da1819734438b1c811b17845aae6' -> (Import Result ID: '59d70836b12a94383adeb28fc365166c') in 0.003 seconds [static and dynamic dependencies]. Details - ImportResultOutputID=07fa251e9307fcf6cb7382e7263a3700 DependenciesID=51e29d1bfbb56a3740aad023d07a373a StaticDependenciesID=eea7ba65d6a0a936e30bd0987b054365 
Number of updated asset objects reloaded before import = 0
Number of asset objects unloaded after import = 0
========================================================================
Received Import Request.
  Time of request: 2026-10-09T14:09:48.748935Z
  Time since last request: 0.000400628 seconds.
  importAddress: GUID: a2601a7e62a84d3e95fe8be6d25a7280 - Path: Packages/com.unity.collab-proxy/Editor/CodeEditor/Utils/BusyManager.cs - Importer: ScriptedImporter/UnityEditor.QuickSearchModule:UnityEditor.Search:ASIAI0B
Importing 'GUID: a2601a7e62a84d3e95fe8be6d25a7280 - Path: Packages/com.unity.collab-proxy/Editor/CodeEditor/Utils/BusyManager.cs - Importer: ScriptedImporter/UnityEditor.QuickSearchModule:UnityEditor.Search:ASIAI0B' with importer (ScriptedImporter : UnityEditor.QuickSearchModule:UnityEditor.Search:ASIAI0B)
Imported 'GUID: a2601a7e62a84d3e95fe8be6d25a7280' -> (Import Result ID: '77fb8a0c9c0c892e1b0e44d5f08d883f') in 0.001 seconds [static and dynamic dependencies]. Details - ImportResultOutputID=7359fc466e6f1d60e776d28fc119dcc4 DependenciesID=97aaac8cde28c781ec9fff93f8ff8bf1 StaticDependenciesID=11ac08c238767209d3a0d3e67ec7d3de 
Number of updated asset objects reloaded before import = 0
Number of asset objects unloaded after import = 0
========================================================================
Received Import Request.
  Time of request: 2026-10-09T14:09:48.758458Z
  Time since last request: 0.000328173 seconds.
  importAddress: GUID: 51def9dc85f6426281d8d68f63b72425 - Path: Packages/com.unity.collab-proxy/Editor/CodeEditor/Rendering/ITextRunConstructionContext.cs - Importer: ScriptedImporter/UnityEditor.QuickSearchModule:UnityEditor.Search:ASIAI0B
Importing 'GUID: 51def9dc85f6426281d8d68f63b72425 - Path: Packages/com.unity.collab-proxy/Editor/CodeEditor/Rendering/ITextRunConstructionContext.cs - Importer: ScriptedImporter/UnityEditor.QuickSearchModule:UnityEditor.Search:ASIAI0B' with importer (ScriptedImporter : UnityEditor.QuickSearchModule:UnityEditor.Search:ASIAI0B)
Imported 'GUID: 51def9dc85f6426281d8d68f63b72425' -> (Import Result ID: '321dffc510d3431d9d4aa9a4ec42c63a') in 0.001 seconds [static and dynamic dependencies]. Details - ImportResultOutputID=5846e20f6daddc38e84934e3448ddbca DependenciesID=ae0df2e29c735700a2f636ed4f383918 StaticDependenciesID=3617bcf73fea70062b4b7143cdfd2b43 
Number of updated asset objects reloaded before import = 0
Number of asset objects unloaded after import = 0
========================================================================
Received Import Request.
  Time of request: 2026-10-09T14:09:48.766875Z
  Time since last request: 0.000394597 seconds.
  importAddress: GUID: cb2fb351949604785bb11ffdb44f18b7 - Path: Packages/com.unity.collab-proxy/Editor/CodeEditor/Utils/CallbackOnDispose.cs - Importer: ScriptedImporter/UnityEditor.QuickSearchModule:UnityEditor.Search:ASIAI0B
Importing 'GUID: cb2fb351949604785bb11ffdb44f18b7 - Path: Packages/com.unity.collab-proxy/Editor/CodeEditor/Utils/CallbackOnDispose.cs - Importer: ScriptedImporter/UnityEditor.QuickSearchModule:UnityEditor.Search:ASIAI0B' with importer (ScriptedImporter : UnityEditor.QuickSearchModule:UnityEditor.Search:ASIAI0B)
Imported 'GUID: cb2fb351949604785bb11ffdb44f18b7' -> (Import Result ID: '17297059fe4cd0d071e23b2895cdce04') in 0.002 seconds [static and dynamic dependencies]. Details - ImportResultOutputID=ec615a70a4b9d3d5700e88be4a509c80 DependenciesID=f61a7b0de041d96b984aa1d8574a5079 StaticDependenciesID=81cb0c3261685c77b0d47645f9e40a33 
Number of updated asset objects reloaded before import = 0
Number of asset objects unloaded after import = 0
========================================================================
Received Import Request.
  Time of request: 2026-10-09T14:09:48.775901Z
  Time since last request: 0.000306382 seconds.
  importAddress: GUID: 3caade91a0f84e08b049f6bdff64becc - Path: Packages/com.unity.collab-proxy/Editor/CodeEditor/Text/TextRun.cs - Importer: ScriptedImporter/UnityEditor.QuickSearchModule:UnityEditor.Search:ASIAI0B
Importing 'GUID: 3caade91a0f84e08b049f6bdff64becc - Path: Packages/com.unity.collab-proxy/Editor/CodeEditor/Text/TextRun.cs - Importer: ScriptedImporter/UnityEditor.QuickSearchModule:UnityEditor.Search:ASIAI0B' with importer (ScriptedImporter : UnityEditor.QuickSearchModule:UnityEditor.Search:ASIAI0B)
Imported 'GUID: 3caade91a0f84e08b049f6bdff64becc' -> (Import Result ID: 'f89f9b6f2202990e013043cb726cd71a') in 0.001 seconds [static and dynamic dependencies]. Details - ImportResultOutputID=88c5066db816b8f72f2aee79a3e234c6 DependenciesID=2f2f156cd608301ce42ed9ef5c94d9e8 StaticDependenciesID=2517fc2df7bc15c85c7992741085d4c1 
Number of updated asset objects reloaded before import = 0
Number of asset objects unloaded after import = 0
========================================================================
Received Import Request.
  Time of request: 2026-10-09T14:09:48.784216Z
  Time since last request: 0.000248794 seconds.
  importAddress: GUID: 62395497a7ea46539f001c6080803e64 - Path: Packages/com.unity.collab-proxy/Editor/CodeEditor/Rendering/IVisualLineTransformer.cs - Importer: ScriptedImporter/UnityEditor.QuickSearchModule:UnityEditor.Search:ASIAI0B
Importing 'GUID: 62395497a7ea46539f001c6080803e64 - Path: Packages/com.unity.collab-proxy/Editor/CodeEditor/Rendering/IVisualLineTransformer.cs - Importer: ScriptedImporter/UnityEditor.QuickSearchModule:UnityEditor.Search:ASIAI0B' with importer (ScriptedImporter : UnityEditor.QuickSearchModule:UnityEditor.Search:ASIAI0B)
Imported 'GUID: 62395497a7ea46539f001c6080803e64' -> (Import Result ID: '6d4358cb8bab7072e9270fe9664b205a') in 0.001 seconds [static and dynamic dependencies]. Details - ImportResultOutputID=a964aa70e0e82326757546a8df36ae7b DependenciesID=264b47b900f204ccc782f761553b10fa StaticDependenciesID=a756f5d64a3a5c5d4318288c48f5f400 
Number of updated asset objects reloaded before import = 0
Number of asset objects unloaded after import = 0
========================================================================
Received Import Request.
  Time of request: 2026-10-09T14:09:48.792936Z
  Time since last request: 0.000285643 seconds.
  importAddress: GUID: 0038f75bdeed4f27a4ff0d1a241932b6 - Path: Packages/com.unity.collab-proxy/Editor/CodeEditor/Platform/PlatformHotkeyConfiguration.cs - Importer: ScriptedImporter/UnityEditor.QuickSearchModule:UnityEditor.Search:ASIAI0B
Importing 'GUID: 0038f75bdeed4f27a4ff0d1a241932b6 - Path: Packages/com.unity.collab-proxy/Editor/CodeEditor/Platform/PlatformHotkeyConfiguration.cs - Importer: ScriptedImporter/UnityEditor.QuickSearchModule:UnityEditor.Search:ASIAI0B' with importer (ScriptedImporter : UnityEditor.QuickSearchModule:UnityEditor.Search:ASIAI0B)
Imported 'GUID: 0038f75bdeed4f27a4ff0d1a241932b6' -> (Import Result ID: 'eda5f93ced17a372ee6622d3ecf6bba9') in 0.001 seconds [static and dynamic dependencies]. Details - ImportResultOutputID=54fd283ab7da5630390cffe3c65067f2 DependenciesID=fc33ca2e6ed58655ace8bce84f903af0 StaticDependenciesID=96fab6ee031ad988d122daae4cfcebf2 
Number of updated asset objects reloaded before import = 0
Number of asset objects unloaded after import = 0
========================================================================
Received Import Request.
  Time of request: 2026-10-09T14:09:48.801488Z
  Time since last request: 0.000308505 seconds.
  importAddress: GUID: dcf41b8eb4864b26940bbaae32dedbb4 - Path: Packages/com.unity.collab-proxy/Editor/CodeEditor/Rendering/VisualLineConstructionStartEventArgs.cs - Importer: ScriptedImporter/UnityEditor.QuickSearchModule:UnityEditor.Search:ASIAI0B
Importing 'GUID: dcf41b8eb4864b26940bbaae32dedbb4 - Path: Packages/com.unity.collab-proxy/Editor/CodeEditor/Rendering/VisualLineConstructionStartEventArgs.cs - Importer: ScriptedImporter/UnityEditor.QuickSearchModule:UnityEditor.Search:ASIAI0B' with importer (ScriptedImporter : UnityEditor.QuickSearchModule:UnityEditor.Search:ASIAI0B)
Imported 'GUID: dcf41b8eb4864b26940bbaae32dedbb4' -> (Import Result ID: '78c9a78f348c6235969326b45244863e') in 0.002 seconds [static and dynamic dependencies]. Details - ImportResultOutputID=f7feb2a6b76159314cb28d93d59ea854 DependenciesID=23b4ad2f86a9c5200c97546f6929c63c StaticDependenciesID=b6f4a9bbfebe5e4bd2eb5b03d8d48965 
Number of updated asset objects reloaded before import = 0
Number of asset objects unloaded after import = 0
========================================================================
Received Import Request.
  Time of request: 2026-10-09T14:09:48.810648Z
  Time since last request: 0.000361024 seconds.
  importAddress: GUID: 68d7cf500a1a483a91877267c234c1bc - Path: Packages/com.unity.collab-proxy/Editor/CodeEditor/Rendering/ColorizingTransformer.cs - Importer: ScriptedImporter/UnityEditor.QuickSearchModule:UnityEditor.Search:ASIAI0B
Importing 'GUID: 68d7cf500a1a483a91877267c234c1bc - Path: Packages/com.unity.collab-proxy/Editor/CodeEditor/Rendering/ColorizingTransformer.cs - Importer: ScriptedImporter/UnityEditor.QuickSearchModule:UnityEditor.Search:ASIAI0B' with importer (ScriptedImporter : UnityEditor.QuickSearchModule:UnityEditor.Search:ASIAI0B)
Imported 'GUID: 68d7cf500a1a483a91877267c234c1bc' -> (Import Result ID: '40225b3e1f402bf78d58cb114e091fb9') in 0.001 seconds [static and dynamic dependencies]. Details - ImportResultOutputID=4bcb842bb08d6d458d4331c76769eb15 DependenciesID=431010b2bbb40ed87156c4aa9dfbd354 StaticDependenciesID=390ea7eec4bb373f6bf0155cbac78f6c 
Number of updated asset objects reloaded before import = 0
Number of asset objects unloaded after import = 0
========================================================================
Received Import Request.
  Time of request: 2026-10-09T14:09:48.819433Z
  Time since last request: 0.000376122 seconds.
  importAddress: GUID: d6842f57a93b6482891d7bef3b4b46e6 - Path: Packages/com.unity.collab-proxy/Editor/CodeEditor/Search/RegexSearchStrategy.cs - Importer: ScriptedImporter/UnityEditor.QuickSearchModule:UnityEditor.Search:ASIAI0B
Importing 'GUID: d6842f57a93b6482891d7bef3b4b46e6 - Path: Packages/com.unity.collab-proxy/Editor/CodeEditor/Search/RegexSearchStrategy.cs - Importer: ScriptedImporter/UnityEditor.QuickSearchModule:UnityEditor.Search:ASIAI0B' with importer (ScriptedImporter : UnityEditor.QuickSearchModule:UnityEditor.Search:ASIAI0B)
Imported 'GUID: d6842f57a93b6482891d7bef3b4b46e6' -> (Import Result ID: 'fdf9bd506f862463a7daec0b2687a573') in 0.001 seconds [static and dynamic dependencies]. Details - ImportResultOutputID=d889d0e6ef7b34ae3ebba2e0f2167854 DependenciesID=66d8d2f68a0cf0297f26a7789ef56d62 StaticDependenciesID=adab91101b09a10f6435a2077da076ad 
Number of updated asset objects reloaded before import = 0
Number of asset objects unloaded after import = 0
========================================================================
Received Import Request.
  Time of request: 2026-10-09T14:09:48.8281Z
  Time since last request: 0.000470248 seconds.
  importAddress: GUID: 53017b1654c74ad599aa144268eff7fc - Path: Packages/com.unity.collab-proxy/Editor/CodeEditor/Rendering/VisualLine.cs - Importer: ScriptedImporter/UnityEditor.QuickSearchModule:UnityEditor.Search:ASIAI0B
Importing 'GUID: 53017b1654c74ad599aa144268eff7fc - Path: Packages/com.unity.collab-proxy/Editor/CodeEditor/Rendering/VisualLine.cs - Importer: ScriptedImporter/UnityEditor.QuickSearchModule:UnityEditor.Search:ASIAI0B' with importer (ScriptedImporter : UnityEditor.QuickSearchModule:UnityEditor.Search:ASIAI0B)
Imported 'GUID: 53017b1654c74ad599aa144268eff7fc' -> (Import Result ID: '8248ee7fbab88457eecd29e9f19eca14') in 0.001 seconds [static and dynamic dependencies]. Details - ImportResultOutputID=6a4166fc15822af1b47e04690d78531d DependenciesID=b2611a6572f8537cee1b15ef5d036696 StaticDependenciesID=c27fa1700df8de676c8a866a2c5e18e8 
Number of updated asset objects reloaded before import = 0
Number of asset objects unloaded after import = 0
========================================================================
Received Import Request.
  Time of request: 2026-10-09T14:09:48.854377Z
  Time since last request: 0.017753089 seconds.
  importAddress: GUID: c95121e1e2d89e648b9d0aed259caad9 - Path: Packages/com.unity.collab-proxy/Editor/Configuration/TeamEdition/TeamEditionConfigurationWindow.cs - Importer: ScriptedImporter/UnityEditor.QuickSearchModule:UnityEditor.Search:ASIAI0B
Importing 'GUID: c95121e1e2d89e648b9d0aed259caad9 - Path: Packages/com.unity.collab-proxy/Editor/Configuration/TeamEdition/TeamEditionConfigurationWindow.cs - Importer: ScriptedImporter/UnityEditor.QuickSearchModule:UnityEditor.Search:ASIAI0B' with importer (ScriptedImporter : UnityEditor.QuickSearchModule:UnityEditor.Search:ASIAI0B)
Imported 'GUID: c95121e1e2d89e648b9d0aed259caad9' -> (Import Result ID: '7a116c5000f9781205f411cf3016b57e') in 0.002 seconds [static and dynamic dependencies]. Details - ImportResultOutputID=45a8c79a1ecec85bcd6520337dfe737d DependenciesID=b65248b0f56620b32195367a7bb15d70 StaticDependenciesID=b0e00c514134ccbad6cb67b090c265b9 
Number of updated asset objects reloaded before import = 0
Number of asset objects unloaded after import = 0
========================================================================
Received Import Request.
  Time of request: 2026-10-09T14:09:48.862811Z
  Time since last request: 0.000514531 seconds.
  importAddress: GUID: 3dc66d65633cae744a4b889b78e98bbc - Path: Packages/com.unity.collab-proxy/Editor/Diff/Text/GoToLineDialogBody.cs - Importer: ScriptedImporter/UnityEditor.QuickSearchModule:UnityEditor.Search:ASIAI0B
Importing 'GUID: 3dc66d65633cae744a4b889b78e98bbc - Path: Packages/com.unity.collab-proxy/Editor/Diff/Text/GoToLineDialogBody.cs - Importer: ScriptedImporter/UnityEditor.QuickSearchModule:UnityEditor.Search:ASIAI0B' with importer (ScriptedImporter : UnityEditor.QuickSearchModule:UnityEditor.Search:ASIAI0B)
Imported 'GUID: 3dc66d65633cae744a4b889b78e98bbc' -> (Import Result ID: '5224fa0e0cca5076c915ddaeb57a55fe') in 0.001 seconds [static and dynamic dependencies]. Details - ImportResultOutputID=ca8d0e74f3f03bfefe0d4fecef3000b9 DependenciesID=4d524953b533723f08256ef903e64f52 StaticDependenciesID=4132e9121d287404de57763725e26e1d 
Number of updated asset objects reloaded before import = 0
Number of asset objects unloaded after import = 0
========================================================================
Received Import Request.
  Time of request: 2026-10-09T14:09:48.871566Z
  Time since last request: 0.000395739 seconds.
  importAddress: GUID: fb7ea6d6161404db892d5c2449ce7096 - Path: Packages/com.unity.collab-proxy/Editor/Diff/Text/ActionBarsHandler.cs - Importer: ScriptedImporter/UnityEditor.QuickSearchModule:UnityEditor.Search:ASIAI0B
Importing 'GUID: fb7ea6d6161404db892d5c2449ce7096 - Path: Packages/com.unity.collab-proxy/Editor/Diff/Text/ActionBarsHandler.cs - Importer: ScriptedImporter/UnityEditor.QuickSearchModule:UnityEditor.Search:ASIAI0B' with importer (ScriptedImporter : UnityEditor.QuickSearchModule:UnityEditor.Search:ASIAI0B)
Imported 'GUID: fb7ea6d6161404db892d5c2449ce7096' -> (Import Result ID: 'bfa2ab3fdd3e6db5824e3c760a02a458') in 0.001 seconds [static and dynamic dependencies]. Details - ImportResultOutputID=f4668b1f8cb974d4996e8b3a11f4ef16 DependenciesID=501fe0201156f887dfaec99f2082d6fa StaticDependenciesID=b3b2c0240d2da832ac93f9ea5e62850d 
Number of updated asset objects reloaded before import = 0
Number of asset objects unloaded after import = 0
========================================================================
Received Import Request.
  Time of request: 2026-10-09T14:09:48.879267Z
  Time since last request: 0.000250958 seconds.
  importAddress: GUID: 2c80adc488044eddbad72e2e92f8bba2 - Path: Packages/com.unity.collab-proxy/Editor/Diff/Text/ContentControl.cs - Importer: ScriptedImporter/UnityEditor.QuickSearchModule:UnityEditor.Search:ASIAI0B
Importing 'GUID: 2c80adc488044eddbad72e2e92f8bba2 - Path: Packages/com.unity.collab-proxy/Editor/Diff/Text/ContentControl.cs - Importer: ScriptedImporter/UnityEditor.QuickSearchModule:UnityEditor.Search:ASIAI0B' with importer (ScriptedImporter : UnityEditor.QuickSearchModule:UnityEditor.Search:ASIAI0B)
Imported 'GUID: 2c80adc488044eddbad72e2e92f8bba2' -> (Import Result ID: '7c7f82bbc2ea75278f5b807ad09f64e4') in 0.002 seconds [static and dynamic dependencies]. Details - ImportResultOutputID=9364e930390ede6f1e58e1f47f0656c7 DependenciesID=acfbe9e641484979a08c5e113559d4dd StaticDependenciesID=649c0145d73e0f5cfa89c6cdffd241e5 
Number of updated asset objects reloaded before import = 0
Number of asset objects unloaded after import = 0
========================================================================
Received Import Request.
  Time of request: 2026-10-09T14:09:48.887597Z
  Time since last request: 0.00043411 seconds.
  importAddress: GUID: 205856b2c6304b8d8cdf7811e8494c72 - Path: Packages/com.unity.collab-proxy/Editor/CodeEditor/Utils/FileReader.cs - Importer: ScriptedImporter/UnityEditor.QuickSearchModule:UnityEditor.Search:ASIAI0B
Importing 'GUID: 205856b2c6304b8d8cdf7811e8494c72 - Path: Packages/com.unity.collab-proxy/Editor/CodeEditor/Utils/FileReader.cs - Importer: ScriptedImporter/UnityEditor.QuickSearchModule:UnityEditor.Search:ASIAI0B' with importer (ScriptedImporter : UnityEditor.QuickSearchModule:UnityEditor.Search:ASIAI0B)
Imported 'GUID: 205856b2c6304b8d8cdf7811e8494c72' -> (Import Result ID: 'f0f6fc1c60ad4b6b59b5d22bcde28c52') in 0.001 seconds [static and dynamic dependencies]. Details - ImportResultOutputID=e8e42afbbe42fe6e43d0af512742b586 DependenciesID=b8fda889befb1c6f8c75e228e92a597b StaticDependenciesID=5bae5e89c11c443a6de46a7db02500ed 
Number of updated asset objects reloaded before import = 0
Number of asset objects unloaded after import = 0
========================================================================
Received Import Request.
  Time of request: 2026-10-09T14:09:48.895717Z
  Time since last request: 0.000472582 seconds.
  importAddress: GUID: 41e102f2e5fa4b40b4ed138a4ca27a14 - Path: Packages/com.unity.collab-proxy/Editor/Diff/Purged/PurgedRevisionControl.cs - Importer: ScriptedImporter/UnityEditor.QuickSearchModule:UnityEditor.Search:ASIAI0B
Importing 'GUID: 41e102f2e5fa4b40b4ed138a4ca27a14 - Path: Packages/com.unity.collab-proxy/Editor/Diff/Purged/PurgedRevisionControl.cs - Importer: ScriptedImporter/UnityEditor.QuickSearchModule:UnityEditor.Search:ASIAI0B' with importer (ScriptedImporter : UnityEditor.QuickSearchModule:UnityEditor.Search:ASIAI0B)
Imported 'GUID: 41e102f2e5fa4b40b4ed138a4ca27a14' -> (Import Result ID: 'de7203c38aab7aeb42a712ae054dfd41') in 0.001 seconds [static and dynamic dependencies]. Details - ImportResultOutputID=0141da6fd64376879c64a4107fd451aa DependenciesID=44e3e9f640e3a181399b37f891330f71 StaticDependenciesID=6d6ca7f766a336d31b69bf5e59266fdb 
Number of updated asset objects reloaded before import = 0
Number of asset objects unloaded after import = 0
========================================================================
Received Import Request.
  Time of request: 2026-10-09T14:09:48.903617Z
  Time since last request: 0.000273109 seconds.
  importAddress: GUID: 036a88373b074a0cb5c99d4568e77563 - Path: Packages/com.unity.collab-proxy/Editor/CodeEditor/Utils/IFreezable.cs - Importer: ScriptedImporter/UnityEditor.QuickSearchModule:UnityEditor.Search:ASIAI0B
Importing 'GUID: 036a88373b074a0cb5c99d4568e77563 - Path: Packages/com.unity.collab-proxy/Editor/CodeEditor/Utils/IFreezable.cs - Importer: ScriptedImporter/UnityEditor.QuickSearchModule:UnityEditor.Search:ASIAI0B' with importer (ScriptedImporter : UnityEditor.QuickSearchModule:UnityEditor.Search:ASIAI0B)
Imported 'GUID: 036a88373b074a0cb5c99d4568e77563' -> (Import Result ID: '0012c8c79b96faab1cafb42d2b4430a4') in 0.001 seconds [static and dynamic dependencies]. Details - ImportResultOutputID=e8e046d769ac4e5ef83ebb57e4d9351d DependenciesID=82221bb485b787751bbc2c6e1ddce6e8 StaticDependenciesID=84251e426dae3e9c51ad95c45298edc9 
Number of updated asset objects reloaded before import = 0
Number of asset objects unloaded after import = 0
========================================================================
Received Import Request.
  Time of request: 2026-10-09T14:09:48.912328Z
  Time since last request: 0.000616781 seconds.
  importAddress: GUID: 02d69df45bb94c3c8a653cabb22c064b - Path: Packages/com.unity.collab-proxy/Editor/Diff/SyntaxHighlight/TextMateExtensions.cs - Importer: ScriptedImporter/UnityEditor.QuickSearchModule:UnityEditor.Search:ASIAI0B
Importing 'GUID: 02d69df45bb94c3c8a653cabb22c064b - Path: Packages/com.unity.collab-proxy/Editor/Diff/SyntaxHighlight/TextMateExtensions.cs - Importer: ScriptedImporter/UnityEditor.QuickSearchModule:UnityEditor.Search:ASIAI0B' with importer (ScriptedImporter : UnityEditor.QuickSearchModule:UnityEditor.Search:ASIAI0B)
Imported 'GUID: 02d69df45bb94c3c8a653cabb22c064b' -> (Import Result ID: '2f863955d93c879c1b071aace5e62f51') in 0.001 seconds [static and dynamic dependencies]. Details - ImportResultOutputID=a4025b6cc7edb8f56395e741a87f3706 DependenciesID=c5a4a1e3b39b0fa6ea7d1225567fd4c3 StaticDependenciesID=dd2f616402c7bfdab8c752a48fc2bb9f 
Number of updated asset objects reloaded before import = 0
Number of asset objects unloaded after import = 0
========================================================================
Received Import Request.
  Time of request: 2026-10-09T14:09:48.921219Z
  Time since last request: 0.000737456 seconds.
  importAddress: GUID: c8ab888c6e9a34fa39c4ff5634157e7f - Path: Packages/com.unity.collab-proxy/Editor/Diff/History/MoveRealizationInfoDetailsPanel.cs - Importer: ScriptedImporter/UnityEditor.QuickSearchModule:UnityEditor.Search:ASIAI0B
Importing 'GUID: c8ab888c6e9a34fa39c4ff5634157e7f - Path: Packages/com.unity.collab-proxy/Editor/Diff/History/MoveRealizationInfoDetailsPanel.cs - Importer: ScriptedImporter/UnityEditor.QuickSearchModule:UnityEditor.Search:ASIAI0B' with importer (ScriptedImporter : UnityEditor.QuickSearchModule:UnityEditor.Search:ASIAI0B)
Imported 'GUID: c8ab888c6e9a34fa39c4ff5634157e7f' -> (Import Result ID: '965a8abf9e28a62ece382c6e98b99f63') in 0.002 seconds [static and dynamic dependencies]. Details - ImportResultOutputID=852a9d502f0b18e02936fa3c6c7c8692 DependenciesID=69720d2e517b8311ea3e39d608b75648 StaticDependenciesID=dc56a8a0102da904106824ccb4b9edbb 
Number of updated asset objects reloaded before import = 0
Number of asset objects unloaded after import = 0
========================================================================
Received Import Request.
  Time of request: 2026-10-09T14:09:48.930213Z
  Time since last request: 0.00077684 seconds.
  importAddress: GUID: b016a21ea769b4e23ad15ad43ae5c784 - Path: Packages/com.unity.collab-proxy/Editor/Diff/Text/GoToLineDialog.cs - Importer: ScriptedImporter/UnityEditor.QuickSearchModule:UnityEditor.Search:ASIAI0B
Importing 'GUID: b016a21ea769b4e23ad15ad43ae5c784 - Path: Packages/com.unity.collab-proxy/Editor/Diff/Text/GoToLineDialog.cs - Importer: ScriptedImporter/UnityEditor.QuickSearchModule:UnityEditor.Search:ASIAI0B' with importer (ScriptedImporter : UnityEditor.QuickSearchModule:UnityEditor.Search:ASIAI0B)
Imported 'GUID: b016a21ea769b4e23ad15ad43ae5c784' -> (Import Result ID: '6413c8859b14378a2ed9108e968feb7e') in 0.001 seconds [static and dynamic dependencies]. Details - ImportResultOutputID=59be1794c4472f9cd7a375dc5a377e96 DependenciesID=2202dc2cdd2ad8221089a562fa231371 StaticDependenciesID=0c9de7fae7ad339d2225d7623d43f6ff 
Number of updated asset objects reloaded before import = 0
Number of asset objects unloaded after import = 0
========================================================================
Received Import Request.
  Time of request: 2026-10-09T14:09:48.938613Z
  Time since last request: 0.000487249 seconds.
  importAddress: GUID: 1e99e51622924592820f5d5c09296780 - Path: Packages/com.unity.collab-proxy/Editor/CodeEditor/Utils/NullSafeCollection.cs - Importer: ScriptedImporter/UnityEditor.QuickSearchModule:UnityEditor.Search:ASIAI0B
Importing 'GUID: 1e99e51622924592820f5d5c09296780 - Path: Packages/com.unity.collab-proxy/Editor/CodeEditor/Utils/NullSafeCollection.cs - Importer: ScriptedImporter/UnityEditor.QuickSearchModule:UnityEditor.Search:ASIAI0B' with importer (ScriptedImporter : UnityEditor.QuickSearchModule:UnityEditor.Search:ASIAI0B)
Imported 'GUID: 1e99e51622924592820f5d5c09296780' -> (Import Result ID: '5d0aef314a3815276d617ab1af2923bb') in 0.001 seconds [static and dynamic dependencies]. Details - ImportResultOutputID=209a9a0258b641ca7484be013b1097b5 DependenciesID=f16bece07f455b72860bceb18b0addc7 StaticDependenciesID=92faa26f18ffd9d84a3b94e43125f836 
Number of updated asset objects reloaded before import = 0
Number of asset objects unloaded after import = 0
========================================================================
Received Import Request.
  Time of request: 2026-10-09T14:09:48.947174Z
  Time since last request: 0.000725765 seconds.
  importAddress: GUID: d7761b376e46440da9a6216011dfdb36 - Path: Packages/com.unity.collab-proxy/Editor/Diff/Text/DiffTextViewContextMenu.cs - Importer: ScriptedImporter/UnityEditor.QuickSearchModule:UnityEditor.Search:ASIAI0B
Importing 'GUID: d7761b376e46440da9a6216011dfdb36 - Path: Packages/com.unity.collab-proxy/Editor/Diff/Text/DiffTextViewContextMenu.cs - Importer: ScriptedImporter/UnityEditor.QuickSearchModule:UnityEditor.Search:ASIAI0B' with importer (ScriptedImporter : UnityEditor.QuickSearchModule:UnityEditor.Search:ASIAI0B)
Imported 'GUID: d7761b376e46440da9a6216011dfdb36' -> (Import Result ID: 'b75976f1caa44561c93b0249bae2a210') in 0.001 seconds [static and dynamic dependencies]. Details - ImportResultOutputID=0f62ec820eae0713bf1be8c07b3329a3 DependenciesID=b67b67d9f5060c626ac23545215be3dd StaticDependenciesID=ab8f134fe1f58d795fa57498a505d232 
Number of updated asset objects reloaded before import = 0
Number of asset objects unloaded after import = 0
========================================================================
Received Import Request.
  Time of request: 2026-10-09T14:09:48.955384Z
  Time since last request: 0.000469377 seconds.
  importAddress: GUID: e4e07079374247849fcb35aa912e2421 - Path: Packages/com.unity.collab-proxy/Editor/CodeEditor/Utils/Constants.cs - Importer: ScriptedImporter/UnityEditor.QuickSearchModule:UnityEditor.Search:ASIAI0B
Importing 'GUID: e4e07079374247849fcb35aa912e2421 - Path: Packages/com.unity.collab-proxy/Editor/CodeEditor/Utils/Constants.cs - Importer: ScriptedImporter/UnityEditor.QuickSearchModule:UnityEditor.Search:ASIAI0B' with importer (ScriptedImporter : UnityEditor.QuickSearchModule:UnityEditor.Search:ASIAI0B)
Imported 'GUID: e4e07079374247849fcb35aa912e2421' -> (Import Result ID: 'b4d00d3545fb4402445975424a392d55') in 0.001 seconds [static and dynamic dependencies]. Details - ImportResultOutputID=88d1d630bc1df12ab273735e407fd99a DependenciesID=ce38fa256922eaf61d6d0f4d3bc8453a StaticDependenciesID=50fad64a0b85cb8b58a20213eaf79d7e 
Number of updated asset objects reloaded before import = 0
Number of asset objects unloaded after import = 0
========================================================================
Received Import Request.
  Time of request: 2026-10-09T14:09:48.96344Z
  Time since last request: 0.00035395 seconds.
  importAddress: GUID: c7b330f4dd3b4e53a44bde385af89aed - Path: Packages/com.unity.collab-proxy/Editor/Diff/Text/DiffControl.cs - Importer: ScriptedImporter/UnityEditor.QuickSearchModule:UnityEditor.Search:ASIAI0B
Importing 'GUID: c7b330f4dd3b4e53a44bde385af89aed - Path: Packages/com.unity.collab-proxy/Editor/Diff/Text/DiffControl.cs - Importer: ScriptedImporter/UnityEditor.QuickSearchModule:UnityEditor.Search:ASIAI0B' with importer (ScriptedImporter : UnityEditor.QuickSearchModule:UnityEditor.Search:ASIAI0B)
Imported 'GUID: c7b330f4dd3b4e53a44bde385af89aed' -> (Import Result ID: '92604ff5462fac9b162cbddbc1ec72a3') in 0.002 seconds [static and dynamic dependencies]. Details - ImportResultOutputID=7c83a51c086acae65e1250c07a0cf9e2 DependenciesID=e54a034d2d2036cd6a157281dda52986 StaticDependenciesID=aab77a9fb71f518005dfe99ad29a0287 
Number of updated asset objects reloaded before import = 0
Number of asset objects unloaded after import = 0
========================================================================
Received Import Request.
  Time of request: 2026-10-09T14:09:48.97364Z
  Time since last request: 0.000319106 seconds.
  importAddress: GUID: 9464faf70fc3f4584999febc1d272e60 - Path: Packages/com.unity.collab-proxy/Editor/Diff/Text/ComparisonMethodMenu.cs - Importer: ScriptedImporter/UnityEditor.QuickSearchModule:UnityEditor.Search:ASIAI0B
Importing 'GUID: 9464faf70fc3f4584999febc1d272e60 - Path: Packages/com.unity.collab-proxy/Editor/Diff/Text/ComparisonMethodMenu.cs - Importer: ScriptedImporter/UnityEditor.QuickSearchModule:UnityEditor.Search:ASIAI0B' with importer (ScriptedImporter : UnityEditor.QuickSearchModule:UnityEditor.Search:ASIAI0B)
Imported 'GUID: 9464faf70fc3f4584999febc1d272e60' -> (Import Result ID: 'cb55c30fc880362185771ebc95dbac04') in 0.001 seconds [static and dynamic dependencies]. Details - ImportResultOutputID=603780192ed965f93f587bc1361222e6 DependenciesID=8da00e78133646a399fac7528a086c29 StaticDependenciesID=1d2233d37ffbe5f18e5e50dfb441ef28 
Number of updated asset objects reloaded before import = 0
Number of asset objects unloaded after import = 0
========================================================================
Received Import Request.
  Time of request: 2026-10-09T14:09:48.98292Z
  Time since last request: 0.000481118 seconds.
  importAddress: GUID: 5b37b989e50b35043bba89d7d660e31e - Path: Packages/com.unity.collab-proxy/Editor/Developer/UpdateReport/UpdateReportListHeaderState.cs - Importer: ScriptedImporter/UnityEditor.QuickSearchModule:UnityEditor.Search:ASIAI0B
Importing 'GUID: 5b37b989e50b35043bba89d7d660e31e - Path: Packages/com.unity.collab-proxy/Editor/Developer/UpdateReport/UpdateReportListHeaderState.cs - Importer: ScriptedImporter/UnityEditor.QuickSearchModule:UnityEditor.Search:ASIAI0B' with importer (ScriptedImporter : UnityEditor.QuickSearchModule:UnityEditor.Search:ASIAI0B)
Imported 'GUID: 5b37b989e50b35043bba89d7d660e31e' -> (Import Result ID: '445049a23e2ca3dd115a51b3a2182331') in 0.001 seconds [static and dynamic dependencies]. Details - ImportResultOutputID=fda19fbc3534a5c892289cedfa731326 DependenciesID=273000c26d0a0caa143ad3085228b8b1 StaticDependenciesID=c89c35a3329e371158d457a4ba146c97 
Number of updated asset objects reloaded before import = 0
Number of asset objects unloaded after import = 0
========================================================================
Received Import Request.
  Time of request: 2026-10-09T14:09:48.991261Z
  Time since last request: 0.000588889 seconds.
  importAddress: GUID: 371ab5d681ae64e1f8c51f7ad1bac315 - Path: Packages/com.unity.collab-proxy/Editor/Diff/Text/ContributorsHeaderPanel.cs - Importer: ScriptedImporter/UnityEditor.QuickSearchModule:UnityEditor.Search:ASIAI0B
Importing 'GUID: 371ab5d681ae64e1f8c51f7ad1bac315 - Path: Packages/com.unity.collab-proxy/Editor/Diff/Text/ContributorsHeaderPanel.cs - Importer: ScriptedImporter/UnityEditor.QuickSearchModule:UnityEditor.Search:ASIAI0B' with importer (ScriptedImporter : UnityEditor.QuickSearchModule:UnityEditor.Search:ASIAI0B)
Imported 'GUID: 371ab5d681ae64e1f8c51f7ad1bac315' -> (Import Result ID: '3d827116e09a0943f4bfc3c7b6648f49') in 0.001 seconds [static and dynamic dependencies]. Details - ImportResultOutputID=ba914c9dc196779d5d2cbd2dd45c22af DependenciesID=89cfcf831068dfbaee99c81f368bd8bc StaticDependenciesID=08bf8bc53789126b95257b0f0b89e3a9 
Number of updated asset objects reloaded before import = 0
Number of asset objects unloaded after import = 0
========================================================================
Received Import Request.
  Time of request: 2026-10-09T14:09:48.99959Z
  Time since last request: 0.000576876 seconds.
  importAddress: GUID: cee4113f2adf40328acbf5a10ff90fb4 - Path: Packages/com.unity.collab-proxy/Editor/Diff/Text/DiffControlOperations.cs - Importer: ScriptedImporter/UnityEditor.QuickSearchModule:UnityEditor.Search:ASIAI0B
Importing 'GUID: cee4113f2adf40328acbf5a10ff90fb4 - Path: Packages/com.unity.collab-proxy/Editor/Diff/Text/DiffControlOperations.cs - Importer: ScriptedImporter/UnityEditor.QuickSearchModule:UnityEditor.Search:ASIAI0B' with importer (ScriptedImporter : UnityEditor.QuickSearchModule:UnityEditor.Search:ASIAI0B)
Imported 'GUID: cee4113f2adf40328acbf5a10ff90fb4' -> (Import Result ID: '869f70460e583dc89660319572bcedbd') in 0.001 seconds [static and dynamic dependencies]. Details - ImportResultOutputID=c069f116c120bfc8230391e7b6de0f9f DependenciesID=738bfaf48f6411bb31217bec05ee2dac StaticDependenciesID=bbce6cfa8fb7ac9cb454c329abcd8f9d 
Number of updated asset objects reloaded before import = 0
Number of asset objects unloaded after import = 0
========================================================================
Received Import Request.
  Time of request: 2026-10-09T14:09:49.008056Z
  Time since last request: 0.000510413 seconds.
  importAddress: GUID: 5657a4950f10e4c4ebafc41e8539ef61 - Path: Packages/com.unity.collab-proxy/Editor/CodeEditor/Utils/RopeTextReader.cs - Importer: ScriptedImporter/UnityEditor.QuickSearchModule:UnityEditor.Search:ASIAI0B
Importing 'GUID: 5657a4950f10e4c4ebafc41e8539ef61 - Path: Packages/com.unity.collab-proxy/Editor/CodeEditor/Utils/RopeTextReader.cs - Importer: ScriptedImporter/UnityEditor.QuickSearchModule:UnityEditor.Search:ASIAI0B' with importer (ScriptedImporter : UnityEditor.QuickSearchModule:UnityEditor.Search:ASIAI0B)
Imported 'GUID: 5657a4950f10e4c4ebafc41e8539ef61' -> (Import Result ID: '6859dbfeefd01990dca6dbee36f22c1f') in 0.002 seconds [static and dynamic dependencies]. Details - ImportResultOutputID=6b8ed1e1d1286928e489b0fbcad8b7ba DependenciesID=8b0e45d8df9501bd47747c89f9d59618 StaticDependenciesID=21bd00ff5a6ebe3b0a86e7a0dcef23f8 
Number of updated asset objects reloaded before import = 0
Number of asset objects unloaded after import = 0
========================================================================
Received Import Request.
  Time of request: 2026-10-09T14:09:49.017756Z
  Time since last request: 0.000687113 seconds.
  importAddress: GUID: 261856ba11c4e42ca8dd5e49021d4bf8 - Path: Packages/com.unity.collab-proxy/Editor/Diff/Text/DiffBarActions.cs - Importer: ScriptedImporter/UnityEditor.QuickSearchModule:UnityEditor.Search:ASIAI0B
Importing 'GUID: 261856ba11c4e42ca8dd5e49021d4bf8 - Path: Packages/com.unity.collab-proxy/Editor/Diff/Text/DiffBarActions.cs - Importer: ScriptedImporter/UnityEditor.QuickSearchModule:UnityEditor.Search:ASIAI0B' with importer (ScriptedImporter : UnityEditor.QuickSearchModule:UnityEditor.Search:ASIAI0B)
Imported 'GUID: 261856ba11c4e42ca8dd5e49021d4bf8' -> (Import Result ID: '1239c053008ea137814704fdda3f6c3d') in 0.002 seconds [static and dynamic dependencies]. Details - ImportResultOutputID=d4c8a38f3240acc7736a6380d517029f DependenciesID=8771c4cd76826e9874a4f9b4a35adc36 StaticDependenciesID=773d0e01b1d9f5e5faef8380bcada2ad 
Number of updated asset objects reloaded before import = 0
Number of asset objects unloaded after import = 0
========================================================================
Received Import Request.
  Time of request: 2026-10-09T14:09:49.025958Z
  Time since last request: 0.000157303 seconds.
  importAddress: GUID: 917f880bb43743a3869e281c51dfdc43 - Path: Packages/com.unity.collab-proxy/Editor/CodeEditor/Utils/Empty.cs - Importer: ScriptedImporter/UnityEditor.QuickSearchModule:UnityEditor.Search:ASIAI0B
Importing 'GUID: 917f880bb43743a3869e281c51dfdc43 - Path: Packages/com.unity.collab-proxy/Editor/CodeEditor/Utils/Empty.cs - Importer: ScriptedImporter/UnityEditor.QuickSearchModule:UnityEditor.Search:ASIAI0B' with importer (ScriptedImporter : UnityEditor.QuickSearchModule:UnityEditor.Search:ASIAI0B)
Imported 'GUID: 917f880bb43743a3869e281c51dfdc43' -> (Import Result ID: 'b6f4e6f058800b3c4ee8d6d7efcfca93') in 0.001 seconds [static and dynamic dependencies]. Details - ImportResultOutputID=1a987bf6f11089208a4aeff200f79666 DependenciesID=ed3cb1ecc347e60d62eb1e9cc28081b3 StaticDependenciesID=1973b7782ef04495196687d06b492fbf 
Number of updated asset objects reloaded before import = 0
Number of asset objects unloaded after import = 0
========================================================================
Received Import Request.
  Time of request: 2026-10-09T14:09:49.047276Z
  Time since last request: 0.012078456 seconds.
  importAddress: GUID: 3b71077431b47448482b0fcac716f2ee - Path: Packages/com.unity.collab-proxy/Editor/Diff/Text/RightActionBar.cs - Importer: ScriptedImporter/UnityEditor.QuickSearchModule:UnityEditor.Search:ASIAI0B
Importing 'GUID: 3b71077431b47448482b0fcac716f2ee - Path: Packages/com.unity.collab-proxy/Editor/Diff/Text/RightActionBar.cs - Importer: ScriptedImporter/UnityEditor.QuickSearchModule:UnityEditor.Search:ASIAI0B' with importer (ScriptedImporter : UnityEditor.QuickSearchModule:UnityEditor.Search:ASIAI0B)
Imported 'GUID: 3b71077431b47448482b0fcac716f2ee' -> (Import Result ID: 'adbf19a2d4c7891e9cb9512a592aa8f0') in 0.002 seconds [static and dynamic dependencies]. Details - ImportResultOutputID=41c6ecbe76a460d0c5a17c1f82263eb8 DependenciesID=c747f69bdc6638777c01188415240a5c StaticDependenciesID=bebf2cdbcfe23ba178abe0c8e08a7ebd 
Number of updated asset objects reloaded before import = 0
Number of asset objects unloaded after import = 0
========================================================================
Received Import Request.
  Time of request: 2026-10-09T14:09:49.0565Z
  Time since last request: 0.000498731 seconds.
  importAddress: GUID: 89c8459035a34dab8b0141d4c4e3e3db - Path: Packages/com.unity.collab-proxy/Editor/Inspector/Properties/PropertiesViewer.cs - Importer: ScriptedImporter/UnityEditor.QuickSearchModule:UnityEditor.Search:ASIAI0B
Importing 'GUID: 89c8459035a34dab8b0141d4c4e3e3db - Path: Packages/com.unity.collab-proxy/Editor/Inspector/Properties/PropertiesViewer.cs - Importer: ScriptedImporter/UnityEditor.QuickSearchModule:UnityEditor.Search:ASIAI0B' with importer (ScriptedImporter : UnityEditor.QuickSearchModule:UnityEditor.Search:ASIAI0B)
Imported 'GUID: 89c8459035a34dab8b0141d4c4e3e3db' -> (Import Result ID: 'a05fc717aa56918f8ed3498412bf25c3') in 0.002 seconds [static and dynamic dependencies]. Details - ImportResultOutputID=9e683e8a8b9d31ea3a990dde4e65caf6 DependenciesID=1bb2537c1d01e5d7674bf0c69d521b47 StaticDependenciesID=c98e5c2bc9d7a14b7acda24dfef3ca55 
Number of updated asset objects reloaded before import = 0
Number of asset objects unloaded after import = 0
========================================================================
Received Import Request.
  Time of request: 2026-10-09T14:09:49.065428Z
  Time since last request: 0.00082457 seconds.
  importAddress: GUID: bb55fd5649fba44a284dbf27fa9b9c35 - Path: Packages/com.unity.collab-proxy/Editor/Diff/Text/OptionsContextMenuButton.cs - Importer: ScriptedImporter/UnityEditor.QuickSearchModule:UnityEditor.Search:ASIAI0B
Importing 'GUID: bb55fd5649fba44a284dbf27fa9b9c35 - Path: Packages/com.unity.collab-proxy/Editor/Diff/Text/OptionsContextMenuButton.cs - Importer: ScriptedImporter/UnityEditor.QuickSearchModule:UnityEditor.Search:ASIAI0B' with importer (ScriptedImporter : UnityEditor.QuickSearchModule:UnityEditor.Search:ASIAI0B)
Imported 'GUID: bb55fd5649fba44a284dbf27fa9b9c35' -> (Import Result ID: '37e940ea29783b78827a779cf6f8c262') in 0.002 seconds [static and dynamic dependencies]. Details - ImportResultOutputID=772539fe70c06cbef4d2b5597ce496af DependenciesID=fdfbfe598a08d157d6d379f7e573b48a StaticDependenciesID=ce0adfe7bda1fc080ae3fe09d97c2ae3 
Number of updated asset objects reloaded before import = 0
Number of asset objects unloaded after import = 0
========================================================================
Received Import Request.
  Time of request: 2026-10-09T14:09:49.074576Z
  Time since last request: 0.000262831 seconds.
  importAddress: GUID: 304090ddaffb4aff8f35cc005018d302 - Path: Packages/com.unity.collab-proxy/Editor/UI/Progress/ProgressControlsForWindow.cs - Importer: ScriptedImporter/UnityEditor.QuickSearchModule:UnityEditor.Search:ASIAI0B
Importing 'GUID: 304090ddaffb4aff8f35cc005018d302 - Path: Packages/com.unity.collab-proxy/Editor/UI/Progress/ProgressControlsForWindow.cs - Importer: ScriptedImporter/UnityEditor.QuickSearchModule:UnityEditor.Search:ASIAI0B' with importer (ScriptedImporter : UnityEditor.QuickSearchModule:UnityEditor.Search:ASIAI0B)
Imported 'GUID: 304090ddaffb4aff8f35cc005018d302' -> (Import Result ID: '8e31b64439f26b5a436e9e16fb442a96') in 0.002 seconds [static and dynamic dependencies]. Details - ImportResultOutputID=e733f8dc7b4d7c93c28946d7cc27eeb5 DependenciesID=adb21845afe7d17efc730a0258d8c4e1 StaticDependenciesID=06ce2dcae6a8b92a65ae50289e3c81a8 
Number of updated asset objects reloaded before import = 0
Number of asset objects unloaded after import = 0
========================================================================
Received Import Request.
  Time of request: 2026-10-09T14:09:49.083544Z
  Time since last request: 0.000237022 seconds.
  importAddress: GUID: c61df8398d2e04d11a1155c1fdcde430 - Path: Packages/com.unity.collab-proxy/Editor/Diff/Text/TextEditorSaveKeyBinding.cs - Importer: ScriptedImporter/UnityEditor.QuickSearchModule:UnityEditor.Search:ASIAI0B
Importing 'GUID: c61df8398d2e04d11a1155c1fdcde430 - Path: Packages/com.unity.collab-proxy/Editor/Diff/Text/TextEditorSaveKeyBinding.cs - Importer: ScriptedImporter/UnityEditor.QuickSearchModule:UnityEditor.Search:ASIAI0B' with importer (ScriptedImporter : UnityEditor.QuickSearchModule:UnityEditor.Search:ASIAI0B)
Imported 'GUID: c61df8398d2e04d11a1155c1fdcde430' -> (Import Result ID: 'bd0f8538bb472bc517beee263b9acad8') in 0.001 seconds [static and dynamic dependencies]. Details - ImportResultOutputID=1004119e6ea7cbe6e8acac36127d2a77 DependenciesID=eb33f424598c5ec4cd2801c15075b600 StaticDependenciesID=27a8df82159c510b3fe48ed21a4ce875 
Number of updated asset objects reloaded before import = 0
Number of asset objects unloaded after import = 0
========================================================================
Received Import Request.
  Time of request: 2026-10-09T14:09:49.091972Z
  Time since last request: 0.000309678 seconds.
  importAddress: GUID: 2d525c6ef37834b1983617208d2b60ae - Path: Packages/com.unity.collab-proxy/Editor/UI/UIElements/MultiSelectDropdown.cs - Importer: ScriptedImporter/UnityEditor.QuickSearchModule:UnityEditor.Search:ASIAI0B
Importing 'GUID: 2d525c6ef37834b1983617208d2b60ae - Path: Packages/com.unity.collab-proxy/Editor/UI/UIElements/MultiSelectDropdown.cs - Importer: ScriptedImporter/UnityEditor.QuickSearchModule:UnityEditor.Search:ASIAI0B' with importer (ScriptedImporter : UnityEditor.QuickSearchModule:UnityEditor.Search:ASIAI0B)
Imported 'GUID: 2d525c6ef37834b1983617208d2b60ae' -> (Import Result ID: 'b7e7ecfa6fa9bb2c4c5418769654824d') in 0.002 seconds [static and dynamic dependencies]. Details - ImportResultOutputID=ae70a89f72ed52b9e80ee3b9f172cd39 DependenciesID=d738c9ee7e1f1c84679d734ae38eea4a StaticDependenciesID=4fc14d36ff5ea05693d6b17c66302d68 
Number of updated asset objects reloaded before import = 0
Number of asset objects unloaded after import = 0
========================================================================
Received Import Request.
  Time of request: 2026-10-09T14:09:49.099877Z
  Time since last request: 0.000137627 seconds.
  importAddress: GUID: 250ef17e19e621047851bfae85fd84c8 - Path: Packages/com.unity.collab-proxy/Editor/UI/Tree/TreeViewItemExtensions.cs - Importer: ScriptedImporter/UnityEditor.QuickSearchModule:UnityEditor.Search:ASIAI0B
Importing 'GUID: 250ef17e19e621047851bfae85fd84c8 - Path: Packages/com.unity.collab-proxy/Editor/UI/Tree/TreeViewItemExtensions.cs - Importer: ScriptedImporter/UnityEditor.QuickSearchModule:UnityEditor.Search:ASIAI0B' with importer (ScriptedImporter : UnityEditor.QuickSearchModule:UnityEditor.Search:ASIAI0B)
Imported 'GUID: 250ef17e19e621047851bfae85fd84c8' -> (Import Result ID: '4a5d7083417007d594eae52e3186c1a9') in 0.002 seconds [static and dynamic dependencies]. Details - ImportResultOutputID=76e255a33fc58344df01c4880171727a DependenciesID=d6b79f8971426020e6ca197705b8a884 StaticDependenciesID=eadf3a74c3cbc0003bc172c5f80c25e9 
Number of updated asset objects reloaded before import = 0
Number of asset objects unloaded after import = 0
========================================================================
Received Import Request.
  Time of request: 2026-10-09T14:09:49.10902Z
  Time since last request: 0.000212416 seconds.
  importAddress: GUID: 5c32dc56ff6d08947a329b5c4789c728 - Path: Packages/com.unity.collab-proxy/Editor/UI/Progress/DrawProgressForDialogs.cs - Importer: ScriptedImporter/UnityEditor.QuickSearchModule:UnityEditor.Search:ASIAI0B
Importing 'GUID: 5c32dc56ff6d08947a329b5c4789c728 - Path: Packages/com.unity.collab-proxy/Editor/UI/Progress/DrawProgressForDialogs.cs - Importer: ScriptedImporter/UnityEditor.QuickSearchModule:UnityEditor.Search:ASIAI0B' with importer (ScriptedImporter : UnityEditor.QuickSearchModule:UnityEditor.Search:ASIAI0B)
Imported 'GUID: 5c32dc56ff6d08947a329b5c4789c728' -> (Import Result ID: '85546e59f25f73fa7a63a3b1480b8f31') in 0.004 seconds [static and dynamic dependencies]. Details - ImportResultOutputID=92436ea45c3f8163195e0101bede698a DependenciesID=04866bb11fc11b7739b39d1bf0ec3642 StaticDependenciesID=df5dec7f19e7f515471a512e5f733b45 
Number of updated asset objects reloaded before import = 0
Number of asset objects unloaded after import = 0
========================================================================
Received Import Request.
  Time of request: 2026-10-09T14:09:49.119629Z
  Time since last request: 0.000164317 seconds.
  importAddress: GUID: 22c746898109437d88d4bc5eaa84b89d - Path: Packages/com.unity.collab-proxy/Editor/UI/Progress/DrawProgressForWindow.cs - Importer: ScriptedImporter/UnityEditor.QuickSearchModule:UnityEditor.Search:ASIAI0B
Importing 'GUID: 22c746898109437d88d4bc5eaa84b89d - Path: Packages/com.unity.collab-proxy/Editor/UI/Progress/DrawProgressForWindow.cs - Importer: ScriptedImporter/UnityEditor.QuickSearchModule:UnityEditor.Search:ASIAI0B' with importer (ScriptedImporter : UnityEditor.QuickSearchModule:UnityEditor.Search:ASIAI0B)
Imported 'GUID: 22c746898109437d88d4bc5eaa84b89d' -> (Import Result ID: '9a4ae22a756810c5bc129337457bbcf6') in 0.002 seconds [static and dynamic dependencies]. Details - ImportResultOutputID=f70dbe49dec2463af55295e76286560e DependenciesID=99d63e8a9b9204b56ebadd2ac77f7a85 StaticDependenciesID=7a3046fbf53dc5f07c747aab2d7d7ab4 
Number of updated asset objects reloaded before import = 0
Number of asset objects unloaded after import = 0
========================================================================
Received Import Request.
  Time of request: 2026-10-09T14:09:49.128287Z
  Time since last request: 0.000206927 seconds.
  importAddress: GUID: f213e847b2dfa264ea3243bef42fbef0 - Path: Packages/com.unity.collab-proxy/Editor/UI/UIElements/ProgressControlsForDialogs.cs - Importer: ScriptedImporter/UnityEditor.QuickSearchModule:UnityEditor.Search:ASIAI0B
Importing 'GUID: f213e847b2dfa264ea3243bef42fbef0 - Path: Packages/com.unity.collab-proxy/Editor/UI/UIElements/ProgressControlsForDialogs.cs - Importer: ScriptedImporter/UnityEditor.QuickSearchModule:UnityEditor.Search:ASIAI0B' with importer (ScriptedImporter : UnityEditor.QuickSearchModule:UnityEditor.Search:ASIAI0B)
Imported 'GUID: f213e847b2dfa264ea3243bef42fbef0' -> (Import Result ID: 'df5ee11a2c54f682dd5d54b151ee022f') in 0.001 seconds [static and dynamic dependencies]. Details - ImportResultOutputID=e4bc96882904f6a8a152a7ad26f08433 DependenciesID=0504e905fa06b8fa50ad0ea6df789317 StaticDependenciesID=fa1d02414d530ddb9013c90b742bfe86 
Number of updated asset objects reloaded before import = 0
Number of asset objects unloaded after import = 0
========================================================================
Received Import Request.
  Time of request: 2026-10-09T14:09:49.13607Z
  Time since last request: 0.000151463 seconds.
  importAddress: GUID: 79a84f5f92624d57ae40a84a53bd9d24 - Path: Packages/com.unity.collab-proxy/Editor/UI/Errors/ErrorsPanel.cs - Importer: ScriptedImporter/UnityEditor.QuickSearchModule:UnityEditor.Search:ASIAI0B
Importing 'GUID: 79a84f5f92624d57ae40a84a53bd9d24 - Path: Packages/com.unity.collab-proxy/Editor/UI/Errors/ErrorsPanel.cs - Importer: ScriptedImporter/UnityEditor.QuickSearchModule:UnityEditor.Search:ASIAI0B' with importer (ScriptedImporter : UnityEditor.QuickSearchModule:UnityEditor.Search:ASIAI0B)
Imported 'GUID: 79a84f5f92624d57ae40a84a53bd9d24' -> (Import Result ID: 'f0a99d0707e71f26bd41251a9e3085bb') in 0.002 seconds [static and dynamic dependencies]. Details - ImportResultOutputID=2f1ed43c541d8156451261a24eef71d7 DependenciesID=b0d02408063a5e4807d16b63c3bf223b StaticDependenciesID=d328ca362fa323e1ada6606d776f3a47 
Number of updated asset objects reloaded before import = 0
Number of asset objects unloaded after import = 0
========================================================================
Received Import Request.
  Time of request: 2026-10-09T14:09:49.144855Z
  Time since last request: 0.000313896 seconds.
  importAddress: GUID: d5366deaa0659eb44aa77a86d8bdc01a - Path: Packages/com.unity.collab-proxy/Editor/UI/Tree/GetChangesOverlayIcon.cs - Importer: ScriptedImporter/UnityEditor.QuickSearchModule:UnityEditor.Search:ASIAI0B
Importing 'GUID: d5366deaa0659eb44aa77a86d8bdc01a - Path: Packages/com.unity.collab-proxy/Editor/UI/Tree/GetChangesOverlayIcon.cs - Importer: ScriptedImporter/UnityEditor.QuickSearchModule:UnityEditor.Search:ASIAI0B' with importer (ScriptedImporter : UnityEditor.QuickSearchModule:UnityEditor.Search:ASIAI0B)
Imported 'GUID: d5366deaa0659eb44aa77a86d8bdc01a' -> (Import Result ID: 'a65f3d8ab5871f22ccbfae24d4c3e4b0') in 0.002 seconds [static and dynamic dependencies]. Details - ImportResultOutputID=23eb8f767da3d44b3d00ba5677bef877 DependenciesID=86ab50c44fc00c21f6eb0569425183de StaticDependenciesID=8f58f85f27db04b3d4463a15087d309b 
Number of updated asset objects reloaded before import = 0
Number of asset objects unloaded after import = 0
========================================================================
Received Import Request.
  Time of request: 2026-10-09T14:09:49.152782Z
  Time since last request: 0.000168094 seconds.
  importAddress: GUID: 4664c2d6dd034f04eb60d4190ee2ffb7 - Path: Packages/com.unity.collab-proxy/Editor/UI/UIElements/LoadingSpinner.cs - Importer: ScriptedImporter/UnityEditor.QuickSearchModule:UnityEditor.Search:ASIAI0B
Importing 'GUID: 4664c2d6dd034f04eb60d4190ee2ffb7 - Path: Packages/com.unity.collab-proxy/Editor/UI/UIElements/LoadingSpinner.cs - Importer: ScriptedImporter/UnityEditor.QuickSearchModule:UnityEditor.Search:ASIAI0B' with importer (ScriptedImporter : UnityEditor.QuickSearchModule:UnityEditor.Search:ASIAI0B)
Imported 'GUID: 4664c2d6dd034f04eb60d4190ee2ffb7' -> (Import Result ID: 'bb0992901b8c33df438543405998d16b') in 0.002 seconds [static and dynamic dependencies]. Details - ImportResultOutputID=baf68bc3b0178805e8c6d234204074e0 DependenciesID=d66d1c9426a36200d55ec4e32b275ba9 StaticDependenciesID=5ad9ea3f476256efcfa93de9bdb7d8ea 
Number of updated asset objects reloaded before import = 0
Number of asset objects unloaded after import = 0
========================================================================
Received Import Request.
  Time of request: 2026-10-09T14:09:49.161169Z
  Time since last request: 0.00031043 seconds.
  importAddress: GUID: 3787875fc84246d0a47d8c123d4ea5fc - Path: Packages/com.unity.collab-proxy/Editor/UI/Tree/EmptyStatePanel.cs - Importer: ScriptedImporter/UnityEditor.QuickSearchModule:UnityEditor.Search:ASIAI0B
Importing 'GUID: 3787875fc84246d0a47d8c123d4ea5fc - Path: Packages/com.unity.collab-proxy/Editor/UI/Tree/EmptyStatePanel.cs - Importer: ScriptedImporter/UnityEditor.QuickSearchModule:UnityEditor.Search:ASIAI0B' with importer (ScriptedImporter : UnityEditor.QuickSearchModule:UnityEditor.Search:ASIAI0B)
Imported 'GUID: 3787875fc84246d0a47d8c123d4ea5fc' -> (Import Result ID: '0b1565d7267794511805d025958b71a8') in 0.002 seconds [static and dynamic dependencies]. Details - ImportResultOutputID=cbb53ed4a8563b06f3b4bdfe154942d9 DependenciesID=39139e619d1155cf8c67bec050d0fb65 StaticDependenciesID=b3288340bb2427f8d5ec8d3f867a9cbb 
Number of updated asset objects reloaded before import = 0
Number of asset objects unloaded after import = 0
========================================================================
Received Import Request.
  Time of request: 2026-10-09T14:09:49.169538Z
  Time since last request: 0.000328353 seconds.
  importAddress: GUID: b01e8ea6bc7b48c38aa343ab609290fc - Path: Packages/com.unity.collab-proxy/Editor/UI/UIElements/ControlBuilder.cs - Importer: ScriptedImporter/UnityEditor.QuickSearchModule:UnityEditor.Search:ASIAI0B
Importing 'GUID: b01e8ea6bc7b48c38aa343ab609290fc - Path: Packages/com.unity.collab-proxy/Editor/UI/UIElements/ControlBuilder.cs - Importer: ScriptedImporter/UnityEditor.QuickSearchModule:UnityEditor.Search:ASIAI0B' with importer (ScriptedImporter : UnityEditor.QuickSearchModule:UnityEditor.Search:ASIAI0B)
Imported 'GUID: b01e8ea6bc7b48c38aa343ab609290fc' -> (Import Result ID: 'b1d243a6c67de47a34c3469a2b3e6406') in 0.001 seconds [static and dynamic dependencies]. Details - ImportResultOutputID=a0a7a30d806c5319f7e69b475fb65d0a DependenciesID=a472c38300f9911d8128ade1e650afab StaticDependenciesID=3ee3cefd0b0870239db4586bdcb30ea2 
Number of updated asset objects reloaded before import = 0
Number of asset objects unloaded after import = 0
========================================================================
Received Import Request.
  Time of request: 2026-10-09T14:09:49.178176Z
  Time since last request: 0.000295261 seconds.
  importAddress: GUID: f40a58028b39d3f4bbebe1f6cf919271 - Path: Packages/com.unity.collab-proxy/Editor/Gluon/UpdateReport/UpdateReportListHeaderState.cs - Importer: ScriptedImporter/UnityEditor.QuickSearchModule:UnityEditor.Search:ASIAI0B
Importing 'GUID: f40a58028b39d3f4bbebe1f6cf919271 - Path: Packages/com.unity.collab-proxy/Editor/Gluon/UpdateReport/UpdateReportListHeaderState.cs - Importer: ScriptedImporter/UnityEditor.QuickSearchModule:UnityEditor.Search:ASIAI0B' with importer (ScriptedImporter : UnityEditor.QuickSearchModule:UnityEditor.Search:ASIAI0B)
Imported 'GUID: f40a58028b39d3f4bbebe1f6cf919271' -> (Import Result ID: 'c16f4d1c2e27f1aa730fd7d1d2cb7ebb') in 0.001 seconds [static and dynamic dependencies]. Details - ImportResultOutputID=fdbeb31539aca3153ebf398b1ba69d85 DependenciesID=2d13534f6c4c49f1173f1aaa7dc3a1ac StaticDependenciesID=22fe94d1fef2ab2548f5ae035217ecf3 
Number of updated asset objects reloaded before import = 0
Number of asset objects unloaded after import = 0
========================================================================
Received Import Request.
  Time of request: 2026-10-09T14:09:49.186546Z
  Time since last request: 0.000656846 seconds.
  importAddress: GUID: 014287a1a6b67dd4e867168699dfdc2a - Path: Packages/com.unity.collab-proxy/Editor/UI/Tree/TableViewOperations.cs - Importer: ScriptedImporter/UnityEditor.QuickSearchModule:UnityEditor.Search:ASIAI0B
Importing 'GUID: 014287a1a6b67dd4e867168699dfdc2a - Path: Packages/com.unity.collab-proxy/Editor/UI/Tree/TableViewOperations.cs - Importer: ScriptedImporter/UnityEditor.QuickSearchModule:UnityEditor.Search:ASIAI0B' with importer (ScriptedImporter : UnityEditor.QuickSearchModule:UnityEditor.Search:ASIAI0B)
Imported 'GUID: 014287a1a6b67dd4e867168699dfdc2a' -> (Import Result ID: '61b34a69b5c006c1499ee4e1a67a9747') in 0.001 seconds [static and dynamic dependencies]. Details - ImportResultOutputID=c1d1ea6b81637bad14f03f1becf69198 DependenciesID=dffec3ef795f744fc3a4fdc913508c2c StaticDependenciesID=7ec55598b26a01dc94be857c15025b43 
Number of updated asset objects reloaded before import = 0
Number of asset objects unloaded after import = 0
========================================================================
Received Import Request.
  Time of request: 2026-10-09T14:09:49.194956Z
  Time since last request: 0.00055176 seconds.
  importAddress: GUID: 43c380b3a07cbf449a54619bb50096b1 - Path: Packages/com.unity.collab-proxy/Editor/UI/Avatar/AvatarImages.cs - Importer: ScriptedImporter/UnityEditor.QuickSearchModule:UnityEditor.Search:ASIAI0B
Importing 'GUID: 43c380b3a07cbf449a54619bb50096b1 - Path: Packages/com.unity.collab-proxy/Editor/UI/Avatar/AvatarImages.cs - Importer: ScriptedImporter/UnityEditor.QuickSearchModule:UnityEditor.Search:ASIAI0B' with importer (ScriptedImporter : UnityEditor.QuickSearchModule:UnityEditor.Search:ASIAI0B)
Imported 'GUID: 43c380b3a07cbf449a54619bb50096b1' -> (Import Result ID: '4c06fe98092c0b5d0a1d88056b106e46') in 0.001 seconds [static and dynamic dependencies]. Details - ImportResultOutputID=5a47ce906cfe5b5d030cb87947e5f81f DependenciesID=a98c9f81f8a0882b69cae3ccce579ba7 StaticDependenciesID=3ed860daad983253b751949dcfc9da43 
Number of updated asset objects reloaded before import = 0
Number of asset objects unloaded after import = 0
========================================================================
Received Import Request.
  Time of request: 2026-10-09T14:09:49.203197Z
  Time since last request: 0.000525911 seconds.
  importAddress: GUID: e76ce7703143a924b9c0693ee66ebee7 - Path: Packages/com.unity.collab-proxy/Editor/UI/Avatar/ApplyCircleMask.cs - Importer: ScriptedImporter/UnityEditor.QuickSearchModule:UnityEditor.Search:ASIAI0B
Importing 'GUID: e76ce7703143a924b9c0693ee66ebee7 - Path: Packages/com.unity.collab-proxy/Editor/UI/Avatar/ApplyCircleMask.cs - Importer: ScriptedImporter/UnityEditor.QuickSearchModule:UnityEditor.Search:ASIAI0B' with importer (ScriptedImporter : UnityEditor.QuickSearchModule:UnityEditor.Search:ASIAI0B)
Imported 'GUID: e76ce7703143a924b9c0693ee66ebee7' -> (Import Result ID: '65b483c97b4ca33985a56544a95475bd') in 0.002 seconds [static and dynamic dependencies]. Details - ImportResultOutputID=5143e5a2c01d5790ba07040b699d3186 DependenciesID=9844e432c2124df342f8516df9de3199 StaticDependenciesID=208dc5bc7028fc76052d60815897005f 
Number of updated asset objects reloaded before import = 0
Number of asset objects unloaded after import = 0
========================================================================
Received Import Request.
  Time of request: 2026-10-09T14:09:49.212236Z
  Time since last request: 0.000164988 seconds.
  importAddress: GUID: 7c0160d91d8eec24bbb43873243d2343 - Path: Packages/com.unity.collab-proxy/Editor/Gluon/UpdateReport/UpdateReportDialog.cs - Importer: ScriptedImporter/UnityEditor.QuickSearchModule:UnityEditor.Search:ASIAI0B
Importing 'GUID: 7c0160d91d8eec24bbb43873243d2343 - Path: Packages/com.unity.collab-proxy/Editor/Gluon/UpdateReport/UpdateReportDialog.cs - Importer: ScriptedImporter/UnityEditor.QuickSearchModule:UnityEditor.Search:ASIAI0B' with importer (ScriptedImporter : UnityEditor.QuickSearchModule:UnityEditor.Search:ASIAI0B)
Imported 'GUID: 7c0160d91d8eec24bbb43873243d2343' -> (Import Result ID: '9ea8b564ba5a80f19ee8eebae28989b3') in 0.002 seconds [static and dynamic dependencies]. Details - ImportResultOutputID=516af379831b4fbc6c75ddb096595358 DependenciesID=849cb790a4ba79cdf9274e0a7de50b93 StaticDependenciesID=389aec6188df3ce40cea1e36e0203956 
Number of updated asset objects reloaded before import = 0
Number of asset objects unloaded after import = 0
========================================================================
Received Import Request.
  Time of request: 2026-10-09T14:09:49.220624Z
  Time since last request: 0.000386501 seconds.
  importAddress: GUID: 221936683b9aa4e2bae0eaaf866ee7f4 - Path: Packages/com.unity.collab-proxy/Editor/Diff/Text/SaveChangesPanel.cs - Importer: ScriptedImporter/UnityEditor.QuickSearchModule:UnityEditor.Search:ASIAI0B
Importing 'GUID: 221936683b9aa4e2bae0eaaf866ee7f4 - Path: Packages/com.unity.collab-proxy/Editor/Diff/Text/SaveChangesPanel.cs - Importer: ScriptedImporter/UnityEditor.QuickSearchModule:UnityEditor.Search:ASIAI0B' with importer (ScriptedImporter : UnityEditor.QuickSearchModule:UnityEditor.Search:ASIAI0B)
Imported 'GUID: 221936683b9aa4e2bae0eaaf866ee7f4' -> (Import Result ID: 'b3a2286e9d442febeccbc0f7245532ee') in 0.001 seconds [static and dynamic dependencies]. Details - ImportResultOutputID=d75facf2112245267748140dd48d9e6f DependenciesID=c356ea2ccb494663bbfb78a278854430 StaticDependenciesID=d6c4866e8bc7fd93dc9b2f197d6808fe 
Number of updated asset objects reloaded before import = 0
Number of asset objects unloaded after import = 0
========================================================================
Received Import Request.
  Time of request: 2026-10-09T14:09:49.239853Z
  Time since last request: 0.011345328 seconds.
  importAddress: GUID: 02516f77f52743eeb912e608678868ef - Path: Packages/com.unity.collab-proxy/Editor/Views/BranchExplorer/BranchExplorerFocusListener.cs - Importer: ScriptedImporter/UnityEditor.QuickSearchModule:UnityEditor.Search:ASIAI0B
Importing 'GUID: 02516f77f52743eeb912e608678868ef - Path: Packages/com.unity.collab-proxy/Editor/Views/BranchExplorer/BranchExplorerFocusListener.cs - Importer: ScriptedImporter/UnityEditor.QuickSearchModule:UnityEditor.Search:ASIAI0B' with importer (ScriptedImporter : UnityEditor.QuickSearchModule:UnityEditor.Search:ASIAI0B)
Imported 'GUID: 02516f77f52743eeb912e608678868ef' -> (Import Result ID: '81a39eb67d033eea4cdf1d28e1449093') in 0.002 seconds [static and dynamic dependencies]. Details - ImportResultOutputID=4cea82ec333c29865cfc2c80e48e8843 DependenciesID=98fa7a4b65c62b7998f16d77a3a9f696 StaticDependenciesID=d440563936b930e9adcd5cb0970cc40b 
Number of updated asset objects reloaded before import = 0
Number of asset objects unloaded after import = 0
========================================================================
Received Import Request.
  Time of request: 2026-10-09T14:09:49.248874Z
  Time since last request: 0.000154067 seconds.
  importAddress: GUID: f4a41e458bcb22946bcfa6b165c90288 - Path: Packages/com.unity.collab-proxy/Editor/Views/Branch/BranchesListHeaderState.cs - Importer: ScriptedImporter/UnityEditor.QuickSearchModule:UnityEditor.Search:ASIAI0B
Importing 'GUID: f4a41e458bcb22946bcfa6b165c90288 - Path: Packages/com.unity.collab-proxy/Editor/Views/Branch/BranchesListHeaderState.cs - Importer: ScriptedImporter/UnityEditor.QuickSearchModule:UnityEditor.Search:ASIAI0B' with importer (ScriptedImporter : UnityEditor.QuickSearchModule:UnityEditor.Search:ASIAI0B)
Imported 'GUID: f4a41e458bcb22946bcfa6b165c90288' -> (Import Result ID: '13cc3a6f7939c5361d0b10d2e720dfde') in 0.002 seconds [static and dynamic dependencies]. Details - ImportResultOutputID=c9a0d8129f5904f4aac7aa810cd3d821 DependenciesID=e00640076382c478e43debcc47744984 StaticDependenciesID=542a36d4b3e40cdecb0af9cf6aff5688 
Number of updated asset objects reloaded before import = 0
Number of asset objects unloaded after import = 0
========================================================================
Received Import Request.
  Time of request: 2026-10-09T14:09:49.258204Z
  Time since last request: 0.000180006 seconds.
  importAddress: GUID: 4ef5fb54cd29b40468eaf5a14e9845ed - Path: Packages/com.unity.collab-proxy/Editor/Views/Diff/DiffSelection.cs - Importer: ScriptedImporter/UnityEditor.QuickSearchModule:UnityEditor.Search:ASIAI0B
Importing 'GUID: 4ef5fb54cd29b40468eaf5a14e9845ed - Path: Packages/com.unity.collab-proxy/Editor/Views/Diff/DiffSelection.cs - Importer: ScriptedImporter/UnityEditor.QuickSearchModule:UnityEditor.Search:ASIAI0B' with importer (ScriptedImporter : UnityEditor.QuickSearchModule:UnityEditor.Search:ASIAI0B)
Imported 'GUID: 4ef5fb54cd29b40468eaf5a14e9845ed' -> (Import Result ID: '3315d220682218ea0386aa6929ada5d4') in 0.002 seconds [static and dynamic dependencies]. Details - ImportResultOutputID=9df76d8bf92c206cf9176493913a1e8a DependenciesID=4f9d3d4905e2ecac12e2bdf791408896 StaticDependenciesID=9c22efe10b9b30624e6ac58e85ba1bd0 
Number of updated asset objects reloaded before import = 0
Number of asset objects unloaded after import = 0
========================================================================
Received Import Request.
  Time of request: 2026-10-09T14:09:49.268371Z
  Time since last request: 0.00033751 seconds.
  importAddress: GUID: 2f1b1f864205414fb1d64a6c465e0378 - Path: Packages/com.unity.collab-proxy/Editor/UVCSToolbar/PopupWindow/ControlledPopupWindow.cs - Importer: ScriptedImporter/UnityEditor.QuickSearchModule:UnityEditor.Search:ASIAI0B
Importing 'GUID: 2f1b1f864205414fb1d64a6c465e0378 - Path: Packages/com.unity.collab-proxy/Editor/UVCSToolbar/PopupWindow/ControlledPopupWindow.cs - Importer: ScriptedImporter/UnityEditor.QuickSearchModule:UnityEditor.Search:ASIAI0B' with importer (ScriptedImporter : UnityEditor.QuickSearchModule:UnityEditor.Search:ASIAI0B)
Imported 'GUID: 2f1b1f864205414fb1d64a6c465e0378' -> (Import Result ID: '729962694419ac5901c12e3111712237') in 0.002 seconds [static and dynamic dependencies]. Details - ImportResultOutputID=fbf37d401027b656e4c27d0993eca1a0 DependenciesID=1762686cfa21be62e4c3da9d5a9ea00e StaticDependenciesID=1ddcc183cc3ffbe42806b94e60be76aa 
Number of updated asset objects reloaded before import = 0
Number of asset objects unloaded after import = 0
========================================================================
Received Import Request.
  Time of request: 2026-10-09T14:09:49.27958Z
  Time since last request: 0.000336608 seconds.
  importAddress: GUID: ebbbce5f7ed39ab45b6f43340727ba5e - Path: Packages/com.unity.collab-proxy/Editor/Views/Branch/BranchListViewItem.cs - Importer: ScriptedImporter/UnityEditor.QuickSearchModule:UnityEditor.Search:ASIAI0B
Importing 'GUID: ebbbce5f7ed39ab45b6f43340727ba5e - Path: Packages/com.unity.collab-proxy/Editor/Views/Branch/BranchListViewItem.cs - Importer: ScriptedImporter/UnityEditor.QuickSearchModule:UnityEditor.Search:ASIAI0B' with importer (ScriptedImporter : UnityEditor.QuickSearchModule:UnityEditor.Search:ASIAI0B)
Imported 'GUID: ebbbce5f7ed39ab45b6f43340727ba5e' -> (Import Result ID: '32cf1789565918ff09097a5367545c66') in 0.001 seconds [static and dynamic dependencies]. Details - ImportResultOutputID=629ca9853b792d74096a0b13e06c75e1 DependenciesID=4461242f185feb8c9436b0f18826a2ec StaticDependenciesID=5bc5e16d9731baa28b8b1ba5837d5af8 
Number of updated asset objects reloaded before import = 0
Number of asset objects unloaded after import = 0
========================================================================
Received Import Request.
  Time of request: 2026-10-09T14:09:49.289627Z
  Time since last request: 0.000269032 seconds.
  importAddress: GUID: 1f51551c797bb44418a61b0f18e6c604 - Path: Packages/com.unity.collab-proxy/Editor/Views/BrowseRepository/BrowseRepositoryPanel.cs - Importer: ScriptedImporter/UnityEditor.QuickSearchModule:UnityEditor.Search:ASIAI0B
Importing 'GUID: 1f51551c797bb44418a61b0f18e6c604 - Path: Packages/com.unity.collab-proxy/Editor/Views/BrowseRepository/BrowseRepositoryPanel.cs - Importer: ScriptedImporter/UnityEditor.QuickSearchModule:UnityEditor.Search:ASIAI0B' with importer (ScriptedImporter : UnityEditor.QuickSearchModule:UnityEditor.Search:ASIAI0B)
Imported 'GUID: 1f51551c797bb44418a61b0f18e6c604' -> (Import Result ID: '7c4705a3443b56480e61d9480a02a4f7') in 0.002 seconds [static and dynamic dependencies]. Details - ImportResultOutputID=a60059f4cc0bc9ee61de58d6dab32ec5 DependenciesID=faf5fc36b6cb12fc670645e7f94373b0 StaticDependenciesID=9ae0f7b0b0908a9713494988fe2ad3e7 
Number of updated asset objects reloaded before import = 0
Number of asset objects unloaded after import = 0
========================================================================
Received Import Request.
  Time of request: 2026-10-09T14:09:49.299829Z
  Time since last request: 0.000331047 seconds.
  importAddress: GUID: c3cec769cd6ff2849aa09c811b62e611 - Path: Packages/com.unity.collab-proxy/Editor/Views/History/HistoryListViewMenu.cs - Importer: ScriptedImporter/UnityEditor.QuickSearchModule:UnityEditor.Search:ASIAI0B
Importing 'GUID: c3cec769cd6ff2849aa09c811b62e611 - Path: Packages/com.unity.collab-proxy/Editor/Views/History/HistoryListViewMenu.cs - Importer: ScriptedImporter/UnityEditor.QuickSearchModule:UnityEditor.Search:ASIAI0B' with importer (ScriptedImporter : UnityEditor.QuickSearchModule:UnityEditor.Search:ASIAI0B)
Imported 'GUID: c3cec769cd6ff2849aa09c811b62e611' -> (Import Result ID: 'fd67966465abbe1dd3f1ed7f72ce98bd') in 0.002 seconds [static and dynamic dependencies]. Details - ImportResultOutputID=8b3d38c89ad61476d9410d9c5598ca63 DependenciesID=ef6cd39b953074efe503090b414c9c82 StaticDependenciesID=4f3bd8b928a439ac51e006278248a791 
Number of updated asset objects reloaded before import = 0
Number of asset objects unloaded after import = 0
========================================================================
Received Import Request.
  Time of request: 2026-10-09T14:09:49.310191Z
  Time since last request: 0.000376403 seconds.
  importAddress: GUID: 732707d2b1ec963458b4ab9ffe539cbe - Path: Packages/com.unity.collab-proxy/Editor/Views/Branch/BranchesTab_Operations.cs - Importer: ScriptedImporter/UnityEditor.QuickSearchModule:UnityEditor.Search:ASIAI0B
Importing 'GUID: 732707d2b1ec963458b4ab9ffe539cbe - Path: Packages/com.unity.collab-proxy/Editor/Views/Branch/BranchesTab_Operations.cs - Importer: ScriptedImporter/UnityEditor.QuickSearchModule:UnityEditor.Search:ASIAI0B' with importer (ScriptedImporter : UnityEditor.QuickSearchModule:UnityEditor.Search:ASIAI0B)
Imported 'GUID: 732707d2b1ec963458b4ab9ffe539cbe' -> (Import Result ID: '91bad6e5db06095bee2230b0ecc23454') in 0.002 seconds [static and dynamic dependencies]. Details - ImportResultOutputID=7a29ebc73cbca3c69861f0e82c29dd4b DependenciesID=dd338824fb6b171eaf1a03dca8d68939 StaticDependenciesID=dad707ba0be5ca0b1f9e9e7506032e5b 
Number of updated asset objects reloaded before import = 0
Number of asset objects unloaded after import = 0
========================================================================
Received Import Request.
  Time of request: 2026-10-09T14:09:49.320125Z
  Time since last request: 0.000513268 seconds.
  importAddress: GUID: 42dc3be94f914d4c886ba488248b16b2 - Path: Packages/com.unity.collab-proxy/Editor/Views/BranchExplorer/EmptyStateView.cs - Importer: ScriptedImporter/UnityEditor.QuickSearchModule:UnityEditor.Search:ASIAI0B
Importing 'GUID: 42dc3be94f914d4c886ba488248b16b2 - Path: Packages/com.unity.collab-proxy/Editor/Views/BranchExplorer/EmptyStateView.cs - Importer: ScriptedImporter/UnityEditor.QuickSearchModule:UnityEditor.Search:ASIAI0B' with importer (ScriptedImporter : UnityEditor.QuickSearchModule:UnityEditor.Search:ASIAI0B)
Imported 'GUID: 42dc3be94f914d4c886ba488248b16b2' -> (Import Result ID: 'dfda9af9a6abeda9793bc7e619d3ca9d') in 0.001 seconds [static and dynamic dependencies]. Details - ImportResultOutputID=48ccf577338ccd1db0617a91fb3b531f DependenciesID=5f7c039138fc94e38e60e10a89a14721 StaticDependenciesID=8b1703b393fb01338600be575d117d0d 
Number of updated asset objects reloaded before import = 0
Number of asset objects unloaded after import = 0
========================================================================
Received Import Request.
  Time of request: 2026-10-09T14:09:49.327368Z
  Time since last request: 0.000211245 seconds.
  importAddress: GUID: 20341761c2011b441b2a3af227beeb71 - Path: Packages/com.unity.collab-proxy/Editor/Views/Changesets/ChangesetsSelection.cs - Importer: ScriptedImporter/UnityEditor.QuickSearchModule:UnityEditor.Search:ASIAI0B
Importing 'GUID: 20341761c2011b441b2a3af227beeb71 - Path: Packages/com.unity.collab-proxy/Editor/Views/Changesets/ChangesetsSelection.cs - Importer: ScriptedImporter/UnityEditor.QuickSearchModule:UnityEditor.Search:ASIAI0B' with importer (ScriptedImporter : UnityEditor.QuickSearchModule:UnityEditor.Search:ASIAI0B)
Imported 'GUID: 20341761c2011b441b2a3af227beeb71' -> (Import Result ID: '6de2038f7d2de0f877de24f70f36bc3f') in 0.001 seconds [static and dynamic dependencies]. Details - ImportResultOutputID=1a036de73ce6e1492e7b87a4126d18e7 DependenciesID=a9957d5203c6158dcd7d824b1a908ae1 StaticDependenciesID=fdafad5ed33cee7cdd40f860c4db7a4a 
Number of updated asset objects reloaded before import = 0
Number of asset objects unloaded after import = 0
========================================================================
Received Import Request.
  Time of request: 2026-10-09T14:09:49.33588Z
  Time since last request: 0.001012901 seconds.
  importAddress: GUID: 06643e3404d14375af98fc02b7314141 - Path: Packages/com.unity.collab-proxy/Editor/Views/BranchExplorer/FindReferenceChangeset.cs - Importer: ScriptedImporter/UnityEditor.QuickSearchModule:UnityEditor.Search:ASIAI0B
Importing 'GUID: 06643e3404d14375af98fc02b7314141 - Path: Packages/com.unity.collab-proxy/Editor/Views/BranchExplorer/FindReferenceChangeset.cs - Importer: ScriptedImporter/UnityEditor.QuickSearchModule:UnityEditor.Search:ASIAI0B' with importer (ScriptedImporter : UnityEditor.QuickSearchModule:UnityEditor.Search:ASIAI0B)
Imported 'GUID: 06643e3404d14375af98fc02b7314141' -> (Import Result ID: '23c0de96a05e7f7ef68bbc6adbbcb637') in 0.001 seconds [static and dynamic dependencies]. Details - ImportResultOutputID=a69f5ef4fb557f7b4ce84a6c5ccb58d9 DependenciesID=11586ed2932fd24798beb4977274c638 StaticDependenciesID=0654016d59055fba6d7e1728f68ce750 
Number of updated asset objects reloaded before import = 0
Number of asset objects unloaded after import = 0
========================================================================
Received Import Request.
  Time of request: 2026-10-09T14:09:49.344069Z
  Time since last request: 0.000419514 seconds.
  importAddress: GUID: 471badd5c87fb154885f11cdf1b49a00 - Path: Packages/com.unity.collab-proxy/Editor/Views/Changesets/ChangesetsTab.cs - Importer: ScriptedImporter/UnityEditor.QuickSearchModule:UnityEditor.Search:ASIAI0B
Importing 'GUID: 471badd5c87fb154885f11cdf1b49a00 - Path: Packages/com.unity.collab-proxy/Editor/Views/Changesets/ChangesetsTab.cs - Importer: ScriptedImporter/UnityEditor.QuickSearchModule:UnityEditor.Search:ASIAI0B' with importer (ScriptedImporter : UnityEditor.QuickSearchModule:UnityEditor.Search:ASIAI0B)
Imported 'GUID: 471badd5c87fb154885f11cdf1b49a00' -> (Import Result ID: 'a3adab085b4d4b6d8eaaf3c27fbdf9a4') in 0.001 seconds [static and dynamic dependencies]. Details - ImportResultOutputID=e858faee265242b4b426830c80f4f5f3 DependenciesID=a55a18a075ba33ceed500d450751cdb0 StaticDependenciesID=c4f58dd785e638f7e46388ca07b465f1 
Number of updated asset objects reloaded before import = 0
Number of asset objects unloaded after import = 0
========================================================================
Received Import Request.
  Time of request: 2026-10-09T14:09:49.352359Z
  Time since last request: 0.000522325 seconds.
  importAddress: GUID: cdf0cc5418c9fc44eade3d7480d7429e - Path: Packages/com.unity.collab-proxy/Editor/Views/Changesets/GetChangesetsQuery.cs - Importer: ScriptedImporter/UnityEditor.QuickSearchModule:UnityEditor.Search:ASIAI0B
Importing 'GUID: cdf0cc5418c9fc44eade3d7480d7429e - Path: Packages/com.unity.collab-proxy/Editor/Views/Changesets/GetChangesetsQuery.cs - Importer: ScriptedImporter/UnityEditor.QuickSearchModule:UnityEditor.Search:ASIAI0B' with importer (ScriptedImporter : UnityEditor.QuickSearchModule:UnityEditor.Search:ASIAI0B)
Imported 'GUID: cdf0cc5418c9fc44eade3d7480d7429e' -> (Import Result ID: '0483ec76b826ec69d952bc3b782ba9f8') in 0.001 seconds [static and dynamic dependencies]. Details - ImportResultOutputID=58c9292cf8a672ba9eeb62547e495c99 DependenciesID=faa451dd4e119d6bf65df853e0944a43 StaticDependenciesID=aedd2065c320e024b76ff9058360372e 
Number of updated asset objects reloaded before import = 0
Number of asset objects unloaded after import = 0
========================================================================
Received Import Request.
  Time of request: 2026-10-09T14:09:49.360441Z
  Time since last request: 0.000544817 seconds.
  importAddress: GUID: 2c9c0041347ae4e4cb794a3da850fa79 - Path: Packages/com.unity.collab-proxy/Editor/Views/Diff/DiffTreeViewMenu.cs - Importer: ScriptedImporter/UnityEditor.QuickSearchModule:UnityEditor.Search:ASIAI0B
Importing 'GUID: 2c9c0041347ae4e4cb794a3da850fa79 - Path: Packages/com.unity.collab-proxy/Editor/Views/Diff/DiffTreeViewMenu.cs - Importer: ScriptedImporter/UnityEditor.QuickSearchModule:UnityEditor.Search:ASIAI0B' with importer (ScriptedImporter : UnityEditor.QuickSearchModule:UnityEditor.Search:ASIAI0B)
Imported 'GUID: 2c9c0041347ae4e4cb794a3da850fa79' -> (Import Result ID: 'ffad78cd8558b4d4e1c13ed446407d66') in 0.001 seconds [static and dynamic dependencies]. Details - ImportResultOutputID=6c5948f91aa6ca86bdc867ff0ecb0ec1 DependenciesID=e0b190cb9a3d13eeb906466ea1184af2 StaticDependenciesID=8a3c4ae9077fbae248bb13eedacd1f6f 
Number of updated asset objects reloaded before import = 0
Number of asset objects unloaded after import = 0
========================================================================
Received Import Request.
  Time of request: 2026-10-09T14:09:49.368733Z
  Time since last request: 0.000485817 seconds.
  importAddress: GUID: 08501ac9dc864ac3998d286a2a36aaf2 - Path: Packages/com.unity.collab-proxy/Editor/Views/BranchExplorer/BrExSearchField.cs - Importer: ScriptedImporter/UnityEditor.QuickSearchModule:UnityEditor.Search:ASIAI0B
Importing 'GUID: 08501ac9dc864ac3998d286a2a36aaf2 - Path: Packages/com.unity.collab-proxy/Editor/Views/BranchExplorer/BrExSearchField.cs - Importer: ScriptedImporter/UnityEditor.QuickSearchModule:UnityEditor.Search:ASIAI0B' with importer (ScriptedImporter : UnityEditor.QuickSearchModule:UnityEditor.Search:ASIAI0B)
Imported 'GUID: 08501ac9dc864ac3998d286a2a36aaf2' -> (Import Result ID: 'b7ceafb09292988ecb95ce058d39fe36') in 0.001 seconds [static and dynamic dependencies]. Details - ImportResultOutputID=a51f96cd316e1e0aed831cb15040abbc DependenciesID=bc87aa6b84e48ef0b5590c58a95e1b59 StaticDependenciesID=7243a9adc251bcecad190690cc81533e 
Number of updated asset objects reloaded before import = 0
Number of asset objects unloaded after import = 0
========================================================================
Received Import Request.
  Time of request: 2026-10-09T14:09:49.377642Z
  Time since last request: 0.000724653 seconds.
  importAddress: GUID: f3bae7db75ee4b749b96add6a75de44d - Path: Packages/com.unity.collab-proxy/Editor/Views/BrowseRepository/BrowseRepositoryHeaderState.cs - Importer: ScriptedImporter/UnityEditor.QuickSearchModule:UnityEditor.Search:ASIAI0B
Importing 'GUID: f3bae7db75ee4b749b96add6a75de44d - Path: Packages/com.unity.collab-proxy/Editor/Views/BrowseRepository/BrowseRepositoryHeaderState.cs - Importer: ScriptedImporter/UnityEditor.QuickSearchModule:UnityEditor.Search:ASIAI0B' with importer (ScriptedImporter : UnityEditor.QuickSearchModule:UnityEditor.Search:ASIAI0B)
Imported 'GUID: f3bae7db75ee4b749b96add6a75de44d' -> (Import Result ID: 'ddd765c8681f4f5a89df925eb3e78d1e') in 0.002 seconds [static and dynamic dependencies]. Details - ImportResultOutputID=7efffb435e64bf784778a98f4e152986 DependenciesID=be5b3b32de9a15b2870d0aa0670db297 StaticDependenciesID=7de7e44d073405d4a99c01a7346bf1f0 
Number of updated asset objects reloaded before import = 0
Number of asset objects unloaded after import = 0
========================================================================
Received Import Request.
  Time of request: 2026-10-09T14:09:49.386082Z
  Time since last request: 0.000269543 seconds.
  importAddress: GUID: 95c33d7b5f64474d9f2c07832c033127 - Path: Packages/com.unity.collab-proxy/Editor/Views/BranchExplorer/BranchExplorerWindow.cs - Importer: ScriptedImporter/UnityEditor.QuickSearchModule:UnityEditor.Search:ASIAI0B
Importing 'GUID: 95c33d7b5f64474d9f2c07832c033127 - Path: Packages/com.unity.collab-proxy/Editor/Views/BranchExplorer/BranchExplorerWindow.cs - Importer: ScriptedImporter/UnityEditor.QuickSearchModule:UnityEditor.Search:ASIAI0B' with importer (ScriptedImporter : UnityEditor.QuickSearchModule:UnityEditor.Search:ASIAI0B)
Imported 'GUID: 95c33d7b5f64474d9f2c07832c033127' -> (Import Result ID: '170441c9f9a0af73fc647aa55c3acf09') in 0.001 seconds [static and dynamic dependencies]. Details - ImportResultOutputID=a73c2dcf760149013a0d11f2ac323764 DependenciesID=7bbadc1557b338e4dcc6494111b9cf4c StaticDependenciesID=01b03b846eca1f4cf245f176ee7d35e7 
Number of updated asset objects reloaded before import = 0
Number of asset objects unloaded after import = 0
========================================================================
Received Import Request.
  Time of request: 2026-10-09T14:09:49.394008Z
  Time since last request: 0.000280874 seconds.
  importAddress: GUID: 156e16594aa6bd54cb77aa3f8eae5c82 - Path: Packages/com.unity.collab-proxy/Editor/Views/Diff/ChangeCategoryTreeViewItem.cs - Importer: ScriptedImporter/UnityEditor.QuickSearchModule:UnityEditor.Search:ASIAI0B
Importing 'GUID: 156e16594aa6bd54cb77aa3f8eae5c82 - Path: Packages/com.unity.collab-proxy/Editor/Views/Diff/ChangeCategoryTreeViewItem.cs - Importer: ScriptedImporter/UnityEditor.QuickSearchModule:UnityEditor.Search:ASIAI0B' with importer (ScriptedImporter : UnityEditor.QuickSearchModule:UnityEditor.Search:ASIAI0B)
Imported 'GUID: 156e16594aa6bd54cb77aa3f8eae5c82' -> (Import Result ID: '68c8a4374a810e0aa3ade131038bccfc') in 0.002 seconds [static and dynamic dependencies]. Details - ImportResultOutputID=a456b75314e67508645806469fefa477 DependenciesID=5de9c1b516b20dc889e9e0b6376189d3 StaticDependenciesID=c60253ccfa78f0cc1955274c8d0ad9cc 
Number of updated asset objects reloaded before import = 0
Number of asset objects unloaded after import = 0
========================================================================
Received Import Request.
  Time of request: 2026-10-09T14:09:49.402504Z
  Time since last request: 0.000388745 seconds.
  importAddress: GUID: 41633509da720014cbd77f755b378ce7 - Path: Packages/com.unity.collab-proxy/Editor/Views/CreateWorkspace/CreateWorkspaceViewState.cs - Importer: ScriptedImporter/UnityEditor.QuickSearchModule:UnityEditor.Search:ASIAI0B
Importing 'GUID: 41633509da720014cbd77f755b378ce7 - Path: Packages/com.unity.collab-proxy/Editor/Views/CreateWorkspace/CreateWorkspaceViewState.cs - Importer: ScriptedImporter/UnityEditor.QuickSearchModule:UnityEditor.Search:ASIAI0B' with importer (ScriptedImporter : UnityEditor.QuickSearchModule:UnityEditor.Search:ASIAI0B)
Imported 'GUID: 41633509da720014cbd77f755b378ce7' -> (Import Result ID: 'c3870e31a6e04bf8657deab92c9dbcd6') in 0.001 seconds [static and dynamic dependencies]. Details - ImportResultOutputID=b6aca1e0b1de6307a0a1e4ac5e88df31 DependenciesID=966ac0215534026fc1b997710634a30d StaticDependenciesID=f3f71a4dcf4f0ede0ee3dde801c5cf49 
Number of updated asset objects reloaded before import = 0
Number of asset objects unloaded after import = 0
========================================================================
Received Import Request.
  Time of request: 2026-10-09T14:09:49.410788Z
  Time since last request: 0.000499703 seconds.
  importAddress: GUID: 19731bf18cd0abd45955c297ff452044 - Path: Packages/com.unity.collab-proxy/Editor/Views/Changesets/ChangesetExplorerView.cs - Importer: ScriptedImporter/UnityEditor.QuickSearchModule:UnityEditor.Search:ASIAI0B
Importing 'GUID: 19731bf18cd0abd45955c297ff452044 - Path: Packages/com.unity.collab-proxy/Editor/Views/Changesets/ChangesetExplorerView.cs - Importer: ScriptedImporter/UnityEditor.QuickSearchModule:UnityEditor.Search:ASIAI0B' with importer (ScriptedImporter : UnityEditor.QuickSearchModule:UnityEditor.Search:ASIAI0B)
Imported 'GUID: 19731bf18cd0abd45955c297ff452044' -> (Import Result ID: 'cc9c2cc866f4930bf48a6b85d49a007f') in 0.001 seconds [static and dynamic dependencies]. Details - ImportResultOutputID=86ee065c3e3437eada3ecd7685b36adf DependenciesID=1ba06e4f53b6173fa2ea0ee3078a3fe8 StaticDependenciesID=9a47d722aacee1a2390074ccaaad7d36 
Number of updated asset objects reloaded before import = 0
Number of asset objects unloaded after import = 0
========================================================================
Received Import Request.
  Time of request: 2026-10-09T14:09:49.419288Z
  Time since last request: 0.000443618 seconds.
  importAddress: GUID: 29e0becc4ce852c439ff3e642f0375bd - Path: Packages/com.unity.collab-proxy/Editor/Views/CreateWorkspace/PerformInitialCheckin.cs - Importer: ScriptedImporter/UnityEditor.QuickSearchModule:UnityEditor.Search:ASIAI0B
Importing 'GUID: 29e0becc4ce852c439ff3e642f0375bd - Path: Packages/com.unity.collab-proxy/Editor/Views/CreateWorkspace/PerformInitialCheckin.cs - Importer: ScriptedImporter/UnityEditor.QuickSearchModule:UnityEditor.Search:ASIAI0B' with importer (ScriptedImporter : UnityEditor.QuickSearchModule:UnityEditor.Search:ASIAI0B)
Imported 'GUID: 29e0becc4ce852c439ff3e642f0375bd' -> (Import Result ID: 'b29fcda835af35809b310826dc562ccf') in 0.001 seconds [static and dynamic dependencies]. Details - ImportResultOutputID=bb2f6e52e0eeecdfdf38393c36ca2695 DependenciesID=daafe41e99aa7b3d93ef0c4ba127f627 StaticDependenciesID=7715557ef12eaf0d7342d37c2d0bb4b3 
Number of updated asset objects reloaded before import = 0
Number of asset objects unloaded after import = 0
========================================================================
Received Import Request.
  Time of request: 2026-10-09T14:09:49.43548Z
  Time since last request: 0.008289163 seconds.
  importAddress: GUID: e2ca16ee0b283be4f95ca8c96e549d3a - Path: Packages/com.unity.collab-proxy/Editor/Views/Shelves/ShelvesSelection.cs - Importer: ScriptedImporter/UnityEditor.QuickSearchModule:UnityEditor.Search:ASIAI0B
Importing 'GUID: e2ca16ee0b283be4f95ca8c96e549d3a - Path: Packages/com.unity.collab-proxy/Editor/Views/Shelves/ShelvesSelection.cs - Importer: ScriptedImporter/UnityEditor.QuickSearchModule:UnityEditor.Search:ASIAI0B' with importer (ScriptedImporter : UnityEditor.QuickSearchModule:UnityEditor.Search:ASIAI0B)
Imported 'GUID: e2ca16ee0b283be4f95ca8c96e549d3a' -> (Import Result ID: '81216772c3fc85f8e1eacf669c430e6b') in 0.002 seconds [static and dynamic dependencies]. Details - ImportResultOutputID=ba649039036ef0a652647266b0c01c3a DependenciesID=a7344e54d3c76395856b1108efb448de StaticDependenciesID=879f6770927d3d8aadc592c3f0261a51 
Number of updated asset objects reloaded before import = 0
Number of asset objects unloaded after import = 0
========================================================================
Received Import Request.
  Time of request: 2026-10-09T14:09:49.444173Z
  Time since last request: 0.000164147 seconds.
  importAddress: GUID: e1a6d107a6d177540bc36d82a9449128 - Path: Packages/com.unity.collab-proxy/Editor/Views/PendingChanges/ChangelistTreeViewItem.cs - Importer: ScriptedImporter/UnityEditor.QuickSearchModule:UnityEditor.Search:ASIAI0B
Importing 'GUID: e1a6d107a6d177540bc36d82a9449128 - Path: Packages/com.unity.collab-proxy/Editor/Views/PendingChanges/ChangelistTreeViewItem.cs - Importer: ScriptedImporter/UnityEditor.QuickSearchModule:UnityEditor.Search:ASIAI0B' with importer (ScriptedImporter : UnityEditor.QuickSearchModule:UnityEditor.Search:ASIAI0B)
Imported 'GUID: e1a6d107a6d177540bc36d82a9449128' -> (Import Result ID: 'cb4e9c89f7167b00719e889be55029e4') in 0.001 seconds [static and dynamic dependencies]. Details - ImportResultOutputID=232e6b8ccea3cf27c34bb5d4802ef810 DependenciesID=579f1ee55fde3149164a8f11849b90a0 StaticDependenciesID=015f8da8671156973ac92fc922b001ce 
Number of updated asset objects reloaded before import = 0
Number of asset objects unloaded after import = 0
========================================================================
Received Import Request.
  Time of request: 2026-10-09T14:09:49.452152Z
  Time since last request: 0.000424252 seconds.
  importAddress: GUID: 23471c5c18843794fba363cb093b5a05 - Path: Packages/com.unity.collab-proxy/Editor/Views/PendingChanges/DrawCommentTextArea.cs - Importer: ScriptedImporter/UnityEditor.QuickSearchModule:UnityEditor.Search:ASIAI0B
Importing 'GUID: 23471c5c18843794fba363cb093b5a05 - Path: Packages/com.unity.collab-proxy/Editor/Views/PendingChanges/DrawCommentTextArea.cs - Importer: ScriptedImporter/UnityEditor.QuickSearchModule:UnityEditor.Search:ASIAI0B' with importer (ScriptedImporter : UnityEditor.QuickSearchModule:UnityEditor.Search:ASIAI0B)
Imported 'GUID: 23471c5c18843794fba363cb093b5a05' -> (Import Result ID: 'f215564b0e4704466479e9825d9f3bc6') in 0.001 seconds [static and dynamic dependencies]. Details - ImportResultOutputID=5b707bf08cc1ef33058f4dd7b91d2648 DependenciesID=b33d542a9a82aa76525cb565fa89fde3 StaticDependenciesID=38322f51034aa2228123b2f9bd33d5f4 
Number of updated asset objects reloaded before import = 0
Number of asset objects unloaded after import = 0
========================================================================
Received Import Request.
  Time of request: 2026-10-09T14:09:49.46045Z
  Time since last request: 0.000539367 seconds.
  importAddress: GUID: 7ff4088388844bb9bf6b1e832be44c0b - Path: Packages/com.unity.collab-proxy/Editor/Views/Properties/CommentsPanel.cs - Importer: ScriptedImporter/UnityEditor.QuickSearchModule:UnityEditor.Search:ASIAI0B
Importing 'GUID: 7ff4088388844bb9bf6b1e832be44c0b - Path: Packages/com.unity.collab-proxy/Editor/Views/Properties/CommentsPanel.cs - Importer: ScriptedImporter/UnityEditor.QuickSearchModule:UnityEditor.Search:ASIAI0B' with importer (ScriptedImporter : UnityEditor.QuickSearchModule:UnityEditor.Search:ASIAI0B)
Imported 'GUID: 7ff4088388844bb9bf6b1e832be44c0b' -> (Import Result ID: 'b231e89548157a7ba1597f5157143a60') in 0.001 seconds [static and dynamic dependencies]. Details - ImportResultOutputID=ce851bf47d70d55aff1607e31827b10b DependenciesID=ab06d502c5bc52b6f2fbc30014de8c53 StaticDependenciesID=7ee0fb0a467c835c65c190bdcebf00b5 
Number of updated asset objects reloaded before import = 0
Number of asset objects unloaded after import = 0
========================================================================
Received Import Request.
  Time of request: 2026-10-09T14:09:49.468846Z
  Time since last request: 0.000426095 seconds.
  importAddress: GUID: d317dcbde3a2ce64dae19f49289c5285 - Path: Packages/com.unity.collab-proxy/Editor/_Deprecated/Settings/PlasticProjectSettingsProvider.cs - Importer: ScriptedImporter/UnityEditor.QuickSearchModule:UnityEditor.Search:ASIAI0B
Importing 'GUID: d317dcbde3a2ce64dae19f49289c5285 - Path: Packages/com.unity.collab-proxy/Editor/_Deprecated/Settings/PlasticProjectSettingsProvider.cs - Importer: ScriptedImporter/UnityEditor.QuickSearchModule:UnityEditor.Search:ASIAI0B' with importer (ScriptedImporter : UnityEditor.QuickSearchModule:UnityEditor.Search:ASIAI0B)
Imported 'GUID: d317dcbde3a2ce64dae19f49289c5285' -> (Import Result ID: 'db708966df6bde3c25aae8098aafa84c') in 0.001 seconds [static and dynamic dependencies]. Details - ImportResultOutputID=89be96d66ec84e0c11e5529c4fdd38a8 DependenciesID=4e1cdac8fa9387410b72a9d30852754e StaticDependenciesID=712de758683684acbbe4645d47e7632a 
Number of updated asset objects reloaded before import = 0
Number of asset objects unloaded after import = 0
========================================================================
Received Import Request.
  Time of request: 2026-10-09T14:09:49.477006Z
  Time since last request: 0.000487299 seconds.
  importAddress: GUID: 1b2dfd8c552c2468ca523d8dbb93ea5d - Path: Packages/com.unity.collab-proxy/Editor/Views/PendingChanges/PendingChangesTab.cs - Importer: ScriptedImporter/UnityEditor.QuickSearchModule:UnityEditor.Search:ASIAI0B
Importing 'GUID: 1b2dfd8c552c2468ca523d8dbb93ea5d - Path: Packages/com.unity.collab-proxy/Editor/Views/PendingChanges/PendingChangesTab.cs - Importer: ScriptedImporter/UnityEditor.QuickSearchModule:UnityEditor.Search:ASIAI0B' with importer (ScriptedImporter : UnityEditor.QuickSearchModule:UnityEditor.Search:ASIAI0B)
Imported 'GUID: 1b2dfd8c552c2468ca523d8dbb93ea5d' -> (Import Result ID: '6e3ea52910f8a7e2869bce916f5d5f43') in 0.003 seconds [static and dynamic dependencies]. Details - ImportResultOutputID=04a45c8c280572c914363141e400bb5a DependenciesID=01e831a9ca746f1646afda6cab7795c1 StaticDependenciesID=e21a644797bfd7be5d7bfacff2b6508c 
Number of updated asset objects reloaded before import = 0
Number of asset objects unloaded after import = 0
========================================================================
Received Import Request.
  Time of request: 2026-10-09T14:09:49.486645Z
  Time since last request: 0.000250939 seconds.
  importAddress: GUID: 29bc9dedaf364d2890f65a2757fb6005 - Path: Packages/com.unity.collab-proxy/Editor/Views/Merge/ApplyShelveReport.cs - Importer: ScriptedImporter/UnityEditor.QuickSearchModule:UnityEditor.Search:ASIAI0B
Importing 'GUID: 29bc9dedaf364d2890f65a2757fb6005 - Path: Packages/com.unity.collab-proxy/Editor/Views/Merge/ApplyShelveReport.cs - Importer: ScriptedImporter/UnityEditor.QuickSearchModule:UnityEditor.Search:ASIAI0B' with importer (ScriptedImporter : UnityEditor.QuickSearchModule:UnityEditor.Search:ASIAI0B)
Imported 'GUID: 29bc9dedaf364d2890f65a2757fb6005' -> (Import Result ID: 'd46abddbfab260e4fec23b0899661ba3') in 0.001 seconds [static and dynamic dependencies]. Details - ImportResultOutputID=fe3d450e7b3ae7ed83e2d1544f17518e DependenciesID=ddfc4cedb9e084e46772349f3dd79147 StaticDependenciesID=d968b74ae3c5187e1bce2a476f51e52c 
Number of updated asset objects reloaded before import = 0
Number of asset objects unloaded after import = 0
========================================================================
Received Import Request.
  Time of request: 2026-10-09T14:09:49.494884Z
  Time since last request: 0.000287848 seconds.
  importAddress: GUID: b6aa72bc8240f514988bcccf4cf3cef5 - Path: Packages/com.unity.collab-proxy/Editor/_Deprecated/WebApi/IsCollabProjectMigratedResponse.cs - Importer: ScriptedImporter/UnityEditor.QuickSearchModule:UnityEditor.Search:ASIAI0B
Importing 'GUID: b6aa72bc8240f514988bcccf4cf3cef5 - Path: Packages/com.unity.collab-proxy/Editor/_Deprecated/WebApi/IsCollabProjectMigratedResponse.cs - Importer: ScriptedImporter/UnityEditor.QuickSearchModule:UnityEditor.Search:ASIAI0B' with importer (ScriptedImporter : UnityEditor.QuickSearchModule:UnityEditor.Search:ASIAI0B)
Imported 'GUID: b6aa72bc8240f514988bcccf4cf3cef5' -> (Import Result ID: 'b7526ddd104b2d6c210843989452d758') in 0.001 seconds [static and dynamic dependencies]. Details - ImportResultOutputID=c47331352c63fa1815df489d4e4484ec DependenciesID=6fef5b2cf982d5bf68e0607f74b2af8c StaticDependenciesID=a634c25bfba699468aefe88c317f9866 
Number of updated asset objects reloaded before import = 0
Number of asset objects unloaded after import = 0
========================================================================
Received Import Request.
  Time of request: 2026-10-09T14:09:49.503355Z
  Time since last request: 0.000339383 seconds.
  importAddress: GUID: f4519099779a46cdb95ca9e1d96b7895 - Path: Packages/com.unity.collab-proxy/Editor/Views/Locks/LocksListViewItem.cs - Importer: ScriptedImporter/UnityEditor.QuickSearchModule:UnityEditor.Search:ASIAI0B
Importing 'GUID: f4519099779a46cdb95ca9e1d96b7895 - Path: Packages/com.unity.collab-proxy/Editor/Views/Locks/LocksListViewItem.cs - Importer: ScriptedImporter/UnityEditor.QuickSearchModule:UnityEditor.Search:ASIAI0B' with importer (ScriptedImporter : UnityEditor.QuickSearchModule:UnityEditor.Search:ASIAI0B)
Imported 'GUID: f4519099779a46cdb95ca9e1d96b7895' -> (Import Result ID: 'cdbe91396897b3381be8141a95f7f200') in 0.001 seconds [static and dynamic dependencies]. Details - ImportResultOutputID=fea38e187049706c2e1ad90d52d587df DependenciesID=93b6ed8d796470203053b64e5bef56fd StaticDependenciesID=a8c40ddffd40a360664dfbac0ce414c6 
Number of updated asset objects reloaded before import = 0
Number of asset objects unloaded after import = 0
========================================================================
Received Import Request.
  Time of request: 2026-10-09T14:09:49.51145Z
  Time since last request: 0.000268511 seconds.
  importAddress: GUID: bc1e10ffb13c5b548948d8c725368507 - Path: Packages/com.unity.collab-proxy/Editor/Views/Welcome/MacOSConfigWorkaround.cs - Importer: ScriptedImporter/UnityEditor.QuickSearchModule:UnityEditor.Search:ASIAI0B
Importing 'GUID: bc1e10ffb13c5b548948d8c725368507 - Path: Packages/com.unity.collab-proxy/Editor/Views/Welcome/MacOSConfigWorkaround.cs - Importer: ScriptedImporter/UnityEditor.QuickSearchModule:UnityEditor.Search:ASIAI0B' with importer (ScriptedImporter : UnityEditor.QuickSearchModule:UnityEditor.Search:ASIAI0B)
Imported 'GUID: bc1e10ffb13c5b548948d8c725368507' -> (Import Result ID: '6da58ee7af24b36919f263a1713e536d') in 0.001 seconds [static and dynamic dependencies]. Details - ImportResultOutputID=485e4300df921a0e5b03e65d28105ce9 DependenciesID=b428624b36c8fc6c2f6468a848ca48af StaticDependenciesID=a2a4748bc78331718b654881230aee00 
Number of updated asset objects reloaded before import = 0
Number of asset objects unloaded after import = 0
========================================================================
Received Import Request.
  Time of request: 2026-10-09T14:09:49.519733Z
  Time since last request: 0.000258493 seconds.
  importAddress: GUID: 2e38b4690fec967478ecffad444155e6 - Path: Packages/com.unity.collab-proxy/Editor/_Deprecated/WebApi/OrganizationCredentials.cs - Importer: ScriptedImporter/UnityEditor.QuickSearchModule:UnityEditor.Search:ASIAI0B
Importing 'GUID: 2e38b4690fec967478ecffad444155e6 - Path: Packages/com.unity.collab-proxy/Editor/_Deprecated/WebApi/OrganizationCredentials.cs - Importer: ScriptedImporter/UnityEditor.QuickSearchModule:UnityEditor.Search:ASIAI0B' with importer (ScriptedImporter : UnityEditor.QuickSearchModule:UnityEditor.Search:ASIAI0B)
Imported 'GUID: 2e38b4690fec967478ecffad444155e6' -> (Import Result ID: '92a2a570723c3869101ccedae0b572e3') in 0.001 seconds [static and dynamic dependencies]. Details - ImportResultOutputID=5f7e45b4a7dbb38b6df9cf9d60809464 DependenciesID=383f24feb29eb6b23794b582119e85f0 StaticDependenciesID=c08e06bb1adb6f02f7180820bec7ed5d 
Number of updated asset objects reloaded before import = 0
Number of asset objects unloaded after import = 0
========================================================================
Received Import Request.
  Time of request: 2026-10-09T14:09:49.527292Z
  Time since last request: 0.000249746 seconds.
  importAddress: GUID: 1a7e0200b2cf489bbe62e1410a7ed2e4 - Path: Packages/com.unity.collab-proxy/Editor/Views/Locks/DrawLocksListViewItem.cs - Importer: ScriptedImporter/UnityEditor.QuickSearchModule:UnityEditor.Search:ASIAI0B
Importing 'GUID: 1a7e0200b2cf489bbe62e1410a7ed2e4 - Path: Packages/com.unity.collab-proxy/Editor/Views/Locks/DrawLocksListViewItem.cs - Importer: ScriptedImporter/UnityEditor.QuickSearchModule:UnityEditor.Search:ASIAI0B' with importer (ScriptedImporter : UnityEditor.QuickSearchModule:UnityEditor.Search:ASIAI0B)
Imported 'GUID: 1a7e0200b2cf489bbe62e1410a7ed2e4' -> (Import Result ID: 'f6dfdf989abe84d4d889762369a060c4') in 0.001 seconds [static and dynamic dependencies]. Details - ImportResultOutputID=832d0370d12867a167adad12d4063e18 DependenciesID=64876a303bcbce0c3275dc89d9a3a9dd StaticDependenciesID=7775d9ab3ea91d5b82170f75fb207ff9 
Number of updated asset objects reloaded before import = 0
Number of asset objects unloaded after import = 0
========================================================================
Received Import Request.
  Time of request: 2026-10-09T14:09:49.535491Z
  Time since last request: 0.000868431 seconds.
  importAddress: GUID: 4b03b609705fa2945b8de9fb63a8ca68 - Path: Packages/com.unity.collab-proxy/Editor/Views/Labels/LabelsTab.cs - Importer: ScriptedImporter/UnityEditor.QuickSearchModule:UnityEditor.Search:ASIAI0B
Importing 'GUID: 4b03b609705fa2945b8de9fb63a8ca68 - Path: Packages/com.unity.collab-proxy/Editor/Views/Labels/LabelsTab.cs - Importer: ScriptedImporter/UnityEditor.QuickSearchModule:UnityEditor.Search:ASIAI0B' with importer (ScriptedImporter : UnityEditor.QuickSearchModule:UnityEditor.Search:ASIAI0B)
Imported 'GUID: 4b03b609705fa2945b8de9fb63a8ca68' -> (Import Result ID: 'da281a381d7cd5e33f4791d01e137bba') in 0.001 seconds [static and dynamic dependencies]. Details - ImportResultOutputID=88cd52f5fa6bb527034ffabf51831e6d DependenciesID=8270191807afac8f69513cd43d0a3eb6 StaticDependenciesID=6ed2abcff9e0fbbb92368827a237af03 
Number of updated asset objects reloaded before import = 0
Number of asset objects unloaded after import = 0
========================================================================
Received Import Request.
  Time of request: 2026-10-09T14:09:49.543423Z
  Time since last request: 0.000612002 seconds.
  importAddress: GUID: 200cab728add43369c716237d4f7b451 - Path: Packages/com.unity.collab-proxy/Editor/Views/Locks/LocksListHeaderState.cs - Importer: ScriptedImporter/UnityEditor.QuickSearchModule:UnityEditor.Search:ASIAI0B
Importing 'GUID: 200cab728add43369c716237d4f7b451 - Path: Packages/com.unity.collab-proxy/Editor/Views/Locks/LocksListHeaderState.cs - Importer: ScriptedImporter/UnityEditor.QuickSearchModule:UnityEditor.Search:ASIAI0B' with importer (ScriptedImporter : UnityEditor.QuickSearchModule:UnityEditor.Search:ASIAI0B)
Imported 'GUID: 200cab728add43369c716237d4f7b451' -> (Import Result ID: '2d1547716335fd05ed5d644db8a9ffc6') in 0.001 seconds [static and dynamic dependencies]. Details - ImportResultOutputID=bec3f6af79e1bb6e74094b9c4ab43f64 DependenciesID=2ca396379fef48d4de90f790f158e7e1 StaticDependenciesID=a1d36624a6a097d22e5e82263990370e 
Number of updated asset objects reloaded before import = 0
Number of asset objects unloaded after import = 0
========================================================================
Received Import Request.
  Time of request: 2026-10-09T14:09:49.551636Z
  Time since last request: 0.000295422 seconds.
  importAddress: GUID: 9553f392d0be2a24daf3cad457d2c612 - Path: Packages/com.unity.collab-proxy/Editor/Views/History/HistorySelection.cs - Importer: ScriptedImporter/UnityEditor.QuickSearchModule:UnityEditor.Search:ASIAI0B
Importing 'GUID: 9553f392d0be2a24daf3cad457d2c612 - Path: Packages/com.unity.collab-proxy/Editor/Views/History/HistorySelection.cs - Importer: ScriptedImporter/UnityEditor.QuickSearchModule:UnityEditor.Search:ASIAI0B' with importer (ScriptedImporter : UnityEditor.QuickSearchModule:UnityEditor.Search:ASIAI0B)
Imported 'GUID: 9553f392d0be2a24daf3cad457d2c612' -> (Import Result ID: '1ac448c4542df9a8219c7a84d89c1cec') in 0.001 seconds [static and dynamic dependencies]. Details - ImportResultOutputID=632e59657873c8baad8057c64023d4ed DependenciesID=0b408b35679057c89fc5d9689809af68 StaticDependenciesID=ed4ee1a76467bd93983ce27662c94a85 
Number of updated asset objects reloaded before import = 0
Number of asset objects unloaded after import = 0
========================================================================
Received Import Request.
  Time of request: 2026-10-09T14:09:49.559986Z
  Time since last request: 0.000326009 seconds.
  importAddress: GUID: 1d07a35cc40845848b79fb78421cea19 - Path: Packages/com.unity.collab-proxy/Editor/Views/PendingChanges/CommentArea.cs - Importer: ScriptedImporter/UnityEditor.QuickSearchModule:UnityEditor.Search:ASIAI0B
Importing 'GUID: 1d07a35cc40845848b79fb78421cea19 - Path: Packages/com.unity.collab-proxy/Editor/Views/PendingChanges/CommentArea.cs - Importer: ScriptedImporter/UnityEditor.QuickSearchModule:UnityEditor.Search:ASIAI0B' with importer (ScriptedImporter : UnityEditor.QuickSearchModule:UnityEditor.Search:ASIAI0B)
Imported 'GUID: 1d07a35cc40845848b79fb78421cea19' -> (Import Result ID: '9a1b7e3ec5a1240d675288a9bb8dd652') in 0.002 seconds [static and dynamic dependencies]. Details - ImportResultOutputID=5d09040207b7fe137e1ac9660d88a295 DependenciesID=2bc1bfef6db07ab108927a8d367925cc StaticDependenciesID=e092b683ab55e112ab59727a62c6d098 
Number of updated asset objects reloaded before import = 0
Number of asset objects unloaded after import = 0
========================================================================
Received Import Request.
  Time of request: 2026-10-09T14:09:49.56923Z
  Time since last request: 0.000516915 seconds.
  importAddress: GUID: f8686930677b1f44d9ad7deab4888955 - Path: Packages/com.unity.collab-proxy/Editor/Views/Merge/DrawMergeOverview.cs - Importer: ScriptedImporter/UnityEditor.QuickSearchModule:UnityEditor.Search:ASIAI0B
Importing 'GUID: f8686930677b1f44d9ad7deab4888955 - Path: Packages/com.unity.collab-proxy/Editor/Views/Merge/DrawMergeOverview.cs - Importer: ScriptedImporter/UnityEditor.QuickSearchModule:UnityEditor.Search:ASIAI0B' with importer (ScriptedImporter : UnityEditor.QuickSearchModule:UnityEditor.Search:ASIAI0B)
Imported 'GUID: f8686930677b1f44d9ad7deab4888955' -> (Import Result ID: 'fa391a94060dbeee00260e98a2bcfc25') in 0.002 seconds [static and dynamic dependencies]. Details - ImportResultOutputID=777f4df253e87e8231100ead890e151b DependenciesID=8ef685929548dc6ae7b8dc9745732e32 StaticDependenciesID=d397450c063b432c3b09346b296d1f43 
Number of updated asset objects reloaded before import = 0
Number of asset objects unloaded after import = 0
========================================================================
Received Import Request.
  Time of request: 2026-10-09T14:09:49.579293Z
  Time since last request: 0.000402382 seconds.
  importAddress: GUID: 858cd1de29a71bd4c913db15f8ae3a0f - Path: Packages/com.unity.collab-proxy/Editor/Views/Labels/LabelListViewItem.cs - Importer: ScriptedImporter/UnityEditor.QuickSearchModule:UnityEditor.Search:ASIAI0B
Importing 'GUID: 858cd1de29a71bd4c913db15f8ae3a0f - Path: Packages/com.unity.collab-proxy/Editor/Views/Labels/LabelListViewItem.cs - Importer: ScriptedImporter/UnityEditor.QuickSearchModule:UnityEditor.Search:ASIAI0B' with importer (ScriptedImporter : UnityEditor.QuickSearchModule:UnityEditor.Search:ASIAI0B)
Imported 'GUID: 858cd1de29a71bd4c913db15f8ae3a0f' -> (Import Result ID: '1aa049e82b303fc8b61d413e178dae20') in 0.001 seconds [static and dynamic dependencies]. Details - ImportResultOutputID=3e2b37720f20caebfaa5a7c322d1cd25 DependenciesID=e1858d16472773358192544e2b10d859 StaticDependenciesID=fb50f0f16b75bcb4d912a294c33d61cf 
Number of updated asset objects reloaded before import = 0
Number of asset objects unloaded after import = 0
========================================================================
Received Import Request.
  Time of request: 2026-10-09T14:09:49.588924Z
  Time since last request: 0.000302935 seconds.
  importAddress: GUID: 31a95d07803cf9f48a127ae0fc3e5369 - Path: Packages/com.unity.collab-proxy/Editor/Views/Labels/LabelsTab_Operations.cs - Importer: ScriptedImporter/UnityEditor.QuickSearchModule:UnityEditor.Search:ASIAI0B
Importing 'GUID: 31a95d07803cf9f48a127ae0fc3e5369 - Path: Packages/com.unity.collab-proxy/Editor/Views/Labels/LabelsTab_Operations.cs - Importer: ScriptedImporter/UnityEditor.QuickSearchModule:UnityEditor.Search:ASIAI0B' with importer (ScriptedImporter : UnityEditor.QuickSearchModule:UnityEditor.Search:ASIAI0B)
Imported 'GUID: 31a95d07803cf9f48a127ae0fc3e5369' -> (Import Result ID: '5ea9b17e9c54451714b942dac1fd5ee9') in 0.002 seconds [static and dynamic dependencies]. Details - ImportResultOutputID=da46f91b7540d713b8d3f1e8f4d79b48 DependenciesID=591a5c4bca9ab6a3e81fb4310c0d83f4 StaticDependenciesID=3f3c44938b065dd96ff5e56a099ee203 
Number of updated asset objects reloaded before import = 0
Number of asset objects unloaded after import = 0
========================================================================
Received Import Request.
  Time of request: 2026-10-09T14:09:49.59701Z
  Time since last request: 0.000198641 seconds.
  importAddress: GUID: debee4373c127c24283da343819c77d4 - Path: Packages/com.unity.collab-proxy/Editor/Views/PendingChanges/PendingChangesStatusSuccessNotificationContent.cs - Importer: ScriptedImporter/UnityEditor.QuickSearchModule:UnityEditor.Search:ASIAI0B
Importing 'GUID: debee4373c127c24283da343819c77d4 - Path: Packages/com.unity.collab-proxy/Editor/Views/PendingChanges/PendingChangesStatusSuccessNotificationContent.cs - Importer: ScriptedImporter/UnityEditor.QuickSearchModule:UnityEditor.Search:ASIAI0B' with importer (ScriptedImporter : UnityEditor.QuickSearchModule:UnityEditor.Search:ASIAI0B)
Imported 'GUID: debee4373c127c24283da343819c77d4' -> (Import Result ID: '1ca9e8e13d241274aa868555aa20c85e') in 0.001 seconds [static and dynamic dependencies]. Details - ImportResultOutputID=3e42c741234afc1ba7066e727b0c4947 DependenciesID=0013b9ad4a0d7dc397e8f7cb8805ffb0 StaticDependenciesID=7e6a8c2e1347a809563b893abf84f118 
Number of updated asset objects reloaded before import = 0
Number of asset objects unloaded after import = 0
========================================================================
Received Import Request.
  Time of request: 2026-10-09T14:09:49.605356Z
  Time since last request: 0.000302645 seconds.
  importAddress: GUID: 05d31e83a4093e448b45616d62a12790 - Path: Packages/com.unity.collab-proxy/Editor/Views/PendingChanges/FilesFilterPatternsMenuBuilder.cs - Importer: ScriptedImporter/UnityEditor.QuickSearchModule:UnityEditor.Search:ASIAI0B
Importing 'GUID: 05d31e83a4093e448b45616d62a12790 - Path: Packages/com.unity.collab-proxy/Editor/Views/PendingChanges/FilesFilterPatternsMenuBuilder.cs - Importer: ScriptedImporter/UnityEditor.QuickSearchModule:UnityEditor.Search:ASIAI0B' with importer (ScriptedImporter : UnityEditor.QuickSearchModule:UnityEditor.Search:ASIAI0B)
Imported 'GUID: 05d31e83a4093e448b45616d62a12790' -> (Import Result ID: '926662127a18b872d63185b252226907') in 0.001 seconds [static and dynamic dependencies]. Details - ImportResultOutputID=207adbcbcf6d3c56583e623cf088498a DependenciesID=a7ec90ef2fc72ab25f4934ad0f11e522 StaticDependenciesID=2edfe2e9178d995a17b511c418d8e86c 
Number of updated asset objects reloaded before import = 0
Number of asset objects unloaded after import = 0
========================================================================
Received Import Request.
  Time of request: 2026-10-09T14:09:49.629914Z
  Time since last request: 0.016852337 seconds.
  importAddress: GUID: f415c70214a29428b9297efda0fa5867 - Path: Packages/com.unity.collab-proxy/Lib/Editor/Localization/clientcommon.es.txt - Importer: ScriptedImporter/UnityEditor.QuickSearchModule:UnityEditor.Search:ASIAI0B
Importing 'GUID: f415c70214a29428b9297efda0fa5867 - Path: Packages/com.unity.collab-proxy/Lib/Editor/Localization/clientcommon.es.txt - Importer: ScriptedImporter/UnityEditor.QuickSearchModule:UnityEditor.Search:ASIAI0B' with importer (ScriptedImporter : UnityEditor.QuickSearchModule:UnityEditor.Search:ASIAI0B)
Imported 'GUID: f415c70214a29428b9297efda0fa5867' -> (Import Result ID: '62b6711c41921d8f69f44c581fe7e54b') in 0.002 seconds [static and dynamic dependencies]. Details - ImportResultOutputID=74b45b6aad212d98285625a4b8bff241 DependenciesID=bd4b3d72a71b3997f86b28f1e5ff241a StaticDependenciesID=28630f91da6fe55c58f86e593253b6ff 
Number of updated asset objects reloaded before import = 0
Number of asset objects unloaded after import = 1
========================================================================
Received Import Request.
  Time of request: 2026-10-09T14:09:49.63869Z
  Time since last request: 0.000560526 seconds.
  importAddress: GUID: e0b2d2f09f2d34ba185ece61ed171f33 - Path: Packages/com.unity.collab-proxy/Lib/Editor/Localization/i3.zh-Hans.txt - Importer: ScriptedImporter/UnityEditor.QuickSearchModule:UnityEditor.Search:ASIAI0B
Importing 'GUID: e0b2d2f09f2d34ba185ece61ed171f33 - Path: Packages/com.unity.collab-proxy/Lib/Editor/Localization/i3.zh-Hans.txt - Importer: ScriptedImporter/UnityEditor.QuickSearchModule:UnityEditor.Search:ASIAI0B' with importer (ScriptedImporter : UnityEditor.QuickSearchModule:UnityEditor.Search:ASIAI0B)
Imported 'GUID: e0b2d2f09f2d34ba185ece61ed171f33' -> (Import Result ID: '8d7e15bbac57640ca521cf387da7bda2') in 0.002 seconds [static and dynamic dependencies]. Details - ImportResultOutputID=2b5f7a2abbf93041e37532849151c9bb DependenciesID=e3026e32a636e70a140165ee431ae2b9 StaticDependenciesID=daf8246a55b888eb89bf62c6b7781276 
Number of updated asset objects reloaded before import = 0
Number of asset objects unloaded after import = 1
========================================================================
Received Import Request.
  Time of request: 2026-10-09T14:09:49.647067Z
  Time since last request: 0.000286224 seconds.
  importAddress: GUID: 64e81b2d5d66940ccb46edf3fe7c2ada - Path: Packages/com.unity.collab-proxy/Lib/Editor/Localization/cm.ja.txt - Importer: ScriptedImporter/UnityEditor.QuickSearchModule:UnityEditor.Search:ASIAI0B
Importing 'GUID: 64e81b2d5d66940ccb46edf3fe7c2ada - Path: Packages/com.unity.collab-proxy/Lib/Editor/Localization/cm.ja.txt - Importer: ScriptedImporter/UnityEditor.QuickSearchModule:UnityEditor.Search:ASIAI0B' with importer (ScriptedImporter : UnityEditor.QuickSearchModule:UnityEditor.Search:ASIAI0B)
Imported 'GUID: 64e81b2d5d66940ccb46edf3fe7c2ada' -> (Import Result ID: '83059dcf0b69fd204a8166c70d3fb8f5') in 0.001 seconds [static and dynamic dependencies]. Details - ImportResultOutputID=e1763e1cd63aea83662e900f76b7ef88 DependenciesID=ebd2d17b4a3334807deec548840bcebf StaticDependenciesID=983f40ab8546b79465fb477ea369bfa0 
Number of updated asset objects reloaded before import = 0
Number of asset objects unloaded after import = 1
========================================================================
Received Import Request.
  Time of request: 2026-10-09T14:09:49.655817Z
  Time since last request: 0.000404986 seconds.
  importAddress: GUID: 7b89ac0e45bc74375b750336920a60a3 - Path: Packages/com.unity.collab-proxy/Lib/Editor/Localization/images.ko.txt - Importer: ScriptedImporter/UnityEditor.QuickSearchModule:UnityEditor.Search:ASIAI0B
Importing 'GUID: 7b89ac0e45bc74375b750336920a60a3 - Path: Packages/com.unity.collab-proxy/Lib/Editor/Localization/images.ko.txt - Importer: ScriptedImporter/UnityEditor.QuickSearchModule:UnityEditor.Search:ASIAI0B' with importer (ScriptedImporter : UnityEditor.QuickSearchModule:UnityEditor.Search:ASIAI0B)
Imported 'GUID: 7b89ac0e45bc74375b750336920a60a3' -> (Import Result ID: 'b09f6870c8fa89d147128db3f29b7089') in 0.001 seconds [static and dynamic dependencies]. Details - ImportResultOutputID=fe6f58697e04ecc9e5ca2521581a0f44 DependenciesID=86c3e836fd80ff1b386c3e6c6538058f StaticDependenciesID=a21df1f481cdaa3b47afc6aa1bbf691f 
Number of updated asset objects reloaded before import = 0
Number of asset objects unloaded after import = 1
========================================================================
Received Import Request.
  Time of request: 2026-10-09T14:09:49.663721Z
  Time since last request: 0.00029507 seconds.
  importAddress: GUID: 4c08e6a0780d643598da0bb992e42b8b - Path: Packages/com.unity.collab-proxy/Lib/Editor/Localization/cm-help.ja.txt - Importer: ScriptedImporter/UnityEditor.QuickSearchModule:UnityEditor.Search:ASIAI0B
Importing 'GUID: 4c08e6a0780d643598da0bb992e42b8b - Path: Packages/com.unity.collab-proxy/Lib/Editor/Localization/cm-help.ja.txt - Importer: ScriptedImporter/UnityEditor.QuickSearchModule:UnityEditor.Search:ASIAI0B' with importer (ScriptedImporter : UnityEditor.QuickSearchModule:UnityEditor.Search:ASIAI0B)
Imported 'GUID: 4c08e6a0780d643598da0bb992e42b8b' -> (Import Result ID: '666d31458147fb8f17d7d008ea93d444') in 0.002 seconds [static and dynamic dependencies]. Details - ImportResultOutputID=10969a776a40cdf5f4be6bedb61f90bb DependenciesID=6aa0ec2225c2f4031d72bb14abbaf53b StaticDependenciesID=f37129ba45066395d99d85ea8d59c2ca 
Number of updated asset objects reloaded before import = 0
Number of asset objects unloaded after import = 1
========================================================================
Received Import Request.
  Time of request: 2026-10-09T14:09:49.672163Z
  Time since last request: 0.000127408 seconds.
  importAddress: GUID: 1cc86432c1db1455eb241690e538fe3b - Path: Packages/com.unity.collab-proxy/Lib/Editor/Localization/images.en.txt - Importer: ScriptedImporter/UnityEditor.QuickSearchModule:UnityEditor.Search:ASIAI0B
Importing 'GUID: 1cc86432c1db1455eb241690e538fe3b - Path: Packages/com.unity.collab-proxy/Lib/Editor/Localization/images.en.txt - Importer: ScriptedImporter/UnityEditor.QuickSearchModule:UnityEditor.Search:ASIAI0B' with importer (ScriptedImporter : UnityEditor.QuickSearchModule:UnityEditor.Search:ASIAI0B)
Imported 'GUID: 1cc86432c1db1455eb241690e538fe3b' -> (Import Result ID: '038838693d8e9ea3c95b251940ae174d') in 0.002 seconds [static and dynamic dependencies]. Details - ImportResultOutputID=28105bc01b27fcc1bb7abcb19425c707 DependenciesID=8f634bb4de0b68e62605baa7bde68526 StaticDependenciesID=d951ee72061d04594a6c6c4dabccfea1 
Number of updated asset objects reloaded before import = 0
Number of asset objects unloaded after import = 1
========================================================================
Received Import Request.
  Time of request: 2026-10-09T14:09:49.680403Z
  Time since last request: 0.000541962 seconds.
  importAddress: GUID: 0bc90b8d62e8b4c149f24005a8c952fe - Path: Packages/com.unity.collab-proxy/Lib/Editor/Localization/i3.es.txt - Importer: ScriptedImporter/UnityEditor.QuickSearchModule:UnityEditor.Search:ASIAI0B
Importing 'GUID: 0bc90b8d62e8b4c149f24005a8c952fe - Path: Packages/com.unity.collab-proxy/Lib/Editor/Localization/i3.es.txt - Importer: ScriptedImporter/UnityEditor.QuickSearchModule:UnityEditor.Search:ASIAI0B' with importer (ScriptedImporter : UnityEditor.QuickSearchModule:UnityEditor.Search:ASIAI0B)
Imported 'GUID: 0bc90b8d62e8b4c149f24005a8c952fe' -> (Import Result ID: 'ea78ec28d1e82cc7a008b29398622bf8') in 0.001 seconds [static and dynamic dependencies]. Details - ImportResultOutputID=21be401b607bc59151e3df37f552caa0 DependenciesID=63ced2249d5e918a2029762564d35828 StaticDependenciesID=72f0a1975a9d0cb05c2b6c278a8eeadd 
Number of updated asset objects reloaded before import = 0
Number of asset objects unloaded after import = 1
========================================================================
Received Import Request.
  Time of request: 2026-10-09T14:09:49.688591Z
  Time since last request: 0.000583309 seconds.
  importAddress: GUID: d63b557b2dc494bd4a7639fdd39bc3f8 - Path: Packages/com.unity.collab-proxy/Lib/Editor/Localization/configurehelper.en.txt - Importer: ScriptedImporter/UnityEditor.QuickSearchModule:UnityEditor.Search:ASIAI0B
Importing 'GUID: d63b557b2dc494bd4a7639fdd39bc3f8 - Path: Packages/com.unity.collab-proxy/Lib/Editor/Localization/configurehelper.en.txt - Importer: ScriptedImporter/UnityEditor.QuickSearchModule:UnityEditor.Search:ASIAI0B' with importer (ScriptedImporter : UnityEditor.QuickSearchModule:UnityEditor.Search:ASIAI0B)
Imported 'GUID: d63b557b2dc494bd4a7639fdd39bc3f8' -> (Import Result ID: '8997efd73e5bc3804bdaaa6711a57d66') in 0.001 seconds [static and dynamic dependencies]. Details - ImportResultOutputID=d72a063636b2d565d9b048fd485f3638 DependenciesID=10d1eb01f15464339baf7c076ec34da1 StaticDependenciesID=e20bf90f40c4fdef61169b536f9bfecb 
Number of updated asset objects reloaded before import = 0
Number of asset objects unloaded after import = 1
========================================================================
Received Import Request.
  Time of request: 2026-10-09T14:09:49.696724Z
  Time since last request: 0.000333883 seconds.
  importAddress: GUID: 658d4b56a429c42dc82f506a2767b2e6 - Path: Packages/com.unity.collab-proxy/Lib/Editor/Localization/i3.ja.txt - Importer: ScriptedImporter/UnityEditor.QuickSearchModule:UnityEditor.Search:ASIAI0B
Importing 'GUID: 658d4b56a429c42dc82f506a2767b2e6 - Path: Packages/com.unity.collab-proxy/Lib/Editor/Localization/i3.ja.txt - Importer: ScriptedImporter/UnityEditor.QuickSearchModule:UnityEditor.Search:ASIAI0B' with importer (ScriptedImporter : UnityEditor.QuickSearchModule:UnityEditor.Search:ASIAI0B)
Imported 'GUID: 658d4b56a429c42dc82f506a2767b2e6' -> (Import Result ID: 'bca4e7ad909542ddbc629ff52ae7686a') in 0.001 seconds [static and dynamic dependencies]. Details - ImportResultOutputID=7e57bc3f8468d1efc19eb4ebbeddf9a4 DependenciesID=1fafcef045e250e88fb2aad7c17b1e06 StaticDependenciesID=5eb89bf765aee4579cda0f36fb69ff37 
Number of updated asset objects reloaded before import = 0
Number of asset objects unloaded after import = 1
========================================================================
Received Import Request.
  Time of request: 2026-10-09T14:09:49.705394Z
  Time since last request: 0.00084603 seconds.
  importAddress: GUID: 37641adce24ed48bf862c789b4290a18 - Path: Packages/com.unity.collab-proxy/Lib/Editor/Localization/cm-help.es.txt - Importer: ScriptedImporter/UnityEditor.QuickSearchModule:UnityEditor.Search:ASIAI0B
Importing 'GUID: 37641adce24ed48bf862c789b4290a18 - Path: Packages/com.unity.collab-proxy/Lib/Editor/Localization/cm-help.es.txt - Importer: ScriptedImporter/UnityEditor.QuickSearchModule:UnityEditor.Search:ASIAI0B' with importer (ScriptedImporter : UnityEditor.QuickSearchModule:UnityEditor.Search:ASIAI0B)
Imported 'GUID: 37641adce24ed48bf862c789b4290a18' -> (Import Result ID: '16d194a1e95309d150d91bca8849468f') in 0.002 seconds [static and dynamic dependencies]. Details - ImportResultOutputID=75cae3280129f217c02dda495ea4928e DependenciesID=7e29a8661250f276b98aa95b9fdc59fb StaticDependenciesID=01a6ff6400b1dfa976c3533f76355a41 
Number of updated asset objects reloaded before import = 0
Number of asset objects unloaded after import = 1
========================================================================
Received Import Request.
  Time of request: 2026-10-09T14:09:49.7143Z
  Time since last request: 0.000302013 seconds.
  importAddress: GUID: d5535157d876041cca6e4b5685064ebf - Path: Packages/com.unity.collab-proxy/Lib/Editor/Localization/commontypes.zh-Hans.txt - Importer: ScriptedImporter/UnityEditor.QuickSearchModule:UnityEditor.Search:ASIAI0B
Importing 'GUID: d5535157d876041cca6e4b5685064ebf - Path: Packages/com.unity.collab-proxy/Lib/Editor/Localization/commontypes.zh-Hans.txt - Importer: ScriptedImporter/UnityEditor.QuickSearchModule:UnityEditor.Search:ASIAI0B' with importer (ScriptedImporter : UnityEditor.QuickSearchModule:UnityEditor.Search:ASIAI0B)
Imported 'GUID: d5535157d876041cca6e4b5685064ebf' -> (Import Result ID: 'f4093684aa860f56420357bdb1169f09') in 0.001 seconds [static and dynamic dependencies]. Details - ImportResultOutputID=295b6b18c8a92feb0068d293fa39844c DependenciesID=2c12d710761f3e43610f73bb578ceb2e StaticDependenciesID=6dfc5cfddb9d8c779130bbe9a955fb9e 
Number of updated asset objects reloaded before import = 0
Number of asset objects unloaded after import = 1
========================================================================
Received Import Request.
  Time of request: 2026-10-09T14:09:49.722546Z
  Time since last request: 0.000470728 seconds.
  importAddress: GUID: 28e6bfc8d8ce6402389de7e623366f4c - Path: Packages/com.unity.collab-proxy/Lib/Editor/Localization/basecommands.zh-Hans.txt - Importer: ScriptedImporter/UnityEditor.QuickSearchModule:UnityEditor.Search:ASIAI0B
Importing 'GUID: 28e6bfc8d8ce6402389de7e623366f4c - Path: Packages/com.unity.collab-proxy/Lib/Editor/Localization/basecommands.zh-Hans.txt - Importer: ScriptedImporter/UnityEditor.QuickSearchModule:UnityEditor.Search:ASIAI0B' with importer (ScriptedImporter : UnityEditor.QuickSearchModule:UnityEditor.Search:ASIAI0B)
Imported 'GUID: 28e6bfc8d8ce6402389de7e623366f4c' -> (Import Result ID: 'f4b0826ad19942b33ebbf1905b438952') in 0.002 seconds [static and dynamic dependencies]. Details - ImportResultOutputID=7cc54ab531612a47eca162b592f8058c DependenciesID=366add57a710a34690068629fa457e3b StaticDependenciesID=baf2d4005fa7d3e8a329e79c89fd1bed 
Number of updated asset objects reloaded before import = 0
Number of asset objects unloaded after import = 1
========================================================================
Received Import Request.
  Time of request: 2026-10-09T14:09:49.73146Z
  Time since last request: 0.00020878 seconds.
  importAddress: GUID: b69f7dbec673945568d075d495946c76 - Path: Packages/com.unity.collab-proxy/Lib/Editor/Localization/clientcommon.en.txt - Importer: ScriptedImporter/UnityEditor.QuickSearchModule:UnityEditor.Search:ASIAI0B
Importing 'GUID: b69f7dbec673945568d075d495946c76 - Path: Packages/com.unity.collab-proxy/Lib/Editor/Localization/clientcommon.en.txt - Importer: ScriptedImporter/UnityEditor.QuickSearchModule:UnityEditor.Search:ASIAI0B' with importer (ScriptedImporter : UnityEditor.QuickSearchModule:UnityEditor.Search:ASIAI0B)
Imported 'GUID: b69f7dbec673945568d075d495946c76' -> (Import Result ID: '5ba2b4f7a0b01eef33b990c74e002f86') in 0.002 seconds [static and dynamic dependencies]. Details - ImportResultOutputID=c03550c2f5fd7335278aaffe271fde73 DependenciesID=994dd3b297b967f3e8d864473793fa2a StaticDependenciesID=1878dc19c9283419ed075e18f72249da 
Number of updated asset objects reloaded before import = 0
Number of asset objects unloaded after import = 1
========================================================================
Received Import Request.
  Time of request: 2026-10-09T14:09:49.740118Z
  Time since last request: 0.000306051 seconds.
  importAddress: GUID: 0da283bbdc6e44f4ba3dc2e3d75ca225 - Path: Packages/com.unity.collab-proxy/Lib/Editor/Localization/images.zh-Hant.txt - Importer: ScriptedImporter/UnityEditor.QuickSearchModule:UnityEditor.Search:ASIAI0B
Importing 'GUID: 0da283bbdc6e44f4ba3dc2e3d75ca225 - Path: Packages/com.unity.collab-proxy/Lib/Editor/Localization/images.zh-Hant.txt - Importer: ScriptedImporter/UnityEditor.QuickSearchModule:UnityEditor.Search:ASIAI0B' with importer (ScriptedImporter : UnityEditor.QuickSearchModule:UnityEditor.Search:ASIAI0B)
Imported 'GUID: 0da283bbdc6e44f4ba3dc2e3d75ca225' -> (Import Result ID: '27ec97766987c3a5ee0f359aff23f912') in 0.002 seconds [static and dynamic dependencies]. Details - ImportResultOutputID=4ec6c0db13a4ea3ce1d900a46be8739a DependenciesID=8a63ed170f2c0f9746f4e2a671ecc04d StaticDependenciesID=b83f499ef98334c50aaed90486b8842d 
Number of updated asset objects reloaded before import = 0
Number of asset objects unloaded after import = 1
========================================================================
Received Import Request.
  Time of request: 2026-10-09T14:09:49.749062Z
  Time since last request: 0.000327151 seconds.
  importAddress: GUID: 04d1eeb7f27d6493ea75bc0478ed7ce4 - Path: Packages/com.unity.collab-proxy/Lib/Editor/Localization/cm.zh-Hant.txt - Importer: ScriptedImporter/UnityEditor.QuickSearchModule:UnityEditor.Search:ASIAI0B
Importing 'GUID: 04d1eeb7f27d6493ea75bc0478ed7ce4 - Path: Packages/com.unity.collab-proxy/Lib/Editor/Localization/cm.zh-Hant.txt - Importer: ScriptedImporter/UnityEditor.QuickSearchModule:UnityEditor.Search:ASIAI0B' with importer (ScriptedImporter : UnityEditor.QuickSearchModule:UnityEditor.Search:ASIAI0B)
Imported 'GUID: 04d1eeb7f27d6493ea75bc0478ed7ce4' -> (Import Result ID: 'de9045ade29258def6c9f7343e3f000f') in 0.002 seconds [static and dynamic dependencies]. Details - ImportResultOutputID=2500725e5f2c59588840a5bbb213c511 DependenciesID=c4f09ced6a9785d27def5a1f0edc03fd StaticDependenciesID=bfc5dd32cbc7c54b3f1dd680ac476aea 
Number of updated asset objects reloaded before import = 0
Number of asset objects unloaded after import = 1
========================================================================
Received Import Request.
  Time of request: 2026-10-09T14:09:49.758539Z
  Time since last request: 0.000492469 seconds.
  importAddress: GUID: d82aed42d3f844894a9db69e57405e03 - Path: Packages/com.unity.collab-proxy/Lib/Editor/Localization/guihelp.ko.txt - Importer: ScriptedImporter/UnityEditor.QuickSearchModule:UnityEditor.Search:ASIAI0B
Importing 'GUID: d82aed42d3f844894a9db69e57405e03 - Path: Packages/com.unity.collab-proxy/Lib/Editor/Localization/guihelp.ko.txt - Importer: ScriptedImporter/UnityEditor.QuickSearchModule:UnityEditor.Search:ASIAI0B' with importer (ScriptedImporter : UnityEditor.QuickSearchModule:UnityEditor.Search:ASIAI0B)
Imported 'GUID: d82aed42d3f844894a9db69e57405e03' -> (Import Result ID: '7f72ec2644ff31fd2d3a29bb226f50b2') in 0.002 seconds [static and dynamic dependencies]. Details - ImportResultOutputID=88756a4ffca8ffc717b458e4e5324409 DependenciesID=bd607ccc7ea6121ba088c7d3782f80ee StaticDependenciesID=df069a7cb411f6c585892b37ed801615 
Number of updated asset objects reloaded before import = 0
Number of asset objects unloaded after import = 1
========================================================================
Received Import Request.
  Time of request: 2026-10-09T14:09:49.76641Z
  Time since last request: 0.00024097 seconds.
  importAddress: GUID: 0fa7df26493184285aab742ad62c95c1 - Path: Packages/com.unity.collab-proxy/Lib/Editor/Localization/differences.zh-Hant.txt - Importer: ScriptedImporter/UnityEditor.QuickSearchModule:UnityEditor.Search:ASIAI0B
Importing 'GUID: 0fa7df26493184285aab742ad62c95c1 - Path: Packages/com.unity.collab-proxy/Lib/Editor/Localization/differences.zh-Hant.txt - Importer: ScriptedImporter/UnityEditor.QuickSearchModule:UnityEditor.Search:ASIAI0B' with importer (ScriptedImporter : UnityEditor.QuickSearchModule:UnityEditor.Search:ASIAI0B)
Imported 'GUID: 0fa7df26493184285aab742ad62c95c1' -> (Import Result ID: '85c09488945bab3e8505ac557c11f83c') in 0.001 seconds [static and dynamic dependencies]. Details - ImportResultOutputID=b8d555e7f802974836cfa4e2d6c221b2 DependenciesID=6a354625ad79f3b595e6f6a498bbb7bc StaticDependenciesID=f0eaf9bce765257655bb2a4fe779d144 
Number of updated asset objects reloaded before import = 0
Number of asset objects unloaded after import = 1
========================================================================
Received Import Request.
  Time of request: 2026-10-09T14:09:49.774456Z
  Time since last request: 0.000256409 seconds.
  importAddress: GUID: c70ea648a3f0e4ff9b199c2290c995ba - Path: Packages/com.unity.collab-proxy/Lib/Editor/Localization/commontypes.zh-Hant.txt - Importer: ScriptedImporter/UnityEditor.QuickSearchModule:UnityEditor.Search:ASIAI0B
Importing 'GUID: c70ea648a3f0e4ff9b199c2290c995ba - Path: Packages/com.unity.collab-proxy/Lib/Editor/Localization/commontypes.zh-Hant.txt - Importer: ScriptedImporter/UnityEditor.QuickSearchModule:UnityEditor.Search:ASIAI0B' with importer (ScriptedImporter : UnityEditor.QuickSearchModule:UnityEditor.Search:ASIAI0B)
Imported 'GUID: c70ea648a3f0e4ff9b199c2290c995ba' -> (Import Result ID: 'e82fe07940f75ed2f24edd59dde3fffc') in 0.001 seconds [static and dynamic dependencies]. Details - ImportResultOutputID=b0c2737cd86ddcf535d687a2348b9bb4 DependenciesID=38fcbbe3e839aa99b4ca1174f2493985 StaticDependenciesID=dbe4e726f47f536007774fbe152f2ffd 
Number of updated asset objects reloaded before import = 0
Number of asset objects unloaded after import = 1
========================================================================
Received Import Request.
  Time of request: 2026-10-09T14:09:49.783019Z
  Time since last request: 0.000616611 seconds.
  importAddress: GUID: c459bcd1659474966b59ac3f4adb1461 - Path: Packages/com.unity.collab-proxy/Lib/Editor/Localization/configurehelper.zh-Hans.txt - Importer: ScriptedImporter/UnityEditor.QuickSearchModule:UnityEditor.Search:ASIAI0B
Importing 'GUID: c459bcd1659474966b59ac3f4adb1461 - Path: Packages/com.unity.collab-proxy/Lib/Editor/Localization/configurehelper.zh-Hans.txt - Importer: ScriptedImporter/UnityEditor.QuickSearchModule:UnityEditor.Search:ASIAI0B' with importer (ScriptedImporter : UnityEditor.QuickSearchModule:UnityEditor.Search:ASIAI0B)
Imported 'GUID: c459bcd1659474966b59ac3f4adb1461' -> (Import Result ID: '36a3266eaa77b529c57a6978675d2b88') in 0.001 seconds [static and dynamic dependencies]. Details - ImportResultOutputID=adde30ed1ba7c25fd249f4b0d2090ee0 DependenciesID=271d0effdce784cdc670def88797d998 StaticDependenciesID=e5c7270b5c19f729cfbb86871eb8c131 
Number of updated asset objects reloaded before import = 0
Number of asset objects unloaded after import = 1
========================================================================
Received Import Request.
  Time of request: 2026-10-09T14:09:49.791072Z
  Time since last request: 0.000612002 seconds.
  importAddress: GUID: 521b26df9e05046eab5b7a40261b5ae6 - Path: Packages/com.unity.collab-proxy/Lib/Editor/Localization/commontypes.ko.txt - Importer: ScriptedImporter/UnityEditor.QuickSearchModule:UnityEditor.Search:ASIAI0B
Importing 'GUID: 521b26df9e05046eab5b7a40261b5ae6 - Path: Packages/com.unity.collab-proxy/Lib/Editor/Localization/commontypes.ko.txt - Importer: ScriptedImporter/UnityEditor.QuickSearchModule:UnityEditor.Search:ASIAI0B' with importer (ScriptedImporter : UnityEditor.QuickSearchModule:UnityEditor.Search:ASIAI0B)
Imported 'GUID: 521b26df9e05046eab5b7a40261b5ae6' -> (Import Result ID: '519d2031418eadcc295852b71c14faac') in 0.001 seconds [static and dynamic dependencies]. Details - ImportResultOutputID=72cf6fd8cd0756f54d6251f1a28062f3 DependenciesID=03eaff2f8eab326b2e1bcdca41a9ef3f StaticDependenciesID=cc3fb7a715aa0629e231205615caea0e 
Number of updated asset objects reloaded before import = 0
Number of asset objects unloaded after import = 1
========================================================================
Received Import Request.
  Time of request: 2026-10-09T14:09:49.799325Z
  Time since last request: 0.000411769 seconds.
  importAddress: GUID: bd5f1c13809c1430398256ce75a55836 - Path: Packages/com.unity.collab-proxy/Lib/Editor/Localization/mergetool.en.txt - Importer: ScriptedImporter/UnityEditor.QuickSearchModule:UnityEditor.Search:ASIAI0B
Importing 'GUID: bd5f1c13809c1430398256ce75a55836 - Path: Packages/com.unity.collab-proxy/Lib/Editor/Localization/mergetool.en.txt - Importer: ScriptedImporter/UnityEditor.QuickSearchModule:UnityEditor.Search:ASIAI0B' with importer (ScriptedImporter : UnityEditor.QuickSearchModule:UnityEditor.Search:ASIAI0B)
Imported 'GUID: bd5f1c13809c1430398256ce75a55836' -> (Import Result ID: '3f0f823590dd1ad185cc86b0f428bbe8') in 0.001 seconds [static and dynamic dependencies]. Details - ImportResultOutputID=9394a39164486c2334f7f7fb5a52b916 DependenciesID=89f37fec8c564719a012dd451bced522 StaticDependenciesID=bd8fbf3ee443949c1abb2f31949c35e0 
Number of updated asset objects reloaded before import = 0
Number of asset objects unloaded after import = 1
========================================================================
Received Import Request.
  Time of request: 2026-10-09T14:09:49.82539Z
  Time since last request: 0.018672255 seconds.
  importAddress: GUID: 3a8f5c21be7674f6b8232ba08beedfa4 - Path: Packages/com.unity.collab-proxy/Lib/Editor/Localization/plastic-gui.zh-Hant.txt - Importer: ScriptedImporter/UnityEditor.QuickSearchModule:UnityEditor.Search:ASIAI0B
Importing 'GUID: 3a8f5c21be7674f6b8232ba08beedfa4 - Path: Packages/com.unity.collab-proxy/Lib/Editor/Localization/plastic-gui.zh-Hant.txt - Importer: ScriptedImporter/UnityEditor.QuickSearchModule:UnityEditor.Search:ASIAI0B' with importer (ScriptedImporter : UnityEditor.QuickSearchModule:UnityEditor.Search:ASIAI0B)
Imported 'GUID: 3a8f5c21be7674f6b8232ba08beedfa4' -> (Import Result ID: 'efd0297a7c73f2999ae0ce251c7564ed') in 0.002 seconds [static and dynamic dependencies]. Details - ImportResultOutputID=8141d3a708847195be8dcdb7f1af2230 DependenciesID=3f392dbc50f48de127b8a34add5624b6 StaticDependenciesID=0020d4cac5f8b1f42738e4cbe0703a97 
Number of updated asset objects reloaded before import = 0
Number of asset objects unloaded after import = 1
========================================================================
Received Import Request.
  Time of request: 2026-10-09T14:09:49.834064Z
  Time since last request: 0.000512377 seconds.
  importAddress: GUID: 254f40821697f4cd0a87eafc8ffdd99a - Path: Packages/com.unity.collab-proxy/Lib/Editor/Localization/plastic-gui.ko.txt - Importer: ScriptedImporter/UnityEditor.QuickSearchModule:UnityEditor.Search:ASIAI0B
Importing 'GUID: 254f40821697f4cd0a87eafc8ffdd99a - Path: Packages/com.unity.collab-proxy/Lib/Editor/Localization/plastic-gui.ko.txt - Importer: ScriptedImporter/UnityEditor.QuickSearchModule:UnityEditor.Search:ASIAI0B' with importer (ScriptedImporter : UnityEditor.QuickSearchModule:UnityEditor.Search:ASIAI0B)
Imported 'GUID: 254f40821697f4cd0a87eafc8ffdd99a' -> (Import Result ID: 'df533eac4d651df8d43f8cf49d142ee2') in 0.001 seconds [static and dynamic dependencies]. Details - ImportResultOutputID=3dcea99331fbb786efbd0324c786e7d6 DependenciesID=a3462af771c0d9e93d7474e2d2bf2492 StaticDependenciesID=5e15cb57de6068dff496e890161893bb 
Number of updated asset objects reloaded before import = 0
Number of asset objects unloaded after import = 1
========================================================================
Received Import Request.
  Time of request: 2026-10-09T14:09:49.842342Z
  Time since last request: 0.000718411 seconds.
  importAddress: GUID: 0141873b98c3d4889a41b404077edb94 - Path: Packages/com.unity.collab-proxy/Lib/Editor/Localization/workspaceserver.es.txt - Importer: ScriptedImporter/UnityEditor.QuickSearchModule:UnityEditor.Search:ASIAI0B
Importing 'GUID: 0141873b98c3d4889a41b404077edb94 - Path: Packages/com.unity.collab-proxy/Lib/Editor/Localization/workspaceserver.es.txt - Importer: ScriptedImporter/UnityEditor.QuickSearchModule:UnityEditor.Search:ASIAI0B' with importer (ScriptedImporter : UnityEditor.QuickSearchModule:UnityEditor.Search:ASIAI0B)
Imported 'GUID: 0141873b98c3d4889a41b404077edb94' -> (Import Result ID: 'df9fde09dbe8d817a0fc1d7d637373a9') in 0.002 seconds [static and dynamic dependencies]. Details - ImportResultOutputID=db05b20c157cb01679c60707d150de66 DependenciesID=943d2c220bfc78367793be752d77b487 StaticDependenciesID=b5dcbbb328e1ec951e25985220dfedd8 
Number of updated asset objects reloaded before import = 0
Number of asset objects unloaded after import = 1
========================================================================
Received Import Request.
  Time of request: 2026-10-09T14:09:49.851141Z
  Time since last request: 0.000496526 seconds.
  importAddress: GUID: 7f9122bc11da473eaa9082bf340c3047 - Path: Packages/com.unity.collab-proxy/Editor/CloudDrive/Workspaces/DirectoryContent/DirectoryContentPanel.cs - Importer: ScriptedImporter/UnityEditor.QuickSearchModule:UnityEditor.Search:ASIAI0B
Importing 'GUID: 7f9122bc11da473eaa9082bf340c3047 - Path: Packages/com.unity.collab-proxy/Editor/CloudDrive/Workspaces/DirectoryContent/DirectoryContentPanel.cs - Importer: ScriptedImporter/UnityEditor.QuickSearchModule:UnityEditor.Search:ASIAI0B' with importer (ScriptedImporter : UnityEditor.QuickSearchModule:UnityEditor.Search:ASIAI0B)
Imported 'GUID: 7f9122bc11da473eaa9082bf340c3047' -> (Import Result ID: 'a84e3f724acc27e9d44c91e202ba33e8') in 0.001 seconds [static and dynamic dependencies]. Details - ImportResultOutputID=eba769c9fc4d31f0c60ff6957229b1fa DependenciesID=e21d6115cac33c3efc8e85bc5888cd13 StaticDependenciesID=405b4508688d3026b0214aaefca67d7c 
Number of updated asset objects reloaded before import = 0
Number of asset objects unloaded after import = 0
========================================================================
Received Import Request.
  Time of request: 2026-10-09T14:09:49.859218Z
  Time since last request: 0.00025705 seconds.
  importAddress: GUID: 906bc1afa6344104953c1f8f08e54b11 - Path: Packages/com.unity.collab-proxy/Editor/CloudDrive/Workspaces/DirectoryContent/ProcessDragEvent.cs - Importer: ScriptedImporter/UnityEditor.QuickSearchModule:UnityEditor.Search:ASIAI0B
Importing 'GUID: 906bc1afa6344104953c1f8f08e54b11 - Path: Packages/com.unity.collab-proxy/Editor/CloudDrive/Workspaces/DirectoryContent/ProcessDragEvent.cs - Importer: ScriptedImporter/UnityEditor.QuickSearchModule:UnityEditor.Search:ASIAI0B' with importer (ScriptedImporter : UnityEditor.QuickSearchModule:UnityEditor.Search:ASIAI0B)
Imported 'GUID: 906bc1afa6344104953c1f8f08e54b11' -> (Import Result ID: 'f4b00dc9b406b040c13fff6526ba7ce5') in 0.002 seconds [static and dynamic dependencies]. Details - ImportResultOutputID=2c21e2dc3da773206150fe7663650cbf DependenciesID=28c8fae198220c96c7cbbde9113ea684 StaticDependenciesID=b1e3e9c6d1f2682773cf3991bbf54e46 
Number of updated asset objects reloaded before import = 0
Number of asset objects unloaded after import = 0
========================================================================
Received Import Request.
  Time of request: 2026-10-09T14:09:49.868441Z
  Time since last request: 0.000461181 seconds.
  importAddress: GUID: cb707ab51a8fe45748564daa6476d9b8 - Path: Packages/com.unity.collab-proxy/Editor/Diff/Asset/Common/DiffValueDisplay.cs - Importer: ScriptedImporter/UnityEditor.QuickSearchModule:UnityEditor.Search:ASIAI0B
Importing 'GUID: cb707ab51a8fe45748564daa6476d9b8 - Path: Packages/com.unity.collab-proxy/Editor/Diff/Asset/Common/DiffValueDisplay.cs - Importer: ScriptedImporter/UnityEditor.QuickSearchModule:UnityEditor.Search:ASIAI0B' with importer (ScriptedImporter : UnityEditor.QuickSearchModule:UnityEditor.Search:ASIAI0B)
Imported 'GUID: cb707ab51a8fe45748564daa6476d9b8' -> (Import Result ID: 'e205442dd198ea3060b4b3dbbf15367f') in 0.002 seconds [static and dynamic dependencies]. Details - ImportResultOutputID=2a2399bc699500df087c0665685e4dd5 DependenciesID=fb70a8b9acc255a8efeaf368c0868c9f StaticDependenciesID=f9f1d45253f9a2e4ae03fe4485e259d1 
Number of updated asset objects reloaded before import = 0
Number of asset objects unloaded after import = 0
========================================================================
Received Import Request.
  Time of request: 2026-10-09T14:09:49.877732Z
  Time since last request: 0.000199953 seconds.
  importAddress: GUID: 35caf055aec448e6bd68e33611eb916d - Path: Packages/com.unity.collab-proxy/Editor/CloudDrive/Workspaces/DirectoryContent/DrawItemNameBar.cs - Importer: ScriptedImporter/UnityEditor.QuickSearchModule:UnityEditor.Search:ASIAI0B
Importing 'GUID: 35caf055aec448e6bd68e33611eb916d - Path: Packages/com.unity.collab-proxy/Editor/CloudDrive/Workspaces/DirectoryContent/DrawItemNameBar.cs - Importer: ScriptedImporter/UnityEditor.QuickSearchModule:UnityEditor.Search:ASIAI0B' with importer (ScriptedImporter : UnityEditor.QuickSearchModule:UnityEditor.Search:ASIAI0B)
Imported 'GUID: 35caf055aec448e6bd68e33611eb916d' -> (Import Result ID: 'd7798e5df0ac4c090dffabfee6257372') in 0.002 seconds [static and dynamic dependencies]. Details - ImportResultOutputID=278644efb2708962ed8c116890fb1750 DependenciesID=d85a2f1032234e79e378ea9096340db0 StaticDependenciesID=5174ffbcf71e012c9be2a6d3e230e6af 
Number of updated asset objects reloaded before import = 0
Number of asset objects unloaded after import = 0
========================================================================
Received Import Request.
  Time of request: 2026-10-09T14:09:49.886778Z
  Time since last request: 0.000358739 seconds.
  importAddress: GUID: c1920ac5329fb48e680e865d9a8567f8 - Path: Packages/com.unity.collab-proxy/Editor/Diff/Asset/Common/AssetReloadNotifier.cs - Importer: ScriptedImporter/UnityEditor.QuickSearchModule:UnityEditor.Search:ASIAI0B
Importing 'GUID: c1920ac5329fb48e680e865d9a8567f8 - Path: Packages/com.unity.collab-proxy/Editor/Diff/Asset/Common/AssetReloadNotifier.cs - Importer: ScriptedImporter/UnityEditor.QuickSearchModule:UnityEditor.Search:ASIAI0B' with importer (ScriptedImporter : UnityEditor.QuickSearchModule:UnityEditor.Search:ASIAI0B)
Imported 'GUID: c1920ac5329fb48e680e865d9a8567f8' -> (Import Result ID: '72155a8dafe39d04ed88aad0e2cffc31') in 0.001 seconds [static and dynamic dependencies]. Details - ImportResultOutputID=b2c0b018ec139b87f85d8da9f00b4bee DependenciesID=72561e61d5f0c1d35bde37562d8d4e18 StaticDependenciesID=cc2745ddb4a8b88131f12432b1b09135 
Number of updated asset objects reloaded before import = 0
Number of asset objects unloaded after import = 0
========================================================================
Received Import Request.
  Time of request: 2026-10-09T14:09:49.895184Z
  Time since last request: 0.0002521 seconds.
  importAddress: GUID: 3d160931f5a1d463cacc8e46051bac91 - Path: Packages/com.unity.collab-proxy/Lib/Editor/Localization/workspaceserver.en.txt - Importer: ScriptedImporter/UnityEditor.QuickSearchModule:UnityEditor.Search:ASIAI0B
Importing 'GUID: 3d160931f5a1d463cacc8e46051bac91 - Path: Packages/com.unity.collab-proxy/Lib/Editor/Localization/workspaceserver.en.txt - Importer: ScriptedImporter/UnityEditor.QuickSearchModule:UnityEditor.Search:ASIAI0B' with importer (ScriptedImporter : UnityEditor.QuickSearchModule:UnityEditor.Search:ASIAI0B)
Imported 'GUID: 3d160931f5a1d463cacc8e46051bac91' -> (Import Result ID: 'e46b38a257093efcdb1ec6fd80e71711') in 0.001 seconds [static and dynamic dependencies]. Details - ImportResultOutputID=43a3846cb9936229832a04115d8167a2 DependenciesID=55d72970f5a2fc6607aff1eb385c160a StaticDependenciesID=dfd8526e359f62f799c50891e067bd58 
Number of updated asset objects reloaded before import = 0
Number of asset objects unloaded after import = 1
========================================================================
Received Import Request.
  Time of request: 2026-10-09T14:09:49.903609Z
  Time since last request: 0.000429151 seconds.
  importAddress: GUID: 2355cb699865a417db515b08840c5226 - Path: Packages/com.unity.collab-proxy/Lib/Editor/Localization/workspaceserver.zh-Hant.txt - Importer: ScriptedImporter/UnityEditor.QuickSearchModule:UnityEditor.Search:ASIAI0B
Importing 'GUID: 2355cb699865a417db515b08840c5226 - Path: Packages/com.unity.collab-proxy/Lib/Editor/Localization/workspaceserver.zh-Hant.txt - Importer: ScriptedImporter/UnityEditor.QuickSearchModule:UnityEditor.Search:ASIAI0B' with importer (ScriptedImporter : UnityEditor.QuickSearchModule:UnityEditor.Search:ASIAI0B)
Imported 'GUID: 2355cb699865a417db515b08840c5226' -> (Import Result ID: '1cc6defe088f016f0c71e18face37f01') in 0.003 seconds [static and dynamic dependencies]. Details - ImportResultOutputID=4a2c7cb8ee88d929bf36f0ac050a8f8d DependenciesID=a29414e2de977524a07ad4f29e1b13e9 StaticDependenciesID=c8ff39ba45b663ce0f0fdbaae55d4ba1 
Number of updated asset objects reloaded before import = 0
Number of asset objects unloaded after import = 1
========================================================================
Received Import Request.
  Time of request: 2026-10-09T14:09:49.913082Z
  Time since last request: 0.000195796 seconds.
  importAddress: GUID: 806bdb4f911275c4ca1ee81fde4b4d4f - Path: Packages/com.unity.collab-proxy/Editor/Configuration/CloudEdition/Welcome/AutoLogin.cs - Importer: ScriptedImporter/UnityEditor.QuickSearchModule:UnityEditor.Search:ASIAI0B
Importing 'GUID: 806bdb4f911275c4ca1ee81fde4b4d4f - Path: Packages/com.unity.collab-proxy/Editor/Configuration/CloudEdition/Welcome/AutoLogin.cs - Importer: ScriptedImporter/UnityEditor.QuickSearchModule:UnityEditor.Search:ASIAI0B' with importer (ScriptedImporter : UnityEditor.QuickSearchModule:UnityEditor.Search:ASIAI0B)
Imported 'GUID: 806bdb4f911275c4ca1ee81fde4b4d4f' -> (Import Result ID: 'ac977a339e6ce3ab737b57769721c002') in 0.002 seconds [static and dynamic dependencies]. Details - ImportResultOutputID=e95612b29a11ef61800dd481f8921036 DependenciesID=0d91567f827a85264ac3652e8adeb80b StaticDependenciesID=5fb3281d7d7428ec655c863c0722a903 
Number of updated asset objects reloaded before import = 0
Number of asset objects unloaded after import = 0
========================================================================
Received Import Request.
  Time of request: 2026-10-09T14:09:49.921295Z
  Time since last request: 0.000200263 seconds.
  importAddress: GUID: 8dc346ba856ba49aea0cae2c6fb63e9d - Path: Packages/com.unity.collab-proxy/Lib/Editor/Localization/plastic-gui.ja.txt - Importer: ScriptedImporter/UnityEditor.QuickSearchModule:UnityEditor.Search:ASIAI0B
Importing 'GUID: 8dc346ba856ba49aea0cae2c6fb63e9d - Path: Packages/com.unity.collab-proxy/Lib/Editor/Localization/plastic-gui.ja.txt - Importer: ScriptedImporter/UnityEditor.QuickSearchModule:UnityEditor.Search:ASIAI0B' with importer (ScriptedImporter : UnityEditor.QuickSearchModule:UnityEditor.Search:ASIAI0B)
Imported 'GUID: 8dc346ba856ba49aea0cae2c6fb63e9d' -> (Import Result ID: '4435626df7562ef8aa010c1ee8fba62a') in 0.002 seconds [static and dynamic dependencies]. Details - ImportResultOutputID=d057d325229642edf8d4627a94de1e19 DependenciesID=fc82a275ca455de93ffbe7d3ffafb21f StaticDependenciesID=485b3e70b4e60d42d5099e2236169ef4 
Number of updated asset objects reloaded before import = 0
Number of asset objects unloaded after import = 1
========================================================================
Received Import Request.
  Time of request: 2026-10-09T14:09:49.929345Z
  Time since last request: 0.000143809 seconds.
  importAddress: GUID: a02d5bcca851549578b8930328f5384e - Path: Packages/com.unity.collab-proxy/Lib/Editor/TextMateSharp/TextMateSharpPlastic.dll - Importer: ScriptedImporter/UnityEditor.QuickSearchModule:UnityEditor.Search:ASIAI0B
Importing 'GUID: a02d5bcca851549578b8930328f5384e - Path: Packages/com.unity.collab-proxy/Lib/Editor/TextMateSharp/TextMateSharpPlastic.dll - Importer: ScriptedImporter/UnityEditor.QuickSearchModule:UnityEditor.Search:ASIAI0B' with importer (ScriptedImporter : UnityEditor.QuickSearchModule:UnityEditor.Search:ASIAI0B)
Imported 'GUID: a02d5bcca851549578b8930328f5384e' -> (Import Result ID: '434a0399c37bdf3ca02e5c5c2867c068') in 0.003 seconds [static and dynamic dependencies]. Details - ImportResultOutputID=a8d1517340a614ca2861582f7fef3602 DependenciesID=01f5bb3b4959eed3c0c74d5de665300d StaticDependenciesID=687f6dff4451c5b847acec1b121e9ef4 
Number of updated asset objects reloaded before import = 0
Number of asset objects unloaded after import = 0
========================================================================
Received Import Request.
  Time of request: 2026-10-09T14:09:49.938617Z
  Time since last request: 0.000202518 seconds.
  importAddress: GUID: 413847c0678742c299af4cfac5ce8cb1 - Path: Packages/com.unity.collab-proxy/Editor/CloudDrive/Workspaces/Tree/CloudWorkspacesTreeViewMenu.cs - Importer: ScriptedImporter/UnityEditor.QuickSearchModule:UnityEditor.Search:ASIAI0B
Importing 'GUID: 413847c0678742c299af4cfac5ce8cb1 - Path: Packages/com.unity.collab-proxy/Editor/CloudDrive/Workspaces/Tree/CloudWorkspacesTreeViewMenu.cs - Importer: ScriptedImporter/UnityEditor.QuickSearchModule:UnityEditor.Search:ASIAI0B' with importer (ScriptedImporter : UnityEditor.QuickSearchModule:UnityEditor.Search:ASIAI0B)
Imported 'GUID: 413847c0678742c299af4cfac5ce8cb1' -> (Import Result ID: 'a68759f62a229acedbac48b3f7df9854') in 0.001 seconds [static and dynamic dependencies]. Details - ImportResultOutputID=7c75a638f4536d1d5c8300c761e7ac7a DependenciesID=055168cec6999904af04a1b10e4c3597 StaticDependenciesID=15d4b0b4dde52e7de863c694dbbaf56a 
Number of updated asset objects reloaded before import = 0
Number of asset objects unloaded after import = 0
========================================================================
Received Import Request.
  Time of request: 2026-10-09T14:09:49.94832Z
  Time since last request: 0.000277928 seconds.
  importAddress: GUID: 28b848f7720bc45fb8f8f4e51bddcfd5 - Path: Packages/com.unity.collab-proxy/Editor/CodeEditor/Indentation/CSharp/IndentationReformatter.cs - Importer: ScriptedImporter/UnityEditor.QuickSearchModule:UnityEditor.Search:ASIAI0B
Importing 'GUID: 28b848f7720bc45fb8f8f4e51bddcfd5 - Path: Packages/com.unity.collab-proxy/Editor/CodeEditor/Indentation/CSharp/IndentationReformatter.cs - Importer: ScriptedImporter/UnityEditor.QuickSearchModule:UnityEditor.Search:ASIAI0B' with importer (ScriptedImporter : UnityEditor.QuickSearchModule:UnityEditor.Search:ASIAI0B)
Imported 'GUID: 28b848f7720bc45fb8f8f4e51bddcfd5' -> (Import Result ID: '9e2fcb78102c65356e9ee46a9f411bd8') in 0.001 seconds [static and dynamic dependencies]. Details - ImportResultOutputID=c65f7b070096e28f53875ae3e64dc528 DependenciesID=73bd538f34769bbc53dd37d2ba7e6c8b StaticDependenciesID=000263542d539940570d551156596c1e 
Number of updated asset objects reloaded before import = 0
Number of asset objects unloaded after import = 0
========================================================================
Received Import Request.
  Time of request: 2026-10-09T14:09:49.957254Z
  Time since last request: 0.000290582 seconds.
  importAddress: GUID: 4b51fa1c43534178b0b4bd9a425e187b - Path: Packages/com.unity.collab-proxy/Editor/CloudDrive/Workspaces/DirectoryContent/ImportInProjectDialog.cs - Importer: ScriptedImporter/UnityEditor.QuickSearchModule:UnityEditor.Search:ASIAI0B
Importing 'GUID: 4b51fa1c43534178b0b4bd9a425e187b - Path: Packages/com.unity.collab-proxy/Editor/CloudDrive/Workspaces/DirectoryContent/ImportInProjectDialog.cs - Importer: ScriptedImporter/UnityEditor.QuickSearchModule:UnityEditor.Search:ASIAI0B' with importer (ScriptedImporter : UnityEditor.QuickSearchModule:UnityEditor.Search:ASIAI0B)
Imported 'GUID: 4b51fa1c43534178b0b4bd9a425e187b' -> (Import Result ID: '1695ccc71729cb6075a5be144ca3af80') in 0.001 seconds [static and dynamic dependencies]. Details - ImportResultOutputID=6950b3b6f5d3b4533618c07e033bd78f DependenciesID=596dac4db5c2dddd375277ba0289b04c StaticDependenciesID=9ecc84940359c9165f772cfc895fd0ed 
Number of updated asset objects reloaded before import = 0
Number of asset objects unloaded after import = 0
========================================================================
Received Import Request.
  Time of request: 2026-10-09T14:09:49.965664Z
  Time since last request: 0.000231111 seconds.
  importAddress: GUID: 9f1543f841f7a40b09eef3c7523d3b26 - Path: Packages/com.unity.collab-proxy/Lib/Editor/Localization/semantic.es.txt - Importer: ScriptedImporter/UnityEditor.QuickSearchModule:UnityEditor.Search:ASIAI0B
Importing 'GUID: 9f1543f841f7a40b09eef3c7523d3b26 - Path: Packages/com.unity.collab-proxy/Lib/Editor/Localization/semantic.es.txt - Importer: ScriptedImporter/UnityEditor.QuickSearchModule:UnityEditor.Search:ASIAI0B' with importer (ScriptedImporter : UnityEditor.QuickSearchModule:UnityEditor.Search:ASIAI0B)
Imported 'GUID: 9f1543f841f7a40b09eef3c7523d3b26' -> (Import Result ID: '718c1535b75703650c309368bc08b840') in 0.001 seconds [static and dynamic dependencies]. Details - ImportResultOutputID=f49056400b31cea199e1b25992b0815e DependenciesID=3505f210e80ae61c4b6cbbddbed343dd StaticDependenciesID=9dba4df61ced33e276bcf35d2eab4c5b 
Number of updated asset objects reloaded before import = 0
Number of asset objects unloaded after import = 1
========================================================================
Received Import Request.
  Time of request: 2026-10-09T14:09:49.974219Z
  Time since last request: 0.000231773 seconds.
  importAddress: GUID: eb450999e4f7add47adebc90f7f87c79 - Path: Packages/com.unity.collab-proxy/Editor/CloudDrive/Workspaces/DirectoryContent/DeleteWorkspaceDialog.cs - Importer: ScriptedImporter/UnityEditor.QuickSearchModule:UnityEditor.Search:ASIAI0B
Importing 'GUID: eb450999e4f7add47adebc90f7f87c79 - Path: Packages/com.unity.collab-proxy/Editor/CloudDrive/Workspaces/DirectoryContent/DeleteWorkspaceDialog.cs - Importer: ScriptedImporter/UnityEditor.QuickSearchModule:UnityEditor.Search:ASIAI0B' with importer (ScriptedImporter : UnityEditor.QuickSearchModule:UnityEditor.Search:ASIAI0B)
Imported 'GUID: eb450999e4f7add47adebc90f7f87c79' -> (Import Result ID: '915404400c9db8167c0e93f0e008bf65') in 0.001 seconds [static and dynamic dependencies]. Details - ImportResultOutputID=87a83e81fd698cfea55c37135eccbe0f DependenciesID=978fed454e2431c8638ee45ae621c7aa StaticDependenciesID=6bbf2dccf16b1a71fb7fd52e6428783f 
Number of updated asset objects reloaded before import = 0
Number of asset objects unloaded after import = 0
========================================================================
Received Import Request.
  Time of request: 2026-10-09T14:09:49.982404Z
  Time since last request: 0.000293958 seconds.
  importAddress: GUID: 72b48557f4cf3d8438cbf59b123364ff - Path: Packages/com.unity.collab-proxy/Editor/CloudDrive/Workspaces/Tree/CloudWorkspacesSelection.cs - Importer: ScriptedImporter/UnityEditor.QuickSearchModule:UnityEditor.Search:ASIAI0B
Importing 'GUID: 72b48557f4cf3d8438cbf59b123364ff - Path: Packages/com.unity.collab-proxy/Editor/CloudDrive/Workspaces/Tree/CloudWorkspacesSelection.cs - Importer: ScriptedImporter/UnityEditor.QuickSearchModule:UnityEditor.Search:ASIAI0B' with importer (ScriptedImporter : UnityEditor.QuickSearchModule:UnityEditor.Search:ASIAI0B)
Imported 'GUID: 72b48557f4cf3d8438cbf59b123364ff' -> (Import Result ID: '9440ecaa8a31dc0fe6f6298603c00b8e') in 0.001 seconds [static and dynamic dependencies]. Details - ImportResultOutputID=1672afe455e2899cd47539446bc1c363 DependenciesID=e0fd5aadb1da9359c3bf439a776cadf5 StaticDependenciesID=e128d63d74264c90ba44d6bdf55eb304 
Number of updated asset objects reloaded before import = 0
Number of asset objects unloaded after import = 0
========================================================================
Received Import Request.
  Time of request: 2026-10-09T14:09:49.990934Z
  Time since last request: 0.000237844 seconds.
  importAddress: GUID: ebdd61faa5a2c45c787f1351a7adb665 - Path: Packages/com.unity.collab-proxy/Lib/Editor/Localization/xdiff.en.txt - Importer: ScriptedImporter/UnityEditor.QuickSearchModule:UnityEditor.Search:ASIAI0B
Importing 'GUID: ebdd61faa5a2c45c787f1351a7adb665 - Path: Packages/com.unity.collab-proxy/Lib/Editor/Localization/xdiff.en.txt - Importer: ScriptedImporter/UnityEditor.QuickSearchModule:UnityEditor.Search:ASIAI0B' with importer (ScriptedImporter : UnityEditor.QuickSearchModule:UnityEditor.Search:ASIAI0B)
Imported 'GUID: ebdd61faa5a2c45c787f1351a7adb665' -> (Import Result ID: '92ab7303e3ab38cd95ea9ec80e8b7917') in 0.001 seconds [static and dynamic dependencies]. Details - ImportResultOutputID=db3e8800203558c43075f8d65e3718b7 DependenciesID=23ab31ac95bee698f84319b1baa4db37 StaticDependenciesID=a249bc5bf4bf3d567d147bdbab109c99 
Number of updated asset objects reloaded before import = 0
Number of asset objects unloaded after import = 1
========================================================================
Received Import Request.
  Time of request: 2026-10-09T14:09:49.998875Z
  Time since last request: 0.000265165 seconds.
  importAddress: GUID: ba3bd539c0d56488dbde76ca701d1771 - Path: Packages/com.unity.collab-proxy/Lib/Editor/Localization/workspaceserver.ja.txt - Importer: ScriptedImporter/UnityEditor.QuickSearchModule:UnityEditor.Search:ASIAI0B
Importing 'GUID: ba3bd539c0d56488dbde76ca701d1771 - Path: Packages/com.unity.collab-proxy/Lib/Editor/Localization/workspaceserver.ja.txt - Importer: ScriptedImporter/UnityEditor.QuickSearchModule:UnityEditor.Search:ASIAI0B' with importer (ScriptedImporter : UnityEditor.QuickSearchModule:UnityEditor.Search:ASIAI0B)
Imported 'GUID: ba3bd539c0d56488dbde76ca701d1771' -> (Import Result ID: 'd3343c0c5d4f0355955f48d5d644aa9d') in 0.002 seconds [static and dynamic dependencies]. Details - ImportResultOutputID=5664f8f094b0b228871fd1b83057abf2 DependenciesID=9330c037ed5d5a7da5533782c30a9e2d StaticDependenciesID=36187495121830423328a19fe535ac9b 
Number of updated asset objects reloaded before import = 0
Number of asset objects unloaded after import = 1
========================================================================
Received Import Request.
  Time of request: 2026-10-09T14:09:50.018786Z
  Time since last request: 0.011490519 seconds.
  importAddress: GUID: e2d43d3b3af668e4fb7dbf4f2b7384e5 - Path: Packages/com.unity.collab-proxy/Editor/UVCSToolbar/PopupWindow/Operations/UncontrolledPopupOperations.cs - Importer: ScriptedImporter/UnityEditor.QuickSearchModule:UnityEditor.Search:ASIAI0B
Importing 'GUID: e2d43d3b3af668e4fb7dbf4f2b7384e5 - Path: Packages/com.unity.collab-proxy/Editor/UVCSToolbar/PopupWindow/Operations/UncontrolledPopupOperations.cs - Importer: ScriptedImporter/UnityEditor.QuickSearchModule:UnityEditor.Search:ASIAI0B' with importer (ScriptedImporter : UnityEditor.QuickSearchModule:UnityEditor.Search:ASIAI0B)
Imported 'GUID: e2d43d3b3af668e4fb7dbf4f2b7384e5' -> (Import Result ID: '22ecc0ba354ce566c5fcae4372093760') in 0.001 seconds [static and dynamic dependencies]. Details - ImportResultOutputID=1aece1638283ae4cd498ff8868f2cbc2 DependenciesID=1f7b90f2d7917c7cb6f1657275865122 StaticDependenciesID=d71ff2f815d6a265122e3dee3b25b884 
Number of updated asset objects reloaded before import = 0
Number of asset objects unloaded after import = 0
========================================================================
Received Import Request.
  Time of request: 2026-10-09T14:09:50.027525Z
  Time since last request: 0.00018773 seconds.
  importAddress: GUID: 68257d0bed044311b8c3688c35a4497b - Path: Packages/com.unity.collab-proxy/Editor/UI/UnityInternals/UnityEditor/EditorWindowInternal.cs - Importer: ScriptedImporter/UnityEditor.QuickSearchModule:UnityEditor.Search:ASIAI0B
Importing 'GUID: 68257d0bed044311b8c3688c35a4497b - Path: Packages/com.unity.collab-proxy/Editor/UI/UnityInternals/UnityEditor/EditorWindowInternal.cs - Importer: ScriptedImporter/UnityEditor.QuickSearchModule:UnityEditor.Search:ASIAI0B' with importer (ScriptedImporter : UnityEditor.QuickSearchModule:UnityEditor.Search:ASIAI0B)
Imported 'GUID: 68257d0bed044311b8c3688c35a4497b' -> (Import Result ID: '5090fe213fa2131f2111d2917212426a') in 0.001 seconds [static and dynamic dependencies]. Details - ImportResultOutputID=2cd2f598e3d50bdc69c79016ea2314ed DependenciesID=169f6902aeb863592898c399ad950195 StaticDependenciesID=0c1e754583adb1bd8b2a3f814c685e60 
Number of updated asset objects reloaded before import = 0
Number of asset objects unloaded after import = 0
========================================================================
Received Import Request.
  Time of request: 2026-10-09T14:09:50.035318Z
  Time since last request: 0.000365552 seconds.
  importAddress: GUID: 7c604fb7bc9da45fca4bb28b110301ef - Path: Packages/com.unity.collab-proxy/Editor/Diff/Asset/Common/SearchHighlight.cs - Importer: ScriptedImporter/UnityEditor.QuickSearchModule:UnityEditor.Search:ASIAI0B
Importing 'GUID: 7c604fb7bc9da45fca4bb28b110301ef - Path: Packages/com.unity.collab-proxy/Editor/Diff/Asset/Common/SearchHighlight.cs - Importer: ScriptedImporter/UnityEditor.QuickSearchModule:UnityEditor.Search:ASIAI0B' with importer (ScriptedImporter : UnityEditor.QuickSearchModule:UnityEditor.Search:ASIAI0B)
Imported 'GUID: 7c604fb7bc9da45fca4bb28b110301ef' -> (Import Result ID: '04fe8dac890bb199318440262b38ce43') in 0.002 seconds [static and dynamic dependencies]. Details - ImportResultOutputID=56ce067be57a3e473c7c2166579a05e2 DependenciesID=6b6b1867e7813bdc427ff128bc337c16 StaticDependenciesID=07ff71681615d2a74f48e7e918309138 
Number of updated asset objects reloaded before import = 0
Number of asset objects unloaded after import = 0
========================================================================
Received Import Request.
  Time of request: 2026-10-09T14:09:50.043784Z
  Time since last request: 0.000335156 seconds.
  importAddress: GUID: f90d4c194bf143c5a6ca86108b35d4c8 - Path: Packages/com.unity.collab-proxy/Editor/Views/BranchExplorer/Menu/BranchExplorerLabelMenu.cs - Importer: ScriptedImporter/UnityEditor.QuickSearchModule:UnityEditor.Search:ASIAI0B
Importing 'GUID: f90d4c194bf143c5a6ca86108b35d4c8 - Path: Packages/com.unity.collab-proxy/Editor/Views/BranchExplorer/Menu/BranchExplorerLabelMenu.cs - Importer: ScriptedImporter/UnityEditor.QuickSearchModule:UnityEditor.Search:ASIAI0B' with importer (ScriptedImporter : UnityEditor.QuickSearchModule:UnityEditor.Search:ASIAI0B)
Imported 'GUID: f90d4c194bf143c5a6ca86108b35d4c8' -> (Import Result ID: '53681e18514dd75fd2cb22be232cd38b') in 0.001 seconds [static and dynamic dependencies]. Details - ImportResultOutputID=03ed79efaa728741532ce66fd8c6502b DependenciesID=e6e844d2f6cd326f4481f0f0e14ac34c StaticDependenciesID=0b9c6c2a3773754ca0aa75789576b10d 
Number of updated asset objects reloaded before import = 0
Number of asset objects unloaded after import = 0
========================================================================
Received Import Request.
  Time of request: 2026-10-09T14:09:50.052189Z
  Time since last request: 0.000280624 seconds.
  importAddress: GUID: 73186521cb8e4de3a13721da02015040 - Path: Packages/com.unity.collab-proxy/Editor/UI/UnityInternals/UnityEditor/HostView.cs - Importer: ScriptedImporter/UnityEditor.QuickSearchModule:UnityEditor.Search:ASIAI0B
Importing 'GUID: 73186521cb8e4de3a13721da02015040 - Path: Packages/com.unity.collab-proxy/Editor/UI/UnityInternals/UnityEditor/HostView.cs - Importer: ScriptedImporter/UnityEditor.QuickSearchModule:UnityEditor.Search:ASIAI0B' with importer (ScriptedImporter : UnityEditor.QuickSearchModule:UnityEditor.Search:ASIAI0B)
Imported 'GUID: 73186521cb8e4de3a13721da02015040' -> (Import Result ID: 'baefdf6b34a5b80eb10bc155423302a5') in 0.001 seconds [static and dynamic dependencies]. Details - ImportResultOutputID=c583d4ebc53c9651294414dde831def3 DependenciesID=c7c4e33e464479ed693403a6fd7f59f8 StaticDependenciesID=7b4d27a4db2a784ec96414eadf3158de 
Number of updated asset objects reloaded before import = 0
Number of asset objects unloaded after import = 0
========================================================================
Received Import Request.
  Time of request: 2026-10-09T14:09:50.060923Z
  Time since last request: 0.000296483 seconds.
  importAddress: GUID: 27ad74436f1a14061aeab82ecf55b0a1 - Path: Packages/com.unity.collab-proxy/Editor/Diff/Image/Views/ImageDiffExtensions.cs - Importer: ScriptedImporter/UnityEditor.QuickSearchModule:UnityEditor.Search:ASIAI0B
Importing 'GUID: 27ad74436f1a14061aeab82ecf55b0a1 - Path: Packages/com.unity.collab-proxy/Editor/Diff/Image/Views/ImageDiffExtensions.cs - Importer: ScriptedImporter/UnityEditor.QuickSearchModule:UnityEditor.Search:ASIAI0B' with importer (ScriptedImporter : UnityEditor.QuickSearchModule:UnityEditor.Search:ASIAI0B)
Imported 'GUID: 27ad74436f1a14061aeab82ecf55b0a1' -> (Import Result ID: 'dd92b102ae56e2c8ab92b2001b30cfaa') in 0.001 seconds [static and dynamic dependencies]. Details - ImportResultOutputID=be049ed42413c7915e86d6a07c199c75 DependenciesID=debc1ab262bc3c0ca31555488c4f4cb8 StaticDependenciesID=a608f0b6a5e62589c6e59d5650a73233 
Number of updated asset objects reloaded before import = 0
Number of asset objects unloaded after import = 0
========================================================================
Received Import Request.
  Time of request: 2026-10-09T14:09:50.068796Z
  Time since last request: 0.000364139 seconds.
  importAddress: GUID: 15065be9d58284ff3a0be3d0e4527920 - Path: Packages/com.unity.collab-proxy/Editor/Diff/Asset/Diff/DiffRow.cs - Importer: ScriptedImporter/UnityEditor.QuickSearchModule:UnityEditor.Search:ASIAI0B
Importing 'GUID: 15065be9d58284ff3a0be3d0e4527920 - Path: Packages/com.unity.collab-proxy/Editor/Diff/Asset/Diff/DiffRow.cs - Importer: ScriptedImporter/UnityEditor.QuickSearchModule:UnityEditor.Search:ASIAI0B' with importer (ScriptedImporter : UnityEditor.QuickSearchModule:UnityEditor.Search:ASIAI0B)
Imported 'GUID: 15065be9d58284ff3a0be3d0e4527920' -> (Import Result ID: '5f1a6c24716275a76ab7281eaca51471') in 0.001 seconds [static and dynamic dependencies]. Details - ImportResultOutputID=8a829ba086bbe38c671d8c061cce7a29 DependenciesID=d3d176b1eea919f3ca3ef73ac4b0604e StaticDependenciesID=65ea7a658493066b5afdf8861b28359a 
Number of updated asset objects reloaded before import = 0
Number of asset objects unloaded after import = 0
========================================================================
Received Import Request.
  Time of request: 2026-10-09T14:09:50.076401Z
  Time since last request: 0.000287857 seconds.
  importAddress: GUID: 98697e16f5be4c5dbaf28a10798b108f - Path: Packages/com.unity.collab-proxy/Editor/Diff/Asset/Diff/GroupHeaderRow.cs - Importer: ScriptedImporter/UnityEditor.QuickSearchModule:UnityEditor.Search:ASIAI0B
Importing 'GUID: 98697e16f5be4c5dbaf28a10798b108f - Path: Packages/com.unity.collab-proxy/Editor/Diff/Asset/Diff/GroupHeaderRow.cs - Importer: ScriptedImporter/UnityEditor.QuickSearchModule:UnityEditor.Search:ASIAI0B' with importer (ScriptedImporter : UnityEditor.QuickSearchModule:UnityEditor.Search:ASIAI0B)
Imported 'GUID: 98697e16f5be4c5dbaf28a10798b108f' -> (Import Result ID: 'e91cbc5fe85b666226bf9705c9b1b073') in 0.002 seconds [static and dynamic dependencies]. Details - ImportResultOutputID=c1ac5c8b207b14a96c0ac9349bdc1741 DependenciesID=fd95a244df57b94f266e2a545f55feb7 StaticDependenciesID=b571c48a53f6e501666bcd64e2783a70 
Number of updated asset objects reloaded before import = 0
Number of asset objects unloaded after import = 0
========================================================================
Received Import Request.
  Time of request: 2026-10-09T14:09:50.085541Z
  Time since last request: 0.000273651 seconds.
  importAddress: GUID: db010bdfb5124461bf82c83e532a3f26 - Path: Packages/com.unity.collab-proxy/Editor/Diff/Asset/Content/ContentGroupHeaderRow.cs - Importer: ScriptedImporter/UnityEditor.QuickSearchModule:UnityEditor.Search:ASIAI0B
Importing 'GUID: db010bdfb5124461bf82c83e532a3f26 - Path: Packages/com.unity.collab-proxy/Editor/Diff/Asset/Content/ContentGroupHeaderRow.cs - Importer: ScriptedImporter/UnityEditor.QuickSearchModule:UnityEditor.Search:ASIAI0B' with importer (ScriptedImporter : UnityEditor.QuickSearchModule:UnityEditor.Search:ASIAI0B)
Imported 'GUID: db010bdfb5124461bf82c83e532a3f26' -> (Import Result ID: '4470c3b6c3a0a9809dd8e9538c5f5679') in 0.001 seconds [static and dynamic dependencies]. Details - ImportResultOutputID=91d220abd1b91c7ff1abfb0cbeddf058 DependenciesID=a39f7f40331733027132f8f631ed5396 StaticDependenciesID=ed8a964f94246bd030523a5cc0e6557a 
Number of updated asset objects reloaded before import = 0
Number of asset objects unloaded after import = 0
========================================================================
Received Import Request.
  Time of request: 2026-10-09T14:09:50.094928Z
  Time since last request: 0.000212196 seconds.
  importAddress: GUID: fe0c3fddc9d7444cad1202bea40ff63f - Path: Packages/com.unity.collab-proxy/Editor/Diff/Asset/Content/ContentHeaderRow.cs - Importer: ScriptedImporter/UnityEditor.QuickSearchModule:UnityEditor.Search:ASIAI0B
Importing 'GUID: fe0c3fddc9d7444cad1202bea40ff63f - Path: Packages/com.unity.collab-proxy/Editor/Diff/Asset/Content/ContentHeaderRow.cs - Importer: ScriptedImporter/UnityEditor.QuickSearchModule:UnityEditor.Search:ASIAI0B' with importer (ScriptedImporter : UnityEditor.QuickSearchModule:UnityEditor.Search:ASIAI0B)
Imported 'GUID: fe0c3fddc9d7444cad1202bea40ff63f' -> (Import Result ID: 'bdab7c90ff5db1dbddefca7993624ce6') in 0.001 seconds [static and dynamic dependencies]. Details - ImportResultOutputID=d75475250b95f5edc3ddf80f1cb78f0f DependenciesID=410409bb7427e701f0152cc8f8766d49 StaticDependenciesID=544439e235261fe1df087cdad1c21cc7 
Number of updated asset objects reloaded before import = 0
Number of asset objects unloaded after import = 0
========================================================================
Received Import Request.
  Time of request: 2026-10-09T14:09:50.104747Z
  Time since last request: 0.000242753 seconds.
  importAddress: GUID: 50a8f133cd03453893ff0072b6c1f3be - Path: Packages/com.unity.collab-proxy/Editor/Diff/Asset/Diff/ObjectDiff.cs - Importer: ScriptedImporter/UnityEditor.QuickSearchModule:UnityEditor.Search:ASIAI0B
Importing 'GUID: 50a8f133cd03453893ff0072b6c1f3be - Path: Packages/com.unity.collab-proxy/Editor/Diff/Asset/Diff/ObjectDiff.cs - Importer: ScriptedImporter/UnityEditor.QuickSearchModule:UnityEditor.Search:ASIAI0B' with importer (ScriptedImporter : UnityEditor.QuickSearchModule:UnityEditor.Search:ASIAI0B)
Imported 'GUID: 50a8f133cd03453893ff0072b6c1f3be' -> (Import Result ID: 'e48f59fb1f92025babafb060472c7298') in 0.001 seconds [static and dynamic dependencies]. Details - ImportResultOutputID=edb9ed911a93c795e51fe491c6b5347b DependenciesID=68f41e9ba185f786c6b98368ef9c6ca3 StaticDependenciesID=b8cc8866c93d938d2beeb0d0a3d26fd9 
Number of updated asset objects reloaded before import = 0
Number of asset objects unloaded after import = 0
========================================================================
Received Import Request.
  Time of request: 2026-10-09T14:09:50.112989Z
  Time since last request: 0.000336347 seconds.
  importAddress: GUID: 306e2c310ad3b7a4794346ffb0088c69 - Path: Packages/com.unity.collab-proxy/Editor/UVCSToolbar/PopupWindow/Operations/ToolbarOperationsShortcut.cs - Importer: ScriptedImporter/UnityEditor.QuickSearchModule:UnityEditor.Search:ASIAI0B
Importing 'GUID: 306e2c310ad3b7a4794346ffb0088c69 - Path: Packages/com.unity.collab-proxy/Editor/UVCSToolbar/PopupWindow/Operations/ToolbarOperationsShortcut.cs - Importer: ScriptedImporter/UnityEditor.QuickSearchModule:UnityEditor.Search:ASIAI0B' with importer (ScriptedImporter : UnityEditor.QuickSearchModule:UnityEditor.Search:ASIAI0B)
Imported 'GUID: 306e2c310ad3b7a4794346ffb0088c69' -> (Import Result ID: 'bfa442a03068ae9a5c5b3e68d23c67a1') in 0.001 seconds [static and dynamic dependencies]. Details - ImportResultOutputID=75c82e3899ff04506aaf921df36afff0 DependenciesID=3e6e1fa5c7c0a14802d7a1c0512ce241 StaticDependenciesID=06d288dfc35e9365f36b27007d35a9d3 
Number of updated asset objects reloaded before import = 0
Number of asset objects unloaded after import = 0
========================================================================
Received Import Request.
  Time of request: 2026-10-09T14:09:50.121832Z
  Time since last request: 0.000202257 seconds.
  importAddress: GUID: 4acd46006c88d7844ac06086ca0b1481 - Path: Packages/com.unity.collab-proxy/Editor/UVCSToolbar/PopupWindow/Operations/ControlledPopupOperations.cs - Importer: ScriptedImporter/UnityEditor.QuickSearchModule:UnityEditor.Search:ASIAI0B
Importing 'GUID: 4acd46006c88d7844ac06086ca0b1481 - Path: Packages/com.unity.collab-proxy/Editor/UVCSToolbar/PopupWindow/Operations/ControlledPopupOperations.cs - Importer: ScriptedImporter/UnityEditor.QuickSearchModule:UnityEditor.Search:ASIAI0B' with importer (ScriptedImporter : UnityEditor.QuickSearchModule:UnityEditor.Search:ASIAI0B)
Imported 'GUID: 4acd46006c88d7844ac06086ca0b1481' -> (Import Result ID: 'b96c387fe12e0268b44092c98a00ffa2') in 0.001 seconds [static and dynamic dependencies]. Details - ImportResultOutputID=afa4dcf9c4119cce85278b16e69dd219 DependenciesID=13d9e90e63a7fa92062a55e305495006 StaticDependenciesID=bf3362585f88517fa19bd1268cbeb759 
Number of updated asset objects reloaded before import = 0
Number of asset objects unloaded after import = 0
========================================================================
Received Import Request.
  Time of request: 2026-10-09T14:09:50.130086Z
  Time since last request: 0.000325177 seconds.
  importAddress: GUID: c4f779ee37894d99adede8127ac9961d - Path: Packages/com.unity.collab-proxy/Editor/UI/UnityInternals/UnityEditor/SettingsWindow.cs - Importer: ScriptedImporter/UnityEditor.QuickSearchModule:UnityEditor.Search:ASIAI0B
Importing 'GUID: c4f779ee37894d99adede8127ac9961d - Path: Packages/com.unity.collab-proxy/Editor/UI/UnityInternals/UnityEditor/SettingsWindow.cs - Importer: ScriptedImporter/UnityEditor.QuickSearchModule:UnityEditor.Search:ASIAI0B' with importer (ScriptedImporter : UnityEditor.QuickSearchModule:UnityEditor.Search:ASIAI0B)
Imported 'GUID: c4f779ee37894d99adede8127ac9961d' -> (Import Result ID: '35123f281a51f8c5172ed36d6729ff0d') in 0.001 seconds [static and dynamic dependencies]. Details - ImportResultOutputID=b39995232dee8f490188f149a368066c DependenciesID=479909a23ca14bcc13b049a78987bd46 StaticDependenciesID=f4d69efe7bda3c00c038222c539b6aa4 
Number of updated asset objects reloaded before import = 0
Number of asset objects unloaded after import = 0
========================================================================
Received Import Request.
  Time of request: 2026-10-09T14:09:50.138688Z
  Time since last request: 0.000210884 seconds.
  importAddress: GUID: f4e5325f424d436485dacca7a8d05f0c - Path: Packages/com.unity.collab-proxy/Editor/UVCSToolbar/PopupWindow/BranchesList/NoBranchesEmptyState.cs - Importer: ScriptedImporter/UnityEditor.QuickSearchModule:UnityEditor.Search:ASIAI0B
Importing 'GUID: f4e5325f424d436485dacca7a8d05f0c - Path: Packages/com.unity.collab-proxy/Editor/UVCSToolbar/PopupWindow/BranchesList/NoBranchesEmptyState.cs - Importer: ScriptedImporter/UnityEditor.QuickSearchModule:UnityEditor.Search:ASIAI0B' with importer (ScriptedImporter : UnityEditor.QuickSearchModule:UnityEditor.Search:ASIAI0B)
Imported 'GUID: f4e5325f424d436485dacca7a8d05f0c' -> (Import Result ID: '1d866aa4f0f67e2c8ea4ba635767ef52') in 0.001 seconds [static and dynamic dependencies]. Details - ImportResultOutputID=6d328c73b4598ff11efdc71f25093c3e DependenciesID=65cee8a615a9f93b47c9641c90ad4f6f StaticDependenciesID=788cd97eb3c54d64a159c735215bb714 
Number of updated asset objects reloaded before import = 0
Number of asset objects unloaded after import = 0
========================================================================
Received Import Request.
  Time of request: 2026-10-09T14:09:50.146623Z
  Time since last request: 0.000241221 seconds.
  importAddress: GUID: 0e3cb890d25a9473296427cdde6f83b7 - Path: Packages/com.unity.collab-proxy/Editor/Diff/Asset/Content/ContentRowElement.cs - Importer: ScriptedImporter/UnityEditor.QuickSearchModule:UnityEditor.Search:ASIAI0B
Importing 'GUID: 0e3cb890d25a9473296427cdde6f83b7 - Path: Packages/com.unity.collab-proxy/Editor/Diff/Asset/Content/ContentRowElement.cs - Importer: ScriptedImporter/UnityEditor.QuickSearchModule:UnityEditor.Search:ASIAI0B' with importer (ScriptedImporter : UnityEditor.QuickSearchModule:UnityEditor.Search:ASIAI0B)
Imported 'GUID: 0e3cb890d25a9473296427cdde6f83b7' -> (Import Result ID: 'e99488234f18700fbd9a834b9fb4bb23') in 0.002 seconds [static and dynamic dependencies]. Details - ImportResultOutputID=06b6f4e7fa39e317fcf56934d5251e1e DependenciesID=d3fe13ed5560fb9fdeb0c7a6fe509c7b StaticDependenciesID=b53c7d19b565bc6948c09a6eb09fa452 
Number of updated asset objects reloaded before import = 0
Number of asset objects unloaded after import = 0
========================================================================
Received Import Request.
  Time of request: 2026-10-09T14:09:50.154554Z
  Time since last request: 0.000240559 seconds.
  importAddress: GUID: 8cb6c3d9c38f4b67b0ae9dc6ebdfecff - Path: Packages/com.unity.collab-proxy/Editor/UI/UnityInternals/UnityEditor/EditorWindowExtensions.cs - Importer: ScriptedImporter/UnityEditor.QuickSearchModule:UnityEditor.Search:ASIAI0B
Importing 'GUID: 8cb6c3d9c38f4b67b0ae9dc6ebdfecff - Path: Packages/com.unity.collab-proxy/Editor/UI/UnityInternals/UnityEditor/EditorWindowExtensions.cs - Importer: ScriptedImporter/UnityEditor.QuickSearchModule:UnityEditor.Search:ASIAI0B' with importer (ScriptedImporter : UnityEditor.QuickSearchModule:UnityEditor.Search:ASIAI0B)
Imported 'GUID: 8cb6c3d9c38f4b67b0ae9dc6ebdfecff' -> (Import Result ID: '5db76df4bef91d4f2e78bf90662416fc') in 0.002 seconds [static and dynamic dependencies]. Details - ImportResultOutputID=7749d041b9539eb611623148a5f1107d DependenciesID=4071e96b33504a48375913e754beb465 StaticDependenciesID=b37103b722c9cb74a19adc774ff7d3bd 
Number of updated asset objects reloaded before import = 0
Number of asset objects unloaded after import = 0
========================================================================
Received Import Request.
  Time of request: 2026-10-09T14:09:50.164753Z
  Time since last request: 0.000261589 seconds.
  importAddress: GUID: 1de62e30afcba544e8e8da4b93a4fa39 - Path: Packages/com.unity.collab-proxy/Editor/Views/Branch/Dialogs/RenameBranchDialog.cs - Importer: ScriptedImporter/UnityEditor.QuickSearchModule:UnityEditor.Search:ASIAI0B
Importing 'GUID: 1de62e30afcba544e8e8da4b93a4fa39 - Path: Packages/com.unity.collab-proxy/Editor/Views/Branch/Dialogs/RenameBranchDialog.cs - Importer: ScriptedImporter/UnityEditor.QuickSearchModule:UnityEditor.Search:ASIAI0B' with importer (ScriptedImporter : UnityEditor.QuickSearchModule:UnityEditor.Search:ASIAI0B)
Imported 'GUID: 1de62e30afcba544e8e8da4b93a4fa39' -> (Import Result ID: 'd611c683cb352a51da3d0bc3dd6778ba') in 0.002 seconds [static and dynamic dependencies]. Details - ImportResultOutputID=0c2091d40eef4cf0be3e522a7567a3f1 DependenciesID=73fb81c4c0905a145c6e44ad40eb2058 StaticDependenciesID=987a18c9381f6f6bfba83a3e1f32e659 
Number of updated asset objects reloaded before import = 0
Number of asset objects unloaded after import = 0
========================================================================
Received Import Request.
  Time of request: 2026-10-09T14:09:50.175817Z
  Time since last request: 0.000311441 seconds.
  importAddress: GUID: ecd2902f8da144961ba11c078bb1e20b - Path: Packages/com.unity.collab-proxy/Editor/Diff/Image/Toolbar/ImageDiffToolbar.cs - Importer: ScriptedImporter/UnityEditor.QuickSearchModule:UnityEditor.Search:ASIAI0B
Importing 'GUID: ecd2902f8da144961ba11c078bb1e20b - Path: Packages/com.unity.collab-proxy/Editor/Diff/Image/Toolbar/ImageDiffToolbar.cs - Importer: ScriptedImporter/UnityEditor.QuickSearchModule:UnityEditor.Search:ASIAI0B' with importer (ScriptedImporter : UnityEditor.QuickSearchModule:UnityEditor.Search:ASIAI0B)
Imported 'GUID: ecd2902f8da144961ba11c078bb1e20b' -> (Import Result ID: 'e5c827a9e09fd93175e1ffe45cf1e4f8') in 0.002 seconds [static and dynamic dependencies]. Details - ImportResultOutputID=c0b023366e891ecb97e5491a7148ebae DependenciesID=42066d28defbe128aedc7ac08ca98cc2 StaticDependenciesID=7e1cdcb9b5ddaecfd8147ab994028ab9 
Number of updated asset objects reloaded before import = 0
Number of asset objects unloaded after import = 0
========================================================================
Received Import Request.
  Time of request: 2026-10-09T14:09:50.185531Z
  Time since last request: 0.000328223 seconds.
  importAddress: GUID: 66b140cd6be9479ab524a58f460a694d - Path: Packages/com.unity.collab-proxy/Editor/UI/UnityInternals/UnityEditor/EditorGUI.cs - Importer: ScriptedImporter/UnityEditor.QuickSearchModule:UnityEditor.Search:ASIAI0B
Importing 'GUID: 66b140cd6be9479ab524a58f460a694d - Path: Packages/com.unity.collab-proxy/Editor/UI/UnityInternals/UnityEditor/EditorGUI.cs - Importer: ScriptedImporter/UnityEditor.QuickSearchModule:UnityEditor.Search:ASIAI0B' with importer (ScriptedImporter : UnityEditor.QuickSearchModule:UnityEditor.Search:ASIAI0B)
Imported 'GUID: 66b140cd6be9479ab524a58f460a694d' -> (Import Result ID: '32ea0b11b5e25fb0d3348cfe3e8f8ba7') in 0.001 seconds [static and dynamic dependencies]. Details - ImportResultOutputID=a4d552abc54a60cd10a3cd83cd99a6a7 DependenciesID=4abb77102ad2794710186762c927818f StaticDependenciesID=3685d43f92e4f3c09648ba383ba9651f 
Number of updated asset objects reloaded before import = 0
Number of asset objects unloaded after import = 0
========================================================================
Received Import Request.
  Time of request: 2026-10-09T14:09:50.194339Z
  Time since last request: 0.000305952 seconds.
  importAddress: GUID: fbb5000a0504a4acd8b805b122326c9f - Path: Packages/com.unity.collab-proxy/Editor/Diff/Asset/Diff/DiffFilter.cs - Importer: ScriptedImporter/UnityEditor.QuickSearchModule:UnityEditor.Search:ASIAI0B
Importing 'GUID: fbb5000a0504a4acd8b805b122326c9f - Path: Packages/com.unity.collab-proxy/Editor/Diff/Asset/Diff/DiffFilter.cs - Importer: ScriptedImporter/UnityEditor.QuickSearchModule:UnityEditor.Search:ASIAI0B' with importer (ScriptedImporter : UnityEditor.QuickSearchModule:UnityEditor.Search:ASIAI0B)
Imported 'GUID: fbb5000a0504a4acd8b805b122326c9f' -> (Import Result ID: 'd119a78285b8f5068c33a467a3576a6f') in 0.001 seconds [static and dynamic dependencies]. Details - ImportResultOutputID=f1b88a8b8385e5a31beadb9ddfb5c47e DependenciesID=709d4bc2dab79eb58b0c500936db1070 StaticDependenciesID=92d1659afd4db6d45c0f3d15254f18fc 
Number of updated asset objects reloaded before import = 0
Number of asset objects unloaded after import = 0
========================================================================
Received Import Request.
  Time of request: 2026-10-09T14:09:50.211381Z
  Time since last request: 0.009215403 seconds.
  importAddress: GUID: d491adc3134c2ac4d9e3c61ed42a7ccd - Path: Packages/com.unity.collab-proxy/Editor/Views/Merge/Gluon/ChangeTreeViewItem.cs - Importer: ScriptedImporter/UnityEditor.QuickSearchModule:UnityEditor.Search:ASIAI0B
Importing 'GUID: d491adc3134c2ac4d9e3c61ed42a7ccd - Path: Packages/com.unity.collab-proxy/Editor/Views/Merge/Gluon/ChangeTreeViewItem.cs - Importer: ScriptedImporter/UnityEditor.QuickSearchModule:UnityEditor.Search:ASIAI0B' with importer (ScriptedImporter : UnityEditor.QuickSearchModule:UnityEditor.Search:ASIAI0B)
Imported 'GUID: d491adc3134c2ac4d9e3c61ed42a7ccd' -> (Import Result ID: '3f7e18d1ed40931f257448e36bbf8882') in 0.001 seconds [static and dynamic dependencies]. Details - ImportResultOutputID=9a2f802f99745a9ddf2198d01d44733d DependenciesID=b4d574b7ec4a086ef2d8a589dd7c937f StaticDependenciesID=22ffa182360028362c452b515836cb08 
Number of updated asset objects reloaded before import = 0
Number of asset objects unloaded after import = 0
========================================================================
Received Import Request.
  Time of request: 2026-10-09T14:09:50.219553Z
  Time since last request: 0.000475498 seconds.
  importAddress: GUID: 697a4c0e184ce4f03a34eb67fcff2784 - Path: Packages/com.unity.collab-proxy/Editor/Views/BranchExplorer/Zoom/UIElementsAnimator.cs - Importer: ScriptedImporter/UnityEditor.QuickSearchModule:UnityEditor.Search:ASIAI0B
Importing 'GUID: 697a4c0e184ce4f03a34eb67fcff2784 - Path: Packages/com.unity.collab-proxy/Editor/Views/BranchExplorer/Zoom/UIElementsAnimator.cs - Importer: ScriptedImporter/UnityEditor.QuickSearchModule:UnityEditor.Search:ASIAI0B' with importer (ScriptedImporter : UnityEditor.QuickSearchModule:UnityEditor.Search:ASIAI0B)
Imported 'GUID: 697a4c0e184ce4f03a34eb67fcff2784' -> (Import Result ID: 'dfc7dec786f8e50a0bee87166e45906f') in 0.002 seconds [static and dynamic dependencies]. Details - ImportResultOutputID=b4c89496a4654ac4389254f75db0c41d DependenciesID=0b439efeeb77d28489ac3f8909600c9f StaticDependenciesID=ee7aff93c2468cdf97a62a51edf02264 
Number of updated asset objects reloaded before import = 0
Number of asset objects unloaded after import = 0
========================================================================
Received Import Request.
  Time of request: 2026-10-09T14:09:50.228397Z
  Time since last request: 0.000434151 seconds.
  importAddress: GUID: 69ebbdad2c303214683305d65fe26726 - Path: Packages/com.unity.collab-proxy/Editor/Views/Merge/Developer/ChangeTreeViewItem.cs - Importer: ScriptedImporter/UnityEditor.QuickSearchModule:UnityEditor.Search:ASIAI0B
Importing 'GUID: 69ebbdad2c303214683305d65fe26726 - Path: Packages/com.unity.collab-proxy/Editor/Views/Merge/Developer/ChangeTreeViewItem.cs - Importer: ScriptedImporter/UnityEditor.QuickSearchModule:UnityEditor.Search:ASIAI0B' with importer (ScriptedImporter : UnityEditor.QuickSearchModule:UnityEditor.Search:ASIAI0B)
Imported 'GUID: 69ebbdad2c303214683305d65fe26726' -> (Import Result ID: '8c16280350bb5908981c91bc0bdeb87d') in 0.003 seconds [static and dynamic dependencies]. Details - ImportResultOutputID=4cdc84b72ab8750c743b6834c42a4363 DependenciesID=9b6fd65219d90b6f25d7d3a1d13059e4 StaticDependenciesID=2e3636bc5e52ba22d6937dbe60e4e1a7 
Number of updated asset objects reloaded before import = 0
Number of asset objects unloaded after import = 0
========================================================================
Received Import Request.
  Time of request: 2026-10-09T14:09:50.239429Z
  Time since last request: 0.000365943 seconds.
  importAddress: GUID: 281456381b1a4c742b0efbe305328c7a - Path: Packages/com.unity.collab-proxy/Editor/Views/Diff/Dialogs/GetRestorePathDialog.cs - Importer: ScriptedImporter/UnityEditor.QuickSearchModule:UnityEditor.Search:ASIAI0B
Importing 'GUID: 281456381b1a4c742b0efbe305328c7a - Path: Packages/com.unity.collab-proxy/Editor/Views/Diff/Dialogs/GetRestorePathDialog.cs - Importer: ScriptedImporter/UnityEditor.QuickSearchModule:UnityEditor.Search:ASIAI0B' with importer (ScriptedImporter : UnityEditor.QuickSearchModule:UnityEditor.Search:ASIAI0B)
Imported 'GUID: 281456381b1a4c742b0efbe305328c7a' -> (Import Result ID: 'e35d40943e90a882ea43770271e57a74') in 0.001 seconds [static and dynamic dependencies]. Details - ImportResultOutputID=3bc9e4ed355f6cf8657045caa008198b DependenciesID=f502ed656931bedec6afba6329f52737 StaticDependenciesID=4278a5e1dfaabffc7b13e5f57e103167 
Number of updated asset objects reloaded before import = 0
Number of asset objects unloaded after import = 0
========================================================================
Received Import Request.
  Time of request: 2026-10-09T14:09:50.247324Z
  Time since last request: 0.000314737 seconds.
  importAddress: GUID: 4b5c816a19cf4a868feca49d8cc1023a - Path: Packages/com.unity.collab-proxy/Editor/Views/BranchExplorer/Virtualization/BrExConnectionRectangle.cs - Importer: ScriptedImporter/UnityEditor.QuickSearchModule:UnityEditor.Search:ASIAI0B
Importing 'GUID: 4b5c816a19cf4a868feca49d8cc1023a - Path: Packages/com.unity.collab-proxy/Editor/Views/BranchExplorer/Virtualization/BrExConnectionRectangle.cs - Importer: ScriptedImporter/UnityEditor.QuickSearchModule:UnityEditor.Search:ASIAI0B' with importer (ScriptedImporter : UnityEditor.QuickSearchModule:UnityEditor.Search:ASIAI0B)
Imported 'GUID: 4b5c816a19cf4a868feca49d8cc1023a' -> (Import Result ID: '0286d9a864b0edf378484334d347617b') in 0.001 seconds [static and dynamic dependencies]. Details - ImportResultOutputID=d6b74161b017a92eba5e1a805e9c7016 DependenciesID=1dce3926d03dd62d807ee93be25eb98c StaticDependenciesID=1521b87f44ebcca0d8a73c06905218a4 
Number of updated asset objects reloaded before import = 0
Number of asset objects unloaded after import = 0
========================================================================
Received Import Request.
  Time of request: 2026-10-09T14:09:50.255338Z
  Time since last request: 0.000175588 seconds.
  importAddress: GUID: cb31873eafb140beb7245ed26f800b10 - Path: Packages/com.unity.collab-proxy/Editor/Views/BranchExplorer/Virtualization/SelftThrottlingWorker.cs - Importer: ScriptedImporter/UnityEditor.QuickSearchModule:UnityEditor.Search:ASIAI0B
Importing 'GUID: cb31873eafb140beb7245ed26f800b10 - Path: Packages/com.unity.collab-proxy/Editor/Views/BranchExplorer/Virtualization/SelftThrottlingWorker.cs - Importer: ScriptedImporter/UnityEditor.QuickSearchModule:UnityEditor.Search:ASIAI0B' with importer (ScriptedImporter : UnityEditor.QuickSearchModule:UnityEditor.Search:ASIAI0B)
Imported 'GUID: cb31873eafb140beb7245ed26f800b10' -> (Import Result ID: 'de4da6c1adecccad1bd04401c5593a7c') in 0.001 seconds [static and dynamic dependencies]. Details - ImportResultOutputID=d6c11d9c1333ad65e1ab387461b6429d DependenciesID=3a48090d34de6f26cd8a3449cd72927a StaticDependenciesID=25d84bc958b02358543323df616ebe38 
Number of updated asset objects reloaded before import = 0
Number of asset objects unloaded after import = 0
========================================================================
Received Import Request.
  Time of request: 2026-10-09T14:09:50.263667Z
  Time since last request: 0.000591565 seconds.
  importAddress: GUID: d6db53f93de967c489902da57a7290a1 - Path: Packages/com.unity.collab-proxy/Editor/Views/Merge/Developer/IsResolved.cs - Importer: ScriptedImporter/UnityEditor.QuickSearchModule:UnityEditor.Search:ASIAI0B
Importing 'GUID: d6db53f93de967c489902da57a7290a1 - Path: Packages/com.unity.collab-proxy/Editor/Views/Merge/Developer/IsResolved.cs - Importer: ScriptedImporter/UnityEditor.QuickSearchModule:UnityEditor.Search:ASIAI0B' with importer (ScriptedImporter : UnityEditor.QuickSearchModule:UnityEditor.Search:ASIAI0B)
Imported 'GUID: d6db53f93de967c489902da57a7290a1' -> (Import Result ID: 'cdffcd22c9be78ebc6f6bec997627ca7') in 0.002 seconds [static and dynamic dependencies]. Details - ImportResultOutputID=6e04500c550c660f910575de4cd19d9e DependenciesID=71f74d7804df188c13a47f3f66821aff StaticDependenciesID=124666fed845ae8247df202293f643e1 
Number of updated asset objects reloaded before import = 0
Number of asset objects unloaded after import = 0
========================================================================
Received Import Request.
  Time of request: 2026-10-09T14:09:50.272162Z
  Time since last request: 0.000672064 seconds.
  importAddress: GUID: 31fe6c8e7de5e554b8d261d6870cde2b - Path: Packages/com.unity.collab-proxy/Editor/Views/Labels/Dialogs/RenameLabelDialog.cs - Importer: ScriptedImporter/UnityEditor.QuickSearchModule:UnityEditor.Search:ASIAI0B
Importing 'GUID: 31fe6c8e7de5e554b8d261d6870cde2b - Path: Packages/com.unity.collab-proxy/Editor/Views/Labels/Dialogs/RenameLabelDialog.cs - Importer: ScriptedImporter/UnityEditor.QuickSearchModule:UnityEditor.Search:ASIAI0B' with importer (ScriptedImporter : UnityEditor.QuickSearchModule:UnityEditor.Search:ASIAI0B)
Imported 'GUID: 31fe6c8e7de5e554b8d261d6870cde2b' -> (Import Result ID: 'b6ffdbb3b0640e4d8d9135b433f25e57') in 0.002 seconds [static and dynamic dependencies]. Details - ImportResultOutputID=c4b8fb6144791baff0ad326de2c23793 DependenciesID=6a6c682f9db385cf0921d8492841cc56 StaticDependenciesID=c4bcc8cce998c6f791d91f0985ef01b4 
Number of updated asset objects reloaded before import = 0
Number of asset objects unloaded after import = 0
========================================================================
Received Import Request.
  Time of request: 2026-10-09T14:09:50.281107Z
  Time since last request: 0.000902485 seconds.
  importAddress: GUID: 5aee5a8d0d126ca48a331d298005381f - Path: Packages/com.unity.collab-proxy/Editor/Views/PendingChanges/Dialogs/CreateChangelistDialog.cs - Importer: ScriptedImporter/UnityEditor.QuickSearchModule:UnityEditor.Search:ASIAI0B
Importing 'GUID: 5aee5a8d0d126ca48a331d298005381f - Path: Packages/com.unity.collab-proxy/Editor/Views/PendingChanges/Dialogs/CreateChangelistDialog.cs - Importer: ScriptedImporter/UnityEditor.QuickSearchModule:UnityEditor.Search:ASIAI0B' with importer (ScriptedImporter : UnityEditor.QuickSearchModule:UnityEditor.Search:ASIAI0B)
Imported 'GUID: 5aee5a8d0d126ca48a331d298005381f' -> (Import Result ID: '932f7d94344a630770a70ec5206eb9a0') in 0.001 seconds [static and dynamic dependencies]. Details - ImportResultOutputID=0fd7d5b8a29fae0d4920f19822d79dd5 DependenciesID=73b89bb604f0204da830cd17ced7bc1e StaticDependenciesID=1b8978e4aad3d39a1c2cd560d4aa1991 
Number of updated asset objects reloaded before import = 0
Number of asset objects unloaded after import = 0
========================================================================
Received Import Request.
  Time of request: 2026-10-09T14:09:50.289176Z
  Time since last request: 0.000575564 seconds.
  importAddress: GUID: b10c9294742ed4040ad32d0b73b16c75 - Path: Packages/com.unity.collab-proxy/Editor/Views/Merge/Developer/MergeSelection.cs - Importer: ScriptedImporter/UnityEditor.QuickSearchModule:UnityEditor.Search:ASIAI0B
Importing 'GUID: b10c9294742ed4040ad32d0b73b16c75 - Path: Packages/com.unity.collab-proxy/Editor/Views/Merge/Developer/MergeSelection.cs - Importer: ScriptedImporter/UnityEditor.QuickSearchModule:UnityEditor.Search:ASIAI0B' with importer (ScriptedImporter : UnityEditor.QuickSearchModule:UnityEditor.Search:ASIAI0B)
Imported 'GUID: b10c9294742ed4040ad32d0b73b16c75' -> (Import Result ID: '6f142659674d29fda5ec7e42a16becbf') in 0.001 seconds [static and dynamic dependencies]. Details - ImportResultOutputID=c8bf78227e1185153795df3e3207f789 DependenciesID=57b9496632e3f0154ac0800b620d4739 StaticDependenciesID=aeadb39e655dc7c4216524cdac170828 
Number of updated asset objects reloaded before import = 0
Number of asset objects unloaded after import = 0
========================================================================
Received Import Request.
  Time of request: 2026-10-09T14:09:50.297172Z
  Time since last request: 0.000548804 seconds.
  importAddress: GUID: 6a9d8351b7dac6e4c8e7b27d5cbdd70c - Path: Packages/com.unity.collab-proxy/Editor/Views/PendingChanges/Dialogs/EmptyCommentDialog.cs - Importer: ScriptedImporter/UnityEditor.QuickSearchModule:UnityEditor.Search:ASIAI0B
Importing 'GUID: 6a9d8351b7dac6e4c8e7b27d5cbdd70c - Path: Packages/com.unity.collab-proxy/Editor/Views/PendingChanges/Dialogs/EmptyCommentDialog.cs - Importer: ScriptedImporter/UnityEditor.QuickSearchModule:UnityEditor.Search:ASIAI0B' with importer (ScriptedImporter : UnityEditor.QuickSearchModule:UnityEditor.Search:ASIAI0B)
Imported 'GUID: 6a9d8351b7dac6e4c8e7b27d5cbdd70c' -> (Import Result ID: 'f95e875c1102b20efbe9492afcf28ae1') in 0.001 seconds [static and dynamic dependencies]. Details - ImportResultOutputID=ea0b9cb618951ea4a040b159dc36e8f3 DependenciesID=1fdee151771f5072ac6563542d1c898a StaticDependenciesID=8ae7fa8ee0e4640355dcdb70a5b6c8f7 
Number of updated asset objects reloaded before import = 0
Number of asset objects unloaded after import = 0
========================================================================
Received Import Request.
  Time of request: 2026-10-09T14:09:50.305324Z
  Time since last request: 0.000567559 seconds.
  importAddress: GUID: 3ee6978573f6f410a9b799889ea0ad13 - Path: Packages/com.unity.collab-proxy/Editor/Views/PendingChanges/PendingMergeLinks/MergeLinksListView.cs - Importer: ScriptedImporter/UnityEditor.QuickSearchModule:UnityEditor.Search:ASIAI0B
Importing 'GUID: 3ee6978573f6f410a9b799889ea0ad13 - Path: Packages/com.unity.collab-proxy/Editor/Views/PendingChanges/PendingMergeLinks/MergeLinksListView.cs - Importer: ScriptedImporter/UnityEditor.QuickSearchModule:UnityEditor.Search:ASIAI0B' with importer (ScriptedImporter : UnityEditor.QuickSearchModule:UnityEditor.Search:ASIAI0B)
Imported 'GUID: 3ee6978573f6f410a9b799889ea0ad13' -> (Import Result ID: '08d8e1e611979cf686e881209c884e02') in 0.001 seconds [static and dynamic dependencies]. Details - ImportResultOutputID=d75dc5e7711e1d3c56c9d141b9ae4cb9 DependenciesID=a04fac3762d539e4e31326757e1a1af8 StaticDependenciesID=1dd17cfc3d7a693b7e4a5de7aff04b84 
Number of updated asset objects reloaded before import = 0
Number of asset objects unloaded after import = 0
========================================================================
Received Import Request.
  Time of request: 2026-10-09T14:09:50.3138Z
  Time since last request: 0.000354652 seconds.
  importAddress: GUID: 48e3a3df6bca4ea4eadc40cb1540e43d - Path: Packages/com.unity.collab-proxy/Editor/Views/Merge/Developer/MergeOptionsDialog.cs - Importer: ScriptedImporter/UnityEditor.QuickSearchModule:UnityEditor.Search:ASIAI0B
Importing 'GUID: 48e3a3df6bca4ea4eadc40cb1540e43d - Path: Packages/com.unity.collab-proxy/Editor/Views/Merge/Developer/MergeOptionsDialog.cs - Importer: ScriptedImporter/UnityEditor.QuickSearchModule:UnityEditor.Search:ASIAI0B' with importer (ScriptedImporter : UnityEditor.QuickSearchModule:UnityEditor.Search:ASIAI0B)
Imported 'GUID: 48e3a3df6bca4ea4eadc40cb1540e43d' -> (Import Result ID: '1da994eb337f921e730ebb083ab70c81') in 0.001 seconds [static and dynamic dependencies]. Details - ImportResultOutputID=8aca5e22cc4402007735857b4741ea27 DependenciesID=0ff4b8164c7a627d6ad8cd509e2f70a2 StaticDependenciesID=6a785f233ab45ef7d8f5fd6e04e832c4 
Number of updated asset objects reloaded before import = 0
Number of asset objects unloaded after import = 0
========================================================================
Received Import Request.
  Time of request: 2026-10-09T14:09:50.322407Z
  Time since last request: 0.000692042 seconds.
  importAddress: GUID: 3ccc9b689652f0b40b53c731af81f034 - Path: Packages/com.unity.collab-proxy/Editor/Views/PendingChanges/Dialogs/LaunchDependenciesDialog.cs - Importer: ScriptedImporter/UnityEditor.QuickSearchModule:UnityEditor.Search:ASIAI0B
Importing 'GUID: 3ccc9b689652f0b40b53c731af81f034 - Path: Packages/com.unity.collab-proxy/Editor/Views/PendingChanges/Dialogs/LaunchDependenciesDialog.cs - Importer: ScriptedImporter/UnityEditor.QuickSearchModule:UnityEditor.Search:ASIAI0B' with importer (ScriptedImporter : UnityEditor.QuickSearchModule:UnityEditor.Search:ASIAI0B)
Imported 'GUID: 3ccc9b689652f0b40b53c731af81f034' -> (Import Result ID: '08343fcb236ad4bea8a035b7f811ea87') in 0.001 seconds [static and dynamic dependencies]. Details - ImportResultOutputID=d9eae9ceb7bbdd07e15ae853c37ae755 DependenciesID=9e484e7de24742a6a15354624964875d StaticDependenciesID=1761c8f13bf120a5c6ca778ecd7016dd 
Number of updated asset objects reloaded before import = 0
Number of asset objects unloaded after import = 0
========================================================================
Received Import Request.
  Time of request: 2026-10-09T14:09:50.33035Z
  Time since last request: 0.00035914 seconds.
  importAddress: GUID: 61f74d0a8a3f1f542b8afe99e65686df - Path: Packages/com.unity.collab-proxy/Editor/Views/CreateWorkspace/Dialogs/CreateRepositoryDialog.cs - Importer: ScriptedImporter/UnityEditor.QuickSearchModule:UnityEditor.Search:ASIAI0B
Importing 'GUID: 61f74d0a8a3f1f542b8afe99e65686df - Path: Packages/com.unity.collab-proxy/Editor/Views/CreateWorkspace/Dialogs/CreateRepositoryDialog.cs - Importer: ScriptedImporter/UnityEditor.QuickSearchModule:UnityEditor.Search:ASIAI0B' with importer (ScriptedImporter : UnityEditor.QuickSearchModule:UnityEditor.Search:ASIAI0B)
Imported 'GUID: 61f74d0a8a3f1f542b8afe99e65686df' -> (Import Result ID: '910d005d5ba824c0ec5f14b74af99a1d') in 0.002 seconds [static and dynamic dependencies]. Details - ImportResultOutputID=3c01ac12b55bb9f0bc6dd05b740598b8 DependenciesID=ec33034cf5b00064cf39e1170f6bbb13 StaticDependenciesID=bb441e5eeca917eff2d88ab2e6aa4d16 
Number of updated asset objects reloaded before import = 0
Number of asset objects unloaded after import = 0
========================================================================
Received Import Request.
  Time of request: 2026-10-09T14:09:50.33898Z
  Time since last request: 0.000360253 seconds.
  importAddress: GUID: be0d618f3c51404cb94628b6b6cdc8d7 - Path: Packages/com.unity.collab-proxy/Editor/Views/BranchExplorer/Virtualization/VirtualShapeFactory.cs - Importer: ScriptedImporter/UnityEditor.QuickSearchModule:UnityEditor.Search:ASIAI0B
Importing 'GUID: be0d618f3c51404cb94628b6b6cdc8d7 - Path: Packages/com.unity.collab-proxy/Editor/Views/BranchExplorer/Virtualization/VirtualShapeFactory.cs - Importer: ScriptedImporter/UnityEditor.QuickSearchModule:UnityEditor.Search:ASIAI0B' with importer (ScriptedImporter : UnityEditor.QuickSearchModule:UnityEditor.Search:ASIAI0B)
Imported 'GUID: be0d618f3c51404cb94628b6b6cdc8d7' -> (Import Result ID: 'c6fa4cf85ad0517b2e5951da90cc4b46') in 0.002 seconds [static and dynamic dependencies]. Details - ImportResultOutputID=6f7550ae85b8c8c020fb36e40e75fac8 DependenciesID=ba50801859f8e25cab006d9b3b3aee05 StaticDependenciesID=9c8f4b24f4fc58afabe428b1eaa87429 
Number of updated asset objects reloaded before import = 0
Number of asset objects unloaded after import = 0
========================================================================
Received Import Request.
  Time of request: 2026-10-09T14:09:50.347045Z
  Time since last request: 0.000317894 seconds.
  importAddress: GUID: 4f04b21b06239da4f95a5a9753647440 - Path: Packages/com.unity.collab-proxy/Editor/Views/Merge/Developer/MergeTab.cs - Importer: ScriptedImporter/UnityEditor.QuickSearchModule:UnityEditor.Search:ASIAI0B
Importing 'GUID: 4f04b21b06239da4f95a5a9753647440 - Path: Packages/com.unity.collab-proxy/Editor/Views/Merge/Developer/MergeTab.cs - Importer: ScriptedImporter/UnityEditor.QuickSearchModule:UnityEditor.Search:ASIAI0B' with importer (ScriptedImporter : UnityEditor.QuickSearchModule:UnityEditor.Search:ASIAI0B)
Imported 'GUID: 4f04b21b06239da4f95a5a9753647440' -> (Import Result ID: '1ffb1a39865e326d2b85b97a6a1cc485') in 0.001 seconds [static and dynamic dependencies]. Details - ImportResultOutputID=ec2171bf02974018865135dcce0c729a DependenciesID=815af3099b95a961fdf8f94bc50179af StaticDependenciesID=bcffe69f0d3d7430aa6be9c12af03cbe 
Number of updated asset objects reloaded before import = 0
Number of asset objects unloaded after import = 0
========================================================================
Received Import Request.
  Time of request: 2026-10-09T14:09:50.355341Z
  Time since last request: 0.000441353 seconds.
  importAddress: GUID: 8f5b967c51ec477bb1f1b6aad7b6839f - Path: Packages/com.unity.collab-proxy/Editor/Views/BranchExplorer/Menu/BranchExplorerViewMenu.cs - Importer: ScriptedImporter/UnityEditor.QuickSearchModule:UnityEditor.Search:ASIAI0B
Importing 'GUID: 8f5b967c51ec477bb1f1b6aad7b6839f - Path: Packages/com.unity.collab-proxy/Editor/Views/BranchExplorer/Menu/BranchExplorerViewMenu.cs - Importer: ScriptedImporter/UnityEditor.QuickSearchModule:UnityEditor.Search:ASIAI0B' with importer (ScriptedImporter : UnityEditor.QuickSearchModule:UnityEditor.Search:ASIAI0B)
Imported 'GUID: 8f5b967c51ec477bb1f1b6aad7b6839f' -> (Import Result ID: '23e9eeef6c79cd6b8c79a673f0515616') in 0.001 seconds [static and dynamic dependencies]. Details - ImportResultOutputID=943287370adba6ed64e00c2e938d9b4a DependenciesID=ea57caa729bf7f4b80377004efe08573 StaticDependenciesID=663e10fc109e5830720721026cd9b358 
Number of updated asset objects reloaded before import = 0
Number of asset objects unloaded after import = 0
========================================================================
Received Import Request.
  Time of request: 2026-10-09T14:09:50.36358Z
  Time since last request: 0.000611932 seconds.
  importAddress: GUID: 6e19ed08370c2e6419986e350c6d4c20 - Path: Packages/com.unity.collab-proxy/Editor/Views/Changesets/Dialogs/LabelChangesetDialog.cs - Importer: ScriptedImporter/UnityEditor.QuickSearchModule:UnityEditor.Search:ASIAI0B
Importing 'GUID: 6e19ed08370c2e6419986e350c6d4c20 - Path: Packages/com.unity.collab-proxy/Editor/Views/Changesets/Dialogs/LabelChangesetDialog.cs - Importer: ScriptedImporter/UnityEditor.QuickSearchModule:UnityEditor.Search:ASIAI0B' with importer (ScriptedImporter : UnityEditor.QuickSearchModule:UnityEditor.Search:ASIAI0B)
Imported 'GUID: 6e19ed08370c2e6419986e350c6d4c20' -> (Import Result ID: '18cdabcb21efb6f207b3809d63356511') in 0.001 seconds [static and dynamic dependencies]. Details - ImportResultOutputID=72991d0e2b00c8ec878c690c7108a38e DependenciesID=d5b726395f2afc60e870e5235f5009fd StaticDependenciesID=b9140809bd9ac77c3a91eb0aafb03f90 
Number of updated asset objects reloaded before import = 0
Number of asset objects unloaded after import = 0
========================================================================
Received Import Request.
  Time of request: 2026-10-09T14:09:50.371534Z
  Time since last request: 0.000368868 seconds.
  importAddress: GUID: c9b4bc0669b544cb9b754dc80d82e74c - Path: Packages/com.unity.collab-proxy/Editor/Views/BranchExplorer/Menu/BranchExplorerViewChangesetMenuOperations.cs - Importer: ScriptedImporter/UnityEditor.QuickSearchModule:UnityEditor.Search:ASIAI0B
Importing 'GUID: c9b4bc0669b544cb9b754dc80d82e74c - Path: Packages/com.unity.collab-proxy/Editor/Views/BranchExplorer/Menu/BranchExplorerViewChangesetMenuOperations.cs - Importer: ScriptedImporter/UnityEditor.QuickSearchModule:UnityEditor.Search:ASIAI0B' with importer (ScriptedImporter : UnityEditor.QuickSearchModule:UnityEditor.Search:ASIAI0B)
Imported 'GUID: c9b4bc0669b544cb9b754dc80d82e74c' -> (Import Result ID: 'b42da11d2c4d9396313c97cb569ef1cb') in 0.002 seconds [static and dynamic dependencies]. Details - ImportResultOutputID=1589911a5d9520a9df67a541e253a78e DependenciesID=8dfb7e64fb54ccee28f6b6122a7b1fbf StaticDependenciesID=21112d59284ece0fdf128ba3443cf729 
Number of updated asset objects reloaded before import = 0
Number of asset objects unloaded after import = 0
========================================================================
Received Import Request.
  Time of request: 2026-10-09T14:09:50.380233Z
  Time since last request: 0.000618184 seconds.
  importAddress: GUID: e34d4d09700143d698cc4baf1facbf28 - Path: Packages/com.unity.collab-proxy/Editor/Views/BranchExplorer/Virtualization/ChangesetParentLinkVirtualShape.cs - Importer: ScriptedImporter/UnityEditor.QuickSearchModule:UnityEditor.Search:ASIAI0B
Importing 'GUID: e34d4d09700143d698cc4baf1facbf28 - Path: Packages/com.unity.collab-proxy/Editor/Views/BranchExplorer/Virtualization/ChangesetParentLinkVirtualShape.cs - Importer: ScriptedImporter/UnityEditor.QuickSearchModule:UnityEditor.Search:ASIAI0B' with importer (ScriptedImporter : UnityEditor.QuickSearchModule:UnityEditor.Search:ASIAI0B)
Imported 'GUID: e34d4d09700143d698cc4baf1facbf28' -> (Import Result ID: 'd5bc306b3405f1a527643b4dda524337') in 0.001 seconds [static and dynamic dependencies]. Details - ImportResultOutputID=68c9d87f666b94cd1f5af2605158bf50 DependenciesID=c9d544add1dd45176586180b10f71b99 StaticDependenciesID=52a5054f059d7edc48aeae677e91b2c1 
Number of updated asset objects reloaded before import = 0
Number of asset objects unloaded after import = 0
========================================================================
Received Import Request.
  Time of request: 2026-10-09T14:09:50.413232Z
  Time since last request: 0.024792038 seconds.
  importAddress: GUID: 2eacfa118da243d793403d45660ec6e1 - Path: Packages/com.unity.collab-proxy/Editor/Views/BranchExplorer/Drawing/Shapes/BrExShape.cs - Importer: ScriptedImporter/UnityEditor.QuickSearchModule:UnityEditor.Search:ASIAI0B
Importing 'GUID: 2eacfa118da243d793403d45660ec6e1 - Path: Packages/com.unity.collab-proxy/Editor/Views/BranchExplorer/Drawing/Shapes/BrExShape.cs - Importer: ScriptedImporter/UnityEditor.QuickSearchModule:UnityEditor.Search:ASIAI0B' with importer (ScriptedImporter : UnityEditor.QuickSearchModule:UnityEditor.Search:ASIAI0B)
Imported 'GUID: 2eacfa118da243d793403d45660ec6e1' -> (Import Result ID: 'ffb386bb8a0fb29437d38636b63f8ff7') in 0.001 seconds [static and dynamic dependencies]. Details - ImportResultOutputID=02659e9ec6773bb8d5b522cba6d2d215 DependenciesID=42fc80cdf37dcd7a8a0bc482c0a6e499 StaticDependenciesID=0a95774d75215b151e19ffdcca749e8d 
Number of updated asset objects reloaded before import = 0
Number of asset objects unloaded after import = 0
========================================================================
Received Import Request.
  Time of request: 2026-10-09T14:09:50.42175Z
  Time since last request: 0.000679248 seconds.
  importAddress: GUID: c7acea46926a4331a5b68771443e3ed0 - Path: Packages/com.unity.collab-proxy/Editor/Diff/Asset/Common/Meta/MetaTreeHelpers.cs - Importer: ScriptedImporter/UnityEditor.QuickSearchModule:UnityEditor.Search:ASIAI0B
Importing 'GUID: c7acea46926a4331a5b68771443e3ed0 - Path: Packages/com.unity.collab-proxy/Editor/Diff/Asset/Common/Meta/MetaTreeHelpers.cs - Importer: ScriptedImporter/UnityEditor.QuickSearchModule:UnityEditor.Search:ASIAI0B' with importer (ScriptedImporter : UnityEditor.QuickSearchModule:UnityEditor.Search:ASIAI0B)
Imported 'GUID: c7acea46926a4331a5b68771443e3ed0' -> (Import Result ID: 'a1f838df2fbee5d8bd6b2dec9ad5eba4') in 0.002 seconds [static and dynamic dependencies]. Details - ImportResultOutputID=17fc7d0dffe4d4e8a380ad2f93f55316 DependenciesID=294c0ed24ec908f0b39d716dbf369bce StaticDependenciesID=d7ba993cbd7bcc3d14c94603baeec18c 
Number of updated asset objects reloaded before import = 0
Number of asset objects unloaded after import = 0
========================================================================
Received Import Request.
  Time of request: 2026-10-09T14:09:50.429705Z
  Time since last request: 0.000306633 seconds.
  importAddress: GUID: 4a3f57b0c1c9343bf9b378276e7db640 - Path: Packages/com.unity.collab-proxy/Editor/Views/BranchExplorer/Drawing/Shapes/ZIndex.cs - Importer: ScriptedImporter/UnityEditor.QuickSearchModule:UnityEditor.Search:ASIAI0B
Importing 'GUID: 4a3f57b0c1c9343bf9b378276e7db640 - Path: Packages/com.unity.collab-proxy/Editor/Views/BranchExplorer/Drawing/Shapes/ZIndex.cs - Importer: ScriptedImporter/UnityEditor.QuickSearchModule:UnityEditor.Search:ASIAI0B' with importer (ScriptedImporter : UnityEditor.QuickSearchModule:UnityEditor.Search:ASIAI0B)
Imported 'GUID: 4a3f57b0c1c9343bf9b378276e7db640' -> (Import Result ID: '51e563eb096c5d3b17a4e389af879019') in 0.001 seconds [static and dynamic dependencies]. Details - ImportResultOutputID=97d54db521d34cda3a8fd44c2196e828 DependenciesID=bc3ce475019b78e59290c9444be39dc3 StaticDependenciesID=be613c34cb4aaf2c7e369029637df7cd 
Number of updated asset objects reloaded before import = 0
Number of asset objects unloaded after import = 0
========================================================================
Received Import Request.
  Time of request: 2026-10-09T14:09:50.437942Z
  Time since last request: 0.000434421 seconds.
  importAddress: GUID: da41f0c6c4104a20994b9c08feb4e13f - Path: Packages/com.unity.collab-proxy/Editor/Diff/Asset/Diff/UnityObject/ParentChangeDiffs.cs - Importer: ScriptedImporter/UnityEditor.QuickSearchModule:UnityEditor.Search:ASIAI0B
Importing 'GUID: da41f0c6c4104a20994b9c08feb4e13f - Path: Packages/com.unity.collab-proxy/Editor/Diff/Asset/Diff/UnityObject/ParentChangeDiffs.cs - Importer: ScriptedImporter/UnityEditor.QuickSearchModule:UnityEditor.Search:ASIAI0B' with importer (ScriptedImporter : UnityEditor.QuickSearchModule:UnityEditor.Search:ASIAI0B)
Imported 'GUID: da41f0c6c4104a20994b9c08feb4e13f' -> (Import Result ID: '7ba30a37cf163bee1a3488411b667b4c') in 0.001 seconds [static and dynamic dependencies]. Details - ImportResultOutputID=f4b6e6df1268ed47f03636b52449ee39 DependenciesID=b63f53104b31968c2a3592310d1b7dc8 StaticDependenciesID=ae1e0c22240ec0970354e317ad0bc0d5 
Number of updated asset objects reloaded before import = 0
Number of asset objects unloaded after import = 0
========================================================================
Received Import Request.
  Time of request: 2026-10-09T14:09:50.446331Z
  Time since last request: 0.000299319 seconds.
  importAddress: GUID: 5ba5950af72324af4be4d53de594d2b9 - Path: Packages/com.unity.collab-proxy/Editor/Diff/Asset/Content/Filtering/ObjectContentFilters.cs - Importer: ScriptedImporter/UnityEditor.QuickSearchModule:UnityEditor.Search:ASIAI0B
Importing 'GUID: 5ba5950af72324af4be4d53de594d2b9 - Path: Packages/com.unity.collab-proxy/Editor/Diff/Asset/Content/Filtering/ObjectContentFilters.cs - Importer: ScriptedImporter/UnityEditor.QuickSearchModule:UnityEditor.Search:ASIAI0B' with importer (ScriptedImporter : UnityEditor.QuickSearchModule:UnityEditor.Search:ASIAI0B)
Imported 'GUID: 5ba5950af72324af4be4d53de594d2b9' -> (Import Result ID: 'f41adf1677dcc298ace7f3cc065d177f') in 0.002 seconds [static and dynamic dependencies]. Details - ImportResultOutputID=1af3b9b003c2b0f330c54e5fba5f2707 DependenciesID=19168afe19d3eb169aff1b6a0bdd671b StaticDependenciesID=f9217ffb7c7e8b94fb3237b2352e830d 
Number of updated asset objects reloaded before import = 0
Number of asset objects unloaded after import = 0
========================================================================
Received Import Request.
  Time of request: 2026-10-09T14:09:50.45537Z
  Time since last request: 0.000448557 seconds.
  importAddress: GUID: 89b3139f91265476ca27e556676deaaa - Path: Packages/com.unity.collab-proxy/Editor/Diff/Asset/Diff/Search/PropertyDiffSearchIndex.cs - Importer: ScriptedImporter/UnityEditor.QuickSearchModule:UnityEditor.Search:ASIAI0B
Importing 'GUID: 89b3139f91265476ca27e556676deaaa - Path: Packages/com.unity.collab-proxy/Editor/Diff/Asset/Diff/Search/PropertyDiffSearchIndex.cs - Importer: ScriptedImporter/UnityEditor.QuickSearchModule:UnityEditor.Search:ASIAI0B' with importer (ScriptedImporter : UnityEditor.QuickSearchModule:UnityEditor.Search:ASIAI0B)
Imported 'GUID: 89b3139f91265476ca27e556676deaaa' -> (Import Result ID: '52cf91770c43948fdb1f6f365b94bbd1') in 0.002 seconds [static and dynamic dependencies]. Details - ImportResultOutputID=4e25ff7c5686865c02e22ef301d1dc85 DependenciesID=cad21cc3a7a94d784e5a71d09d8fc79f StaticDependenciesID=05b03e1dc94de4840b19eb6dfdb49328 
Number of updated asset objects reloaded before import = 0
Number of asset objects unloaded after import = 0
========================================================================
Received Import Request.
  Time of request: 2026-10-09T14:09:50.464937Z
  Time since last request: 0.00058415 seconds.
  importAddress: GUID: 2c8fed4a76fae4229855015e0ab109b1 - Path: Packages/com.unity.collab-proxy/Editor/Diff/Asset/Diff/UnityObject/SiblingReorderDiffs.cs - Importer: ScriptedImporter/UnityEditor.QuickSearchModule:UnityEditor.Search:ASIAI0B
Importing 'GUID: 2c8fed4a76fae4229855015e0ab109b1 - Path: Packages/com.unity.collab-proxy/Editor/Diff/Asset/Diff/UnityObject/SiblingReorderDiffs.cs - Importer: ScriptedImporter/UnityEditor.QuickSearchModule:UnityEditor.Search:ASIAI0B' with importer (ScriptedImporter : UnityEditor.QuickSearchModule:UnityEditor.Search:ASIAI0B)
Imported 'GUID: 2c8fed4a76fae4229855015e0ab109b1' -> (Import Result ID: '75d777e80428ed8d9a723cfa9f110058') in 0.002 seconds [static and dynamic dependencies]. Details - ImportResultOutputID=596dff6371548530488787de589b9119 DependenciesID=884ee65cef4e7f857a8539ca7b0b83f3 StaticDependenciesID=7b2900321d0ca62c40612ab29692a9e1 
Number of updated asset objects reloaded before import = 0
Number of asset objects unloaded after import = 0
========================================================================
Received Import Request.
  Time of request: 2026-10-09T14:09:50.474728Z
  Time since last request: 0.000756502 seconds.
  importAddress: GUID: c51db94de72c446c9a3f5e6752c3cc3b - Path: Packages/com.unity.collab-proxy/Editor/Diff/Asset/Diff/Property/PropertyDiffNode.cs - Importer: ScriptedImporter/UnityEditor.QuickSearchModule:UnityEditor.Search:ASIAI0B
Importing 'GUID: c51db94de72c446c9a3f5e6752c3cc3b - Path: Packages/com.unity.collab-proxy/Editor/Diff/Asset/Diff/Property/PropertyDiffNode.cs - Importer: ScriptedImporter/UnityEditor.QuickSearchModule:UnityEditor.Search:ASIAI0B' with importer (ScriptedImporter : UnityEditor.QuickSearchModule:UnityEditor.Search:ASIAI0B)
Imported 'GUID: c51db94de72c446c9a3f5e6752c3cc3b' -> (Import Result ID: '8c65fa1dd76f085e58dafea42e783e9f') in 0.001 seconds [static and dynamic dependencies]. Details - ImportResultOutputID=a81f61f64a66397c099e947aac6a28ef DependenciesID=6a02a87d4cb415b9a9fe508291f5a9b7 StaticDependenciesID=19a3f46500fae6afc4a434856b0b07c5 
Number of updated asset objects reloaded before import = 0
Number of asset objects unloaded after import = 0
========================================================================
Received Import Request.
  Time of request: 2026-10-09T14:09:50.484025Z
  Time since last request: 0.000373798 seconds.
  importAddress: GUID: 7213d3635e64d445ebff386b109900c0 - Path: Packages/com.unity.collab-proxy/Editor/Views/BranchExplorer/Options/ConditionalFormat/FormatRuleMenu.cs - Importer: ScriptedImporter/UnityEditor.QuickSearchModule:UnityEditor.Search:ASIAI0B
Importing 'GUID: 7213d3635e64d445ebff386b109900c0 - Path: Packages/com.unity.collab-proxy/Editor/Views/BranchExplorer/Options/ConditionalFormat/FormatRuleMenu.cs - Importer: ScriptedImporter/UnityEditor.QuickSearchModule:UnityEditor.Search:ASIAI0B' with importer (ScriptedImporter : UnityEditor.QuickSearchModule:UnityEditor.Search:ASIAI0B)
Imported 'GUID: 7213d3635e64d445ebff386b109900c0' -> (Import Result ID: '6d826664059d4deadee888c09e2d5ac2') in 0.001 seconds [static and dynamic dependencies]. Details - ImportResultOutputID=c055283cca1e07fa3123c6a999c8e346 DependenciesID=ae8efd292e039dae1e85f37c178d7952 StaticDependenciesID=2566304b1d04c5adc2ffadef43000443 
Number of updated asset objects reloaded before import = 0
Number of asset objects unloaded after import = 0
========================================================================
Received Import Request.
  Time of request: 2026-10-09T14:09:50.492238Z
  Time since last request: 0.000480607 seconds.
  importAddress: GUID: 30ee8c95d04f4c29864412b78f8ae8ab - Path: Packages/com.unity.collab-proxy/Editor/Diff/Asset/Diff/UnityObject/ObjectDiffSorting.cs - Importer: ScriptedImporter/UnityEditor.QuickSearchModule:UnityEditor.Search:ASIAI0B
Importing 'GUID: 30ee8c95d04f4c29864412b78f8ae8ab - Path: Packages/com.unity.collab-proxy/Editor/Diff/Asset/Diff/UnityObject/ObjectDiffSorting.cs - Importer: ScriptedImporter/UnityEditor.QuickSearchModule:UnityEditor.Search:ASIAI0B' with importer (ScriptedImporter : UnityEditor.QuickSearchModule:UnityEditor.Search:ASIAI0B)
Imported 'GUID: 30ee8c95d04f4c29864412b78f8ae8ab' -> (Import Result ID: '9ec21d5475f031ce180c7d0a32b0397b') in 0.001 seconds [static and dynamic dependencies]. Details - ImportResultOutputID=91e85c7ae7c5e16c853bd21f237a2134 DependenciesID=d78219da321fdeffa129e692696fd395 StaticDependenciesID=f9791349d1a2d1538432411623f68f8e 
Number of updated asset objects reloaded before import = 0
Number of asset objects unloaded after import = 0
========================================================================
Received Import Request.
  Time of request: 2026-10-09T14:09:50.500508Z
  Time since last request: 0.000402411 seconds.
  importAddress: GUID: 4f44bcd033dc4c30a0456a2cc9a47818 - Path: Packages/com.unity.collab-proxy/Editor/Diff/Asset/Diff/Property/PropertyDiffs.cs - Importer: ScriptedImporter/UnityEditor.QuickSearchModule:UnityEditor.Search:ASIAI0B
Importing 'GUID: 4f44bcd033dc4c30a0456a2cc9a47818 - Path: Packages/com.unity.collab-proxy/Editor/Diff/Asset/Diff/Property/PropertyDiffs.cs - Importer: ScriptedImporter/UnityEditor.QuickSearchModule:UnityEditor.Search:ASIAI0B' with importer (ScriptedImporter : UnityEditor.QuickSearchModule:UnityEditor.Search:ASIAI0B)
Imported 'GUID: 4f44bcd033dc4c30a0456a2cc9a47818' -> (Import Result ID: '252b05c317bcdf8d1e74b3c00d2d4aaf') in 0.001 seconds [static and dynamic dependencies]. Details - ImportResultOutputID=668cd8dd2324b9dc5fe3ea133f001ba8 DependenciesID=50b35664692dd5291b5f8bee177fa4fb StaticDependenciesID=bcfdf7162eba2e38235b134290a90f8c 
Number of updated asset objects reloaded before import = 0
Number of asset objects unloaded after import = 0
========================================================================
Received Import Request.
  Time of request: 2026-10-09T14:09:50.508657Z
  Time since last request: 0.000453366 seconds.
  importAddress: GUID: 36c9ccdf0df04c64a5a41ffbb2a66e8e - Path: Packages/com.unity.collab-proxy/Editor/Diff/Asset/Common/UnityObject/SceneRootsReader.cs - Importer: ScriptedImporter/UnityEditor.QuickSearchModule:UnityEditor.Search:ASIAI0B
Importing 'GUID: 36c9ccdf0df04c64a5a41ffbb2a66e8e - Path: Packages/com.unity.collab-proxy/Editor/Diff/Asset/Common/UnityObject/SceneRootsReader.cs - Importer: ScriptedImporter/UnityEditor.QuickSearchModule:UnityEditor.Search:ASIAI0B' with importer (ScriptedImporter : UnityEditor.QuickSearchModule:UnityEditor.Search:ASIAI0B)
Imported 'GUID: 36c9ccdf0df04c64a5a41ffbb2a66e8e' -> (Import Result ID: '224ae2e1ed5f407cefd4143b090e127d') in 0.001 seconds [static and dynamic dependencies]. Details - ImportResultOutputID=50e13e5215c43a158a7ca7eaf2b130fc DependenciesID=aed7da1d5728a56b9650d6ce03c6f906 StaticDependenciesID=97a7776b35894d8a7984e5a9a7805226 
Number of updated asset objects reloaded before import = 0
Number of asset objects unloaded after import = 0
========================================================================
Received Import Request.
  Time of request: 2026-10-09T14:09:50.517036Z
  Time since last request: 0.00054671 seconds.
  importAddress: GUID: 7f5193b7e776436a9f838cd480cb7460 - Path: Packages/com.unity.collab-proxy/Editor/Views/BranchExplorer/Drawing/Shapes/BranchShape.cs - Importer: ScriptedImporter/UnityEditor.QuickSearchModule:UnityEditor.Search:ASIAI0B
Importing 'GUID: 7f5193b7e776436a9f838cd480cb7460 - Path: Packages/com.unity.collab-proxy/Editor/Views/BranchExplorer/Drawing/Shapes/BranchShape.cs - Importer: ScriptedImporter/UnityEditor.QuickSearchModule:UnityEditor.Search:ASIAI0B' with importer (ScriptedImporter : UnityEditor.QuickSearchModule:UnityEditor.Search:ASIAI0B)
Imported 'GUID: 7f5193b7e776436a9f838cd480cb7460' -> (Import Result ID: 'acd5984926db979580e622b077c530f3') in 0.001 seconds [static and dynamic dependencies]. Details - ImportResultOutputID=63f32e7eaf9e673b6181dfe4016dc229 DependenciesID=45efad696b1597c719a167373cc6c7f7 StaticDependenciesID=0e1dc0a6e89e645193a20224e758a3f2 
Number of updated asset objects reloaded before import = 0
Number of asset objects unloaded after import = 0
========================================================================
Received Import Request.
  Time of request: 2026-10-09T14:09:50.525298Z
  Time since last request: 0.000495705 seconds.
  importAddress: GUID: e2cfc902bb82b4790b3d33b4863ef546 - Path: Packages/com.unity.collab-proxy/Editor/Diff/Image/Views/Swipe/SwipeView.cs - Importer: ScriptedImporter/UnityEditor.QuickSearchModule:UnityEditor.Search:ASIAI0B
Importing 'GUID: e2cfc902bb82b4790b3d33b4863ef546 - Path: Packages/com.unity.collab-proxy/Editor/Diff/Image/Views/Swipe/SwipeView.cs - Importer: ScriptedImporter/UnityEditor.QuickSearchModule:UnityEditor.Search:ASIAI0B' with importer (ScriptedImporter : UnityEditor.QuickSearchModule:UnityEditor.Search:ASIAI0B)
Imported 'GUID: e2cfc902bb82b4790b3d33b4863ef546' -> (Import Result ID: 'f2c87c57472abc3287e7b5ed97453ed4') in 0.002 seconds [static and dynamic dependencies]. Details - ImportResultOutputID=da7e2c0194779a552840fa1a64f3f6ee DependenciesID=3c769d67d2158eb21b609ce3668c7b8b StaticDependenciesID=79e28409c86ec5b3467c7254a7798f87 
Number of updated asset objects reloaded before import = 0
Number of asset objects unloaded after import = 0
========================================================================
Received Import Request.
  Time of request: 2026-10-09T14:09:50.53369Z
  Time since last request: 0.000426236 seconds.
  importAddress: GUID: 42bc4cfe52d940d0b8b6f005cf6b0b12 - Path: Packages/com.unity.collab-proxy/Editor/Diff/Asset/Diff/UnityObject/ObjectDiffGrouping.cs - Importer: ScriptedImporter/UnityEditor.QuickSearchModule:UnityEditor.Search:ASIAI0B
Importing 'GUID: 42bc4cfe52d940d0b8b6f005cf6b0b12 - Path: Packages/com.unity.collab-proxy/Editor/Diff/Asset/Diff/UnityObject/ObjectDiffGrouping.cs - Importer: ScriptedImporter/UnityEditor.QuickSearchModule:UnityEditor.Search:ASIAI0B' with importer (ScriptedImporter : UnityEditor.QuickSearchModule:UnityEditor.Search:ASIAI0B)
Imported 'GUID: 42bc4cfe52d940d0b8b6f005cf6b0b12' -> (Import Result ID: '98b69f7f1510b44ebc3c66cfbe7533b5') in 0.001 seconds [static and dynamic dependencies]. Details - ImportResultOutputID=b228df89b0d1365e6c30f6bc7ab7ec1f DependenciesID=ec38dc61342f6d64eb3231a0a243217b StaticDependenciesID=b1fb8635a8fb5d746be5febd78f66e00 
Number of updated asset objects reloaded before import = 0
Number of asset objects unloaded after import = 0
========================================================================
Received Import Request.
  Time of request: 2026-10-09T14:09:50.541924Z
  Time since last request: 0.000427197 seconds.
  importAddress: GUID: c9091bce433442d9b53aa8c577305e57 - Path: Packages/com.unity.collab-proxy/Editor/Diff/Asset/Diff/UnityObject/UnityObjectDiffs.cs - Importer: ScriptedImporter/UnityEditor.QuickSearchModule:UnityEditor.Search:ASIAI0B
Importing 'GUID: c9091bce433442d9b53aa8c577305e57 - Path: Packages/com.unity.collab-proxy/Editor/Diff/Asset/Diff/UnityObject/UnityObjectDiffs.cs - Importer: ScriptedImporter/UnityEditor.QuickSearchModule:UnityEditor.Search:ASIAI0B' with importer (ScriptedImporter : UnityEditor.QuickSearchModule:UnityEditor.Search:ASIAI0B)
Imported 'GUID: c9091bce433442d9b53aa8c577305e57' -> (Import Result ID: 'd1d2a50f0c0bfb6b63cbbaf576fbb0d2') in 0.003 seconds [static and dynamic dependencies]. Details - ImportResultOutputID=0b001348b870e7b9967962c230ba12b8 DependenciesID=50bf1bd2ca6317c439bdf676511a875f StaticDependenciesID=eb9ec8e581fc3479553119bcf784b9c3 
Number of updated asset objects reloaded before import = 0
Number of asset objects unloaded after import = 0
========================================================================
Received Import Request.
  Time of request: 2026-10-09T14:09:50.551456Z
  Time since last request: 0.000193561 seconds.
  importAddress: GUID: 4b00ba0e9b00a43229c0589749f0cf25 - Path: Packages/com.unity.collab-proxy/Editor/Diff/Asset/Content/Filtering/ObjectContentOptions.cs - Importer: ScriptedImporter/UnityEditor.QuickSearchModule:UnityEditor.Search:ASIAI0B
Importing 'GUID: 4b00ba0e9b00a43229c0589749f0cf25 - Path: Packages/com.unity.collab-proxy/Editor/Diff/Asset/Content/Filtering/ObjectContentOptions.cs - Importer: ScriptedImporter/UnityEditor.QuickSearchModule:UnityEditor.Search:ASIAI0B' with importer (ScriptedImporter : UnityEditor.QuickSearchModule:UnityEditor.Search:ASIAI0B)
Imported 'GUID: 4b00ba0e9b00a43229c0589749f0cf25' -> (Import Result ID: '8f54b3107406660dc9f215aff75073f1') in 0.002 seconds [static and dynamic dependencies]. Details - ImportResultOutputID=18ef9ae2e8af206fa843b1735171f95d DependenciesID=b8aa51437802515ee24a6952bfc433dc StaticDependenciesID=77fb74664ede402442f2bdd73b5b0660 
Number of updated asset objects reloaded before import = 0
Number of asset objects unloaded after import = 0
========================================================================
Received Import Request.
  Time of request: 2026-10-09T14:09:50.559853Z
  Time since last request: 0.000201295 seconds.
  importAddress: GUID: 54e0e46a04464397b85f0fd0f73f9d33 - Path: Packages/com.unity.collab-proxy/Editor/Diff/Asset/Common/Property/PropertyTreeNode.cs - Importer: ScriptedImporter/UnityEditor.QuickSearchModule:UnityEditor.Search:ASIAI0B
Importing 'GUID: 54e0e46a04464397b85f0fd0f73f9d33 - Path: Packages/com.unity.collab-proxy/Editor/Diff/Asset/Common/Property/PropertyTreeNode.cs - Importer: ScriptedImporter/UnityEditor.QuickSearchModule:UnityEditor.Search:ASIAI0B' with importer (ScriptedImporter : UnityEditor.QuickSearchModule:UnityEditor.Search:ASIAI0B)
Imported 'GUID: 54e0e46a04464397b85f0fd0f73f9d33' -> (Import Result ID: '36d57b2a8aa02540433c83f651f712af') in 0.002 seconds [static and dynamic dependencies]. Details - ImportResultOutputID=7a62c80319f525e6f1072a1d67b498ce DependenciesID=ad9e44240e07858b886fe574886d976e StaticDependenciesID=a6d6285d53218d32cba7dad13829dd5a 
Number of updated asset objects reloaded before import = 0
Number of asset objects unloaded after import = 0
========================================================================
Received Import Request.
  Time of request: 2026-10-09T14:09:50.568291Z
  Time since last request: 0.000205123 seconds.
  importAddress: GUID: c305dffd0bd94ae788894e50eb35e343 - Path: Packages/com.unity.collab-proxy/Editor/Diff/Asset/Content/Meta/MetaFileContents.cs - Importer: ScriptedImporter/UnityEditor.QuickSearchModule:UnityEditor.Search:ASIAI0B
Importing 'GUID: c305dffd0bd94ae788894e50eb35e343 - Path: Packages/com.unity.collab-proxy/Editor/Diff/Asset/Content/Meta/MetaFileContents.cs - Importer: ScriptedImporter/UnityEditor.QuickSearchModule:UnityEditor.Search:ASIAI0B' with importer (ScriptedImporter : UnityEditor.QuickSearchModule:UnityEditor.Search:ASIAI0B)
Imported 'GUID: c305dffd0bd94ae788894e50eb35e343' -> (Import Result ID: '3af2475d9f2eee4cea831bec5b4fb179') in 0.002 seconds [static and dynamic dependencies]. Details - ImportResultOutputID=8130330cc09aea0227ab0d8bcad1dd50 DependenciesID=f2fbbdda0ba883a5b9606c1be22c39c9 StaticDependenciesID=01707d50aa782e41f807cc28724618a1 
Number of updated asset objects reloaded before import = 0
Number of asset objects unloaded after import = 0
========================================================================
Received Import Request.
  Time of request: 2026-10-09T14:09:50.576715Z
  Time since last request: 0.000274172 seconds.
  importAddress: GUID: a3d594c59c4d4cbfb273172a2edb6247 - Path: Packages/com.unity.collab-proxy/Editor/Diff/Asset/Common/Property/LeafPropertyData.cs - Importer: ScriptedImporter/UnityEditor.QuickSearchModule:UnityEditor.Search:ASIAI0B
Importing 'GUID: a3d594c59c4d4cbfb273172a2edb6247 - Path: Packages/com.unity.collab-proxy/Editor/Diff/Asset/Common/Property/LeafPropertyData.cs - Importer: ScriptedImporter/UnityEditor.QuickSearchModule:UnityEditor.Search:ASIAI0B' with importer (ScriptedImporter : UnityEditor.QuickSearchModule:UnityEditor.Search:ASIAI0B)
Imported 'GUID: a3d594c59c4d4cbfb273172a2edb6247' -> (Import Result ID: 'fa023d05982e887bf5b816ab66a4208c') in 0.001 seconds [static and dynamic dependencies]. Details - ImportResultOutputID=016ed7bba879b6e35d9924b449a1ad03 DependenciesID=64dcf71297285080e3c7e4f82a1d7aed StaticDependenciesID=6eb3a965ae608ddf4ef9dd4d484b37e0 
Number of updated asset objects reloaded before import = 0
Number of asset objects unloaded after import = 0
========================================================================
Received Import Request.
  Time of request: 2026-10-09T14:09:50.584823Z
  Time since last request: 0.000187059 seconds.
  importAddress: GUID: 4d3910fb8d3a4d2c9bd83623e82e0875 - Path: Packages/com.unity.collab-proxy/Editor/Diff/Asset/Diff/Property/PropertyDiff.cs - Importer: ScriptedImporter/UnityEditor.QuickSearchModule:UnityEditor.Search:ASIAI0B
Importing 'GUID: 4d3910fb8d3a4d2c9bd83623e82e0875 - Path: Packages/com.unity.collab-proxy/Editor/Diff/Asset/Diff/Property/PropertyDiff.cs - Importer: ScriptedImporter/UnityEditor.QuickSearchModule:UnityEditor.Search:ASIAI0B' with importer (ScriptedImporter : UnityEditor.QuickSearchModule:UnityEditor.Search:ASIAI0B)
Imported 'GUID: 4d3910fb8d3a4d2c9bd83623e82e0875' -> (Import Result ID: 'cc220c7e2a1a4f7664c3401bfcea24b0') in 0.001 seconds [static and dynamic dependencies]. Details - ImportResultOutputID=f0974e5b16a9883a2f5d21551110da48 DependenciesID=2483114d6e848dcd0ac78c134e6807d3 StaticDependenciesID=5b869e36df70e107c2a2760d7271d756 
Number of updated asset objects reloaded before import = 0
Number of asset objects unloaded after import = 0
========================================================================
Received Import Request.
  Time of request: 2026-10-09T14:09:50.621197Z
  Time since last request: 0.028898514 seconds.
  importAddress: GUID: 22fddd1dbabe4f35b6d26dd7691d9882 - Path: Packages/com.unity.collab-proxy/Editor/Views/BranchExplorer/Drawing/Shapes/Colors/BrExLineWidths.cs - Importer: ScriptedImporter/UnityEditor.QuickSearchModule:UnityEditor.Search:ASIAI0B
Importing 'GUID: 22fddd1dbabe4f35b6d26dd7691d9882 - Path: Packages/com.unity.collab-proxy/Editor/Views/BranchExplorer/Drawing/Shapes/Colors/BrExLineWidths.cs - Importer: ScriptedImporter/UnityEditor.QuickSearchModule:UnityEditor.Search:ASIAI0B' with importer (ScriptedImporter : UnityEditor.QuickSearchModule:UnityEditor.Search:ASIAI0B)
Imported 'GUID: 22fddd1dbabe4f35b6d26dd7691d9882' -> (Import Result ID: 'ef2067f78f6c62e4f0fed4781cad57a0') in 0.002 seconds [static and dynamic dependencies]. Details - ImportResultOutputID=f151c545dacabbc6caa1e5772e2734c1 DependenciesID=40d25d9946d1775bda5a26fc0799aad0 StaticDependenciesID=e592d07d3e1a9dd60a382ee4b06e7414 
Number of updated asset objects reloaded before import = 0
Number of asset objects unloaded after import = 0
========================================================================
Received Import Request.
  Time of request: 2026-10-09T14:09:50.630052Z
  Time since last request: 0.000533987 seconds.
  importAddress: GUID: a9881fce7e445b84bbbd53752db30fe9 - Path: Packages/com.unity.collab-proxy/Editor/Views/Merge/Developer/DirectoryConflicts/DrawDirectoryResolutionPanel.cs - Importer: ScriptedImporter/UnityEditor.QuickSearchModule:UnityEditor.Search:ASIAI0B
Importing 'GUID: a9881fce7e445b84bbbd53752db30fe9 - Path: Packages/com.unity.collab-proxy/Editor/Views/Merge/Developer/DirectoryConflicts/DrawDirectoryResolutionPanel.cs - Importer: ScriptedImporter/UnityEditor.QuickSearchModule:UnityEditor.Search:ASIAI0B' with importer (ScriptedImporter : UnityEditor.QuickSearchModule:UnityEditor.Search:ASIAI0B)
Imported 'GUID: a9881fce7e445b84bbbd53752db30fe9' -> (Import Result ID: '227dbfa8aa6b1332447b19b8adf10d3e') in 0.001 seconds [static and dynamic dependencies]. Details - ImportResultOutputID=eb518d60bbedf847ce9ace60c667b67b DependenciesID=2bf436b53661ede555c34c4fef6cc8da StaticDependenciesID=281d0ea69da27270fd4d6c1afe3ca2c7 
Number of updated asset objects reloaded before import = 0
Number of asset objects unloaded after import = 0
========================================================================
Received Import Request.
  Time of request: 2026-10-09T14:09:50.63849Z
  Time since last request: 0.000316621 seconds.
  importAddress: GUID: eeee7e9329f444d229da5621f5ac93b9 - Path: Packages/com.unity.collab-proxy/Lib/Editor/TextMateSharp/Onigwrap/libonigwrap/win-x64/libonigwrap.dll - Importer: ScriptedImporter/UnityEditor.QuickSearchModule:UnityEditor.Search:ASIAI0B
Importing 'GUID: eeee7e9329f444d229da5621f5ac93b9 - Path: Packages/com.unity.collab-proxy/Lib/Editor/TextMateSharp/Onigwrap/libonigwrap/win-x64/libonigwrap.dll - Importer: ScriptedImporter/UnityEditor.QuickSearchModule:UnityEditor.Search:ASIAI0B' with importer (ScriptedImporter : UnityEditor.QuickSearchModule:UnityEditor.Search:ASIAI0B)
Imported 'GUID: eeee7e9329f444d229da5621f5ac93b9' -> (Import Result ID: '39fa3d2afc21bcea2e8b271219f55275') in 0.002 seconds [static and dynamic dependencies]. Details - ImportResultOutputID=551e55ab101cc1c22119ee8a0b23a1e4 DependenciesID=3b164e86df620c5ee20556c5377a948c StaticDependenciesID=1995950e8796effcd73bf0e1ac80cc9c 
Number of updated asset objects reloaded before import = 0
Number of asset objects unloaded after import = 0
========================================================================
Received Import Request.
  Time of request: 2026-10-09T14:09:50.647731Z
  Time since last request: 0.000467883 seconds.
  importAddress: GUID: d06d818a8b620bd4fb87f10782aec42b - Path: Packages/com.unity.collab-proxy/Editor/Views/Merge/Developer/DirectoryConflicts/AddMoveMenu.cs - Importer: ScriptedImporter/UnityEditor.QuickSearchModule:UnityEditor.Search:ASIAI0B
Importing 'GUID: d06d818a8b620bd4fb87f10782aec42b - Path: Packages/com.unity.collab-proxy/Editor/Views/Merge/Developer/DirectoryConflicts/AddMoveMenu.cs - Importer: ScriptedImporter/UnityEditor.QuickSearchModule:UnityEditor.Search:ASIAI0B' with importer (ScriptedImporter : UnityEditor.QuickSearchModule:UnityEditor.Search:ASIAI0B)
Imported 'GUID: d06d818a8b620bd4fb87f10782aec42b' -> (Import Result ID: '11a7de2dd7224e496810673ae83e4da5') in 0.001 seconds [static and dynamic dependencies]. Details - ImportResultOutputID=7b237288e5ccb9eaa902157965b5163a DependenciesID=3882ca5687dc18cdf9572a1a0751bfbd StaticDependenciesID=c57e6c7eebca25ce8971afdc41c7383b 
Number of updated asset objects reloaded before import = 0
Number of asset objects unloaded after import = 0
========================================================================
Received Import Request.
  Time of request: 2026-10-09T14:09:50.656234Z
  Time since last request: 0.000730865 seconds.
  importAddress: GUID: d3cbe921f7b3d9a3257e7c61a5761796 - Path: Packages/com.unity.modules.terrainphysics/package.json - Importer: ScriptedImporter/UnityEditor.QuickSearchModule:UnityEditor.Search:ASIAI0B
Importing 'GUID: d3cbe921f7b3d9a3257e7c61a5761796 - Path: Packages/com.unity.modules.terrainphysics/package.json - Importer: ScriptedImporter/UnityEditor.QuickSearchModule:UnityEditor.Search:ASIAI0B' with importer (ScriptedImporter : UnityEditor.QuickSearchModule:UnityEditor.Search:ASIAI0B)
Imported 'GUID: d3cbe921f7b3d9a3257e7c61a5761796' -> (Import Result ID: 'dad6a7ff6caf181d0cd81a354e9af9bc') in 0.002 seconds [static and dynamic dependencies]. Details - ImportResultOutputID=b7cae5b4b7e9b98908894ccf2d1c897e DependenciesID=bd9752e7f09b799317f4481e66fbc201 StaticDependenciesID=bee1f8c62c42d348592023ec21dd429d 
Number of updated asset objects reloaded before import = 0
Number of asset objects unloaded after import = 1
========================================================================
Received Import Request.
  Time of request: 2026-10-09T14:09:50.665131Z
  Time since last request: 0.000293979 seconds.
  importAddress: GUID: 239b82026980e4f48a5b4059f9811bcf - Path: Packages/com.unity.collab-proxy/Lib/Editor/TextMateSharp/Onigwrap/libonigwrap/win-arm64/libonigwrap.dll - Importer: ScriptedImporter/UnityEditor.QuickSearchModule:UnityEditor.Search:ASIAI0B
Importing 'GUID: 239b82026980e4f48a5b4059f9811bcf - Path: Packages/com.unity.collab-proxy/Lib/Editor/TextMateSharp/Onigwrap/libonigwrap/win-arm64/libonigwrap.dll - Importer: ScriptedImporter/UnityEditor.QuickSearchModule:UnityEditor.Search:ASIAI0B' with importer (ScriptedImporter : UnityEditor.QuickSearchModule:UnityEditor.Search:ASIAI0B)
Imported 'GUID: 239b82026980e4f48a5b4059f9811bcf' -> (Import Result ID: 'a9b43fbd1d16c390e66f9dbd4975497d') in 0.002 seconds [static and dynamic dependencies]. Details - ImportResultOutputID=881e71ee12a177615168c11b663f535c DependenciesID=4f77f3a55a15abd76b8a3eab17ee527a StaticDependenciesID=050a6795ff2e0509a6ff86b60313069a 
Number of updated asset objects reloaded before import = 0
Number of asset objects unloaded after import = 0
========================================================================
Received Import Request.
  Time of request: 2026-10-09T14:09:50.673596Z
  Time since last request: 0.000155921 seconds.
  importAddress: GUID: e6a135e3ea9cb46795d1b0e05ac3e1e5 - Path: Packages/com.unity.modules.jsonserialize/package.ModuleCompilationTrigger - Importer: ScriptedImporter/UnityEditor.QuickSearchModule:UnityEditor.Search:ASIAI0B
Importing 'GUID: e6a135e3ea9cb46795d1b0e05ac3e1e5 - Path: Packages/com.unity.modules.jsonserialize/package.ModuleCompilationTrigger - Importer: ScriptedImporter/UnityEditor.QuickSearchModule:UnityEditor.Search:ASIAI0B' with importer (ScriptedImporter : UnityEditor.QuickSearchModule:UnityEditor.Search:ASIAI0B)
Imported 'GUID: e6a135e3ea9cb46795d1b0e05ac3e1e5' -> (Import Result ID: '0decc56b1d516f11deeacc1f959e32d1') in 0.002 seconds [static and dynamic dependencies]. Details - ImportResultOutputID=243cc060c9f5a765afd6487f64b5cf0c DependenciesID=69f01f5b339f9e9efc0774a21f68529d StaticDependenciesID=d99bba657fde8632fe079a9a1f22f8d3 
Number of updated asset objects reloaded before import = 0
Number of asset objects unloaded after import = 1
========================================================================
Received Import Request.
  Time of request: 2026-10-09T14:09:50.681784Z
  Time since last request: 0.000371393 seconds.
  importAddress: GUID: 3a7e9b14d5c84f2d9e1b6f8a0c4d7e2b - Path: Packages/com.unity.burst/Runtime/TypeForwarders.cs - Importer: ScriptedImporter/UnityEditor.QuickSearchModule:UnityEditor.Search:ASIAI0B
Importing 'GUID: 3a7e9b14d5c84f2d9e1b6f8a0c4d7e2b - Path: Packages/com.unity.burst/Runtime/TypeForwarders.cs - Importer: ScriptedImporter/UnityEditor.QuickSearchModule:UnityEditor.Search:ASIAI0B' with importer (ScriptedImporter : UnityEditor.QuickSearchModule:UnityEditor.Search:ASIAI0B)
Imported 'GUID: 3a7e9b14d5c84f2d9e1b6f8a0c4d7e2b' -> (Import Result ID: 'f22c3892e77b92e6e7ee040cd503f587') in 0.001 seconds [static and dynamic dependencies]. Details - ImportResultOutputID=f53f951b73688437d0fdcf27d1f5b553 DependenciesID=e73c6f060d66409daa41c312b3da95b3 StaticDependenciesID=5765103686fa0a3cebdf4134949c9e37 
Number of updated asset objects reloaded before import = 0
Number of asset objects unloaded after import = 0
========================================================================
Received Import Request.
  Time of request: 2026-10-09T14:09:50.689749Z
  Time since last request: 0.000363448 seconds.
  importAddress: GUID: b66027c0b25336640a989133aa6ebdc9 - Path: Packages/com.unity.collab-proxy/Editor/Views/Merge/Developer/DirectoryConflicts/CycleMoveMenu.cs - Importer: ScriptedImporter/UnityEditor.QuickSearchModule:UnityEditor.Search:ASIAI0B
Importing 'GUID: b66027c0b25336640a989133aa6ebdc9 - Path: Packages/com.unity.collab-proxy/Editor/Views/Merge/Developer/DirectoryConflicts/CycleMoveMenu.cs - Importer: ScriptedImporter/UnityEditor.QuickSearchModule:UnityEditor.Search:ASIAI0B' with importer (ScriptedImporter : UnityEditor.QuickSearchModule:UnityEditor.Search:ASIAI0B)
Imported 'GUID: b66027c0b25336640a989133aa6ebdc9' -> (Import Result ID: '7832a4710aba28a3bed26be9ae06dcc7') in 0.002 seconds [static and dynamic dependencies]. Details - ImportResultOutputID=b8ab869b864b798604097468223b8df5 DependenciesID=dd713092e0c1176137022d311040b036 StaticDependenciesID=10f97120738d59f9d249807746f31800 
Number of updated asset objects reloaded before import = 0
Number of asset objects unloaded after import = 0
========================================================================
Received Import Request.
  Time of request: 2026-10-09T14:09:50.698464Z
  Time since last request: 0.000631529 seconds.
  importAddress: GUID: d4d5b2255ed6f4900a3a67d870fc8f6f - Path: Packages/com.unity.collab-proxy/Editor/Views/BranchExplorer/Options/ConditionalFormat/RulePanel.cs - Importer: ScriptedImporter/UnityEditor.QuickSearchModule:UnityEditor.Search:ASIAI0B
Importing 'GUID: d4d5b2255ed6f4900a3a67d870fc8f6f - Path: Packages/com.unity.collab-proxy/Editor/Views/BranchExplorer/Options/ConditionalFormat/RulePanel.cs - Importer: ScriptedImporter/UnityEditor.QuickSearchModule:UnityEditor.Search:ASIAI0B' with importer (ScriptedImporter : UnityEditor.QuickSearchModule:UnityEditor.Search:ASIAI0B)
Imported 'GUID: d4d5b2255ed6f4900a3a67d870fc8f6f' -> (Import Result ID: '23e0a9d856aef91e18479cce75937621') in 0.002 seconds [static and dynamic dependencies]. Details - ImportResultOutputID=df1a80f3f6563581c25869340e9340a0 DependenciesID=74d98f0bff1a4db86e066c4be173b2c0 StaticDependenciesID=29240511df238791be3fcb676d91218a 
Number of updated asset objects reloaded before import = 0
Number of asset objects unloaded after import = 0
========================================================================
Received Import Request.
  Time of request: 2026-10-09T14:09:50.707037Z
  Time since last request: 0.000527124 seconds.
  importAddress: GUID: cbccb6292dce08a489e6e742243154e7 - Path: Packages/com.unity.ide.visualstudio/Editor/KnownAssemblies.cs - Importer: ScriptedImporter/UnityEditor.QuickSearchModule:UnityEditor.Search:ASIAI0B
Importing 'GUID: cbccb6292dce08a489e6e742243154e7 - Path: Packages/com.unity.ide.visualstudio/Editor/KnownAssemblies.cs - Importer: ScriptedImporter/UnityEditor.QuickSearchModule:UnityEditor.Search:ASIAI0B' with importer (ScriptedImporter : UnityEditor.QuickSearchModule:UnityEditor.Search:ASIAI0B)
Imported 'GUID: cbccb6292dce08a489e6e742243154e7' -> (Import Result ID: '1f7b3da6df736228db333fd20768054c') in 0.002 seconds [static and dynamic dependencies]. Details - ImportResultOutputID=baefb729b130d9fa2a9e9ea9616d7e9f DependenciesID=9a74da87e46e2f4ef49ca8da5ebf8089 StaticDependenciesID=5f574d1aa5ba5b06fd8fc839b33fddde 
Number of updated asset objects reloaded before import = 0
Number of asset objects unloaded after import = 0
========================================================================
Received Import Request.
  Time of request: 2026-10-09T14:09:50.715409Z
  Time since last request: 0.000352829 seconds.
  importAddress: GUID: 656f74f6edaa396458412b9e3903d8cd - Path: Packages/com.unity.ide.visualstudio/package.json - Importer: ScriptedImporter/UnityEditor.QuickSearchModule:UnityEditor.Search:ASIAI0B
Importing 'GUID: 656f74f6edaa396458412b9e3903d8cd - Path: Packages/com.unity.ide.visualstudio/package.json - Importer: ScriptedImporter/UnityEditor.QuickSearchModule:UnityEditor.Search:ASIAI0B' with importer (ScriptedImporter : UnityEditor.QuickSearchModule:UnityEditor.Search:ASIAI0B)
Imported 'GUID: 656f74f6edaa396458412b9e3903d8cd' -> (Import Result ID: 'b2f9e0b45c75bf0afd9d6b4853624c09') in 0.001 seconds [static and dynamic dependencies]. Details - ImportResultOutputID=212d7cb8e737d8af228624dd0763b867 DependenciesID=93b54742b9f7cce3b85b5257441a51ec StaticDependenciesID=0e349a5f2d9893d07708969d4d07a95a 
Number of updated asset objects reloaded before import = 0
Number of asset objects unloaded after import = 1
========================================================================
Received Import Request.
  Time of request: 2026-10-09T14:09:50.723486Z
  Time since last request: 0.000282347 seconds.
  importAddress: GUID: 79b3e6b3ce8c544459dd8dfbe0231dd6 - Path: Packages/com.unity.collab-proxy/Lib/Editor/TextMateSharp/Onigwrap/libonigwrap/win-x86/libonigwrap.dll - Importer: ScriptedImporter/UnityEditor.QuickSearchModule:UnityEditor.Search:ASIAI0B
Importing 'GUID: 79b3e6b3ce8c544459dd8dfbe0231dd6 - Path: Packages/com.unity.collab-proxy/Lib/Editor/TextMateSharp/Onigwrap/libonigwrap/win-x86/libonigwrap.dll - Importer: ScriptedImporter/UnityEditor.QuickSearchModule:UnityEditor.Search:ASIAI0B' with importer (ScriptedImporter : UnityEditor.QuickSearchModule:UnityEditor.Search:ASIAI0B)
Imported 'GUID: 79b3e6b3ce8c544459dd8dfbe0231dd6' -> (Import Result ID: 'a376e341baf17325d793a05aca70c7a9') in 0.002 seconds [static and dynamic dependencies]. Details - ImportResultOutputID=fc00bac4fe12d50e0f3ac6898fe90238 DependenciesID=1e334d49aca7000d3d098f0fc7d3f818 StaticDependenciesID=148fd61d8da11aa30e1f6b23d959de41 
Number of updated asset objects reloaded before import = 0
Number of asset objects unloaded after import = 0
========================================================================
Received Import Request.
  Time of request: 2026-10-09T14:09:50.731732Z
  Time since last request: 0.00016045 seconds.
  importAddress: GUID: 6f1dc05fb6e7d3e4f89ae9ca482735be - Path: Packages/com.unity.ide.visualstudio/Editor/FileUtility.cs - Importer: ScriptedImporter/UnityEditor.QuickSearchModule:UnityEditor.Search:ASIAI0B
Importing 'GUID: 6f1dc05fb6e7d3e4f89ae9ca482735be - Path: Packages/com.unity.ide.visualstudio/Editor/FileUtility.cs - Importer: ScriptedImporter/UnityEditor.QuickSearchModule:UnityEditor.Search:ASIAI0B' with importer (ScriptedImporter : UnityEditor.QuickSearchModule:UnityEditor.Search:ASIAI0B)
Imported 'GUID: 6f1dc05fb6e7d3e4f89ae9ca482735be' -> (Import Result ID: 'd76389a18fadc4b7800bafce76cb4b55') in 0.001 seconds [static and dynamic dependencies]. Details - ImportResultOutputID=de1a770e49e49472fe4e9b85a3dfbf90 DependenciesID=e85cd5bbe7b3ff049ce4f198cdc61f3c StaticDependenciesID=58f9e05f729a494555e7057f9be6bbba 
Number of updated asset objects reloaded before import = 0
Number of asset objects unloaded after import = 0
========================================================================
Received Import Request.
  Time of request: 2026-10-09T14:09:50.739839Z
  Time since last request: 0.000479925 seconds.
  importAddress: GUID: a2fb15c9d02b72e4598e450dab5fcd12 - Path: Packages/com.unity.collab-proxy/Editor/Views/Merge/Developer/DirectoryConflicts/MoveDeleteMenu.cs - Importer: ScriptedImporter/UnityEditor.QuickSearchModule:UnityEditor.Search:ASIAI0B
Importing 'GUID: a2fb15c9d02b72e4598e450dab5fcd12 - Path: Packages/com.unity.collab-proxy/Editor/Views/Merge/Developer/DirectoryConflicts/MoveDeleteMenu.cs - Importer: ScriptedImporter/UnityEditor.QuickSearchModule:UnityEditor.Search:ASIAI0B' with importer (ScriptedImporter : UnityEditor.QuickSearchModule:UnityEditor.Search:ASIAI0B)
Imported 'GUID: a2fb15c9d02b72e4598e450dab5fcd12' -> (Import Result ID: '113de6020b55416006b9a2d25036f44b') in 0.002 seconds [static and dynamic dependencies]. Details - ImportResultOutputID=1d0fe0a0822794c0c1bebc4e1f5c247d DependenciesID=89e30eec9f495f06edb780be08799dc3 StaticDependenciesID=578f04dd4f8b6211f4a383ca91a95155 
Number of updated asset objects reloaded before import = 0
Number of asset objects unloaded after import = 0
========================================================================
Received Import Request.
  Time of request: 2026-10-09T14:09:50.748346Z
  Time since last request: 0.000447465 seconds.
  importAddress: GUID: 86a5230f492b0b14ea583544991668a9 - Path: Packages/com.unity.collab-proxy/Editor/Views/Merge/Developer/DirectoryConflicts/DeleteChangeMenu.cs - Importer: ScriptedImporter/UnityEditor.QuickSearchModule:UnityEditor.Search:ASIAI0B
Importing 'GUID: 86a5230f492b0b14ea583544991668a9 - Path: Packages/com.unity.collab-proxy/Editor/Views/Merge/Developer/DirectoryConflicts/DeleteChangeMenu.cs - Importer: ScriptedImporter/UnityEditor.QuickSearchModule:UnityEditor.Search:ASIAI0B' with importer (ScriptedImporter : UnityEditor.QuickSearchModule:UnityEditor.Search:ASIAI0B)
Imported 'GUID: 86a5230f492b0b14ea583544991668a9' -> (Import Result ID: 'c41acecdd968c11bd552053cf7820309') in 0.002 seconds [static and dynamic dependencies]. Details - ImportResultOutputID=62e2f3a1e753846bf0e1bdd3813e96d8 DependenciesID=962d6230fccf281fd6de36aa8bd420ec StaticDependenciesID=80d84cbe0f176471759599d0ed1c22ee 
Number of updated asset objects reloaded before import = 0
Number of asset objects unloaded after import = 0
========================================================================
Received Import Request.
  Time of request: 2026-10-09T14:09:50.772928Z
  Time since last request: 0.016189941 seconds.
  importAddress: GUID: fbbb1ee655846b043baf6c3502b5ce49 - Path: Packages/com.unity.ide.visualstudio/Editor/SolutionParser.cs - Importer: ScriptedImporter/UnityEditor.QuickSearchModule:UnityEditor.Search:ASIAI0B
Importing 'GUID: fbbb1ee655846b043baf6c3502b5ce49 - Path: Packages/com.unity.ide.visualstudio/Editor/SolutionParser.cs - Importer: ScriptedImporter/UnityEditor.QuickSearchModule:UnityEditor.Search:ASIAI0B' with importer (ScriptedImporter : UnityEditor.QuickSearchModule:UnityEditor.Search:ASIAI0B)
Imported 'GUID: fbbb1ee655846b043baf6c3502b5ce49' -> (Import Result ID: 'd0315f254e73a74ced86c8c8d0e8175a') in 0.001 seconds [static and dynamic dependencies]. Details - ImportResultOutputID=3b27afcfc70ccc51231571cab4f3cb7a DependenciesID=fc11b6cef18cad68283f250fe4633bdd StaticDependenciesID=cf8fabae8936e50802e0306eda65f411 
Number of updated asset objects reloaded before import = 0
Number of asset objects unloaded after import = 0
========================================================================
Received Import Request.
  Time of request: 2026-10-09T14:09:50.781653Z
  Time since last request: 0.000601663 seconds.
  importAddress: GUID: 0173aff8c07e06b42af07ebdd7f08032 - Path: Packages/com.unity.ide.visualstudio/Editor/VisualStudioEditor.cs - Importer: ScriptedImporter/UnityEditor.QuickSearchModule:UnityEditor.Search:ASIAI0B
Importing 'GUID: 0173aff8c07e06b42af07ebdd7f08032 - Path: Packages/com.unity.ide.visualstudio/Editor/VisualStudioEditor.cs - Importer: ScriptedImporter/UnityEditor.QuickSearchModule:UnityEditor.Search:ASIAI0B' with importer (ScriptedImporter : UnityEditor.QuickSearchModule:UnityEditor.Search:ASIAI0B)
Imported 'GUID: 0173aff8c07e06b42af07ebdd7f08032' -> (Import Result ID: 'c2deb93fd5ba7ba8e9d1bf24d90ac83e') in 0.001 seconds [static and dynamic dependencies]. Details - ImportResultOutputID=5bdf3ad929e054e1b0f94326fbb6244d DependenciesID=812e532786be1d5e1ba901ed5a3bf878 StaticDependenciesID=db4816cd1808883456357c7ec0a42e45 
Number of updated asset objects reloaded before import = 0
Number of asset objects unloaded after import = 0
========================================================================
Received Import Request.
  Time of request: 2026-10-09T14:09:50.789863Z
  Time since last request: 0.000403463 seconds.
  importAddress: GUID: af4c2c762e1d8e949a6bc458973df6e7 - Path: Packages/com.unity.ide.visualstudio/Editor/Solution.cs - Importer: ScriptedImporter/UnityEditor.QuickSearchModule:UnityEditor.Search:ASIAI0B
Importing 'GUID: af4c2c762e1d8e949a6bc458973df6e7 - Path: Packages/com.unity.ide.visualstudio/Editor/Solution.cs - Importer: ScriptedImporter/UnityEditor.QuickSearchModule:UnityEditor.Search:ASIAI0B' with importer (ScriptedImporter : UnityEditor.QuickSearchModule:UnityEditor.Search:ASIAI0B)
Imported 'GUID: af4c2c762e1d8e949a6bc458973df6e7' -> (Import Result ID: '3d04057afd2309551b17dbfddc288ff4') in 0.001 seconds [static and dynamic dependencies]. Details - ImportResultOutputID=097b739d34461d5362f294d2d8f11463 DependenciesID=5bbef4a9ad5d6b304b4f91dad2e45fdb StaticDependenciesID=f6fb2beaac410a8cdaffd63722331b18 
Number of updated asset objects reloaded before import = 0
Number of asset objects unloaded after import = 0
========================================================================
Received Import Request.
  Time of request: 2026-10-09T14:09:50.798579Z
  Time since last request: 0.000394597 seconds.
  importAddress: GUID: 5e249ae353801f043a6e4173410c6152 - Path: Packages/com.unity.ide.visualstudio/Editor/Messaging/Messenger.cs - Importer: ScriptedImporter/UnityEditor.QuickSearchModule:UnityEditor.Search:ASIAI0B
Importing 'GUID: 5e249ae353801f043a6e4173410c6152 - Path: Packages/com.unity.ide.visualstudio/Editor/Messaging/Messenger.cs - Importer: ScriptedImporter/UnityEditor.QuickSearchModule:UnityEditor.Search:ASIAI0B' with importer (ScriptedImporter : UnityEditor.QuickSearchModule:UnityEditor.Search:ASIAI0B)
Imported 'GUID: 5e249ae353801f043a6e4173410c6152' -> (Import Result ID: '73064a131f8a70865980116c2174dc3f') in 0.002 seconds [static and dynamic dependencies]. Details - ImportResultOutputID=d2cf3ab955b5be07e3fc54dfa4bdccbe DependenciesID=edc240f770c11c2988cd799549b63856 StaticDependenciesID=199ea81fcfb311b3782a8f150e4e39be 
Number of updated asset objects reloaded before import = 0
Number of asset objects unloaded after import = 0
========================================================================
Received Import Request.
  Time of request: 2026-10-09T14:09:50.808804Z
  Time since last request: 0.000596293 seconds.
  importAddress: GUID: f3edbdc86577af648a23263aa75161e1 - Path: Packages/com.unity.ide.visualstudio/Editor/Messaging/MessageType.cs - Importer: ScriptedImporter/UnityEditor.QuickSearchModule:UnityEditor.Search:ASIAI0B
Importing 'GUID: f3edbdc86577af648a23263aa75161e1 - Path: Packages/com.unity.ide.visualstudio/Editor/Messaging/MessageType.cs - Importer: ScriptedImporter/UnityEditor.QuickSearchModule:UnityEditor.Search:ASIAI0B' with importer (ScriptedImporter : UnityEditor.QuickSearchModule:UnityEditor.Search:ASIAI0B)
Imported 'GUID: f3edbdc86577af648a23263aa75161e1' -> (Import Result ID: 'fa47ba036aa4f9e4250f6718d9af9fa4') in 0.002 seconds [static and dynamic dependencies]. Details - ImportResultOutputID=efb07eb2947cda7562d6284c9f33a664 DependenciesID=6de792de9fedd15fd42d496fc06581d9 StaticDependenciesID=cfd2486ea24ebd3956137988a01e2cfc 
Number of updated asset objects reloaded before import = 0
Number of asset objects unloaded after import = 0
========================================================================
Received Import Request.
  Time of request: 2026-10-09T14:09:50.817001Z
  Time since last request: 0.000242423 seconds.
  importAddress: GUID: f6674c38820d12a49ac116d416521d85 - Path: Packages/com.unity.ide.visualstudio/Editor/Messaging/TcpClient.cs - Importer: ScriptedImporter/UnityEditor.QuickSearchModule:UnityEditor.Search:ASIAI0B
Importing 'GUID: f6674c38820d12a49ac116d416521d85 - Path: Packages/com.unity.ide.visualstudio/Editor/Messaging/TcpClient.cs - Importer: ScriptedImporter/UnityEditor.QuickSearchModule:UnityEditor.Search:ASIAI0B' with importer (ScriptedImporter : UnityEditor.QuickSearchModule:UnityEditor.Search:ASIAI0B)
Imported 'GUID: f6674c38820d12a49ac116d416521d85' -> (Import Result ID: '1e1af956377076209b0d50f833912792') in 0.001 seconds [static and dynamic dependencies]. Details - ImportResultOutputID=d14fd8575758267325433dad247f32b8 DependenciesID=d496974b59a0b7f6e0905ec4fcffa13d StaticDependenciesID=ac80db3cb52bcf367f6ee29853421987 
Number of updated asset objects reloaded before import = 0
Number of asset objects unloaded after import = 0
========================================================================
Received Import Request.
  Time of request: 2026-10-09T14:09:50.824631Z
  Time since last request: 0.000217045 seconds.
  importAddress: GUID: eeb21ffd7b0188542b348935f4b04fe8 - Path: Packages/com.unity.ide.visualstudio/Editor/ProjectGeneration/TypeCacheHelper.cs - Importer: ScriptedImporter/UnityEditor.QuickSearchModule:UnityEditor.Search:ASIAI0B
Importing 'GUID: eeb21ffd7b0188542b348935f4b04fe8 - Path: Packages/com.unity.ide.visualstudio/Editor/ProjectGeneration/TypeCacheHelper.cs - Importer: ScriptedImporter/UnityEditor.QuickSearchModule:UnityEditor.Search:ASIAI0B' with importer (ScriptedImporter : UnityEditor.QuickSearchModule:UnityEditor.Search:ASIAI0B)
Imported 'GUID: eeb21ffd7b0188542b348935f4b04fe8' -> (Import Result ID: 'a67473950f8b6641a3d571e17b192723') in 0.001 seconds [static and dynamic dependencies]. Details - ImportResultOutputID=60445cad731be3dc08b7b1304082f25e DependenciesID=48aa2fb84f338973912c1ec6d29a5ff5 StaticDependenciesID=c4f131be39acb359ff0a2f148e3f8bd1 
Number of updated asset objects reloaded before import = 0
Number of asset objects unloaded after import = 0
========================================================================
Received Import Request.
  Time of request: 2026-10-09T14:09:50.832595Z
  Time since last request: 0.000257981 seconds.
  importAddress: GUID: 91950f78729ab144aa36e94690b28fad - Path: Packages/com.unity.ugui/Editor/TMP/TMP_BaseEditorPanel.cs - Importer: ScriptedImporter/UnityEditor.QuickSearchModule:UnityEditor.Search:ASIAI0B
Importing 'GUID: 91950f78729ab144aa36e94690b28fad - Path: Packages/com.unity.ugui/Editor/TMP/TMP_BaseEditorPanel.cs - Importer: ScriptedImporter/UnityEditor.QuickSearchModule:UnityEditor.Search:ASIAI0B' with importer (ScriptedImporter : UnityEditor.QuickSearchModule:UnityEditor.Search:ASIAI0B)
Imported 'GUID: 91950f78729ab144aa36e94690b28fad' -> (Import Result ID: '40d245037f7945eeee8edd17f748e415') in 0.001 seconds [static and dynamic dependencies]. Details - ImportResultOutputID=790b99b19a3776c94cc8ac44779835fe DependenciesID=234948b9771bfac74452e618c033cfb0 StaticDependenciesID=0050028a13f04526e4d91b6a06517803 
Number of updated asset objects reloaded before import = 0
Number of asset objects unloaded after import = 0
========================================================================
Received Import Request.
  Time of request: 2026-10-09T14:09:50.840625Z
  Time since last request: 0.000424672 seconds.
  importAddress: GUID: 27a0335dab59ec542aadd6636a5b4ebd - Path: Packages/com.unity.ugui/Editor/TMP/TMP_EditorCoroutine.cs - Importer: ScriptedImporter/UnityEditor.QuickSearchModule:UnityEditor.Search:ASIAI0B
Importing 'GUID: 27a0335dab59ec542aadd6636a5b4ebd - Path: Packages/com.unity.ugui/Editor/TMP/TMP_EditorCoroutine.cs - Importer: ScriptedImporter/UnityEditor.QuickSearchModule:UnityEditor.Search:ASIAI0B' with importer (ScriptedImporter : UnityEditor.QuickSearchModule:UnityEditor.Search:ASIAI0B)
Imported 'GUID: 27a0335dab59ec542aadd6636a5b4ebd' -> (Import Result ID: '379f4f197b4055a3e029d54dfd7f6a3c') in 0.002 seconds [static and dynamic dependencies]. Details - ImportResultOutputID=1ad4aa05129c86631faa6813898c8c25 DependenciesID=503a45f5105e32923f0eeafe05984c63 StaticDependenciesID=6e47fa3bdd6b0bee6781ce1b81f99bc9 
Number of updated asset objects reloaded before import = 0
Number of asset objects unloaded after import = 0
========================================================================
Received Import Request.
  Time of request: 2026-10-09T14:09:50.849318Z
  Time since last request: 0.000495474 seconds.
  importAddress: GUID: 3070b6395b0f5f04faaab13164c6256d - Path: Packages/com.unity.ide.visualstudio/Editor/ProjectGeneration/LegacyStyleProjectGeneration.cs - Importer: ScriptedImporter/UnityEditor.QuickSearchModule:UnityEditor.Search:ASIAI0B
Importing 'GUID: 3070b6395b0f5f04faaab13164c6256d - Path: Packages/com.unity.ide.visualstudio/Editor/ProjectGeneration/LegacyStyleProjectGeneration.cs - Importer: ScriptedImporter/UnityEditor.QuickSearchModule:UnityEditor.Search:ASIAI0B' with importer (ScriptedImporter : UnityEditor.QuickSearchModule:UnityEditor.Search:ASIAI0B)
Imported 'GUID: 3070b6395b0f5f04faaab13164c6256d' -> (Import Result ID: '2342c19574e82e27528d74350c2def57') in 0.002 seconds [static and dynamic dependencies]. Details - ImportResultOutputID=3a16191746bfd9458bfcb03694d8db5c DependenciesID=57fa023b3cec8b4ac6c8278f37f9d55a StaticDependenciesID=a03e3d9030bef4d3f0c9507ac070f147 
Number of updated asset objects reloaded before import = 0
Number of asset objects unloaded after import = 0
========================================================================
Received Import Request.
  Time of request: 2026-10-09T14:09:50.857613Z
  Time since last request: 0.000325919 seconds.
  importAddress: GUID: 0719f1a8b2a284e1182b352e6c8c3c60 - Path: Packages/com.unity.ide.visualstudio/Editor/Testing/TestStatusAdaptor.cs - Importer: ScriptedImporter/UnityEditor.QuickSearchModule:UnityEditor.Search:ASIAI0B
Importing 'GUID: 0719f1a8b2a284e1182b352e6c8c3c60 - Path: Packages/com.unity.ide.visualstudio/Editor/Testing/TestStatusAdaptor.cs - Importer: ScriptedImporter/UnityEditor.QuickSearchModule:UnityEditor.Search:ASIAI0B' with importer (ScriptedImporter : UnityEditor.QuickSearchModule:UnityEditor.Search:ASIAI0B)
Imported 'GUID: 0719f1a8b2a284e1182b352e6c8c3c60' -> (Import Result ID: 'f8743407217c632eabbcb87e39cd9fac') in 0.001 seconds [static and dynamic dependencies]. Details - ImportResultOutputID=683be515154a6a9f8187d960da5d3556 DependenciesID=c99ab5272c2020df4697820f88465db1 StaticDependenciesID=c9375f1aa15c0483c25fcfca3566f184 
Number of updated asset objects reloaded before import = 0
Number of asset objects unloaded after import = 0
========================================================================
Received Import Request.
  Time of request: 2026-10-09T14:09:50.866638Z
  Time since last request: 0.000213709 seconds.
  importAddress: GUID: de1c9ea7b82c9904d9e5fba2ee70a998 - Path: Packages/com.unity.ide.visualstudio/Editor/Messaging/Message.cs - Importer: ScriptedImporter/UnityEditor.QuickSearchModule:UnityEditor.Search:ASIAI0B
Importing 'GUID: de1c9ea7b82c9904d9e5fba2ee70a998 - Path: Packages/com.unity.ide.visualstudio/Editor/Messaging/Message.cs - Importer: ScriptedImporter/UnityEditor.QuickSearchModule:UnityEditor.Search:ASIAI0B' with importer (ScriptedImporter : UnityEditor.QuickSearchModule:UnityEditor.Search:ASIAI0B)
Imported 'GUID: de1c9ea7b82c9904d9e5fba2ee70a998' -> (Import Result ID: '4a14847e2e2b5643beb1656a36dfed49') in 0.001 seconds [static and dynamic dependencies]. Details - ImportResultOutputID=d47de3f8bfe55a46acbf65bf61ac9c8e DependenciesID=b02f73160e60eed1592ce127f402ea3d StaticDependenciesID=afd0780f0bd2d30ca5ed6cf75cef3693 
Number of updated asset objects reloaded before import = 0
Number of asset objects unloaded after import = 0
========================================================================
Received Import Request.
  Time of request: 2026-10-09T14:09:50.875432Z
  Time since last request: 0.000182962 seconds.
  importAddress: GUID: 4d3d51749e989f747b2674e0b4d9b3d7 - Path: Packages/com.unity.ugui/LICENSE.md - Importer: ScriptedImporter/UnityEditor.QuickSearchModule:UnityEditor.Search:ASIAI0B
Importing 'GUID: 4d3d51749e989f747b2674e0b4d9b3d7 - Path: Packages/com.unity.ugui/LICENSE.md - Importer: ScriptedImporter/UnityEditor.QuickSearchModule:UnityEditor.Search:ASIAI0B' with importer (ScriptedImporter : UnityEditor.QuickSearchModule:UnityEditor.Search:ASIAI0B)
Imported 'GUID: 4d3d51749e989f747b2674e0b4d9b3d7' -> (Import Result ID: 'cb55a94a9d5234a0b0a683bd71f8d194') in 0.002 seconds [static and dynamic dependencies]. Details - ImportResultOutputID=d5f1b98d98a204e94140af95f7b74e59 DependenciesID=ee674c6cc39322993aa7d371ace23df1 StaticDependenciesID=fb0edb4e30a745b2311d3a49ddf25fec 
Number of updated asset objects reloaded before import = 0
Number of asset objects unloaded after import = 1
========================================================================
Received Import Request.
  Time of request: 2026-10-09T14:09:50.884453Z
  Time since last request: 0.000178884 seconds.
  importAddress: GUID: 5a7aba2d3d458e04eb4210c0303fbf64 - Path: Packages/com.unity.ide.visualstudio/Editor/UsageUtility.cs - Importer: ScriptedImporter/UnityEditor.QuickSearchModule:UnityEditor.Search:ASIAI0B
Importing 'GUID: 5a7aba2d3d458e04eb4210c0303fbf64 - Path: Packages/com.unity.ide.visualstudio/Editor/UsageUtility.cs - Importer: ScriptedImporter/UnityEditor.QuickSearchModule:UnityEditor.Search:ASIAI0B' with importer (ScriptedImporter : UnityEditor.QuickSearchModule:UnityEditor.Search:ASIAI0B)
Imported 'GUID: 5a7aba2d3d458e04eb4210c0303fbf64' -> (Import Result ID: '63df0ad7897d91c7d605056ea21667cc') in 0.002 seconds [static and dynamic dependencies]. Details - ImportResultOutputID=a94ba4a4fe95316b71e29e0c02216c04 DependenciesID=41d47cfe324152eabe69b0b00a2bb167 StaticDependenciesID=34956868acf755b8e688b093c3c3a436 
Number of updated asset objects reloaded before import = 0
Number of asset objects unloaded after import = 0
========================================================================
Received Import Request.
  Time of request: 2026-10-09T14:09:50.89282Z
  Time since last request: 0.000145161 seconds.
  importAddress: GUID: f47f2d030bc1d415a8d15a51dbcc39a2 - Path: Packages/com.unity.ide.visualstudio/Editor/Testing/TestResultAdaptor.cs - Importer: ScriptedImporter/UnityEditor.QuickSearchModule:UnityEditor.Search:ASIAI0B
Importing 'GUID: f47f2d030bc1d415a8d15a51dbcc39a2 - Path: Packages/com.unity.ide.visualstudio/Editor/Testing/TestResultAdaptor.cs - Importer: ScriptedImporter/UnityEditor.QuickSearchModule:UnityEditor.Search:ASIAI0B' with importer (ScriptedImporter : UnityEditor.QuickSearchModule:UnityEditor.Search:ASIAI0B)
Imported 'GUID: f47f2d030bc1d415a8d15a51dbcc39a2' -> (Import Result ID: '14fd2dcef94b014c92701e2c5ed6c5eb') in 0.003 seconds [static and dynamic dependencies]. Details - ImportResultOutputID=8e351ac24671329e486bbc438fb0bb31 DependenciesID=1e732d9b885146d92488626270212438 StaticDependenciesID=bf19d7995d2d712e48ae387583ac19bb 
Number of updated asset objects reloaded before import = 0
Number of asset objects unloaded after import = 0
========================================================================
Received Import Request.
  Time of request: 2026-10-09T14:09:50.915731Z
  Time since last request: 0.012829629 seconds.
  importAddress: GUID: 2300e75732d74890b38a8ff257a3ae15 - Path: Packages/com.unity.ugui/Editor/TMP/TMP_EditorUtility.cs - Importer: ScriptedImporter/UnityEditor.QuickSearchModule:UnityEditor.Search:ASIAI0B
Importing 'GUID: 2300e75732d74890b38a8ff257a3ae15 - Path: Packages/com.unity.ugui/Editor/TMP/TMP_EditorUtility.cs - Importer: ScriptedImporter/UnityEditor.QuickSearchModule:UnityEditor.Search:ASIAI0B' with importer (ScriptedImporter : UnityEditor.QuickSearchModule:UnityEditor.Search:ASIAI0B)
Imported 'GUID: 2300e75732d74890b38a8ff257a3ae15' -> (Import Result ID: 'f823bd6493810f90a2a725c423cbcb47') in 0.001 seconds [static and dynamic dependencies]. Details - ImportResultOutputID=a4727dcfad4d94dbfb1f99b6d01633c4 DependenciesID=e884747d365f408a10bd85f06d6c6669 StaticDependenciesID=fbf18ed5104f05788997a15b05fd1c8c 
Number of updated asset objects reloaded before import = 0
Number of asset objects unloaded after import = 0
========================================================================
Received Import Request.
  Time of request: 2026-10-09T14:09:50.92383Z
  Time since last request: 0.000453527 seconds.
  importAddress: GUID: 3ee40aa79cd242a5b53b0b0ca4f13f0f - Path: Packages/com.unity.ugui/Editor Resources/Gizmos/TMP - Input Field Icon.psd - Importer: ScriptedImporter/UnityEditor.QuickSearchModule:UnityEditor.Search:ASIAI0B
Importing 'GUID: 3ee40aa79cd242a5b53b0b0ca4f13f0f - Path: Packages/com.unity.ugui/Editor Resources/Gizmos/TMP - Input Field Icon.psd - Importer: ScriptedImporter/UnityEditor.QuickSearchModule:UnityEditor.Search:ASIAI0B' with importer (ScriptedImporter : UnityEditor.QuickSearchModule:UnityEditor.Search:ASIAI0B)
Imported 'GUID: 3ee40aa79cd242a5b53b0b0ca4f13f0f' -> (Import Result ID: 'cad5aacfa309567741bb133452dab622') in 0.006 seconds [static and dynamic dependencies]. Details - ImportResultOutputID=1d1d65bbfc75a1b8d12bf60369c0ce95 DependenciesID=b89fe93a48520fd221b5776207485c0b StaticDependenciesID=f7ac9d1e66046da864008a1d6140d374 
Number of updated asset objects reloaded before import = 0
Number of asset objects unloaded after import = 1
========================================================================
Received Import Request.
  Time of request: 2026-10-09T14:09:50.936325Z
  Time since last request: 0.000145341 seconds.
  importAddress: GUID: 96b44f7d98314b139324a8a87eb66067 - Path: Packages/com.unity.ugui/Editor/TMP/TMP_FontAssetEditor.cs - Importer: ScriptedImporter/UnityEditor.QuickSearchModule:UnityEditor.Search:ASIAI0B
Importing 'GUID: 96b44f7d98314b139324a8a87eb66067 - Path: Packages/com.unity.ugui/Editor/TMP/TMP_FontAssetEditor.cs - Importer: ScriptedImporter/UnityEditor.QuickSearchModule:UnityEditor.Search:ASIAI0B' with importer (ScriptedImporter : UnityEditor.QuickSearchModule:UnityEditor.Search:ASIAI0B)
Imported 'GUID: 96b44f7d98314b139324a8a87eb66067' -> (Import Result ID: '2f72efe5943214f32fd818db985f6dd8') in 0.001 seconds [static and dynamic dependencies]. Details - ImportResultOutputID=50e62528cb963c30c223677a79d57c42 DependenciesID=61ab41e26b5f4e12de85a3a400a93e11 StaticDependenciesID=93da040ef6c76e61e582c152c7fe3884 
Number of updated asset objects reloaded before import = 0
Number of asset objects unloaded after import = 0
========================================================================
Received Import Request.
  Time of request: 2026-10-09T14:09:50.944565Z
  Time since last request: 0.000216805 seconds.
  importAddress: GUID: dd2fe74169b54bf58fca17288513ef38 - Path: Packages/com.unity.ugui/Editor/TMP/TMP_SubMesh_Editor.cs - Importer: ScriptedImporter/UnityEditor.QuickSearchModule:UnityEditor.Search:ASIAI0B
Importing 'GUID: dd2fe74169b54bf58fca17288513ef38 - Path: Packages/com.unity.ugui/Editor/TMP/TMP_SubMesh_Editor.cs - Importer: ScriptedImporter/UnityEditor.QuickSearchModule:UnityEditor.Search:ASIAI0B' with importer (ScriptedImporter : UnityEditor.QuickSearchModule:UnityEditor.Search:ASIAI0B)
Imported 'GUID: dd2fe74169b54bf58fca17288513ef38' -> (Import Result ID: '291935823a0301148acf8414ecb73e3e') in 0.002 seconds [static and dynamic dependencies]. Details - ImportResultOutputID=c21277643efff0093e2be10ddfd0b0a3 DependenciesID=cc214cbb700cb7d4fd8e4d7c71978bc7 StaticDependenciesID=ecadb5bd119fa53e7915ee49b1bbc565 
Number of updated asset objects reloaded before import = 0
Number of asset objects unloaded after import = 0
========================================================================
Received Import Request.
  Time of request: 2026-10-09T14:09:50.954044Z
  Time since last request: 0.000234418 seconds.
  importAddress: GUID: 41b96614b2e6494ba995ddcd252d11ae - Path: Packages/com.unity.ugui/Editor Resources/Textures/btn_AlignMiddle.psd - Importer: ScriptedImporter/UnityEditor.QuickSearchModule:UnityEditor.Search:ASIAI0B
Importing 'GUID: 41b96614b2e6494ba995ddcd252d11ae - Path: Packages/com.unity.ugui/Editor Resources/Textures/btn_AlignMiddle.psd - Importer: ScriptedImporter/UnityEditor.QuickSearchModule:UnityEditor.Search:ASIAI0B' with importer (ScriptedImporter : UnityEditor.QuickSearchModule:UnityEditor.Search:ASIAI0B)
Imported 'GUID: 41b96614b2e6494ba995ddcd252d11ae' -> (Import Result ID: '2bacf609fe6e13e6bd76fba9761f6a13') in 0.003 seconds [static and dynamic dependencies]. Details - ImportResultOutputID=c09cce49d2bde1792384c97a525985a2 DependenciesID=10ee8841f059fc2e18005595bdc35179 StaticDependenciesID=ccd3ececda235525873f1074d739f06e 
Number of updated asset objects reloaded before import = 0
Number of asset objects unloaded after import = 1
========================================================================
Received Import Request.
  Time of request: 2026-10-09T14:09:50.965137Z
  Time since last request: 0.000564513 seconds.
  importAddress: GUID: 81ed8c76d2bc4a4c95d092c98af4e58f - Path: Packages/com.unity.ugui/Editor Resources/Textures/btn_AlignCenter.psd - Importer: ScriptedImporter/UnityEditor.QuickSearchModule:UnityEditor.Search:ASIAI0B
Importing 'GUID: 81ed8c76d2bc4a4c95d092c98af4e58f - Path: Packages/com.unity.ugui/Editor Resources/Textures/btn_AlignCenter.psd - Importer: ScriptedImporter/UnityEditor.QuickSearchModule:UnityEditor.Search:ASIAI0B' with importer (ScriptedImporter : UnityEditor.QuickSearchModule:UnityEditor.Search:ASIAI0B)
Imported 'GUID: 81ed8c76d2bc4a4c95d092c98af4e58f' -> (Import Result ID: 'af5a50c9696eb9913ec3cfc00443eb9d') in 0.003 seconds [static and dynamic dependencies]. Details - ImportResultOutputID=14eac667aae1c0043f7ab9119753f999 DependenciesID=706ebb8d820c3bcc868f92484c80c657 StaticDependenciesID=f84f769148484cc8715b5268568bb91d 
Number of updated asset objects reloaded before import = 0
Number of asset objects unloaded after import = 1
========================================================================
Received Import Request.
  Time of request: 2026-10-09T14:09:50.975243Z
  Time since last request: 0.000177421 seconds.
  importAddress: GUID: bf8befe3c500aa84b9ce3860a226cf41 - Path: Packages/com.unity.ugui/Editor/TMP/TMP_PreBuildProcessor.cs - Importer: ScriptedImporter/UnityEditor.QuickSearchModule:UnityEditor.Search:ASIAI0B
Importing 'GUID: bf8befe3c500aa84b9ce3860a226cf41 - Path: Packages/com.unity.ugui/Editor/TMP/TMP_PreBuildProcessor.cs - Importer: ScriptedImporter/UnityEditor.QuickSearchModule:UnityEditor.Search:ASIAI0B' with importer (ScriptedImporter : UnityEditor.QuickSearchModule:UnityEditor.Search:ASIAI0B)
Imported 'GUID: bf8befe3c500aa84b9ce3860a226cf41' -> (Import Result ID: 'ab21705031a111863aff1d5caf5fee00') in 0.001 seconds [static and dynamic dependencies]. Details - ImportResultOutputID=446a7822faa37d45adae008f1c37d5d5 DependenciesID=5421f1dd4222009d1c276c5808e544a9 StaticDependenciesID=7e6e4157ea7cf4d43d70ea5262a64290 
Number of updated asset objects reloaded before import = 0
Number of asset objects unloaded after import = 0
========================================================================
Received Import Request.
  Time of request: 2026-10-09T14:09:50.983787Z
  Time since last request: 0.00036953 seconds.
  importAddress: GUID: 342a0f8aca7f4f0691338912faec0494 - Path: Packages/com.unity.ugui/Editor Resources/Textures/btn_AlignRight.psd - Importer: ScriptedImporter/UnityEditor.QuickSearchModule:UnityEditor.Search:ASIAI0B
Importing 'GUID: 342a0f8aca7f4f0691338912faec0494 - Path: Packages/com.unity.ugui/Editor Resources/Textures/btn_AlignRight.psd - Importer: ScriptedImporter/UnityEditor.QuickSearchModule:UnityEditor.Search:ASIAI0B' with importer (ScriptedImporter : UnityEditor.QuickSearchModule:UnityEditor.Search:ASIAI0B)
Imported 'GUID: 342a0f8aca7f4f0691338912faec0494' -> (Import Result ID: '35d8758a07073690806e6cc5637b97a4') in 0.004 seconds [static and dynamic dependencies]. Details - ImportResultOutputID=63ea33fd2caeecd3b6f6ca2e46507778 DependenciesID=3fb91a0a4e474bb131cbc50366e1c309 StaticDependenciesID=b5648c316095cff47dcd5e6796a2d4cc 
Number of updated asset objects reloaded before import = 0
Number of asset objects unloaded after import = 1
========================================================================
Received Import Request.
  Time of request: 2026-10-09T14:09:50.995798Z
  Time since last request: 0.000185937 seconds.
  importAddress: GUID: e3b0f810fdea84e40ab4ba20f256f7e8 - Path: Packages/com.unity.ugui/Editor Resources/Textures/SectionHeader_Light.psd - Importer: ScriptedImporter/UnityEditor.QuickSearchModule:UnityEditor.Search:ASIAI0B
Importing 'GUID: e3b0f810fdea84e40ab4ba20f256f7e8 - Path: Packages/com.unity.ugui/Editor Resources/Textures/SectionHeader_Light.psd - Importer: ScriptedImporter/UnityEditor.QuickSearchModule:UnityEditor.Search:ASIAI0B' with importer (ScriptedImporter : UnityEditor.QuickSearchModule:UnityEditor.Search:ASIAI0B)
Imported 'GUID: e3b0f810fdea84e40ab4ba20f256f7e8' -> (Import Result ID: '64880c51f70a56138b3e531e3a19dd02') in 0.004 seconds [static and dynamic dependencies]. Details - ImportResultOutputID=429dc559af36895acdabb50d20548406 DependenciesID=f84457a704268be98f558cf5d111ed2f StaticDependenciesID=e683eaeb47fd3ff142069625372f69a5 
Number of updated asset objects reloaded before import = 0
Number of asset objects unloaded after import = 1
========================================================================
Received Import Request.
  Time of request: 2026-10-09T14:09:51.00622Z
  Time since last request: 0.00030539 seconds.
  importAddress: GUID: 21c0044a7f964773be90d197a78e4703 - Path: Packages/com.unity.ugui/Editor/TMP/TMP_EditorPanelUI.cs - Importer: ScriptedImporter/UnityEditor.QuickSearchModule:UnityEditor.Search:ASIAI0B
Importing 'GUID: 21c0044a7f964773be90d197a78e4703 - Path: Packages/com.unity.ugui/Editor/TMP/TMP_EditorPanelUI.cs - Importer: ScriptedImporter/UnityEditor.QuickSearchModule:UnityEditor.Search:ASIAI0B' with importer (ScriptedImporter : UnityEditor.QuickSearchModule:UnityEditor.Search:ASIAI0B)
Imported 'GUID: 21c0044a7f964773be90d197a78e4703' -> (Import Result ID: 'f472d706f9350651374e89821993e549') in 0.001 seconds [static and dynamic dependencies]. Details - ImportResultOutputID=8a88ba5884964312c50699494b405bec DependenciesID=728664b82b50d9f0fe19bdb6e758efa9 StaticDependenciesID=ee970580a89fa7a3bb3e31f630325918 
Number of updated asset objects reloaded before import = 0
Number of asset objects unloaded after import = 0
========================================================================
Received Import Request.
  Time of request: 2026-10-09T14:09:51.015399Z
  Time since last request: 0.000184084 seconds.
  importAddress: GUID: 3c6c403084eacec478a1129ce20061ea - Path: Packages/com.unity.ugui/Editor Resources/Shaders/TMP_Properties.cginc - Importer: ScriptedImporter/UnityEditor.QuickSearchModule:UnityEditor.Search:ASIAI0B
Importing 'GUID: 3c6c403084eacec478a1129ce20061ea - Path: Packages/com.unity.ugui/Editor Resources/Shaders/TMP_Properties.cginc - Importer: ScriptedImporter/UnityEditor.QuickSearchModule:UnityEditor.Search:ASIAI0B' with importer (ScriptedImporter : UnityEditor.QuickSearchModule:UnityEditor.Search:ASIAI0B)
Imported 'GUID: 3c6c403084eacec478a1129ce20061ea' -> (Import Result ID: '5801185bc1fd81fe10b998b24c2c1840') in 0.001 seconds [static and dynamic dependencies]. Details - ImportResultOutputID=c50e50877f9defa3b621dc02081b73bc DependenciesID=543ccc379e522f60f169f854102543ce StaticDependenciesID=0e082e20c1a7049ba933c31a7e1564e6 
Number of updated asset objects reloaded before import = 0
Number of asset objects unloaded after import = 1
========================================================================
Received Import Request.
  Time of request: 2026-10-09T14:09:51.023134Z
  Time since last request: 0.000287126 seconds.
  importAddress: GUID: 0e751e877ed14d71a6b8e63ac54949cf - Path: Packages/com.unity.ugui/Editor/TMP/TMP_ProjectTextSettings.cs - Importer: ScriptedImporter/UnityEditor.QuickSearchModule:UnityEditor.Search:ASIAI0B
Importing 'GUID: 0e751e877ed14d71a6b8e63ac54949cf - Path: Packages/com.unity.ugui/Editor/TMP/TMP_ProjectTextSettings.cs - Importer: ScriptedImporter/UnityEditor.QuickSearchModule:UnityEditor.Search:ASIAI0B' with importer (ScriptedImporter : UnityEditor.QuickSearchModule:UnityEditor.Search:ASIAI0B)
Imported 'GUID: 0e751e877ed14d71a6b8e63ac54949cf' -> (Import Result ID: '9b3ac035923820aaab31e996fda6be02') in 0.001 seconds [static and dynamic dependencies]. Details - ImportResultOutputID=36dc2000e4f88b3381b8e6cce4bd25f4 DependenciesID=85e3d00708f09252ccf82787184721bf StaticDependenciesID=cd1ae5c58b364d0b99889a889e91e6f0 
Number of updated asset objects reloaded before import = 0
Number of asset objects unloaded after import = 0
========================================================================
Received Import Request.
  Time of request: 2026-10-09T14:09:51.031282Z
  Time since last request: 0.000234387 seconds.
  importAddress: GUID: 6546d7765b4165b40850b3667f981c26 - Path: Packages/com.unity.ugui/Editor/TMP/Unity.TextMeshPro.Editor.asmdef - Importer: ScriptedImporter/UnityEditor.QuickSearchModule:UnityEditor.Search:ASIAI0B
Importing 'GUID: 6546d7765b4165b40850b3667f981c26 - Path: Packages/com.unity.ugui/Editor/TMP/Unity.TextMeshPro.Editor.asmdef - Importer: ScriptedImporter/UnityEditor.QuickSearchModule:UnityEditor.Search:ASIAI0B' with importer (ScriptedImporter : UnityEditor.QuickSearchModule:UnityEditor.Search:ASIAI0B)
Imported 'GUID: 6546d7765b4165b40850b3667f981c26' -> (Import Result ID: '1e522b9dc9ab21c3697ad3d57b617b41') in 0.002 seconds [static and dynamic dependencies]. Details - ImportResultOutputID=9c26ba3ba389c4b1ab7a3b0bfb095f27 DependenciesID=00996b0f82d5c0586fcf1b97328ad698 StaticDependenciesID=04a965ac19bc3f5cd2c0029665fdb727 
Number of updated asset objects reloaded before import = 0
Number of asset objects unloaded after import = 1
========================================================================
Received Import Request.
  Time of request: 2026-10-09T14:09:51.039694Z
  Time since last request: 0.000272148 seconds.
  importAddress: GUID: 691475c57a824010be0c6f474caeb7e1 - Path: Packages/com.unity.ugui/Editor Resources/Textures/btn_AlignFlush.psd - Importer: ScriptedImporter/UnityEditor.QuickSearchModule:UnityEditor.Search:ASIAI0B
Importing 'GUID: 691475c57a824010be0c6f474caeb7e1 - Path: Packages/com.unity.ugui/Editor Resources/Textures/btn_AlignFlush.psd - Importer: ScriptedImporter/UnityEditor.QuickSearchModule:UnityEditor.Search:ASIAI0B' with importer (ScriptedImporter : UnityEditor.QuickSearchModule:UnityEditor.Search:ASIAI0B)
Imported 'GUID: 691475c57a824010be0c6f474caeb7e1' -> (Import Result ID: '7f9298f9d3cda6caf38bb54b416102db') in 0.005 seconds [static and dynamic dependencies]. Details - ImportResultOutputID=a1eeedd456d9ad65655529703543873b DependenciesID=3f20c20b4f40629c6e340945b37b4f43 StaticDependenciesID=2f8873571b67b2246745e092f8552935 
Number of updated asset objects reloaded before import = 0
Number of asset objects unloaded after import = 1
========================================================================
Received Import Request.
  Time of request: 2026-10-09T14:09:51.053118Z
  Time since last request: 0.000156883 seconds.
  importAddress: GUID: 6b01141ed8f74d198965c86f25eb7040 - Path: Packages/com.unity.ugui/Editor/TMP/TMP_SubMeshUI_Editor.cs - Importer: ScriptedImporter/UnityEditor.QuickSearchModule:UnityEditor.Search:ASIAI0B
Importing 'GUID: 6b01141ed8f74d198965c86f25eb7040 - Path: Packages/com.unity.ugui/Editor/TMP/TMP_SubMeshUI_Editor.cs - Importer: ScriptedImporter/UnityEditor.QuickSearchModule:UnityEditor.Search:ASIAI0B' with importer (ScriptedImporter : UnityEditor.QuickSearchModule:UnityEditor.Search:ASIAI0B)
Imported 'GUID: 6b01141ed8f74d198965c86f25eb7040' -> (Import Result ID: 'aac0478472f58f9e8f18cd8ea0366672') in 0.002 seconds [static and dynamic dependencies]. Details - ImportResultOutputID=7aecb861fb1e6ca6821021fd1100915b DependenciesID=03b061827af4f97abc494a70889632ec StaticDependenciesID=657768611acbcfc6e9699893878e99d4 
Number of updated asset objects reloaded before import = 0
Number of asset objects unloaded after import = 0
========================================================================
Received Import Request.
  Time of request: 2026-10-09T14:09:51.061662Z
  Time since last request: 0.000347389 seconds.
  importAddress: GUID: fa6bd40a216346b783a4cce741d277a5 - Path: Packages/com.unity.ugui/Editor Resources/Textures/btn_AlignJustified_Light.psd - Importer: ScriptedImporter/UnityEditor.QuickSearchModule:UnityEditor.Search:ASIAI0B
Importing 'GUID: fa6bd40a216346b783a4cce741d277a5 - Path: Packages/com.unity.ugui/Editor Resources/Textures/btn_AlignJustified_Light.psd - Importer: ScriptedImporter/UnityEditor.QuickSearchModule:UnityEditor.Search:ASIAI0B' with importer (ScriptedImporter : UnityEditor.QuickSearchModule:UnityEditor.Search:ASIAI0B)
Imported 'GUID: fa6bd40a216346b783a4cce741d277a5' -> (Import Result ID: 'e77c52ba6198d35229ec03c6e10bb73e') in 0.004 seconds [static and dynamic dependencies]. Details - ImportResultOutputID=ebd20abdebe0a684e9b010e7e38d3886 DependenciesID=d47751710ab6a59cd55da0e65cef6ba3 StaticDependenciesID=bb4cfd4c8c2a63e5cfa0ed276ba4dbe8 
Number of updated asset objects reloaded before import = 0
Number of asset objects unloaded after import = 1
========================================================================
Received Import Request.
  Time of request: 2026-10-09T14:09:51.075127Z
  Time since last request: 0.000458306 seconds.
  importAddress: GUID: 343deaaf83e0cee4ca978e7df0b80d21 - Path: Packages/com.unity.ugui/Editor/UGUI/UnityEditor.UI.asmdef - Importer: ScriptedImporter/UnityEditor.QuickSearchModule:UnityEditor.Search:ASIAI0B
Importing 'GUID: 343deaaf83e0cee4ca978e7df0b80d21 - Path: Packages/com.unity.ugui/Editor/UGUI/UnityEditor.UI.asmdef - Importer: ScriptedImporter/UnityEditor.QuickSearchModule:UnityEditor.Search:ASIAI0B' with importer (ScriptedImporter : UnityEditor.QuickSearchModule:UnityEditor.Search:ASIAI0B)
Imported 'GUID: 343deaaf83e0cee4ca978e7df0b80d21' -> (Import Result ID: 'b86dde2385cd8ca242b9fe516ee32c57') in 0.001 seconds [static and dynamic dependencies]. Details - ImportResultOutputID=c4452fd6c5cac9c5fb53fb683a6c4517 DependenciesID=b86f0237b93cb2ee9a76e6cdb8668ed5 StaticDependenciesID=4a14e7b99f4e924256f545cbb041cf49 
Number of updated asset objects reloaded before import = 0
Number of asset objects unloaded after import = 1
========================================================================
Received Import Request.
  Time of request: 2026-10-09T14:09:51.094359Z
  Time since last request: 0.010332127 seconds.
  importAddress: GUID: 43b111c4a445f446abd2c02e77750ff5 - Path: Packages/com.unity.ugui/Runtime/InternalBridge/Unity.InternalAPIEngineBridge.004.asmdef - Importer: ScriptedImporter/UnityEditor.QuickSearchModule:UnityEditor.Search:ASIAI0B
Importing 'GUID: 43b111c4a445f446abd2c02e77750ff5 - Path: Packages/com.unity.ugui/Runtime/InternalBridge/Unity.InternalAPIEngineBridge.004.asmdef - Importer: ScriptedImporter/UnityEditor.QuickSearchModule:UnityEditor.Search:ASIAI0B' with importer (ScriptedImporter : UnityEditor.QuickSearchModule:UnityEditor.Search:ASIAI0B)
Imported 'GUID: 43b111c4a445f446abd2c02e77750ff5' -> (Import Result ID: 'e43bb06b965ed6f8cc4824ab21bbcdab') in 0.002 seconds [static and dynamic dependencies]. Details - ImportResultOutputID=ad116118be7bcb92fc8f31e80d2e305a DependenciesID=4a5f3ebdf22ca82924ca2643f9c8fb61 StaticDependenciesID=ef245a19f5c7fe8fcb5e69db36fed443 
Number of updated asset objects reloaded before import = 0
Number of asset objects unloaded after import = 1
========================================================================
Received Import Request.
  Time of request: 2026-10-09T14:09:51.103121Z
  Time since last request: 0.000368618 seconds.
  importAddress: GUID: 77476292f9fa4905a787e6417853846b - Path: Packages/com.unity.ugui/Runtime/TMP/TMPro_ExtensionMethods.cs - Importer: ScriptedImporter/UnityEditor.QuickSearchModule:UnityEditor.Search:ASIAI0B
Importing 'GUID: 77476292f9fa4905a787e6417853846b - Path: Packages/com.unity.ugui/Runtime/TMP/TMPro_ExtensionMethods.cs - Importer: ScriptedImporter/UnityEditor.QuickSearchModule:UnityEditor.Search:ASIAI0B' with importer (ScriptedImporter : UnityEditor.QuickSearchModule:UnityEditor.Search:ASIAI0B)
Imported 'GUID: 77476292f9fa4905a787e6417853846b' -> (Import Result ID: '3d2716113a98726f2f726f23aec58272') in 0.002 seconds [static and dynamic dependencies]. Details - ImportResultOutputID=eb2265be98bafc7563ec1b2744725f04 DependenciesID=d678c935155801fe12720c60d7767145 StaticDependenciesID=41fa6ee863b0b2d835e61523fb2667a6 
Number of updated asset objects reloaded before import = 0
Number of asset objects unloaded after import = 0
========================================================================
Received Import Request.
  Time of request: 2026-10-09T14:09:51.111941Z
  Time since last request: 0.000641818 seconds.
  importAddress: GUID: 07994bfe8b0e4adb97d706de5dea48d5 - Path: Packages/com.unity.ugui/Runtime/TMP/TMP_SubMesh.cs - Importer: ScriptedImporter/UnityEditor.QuickSearchModule:UnityEditor.Search:ASIAI0B
Importing 'GUID: 07994bfe8b0e4adb97d706de5dea48d5 - Path: Packages/com.unity.ugui/Runtime/TMP/TMP_SubMesh.cs - Importer: ScriptedImporter/UnityEditor.QuickSearchModule:UnityEditor.Search:ASIAI0B' with importer (ScriptedImporter : UnityEditor.QuickSearchModule:UnityEditor.Search:ASIAI0B)
Imported 'GUID: 07994bfe8b0e4adb97d706de5dea48d5' -> (Import Result ID: 'ae4dd4c301ff518cb2c0c76e0f240eeb') in 0.001 seconds [static and dynamic dependencies]. Details - ImportResultOutputID=f3eff8be18280f7f505b9fc32cf85860 DependenciesID=06cf160ac174910d3c84a303b0538503 StaticDependenciesID=cea3c02533f9d414000630612dcd0b83 
Number of updated asset objects reloaded before import = 0
Number of asset objects unloaded after import = 0
========================================================================
Received Import Request.
  Time of request: 2026-10-09T14:09:51.119982Z
  Time since last request: 0.000593177 seconds.
  importAddress: GUID: a55fb7b4961a425381d1282fc424f966 - Path: Packages/com.unity.ugui/Runtime/TMP/TMP_UpdateRegistery.cs - Importer: ScriptedImporter/UnityEditor.QuickSearchModule:UnityEditor.Search:ASIAI0B
Importing 'GUID: a55fb7b4961a425381d1282fc424f966 - Path: Packages/com.unity.ugui/Runtime/TMP/TMP_UpdateRegistery.cs - Importer: ScriptedImporter/UnityEditor.QuickSearchModule:UnityEditor.Search:ASIAI0B' with importer (ScriptedImporter : UnityEditor.QuickSearchModule:UnityEditor.Search:ASIAI0B)
Imported 'GUID: a55fb7b4961a425381d1282fc424f966' -> (Import Result ID: 'a1f3b522e06aaededd348cd7ce440910') in 0.001 seconds [static and dynamic dependencies]. Details - ImportResultOutputID=beb637771599cdb16c33d5921eb0ec62 DependenciesID=6a6980d66f746c704feaea4af826e1b2 StaticDependenciesID=a213f58c062c29ec9fb9b3eb484057fc 
Number of updated asset objects reloaded before import = 0
Number of asset objects unloaded after import = 0
========================================================================
Received Import Request.
  Time of request: 2026-10-09T14:09:51.127895Z
  Time since last request: 0.000466431 seconds.
  importAddress: GUID: 96e9072453a441618754c478755b3028 - Path: Packages/com.unity.ugui/Runtime/TMP/TMPro_EventManager.cs - Importer: ScriptedImporter/UnityEditor.QuickSearchModule:UnityEditor.Search:ASIAI0B
Importing 'GUID: 96e9072453a441618754c478755b3028 - Path: Packages/com.unity.ugui/Runtime/TMP/TMPro_EventManager.cs - Importer: ScriptedImporter/UnityEditor.QuickSearchModule:UnityEditor.Search:ASIAI0B' with importer (ScriptedImporter : UnityEditor.QuickSearchModule:UnityEditor.Search:ASIAI0B)
Imported 'GUID: 96e9072453a441618754c478755b3028' -> (Import Result ID: '643d233a381562ea2b1db1a63e447c2c') in 0.002 seconds [static and dynamic dependencies]. Details - ImportResultOutputID=8851abc6d3090e62a282b22769952172 DependenciesID=806659425ff3fb74b5d6824350af006c StaticDependenciesID=b2f0f13ba6996210f2806a7fc3ae3df8 
Number of updated asset objects reloaded before import = 0
Number of asset objects unloaded after import = 0
========================================================================
Received Import Request.
  Time of request: 2026-10-09T14:09:51.136311Z
  Time since last request: 0.000312283 seconds.
  importAddress: GUID: 6366ee97f6b541449155028b9487355a - Path: Packages/com.unity.ugui/Runtime/TMP/TMP_SpriteAnimator.cs - Importer: ScriptedImporter/UnityEditor.QuickSearchModule:UnityEditor.Search:ASIAI0B
Importing 'GUID: 6366ee97f6b541449155028b9487355a - Path: Packages/com.unity.ugui/Runtime/TMP/TMP_SpriteAnimator.cs - Importer: ScriptedImporter/UnityEditor.QuickSearchModule:UnityEditor.Search:ASIAI0B' with importer (ScriptedImporter : UnityEditor.QuickSearchModule:UnityEditor.Search:ASIAI0B)
Imported 'GUID: 6366ee97f6b541449155028b9487355a' -> (Import Result ID: '9de80d4bf6e5b3692be5f90aa11921f7') in 0.002 seconds [static and dynamic dependencies]. Details - ImportResultOutputID=9d8a6ce8e36524d2a475bff96f03a432 DependenciesID=23e03361f171e44307f23acfc0c5e0e3 StaticDependenciesID=405baa6cebeededa65553a6a2cb6378e 
Number of updated asset objects reloaded before import = 0
Number of asset objects unloaded after import = 0
========================================================================
Received Import Request.
  Time of request: 2026-10-09T14:09:51.144942Z
  Time since last request: 0.000220993 seconds.
  importAddress: GUID: ed041e68439749a69d0efa0e3d896c2e - Path: Packages/com.unity.ugui/Editor Resources/Textures/btn_AlignTop_Light.psd - Importer: ScriptedImporter/UnityEditor.QuickSearchModule:UnityEditor.Search:ASIAI0B
Importing 'GUID: ed041e68439749a69d0efa0e3d896c2e - Path: Packages/com.unity.ugui/Editor Resources/Textures/btn_AlignTop_Light.psd - Importer: ScriptedImporter/UnityEditor.QuickSearchModule:UnityEditor.Search:ASIAI0B' with importer (ScriptedImporter : UnityEditor.QuickSearchModule:UnityEditor.Search:ASIAI0B)
Imported 'GUID: ed041e68439749a69d0efa0e3d896c2e' -> (Import Result ID: '0f0edfe77ca45e94fde6e35c995f969d') in 0.003 seconds [static and dynamic dependencies]. Details - ImportResultOutputID=f7fedbcfdbcdb0beaab10f6c67fc7b4e DependenciesID=6c9e77fa327f6d42eb49f4d1982f4cfc StaticDependenciesID=ba4d054ae6e4d92ba20f281b01232340 
Number of updated asset objects reloaded before import = 0
Number of asset objects unloaded after import = 1
========================================================================
Received Import Request.
  Time of request: 2026-10-09T14:09:51.157106Z
  Time since last request: 0.000265616 seconds.
  importAddress: GUID: 871f8edd56e84b8fb295b10cc3c78f36 - Path: Packages/com.unity.ugui/Runtime/TMP/FastAction.cs - Importer: ScriptedImporter/UnityEditor.QuickSearchModule:UnityEditor.Search:ASIAI0B
Importing 'GUID: 871f8edd56e84b8fb295b10cc3c78f36 - Path: Packages/com.unity.ugui/Runtime/TMP/FastAction.cs - Importer: ScriptedImporter/UnityEditor.QuickSearchModule:UnityEditor.Search:ASIAI0B' with importer (ScriptedImporter : UnityEditor.QuickSearchModule:UnityEditor.Search:ASIAI0B)
Imported 'GUID: 871f8edd56e84b8fb295b10cc3c78f36' -> (Import Result ID: 'e8775719f8a08fb2bd42934fc5404bea') in 0.002 seconds [static and dynamic dependencies]. Details - ImportResultOutputID=03ab8f242b9b73e6076a0ad0d1712d3c DependenciesID=13ae34bb740bd4d50209905abf850cdd StaticDependenciesID=895f15594242da39fe48ce03f26c6f46 
Number of updated asset objects reloaded before import = 0
Number of asset objects unloaded after import = 0
========================================================================
Received Import Request.
  Time of request: 2026-10-09T14:09:51.166402Z
  Time since last request: 0.000350695 seconds.
  importAddress: GUID: afc31ad767318c9488de260c166cd21d - Path: Packages/com.unity.ugui/Runtime/TMP/ITextPreProcessor.cs - Importer: ScriptedImporter/UnityEditor.QuickSearchModule:UnityEditor.Search:ASIAI0B
Importing 'GUID: afc31ad767318c9488de260c166cd21d - Path: Packages/com.unity.ugui/Runtime/TMP/ITextPreProcessor.cs - Importer: ScriptedImporter/UnityEditor.QuickSearchModule:UnityEditor.Search:ASIAI0B' with importer (ScriptedImporter : UnityEditor.QuickSearchModule:UnityEditor.Search:ASIAI0B)
Imported 'GUID: afc31ad767318c9488de260c166cd21d' -> (Import Result ID: '5b7d0a7fb341db8e9cc41fc33227b5df') in 0.001 seconds [static and dynamic dependencies]. Details - ImportResultOutputID=f5b8c6be886cd0557ea9ace59a54bed6 DependenciesID=6d366c0d51b30653378753f65ebb6d93 StaticDependenciesID=a118843807abc6d0ff663b1a4ad006f3 
Number of updated asset objects reloaded before import = 0
Number of asset objects unloaded after import = 0
========================================================================
Received Import Request.
  Time of request: 2026-10-09T14:09:51.175254Z
  Time since last request: 0.000292606 seconds.
  importAddress: GUID: e4e0b1de1aee400d81ed4273141e7823 - Path: Packages/com.unity.ugui/Runtime/TMP/TMP_SpriteAssetImportFormats.cs - Importer: ScriptedImporter/UnityEditor.QuickSearchModule:UnityEditor.Search:ASIAI0B
Importing 'GUID: e4e0b1de1aee400d81ed4273141e7823 - Path: Packages/com.unity.ugui/Runtime/TMP/TMP_SpriteAssetImportFormats.cs - Importer: ScriptedImporter/UnityEditor.QuickSearchModule:UnityEditor.Search:ASIAI0B' with importer (ScriptedImporter : UnityEditor.QuickSearchModule:UnityEditor.Search:ASIAI0B)
Imported 'GUID: e4e0b1de1aee400d81ed4273141e7823' -> (Import Result ID: '006aa89cd5a4450819e58c840849d230') in 0.002 seconds [static and dynamic dependencies]. Details - ImportResultOutputID=0cfe68c2c5166e3231e082db775314be DependenciesID=d1fb3eeb6b6e2e2e45aceeb116a3fa61 StaticDependenciesID=123b93988922d62eed150f43ddec1048 
Number of updated asset objects reloaded before import = 0
Number of asset objects unloaded after import = 0
========================================================================
Received Import Request.
  Time of request: 2026-10-09T14:09:51.183962Z
  Time since last request: 0.000313074 seconds.
  importAddress: GUID: 54d21f6ece3b46479f0c328f8c6007e0 - Path: Packages/com.unity.ugui/Runtime/TMP/TMP_ColorGradient.cs - Importer: ScriptedImporter/UnityEditor.QuickSearchModule:UnityEditor.Search:ASIAI0B
Importing 'GUID: 54d21f6ece3b46479f0c328f8c6007e0 - Path: Packages/com.unity.ugui/Runtime/TMP/TMP_ColorGradient.cs - Importer: ScriptedImporter/UnityEditor.QuickSearchModule:UnityEditor.Search:ASIAI0B' with importer (ScriptedImporter : UnityEditor.QuickSearchModule:UnityEditor.Search:ASIAI0B)
Imported 'GUID: 54d21f6ece3b46479f0c328f8c6007e0' -> (Import Result ID: 'f61046f96500117666f3d65ed5020771') in 0.002 seconds [static and dynamic dependencies]. Details - ImportResultOutputID=9b244b03cc889b6405307debad96071b DependenciesID=aadb2c4d0531841e47e308cce7cae655 StaticDependenciesID=d25c43d797942d6b1872d8c899336feb 
Number of updated asset objects reloaded before import = 0
Number of asset objects unloaded after import = 0
========================================================================
Received Import Request.
  Time of request: 2026-10-09T14:09:51.193228Z
  Time since last request: 0.000477391 seconds.
  importAddress: GUID: 79ff392d1bde4ad78a3836a4a480392d - Path: Packages/com.unity.ugui/Runtime/TMP/TMP_InputValidator.cs - Importer: ScriptedImporter/UnityEditor.QuickSearchModule:UnityEditor.Search:ASIAI0B
Importing 'GUID: 79ff392d1bde4ad78a3836a4a480392d - Path: Packages/com.unity.ugui/Runtime/TMP/TMP_InputValidator.cs - Importer: ScriptedImporter/UnityEditor.QuickSearchModule:UnityEditor.Search:ASIAI0B' with importer (ScriptedImporter : UnityEditor.QuickSearchModule:UnityEditor.Search:ASIAI0B)
Imported 'GUID: 79ff392d1bde4ad78a3836a4a480392d' -> (Import Result ID: 'f9c909659ae93f85bfbd89a3427c1ed6') in 0.002 seconds [static and dynamic dependencies]. Details - ImportResultOutputID=9067f479bb562096a56c8eca6e29ed5f DependenciesID=04929914387c2d5b8b408d62514ae94b StaticDependenciesID=55f0a6d675b57be30c95aee446619a95 
Number of updated asset objects reloaded before import = 0
Number of asset objects unloaded after import = 0
========================================================================
Received Import Request.
  Time of request: 2026-10-09T14:09:51.202335Z
  Time since last request: 0.000261818 seconds.
  importAddress: GUID: 4f0ca6874aa74540bb3d4fe5a0f86bcc - Path: Packages/com.unity.ugui/Runtime/TMP/TMP_TextUtilities.cs - Importer: ScriptedImporter/UnityEditor.QuickSearchModule:UnityEditor.Search:ASIAI0B
Importing 'GUID: 4f0ca6874aa74540bb3d4fe5a0f86bcc - Path: Packages/com.unity.ugui/Runtime/TMP/TMP_TextUtilities.cs - Importer: ScriptedImporter/UnityEditor.QuickSearchModule:UnityEditor.Search:ASIAI0B' with importer (ScriptedImporter : UnityEditor.QuickSearchModule:UnityEditor.Search:ASIAI0B)
Imported 'GUID: 4f0ca6874aa74540bb3d4fe5a0f86bcc' -> (Import Result ID: '0e6bd3c6f4dfa5d05e13c40fc8c22fd9') in 0.001 seconds [static and dynamic dependencies]. Details - ImportResultOutputID=bf54fdb55c20e7e46ef2e95b777009c8 DependenciesID=86b6bee5c69586bf6a69def24a86abf7 StaticDependenciesID=8fad50d70d888cc39c9575c50ed797d1 
Number of updated asset objects reloaded before import = 0
Number of asset objects unloaded after import = 0
========================================================================
Received Import Request.
  Time of request: 2026-10-09T14:09:51.211659Z
  Time since last request: 0.000686321 seconds.
  importAddress: GUID: f5bdc05a613799d43845f94fb8735763 - Path: Packages/com.unity.ugui/Runtime/InternalBridge/AssemblyInfo.cs - Importer: ScriptedImporter/UnityEditor.QuickSearchModule:UnityEditor.Search:ASIAI0B
Importing 'GUID: f5bdc05a613799d43845f94fb8735763 - Path: Packages/com.unity.ugui/Runtime/InternalBridge/AssemblyInfo.cs - Importer: ScriptedImporter/UnityEditor.QuickSearchModule:UnityEditor.Search:ASIAI0B' with importer (ScriptedImporter : UnityEditor.QuickSearchModule:UnityEditor.Search:ASIAI0B)
Imported 'GUID: f5bdc05a613799d43845f94fb8735763' -> (Import Result ID: 'd0834f167583740e7e0c636a5051f3c7') in 0.002 seconds [static and dynamic dependencies]. Details - ImportResultOutputID=b7bda7f7b99f858ea6cb6773d3bdd392 DependenciesID=4087b1b48c137efaef9ddc303c83b64b StaticDependenciesID=e8dbdd87fa3129cf36a4b9db0d4f2a02 
Number of updated asset objects reloaded before import = 0
Number of asset objects unloaded after import = 0
========================================================================
Received Import Request.
  Time of request: 2026-10-09T14:09:51.21986Z
  Time since last request: 0.000140653 seconds.
  importAddress: GUID: 21364f754cf9b9b47a60742332d4af56 - Path: Packages/com.unity.ugui/Runtime/TMP/TMP_Compatibility.cs - Importer: ScriptedImporter/UnityEditor.QuickSearchModule:UnityEditor.Search:ASIAI0B
Importing 'GUID: 21364f754cf9b9b47a60742332d4af56 - Path: Packages/com.unity.ugui/Runtime/TMP/TMP_Compatibility.cs - Importer: ScriptedImporter/UnityEditor.QuickSearchModule:UnityEditor.Search:ASIAI0B' with importer (ScriptedImporter : UnityEditor.QuickSearchModule:UnityEditor.Search:ASIAI0B)
Imported 'GUID: 21364f754cf9b9b47a60742332d4af56' -> (Import Result ID: '35a906841022fc2e76e5fdbc14876dff') in 0.001 seconds [static and dynamic dependencies]. Details - ImportResultOutputID=507400f8e407b8dc9c6c9d34abd42b5e DependenciesID=8ef998ccaeed7e5ba2681e5df412122b StaticDependenciesID=df87376d37f3b8130684ce56b185fcce 
Number of updated asset objects reloaded before import = 0
Number of asset objects unloaded after import = 0
========================================================================
Received Import Request.
  Time of request: 2026-10-09T14:09:51.253591Z
  Time since last request: 0.025946213 seconds.
  importAddress: GUID: 76c392e42b5098c458856cdf6ecaaaa1 - Path: Packages/com.unity.ugui/Runtime/UGUI/EventSystem/EventSystem.cs - Importer: ScriptedImporter/UnityEditor.QuickSearchModule:UnityEditor.Search:ASIAI0B
Importing 'GUID: 76c392e42b5098c458856cdf6ecaaaa1 - Path: Packages/com.unity.ugui/Runtime/UGUI/EventSystem/EventSystem.cs - Importer: ScriptedImporter/UnityEditor.QuickSearchModule:UnityEditor.Search:ASIAI0B' with importer (ScriptedImporter : UnityEditor.QuickSearchModule:UnityEditor.Search:ASIAI0B)
Imported 'GUID: 76c392e42b5098c458856cdf6ecaaaa1' -> (Import Result ID: '5f9ad84b42fcc8038579dfce4310a440') in 0.002 seconds [static and dynamic dependencies]. Details - ImportResultOutputID=ed1e8fdb617d401536c3f9dfe0345993 DependenciesID=7a9c8a85d227f258da14e442b02ac8d2 StaticDependenciesID=7bd2d6db41636acf3af1ccc066f4c635 
Number of updated asset objects reloaded before import = 0
Number of asset objects unloaded after import = 0
========================================================================
Received Import Request.
  Time of request: 2026-10-09T14:09:51.262938Z
  Time since last request: 0.000556438 seconds.
  importAddress: GUID: 8bc2b083b068f3546a9509c805e0541c - Path: Packages/com.unity.ugui/Editor/TMP/PropertyDrawers/GlyphRectPropertyDrawer.cs - Importer: ScriptedImporter/UnityEditor.QuickSearchModule:UnityEditor.Search:ASIAI0B
Importing 'GUID: 8bc2b083b068f3546a9509c805e0541c - Path: Packages/com.unity.ugui/Editor/TMP/PropertyDrawers/GlyphRectPropertyDrawer.cs - Importer: ScriptedImporter/UnityEditor.QuickSearchModule:UnityEditor.Search:ASIAI0B' with importer (ScriptedImporter : UnityEditor.QuickSearchModule:UnityEditor.Search:ASIAI0B)
Imported 'GUID: 8bc2b083b068f3546a9509c805e0541c' -> (Import Result ID: '6aa5ccf03606ece02faa0c592b05401c') in 0.001 seconds [static and dynamic dependencies]. Details - ImportResultOutputID=b1587b9f06f73e0a262d9889b8c1f6e5 DependenciesID=b87c6af2802feec4622c9b48db294695 StaticDependenciesID=41e4d550c9077a7ea704226843b3f72d 
Number of updated asset objects reloaded before import = 0
Number of asset objects unloaded after import = 0
========================================================================
Received Import Request.
  Time of request: 2026-10-09T14:09:51.271449Z
  Time since last request: 0.000267309 seconds.
  importAddress: GUID: d256fa541faf5d4409992c631adb98a1 - Path: Packages/com.unity.ugui/Editor/TMP/PropertyDrawers/GlyphPairAdjustmentRecordPropertyDrawer.cs - Importer: ScriptedImporter/UnityEditor.QuickSearchModule:UnityEditor.Search:ASIAI0B
Importing 'GUID: d256fa541faf5d4409992c631adb98a1 - Path: Packages/com.unity.ugui/Editor/TMP/PropertyDrawers/GlyphPairAdjustmentRecordPropertyDrawer.cs - Importer: ScriptedImporter/UnityEditor.QuickSearchModule:UnityEditor.Search:ASIAI0B' with importer (ScriptedImporter : UnityEditor.QuickSearchModule:UnityEditor.Search:ASIAI0B)
Imported 'GUID: d256fa541faf5d4409992c631adb98a1' -> (Import Result ID: '58b2fcaa0f5fc75bb84df37cf3c859fb') in 0.002 seconds [static and dynamic dependencies]. Details - ImportResultOutputID=0de8645612b51725e1f44635f65f1b0c DependenciesID=96cff5f88a138bc8a45981645a418947 StaticDependenciesID=3daa5431ead9db06511c019a981472c9 
Number of updated asset objects reloaded before import = 0
Number of asset objects unloaded after import = 0
========================================================================
Received Import Request.
  Time of request: 2026-10-09T14:09:51.280878Z
  Time since last request: 0.000216394 seconds.
  importAddress: GUID: d36a7c7a1ed377c4b8008e53032d7dcf - Path: Packages/com.unity.ugui/Editor/UGUI/UI/ToggleEditor.cs - Importer: ScriptedImporter/UnityEditor.QuickSearchModule:UnityEditor.Search:ASIAI0B
Importing 'GUID: d36a7c7a1ed377c4b8008e53032d7dcf - Path: Packages/com.unity.ugui/Editor/UGUI/UI/ToggleEditor.cs - Importer: ScriptedImporter/UnityEditor.QuickSearchModule:UnityEditor.Search:ASIAI0B' with importer (ScriptedImporter : UnityEditor.QuickSearchModule:UnityEditor.Search:ASIAI0B)
Imported 'GUID: d36a7c7a1ed377c4b8008e53032d7dcf' -> (Import Result ID: 'e8baf5f450858932a720c3d9f86e21e1') in 0.002 seconds [static and dynamic dependencies]. Details - ImportResultOutputID=db4e3e456b8acf6678cebf423aa78a5c DependenciesID=64723b839f1023a0bea482edfe11223f StaticDependenciesID=450d0979930fe2b57977fdae5da1f226 
Number of updated asset objects reloaded before import = 0
Number of asset objects unloaded after import = 0
========================================================================
Received Import Request.
  Time of request: 2026-10-09T14:09:51.290933Z
  Time since last request: 0.000232474 seconds.
  importAddress: GUID: 1336690ece4db2740b4ba38873e00dfb - Path: Packages/com.unity.ugui/Editor/UGUI/UI/TextEditor.cs - Importer: ScriptedImporter/UnityEditor.QuickSearchModule:UnityEditor.Search:ASIAI0B
Importing 'GUID: 1336690ece4db2740b4ba38873e00dfb - Path: Packages/com.unity.ugui/Editor/UGUI/UI/TextEditor.cs - Importer: ScriptedImporter/UnityEditor.QuickSearchModule:UnityEditor.Search:ASIAI0B' with importer (ScriptedImporter : UnityEditor.QuickSearchModule:UnityEditor.Search:ASIAI0B)
Imported 'GUID: 1336690ece4db2740b4ba38873e00dfb' -> (Import Result ID: '8f3c5aefb83ab3c78f81d5fe988ec073') in 0.002 seconds [static and dynamic dependencies]. Details - ImportResultOutputID=84765cd4f2f84a27de131e619b41f02a DependenciesID=0cf1c469dee34ad1c6a48cdf5a1a2e7a StaticDependenciesID=4b77e0a42974f7dabd98dd4ef10c9b51 
Number of updated asset objects reloaded before import = 0
Number of asset objects unloaded after import = 0
========================================================================
Received Import Request.
  Time of request: 2026-10-09T14:09:51.300252Z
  Time since last request: 0.000175899 seconds.
  importAddress: GUID: 645409e9544820042937871953f20509 - Path: Packages/com.unity.ugui/Editor/TMP/HDRP/TMP_BaseHDRPUnlitShaderGUI.cs - Importer: ScriptedImporter/UnityEditor.QuickSearchModule:UnityEditor.Search:ASIAI0B
Importing 'GUID: 645409e9544820042937871953f20509 - Path: Packages/com.unity.ugui/Editor/TMP/HDRP/TMP_BaseHDRPUnlitShaderGUI.cs - Importer: ScriptedImporter/UnityEditor.QuickSearchModule:UnityEditor.Search:ASIAI0B' with importer (ScriptedImporter : UnityEditor.QuickSearchModule:UnityEditor.Search:ASIAI0B)
Imported 'GUID: 645409e9544820042937871953f20509' -> (Import Result ID: 'b21b5f96e1c3ed9dccea67f5fed0bdbe') in 0.002 seconds [static and dynamic dependencies]. Details - ImportResultOutputID=dabc7b1d52c3d43db07d3edd46266e19 DependenciesID=ee7511747a60859c2fbcac98ad40478f StaticDependenciesID=a605b25c40c4780e0b1c292126e77044 
Number of updated asset objects reloaded before import = 0
Number of asset objects unloaded after import = 0
========================================================================
Received Import Request.
  Time of request: 2026-10-09T14:09:51.31034Z
  Time since last request: 0.00039103 seconds.
  importAddress: GUID: 6055be8ebefd69e48b49212b09b47b2f - Path: Packages/com.unity.ugui/Runtime/TMP/Unity.TextMeshPro.asmdef - Importer: ScriptedImporter/UnityEditor.QuickSearchModule:UnityEditor.Search:ASIAI0B
Importing 'GUID: 6055be8ebefd69e48b49212b09b47b2f - Path: Packages/com.unity.ugui/Runtime/TMP/Unity.TextMeshPro.asmdef - Importer: ScriptedImporter/UnityEditor.QuickSearchModule:UnityEditor.Search:ASIAI0B' with importer (ScriptedImporter : UnityEditor.QuickSearchModule:UnityEditor.Search:ASIAI0B)
Imported 'GUID: 6055be8ebefd69e48b49212b09b47b2f' -> (Import Result ID: 'f7c2f10cc667168a258ba372907e5c21') in 0.001 seconds [static and dynamic dependencies]. Details - ImportResultOutputID=f11a60088810456a87267358de9bad00 DependenciesID=9e00752e2886c11f8276a3fb0e7bb9ca StaticDependenciesID=6397b54bdc921e4656625e351ae7b851 
Number of updated asset objects reloaded before import = 0
Number of asset objects unloaded after import = 1
========================================================================
Received Import Request.
  Time of request: 2026-10-09T14:09:51.318513Z
  Time since last request: 0.000222436 seconds.
  importAddress: GUID: e9253e696cd45794d9aec6d4de366b6e - Path: Packages/com.unity.ugui/Editor/UGUI/UI/SelectableEditor.cs - Importer: ScriptedImporter/UnityEditor.QuickSearchModule:UnityEditor.Search:ASIAI0B
Importing 'GUID: e9253e696cd45794d9aec6d4de366b6e - Path: Packages/com.unity.ugui/Editor/UGUI/UI/SelectableEditor.cs - Importer: ScriptedImporter/UnityEditor.QuickSearchModule:UnityEditor.Search:ASIAI0B' with importer (ScriptedImporter : UnityEditor.QuickSearchModule:UnityEditor.Search:ASIAI0B)
Imported 'GUID: e9253e696cd45794d9aec6d4de366b6e' -> (Import Result ID: '6838c2d1612a7e2b9f52bd80692d89b6') in 0.003 seconds [static and dynamic dependencies]. Details - ImportResultOutputID=928183a0655c0c771b045d9b93539ede DependenciesID=5e4385a49c51513858d31a40b5a63f3f StaticDependenciesID=0213c6fb0aed2e978260319de6db35a4 
Number of updated asset objects reloaded before import = 0
Number of asset objects unloaded after import = 0
========================================================================
Received Import Request.
  Time of request: 2026-10-09T14:09:51.328388Z
  Time since last request: 0.000223096 seconds.
  importAddress: GUID: c55a64c7570474f47a94abe39ebfef04 - Path: Packages/com.unity.ugui/Editor/TMP/PropertyDrawers/TMP_TextAlignmentDrawer.cs - Importer: ScriptedImporter/UnityEditor.QuickSearchModule:UnityEditor.Search:ASIAI0B
Importing 'GUID: c55a64c7570474f47a94abe39ebfef04 - Path: Packages/com.unity.ugui/Editor/TMP/PropertyDrawers/TMP_TextAlignmentDrawer.cs - Importer: ScriptedImporter/UnityEditor.QuickSearchModule:UnityEditor.Search:ASIAI0B' with importer (ScriptedImporter : UnityEditor.QuickSearchModule:UnityEditor.Search:ASIAI0B)
Imported 'GUID: c55a64c7570474f47a94abe39ebfef04' -> (Import Result ID: 'fa30ab99ef307f5814ccf347b5d8752f') in 0.002 seconds [static and dynamic dependencies]. Details - ImportResultOutputID=29a4f8f0195dc2c80f3dcad27cd3715d DependenciesID=7913eac2f1352efa153d0b4e5bc0cf76 StaticDependenciesID=12a1ce42699b75d90a06ed1cfaa521b3 
Number of updated asset objects reloaded before import = 0
Number of asset objects unloaded after import = 0
========================================================================
Received Import Request.
  Time of request: 2026-10-09T14:09:51.338334Z
  Time since last request: 0.000266297 seconds.
  importAddress: GUID: 065a7fcf0d7286d418f3114ec18d1a2d - Path: Packages/com.unity.ugui/Editor/TMP/PropertyDrawers/TMP_MarkToBaseAdjustmentRecordPropertyDrawer.cs - Importer: ScriptedImporter/UnityEditor.QuickSearchModule:UnityEditor.Search:ASIAI0B
Importing 'GUID: 065a7fcf0d7286d418f3114ec18d1a2d - Path: Packages/com.unity.ugui/Editor/TMP/PropertyDrawers/TMP_MarkToBaseAdjustmentRecordPropertyDrawer.cs - Importer: ScriptedImporter/UnityEditor.QuickSearchModule:UnityEditor.Search:ASIAI0B' with importer (ScriptedImporter : UnityEditor.QuickSearchModule:UnityEditor.Search:ASIAI0B)
Imported 'GUID: 065a7fcf0d7286d418f3114ec18d1a2d' -> (Import Result ID: '063dddd558beb211f20aaa8eeeb210b7') in 0.002 seconds [static and dynamic dependencies]. Details - ImportResultOutputID=1f302e1f9d9598b33f7322a0573f711b DependenciesID=caf516c143057ac0585d924841c3ce68 StaticDependenciesID=88fa0518d933e3a61c94728c9aaf28cf 
Number of updated asset objects reloaded before import = 0
Number of asset objects unloaded after import = 0
========================================================================
Received Import Request.
  Time of request: 2026-10-09T14:09:51.347403Z
  Time since last request: 0.00024613 seconds.
  importAddress: GUID: c890977a36bfdc849872b9337ab89098 - Path: Packages/com.unity.ugui/Editor/UGUI/UI/GraphicEditor.cs - Importer: ScriptedImporter/UnityEditor.QuickSearchModule:UnityEditor.Search:ASIAI0B
Importing 'GUID: c890977a36bfdc849872b9337ab89098 - Path: Packages/com.unity.ugui/Editor/UGUI/UI/GraphicEditor.cs - Importer: ScriptedImporter/UnityEditor.QuickSearchModule:UnityEditor.Search:ASIAI0B' with importer (ScriptedImporter : UnityEditor.QuickSearchModule:UnityEditor.Search:ASIAI0B)
Imported 'GUID: c890977a36bfdc849872b9337ab89098' -> (Import Result ID: '988d8b5bc93ca8bad421760ff557bf6f') in 0.001 seconds [static and dynamic dependencies]. Details - ImportResultOutputID=ec90ea0d08a2f995442cdcb1f6e2f620 DependenciesID=bedb7d15b1eb5e0bf60410311f7028ae StaticDependenciesID=4d63aa6b7e25f22a585c2993e527138d 
Number of updated asset objects reloaded before import = 0
Number of asset objects unloaded after import = 0
========================================================================
Received Import Request.
  Time of request: 2026-10-09T14:09:51.356417Z
  Time since last request: 0.000264945 seconds.
  importAddress: GUID: 24cda912b57cf784d9eebefb7c59111c - Path: Packages/com.unity.ugui/Editor/Analytics/IAnalytic/UGUIBuildEvent.cs - Importer: ScriptedImporter/UnityEditor.QuickSearchModule:UnityEditor.Search:ASIAI0B
Importing 'GUID: 24cda912b57cf784d9eebefb7c59111c - Path: Packages/com.unity.ugui/Editor/Analytics/IAnalytic/UGUIBuildEvent.cs - Importer: ScriptedImporter/UnityEditor.QuickSearchModule:UnityEditor.Search:ASIAI0B' with importer (ScriptedImporter : UnityEditor.QuickSearchModule:UnityEditor.Search:ASIAI0B)
Imported 'GUID: 24cda912b57cf784d9eebefb7c59111c' -> (Import Result ID: '647ae8b9456a227577026923907f1abf') in 0.002 seconds [static and dynamic dependencies]. Details - ImportResultOutputID=ac448bc09026c10ec4a5db408e9797d8 DependenciesID=f2835c5b0c790498cee7f412d8d26471 StaticDependenciesID=a6579298c3071c6831cea13375ec7b20 
Number of updated asset objects reloaded before import = 0
Number of asset objects unloaded after import = 0
========================================================================
Received Import Request.
  Time of request: 2026-10-09T14:09:51.365428Z
  Time since last request: 0.00037513 seconds.
  importAddress: GUID: 58e7d991249847640b1534192721c5ea - Path: Packages/com.unity.ugui/Editor/UGUI/UI/RectMask2DEditor.cs - Importer: ScriptedImporter/UnityEditor.QuickSearchModule:UnityEditor.Search:ASIAI0B
Importing 'GUID: 58e7d991249847640b1534192721c5ea - Path: Packages/com.unity.ugui/Editor/UGUI/UI/RectMask2DEditor.cs - Importer: ScriptedImporter/UnityEditor.QuickSearchModule:UnityEditor.Search:ASIAI0B' with importer (ScriptedImporter : UnityEditor.QuickSearchModule:UnityEditor.Search:ASIAI0B)
Imported 'GUID: 58e7d991249847640b1534192721c5ea' -> (Import Result ID: '07f8cac37cf53ff20e5a63b8fbf1eb38') in 0.002 seconds [static and dynamic dependencies]. Details - ImportResultOutputID=43ad31f3b5873992a3bae6c45b1318a5 DependenciesID=13cad766091d350bc3b4a79af314cead StaticDependenciesID=def4630309a2c0c47e076d0a19562e0f 
Number of updated asset objects reloaded before import = 0
Number of asset objects unloaded after import = 0
========================================================================
Received Import Request.
  Time of request: 2026-10-09T14:09:51.376373Z
  Time since last request: 0.000305501 seconds.
  importAddress: GUID: 7693972390a4ed841a986c0c452c1058 - Path: Packages/com.unity.ugui/Editor/UGUI/UI/LayoutElementEditor.cs - Importer: ScriptedImporter/UnityEditor.QuickSearchModule:UnityEditor.Search:ASIAI0B
Importing 'GUID: 7693972390a4ed841a986c0c452c1058 - Path: Packages/com.unity.ugui/Editor/UGUI/UI/LayoutElementEditor.cs - Importer: ScriptedImporter/UnityEditor.QuickSearchModule:UnityEditor.Search:ASIAI0B' with importer (ScriptedImporter : UnityEditor.QuickSearchModule:UnityEditor.Search:ASIAI0B)
Imported 'GUID: 7693972390a4ed841a986c0c452c1058' -> (Import Result ID: 'b87ea40616c153c9cf767fa8e1c92fb6') in 0.001 seconds [static and dynamic dependencies]. Details - ImportResultOutputID=f67d2138a6a485285bfbd3b27f8a2af3 DependenciesID=323d65d60b3d270b801a0d1c8cf33b46 StaticDependenciesID=49bd28a27b5016ef623a25a70df79449 
Number of updated asset objects reloaded before import = 0
Number of asset objects unloaded after import = 0
========================================================================
Received Import Request.
  Time of request: 2026-10-09T14:09:51.387178Z
  Time since last request: 0.000303707 seconds.
  importAddress: GUID: 342050fef862942d1b5ee954088c996b - Path: Packages/com.unity.ugui/Editor/UGUI/UI/UIEditorUtility.cs - Importer: ScriptedImporter/UnityEditor.QuickSearchModule:UnityEditor.Search:ASIAI0B
Importing 'GUID: 342050fef862942d1b5ee954088c996b - Path: Packages/com.unity.ugui/Editor/UGUI/UI/UIEditorUtility.cs - Importer: ScriptedImporter/UnityEditor.QuickSearchModule:UnityEditor.Search:ASIAI0B' with importer (ScriptedImporter : UnityEditor.QuickSearchModule:UnityEditor.Search:ASIAI0B)
Imported 'GUID: 342050fef862942d1b5ee954088c996b' -> (Import Result ID: 'ff83d200b0da55505ec4b15ec4a8045d') in 0.002 seconds [static and dynamic dependencies]. Details - ImportResultOutputID=eaddfbb570c53dda94732cd44335126a DependenciesID=dd5ce1ed0980a5dd4a30b9a4a1a2b9ca StaticDependenciesID=f7db7913fb931e7572574ca58d0c3014 
Number of updated asset objects reloaded before import = 0
Number of asset objects unloaded after import = 0
========================================================================
Received Import Request.
  Time of request: 2026-10-09T14:09:51.397391Z
  Time since last request: 0.000292957 seconds.
  importAddress: GUID: 899b803b32ce548918778bacc0a950f0 - Path: Packages/com.unity.ugui/Editor/UGUI/UI/CanvasGroupEditor.cs - Importer: ScriptedImporter/UnityEditor.QuickSearchModule:UnityEditor.Search:ASIAI0B
Importing 'GUID: 899b803b32ce548918778bacc0a950f0 - Path: Packages/com.unity.ugui/Editor/UGUI/UI/CanvasGroupEditor.cs - Importer: ScriptedImporter/UnityEditor.QuickSearchModule:UnityEditor.Search:ASIAI0B' with importer (ScriptedImporter : UnityEditor.QuickSearchModule:UnityEditor.Search:ASIAI0B)
Imported 'GUID: 899b803b32ce548918778bacc0a950f0' -> (Import Result ID: '9e1bd97982d3784a31ae0bb5aff75a70') in 0.001 seconds [static and dynamic dependencies]. Details - ImportResultOutputID=0feef1d80d1274781a96cc952124e540 DependenciesID=88319e00aaa6be286162b9bfea7fa00f StaticDependenciesID=e92d90b9b4c630aa09a6d4daa44b4c10 
Number of updated asset objects reloaded before import = 0
Number of asset objects unloaded after import = 0
========================================================================
Received Import Request.
  Time of request: 2026-10-09T14:09:51.417843Z
  Time since last request: 0.011628656 seconds.
  importAddress: GUID: 1344c3c82d62a2a41a3576d8abb8e3ea - Path: Packages/com.unity.ugui/Runtime/UGUI/UI/Core/RawImage.cs - Importer: ScriptedImporter/UnityEditor.QuickSearchModule:UnityEditor.Search:ASIAI0B
Importing 'GUID: 1344c3c82d62a2a41a3576d8abb8e3ea - Path: Packages/com.unity.ugui/Runtime/UGUI/UI/Core/RawImage.cs - Importer: ScriptedImporter/UnityEditor.QuickSearchModule:UnityEditor.Search:ASIAI0B' with importer (ScriptedImporter : UnityEditor.QuickSearchModule:UnityEditor.Search:ASIAI0B)
Imported 'GUID: 1344c3c82d62a2a41a3576d8abb8e3ea' -> (Import Result ID: '340e430c96c30f9c6d124a80e45f6ebe') in 0.001 seconds [static and dynamic dependencies]. Details - ImportResultOutputID=6aa5067e3077c45c0a835f3491b7dfd2 DependenciesID=399090fb55a14b02acdd663614bbb12e StaticDependenciesID=3865f80bf998f3a9e20214361d9b012a 
Number of updated asset objects reloaded before import = 0
Number of asset objects unloaded after import = 0
========================================================================
Received Import Request.
  Time of request: 2026-10-09T14:09:51.426575Z
  Time since last request: 0.00019806 seconds.
  importAddress: GUID: bfb788a43e03363419155b8af77da971 - Path: Packages/com.unity.ugui/Runtime/UGUI/UI/Core/CanvasUpdateRegistry.cs - Importer: ScriptedImporter/UnityEditor.QuickSearchModule:UnityEditor.Search:ASIAI0B
Importing 'GUID: bfb788a43e03363419155b8af77da971 - Path: Packages/com.unity.ugui/Runtime/UGUI/UI/Core/CanvasUpdateRegistry.cs - Importer: ScriptedImporter/UnityEditor.QuickSearchModule:UnityEditor.Search:ASIAI0B' with importer (ScriptedImporter : UnityEditor.QuickSearchModule:UnityEditor.Search:ASIAI0B)
Imported 'GUID: bfb788a43e03363419155b8af77da971' -> (Import Result ID: 'aa6223c662864fa30ee0439eb4dc04e3') in 0.002 seconds [static and dynamic dependencies]. Details - ImportResultOutputID=ffa5ae1bb9e73c80edd54fe00802e02f DependenciesID=15064964a777abf451c1240e55e48074 StaticDependenciesID=d5f76e8a1443d8081128b4997f6bd386 
Number of updated asset objects reloaded before import = 0
Number of asset objects unloaded after import = 0
========================================================================
Received Import Request.
  Time of request: 2026-10-09T14:09:51.435329Z
  Time since last request: 0.000270054 seconds.
  importAddress: GUID: 3550d8ec6f29ab34d895ae9a43d560c2 - Path: Packages/com.unity.ugui/Runtime/UGUI/EventSystem/RaycastResult.cs - Importer: ScriptedImporter/UnityEditor.QuickSearchModule:UnityEditor.Search:ASIAI0B
Importing 'GUID: 3550d8ec6f29ab34d895ae9a43d560c2 - Path: Packages/com.unity.ugui/Runtime/UGUI/EventSystem/RaycastResult.cs - Importer: ScriptedImporter/UnityEditor.QuickSearchModule:UnityEditor.Search:ASIAI0B' with importer (ScriptedImporter : UnityEditor.QuickSearchModule:UnityEditor.Search:ASIAI0B)
Imported 'GUID: 3550d8ec6f29ab34d895ae9a43d560c2' -> (Import Result ID: '18febd90116bff05975d01289c35d2dc') in 0.002 seconds [static and dynamic dependencies]. Details - ImportResultOutputID=0457258ee9fd7a7eba7ad6e1332f27fc DependenciesID=517b95f501b0fc4a39757f6f10918401 StaticDependenciesID=785798a9900e2cdb9e1fa550ae9b8cc5 
Number of updated asset objects reloaded before import = 0
Number of asset objects unloaded after import = 0
========================================================================
Received Import Request.
  Time of request: 2026-10-09T14:09:51.444499Z
  Time since last request: 0.000274713 seconds.
  importAddress: GUID: ba923e2b58fea044bb1f8839376a1118 - Path: Packages/com.unity.ugui/Runtime/UGUI/EventSystem/UIElements/UIToolkitInteroperabilityBridge.cs - Importer: ScriptedImporter/UnityEditor.QuickSearchModule:UnityEditor.Search:ASIAI0B
Importing 'GUID: ba923e2b58fea044bb1f8839376a1118 - Path: Packages/com.unity.ugui/Runtime/UGUI/EventSystem/UIElements/UIToolkitInteroperabilityBridge.cs - Importer: ScriptedImporter/UnityEditor.QuickSearchModule:UnityEditor.Search:ASIAI0B' with importer (ScriptedImporter : UnityEditor.QuickSearchModule:UnityEditor.Search:ASIAI0B)
Imported 'GUID: ba923e2b58fea044bb1f8839376a1118' -> (Import Result ID: '75a51173f5b36caf5883c1d173a8bb4e') in 0.002 seconds [static and dynamic dependencies]. Details - ImportResultOutputID=309792d92af38a6a688b4ecda6ea9067 DependenciesID=0ddf6ad4080d435d864b18946842f867 StaticDependenciesID=fb6f6ea681ec8405dc34732959f3239d 
Number of updated asset objects reloaded before import = 0
Number of asset objects unloaded after import = 0
========================================================================
Received Import Request.
  Time of request: 2026-10-09T14:09:51.453095Z
  Time since last request: 0.00049245 seconds.
  importAddress: GUID: 0d0b652f32a2cc243917e4028fa0f046 - Path: Packages/com.unity.ugui/Runtime/UGUI/UI/Core/Dropdown.cs - Importer: ScriptedImporter/UnityEditor.QuickSearchModule:UnityEditor.Search:ASIAI0B
Importing 'GUID: 0d0b652f32a2cc243917e4028fa0f046 - Path: Packages/com.unity.ugui/Runtime/UGUI/UI/Core/Dropdown.cs - Importer: ScriptedImporter/UnityEditor.QuickSearchModule:UnityEditor.Search:ASIAI0B' with importer (ScriptedImporter : UnityEditor.QuickSearchModule:UnityEditor.Search:ASIAI0B)
Imported 'GUID: 0d0b652f32a2cc243917e4028fa0f046' -> (Import Result ID: '855fcb5c2d6d7b34cae656eb2584829e') in 0.001 seconds [static and dynamic dependencies]. Details - ImportResultOutputID=214ab20755e3bc96867b701ad877d738 DependenciesID=842c38784c0c949f5538945f1f78956b StaticDependenciesID=041d4a6d11496e5f63bbb5efa8652a5e 
Number of updated asset objects reloaded before import = 0
Number of asset objects unloaded after import = 0
========================================================================
Received Import Request.
  Time of request: 2026-10-09T14:09:51.461289Z
  Time since last request: 0.000309608 seconds.
  importAddress: GUID: 61a20120cddc53849bbc10fc805ffe3e - Path: Packages/com.unity.ugui/Runtime/UGUI/UI/Core/IMaskable.cs - Importer: ScriptedImporter/UnityEditor.QuickSearchModule:UnityEditor.Search:ASIAI0B
Importing 'GUID: 61a20120cddc53849bbc10fc805ffe3e - Path: Packages/com.unity.ugui/Runtime/UGUI/UI/Core/IMaskable.cs - Importer: ScriptedImporter/UnityEditor.QuickSearchModule:UnityEditor.Search:ASIAI0B' with importer (ScriptedImporter : UnityEditor.QuickSearchModule:UnityEditor.Search:ASIAI0B)
Imported 'GUID: 61a20120cddc53849bbc10fc805ffe3e' -> (Import Result ID: '8fc7405aaeebccd4e8f4951ce8423bc8') in 0.001 seconds [static and dynamic dependencies]. Details - ImportResultOutputID=fc14b78581fbb56a0a3b6dfc3f020827 DependenciesID=acc3f235203714e78c5fabe6dbe7a530 StaticDependenciesID=82a8c4e290ccbb11daa69ae3a4b52e2e 
Number of updated asset objects reloaded before import = 0
Number of asset objects unloaded after import = 0
========================================================================
Received Import Request.
  Time of request: 2026-10-09T14:09:51.469734Z
  Time since last request: 0.000566898 seconds.
  importAddress: GUID: b180fd8310805e44dbbef545d0231418 - Path: Packages/com.unity.ugui/Runtime/UGUI/EventSystem/EventData/AxisEventData.cs - Importer: ScriptedImporter/UnityEditor.QuickSearchModule:UnityEditor.Search:ASIAI0B
Importing 'GUID: b180fd8310805e44dbbef545d0231418 - Path: Packages/com.unity.ugui/Runtime/UGUI/EventSystem/EventData/AxisEventData.cs - Importer: ScriptedImporter/UnityEditor.QuickSearchModule:UnityEditor.Search:ASIAI0B' with importer (ScriptedImporter : UnityEditor.QuickSearchModule:UnityEditor.Search:ASIAI0B)
Imported 'GUID: b180fd8310805e44dbbef545d0231418' -> (Import Result ID: '5707cf522d807c85bda945cb0ee0ba70') in 0.001 seconds [static and dynamic dependencies]. Details - ImportResultOutputID=b994507341c34d41bd8f48a79bddd070 DependenciesID=ebfd93e991f94d1e4813a6354595756a StaticDependenciesID=edc21420117d9374b07dfc3922ec27e1 
Number of updated asset objects reloaded before import = 0
Number of asset objects unloaded after import = 0
========================================================================
Received Import Request.
  Time of request: 2026-10-09T14:09:51.478628Z
  Time since last request: 0.000290883 seconds.
  importAddress: GUID: fe87c0e1cc204ed48ad3b37840f39efc - Path: Packages/com.unity.ugui/Runtime/UGUI/UI/Core/Image.cs - Importer: ScriptedImporter/UnityEditor.QuickSearchModule:UnityEditor.Search:ASIAI0B
Importing 'GUID: fe87c0e1cc204ed48ad3b37840f39efc - Path: Packages/com.unity.ugui/Runtime/UGUI/UI/Core/Image.cs - Importer: ScriptedImporter/UnityEditor.QuickSearchModule:UnityEditor.Search:ASIAI0B' with importer (ScriptedImporter : UnityEditor.QuickSearchModule:UnityEditor.Search:ASIAI0B)
Imported 'GUID: fe87c0e1cc204ed48ad3b37840f39efc' -> (Import Result ID: '3a34672c23632f915cf959228166d4f7') in 0.001 seconds [static and dynamic dependencies]. Details - ImportResultOutputID=9e3ba6fb401d55a8585a3a2a900fea64 DependenciesID=fa87cdb0ea688335fcc7ed9e5d2f45f3 StaticDependenciesID=e17feb9cadd665054a9e8df9596499fd 
Number of updated asset objects reloaded before import = 0
Number of asset objects unloaded after import = 0
========================================================================
Received Import Request.
  Time of request: 2026-10-09T14:09:51.486043Z
  Time since last request: 0.000164627 seconds.
  importAddress: GUID: 56666c5a40171f54783dd416a44f42bf - Path: Packages/com.unity.ugui/Runtime/UGUI/EventSystem/Raycasters/Physics2DRaycaster.cs - Importer: ScriptedImporter/UnityEditor.QuickSearchModule:UnityEditor.Search:ASIAI0B
Importing 'GUID: 56666c5a40171f54783dd416a44f42bf - Path: Packages/com.unity.ugui/Runtime/UGUI/EventSystem/Raycasters/Physics2DRaycaster.cs - Importer: ScriptedImporter/UnityEditor.QuickSearchModule:UnityEditor.Search:ASIAI0B' with importer (ScriptedImporter : UnityEditor.QuickSearchModule:UnityEditor.Search:ASIAI0B)
Imported 'GUID: 56666c5a40171f54783dd416a44f42bf' -> (Import Result ID: '445b5b79f3d0a7529674e54a7fcac32e') in 0.001 seconds [static and dynamic dependencies]. Details - ImportResultOutputID=0c952835beca35b2323bb0055562a033 DependenciesID=890057e3e22227fa9577a5c51610846a StaticDependenciesID=600408ca1b9eb1b90f49b66248047e7e 
Number of updated asset objects reloaded before import = 0
Number of asset objects unloaded after import = 0
========================================================================
Received Import Request.
  Time of request: 2026-10-09T14:09:51.493149Z
  Time since last request: 0.000131105 seconds.
  importAddress: GUID: d199490a83bb2b844b9695cbf13b01ef - Path: Packages/com.unity.ugui/Runtime/UGUI/UI/Core/InputField.cs - Importer: ScriptedImporter/UnityEditor.QuickSearchModule:UnityEditor.Search:ASIAI0B
Importing 'GUID: d199490a83bb2b844b9695cbf13b01ef - Path: Packages/com.unity.ugui/Runtime/UGUI/UI/Core/InputField.cs - Importer: ScriptedImporter/UnityEditor.QuickSearchModule:UnityEditor.Search:ASIAI0B' with importer (ScriptedImporter : UnityEditor.QuickSearchModule:UnityEditor.Search:ASIAI0B)
Imported 'GUID: d199490a83bb2b844b9695cbf13b01ef' -> (Import Result ID: '4adf12d4ba0a618710af08a5d4a8bc8e') in 0.001 seconds [static and dynamic dependencies]. Details - ImportResultOutputID=4cd4a8e9c0da52df699b6782f51d627c DependenciesID=004adf477f9591aec5e1cd91729e08f1 StaticDependenciesID=06c76d90eec232c96db305f172d3fd63 
Number of updated asset objects reloaded before import = 0
Number of asset objects unloaded after import = 0
========================================================================
Received Import Request.
  Time of request: 2026-10-09T14:09:51.501565Z
  Time since last request: 0.000230751 seconds.
  importAddress: GUID: 656e461844099ae43a609ff6109b0877 - Path: Packages/com.unity.ugui/Tests/Editor/TMP/Unity.TextMeshPro.Editor.Tests.asmdef - Importer: ScriptedImporter/UnityEditor.QuickSearchModule:UnityEditor.Search:ASIAI0B
Importing 'GUID: 656e461844099ae43a609ff6109b0877 - Path: Packages/com.unity.ugui/Tests/Editor/TMP/Unity.TextMeshPro.Editor.Tests.asmdef - Importer: ScriptedImporter/UnityEditor.QuickSearchModule:UnityEditor.Search:ASIAI0B' with importer (ScriptedImporter : UnityEditor.QuickSearchModule:UnityEditor.Search:ASIAI0B)
Imported 'GUID: 656e461844099ae43a609ff6109b0877' -> (Import Result ID: '75528941932aa877ad34e2725eb0aa09') in 0.001 seconds [static and dynamic dependencies]. Details - ImportResultOutputID=df9da073c5c5628f189a0d95fea74a5c DependenciesID=93ddd3d1d678dd0027abc30369bc75ae StaticDependenciesID=787c095f2fde8ace09dbe0fcfa14fbc4 
Number of updated asset objects reloaded before import = 0
Number of asset objects unloaded after import = 1
========================================================================
Received Import Request.
  Time of request: 2026-10-09T14:09:51.509265Z
  Time since last request: 0.000199894 seconds.
  importAddress: GUID: 728d2c19676ea3743aaa087aa28c4a16 - Path: Packages/com.unity.ugui/Editor/UGUI/UI/PropertyDrawers/SpriteStateDrawer.cs - Importer: ScriptedImporter/UnityEditor.QuickSearchModule:UnityEditor.Search:ASIAI0B
Importing 'GUID: 728d2c19676ea3743aaa087aa28c4a16 - Path: Packages/com.unity.ugui/Editor/UGUI/UI/PropertyDrawers/SpriteStateDrawer.cs - Importer: ScriptedImporter/UnityEditor.QuickSearchModule:UnityEditor.Search:ASIAI0B' with importer (ScriptedImporter : UnityEditor.QuickSearchModule:UnityEditor.Search:ASIAI0B)
Imported 'GUID: 728d2c19676ea3743aaa087aa28c4a16' -> (Import Result ID: '45982ea6a88deb7140bad133ef677996') in 0.001 seconds [static and dynamic dependencies]. Details - ImportResultOutputID=02f78697c0b2c73587fa1f2dcef2bb3d DependenciesID=8a862270c31a03cd6fffd6fbfaef2a66 StaticDependenciesID=d4fbeec366263c236cd401fc2882a97d 
Number of updated asset objects reloaded before import = 0
Number of asset objects unloaded after import = 0
========================================================================
Received Import Request.
  Time of request: 2026-10-09T14:09:51.516945Z
  Time since last request: 0.000175217 seconds.
  importAddress: GUID: 1ea10891dd782154ca0fb67bce9e6f72 - Path: Packages/com.unity.ugui/Runtime/UGUI/EventSystem/InputModules/BaseInputModule.cs - Importer: ScriptedImporter/UnityEditor.QuickSearchModule:UnityEditor.Search:ASIAI0B
Importing 'GUID: 1ea10891dd782154ca0fb67bce9e6f72 - Path: Packages/com.unity.ugui/Runtime/UGUI/EventSystem/InputModules/BaseInputModule.cs - Importer: ScriptedImporter/UnityEditor.QuickSearchModule:UnityEditor.Search:ASIAI0B' with importer (ScriptedImporter : UnityEditor.QuickSearchModule:UnityEditor.Search:ASIAI0B)
Imported 'GUID: 1ea10891dd782154ca0fb67bce9e6f72' -> (Import Result ID: '0984c65504a8d983601cda9bb4997dc5') in 0.001 seconds [static and dynamic dependencies]. Details - ImportResultOutputID=49901e01c0b4ef2ad7ddc5dace8a1b6f DependenciesID=2c3069ece06250c153ebc5cd5c801774 StaticDependenciesID=8e25402457e41b6fcf37f46912f6438a 
Number of updated asset objects reloaded before import = 0
Number of asset objects unloaded after import = 0
========================================================================
Received Import Request.
  Time of request: 2026-10-09T14:09:51.524489Z
  Time since last request: 0.000183993 seconds.
  importAddress: GUID: 976acc75bfafe594cb01142ba21947be - Path: Packages/com.unity.ugui/Runtime/UGUI/UI/Core/MaskableGraphic.cs - Importer: ScriptedImporter/UnityEditor.QuickSearchModule:UnityEditor.Search:ASIAI0B
Importing 'GUID: 976acc75bfafe594cb01142ba21947be - Path: Packages/com.unity.ugui/Runtime/UGUI/UI/Core/MaskableGraphic.cs - Importer: ScriptedImporter/UnityEditor.QuickSearchModule:UnityEditor.Search:ASIAI0B' with importer (ScriptedImporter : UnityEditor.QuickSearchModule:UnityEditor.Search:ASIAI0B)
Imported 'GUID: 976acc75bfafe594cb01142ba21947be' -> (Import Result ID: '96bb9de301c8f64a494fb143b6e0fd14') in 0.002 seconds [static and dynamic dependencies]. Details - ImportResultOutputID=b62094042d0824969014b99105355888 DependenciesID=712c3f6d6715ef6bba394659b0d46cc8 StaticDependenciesID=4aeb7a147c90e7e8083730a58843d5c1 
Number of updated asset objects reloaded before import = 0
Number of asset objects unloaded after import = 0
========================================================================
Received Import Request.
  Time of request: 2026-10-09T14:09:51.532178Z
  Time since last request: 0.000204792 seconds.
  importAddress: GUID: 13cd966480ec3354bb318ee1aeccff6f - Path: Packages/com.unity.ugui/Runtime/UGUI/UI/Core/FontData.cs - Importer: ScriptedImporter/UnityEditor.QuickSearchModule:UnityEditor.Search:ASIAI0B
Importing 'GUID: 13cd966480ec3354bb318ee1aeccff6f - Path: Packages/com.unity.ugui/Runtime/UGUI/UI/Core/FontData.cs - Importer: ScriptedImporter/UnityEditor.QuickSearchModule:UnityEditor.Search:ASIAI0B' with importer (ScriptedImporter : UnityEditor.QuickSearchModule:UnityEditor.Search:ASIAI0B)
Imported 'GUID: 13cd966480ec3354bb318ee1aeccff6f' -> (Import Result ID: '6f4dec122904fcc56a6078cf60a0d95b') in 0.001 seconds [static and dynamic dependencies]. Details - ImportResultOutputID=bb7867423911c59f9d3b7872001a10fa DependenciesID=ad2cd533cd3250377f6f2c62fc9d2b67 StaticDependenciesID=83d885dff947398b43e7f35fc803a6ba 
Number of updated asset objects reloaded before import = 0
Number of asset objects unloaded after import = 0
========================================================================
Received Import Request.
  Time of request: 2026-10-09T14:09:51.540578Z
  Time since last request: 0.000780256 seconds.
  importAddress: GUID: 2d49b7c1bcd2e07499844da127be038d - Path: Packages/com.unity.ugui/Runtime/UGUI/EventSystem/InputModules/TouchInputModule.cs - Importer: ScriptedImporter/UnityEditor.QuickSearchModule:UnityEditor.Search:ASIAI0B
Importing 'GUID: 2d49b7c1bcd2e07499844da127be038d - Path: Packages/com.unity.ugui/Runtime/UGUI/EventSystem/InputModules/TouchInputModule.cs - Importer: ScriptedImporter/UnityEditor.QuickSearchModule:UnityEditor.Search:ASIAI0B' with importer (ScriptedImporter : UnityEditor.QuickSearchModule:UnityEditor.Search:ASIAI0B)
Imported 'GUID: 2d49b7c1bcd2e07499844da127be038d' -> (Import Result ID: '414bbc3153e8bd4ae92d880f7ebdf516') in 0.001 seconds [static and dynamic dependencies]. Details - ImportResultOutputID=e400e982d01ce6731bbea6f65167ad11 DependenciesID=28f14db0ff8edeaf09a9057161144170 StaticDependenciesID=6352d5882cab06c5c32b7d5f0790983d 
Number of updated asset objects reloaded before import = 0
Number of asset objects unloaded after import = 0
========================================================================
Received Import Request.
  Time of request: 2026-10-09T14:09:51.564954Z
  Time since last request: 0.016784481 seconds.
  importAddress: GUID: 4402dcee6e9969549bf5b33f11533208 - Path: Packages/com.unity.ugui/Tests/Editor/UGUI/RectMask2D/RectMask2DCulling.cs - Importer: ScriptedImporter/UnityEditor.QuickSearchModule:UnityEditor.Search:ASIAI0B
Importing 'GUID: 4402dcee6e9969549bf5b33f11533208 - Path: Packages/com.unity.ugui/Tests/Editor/UGUI/RectMask2D/RectMask2DCulling.cs - Importer: ScriptedImporter/UnityEditor.QuickSearchModule:UnityEditor.Search:ASIAI0B' with importer (ScriptedImporter : UnityEditor.QuickSearchModule:UnityEditor.Search:ASIAI0B)
Imported 'GUID: 4402dcee6e9969549bf5b33f11533208' -> (Import Result ID: 'ec7637bcd4fe6e34f2c6d410a4bd8e80') in 0.001 seconds [static and dynamic dependencies]. Details - ImportResultOutputID=01ce210d0e318bfd511fa42e7124ce52 DependenciesID=1f09712324ea88f5f7cff1167912659e StaticDependenciesID=c37a7b8694d7003e08a3cf167e2203e0 
Number of updated asset objects reloaded before import = 0
Number of asset objects unloaded after import = 0
========================================================================
Received Import Request.
  Time of request: 2026-10-09T14:09:51.573769Z
  Time since last request: 0.000588759 seconds.
  importAddress: GUID: 1aa08ab6e0800fa44ae55d278d1423e3 - Path: Packages/com.unity.ugui/Runtime/UGUI/UI/Core/ScrollRect.cs - Importer: ScriptedImporter/UnityEditor.QuickSearchModule:UnityEditor.Search:ASIAI0B
Importing 'GUID: 1aa08ab6e0800fa44ae55d278d1423e3 - Path: Packages/com.unity.ugui/Runtime/UGUI/UI/Core/ScrollRect.cs - Importer: ScriptedImporter/UnityEditor.QuickSearchModule:UnityEditor.Search:ASIAI0B' with importer (ScriptedImporter : UnityEditor.QuickSearchModule:UnityEditor.Search:ASIAI0B)
Imported 'GUID: 1aa08ab6e0800fa44ae55d278d1423e3' -> (Import Result ID: '612f2cf314fbdc4e3af8e8c1a5764fab') in 0.001 seconds [static and dynamic dependencies]. Details - ImportResultOutputID=8a9c06e3ec20fca564263edfef4403a2 DependenciesID=336c6027e6eb4a6b91f7b92868432443 StaticDependenciesID=43c8cd0a858bdc7dababf07d2d857009 
Number of updated asset objects reloaded before import = 0
Number of asset objects unloaded after import = 0
========================================================================
Received Import Request.
  Time of request: 2026-10-09T14:09:51.581996Z
  Time since last request: 0.000583599 seconds.
  importAddress: GUID: fc8d686a4c18b8d49bb1db4150de0459 - Path: Packages/com.unity.ugui/Tests/Runtime/UGUI/Canvas/NestedCanvas.cs - Importer: ScriptedImporter/UnityEditor.QuickSearchModule:UnityEditor.Search:ASIAI0B
Importing 'GUID: fc8d686a4c18b8d49bb1db4150de0459 - Path: Packages/com.unity.ugui/Tests/Runtime/UGUI/Canvas/NestedCanvas.cs - Importer: ScriptedImporter/UnityEditor.QuickSearchModule:UnityEditor.Search:ASIAI0B' with importer (ScriptedImporter : UnityEditor.QuickSearchModule:UnityEditor.Search:ASIAI0B)
Imported 'GUID: fc8d686a4c18b8d49bb1db4150de0459' -> (Import Result ID: '6a1381e4631fa12a987b3c386e9dd6e0') in 0.001 seconds [static and dynamic dependencies]. Details - ImportResultOutputID=3699dd0c641d9e00f291b03aca7fac4f DependenciesID=8aa3300da2c7373ae162b6dbb722e29d StaticDependenciesID=e1345f8b76e93c69354bfe01732b3cc8 
Number of updated asset objects reloaded before import = 0
Number of asset objects unloaded after import = 0
========================================================================
Received Import Request.
  Time of request: 2026-10-09T14:09:51.589824Z
  Time since last request: 0.000317823 seconds.
  importAddress: GUID: c32df609537c54c46adf92992a673693 - Path: Packages/com.unity.ugui/Tests/Runtime/UGUI/Canvas/SiblingOrderChangesLayout.cs - Importer: ScriptedImporter/UnityEditor.QuickSearchModule:UnityEditor.Search:ASIAI0B
Importing 'GUID: c32df609537c54c46adf92992a673693 - Path: Packages/com.unity.ugui/Tests/Runtime/UGUI/Canvas/SiblingOrderChangesLayout.cs - Importer: ScriptedImporter/UnityEditor.QuickSearchModule:UnityEditor.Search:ASIAI0B' with importer (ScriptedImporter : UnityEditor.QuickSearchModule:UnityEditor.Search:ASIAI0B)
Imported 'GUID: c32df609537c54c46adf92992a673693' -> (Import Result ID: '46466f77d960ec95ca5eda8321ad30f2') in 0.001 seconds [static and dynamic dependencies]. Details - ImportResultOutputID=2965a2eb87caaa7fde6a731f784dc7a7 DependenciesID=a5a3510b8f191ccec5f8003a3d089569 StaticDependenciesID=3149bccb19b6f774304a540aef044dc8 
Number of updated asset objects reloaded before import = 0
Number of asset objects unloaded after import = 0
========================================================================
Received Import Request.
  Time of request: 2026-10-09T14:09:51.598109Z
  Time since last request: 0.000256089 seconds.
  importAddress: GUID: 8c25ee90b3284383bfbd87d30f331df5 - Path: Packages/com.unity.ugui/Tests/Editor/UGUI/UI/LayoutElementInspectorMixedValueTests.cs - Importer: ScriptedImporter/UnityEditor.QuickSearchModule:UnityEditor.Search:ASIAI0B
Importing 'GUID: 8c25ee90b3284383bfbd87d30f331df5 - Path: Packages/com.unity.ugui/Tests/Editor/UGUI/UI/LayoutElementInspectorMixedValueTests.cs - Importer: ScriptedImporter/UnityEditor.QuickSearchModule:UnityEditor.Search:ASIAI0B' with importer (ScriptedImporter : UnityEditor.QuickSearchModule:UnityEditor.Search:ASIAI0B)
Imported 'GUID: 8c25ee90b3284383bfbd87d30f331df5' -> (Import Result ID: 'd885a03d7ea0af8ddf4ec0ff0ee4722b') in 0.001 seconds [static and dynamic dependencies]. Details - ImportResultOutputID=e2ee129fcea3295db597f00ff4a57a38 DependenciesID=a5360825cebd8db75dd6d97ec54f4b0d StaticDependenciesID=0d70005bc08d96b2b92bb5bf9af13c59 
Number of updated asset objects reloaded before import = 0
Number of asset objects unloaded after import = 0
========================================================================
Received Import Request.
  Time of request: 2026-10-09T14:09:51.605934Z
  Time since last request: 0.000325909 seconds.
  importAddress: GUID: 833143c443f979e44ae0b8ed899e3b59 - Path: Packages/com.unity.ugui/Tests/Runtime/UGUI/EventSystem/PhysicsRaycasterTests.cs - Importer: ScriptedImporter/UnityEditor.QuickSearchModule:UnityEditor.Search:ASIAI0B
Importing 'GUID: 833143c443f979e44ae0b8ed899e3b59 - Path: Packages/com.unity.ugui/Tests/Runtime/UGUI/EventSystem/PhysicsRaycasterTests.cs - Importer: ScriptedImporter/UnityEditor.QuickSearchModule:UnityEditor.Search:ASIAI0B' with importer (ScriptedImporter : UnityEditor.QuickSearchModule:UnityEditor.Search:ASIAI0B)
Imported 'GUID: 833143c443f979e44ae0b8ed899e3b59' -> (Import Result ID: '59df0de315bd3367dd5ca823659f2e43') in 0.001 seconds [static and dynamic dependencies]. Details - ImportResultOutputID=4c99f23397d59ba7bed23f8fcc661e1f DependenciesID=6c39f41d17b1f17145adff33c8b2fe7f StaticDependenciesID=441d31350f06812dbc097aa871bdc518 
Number of updated asset objects reloaded before import = 0
Number of asset objects unloaded after import = 0
========================================================================
Received Import Request.
  Time of request: 2026-10-09T14:09:51.614385Z
  Time since last request: 0.00036449 seconds.
  importAddress: GUID: 358a618bc6bd9354d81cc206fd2ed80e - Path: Packages/com.unity.ugui/Tests/Runtime/UGUI/Dropdown/DropdownTests.cs - Importer: ScriptedImporter/UnityEditor.QuickSearchModule:UnityEditor.Search:ASIAI0B
Importing 'GUID: 358a618bc6bd9354d81cc206fd2ed80e - Path: Packages/com.unity.ugui/Tests/Runtime/UGUI/Dropdown/DropdownTests.cs - Importer: ScriptedImporter/UnityEditor.QuickSearchModule:UnityEditor.Search:ASIAI0B' with importer (ScriptedImporter : UnityEditor.QuickSearchModule:UnityEditor.Search:ASIAI0B)
Imported 'GUID: 358a618bc6bd9354d81cc206fd2ed80e' -> (Import Result ID: 'ae52e0b85b60382ae27b96bc6250fd84') in 0.002 seconds [static and dynamic dependencies]. Details - ImportResultOutputID=7453135d7557880a087fe58834e85ee7 DependenciesID=31b2a1814c278a40be511a2ac9c440ce StaticDependenciesID=ee42a5e0d843e1053b51f5dcf7eeb88c 
Number of updated asset objects reloaded before import = 0
Number of asset objects unloaded after import = 0
========================================================================
Received Import Request.
  Time of request: 2026-10-09T14:09:51.623231Z
  Time since last request: 0.000429992 seconds.
  importAddress: GUID: df1ba932d4ce4534e97a0f10c85cd3c9 - Path: Packages/com.unity.ugui/Tests/Runtime/UGUI/Canvas/CanvasSizeCorrectInAwakeAndStartScript.cs - Importer: ScriptedImporter/UnityEditor.QuickSearchModule:UnityEditor.Search:ASIAI0B
Importing 'GUID: df1ba932d4ce4534e97a0f10c85cd3c9 - Path: Packages/com.unity.ugui/Tests/Runtime/UGUI/Canvas/CanvasSizeCorrectInAwakeAndStartScript.cs - Importer: ScriptedImporter/UnityEditor.QuickSearchModule:UnityEditor.Search:ASIAI0B' with importer (ScriptedImporter : UnityEditor.QuickSearchModule:UnityEditor.Search:ASIAI0B)
Imported 'GUID: df1ba932d4ce4534e97a0f10c85cd3c9' -> (Import Result ID: 'b7bb371ba9b3befb9f22229e250d6c40') in 0.001 seconds [static and dynamic dependencies]. Details - ImportResultOutputID=69e8fe36d6d20617b4383ad27c1ece23 DependenciesID=877f20f9daf33178f902ef7a67e92cfe StaticDependenciesID=139fc79988066165170fb0069af97984 
Number of updated asset objects reloaded before import = 0
Number of asset objects unloaded after import = 0
========================================================================
Received Import Request.
  Time of request: 2026-10-09T14:09:51.631519Z
  Time since last request: 0.00050355 seconds.
  importAddress: GUID: 9085046f02f69544eb97fd06b6048fe2 - Path: Packages/com.unity.ugui/Runtime/UGUI/UI/Core/Toggle.cs - Importer: ScriptedImporter/UnityEditor.QuickSearchModule:UnityEditor.Search:ASIAI0B
Importing 'GUID: 9085046f02f69544eb97fd06b6048fe2 - Path: Packages/com.unity.ugui/Runtime/UGUI/UI/Core/Toggle.cs - Importer: ScriptedImporter/UnityEditor.QuickSearchModule:UnityEditor.Search:ASIAI0B' with importer (ScriptedImporter : UnityEditor.QuickSearchModule:UnityEditor.Search:ASIAI0B)
Imported 'GUID: 9085046f02f69544eb97fd06b6048fe2' -> (Import Result ID: 'abe2337f4799b8dcf2ad4421a9ba73a4') in 0.001 seconds [static and dynamic dependencies]. Details - ImportResultOutputID=3acea9afc4afddcc23fd9bd50c9c4a1d DependenciesID=e3a07c1f997f25c89fceff9b7c47c261 StaticDependenciesID=5b822a046f2c8cc78e3d822d6b72c4fe 
Number of updated asset objects reloaded before import = 0
Number of asset objects unloaded after import = 0
========================================================================
Received Import Request.
  Time of request: 2026-10-09T14:09:51.639463Z
  Time since last request: 0.000410646 seconds.
  importAddress: GUID: c825bad77a42dd341a8f0a5ef9cd5f4c - Path: Packages/com.unity.ugui/Tests/Editor/UGUI/CanvasRenderer/ChangingHierarchyOfCanvasRenderer.cs - Importer: ScriptedImporter/UnityEditor.QuickSearchModule:UnityEditor.Search:ASIAI0B
Importing 'GUID: c825bad77a42dd341a8f0a5ef9cd5f4c - Path: Packages/com.unity.ugui/Tests/Editor/UGUI/CanvasRenderer/ChangingHierarchyOfCanvasRenderer.cs - Importer: ScriptedImporter/UnityEditor.QuickSearchModule:UnityEditor.Search:ASIAI0B' with importer (ScriptedImporter : UnityEditor.QuickSearchModule:UnityEditor.Search:ASIAI0B)
Imported 'GUID: c825bad77a42dd341a8f0a5ef9cd5f4c' -> (Import Result ID: 'e023bc5c236c7789a6f1d32481fd2cbb') in 0.001 seconds [static and dynamic dependencies]. Details - ImportResultOutputID=bdb57047154b0e1776da84365fcb8dd5 DependenciesID=7363d1e961a0096c97e38e16b90bdb2a StaticDependenciesID=c577b2da0133c03ee20e910bfeee67c6 
Number of updated asset objects reloaded before import = 0
Number of asset objects unloaded after import = 0
========================================================================
Received Import Request.
  Time of request: 2026-10-09T14:09:51.648079Z
  Time since last request: 0.000750421 seconds.
  importAddress: GUID: 4585b5feb801bdb44b0e5eafdd95a3be - Path: Packages/com.unity.ugui/Tests/Editor/UGUI/Canvas/CanvasWidthAssertionErrorWithRectTransform.cs - Importer: ScriptedImporter/UnityEditor.QuickSearchModule:UnityEditor.Search:ASIAI0B
Importing 'GUID: 4585b5feb801bdb44b0e5eafdd95a3be - Path: Packages/com.unity.ugui/Tests/Editor/UGUI/Canvas/CanvasWidthAssertionErrorWithRectTransform.cs - Importer: ScriptedImporter/UnityEditor.QuickSearchModule:UnityEditor.Search:ASIAI0B' with importer (ScriptedImporter : UnityEditor.QuickSearchModule:UnityEditor.Search:ASIAI0B)
Imported 'GUID: 4585b5feb801bdb44b0e5eafdd95a3be' -> (Import Result ID: '896bcb0f8e34c0e28e27fe77069358dd') in 0.002 seconds [static and dynamic dependencies]. Details - ImportResultOutputID=18e20b5aba5b12430644f49520b37007 DependenciesID=ac69f2cab6f83545266dc31b41f8fc0b StaticDependenciesID=4920ae1037d5276fef09053ed328a719 
Number of updated asset objects reloaded before import = 0
Number of asset objects unloaded after import = 0
========================================================================
Received Import Request.
  Time of request: 2026-10-09T14:09:51.656316Z
  Time since last request: 0.000411598 seconds.
  importAddress: GUID: 13d161b14bb3ab74e8a9634e26fb7a5e - Path: Packages/com.unity.ugui/Tests/Runtime/UGUI/Canvas/CanvasScalerWithChildTextObjectDoesNotCrash.cs - Importer: ScriptedImporter/UnityEditor.QuickSearchModule:UnityEditor.Search:ASIAI0B
Importing 'GUID: 13d161b14bb3ab74e8a9634e26fb7a5e - Path: Packages/com.unity.ugui/Tests/Runtime/UGUI/Canvas/CanvasScalerWithChildTextObjectDoesNotCrash.cs - Importer: ScriptedImporter/UnityEditor.QuickSearchModule:UnityEditor.Search:ASIAI0B' with importer (ScriptedImporter : UnityEditor.QuickSearchModule:UnityEditor.Search:ASIAI0B)
Imported 'GUID: 13d161b14bb3ab74e8a9634e26fb7a5e' -> (Import Result ID: '91caf595f2dee34847cb300e85941542') in 0.001 seconds [static and dynamic dependencies]. Details - ImportResultOutputID=3b0cc33138789ec4e890bc8d8c7ab56e DependenciesID=5edfe4bd676919133afc569afce91fa1 StaticDependenciesID=bd61c8bfb9493032b732423d9f48a5cb 
Number of updated asset objects reloaded before import = 0
Number of asset objects unloaded after import = 0
========================================================================
Received Import Request.
  Time of request: 2026-10-09T14:09:51.664706Z
  Time since last request: 0.00050917 seconds.
  importAddress: GUID: 5a2e98b03511c6f43bc645238cd40857 - Path: Packages/com.unity.ugui/Tests/Editor/UGUI/InputField/ContentValidation.cs - Importer: ScriptedImporter/UnityEditor.QuickSearchModule:UnityEditor.Search:ASIAI0B
Importing 'GUID: 5a2e98b03511c6f43bc645238cd40857 - Path: Packages/com.unity.ugui/Tests/Editor/UGUI/InputField/ContentValidation.cs - Importer: ScriptedImporter/UnityEditor.QuickSearchModule:UnityEditor.Search:ASIAI0B' with importer (ScriptedImporter : UnityEditor.QuickSearchModule:UnityEditor.Search:ASIAI0B)
Imported 'GUID: 5a2e98b03511c6f43bc645238cd40857' -> (Import Result ID: '2d1459653359d8169c35cd4b57ab70e7') in 0.003 seconds [static and dynamic dependencies]. Details - ImportResultOutputID=e49ca202f5fd1fa2fe28f2c1d7b4a905 DependenciesID=4aad4b7bc3e108395727f5cce91c8333 StaticDependenciesID=1cb56556b614cd62d17548c5cd0144cd 
Number of updated asset objects reloaded before import = 0
Number of asset objects unloaded after import = 0
========================================================================
Received Import Request.
  Time of request: 2026-10-09T14:09:51.678049Z
  Time since last request: 0.000285944 seconds.
  importAddress: GUID: 9353b7d498b954a06ae1228982925d0b - Path: Packages/com.unity.ugui/Runtime/UGUI/UI/Core/RaycastReceiver.cs - Importer: ScriptedImporter/UnityEditor.QuickSearchModule:UnityEditor.Search:ASIAI0B
Importing 'GUID: 9353b7d498b954a06ae1228982925d0b - Path: Packages/com.unity.ugui/Runtime/UGUI/UI/Core/RaycastReceiver.cs - Importer: ScriptedImporter/UnityEditor.QuickSearchModule:UnityEditor.Search:ASIAI0B' with importer (ScriptedImporter : UnityEditor.QuickSearchModule:UnityEditor.Search:ASIAI0B)
Imported 'GUID: 9353b7d498b954a06ae1228982925d0b' -> (Import Result ID: '48a62c2a3332a5f606c8e9a134172485') in 0.001 seconds [static and dynamic dependencies]. Details - ImportResultOutputID=e3184be89257363b19f4b77a344eb428 DependenciesID=e08dbcfe099bd1f9a7a1b26d6d705287 StaticDependenciesID=c34ba89ea282e15921024bb33c6f8eba 
Number of updated asset objects reloaded before import = 0
Number of asset objects unloaded after import = 0
========================================================================
Received Import Request.
  Time of request: 2026-10-09T14:09:51.686543Z
  Time since last request: 0.000245007 seconds.
  importAddress: GUID: 4130b277c1a94612a9dc40631c012775 - Path: Packages/com.unity.ugui/Tests/Editor/UGUI/UI/LayoutElementEditorTests.cs - Importer: ScriptedImporter/UnityEditor.QuickSearchModule:UnityEditor.Search:ASIAI0B
Importing 'GUID: 4130b277c1a94612a9dc40631c012775 - Path: Packages/com.unity.ugui/Tests/Editor/UGUI/UI/LayoutElementEditorTests.cs - Importer: ScriptedImporter/UnityEditor.QuickSearchModule:UnityEditor.Search:ASIAI0B' with importer (ScriptedImporter : UnityEditor.QuickSearchModule:UnityEditor.Search:ASIAI0B)
Imported 'GUID: 4130b277c1a94612a9dc40631c012775' -> (Import Result ID: 'b02e6af25c7d4137ccb091772fedb3fb') in 0.003 seconds [static and dynamic dependencies]. Details - ImportResultOutputID=1d84b6682e9bde292a6ce58ac97f76ad DependenciesID=e64f25e285f0e067b71565fc2afd5099 StaticDependenciesID=195cda0464d22a34fcfa4eaf3d78e15a 
Number of updated asset objects reloaded before import = 0
Number of asset objects unloaded after import = 0
========================================================================
Received Import Request.
  Time of request: 2026-10-09T14:09:51.695719Z
  Time since last request: 0.000282447 seconds.
  importAddress: GUID: 2fafe2cfe61f6974895a912c3755e8f1 - Path: Packages/com.unity.ugui/Runtime/UGUI/UI/Core/ToggleGroup.cs - Importer: ScriptedImporter/UnityEditor.QuickSearchModule:UnityEditor.Search:ASIAI0B
Importing 'GUID: 2fafe2cfe61f6974895a912c3755e8f1 - Path: Packages/com.unity.ugui/Runtime/UGUI/UI/Core/ToggleGroup.cs - Importer: ScriptedImporter/UnityEditor.QuickSearchModule:UnityEditor.Search:ASIAI0B' with importer (ScriptedImporter : UnityEditor.QuickSearchModule:UnityEditor.Search:ASIAI0B)
Imported 'GUID: 2fafe2cfe61f6974895a912c3755e8f1' -> (Import Result ID: '919ee97b6e25b2afe289ed6ba5b4a82a') in 0.001 seconds [static and dynamic dependencies]. Details - ImportResultOutputID=ed1e438f7b73fb4b82e348ec114a1b8b DependenciesID=2a23a6d48458fd4f8a5827650513f281 StaticDependenciesID=47d9c636291f5b4a5a6b5935d337693f 
Number of updated asset objects reloaded before import = 0
Number of asset objects unloaded after import = 0
========================================================================
Received Import Request.
  Time of request: 2026-10-09T14:09:51.712926Z
  Time since last request: 0.009346136 seconds.
  importAddress: GUID: 3245ec927659c4140ac4f8d17403cc18 - Path: Packages/com.unity.ugui/Runtime/UGUI/UI/Core/Layout/ContentSizeFitter.cs - Importer: ScriptedImporter/UnityEditor.QuickSearchModule:UnityEditor.Search:ASIAI0B
Importing 'GUID: 3245ec927659c4140ac4f8d17403cc18 - Path: Packages/com.unity.ugui/Runtime/UGUI/UI/Core/Layout/ContentSizeFitter.cs - Importer: ScriptedImporter/UnityEditor.QuickSearchModule:UnityEditor.Search:ASIAI0B' with importer (ScriptedImporter : UnityEditor.QuickSearchModule:UnityEditor.Search:ASIAI0B)
Imported 'GUID: 3245ec927659c4140ac4f8d17403cc18' -> (Import Result ID: '3d960d8c45d4927b3a8193ed4b3ca730') in 0.001 seconds [static and dynamic dependencies]. Details - ImportResultOutputID=c72a804a5cda51c72b58f1d9d1e647af DependenciesID=fb4b9357e33f7828260a33094d543966 StaticDependenciesID=2792c354a893b0ce33438c96c2f74e98 
Number of updated asset objects reloaded before import = 0
Number of asset objects unloaded after import = 0
========================================================================
Received Import Request.
  Time of request: 2026-10-09T14:09:51.721571Z
  Time since last request: 0.000726006 seconds.
  importAddress: GUID: bdd96340ebb649f781c3ff803211c992 - Path: Packages/com.unity.ugui/Tests/Runtime/UGUI/RawImage/TestRawImage.cs - Importer: ScriptedImporter/UnityEditor.QuickSearchModule:UnityEditor.Search:ASIAI0B
Importing 'GUID: bdd96340ebb649f781c3ff803211c992 - Path: Packages/com.unity.ugui/Tests/Runtime/UGUI/RawImage/TestRawImage.cs - Importer: ScriptedImporter/UnityEditor.QuickSearchModule:UnityEditor.Search:ASIAI0B' with importer (ScriptedImporter : UnityEditor.QuickSearchModule:UnityEditor.Search:ASIAI0B)
Imported 'GUID: bdd96340ebb649f781c3ff803211c992' -> (Import Result ID: 'aa06aa66b861664f20e9669214dcecd2') in 0.002 seconds [static and dynamic dependencies]. Details - ImportResultOutputID=3bb967505bbd4c22d441007219d3f00c DependenciesID=a927e26f30cf2553c968f6a68034a99c StaticDependenciesID=d8becbfbfd30413eebef804c959d37e2 
Number of updated asset objects reloaded before import = 0
Number of asset objects unloaded after import = 0
========================================================================
Received Import Request.
  Time of request: 2026-10-09T14:09:51.730117Z
  Time since last request: 0.000726195 seconds.
  importAddress: GUID: b611b0a598aeada419afa9737807c598 - Path: Packages/com.unity.ugui/Tests/Runtime/UGUI/Graphic/MaskTests.cs - Importer: ScriptedImporter/UnityEditor.QuickSearchModule:UnityEditor.Search:ASIAI0B
Importing 'GUID: b611b0a598aeada419afa9737807c598 - Path: Packages/com.unity.ugui/Tests/Runtime/UGUI/Graphic/MaskTests.cs - Importer: ScriptedImporter/UnityEditor.QuickSearchModule:UnityEditor.Search:ASIAI0B' with importer (ScriptedImporter : UnityEditor.QuickSearchModule:UnityEditor.Search:ASIAI0B)
Imported 'GUID: b611b0a598aeada419afa9737807c598' -> (Import Result ID: 'f0e71c1e8c46c81301041a7999cbeb4a') in 0.001 seconds [static and dynamic dependencies]. Details - ImportResultOutputID=b37e57187e541b1e7aaa4229a335f4b3 DependenciesID=6cd5ceca27b5a069624d40fc61fdfd00 StaticDependenciesID=1119e9a867d938f7a9ea9788adbcb19c 
Number of updated asset objects reloaded before import = 0
Number of asset objects unloaded after import = 0
========================================================================
Received Import Request.
  Time of request: 2026-10-09T14:09:51.738638Z
  Time since last request: 0.000603176 seconds.
  importAddress: GUID: 30f2a9fda7b63b041a70443bae3e7c01 - Path: Packages/com.unity.ugui/Tests/Runtime/UGUI/Layout/LayoutGroupTests.cs - Importer: ScriptedImporter/UnityEditor.QuickSearchModule:UnityEditor.Search:ASIAI0B
Importing 'GUID: 30f2a9fda7b63b041a70443bae3e7c01 - Path: Packages/com.unity.ugui/Tests/Runtime/UGUI/Layout/LayoutGroupTests.cs - Importer: ScriptedImporter/UnityEditor.QuickSearchModule:UnityEditor.Search:ASIAI0B' with importer (ScriptedImporter : UnityEditor.QuickSearchModule:UnityEditor.Search:ASIAI0B)
Imported 'GUID: 30f2a9fda7b63b041a70443bae3e7c01' -> (Import Result ID: 'ffc87d9fc603a27cc003c7e63d12b446') in 0.002 seconds [static and dynamic dependencies]. Details - ImportResultOutputID=ba18a4d836d72d0cf4c8d05fadb1032a DependenciesID=799b2efa00964a209c97f0f016e66fd1 StaticDependenciesID=8a1a512950c9e61337ff9c7e011ac5f5 
Number of updated asset objects reloaded before import = 0
Number of asset objects unloaded after import = 0
========================================================================
Received Import Request.
  Time of request: 2026-10-09T14:09:51.747188Z
  Time since last request: 0.000782391 seconds.
  importAddress: GUID: 1a70a790a43cd0d4a96f75746841f764 - Path: Packages/com.unity.ugui/Tests/Runtime/UGUI/Image/ImageFilledGenerateWork.cs - Importer: ScriptedImporter/UnityEditor.QuickSearchModule:UnityEditor.Search:ASIAI0B
Importing 'GUID: 1a70a790a43cd0d4a96f75746841f764 - Path: Packages/com.unity.ugui/Tests/Runtime/UGUI/Image/ImageFilledGenerateWork.cs - Importer: ScriptedImporter/UnityEditor.QuickSearchModule:UnityEditor.Search:ASIAI0B' with importer (ScriptedImporter : UnityEditor.QuickSearchModule:UnityEditor.Search:ASIAI0B)
Imported 'GUID: 1a70a790a43cd0d4a96f75746841f764' -> (Import Result ID: '75320fc0aa857978865eea8b2bded1eb') in 0.002 seconds [static and dynamic dependencies]. Details - ImportResultOutputID=87e05a099ad3d797ffc794978828b8df DependenciesID=7338c3aa88f2cb62c9f9b1c94bd54975 StaticDependenciesID=49a2f82b2242864620bc724b932ecfab 
Number of updated asset objects reloaded before import = 0
Number of asset objects unloaded after import = 0
========================================================================
Received Import Request.
  Time of request: 2026-10-09T14:09:51.756156Z
  Time since last request: 0.000501527 seconds.
  importAddress: GUID: cb7c939a806f03341b682c180dc13f08 - Path: Packages/com.unity.ugui/Runtime/UGUI/UI/Core/Layout/LayoutGroup.cs - Importer: ScriptedImporter/UnityEditor.QuickSearchModule:UnityEditor.Search:ASIAI0B
Importing 'GUID: cb7c939a806f03341b682c180dc13f08 - Path: Packages/com.unity.ugui/Runtime/UGUI/UI/Core/Layout/LayoutGroup.cs - Importer: ScriptedImporter/UnityEditor.QuickSearchModule:UnityEditor.Search:ASIAI0B' with importer (ScriptedImporter : UnityEditor.QuickSearchModule:UnityEditor.Search:ASIAI0B)
Imported 'GUID: cb7c939a806f03341b682c180dc13f08' -> (Import Result ID: 'a0e3f7c9e1154ce3713308b2716dd50e') in 0.002 seconds [static and dynamic dependencies]. Details - ImportResultOutputID=eda692d405e319568d9b2988c3e8a810 DependenciesID=5036610c406baf1cceeb6f626e0098ac StaticDependenciesID=be9442ee3b51326950d49607c3ce5cab 
Number of updated asset objects reloaded before import = 0
Number of asset objects unloaded after import = 0
========================================================================
Received Import Request.
  Time of request: 2026-10-09T14:09:51.765449Z
  Time since last request: 0.000564394 seconds.
  importAddress: GUID: e9cac674d67385249b2805670e618c24 - Path: Packages/com.unity.ugui/Tests/Runtime/UGUI/ScrollRect/ScrollRectScale.cs - Importer: ScriptedImporter/UnityEditor.QuickSearchModule:UnityEditor.Search:ASIAI0B
Importing 'GUID: e9cac674d67385249b2805670e618c24 - Path: Packages/com.unity.ugui/Tests/Runtime/UGUI/ScrollRect/ScrollRectScale.cs - Importer: ScriptedImporter/UnityEditor.QuickSearchModule:UnityEditor.Search:ASIAI0B' with importer (ScriptedImporter : UnityEditor.QuickSearchModule:UnityEditor.Search:ASIAI0B)
Imported 'GUID: e9cac674d67385249b2805670e618c24' -> (Import Result ID: 'e9f86ceee32bdbae3144d6078d27f633') in 0.001 seconds [static and dynamic dependencies]. Details - ImportResultOutputID=e77752f29c6daf5b3cbf765c29e9d152 DependenciesID=bc2e231130e3f583a7642eb117de81ce StaticDependenciesID=08eaf9f43b0f16b569bbe063661d9f8a 
Number of updated asset objects reloaded before import = 0
Number of asset objects unloaded after import = 0
========================================================================
Received Import Request.
  Time of request: 2026-10-09T14:09:51.774286Z
  Time since last request: 0.000734922 seconds.
  importAddress: GUID: e89ff5e7c669f70409de18c9948164d4 - Path: Packages/com.unity.ugui/Tests/Runtime/UGUI/InputField/TouchInputFieldTests.cs - Importer: ScriptedImporter/UnityEditor.QuickSearchModule:UnityEditor.Search:ASIAI0B
Importing 'GUID: e89ff5e7c669f70409de18c9948164d4 - Path: Packages/com.unity.ugui/Tests/Runtime/UGUI/InputField/TouchInputFieldTests.cs - Importer: ScriptedImporter/UnityEditor.QuickSearchModule:UnityEditor.Search:ASIAI0B' with importer (ScriptedImporter : UnityEditor.QuickSearchModule:UnityEditor.Search:ASIAI0B)
Imported 'GUID: e89ff5e7c669f70409de18c9948164d4' -> (Import Result ID: '4f77971a31629720199dd545679e1219') in 0.001 seconds [static and dynamic dependencies]. Details - ImportResultOutputID=ceadca1fe474257daab264f050a3d18f DependenciesID=03bb26998ef2ad9b40b9e237bb833f12 StaticDependenciesID=ec5a693110e37b345a0840f4a6f316c0 
Number of updated asset objects reloaded before import = 0
Number of asset objects unloaded after import = 0
========================================================================
Received Import Request.
  Time of request: 2026-10-09T14:09:51.782459Z
  Time since last request: 0.000264744 seconds.
  importAddress: GUID: 50081206855385544a5ddd0e3b6ba9be - Path: Packages/com.unity.ugui/Tests/Runtime/UGUI/Toggle/ToggleGroupTests.cs - Importer: ScriptedImporter/UnityEditor.QuickSearchModule:UnityEditor.Search:ASIAI0B
Importing 'GUID: 50081206855385544a5ddd0e3b6ba9be - Path: Packages/com.unity.ugui/Tests/Runtime/UGUI/Toggle/ToggleGroupTests.cs - Importer: ScriptedImporter/UnityEditor.QuickSearchModule:UnityEditor.Search:ASIAI0B' with importer (ScriptedImporter : UnityEditor.QuickSearchModule:UnityEditor.Search:ASIAI0B)
Imported 'GUID: 50081206855385544a5ddd0e3b6ba9be' -> (Import Result ID: '8c0179c348ccb1d67004706c0c7b90ec') in 0.002 seconds [static and dynamic dependencies]. Details - ImportResultOutputID=a222399dcb43d99433b12547485942c5 DependenciesID=d3b2778ec360837c35ab8c17da147e18 StaticDependenciesID=c85ebf6ccb24f0778fbdc287a700da39 
Number of updated asset objects reloaded before import = 0
Number of asset objects unloaded after import = 0
========================================================================
Received Import Request.
  Time of request: 2026-10-09T14:09:51.791131Z
  Time since last request: 0.000199121 seconds.
  importAddress: GUID: fc34cd6ea308f3940a729e1a44cd0e82 - Path: Packages/com.unity.ugui/Tests/Runtime/UGUI/Slider/SliderTests.cs - Importer: ScriptedImporter/UnityEditor.QuickSearchModule:UnityEditor.Search:ASIAI0B
Importing 'GUID: fc34cd6ea308f3940a729e1a44cd0e82 - Path: Packages/com.unity.ugui/Tests/Runtime/UGUI/Slider/SliderTests.cs - Importer: ScriptedImporter/UnityEditor.QuickSearchModule:UnityEditor.Search:ASIAI0B' with importer (ScriptedImporter : UnityEditor.QuickSearchModule:UnityEditor.Search:ASIAI0B)
Imported 'GUID: fc34cd6ea308f3940a729e1a44cd0e82' -> (Import Result ID: 'f5980bbb497c3a8dbc906f69bc7c2913') in 0.001 seconds [static and dynamic dependencies]. Details - ImportResultOutputID=21e433020fcd8ddbf1b660943e824955 DependenciesID=2f4bde321ed37fa28bf73892f8d764f5 StaticDependenciesID=039c1906322566d6cdd435616cdf32a5 
Number of updated asset objects reloaded before import = 0
Number of asset objects unloaded after import = 0
========================================================================
Received Import Request.
  Time of request: 2026-10-09T14:09:51.79922Z
  Time since last request: 0.000231302 seconds.
  importAddress: GUID: 00f9a68859b850648902e0c98c25b590 - Path: Packages/com.unity.ugui/Tests/Runtime/UGUI/ScrollBar/ScrollBarTests.cs - Importer: ScriptedImporter/UnityEditor.QuickSearchModule:UnityEditor.Search:ASIAI0B
Importing 'GUID: 00f9a68859b850648902e0c98c25b590 - Path: Packages/com.unity.ugui/Tests/Runtime/UGUI/ScrollBar/ScrollBarTests.cs - Importer: ScriptedImporter/UnityEditor.QuickSearchModule:UnityEditor.Search:ASIAI0B' with importer (ScriptedImporter : UnityEditor.QuickSearchModule:UnityEditor.Search:ASIAI0B)
Imported 'GUID: 00f9a68859b850648902e0c98c25b590' -> (Import Result ID: 'e51d1cf4c38443abdaaeba2d0ac5cf25') in 0.001 seconds [static and dynamic dependencies]. Details - ImportResultOutputID=4c8e3895ee9878872ddd8e34ff15a3c4 DependenciesID=d5893348e0c7455fab8674f8e83fb584 StaticDependenciesID=793a12ee6adc57ffe81f430588dbb0ac 
Number of updated asset objects reloaded before import = 0
Number of asset objects unloaded after import = 0
========================================================================
Received Import Request.
  Time of request: 2026-10-09T14:09:51.806875Z
  Time since last request: 0.000124032 seconds.
  importAddress: GUID: 371b6b9c8adc50745ace66a6fdf67481 - Path: Packages/com.unity.ugui/Runtime/UGUI/UI/Core/Culling/IClipRegion.cs - Importer: ScriptedImporter/UnityEditor.QuickSearchModule:UnityEditor.Search:ASIAI0B
Importing 'GUID: 371b6b9c8adc50745ace66a6fdf67481 - Path: Packages/com.unity.ugui/Runtime/UGUI/UI/Core/Culling/IClipRegion.cs - Importer: ScriptedImporter/UnityEditor.QuickSearchModule:UnityEditor.Search:ASIAI0B' with importer (ScriptedImporter : UnityEditor.QuickSearchModule:UnityEditor.Search:ASIAI0B)
Imported 'GUID: 371b6b9c8adc50745ace66a6fdf67481' -> (Import Result ID: '4cd620b40c8de3046d586603fba0b16c') in 0.002 seconds [static and dynamic dependencies]. Details - ImportResultOutputID=ed8128f72d620ac3b54ff0e064e360be DependenciesID=bf7a5aa5ce1ce09cb921b177b072665e StaticDependenciesID=85de28700578e4e845296bd815af210b 
Number of updated asset objects reloaded before import = 0
Number of asset objects unloaded after import = 0
========================================================================
Received Import Request.
  Time of request: 2026-10-09T14:09:51.815525Z
  Time since last request: 0.000346988 seconds.
  importAddress: GUID: 40c83ba6a1a64cb4baac27028dd1acc1 - Path: Packages/com.unity.ugui/Tests/Runtime/UGUI/Graphic/RawImageTestHook.cs - Importer: ScriptedImporter/UnityEditor.QuickSearchModule:UnityEditor.Search:ASIAI0B
Importing 'GUID: 40c83ba6a1a64cb4baac27028dd1acc1 - Path: Packages/com.unity.ugui/Tests/Runtime/UGUI/Graphic/RawImageTestHook.cs - Importer: ScriptedImporter/UnityEditor.QuickSearchModule:UnityEditor.Search:ASIAI0B' with importer (ScriptedImporter : UnityEditor.QuickSearchModule:UnityEditor.Search:ASIAI0B)
Imported 'GUID: 40c83ba6a1a64cb4baac27028dd1acc1' -> (Import Result ID: 'afe87ede9a329096af76d44fb28be3db') in 0.002 seconds [static and dynamic dependencies]. Details - ImportResultOutputID=963376dd28121da5a13a4145f48066d5 DependenciesID=62a28a36551b9a3a0d7fe67286c35daf StaticDependenciesID=68a6e5cc2074996d0ad81fabdb3422e3 
Number of updated asset objects reloaded before import = 0
Number of asset objects unloaded after import = 0
========================================================================
Received Import Request.
  Time of request: 2026-10-09T14:09:51.824319Z
  Time since last request: 0.000529409 seconds.
  importAddress: GUID: 3371106faf8d06f47a73979a3c8d82a1 - Path: Packages/com.unity.ugui/Tests/Runtime/UGUI/InputField/InputFieldTests.cs - Importer: ScriptedImporter/UnityEditor.QuickSearchModule:UnityEditor.Search:ASIAI0B
Importing 'GUID: 3371106faf8d06f47a73979a3c8d82a1 - Path: Packages/com.unity.ugui/Tests/Runtime/UGUI/InputField/InputFieldTests.cs - Importer: ScriptedImporter/UnityEditor.QuickSearchModule:UnityEditor.Search:ASIAI0B' with importer (ScriptedImporter : UnityEditor.QuickSearchModule:UnityEditor.Search:ASIAI0B)
Imported 'GUID: 3371106faf8d06f47a73979a3c8d82a1' -> (Import Result ID: '0a9e9d0f5a27defe8d7603aa09749931') in 0.001 seconds [static and dynamic dependencies]. Details - ImportResultOutputID=6303dbac3b1b9b3b698b140965fd9487 DependenciesID=c9b09845b1d9b3cfec93aa5eb6936709 StaticDependenciesID=6236d60059d0af960260298b29824b69 
Number of updated asset objects reloaded before import = 0
Number of asset objects unloaded after import = 0
========================================================================
Received Import Request.
  Time of request: 2026-10-09T14:09:51.832227Z
  Time since last request: 0.000407431 seconds.
  importAddress: GUID: 16c6414b77a90ff4098767dce485c495 - Path: Packages/com.unity.ugui/Tests/Runtime/UGUI/InputField/FakeInputModule.cs - Importer: ScriptedImporter/UnityEditor.QuickSearchModule:UnityEditor.Search:ASIAI0B
Importing 'GUID: 16c6414b77a90ff4098767dce485c495 - Path: Packages/com.unity.ugui/Tests/Runtime/UGUI/InputField/FakeInputModule.cs - Importer: ScriptedImporter/UnityEditor.QuickSearchModule:UnityEditor.Search:ASIAI0B' with importer (ScriptedImporter : UnityEditor.QuickSearchModule:UnityEditor.Search:ASIAI0B)
Imported 'GUID: 16c6414b77a90ff4098767dce485c495' -> (Import Result ID: '01751ed3353bf34feca3c4f460705b6b') in 0.001 seconds [static and dynamic dependencies]. Details - ImportResultOutputID=90e2462aee903d410599409653faf2cf DependenciesID=63a354cc1b78d2b63aa1b9af93c1bf65 StaticDependenciesID=aaa8d41edded7d517306a61d6f04d980 
Number of updated asset objects reloaded before import = 0
Number of asset objects unloaded after import = 0
========================================================================
Received Import Request.
  Time of request: 2026-10-09T14:09:51.840291Z
  Time since last request: 0.000565786 seconds.
  importAddress: GUID: 01df650e1b86e9f4a8e2b5dc9782506f - Path: Packages/com.unity.ugui/Tests/Runtime/UGUI/NestedLayout/SceneWithNestedLayoutElementsLoads.cs - Importer: ScriptedImporter/UnityEditor.QuickSearchModule:UnityEditor.Search:ASIAI0B
Importing 'GUID: 01df650e1b86e9f4a8e2b5dc9782506f - Path: Packages/com.unity.ugui/Tests/Runtime/UGUI/NestedLayout/SceneWithNestedLayoutElementsLoads.cs - Importer: ScriptedImporter/UnityEditor.QuickSearchModule:UnityEditor.Search:ASIAI0B' with importer (ScriptedImporter : UnityEditor.QuickSearchModule:UnityEditor.Search:ASIAI0B)
Imported 'GUID: 01df650e1b86e9f4a8e2b5dc9782506f' -> (Import Result ID: '396be7e8552e38909b5f18da684dac05') in 0.002 seconds [static and dynamic dependencies]. Details - ImportResultOutputID=fb137e30d974c784e6422cbd347fc68f DependenciesID=1f0ea59624a9c7c67892f5c59484026b StaticDependenciesID=c7354c99a9f148a2de118a38365df9bd 
Number of updated asset objects reloaded before import = 0
Number of asset objects unloaded after import = 0
========================================================================
Received Import Request.
  Time of request: 2026-10-09T14:09:51.861174Z
  Time since last request: 0.012754689 seconds.
  importAddress: GUID: fee59c2b2318a7e4fa7a2c2af28d9553 - Path: Packages/com.unity.collections/pvpExceptions.json - Importer: ScriptedImporter/UnityEditor.QuickSearchModule:UnityEditor.Search:ASIAI0B
Importing 'GUID: fee59c2b2318a7e4fa7a2c2af28d9553 - Path: Packages/com.unity.collections/pvpExceptions.json - Importer: ScriptedImporter/UnityEditor.QuickSearchModule:UnityEditor.Search:ASIAI0B' with importer (ScriptedImporter : UnityEditor.QuickSearchModule:UnityEditor.Search:ASIAI0B)
Imported 'GUID: fee59c2b2318a7e4fa7a2c2af28d9553' -> (Import Result ID: 'c2fad946a304efdcd5152f87259e18e9') in 0.002 seconds [static and dynamic dependencies]. Details - ImportResultOutputID=5d2b95d4a6749ac8467af822a0e6f02a DependenciesID=e6671afd030af4ab30f3c1742ef069f8 StaticDependenciesID=38f7f1b5d040efbfd6309b70db15a5a7 
Number of updated asset objects reloaded before import = 0
Number of asset objects unloaded after import = 1
========================================================================
Received Import Request.
  Time of request: 2026-10-09T14:09:51.870132Z
  Time since last request: 0.000762704 seconds.
  importAddress: GUID: f16da17e34bf5f149a196c3f6b32e37f - Path: Packages/com.unity.collections/Unity.Collections/FixedList.tt - Importer: ScriptedImporter/UnityEditor.QuickSearchModule:UnityEditor.Search:ASIAI0B
Importing 'GUID: f16da17e34bf5f149a196c3f6b32e37f - Path: Packages/com.unity.collections/Unity.Collections/FixedList.tt - Importer: ScriptedImporter/UnityEditor.QuickSearchModule:UnityEditor.Search:ASIAI0B' with importer (ScriptedImporter : UnityEditor.QuickSearchModule:UnityEditor.Search:ASIAI0B)
Imported 'GUID: f16da17e34bf5f149a196c3f6b32e37f' -> (Import Result ID: '0deaa286d34037dd42c91a407e017a3d') in 0.001 seconds [static and dynamic dependencies]. Details - ImportResultOutputID=b08454c91a578b7283998f6e36fa47a3 DependenciesID=3721abfb9254b3212baee8ee784fecda StaticDependenciesID=f928abe0ac5357d9ddbfca97d5d56dd7 
Number of updated asset objects reloaded before import = 0
Number of asset objects unloaded after import = 1
========================================================================
Received Import Request.
  Time of request: 2026-10-09T14:09:51.877927Z
  Time since last request: 0.000713832 seconds.
  importAddress: GUID: 07dc69c5229468f40a380bf9161fb7c4 - Path: Packages/com.unity.collections/Unity.Collections/DoubleRewindableAllocators.cs - Importer: ScriptedImporter/UnityEditor.QuickSearchModule:UnityEditor.Search:ASIAI0B
Importing 'GUID: 07dc69c5229468f40a380bf9161fb7c4 - Path: Packages/com.unity.collections/Unity.Collections/DoubleRewindableAllocators.cs - Importer: ScriptedImporter/UnityEditor.QuickSearchModule:UnityEditor.Search:ASIAI0B' with importer (ScriptedImporter : UnityEditor.QuickSearchModule:UnityEditor.Search:ASIAI0B)
Imported 'GUID: 07dc69c5229468f40a380bf9161fb7c4' -> (Import Result ID: '98c3dbb3fc10801e5ec91bd9e5dab343') in 0.001 seconds [static and dynamic dependencies]. Details - ImportResultOutputID=e921e9122b49916b7680de2bcd517b88 DependenciesID=b34d74e10b1d921c2068253cf4a1f6f7 StaticDependenciesID=aa7a32edb7055d851c4ec0a0a78f4e7f 
Number of updated asset objects reloaded before import = 0
Number of asset objects unloaded after import = 0
========================================================================
Received Import Request.
  Time of request: 2026-10-09T14:09:51.886093Z
  Time since last request: 0.000551159 seconds.
  importAddress: GUID: fcae021c30eccf74790a4e816ba97c19 - Path: Packages/com.unity.ugui/Runtime/UGUI/UI/Core/Utility/ReflectionMethodsCache.cs - Importer: ScriptedImporter/UnityEditor.QuickSearchModule:UnityEditor.Search:ASIAI0B
Importing 'GUID: fcae021c30eccf74790a4e816ba97c19 - Path: Packages/com.unity.ugui/Runtime/UGUI/UI/Core/Utility/ReflectionMethodsCache.cs - Importer: ScriptedImporter/UnityEditor.QuickSearchModule:UnityEditor.Search:ASIAI0B' with importer (ScriptedImporter : UnityEditor.QuickSearchModule:UnityEditor.Search:ASIAI0B)
Imported 'GUID: fcae021c30eccf74790a4e816ba97c19' -> (Import Result ID: '8eacee7d61d5c3297eb7b6d1eb30a8e5') in 0.001 seconds [static and dynamic dependencies]. Details - ImportResultOutputID=71a7f30198a9919fdf0223c70770c700 DependenciesID=a1cbbab595ed43742fc9fabebf99eb1c StaticDependenciesID=53b7dd2113b78acc7b0e2f4e9fba44ae 
Number of updated asset objects reloaded before import = 0
Number of asset objects unloaded after import = 0
========================================================================
Received Import Request.
  Time of request: 2026-10-09T14:09:51.894373Z
  Time since last request: 0.000525801 seconds.
  importAddress: GUID: 76c82729ad712f14bae1a8a279c52ac3 - Path: Packages/com.unity.ugui/Tests/Runtime/UGUI/EventSystem/InputModuleTests/DragCallbackCheck.cs - Importer: ScriptedImporter/UnityEditor.QuickSearchModule:UnityEditor.Search:ASIAI0B
Importing 'GUID: 76c82729ad712f14bae1a8a279c52ac3 - Path: Packages/com.unity.ugui/Tests/Runtime/UGUI/EventSystem/InputModuleTests/DragCallbackCheck.cs - Importer: ScriptedImporter/UnityEditor.QuickSearchModule:UnityEditor.Search:ASIAI0B' with importer (ScriptedImporter : UnityEditor.QuickSearchModule:UnityEditor.Search:ASIAI0B)
Imported 'GUID: 76c82729ad712f14bae1a8a279c52ac3' -> (Import Result ID: '826de3785ac60be937ad5f475cf592f6') in 0.002 seconds [static and dynamic dependencies]. Details - ImportResultOutputID=ae8b5c4363bea731e20fba009cc6cb14 DependenciesID=ebddb74c00b295a385abcb2e77143c1d StaticDependenciesID=537ebe3e8c814bce5b789da73ca98af2 
Number of updated asset objects reloaded before import = 0
Number of asset objects unloaded after import = 0
========================================================================
Received Import Request.
  Time of request: 2026-10-09T14:09:51.902811Z
  Time since last request: 0.000616341 seconds.
  importAddress: GUID: b49443f1e93e4dec9a7a68741679aa52 - Path: Packages/com.unity.collections/Unity.Collections/AllocatorManager.cs - Importer: ScriptedImporter/UnityEditor.QuickSearchModule:UnityEditor.Search:ASIAI0B
Importing 'GUID: b49443f1e93e4dec9a7a68741679aa52 - Path: Packages/com.unity.collections/Unity.Collections/AllocatorManager.cs - Importer: ScriptedImporter/UnityEditor.QuickSearchModule:UnityEditor.Search:ASIAI0B' with importer (ScriptedImporter : UnityEditor.QuickSearchModule:UnityEditor.Search:ASIAI0B)
Imported 'GUID: b49443f1e93e4dec9a7a68741679aa52' -> (Import Result ID: '996aafc0e2ab94319942157b831a2a6b') in 0.001 seconds [static and dynamic dependencies]. Details - ImportResultOutputID=c7d3bc1e3d1bd24ecab028fb05774d92 DependenciesID=4447b7196505531a485faaaf530b8797 StaticDependenciesID=a02c6bdecd147276abfb7ae5569ee735 
Number of updated asset objects reloaded before import = 0
Number of asset objects unloaded after import = 0
========================================================================
Received Import Request.
  Time of request: 2026-10-09T14:09:51.910798Z
  Time since last request: 0.000312523 seconds.
  importAddress: GUID: 8172d9c91a2b64bca91bb78a3a3d4552 - Path: Packages/com.unity.collections/Unity.Collections/FixedStringUtils.cs - Importer: ScriptedImporter/UnityEditor.QuickSearchModule:UnityEditor.Search:ASIAI0B
Importing 'GUID: 8172d9c91a2b64bca91bb78a3a3d4552 - Path: Packages/com.unity.collections/Unity.Collections/FixedStringUtils.cs - Importer: ScriptedImporter/UnityEditor.QuickSearchModule:UnityEditor.Search:ASIAI0B' with importer (ScriptedImporter : UnityEditor.QuickSearchModule:UnityEditor.Search:ASIAI0B)
Imported 'GUID: 8172d9c91a2b64bca91bb78a3a3d4552' -> (Import Result ID: '185adf17898a39efe0f9ee75a01f6f01') in 0.001 seconds [static and dynamic dependencies]. Details - ImportResultOutputID=4942f6207381a11d7c553da574b9646c DependenciesID=c97ae5efa4b71987e5d3b0694891d4fc StaticDependenciesID=f328dd27ed85045e2bab50363810cc93 
Number of updated asset objects reloaded before import = 0
Number of asset objects unloaded after import = 0
========================================================================
Received Import Request.
  Time of request: 2026-10-09T14:09:51.919071Z
  Time since last request: 0.000307674 seconds.
  importAddress: GUID: 05f7f519769978b79b31d063a7fc6fa1 - Path: Packages/com.unity.modules.unitywebrequestassetbundle/package.json - Importer: ScriptedImporter/UnityEditor.QuickSearchModule:UnityEditor.Search:ASIAI0B
Importing 'GUID: 05f7f519769978b79b31d063a7fc6fa1 - Path: Packages/com.unity.modules.unitywebrequestassetbundle/package.json - Importer: ScriptedImporter/UnityEditor.QuickSearchModule:UnityEditor.Search:ASIAI0B' with importer (ScriptedImporter : UnityEditor.QuickSearchModule:UnityEditor.Search:ASIAI0B)
Imported 'GUID: 05f7f519769978b79b31d063a7fc6fa1' -> (Import Result ID: 'df86783f45915f3065244d198ae5af68') in 0.001 seconds [static and dynamic dependencies]. Details - ImportResultOutputID=712b05b633cd61bca03ca974addafdbc DependenciesID=fddff1b0a06d919c87b0b5dfef9a6ea2 StaticDependenciesID=e38d381c36ac6353f848654984d40792 
Number of updated asset objects reloaded before import = 0
Number of asset objects unloaded after import = 1
========================================================================
Received Import Request.
  Time of request: 2026-10-09T14:09:51.927765Z
  Time since last request: 0.000574954 seconds.
  importAddress: GUID: d1db1dc6fae245e9af37d2ab33aac17a - Path: Packages/com.unity.collections/Unity.Collections/FixedStringInternalMethods.cs - Importer: ScriptedImporter/UnityEditor.QuickSearchModule:UnityEditor.Search:ASIAI0B
Importing 'GUID: d1db1dc6fae245e9af37d2ab33aac17a - Path: Packages/com.unity.collections/Unity.Collections/FixedStringInternalMethods.cs - Importer: ScriptedImporter/UnityEditor.QuickSearchModule:UnityEditor.Search:ASIAI0B' with importer (ScriptedImporter : UnityEditor.QuickSearchModule:UnityEditor.Search:ASIAI0B)
Imported 'GUID: d1db1dc6fae245e9af37d2ab33aac17a' -> (Import Result ID: 'b82665dffefe7c4d22d65b57283775cf') in 0.001 seconds [static and dynamic dependencies]. Details - ImportResultOutputID=dfc5099296045e5b78bb68e6fe88ec5c DependenciesID=647eac5696fd801c61bf151445b24e04 StaticDependenciesID=e18fdb66f49ec05b0da5a61fd79aa194 
Number of updated asset objects reloaded before import = 0
Number of asset objects unloaded after import = 0
========================================================================
Received Import Request.
  Time of request: 2026-10-09T14:09:51.935836Z
  Time since last request: 0.000523026 seconds.
  importAddress: GUID: 89f65fb005504fceb04727480e65f16c - Path: Packages/com.unity.collections/Unity.Collections/FixedStringFormatMethods.gen.cs - Importer: ScriptedImporter/UnityEditor.QuickSearchModule:UnityEditor.Search:ASIAI0B
Importing 'GUID: 89f65fb005504fceb04727480e65f16c - Path: Packages/com.unity.collections/Unity.Collections/FixedStringFormatMethods.gen.cs - Importer: ScriptedImporter/UnityEditor.QuickSearchModule:UnityEditor.Search:ASIAI0B' with importer (ScriptedImporter : UnityEditor.QuickSearchModule:UnityEditor.Search:ASIAI0B)
Imported 'GUID: 89f65fb005504fceb04727480e65f16c' -> (Import Result ID: 'a9fd56daf580c0de7df33e8acf1f1817') in 0.001 seconds [static and dynamic dependencies]. Details - ImportResultOutputID=131bede716df3398f9e97482ae357fd4 DependenciesID=9f26ca8bfe136ccae4e9db4c668b2998 StaticDependenciesID=4e1cb5b4ff20ac0fe04cd2130b61daa3 
Number of updated asset objects reloaded before import = 0
Number of asset objects unloaded after import = 0
========================================================================
Received Import Request.
  Time of request: 2026-10-09T14:09:51.944363Z
  Time since last request: 0.000285092 seconds.
  importAddress: GUID: c459424081436584c8cec10767f9ac38 - Path: Packages/com.unity.ugui/Runtime/UGUI/UI/Core/Utility/VertexHelper.cs - Importer: ScriptedImporter/UnityEditor.QuickSearchModule:UnityEditor.Search:ASIAI0B
Importing 'GUID: c459424081436584c8cec10767f9ac38 - Path: Packages/com.unity.ugui/Runtime/UGUI/UI/Core/Utility/VertexHelper.cs - Importer: ScriptedImporter/UnityEditor.QuickSearchModule:UnityEditor.Search:ASIAI0B' with importer (ScriptedImporter : UnityEditor.QuickSearchModule:UnityEditor.Search:ASIAI0B)
Imported 'GUID: c459424081436584c8cec10767f9ac38' -> (Import Result ID: '45013a533efa662ef14d9b1d7e093f31') in 0.002 seconds [static and dynamic dependencies]. Details - ImportResultOutputID=aaf9d1ee5bdf1c0fd2fdf1191fe9ced0 DependenciesID=26ead7a269af24d0a7196df7ee762993 StaticDependenciesID=8c1f961ab31ec607cf82f3e9ef02ec72 
Number of updated asset objects reloaded before import = 0
Number of asset objects unloaded after import = 0
========================================================================
Received Import Request.
  Time of request: 2026-10-09T14:09:51.953289Z
  Time since last request: 0.000346988 seconds.
  importAddress: GUID: 63bc65d8d2fe144e1b071aeb3b624536 - Path: Packages/com.unity.collections/Unity.Collections/AssemblyInfo.cs - Importer: ScriptedImporter/UnityEditor.QuickSearchModule:UnityEditor.Search:ASIAI0B
Importing 'GUID: 63bc65d8d2fe144e1b071aeb3b624536 - Path: Packages/com.unity.collections/Unity.Collections/AssemblyInfo.cs - Importer: ScriptedImporter/UnityEditor.QuickSearchModule:UnityEditor.Search:ASIAI0B' with importer (ScriptedImporter : UnityEditor.QuickSearchModule:UnityEditor.Search:ASIAI0B)
Imported 'GUID: 63bc65d8d2fe144e1b071aeb3b624536' -> (Import Result ID: '0e759242c471efd047729716d4c79a1f') in 0.002 seconds [static and dynamic dependencies]. Details - ImportResultOutputID=b2534ac38972492e6400359c4a0963f2 DependenciesID=0bae25afe91ccd718dbf81e48de3cfeb StaticDependenciesID=e65702a87b8d04c735d35d19e2837437 
Number of updated asset objects reloaded before import = 0
Number of asset objects unloaded after import = 0
========================================================================
Received Import Request.
  Time of request: 2026-10-09T14:09:51.962494Z
  Time since last request: 0.000222525 seconds.
  importAddress: GUID: af16c54541e443e59c1fdf0919c1b9ea - Path: Packages/com.unity.collections/Unity.Collections/FixedStringParseMethods.cs - Importer: ScriptedImporter/UnityEditor.QuickSearchModule:UnityEditor.Search:ASIAI0B
Importing 'GUID: af16c54541e443e59c1fdf0919c1b9ea - Path: Packages/com.unity.collections/Unity.Collections/FixedStringParseMethods.cs - Importer: ScriptedImporter/UnityEditor.QuickSearchModule:UnityEditor.Search:ASIAI0B' with importer (ScriptedImporter : UnityEditor.QuickSearchModule:UnityEditor.Search:ASIAI0B)
Imported 'GUID: af16c54541e443e59c1fdf0919c1b9ea' -> (Import Result ID: '45c0785da7e4381f519e20142caf4d2b') in 0.002 seconds [static and dynamic dependencies]. Details - ImportResultOutputID=3b922960d4d8e3ad4aef8ce33122becf DependenciesID=659689e2ebb3c39ec2db0bf0da799aa7 StaticDependenciesID=5e233388ab2006e3ee03d65679afaa6d 
Number of updated asset objects reloaded before import = 0
Number of asset objects unloaded after import = 0
========================================================================
Received Import Request.
  Time of request: 2026-10-09T14:09:51.972293Z
  Time since last request: 0.000193902 seconds.
  importAddress: GUID: 718966f960cb50643986195e5fe953ca - Path: Packages/com.unity.ugui/Runtime/UGUI/UI/Core/VertexModifiers/BaseMeshEffect.cs - Importer: ScriptedImporter/UnityEditor.QuickSearchModule:UnityEditor.Search:ASIAI0B
Importing 'GUID: 718966f960cb50643986195e5fe953ca - Path: Packages/com.unity.ugui/Runtime/UGUI/UI/Core/VertexModifiers/BaseMeshEffect.cs - Importer: ScriptedImporter/UnityEditor.QuickSearchModule:UnityEditor.Search:ASIAI0B' with importer (ScriptedImporter : UnityEditor.QuickSearchModule:UnityEditor.Search:ASIAI0B)
Imported 'GUID: 718966f960cb50643986195e5fe953ca' -> (Import Result ID: '0b8dd8c6d1e780e8cbc612a80af49bfe') in 0.001 seconds [static and dynamic dependencies]. Details - ImportResultOutputID=0a05c0cbbacc96af8359e7e510a47787 DependenciesID=b207d3bd0f9a2e0f8b0d96af653beb07 StaticDependenciesID=2a47bc5c8215a78324b5b40b59066b4f 
Number of updated asset objects reloaded before import = 0
Number of asset objects unloaded after import = 0
========================================================================
Received Import Request.
  Time of request: 2026-10-09T14:09:51.980802Z
  Time since last request: 0.000223116 seconds.
  importAddress: GUID: 19c6f364c1e81cb4f829a057824639ad - Path: Packages/com.unity.ugui/Tests/Runtime/UGUI/EventSystem/InputModuleTests/MouseUpdate.cs - Importer: ScriptedImporter/UnityEditor.QuickSearchModule:UnityEditor.Search:ASIAI0B
Importing 'GUID: 19c6f364c1e81cb4f829a057824639ad - Path: Packages/com.unity.ugui/Tests/Runtime/UGUI/EventSystem/InputModuleTests/MouseUpdate.cs - Importer: ScriptedImporter/UnityEditor.QuickSearchModule:UnityEditor.Search:ASIAI0B' with importer (ScriptedImporter : UnityEditor.QuickSearchModule:UnityEditor.Search:ASIAI0B)
Imported 'GUID: 19c6f364c1e81cb4f829a057824639ad' -> (Import Result ID: 'bd2b9cb535950936f2df34ed074e906c') in 0.002 seconds [static and dynamic dependencies]. Details - ImportResultOutputID=96e5d53d2eb6abb7158121a40ccbfdba DependenciesID=012c3444f9f7e82c5396fd19bb3c4a18 StaticDependenciesID=de8321d6c42f19e04f6e52ec86c0db68 
Number of updated asset objects reloaded before import = 0
Number of asset objects unloaded after import = 0
========================================================================
Received Import Request.
  Time of request: 2026-10-09T14:09:51.989843Z
  Time since last request: 0.000250618 seconds.
  importAddress: GUID: 0a845769eb1dc4f459f64e5c840d07de - Path: Packages/com.unity.collections/Unity.Collections/FixedString.tt - Importer: ScriptedImporter/UnityEditor.QuickSearchModule:UnityEditor.Search:ASIAI0B
Importing 'GUID: 0a845769eb1dc4f459f64e5c840d07de - Path: Packages/com.unity.collections/Unity.Collections/FixedString.tt - Importer: ScriptedImporter/UnityEditor.QuickSearchModule:UnityEditor.Search:ASIAI0B' with importer (ScriptedImporter : UnityEditor.QuickSearchModule:UnityEditor.Search:ASIAI0B)
Imported 'GUID: 0a845769eb1dc4f459f64e5c840d07de' -> (Import Result ID: '83dc292c8ffae8d4bb333d93641aa48e') in 0.001 seconds [static and dynamic dependencies]. Details - ImportResultOutputID=d3c2c37e7e1c36fee46018d6e52e6c79 DependenciesID=b730c22a777f7e0e16e0da36624a0cee StaticDependenciesID=f972221eca218700199ee7b5c5d6b685 
Number of updated asset objects reloaded before import = 0
Number of asset objects unloaded after import = 1
========================================================================
Received Import Request.
  Time of request: 2026-10-09T14:09:52.008103Z
  Time since last request: 0.009518638 seconds.
  importAddress: GUID: 9b544eddbc9bfd24fad9da6ddbe65962 - Path: Packages/com.unity.collections/Unity.Collections.CodeGen/JobsILPostProcessor.cs - Importer: ScriptedImporter/UnityEditor.QuickSearchModule:UnityEditor.Search:ASIAI0B
Importing 'GUID: 9b544eddbc9bfd24fad9da6ddbe65962 - Path: Packages/com.unity.collections/Unity.Collections.CodeGen/JobsILPostProcessor.cs - Importer: ScriptedImporter/UnityEditor.QuickSearchModule:UnityEditor.Search:ASIAI0B' with importer (ScriptedImporter : UnityEditor.QuickSearchModule:UnityEditor.Search:ASIAI0B)
Imported 'GUID: 9b544eddbc9bfd24fad9da6ddbe65962' -> (Import Result ID: 'fc88ce2630da6ca24c32aa20ebc590fa') in 0.001 seconds [static and dynamic dependencies]. Details - ImportResultOutputID=a4be81b168841732511b5c1e867fbada DependenciesID=de7f63d655f618b23f40f04cda77e9a7 StaticDependenciesID=ba3df98cc4c057d8d8a0d9a5a8e4b31a 
Number of updated asset objects reloaded before import = 0
Number of asset objects unloaded after import = 0
========================================================================
Received Import Request.
  Time of request: 2026-10-09T14:09:52.016197Z
  Time since last request: 0.000602224 seconds.
  importAddress: GUID: 64aa0d92f72fa4af49049126211731d0 - Path: Packages/com.unity.collections/Unity.Collections/NativeStream.cs - Importer: ScriptedImporter/UnityEditor.QuickSearchModule:UnityEditor.Search:ASIAI0B
Importing 'GUID: 64aa0d92f72fa4af49049126211731d0 - Path: Packages/com.unity.collections/Unity.Collections/NativeStream.cs - Importer: ScriptedImporter/UnityEditor.QuickSearchModule:UnityEditor.Search:ASIAI0B' with importer (ScriptedImporter : UnityEditor.QuickSearchModule:UnityEditor.Search:ASIAI0B)
Imported 'GUID: 64aa0d92f72fa4af49049126211731d0' -> (Import Result ID: '78cfe3fd6f0ad168e107d3ffe9fc88d1') in 0.001 seconds [static and dynamic dependencies]. Details - ImportResultOutputID=6b9c3ee91bf75752f1f6782645dc1132 DependenciesID=b4403ad0978f2d3642ebf3f05a37eded StaticDependenciesID=a2029027131bd4a4360de127a5c437f6 
Number of updated asset objects reloaded before import = 0
Number of asset objects unloaded after import = 0
========================================================================
Received Import Request.
  Time of request: 2026-10-09T14:09:52.023878Z
  Time since last request: 0.000782481 seconds.
  importAddress: GUID: 65eaad6a676d4755a1f4bee58587a1d0 - Path: Packages/com.unity.collections/Unity.Collections/xxHash3.StreamingState.cs - Importer: ScriptedImporter/UnityEditor.QuickSearchModule:UnityEditor.Search:ASIAI0B
Importing 'GUID: 65eaad6a676d4755a1f4bee58587a1d0 - Path: Packages/com.unity.collections/Unity.Collections/xxHash3.StreamingState.cs - Importer: ScriptedImporter/UnityEditor.QuickSearchModule:UnityEditor.Search:ASIAI0B' with importer (ScriptedImporter : UnityEditor.QuickSearchModule:UnityEditor.Search:ASIAI0B)
Imported 'GUID: 65eaad6a676d4755a1f4bee58587a1d0' -> (Import Result ID: 'affdd6b1f17130a91cd94e74d021f617') in 0.001 seconds [static and dynamic dependencies]. Details - ImportResultOutputID=b8f2e3aca46683a092f925f9daf8bef6 DependenciesID=994bd2c356e0c800d7f1af4437485b8d StaticDependenciesID=b2ece3873596bc00ae75a32104dc61f8 
Number of updated asset objects reloaded before import = 0
Number of asset objects unloaded after import = 0
========================================================================
Received Import Request.
  Time of request: 2026-10-09T14:09:52.031715Z
  Time since last request: 0.000103343 seconds.
  importAddress: GUID: da168a32991917b48989353c3d849677 - Path: Packages/com.unity.collections/Unity.Collections/NativeParallelHashSet.cs - Importer: ScriptedImporter/UnityEditor.QuickSearchModule:UnityEditor.Search:ASIAI0B
Importing 'GUID: da168a32991917b48989353c3d849677 - Path: Packages/com.unity.collections/Unity.Collections/NativeParallelHashSet.cs - Importer: ScriptedImporter/UnityEditor.QuickSearchModule:UnityEditor.Search:ASIAI0B' with importer (ScriptedImporter : UnityEditor.QuickSearchModule:UnityEditor.Search:ASIAI0B)
Imported 'GUID: da168a32991917b48989353c3d849677' -> (Import Result ID: 'f63c1f37a4213f7061a966d19d6265ef') in 0.002 seconds [static and dynamic dependencies]. Details - ImportResultOutputID=ce02857ab267327edbbf921bea2f9fa9 DependenciesID=257ba5b1fd897d69bc231a74efd550df StaticDependenciesID=85cb96c0fbbf64d9683149e93bf79c45 
Number of updated asset objects reloaded before import = 0
Number of asset objects unloaded after import = 0
========================================================================
Received Import Request.
  Time of request: 2026-10-09T14:09:52.039888Z
  Time since last request: 0.000163755 seconds.
  importAddress: GUID: 24459080b05524c1ab8f3f7ed129e765 - Path: Packages/com.unity.collections/Unity.Collections/UnsafeScratchAllocator.cs - Importer: ScriptedImporter/UnityEditor.QuickSearchModule:UnityEditor.Search:ASIAI0B
Importing 'GUID: 24459080b05524c1ab8f3f7ed129e765 - Path: Packages/com.unity.collections/Unity.Collections/UnsafeScratchAllocator.cs - Importer: ScriptedImporter/UnityEditor.QuickSearchModule:UnityEditor.Search:ASIAI0B' with importer (ScriptedImporter : UnityEditor.QuickSearchModule:UnityEditor.Search:ASIAI0B)
Imported 'GUID: 24459080b05524c1ab8f3f7ed129e765' -> (Import Result ID: 'd09bff2f2b4e238fcc78bb5d3f13bd53') in 0.001 seconds [static and dynamic dependencies]. Details - ImportResultOutputID=cae79497dd4b9b50812f356747c44ab0 DependenciesID=3d310d991b206b2023743b1284174303 StaticDependenciesID=a914a7e3f79206828a083596bf26dce7 
Number of updated asset objects reloaded before import = 0
Number of asset objects unloaded after import = 0
========================================================================
Received Import Request.
  Time of request: 2026-10-09T14:09:52.049061Z
  Time since last request: 0.000120816 seconds.
  importAddress: GUID: 7d1c578573cb6b34b860a0eb47293b24 - Path: Packages/com.unity.collections/Unity.Collections/NativeRingQueue.cs - Importer: ScriptedImporter/UnityEditor.QuickSearchModule:UnityEditor.Search:ASIAI0B
Importing 'GUID: 7d1c578573cb6b34b860a0eb47293b24 - Path: Packages/com.unity.collections/Unity.Collections/NativeRingQueue.cs - Importer: ScriptedImporter/UnityEditor.QuickSearchModule:UnityEditor.Search:ASIAI0B' with importer (ScriptedImporter : UnityEditor.QuickSearchModule:UnityEditor.Search:ASIAI0B)
Imported 'GUID: 7d1c578573cb6b34b860a0eb47293b24' -> (Import Result ID: 'd042dddb215c79243b71262b67c00bff') in 0.001 seconds [static and dynamic dependencies]. Details - ImportResultOutputID=2355f294ca4aefeea9ae311a029c5cb7 DependenciesID=ae4efaf10337b03e74eb86571484016d StaticDependenciesID=82bb0aefa348c1cbc40722abb0dba01f 
Number of updated asset objects reloaded before import = 0
Number of asset objects unloaded after import = 0
========================================================================
Received Import Request.
  Time of request: 2026-10-09T14:09:52.056703Z
  Time since last request: 0.000123651 seconds.
  importAddress: GUID: bc38a1e61f172489a8eb4983c247c3c3 - Path: Packages/com.unity.collections/Unity.Collections/Unicode.cs - Importer: ScriptedImporter/UnityEditor.QuickSearchModule:UnityEditor.Search:ASIAI0B
Importing 'GUID: bc38a1e61f172489a8eb4983c247c3c3 - Path: Packages/com.unity.collections/Unity.Collections/Unicode.cs - Importer: ScriptedImporter/UnityEditor.QuickSearchModule:UnityEditor.Search:ASIAI0B' with importer (ScriptedImporter : UnityEditor.QuickSearchModule:UnityEditor.Search:ASIAI0B)
Imported 'GUID: bc38a1e61f172489a8eb4983c247c3c3' -> (Import Result ID: '56476e5c1fae0dcc6464cbcf7bddd8c5') in 0.002 seconds [static and dynamic dependencies]. Details - ImportResultOutputID=3c9b89fd4327163d489464b9d3a5cbe8 DependenciesID=60318ed400e72b6420f04755a6815b6d StaticDependenciesID=ffc43ee1b3fdef3d994b41e9f4d682bc 
Number of updated asset objects reloaded before import = 0
Number of asset objects unloaded after import = 0
========================================================================
Received Import Request.
  Time of request: 2026-10-09T14:09:52.065435Z
  Time since last request: 0.000140863 seconds.
  importAddress: GUID: 7956c264a4f322048ae516dae097b33a - Path: Packages/com.unity.collections/Unity.Collections.PerformanceTests/BenchmarkContainer.cs - Importer: ScriptedImporter/UnityEditor.QuickSearchModule:UnityEditor.Search:ASIAI0B
Importing 'GUID: 7956c264a4f322048ae516dae097b33a - Path: Packages/com.unity.collections/Unity.Collections.PerformanceTests/BenchmarkContainer.cs - Importer: ScriptedImporter/UnityEditor.QuickSearchModule:UnityEditor.Search:ASIAI0B' with importer (ScriptedImporter : UnityEditor.QuickSearchModule:UnityEditor.Search:ASIAI0B)
Imported 'GUID: 7956c264a4f322048ae516dae097b33a' -> (Import Result ID: '30104076937c93566c34ae5d65fddb86') in 0.005 seconds [static and dynamic dependencies]. Details - ImportResultOutputID=f4516c294e682a4f78f727ea6dfac056 DependenciesID=e91540edbfc75fe10e578600290d12b9 StaticDependenciesID=e5f97b365641c8036e482644d89646c7 
Number of updated asset objects reloaded before import = 0
Number of asset objects unloaded after import = 0
========================================================================
Received Import Request.
  Time of request: 2026-10-09T14:09:52.077522Z
  Time since last request: 0.000251529 seconds.
  importAddress: GUID: 859b8b7a1710f0b4396876700dda6319 - Path: Packages/com.unity.collections/Unity.Collections/NativeParallelHashMapExtensions.cs - Importer: ScriptedImporter/UnityEditor.QuickSearchModule:UnityEditor.Search:ASIAI0B
Importing 'GUID: 859b8b7a1710f0b4396876700dda6319 - Path: Packages/com.unity.collections/Unity.Collections/NativeParallelHashMapExtensions.cs - Importer: ScriptedImporter/UnityEditor.QuickSearchModule:UnityEditor.Search:ASIAI0B' with importer (ScriptedImporter : UnityEditor.QuickSearchModule:UnityEditor.Search:ASIAI0B)
Imported 'GUID: 859b8b7a1710f0b4396876700dda6319' -> (Import Result ID: 'dfd0eaf58a10f7c43d8cb821115d13d1') in 0.001 seconds [static and dynamic dependencies]. Details - ImportResultOutputID=21315cee08d1416006a48d8a59930d69 DependenciesID=801ed6725c42bf551be14ec6040dcecc StaticDependenciesID=ad0ff2eed28c4e4d854f0ae416f7ced2 
Number of updated asset objects reloaded before import = 0
Number of asset objects unloaded after import = 0
========================================================================
Received Import Request.
  Time of request: 2026-10-09T14:09:52.08613Z
  Time since last request: 0.000219951 seconds.
  importAddress: GUID: 2d53df25c7f81aa419ea121140c42d6b - Path: Packages/com.unity.collections/Unity.Collections.CodeGen/UserError.cs - Importer: ScriptedImporter/UnityEditor.QuickSearchModule:UnityEditor.Search:ASIAI0B
Importing 'GUID: 2d53df25c7f81aa419ea121140c42d6b - Path: Packages/com.unity.collections/Unity.Collections.CodeGen/UserError.cs - Importer: ScriptedImporter/UnityEditor.QuickSearchModule:UnityEditor.Search:ASIAI0B' with importer (ScriptedImporter : UnityEditor.QuickSearchModule:UnityEditor.Search:ASIAI0B)
Imported 'GUID: 2d53df25c7f81aa419ea121140c42d6b' -> (Import Result ID: 'e4a80f68896d53a016c0f3397bd02d09') in 0.001 seconds [static and dynamic dependencies]. Details - ImportResultOutputID=07512b174aadcef7ef80a23c0a636c0b DependenciesID=52824640bc54d3fa08bf7c6bb5a3065f StaticDependenciesID=473c0a74d80f12fbe7492a19ed7a84dd 
Number of updated asset objects reloaded before import = 0
Number of asset objects unloaded after import = 0
========================================================================
Received Import Request.
  Time of request: 2026-10-09T14:09:52.094005Z
  Time since last request: 0.000212797 seconds.
  importAddress: GUID: 2441a179e6971b64cafa56b6418f913a - Path: Packages/com.unity.collections/Unity.Collections/UnsafeParallelHashSet.cs - Importer: ScriptedImporter/UnityEditor.QuickSearchModule:UnityEditor.Search:ASIAI0B
Importing 'GUID: 2441a179e6971b64cafa56b6418f913a - Path: Packages/com.unity.collections/Unity.Collections/UnsafeParallelHashSet.cs - Importer: ScriptedImporter/UnityEditor.QuickSearchModule:UnityEditor.Search:ASIAI0B' with importer (ScriptedImporter : UnityEditor.QuickSearchModule:UnityEditor.Search:ASIAI0B)
Imported 'GUID: 2441a179e6971b64cafa56b6418f913a' -> (Import Result ID: '836b2a55c1b61b6b8bb1f9aa35533857') in 0.002 seconds [static and dynamic dependencies]. Details - ImportResultOutputID=bcd2eef44ea6d3dd6a342ba8aae2c01c DependenciesID=615e4ebb5395dc0b7f0830b24dddd7a1 StaticDependenciesID=df203d6cdc3a609be3a139b0bc4c7e3f 
Number of updated asset objects reloaded before import = 0
Number of asset objects unloaded after import = 0
========================================================================
Received Import Request.
  Time of request: 2026-10-09T14:09:52.102905Z
  Time since last request: 0.000159127 seconds.
  importAddress: GUID: 1f49bcab900e54c498a852d067a7636c - Path: Packages/com.unity.collections/Unity.Collections/NativeParallelHashMap.cs - Importer: ScriptedImporter/UnityEditor.QuickSearchModule:UnityEditor.Search:ASIAI0B
Importing 'GUID: 1f49bcab900e54c498a852d067a7636c - Path: Packages/com.unity.collections/Unity.Collections/NativeParallelHashMap.cs - Importer: ScriptedImporter/UnityEditor.QuickSearchModule:UnityEditor.Search:ASIAI0B' with importer (ScriptedImporter : UnityEditor.QuickSearchModule:UnityEditor.Search:ASIAI0B)
Imported 'GUID: 1f49bcab900e54c498a852d067a7636c' -> (Import Result ID: 'ebb4d2731427d6efd21d5366d2a7a664') in 0.001 seconds [static and dynamic dependencies]. Details - ImportResultOutputID=627ae386ba462b24e6b9e188321cb253 DependenciesID=27519008f8e3002a920a7359c561b5ea StaticDependenciesID=7ea2c5efa26b33f36df7bde8bbe6f150 
Number of updated asset objects reloaded before import = 0
Number of asset objects unloaded after import = 0
========================================================================
Received Import Request.
  Time of request: 2026-10-09T14:09:52.111463Z
  Time since last request: 0.000275795 seconds.
  importAddress: GUID: 92809129fe1cd814cb1c8239cdafb470 - Path: Packages/com.unity.collections/Unity.Collections/UnsafeHashSet.cs - Importer: ScriptedImporter/UnityEditor.QuickSearchModule:UnityEditor.Search:ASIAI0B
Importing 'GUID: 92809129fe1cd814cb1c8239cdafb470 - Path: Packages/com.unity.collections/Unity.Collections/UnsafeHashSet.cs - Importer: ScriptedImporter/UnityEditor.QuickSearchModule:UnityEditor.Search:ASIAI0B' with importer (ScriptedImporter : UnityEditor.QuickSearchModule:UnityEditor.Search:ASIAI0B)
Imported 'GUID: 92809129fe1cd814cb1c8239cdafb470' -> (Import Result ID: 'f6ad5817d6c06b421325a5d5be9496ce') in 0.001 seconds [static and dynamic dependencies]. Details - ImportResultOutputID=efbe96a2ab354238031b5bc04fc99b6f DependenciesID=63f19ee13ebadd110c202d6c33ab955c StaticDependenciesID=549da523a039b835e8bc6999f7715992 
Number of updated asset objects reloaded before import = 0
Number of asset objects unloaded after import = 0
========================================================================
Received Import Request.
  Time of request: 2026-10-09T14:09:52.119468Z
  Time since last request: 0.000159007 seconds.
  importAddress: GUID: eaa30f8250a44f8f8ec688563a1a36ca - Path: Packages/com.unity.collections/Unity.Collections/xxHash3.cs - Importer: ScriptedImporter/UnityEditor.QuickSearchModule:UnityEditor.Search:ASIAI0B
Importing 'GUID: eaa30f8250a44f8f8ec688563a1a36ca - Path: Packages/com.unity.collections/Unity.Collections/xxHash3.cs - Importer: ScriptedImporter/UnityEditor.QuickSearchModule:UnityEditor.Search:ASIAI0B' with importer (ScriptedImporter : UnityEditor.QuickSearchModule:UnityEditor.Search:ASIAI0B)
Imported 'GUID: eaa30f8250a44f8f8ec688563a1a36ca' -> (Import Result ID: '7460b5d75186f66e45c6dac450089f96') in 0.002 seconds [static and dynamic dependencies]. Details - ImportResultOutputID=f9376dbc1cd6886cb3c7a207e22182ed DependenciesID=748cc572249f5a4607b535ec2a9d5926 StaticDependenciesID=57a0f10d08bec8720081ca1d77087114 
Number of updated asset objects reloaded before import = 0
Number of asset objects unloaded after import = 0
========================================================================
Received Import Request.
  Time of request: 2026-10-09T14:09:52.127283Z
  Time since last request: 0.000161722 seconds.
  importAddress: GUID: cb61590201f644409612b3233df4c9da - Path: Packages/com.unity.collections/Unity.Collections/StreamCompressionModel.cs - Importer: ScriptedImporter/UnityEditor.QuickSearchModule:UnityEditor.Search:ASIAI0B
Importing 'GUID: cb61590201f644409612b3233df4c9da - Path: Packages/com.unity.collections/Unity.Collections/StreamCompressionModel.cs - Importer: ScriptedImporter/UnityEditor.QuickSearchModule:UnityEditor.Search:ASIAI0B' with importer (ScriptedImporter : UnityEditor.QuickSearchModule:UnityEditor.Search:ASIAI0B)
Imported 'GUID: cb61590201f644409612b3233df4c9da' -> (Import Result ID: '5c40c0579dde0ae6fe8e2b314e8a5b8f') in 0.002 seconds [static and dynamic dependencies]. Details - ImportResultOutputID=b896d4775ac708e5d996c7809beb4609 DependenciesID=e1a02a5e0c16f7eb844bb7384589447a StaticDependenciesID=518667c658fe9b6a59bc6de4f2fb9511 
Number of updated asset objects reloaded before import = 0
Number of asset objects unloaded after import = 0
========================================================================
Received Import Request.
  Time of request: 2026-10-09T14:09:52.135855Z
  Time since last request: 0.000146653 seconds.
  importAddress: GUID: dbd3ca1753e44d04dbf3e27c3cfa4a1b - Path: Packages/com.unity.collections/Unity.Collections/UnsafeParallelHashSetExtensions.tt - Importer: ScriptedImporter/UnityEditor.QuickSearchModule:UnityEditor.Search:ASIAI0B
Importing 'GUID: dbd3ca1753e44d04dbf3e27c3cfa4a1b - Path: Packages/com.unity.collections/Unity.Collections/UnsafeParallelHashSetExtensions.tt - Importer: ScriptedImporter/UnityEditor.QuickSearchModule:UnityEditor.Search:ASIAI0B' with importer (ScriptedImporter : UnityEditor.QuickSearchModule:UnityEditor.Search:ASIAI0B)
Imported 'GUID: dbd3ca1753e44d04dbf3e27c3cfa4a1b' -> (Import Result ID: '6bee78aedb1ccdd8bb4232c6318f3500') in 0.002 seconds [static and dynamic dependencies]. Details - ImportResultOutputID=9fa7484acf40060d1a0a7b3edf856450 DependenciesID=5ab0c0414de0eebb3cbf6cf5374c4900 StaticDependenciesID=1a95cee14d012dbd86af27887035a3fe 
Number of updated asset objects reloaded before import = 0
Number of asset objects unloaded after import = 1
========================================================================
Received Import Request.
  Time of request: 2026-10-09T14:09:52.149391Z
  Time since last request: 0.005521507 seconds.
  importAddress: GUID: 1cf995a69bb0bd844b0d2a1fa5004d0b - Path: Packages/com.unity.collections/Unity.Collections.PerformanceTests.Internal/AssemblyInfo.cs - Importer: ScriptedImporter/UnityEditor.QuickSearchModule:UnityEditor.Search:ASIAI0B
Importing 'GUID: 1cf995a69bb0bd844b0d2a1fa5004d0b - Path: Packages/com.unity.collections/Unity.Collections.PerformanceTests.Internal/AssemblyInfo.cs - Importer: ScriptedImporter/UnityEditor.QuickSearchModule:UnityEditor.Search:ASIAI0B' with importer (ScriptedImporter : UnityEditor.QuickSearchModule:UnityEditor.Search:ASIAI0B)
Imported 'GUID: 1cf995a69bb0bd844b0d2a1fa5004d0b' -> (Import Result ID: '98f77b72a36523c67892efcf84459aae') in 0.003 seconds [static and dynamic dependencies]. Details - ImportResultOutputID=7788949e835ab9eb38ff4bcc8c327f0b DependenciesID=6103e97631b6d7ae641812cca00dfbbb StaticDependenciesID=6943c56a5d419b8dd2c3810fd804c702 
Number of updated asset objects reloaded before import = 0
Number of asset objects unloaded after import = 0
========================================================================
Received Import Request.
  Time of request: 2026-10-09T14:09:52.159265Z
  Time since last request: 0.000111859 seconds.
  importAddress: GUID: 658c5e8f30c4cbe4b88301ce6599a6fb - Path: Packages/com.unity.collections/Unity.Collections.PerformanceTests/ParallelHashSetPerformanceTests.cs - Importer: ScriptedImporter/UnityEditor.QuickSearchModule:UnityEditor.Search:ASIAI0B
Importing 'GUID: 658c5e8f30c4cbe4b88301ce6599a6fb - Path: Packages/com.unity.collections/Unity.Collections.PerformanceTests/ParallelHashSetPerformanceTests.cs - Importer: ScriptedImporter/UnityEditor.QuickSearchModule:UnityEditor.Search:ASIAI0B' with importer (ScriptedImporter : UnityEditor.QuickSearchModule:UnityEditor.Search:ASIAI0B)
Imported 'GUID: 658c5e8f30c4cbe4b88301ce6599a6fb' -> (Import Result ID: '16fa75000164c4c60d8f71f12d596356') in 0.001 seconds [static and dynamic dependencies]. Details - ImportResultOutputID=9b6a95d4b3b0a9b404e68096579f6cc8 DependenciesID=f20bf65fede1f360038e0506675ea1c7 StaticDependenciesID=a03b00aff095d6b8a4e7fbdba3ece566 
Number of updated asset objects reloaded before import = 0
Number of asset objects unloaded after import = 0
========================================================================
Received Import Request.
  Time of request: 2026-10-09T14:09:52.166833Z
  Time since last request: 0.000191317 seconds.
  importAddress: GUID: f492edc6c73b74b7f994f4e948d53302 - Path: Packages/com.unity.collections/Unity.Collections.Tests/NativeListTests.cs - Importer: ScriptedImporter/UnityEditor.QuickSearchModule:UnityEditor.Search:ASIAI0B
Importing 'GUID: f492edc6c73b74b7f994f4e948d53302 - Path: Packages/com.unity.collections/Unity.Collections.Tests/NativeListTests.cs - Importer: ScriptedImporter/UnityEditor.QuickSearchModule:UnityEditor.Search:ASIAI0B' with importer (ScriptedImporter : UnityEditor.QuickSearchModule:UnityEditor.Search:ASIAI0B)
Imported 'GUID: f492edc6c73b74b7f994f4e948d53302' -> (Import Result ID: 'c42f64f8f7e4c95be3f72c0734e5715f') in 0.001 seconds [static and dynamic dependencies]. Details - ImportResultOutputID=3186afd73f1d4d11124e19bba42306c2 DependenciesID=4097a9d224e8b1db18faf9e413ca90d3 StaticDependenciesID=70624cadb2a6541517cfde746b5e5d73 
Number of updated asset objects reloaded before import = 0
Number of asset objects unloaded after import = 0
========================================================================
Received Import Request.
  Time of request: 2026-10-09T14:09:52.174978Z
  Time since last request: 0.000290072 seconds.
  importAddress: GUID: 54ed1315d43524f428aeb6d72cd16cc0 - Path: Packages/com.unity.collections/Unity.Collections.Tests/NativeQueueTests_InJobs.cs - Importer: ScriptedImporter/UnityEditor.QuickSearchModule:UnityEditor.Search:ASIAI0B
Importing 'GUID: 54ed1315d43524f428aeb6d72cd16cc0 - Path: Packages/com.unity.collections/Unity.Collections.Tests/NativeQueueTests_InJobs.cs - Importer: ScriptedImporter/UnityEditor.QuickSearchModule:UnityEditor.Search:ASIAI0B' with importer (ScriptedImporter : UnityEditor.QuickSearchModule:UnityEditor.Search:ASIAI0B)
Imported 'GUID: 54ed1315d43524f428aeb6d72cd16cc0' -> (Import Result ID: '69a6b978b1f6203e45829af09528ef51') in 0.002 seconds [static and dynamic dependencies]. Details - ImportResultOutputID=7df7ff4edb85dfa318cebd1c6f985717 DependenciesID=7afae25e6b6ee15c2eb542f24fdf5265 StaticDependenciesID=043cbe8adf2cb195ff76b4a9b29508b7 
Number of updated asset objects reloaded before import = 0
Number of asset objects unloaded after import = 0
========================================================================
Received Import Request.
  Time of request: 2026-10-09T14:09:52.183355Z
  Time since last request: 0.000585694 seconds.
  importAddress: GUID: 0a06298414d1430487a2bc2bde42fba6 - Path: Packages/com.unity.collections/Unity.Collections.Tests/FixedStringSizedTests.gen.cs - Importer: ScriptedImporter/UnityEditor.QuickSearchModule:UnityEditor.Search:ASIAI0B
Importing 'GUID: 0a06298414d1430487a2bc2bde42fba6 - Path: Packages/com.unity.collections/Unity.Collections.Tests/FixedStringSizedTests.gen.cs - Importer: ScriptedImporter/UnityEditor.QuickSearchModule:UnityEditor.Search:ASIAI0B' with importer (ScriptedImporter : UnityEditor.QuickSearchModule:UnityEditor.Search:ASIAI0B)
Imported 'GUID: 0a06298414d1430487a2bc2bde42fba6' -> (Import Result ID: 'd61064545462e16be9894e2fcfadf25a') in 0.001 seconds [static and dynamic dependencies]. Details - ImportResultOutputID=a7e3ea7c6d58af5d877b205e91a48625 DependenciesID=5ca172b9ed958e0dec4f65398bb23d35 StaticDependenciesID=f846cc9ee322fb5b74ab81ffb8b8d48d 
Number of updated asset objects reloaded before import = 0
Number of asset objects unloaded after import = 0
========================================================================
Received Import Request.
  Time of request: 2026-10-09T14:09:52.193422Z
  Time since last request: 0.000330537 seconds.
  importAddress: GUID: e63bf9a80e1c4f6fa05404f9afe1bb32 - Path: Packages/com.unity.collections/Unity.Collections.Tests/FixedStringCultureTests.cs - Importer: ScriptedImporter/UnityEditor.QuickSearchModule:UnityEditor.Search:ASIAI0B
Importing 'GUID: e63bf9a80e1c4f6fa05404f9afe1bb32 - Path: Packages/com.unity.collections/Unity.Collections.Tests/FixedStringCultureTests.cs - Importer: ScriptedImporter/UnityEditor.QuickSearchModule:UnityEditor.Search:ASIAI0B' with importer (ScriptedImporter : UnityEditor.QuickSearchModule:UnityEditor.Search:ASIAI0B)
Imported 'GUID: e63bf9a80e1c4f6fa05404f9afe1bb32' -> (Import Result ID: '011f1db13594b17daa9be4ec7abe1efe') in 0.001 seconds [static and dynamic dependencies]. Details - ImportResultOutputID=1f32d3664c7f1ebbd53ee0d10b573174 DependenciesID=07e9d678dfc4617b4c33a4ec0a985baa StaticDependenciesID=315a34239d0bd12cb28053f433d64795 
Number of updated asset objects reloaded before import = 0
Number of asset objects unloaded after import = 0
========================================================================
Received Import Request.
  Time of request: 2026-10-09T14:09:52.201236Z
  Time since last request: 0.000299098 seconds.
  importAddress: GUID: eebf40a7db1244e6782a238f4c5d279b - Path: Packages/com.unity.collections/Unity.Collections.Tests/NativeListTests_JobDebugger.cs - Importer: ScriptedImporter/UnityEditor.QuickSearchModule:UnityEditor.Search:ASIAI0B
Importing 'GUID: eebf40a7db1244e6782a238f4c5d279b - Path: Packages/com.unity.collections/Unity.Collections.Tests/NativeListTests_JobDebugger.cs - Importer: ScriptedImporter/UnityEditor.QuickSearchModule:UnityEditor.Search:ASIAI0B' with importer (ScriptedImporter : UnityEditor.QuickSearchModule:UnityEditor.Search:ASIAI0B)
Imported 'GUID: eebf40a7db1244e6782a238f4c5d279b' -> (Import Result ID: '0f7b6bd352b35e9f9c3402783661c0cc') in 0.002 seconds [static and dynamic dependencies]. Details - ImportResultOutputID=b7f85aaa7a035214aafe0881ea4d5086 DependenciesID=d5f2af8845609a14dd12e913b0e5400f StaticDependenciesID=2eba439f9ac84c46fbe17672097c79ca 
Number of updated asset objects reloaded before import = 0
Number of asset objects unloaded after import = 0
========================================================================
Received Import Request.
  Time of request: 2026-10-09T14:09:52.209848Z
  Time since last request: 0.000419684 seconds.
  importAddress: GUID: 64222b0d0713a412f92762e2fccd795a - Path: Packages/com.unity.collections/Unity.Collections.PerformanceTests/Unity.Collections.PerformanceTests.asmdef - Importer: ScriptedImporter/UnityEditor.QuickSearchModule:UnityEditor.Search:ASIAI0B
Importing 'GUID: 64222b0d0713a412f92762e2fccd795a - Path: Packages/com.unity.collections/Unity.Collections.PerformanceTests/Unity.Collections.PerformanceTests.asmdef - Importer: ScriptedImporter/UnityEditor.QuickSearchModule:UnityEditor.Search:ASIAI0B' with importer (ScriptedImporter : UnityEditor.QuickSearchModule:UnityEditor.Search:ASIAI0B)
Imported 'GUID: 64222b0d0713a412f92762e2fccd795a' -> (Import Result ID: '9f14e2103ec8976960f0e5b9676f750a') in 0.001 seconds [static and dynamic dependencies]. Details - ImportResultOutputID=da3412983facc8ecb1bc1b89eb9f200a DependenciesID=e7c023dd8ebbf23c54c85788e4a12b40 StaticDependenciesID=168cba9f4b696048d995e62e87b987a5 
Number of updated asset objects reloaded before import = 0
Number of asset objects unloaded after import = 1
========================================================================
Received Import Request.
  Time of request: 2026-10-09T14:09:52.218312Z
  Time since last request: 0.000426957 seconds.
  importAddress: GUID: 775a8d1badc640e45a6030c3822a83d7 - Path: Packages/com.unity.collections/Unity.Collections.Tests/FixedListTests.tt - Importer: ScriptedImporter/UnityEditor.QuickSearchModule:UnityEditor.Search:ASIAI0B
Importing 'GUID: 775a8d1badc640e45a6030c3822a83d7 - Path: Packages/com.unity.collections/Unity.Collections.Tests/FixedListTests.tt - Importer: ScriptedImporter/UnityEditor.QuickSearchModule:UnityEditor.Search:ASIAI0B' with importer (ScriptedImporter : UnityEditor.QuickSearchModule:UnityEditor.Search:ASIAI0B)
Imported 'GUID: 775a8d1badc640e45a6030c3822a83d7' -> (Import Result ID: 'b0451a1c272f9c3153ac97132f8c0b0e') in 0.001 seconds [static and dynamic dependencies]. Details - ImportResultOutputID=8a1f7cd6e1722ebaec2b28f7b64287d3 DependenciesID=20eda8fc6e63f32bc7fd4fc6ae524976 StaticDependenciesID=172424d66c0b9d39e41f6961f53c012b 
Number of updated asset objects reloaded before import = 0
Number of asset objects unloaded after import = 1
========================================================================
Received Import Request.
  Time of request: 2026-10-09T14:09:52.226331Z
  Time since last request: 0.000446643 seconds.
  importAddress: GUID: 4af3ca04cfb2f4b2e91ba58bc5adc6af - Path: Packages/com.unity.collections/Unity.Collections.Tests/NativeContainerTests_ValidateTypes_JobDebugger.cs - Importer: ScriptedImporter/UnityEditor.QuickSearchModule:UnityEditor.Search:ASIAI0B
Importing 'GUID: 4af3ca04cfb2f4b2e91ba58bc5adc6af - Path: Packages/com.unity.collections/Unity.Collections.Tests/NativeContainerTests_ValidateTypes_JobDebugger.cs - Importer: ScriptedImporter/UnityEditor.QuickSearchModule:UnityEditor.Search:ASIAI0B' with importer (ScriptedImporter : UnityEditor.QuickSearchModule:UnityEditor.Search:ASIAI0B)
Imported 'GUID: 4af3ca04cfb2f4b2e91ba58bc5adc6af' -> (Import Result ID: '728dd91e7b601f9f2b3e250b8b8b250b') in 0.001 seconds [static and dynamic dependencies]. Details - ImportResultOutputID=7dce8bd30b1b984ad7efe81135501d2e DependenciesID=6645a390672d2f348616837da0ef97dc StaticDependenciesID=9a5b00c915f62d07d143c71bf37c0c3e 
Number of updated asset objects reloaded before import = 0
Number of asset objects unloaded after import = 0
========================================================================
Received Import Request.
  Time of request: 2026-10-09T14:09:52.2346Z
  Time since last request: 0.000421386 seconds.
  importAddress: GUID: 0be05385fc513c143a5b5249b7ad6211 - Path: Packages/com.unity.collections/Unity.Collections.Tests/FixedStringSizedTests.tt - Importer: ScriptedImporter/UnityEditor.QuickSearchModule:UnityEditor.Search:ASIAI0B
Importing 'GUID: 0be05385fc513c143a5b5249b7ad6211 - Path: Packages/com.unity.collections/Unity.Collections.Tests/FixedStringSizedTests.tt - Importer: ScriptedImporter/UnityEditor.QuickSearchModule:UnityEditor.Search:ASIAI0B' with importer (ScriptedImporter : UnityEditor.QuickSearchModule:UnityEditor.Search:ASIAI0B)
Imported 'GUID: 0be05385fc513c143a5b5249b7ad6211' -> (Import Result ID: 'e75715c09b8af4f17d1d18106674a7c3') in 0.001 seconds [static and dynamic dependencies]. Details - ImportResultOutputID=f5e0e7b0a64b61c72a925b4410805c32 DependenciesID=44388efa59fb516b7bc239fe3b762abc StaticDependenciesID=266b76207f0dc7313181b89678b08b33 
Number of updated asset objects reloaded before import = 0
Number of asset objects unloaded after import = 1
========================================================================
Received Import Request.
  Time of request: 2026-10-09T14:09:52.243156Z
  Time since last request: 0.000612433 seconds.
  importAddress: GUID: ca1581892ffd54eadb405c6eb1c0ce36 - Path: Packages/com.unity.collections/Unity.Collections.Tests/NativeContainerTests_ValidateTypes.cs - Importer: ScriptedImporter/UnityEditor.QuickSearchModule:UnityEditor.Search:ASIAI0B
Importing 'GUID: ca1581892ffd54eadb405c6eb1c0ce36 - Path: Packages/com.unity.collections/Unity.Collections.Tests/NativeContainerTests_ValidateTypes.cs - Importer: ScriptedImporter/UnityEditor.QuickSearchModule:UnityEditor.Search:ASIAI0B' with importer (ScriptedImporter : UnityEditor.QuickSearchModule:UnityEditor.Search:ASIAI0B)
Imported 'GUID: ca1581892ffd54eadb405c6eb1c0ce36' -> (Import Result ID: '8fa25a24190df164ca75f2243d315625') in 0.002 seconds [static and dynamic dependencies]. Details - ImportResultOutputID=9a1d39a5129db401c077b4aead8e6a0a DependenciesID=43bc4ea597aa4d96151bdbc7e42c493a StaticDependenciesID=79179c6e313c1e56471c5669a29c316f 
Number of updated asset objects reloaded before import = 0
Number of asset objects unloaded after import = 0
========================================================================
Received Import Request.
  Time of request: 2026-10-09T14:09:52.251341Z
  Time since last request: 0.000292616 seconds.
  importAddress: GUID: a3e73147e051c3f448aa8c6a4e07c55b - Path: Packages/com.unity.collections/Unity.Collections.Tests/FixedListTests.gen.cs - Importer: ScriptedImporter/UnityEditor.QuickSearchModule:UnityEditor.Search:ASIAI0B
Importing 'GUID: a3e73147e051c3f448aa8c6a4e07c55b - Path: Packages/com.unity.collections/Unity.Collections.Tests/FixedListTests.gen.cs - Importer: ScriptedImporter/UnityEditor.QuickSearchModule:UnityEditor.Search:ASIAI0B' with importer (ScriptedImporter : UnityEditor.QuickSearchModule:UnityEditor.Search:ASIAI0B)
Imported 'GUID: a3e73147e051c3f448aa8c6a4e07c55b' -> (Import Result ID: 'cd3da5aa351e94364324ff2fed4b8b72') in 0.001 seconds [static and dynamic dependencies]. Details - ImportResultOutputID=a5dd97ab0e00af0d37bd06b2bfd9cd4b DependenciesID=31aa575a293093d0a83dbea74c06d74d StaticDependenciesID=59b4d177126acb8e0b5b77f86246f5d3 
Number of updated asset objects reloaded before import = 0
Number of asset objects unloaded after import = 0
========================================================================
Received Import Request.
  Time of request: 2026-10-09T14:09:52.2607Z
  Time since last request: 0.001005006 seconds.
  importAddress: GUID: b737b50d5785388458f6bc50c9dfa8ea - Path: Packages/com.unity.collections/Unity.Collections.Tests/NativeReferenceTests.cs - Importer: ScriptedImporter/UnityEditor.QuickSearchModule:UnityEditor.Search:ASIAI0B
Importing 'GUID: b737b50d5785388458f6bc50c9dfa8ea - Path: Packages/com.unity.collections/Unity.Collections.Tests/NativeReferenceTests.cs - Importer: ScriptedImporter/UnityEditor.QuickSearchModule:UnityEditor.Search:ASIAI0B' with importer (ScriptedImporter : UnityEditor.QuickSearchModule:UnityEditor.Search:ASIAI0B)
Imported 'GUID: b737b50d5785388458f6bc50c9dfa8ea' -> (Import Result ID: '0b902accde3901e22cec25e05d2d759c') in 0.002 seconds [static and dynamic dependencies]. Details - ImportResultOutputID=b904188e14b346414ebed5788247931b DependenciesID=4bdccde394d87e9c6c92019b1e3bbe2c StaticDependenciesID=da8c711384e1be980a08efbb4ed589ac 
Number of updated asset objects reloaded before import = 0
Number of asset objects unloaded after import = 0
========================================================================
Received Import Request.
  Time of request: 2026-10-09T14:09:52.270677Z
  Time since last request: 0.000298738 seconds.
  importAddress: GUID: bab7c0ffc204a4a66b298944fa98b4ec - Path: Packages/com.unity.collections/Unity.Collections.Tests/NativeParallelMultiHashMapTestsFixture.cs - Importer: ScriptedImporter/UnityEditor.QuickSearchModule:UnityEditor.Search:ASIAI0B
Importing 'GUID: bab7c0ffc204a4a66b298944fa98b4ec - Path: Packages/com.unity.collections/Unity.Collections.Tests/NativeParallelMultiHashMapTestsFixture.cs - Importer: ScriptedImporter/UnityEditor.QuickSearchModule:UnityEditor.Search:ASIAI0B' with importer (ScriptedImporter : UnityEditor.QuickSearchModule:UnityEditor.Search:ASIAI0B)
Imported 'GUID: bab7c0ffc204a4a66b298944fa98b4ec' -> (Import Result ID: '960bbaafb81ca433b5085e0f2eac2453') in 0.001 seconds [static and dynamic dependencies]. Details - ImportResultOutputID=43991d3da158f9e04eb18b8269571727 DependenciesID=51387aef1bec599e19a2b8d3333e797a StaticDependenciesID=eeaafe2ae0a36d62ac45e738d6a6cf50 
Number of updated asset objects reloaded before import = 0
Number of asset objects unloaded after import = 0
========================================================================
Received Import Request.
  Time of request: 2026-10-09T14:09:52.279674Z
  Time since last request: 0.000130644 seconds.
  importAddress: GUID: c36ef913bacb15447a97002bb91c9870 - Path: Packages/com.unity.collections/Unity.Collections.PerformanceTests/UnsafeStreamPerformanceTests.cs - Importer: ScriptedImporter/UnityEditor.QuickSearchModule:UnityEditor.Search:ASIAI0B
Importing 'GUID: c36ef913bacb15447a97002bb91c9870 - Path: Packages/com.unity.collections/Unity.Collections.PerformanceTests/UnsafeStreamPerformanceTests.cs - Importer: ScriptedImporter/UnityEditor.QuickSearchModule:UnityEditor.Search:ASIAI0B' with importer (ScriptedImporter : UnityEditor.QuickSearchModule:UnityEditor.Search:ASIAI0B)
Imported 'GUID: c36ef913bacb15447a97002bb91c9870' -> (Import Result ID: 'a5486c21c1275a4ef1048fc613dfe289') in 0.001 seconds [static and dynamic dependencies]. Details - ImportResultOutputID=23f195c120971e6c9e5d3061c219cc89 DependenciesID=3a99421d9a3a8379232d8c207e760605 StaticDependenciesID=2c81fe58aefe9092d52674b4d4fbf72b 
Number of updated asset objects reloaded before import = 0
Number of asset objects unloaded after import = 0
========================================================================
Received Import Request.
  Time of request: 2026-10-09T14:09:52.295696Z
  Time since last request: 0.008383719 seconds.
  importAddress: GUID: 80a939763935fdd40bf953a1e49678cf - Path: Packages/com.unity.nuget.mono-cecil/Mono.Cecil.Pdb.dll - Importer: ScriptedImporter/UnityEditor.QuickSearchModule:UnityEditor.Search:ASIAI0B
Importing 'GUID: 80a939763935fdd40bf953a1e49678cf - Path: Packages/com.unity.nuget.mono-cecil/Mono.Cecil.Pdb.dll - Importer: ScriptedImporter/UnityEditor.QuickSearchModule:UnityEditor.Search:ASIAI0B' with importer (ScriptedImporter : UnityEditor.QuickSearchModule:UnityEditor.Search:ASIAI0B)
Imported 'GUID: 80a939763935fdd40bf953a1e49678cf' -> (Import Result ID: '002488179b3481ee20e2548819f5d5cd') in 0.002 seconds [static and dynamic dependencies]. Details - ImportResultOutputID=586a0cf66b2d4fa47c6f88299ba67ec5 DependenciesID=6639f9cca05a659e257721a684eefff7 StaticDependenciesID=51a40d41615914d5826db12e2d8ad8e9 
Number of updated asset objects reloaded before import = 0
Number of asset objects unloaded after import = 0
========================================================================
Received Import Request.
  Time of request: 2026-10-09T14:09:52.30431Z
  Time since last request: 0.000342709 seconds.
  importAddress: GUID: fc59d1e6c6d24a569be25eea553b326f - Path: Packages/com.unity.collections/Unity.Collections.Tests/UnsafeTextTests.cs - Importer: ScriptedImporter/UnityEditor.QuickSearchModule:UnityEditor.Search:ASIAI0B
Importing 'GUID: fc59d1e6c6d24a569be25eea553b326f - Path: Packages/com.unity.collections/Unity.Collections.Tests/UnsafeTextTests.cs - Importer: ScriptedImporter/UnityEditor.QuickSearchModule:UnityEditor.Search:ASIAI0B' with importer (ScriptedImporter : UnityEditor.QuickSearchModule:UnityEditor.Search:ASIAI0B)
Imported 'GUID: fc59d1e6c6d24a569be25eea553b326f' -> (Import Result ID: '19ce363d849574b3c69dbc6b009ff776') in 0.002 seconds [static and dynamic dependencies]. Details - ImportResultOutputID=5c5326f14ba08da4e9dc3ae85c464fb6 DependenciesID=be761c23dc711bf033023aba55a3adba StaticDependenciesID=54f4f1ae9b82e3767a38d732190ee61f 
Number of updated asset objects reloaded before import = 0
Number of asset objects unloaded after import = 0
========================================================================
Received Import Request.
  Time of request: 2026-10-09T14:09:52.312542Z
  Time since last request: 0.000214341 seconds.
  importAddress: GUID: ebbea1c70c20149eea64c53647a70872 - Path: Packages/com.unity.collections/Unity.Collections.Tests/Unity.Collections.Tests.asmdef - Importer: ScriptedImporter/UnityEditor.QuickSearchModule:UnityEditor.Search:ASIAI0B
Importing 'GUID: ebbea1c70c20149eea64c53647a70872 - Path: Packages/com.unity.collections/Unity.Collections.Tests/Unity.Collections.Tests.asmdef - Importer: ScriptedImporter/UnityEditor.QuickSearchModule:UnityEditor.Search:ASIAI0B' with importer (ScriptedImporter : UnityEditor.QuickSearchModule:UnityEditor.Search:ASIAI0B)
Imported 'GUID: ebbea1c70c20149eea64c53647a70872' -> (Import Result ID: 'b296d5c0c653c28712e367cfe7c3c2bf') in 0.001 seconds [static and dynamic dependencies]. Details - ImportResultOutputID=c189dc06d326d9a059f7a1024c540056 DependenciesID=b002fbed8e540b032497aac4db6a4199 StaticDependenciesID=4dfd1f0ce724eec886375bbae6166a9e 
Number of updated asset objects reloaded before import = 0
Number of asset objects unloaded after import = 1
========================================================================
Received Import Request.
  Time of request: 2026-10-09T14:09:52.321053Z
  Time since last request: 0.000714163 seconds.
  importAddress: GUID: 852087422f7ffd8438353fe6f69ee201 - Path: Packages/com.unity.collections/Unity.Collections.PerformanceTests/Unity.PerformanceTesting.Benchmark/BenchmarkReportData.cs - Importer: ScriptedImporter/UnityEditor.QuickSearchModule:UnityEditor.Search:ASIAI0B
Importing 'GUID: 852087422f7ffd8438353fe6f69ee201 - Path: Packages/com.unity.collections/Unity.Collections.PerformanceTests/Unity.PerformanceTesting.Benchmark/BenchmarkReportData.cs - Importer: ScriptedImporter/UnityEditor.QuickSearchModule:UnityEditor.Search:ASIAI0B' with importer (ScriptedImporter : UnityEditor.QuickSearchModule:UnityEditor.Search:ASIAI0B)
Imported 'GUID: 852087422f7ffd8438353fe6f69ee201' -> (Import Result ID: '31a3928147328d866df113aa3e39b923') in 0.001 seconds [static and dynamic dependencies]. Details - ImportResultOutputID=39b40f26f563411cd8513978a8f2fe39 DependenciesID=f98f19b42cb3841832ed320fbebd0be1 StaticDependenciesID=f87797edab96d3f75ce14f99adaf1161 
Number of updated asset objects reloaded before import = 0
Number of asset objects unloaded after import = 0
========================================================================
Received Import Request.
  Time of request: 2026-10-09T14:09:52.329242Z
  Time since last request: 0.000165369 seconds.
  importAddress: GUID: fd28abb4e35d9472389061aeb5494474 - Path: Packages/com.unity.collections/Unity.Collections.Tests/UnsafeUtilityTests.cs - Importer: ScriptedImporter/UnityEditor.QuickSearchModule:UnityEditor.Search:ASIAI0B
Importing 'GUID: fd28abb4e35d9472389061aeb5494474 - Path: Packages/com.unity.collections/Unity.Collections.Tests/UnsafeUtilityTests.cs - Importer: ScriptedImporter/UnityEditor.QuickSearchModule:UnityEditor.Search:ASIAI0B' with importer (ScriptedImporter : UnityEditor.QuickSearchModule:UnityEditor.Search:ASIAI0B)
Imported 'GUID: fd28abb4e35d9472389061aeb5494474' -> (Import Result ID: 'c84fb0dcfc37ca40767cc77b7570cff6') in 0.001 seconds [static and dynamic dependencies]. Details - ImportResultOutputID=88c537283cb6de819cb4c12808d4c08f DependenciesID=85f79e43f1e8fee917c390d5bd82c433 StaticDependenciesID=968d8971e38deef83b590abbc9bdb841 
Number of updated asset objects reloaded before import = 0
Number of asset objects unloaded after import = 0
========================================================================
Received Import Request.
  Time of request: 2026-10-09T14:09:52.33801Z
  Time since last request: 0.000933723 seconds.
  importAddress: GUID: a58b6fd31ddc7d8488bd40b29f1472c3 - Path: Packages/com.unity.nuget.mono-cecil/Mono.Cecil.Mdb.dll - Importer: ScriptedImporter/UnityEditor.QuickSearchModule:UnityEditor.Search:ASIAI0B
Importing 'GUID: a58b6fd31ddc7d8488bd40b29f1472c3 - Path: Packages/com.unity.nuget.mono-cecil/Mono.Cecil.Mdb.dll - Importer: ScriptedImporter/UnityEditor.QuickSearchModule:UnityEditor.Search:ASIAI0B' with importer (ScriptedImporter : UnityEditor.QuickSearchModule:UnityEditor.Search:ASIAI0B)
Imported 'GUID: a58b6fd31ddc7d8488bd40b29f1472c3' -> (Import Result ID: '5dcfe154602cc846ff9c59cca9873f7c') in 0.002 seconds [static and dynamic dependencies]. Details - ImportResultOutputID=221d51106014257a1b55de52e00b4502 DependenciesID=f290b513476a5a23116c1b1806be3885 StaticDependenciesID=05c516a09fa06d4516210343cdfee0b9 
Number of updated asset objects reloaded before import = 0
Number of asset objects unloaded after import = 0
========================================================================
Received Import Request.
  Time of request: 2026-10-09T14:09:52.346616Z
  Time since last request: 0.000532184 seconds.
  importAddress: GUID: 1c4f87267cc02d948a6a332c8768cd23 - Path: Packages/com.unity.collections/Unity.Collections.Tests/UnsafeListTests.cs - Importer: ScriptedImporter/UnityEditor.QuickSearchModule:UnityEditor.Search:ASIAI0B
Importing 'GUID: 1c4f87267cc02d948a6a332c8768cd23 - Path: Packages/com.unity.collections/Unity.Collections.Tests/UnsafeListTests.cs - Importer: ScriptedImporter/UnityEditor.QuickSearchModule:UnityEditor.Search:ASIAI0B' with importer (ScriptedImporter : UnityEditor.QuickSearchModule:UnityEditor.Search:ASIAI0B)
Imported 'GUID: 1c4f87267cc02d948a6a332c8768cd23' -> (Import Result ID: 'b737b789f0bbdfbd556c82c589c2dd69') in 0.002 seconds [static and dynamic dependencies]. Details - ImportResultOutputID=4c9b75b1ff5cd8164f68ed3a6eafc6cf DependenciesID=d541a6d829909eb04bc51c94975b71b6 StaticDependenciesID=f4e42fe89173f555792f72a62dba3104 
Number of updated asset objects reloaded before import = 0
Number of asset objects unloaded after import = 0
========================================================================
Received Import Request.
  Time of request: 2026-10-09T14:09:52.35481Z
  Time since last request: 0.000444049 seconds.
  importAddress: GUID: 5156390dc6b2ab64a83222b2fe68cd0f - Path: Packages/com.unity.collections/Unity.Collections.Tests/SpookyHashTests.cs - Importer: ScriptedImporter/UnityEditor.QuickSearchModule:UnityEditor.Search:ASIAI0B
Importing 'GUID: 5156390dc6b2ab64a83222b2fe68cd0f - Path: Packages/com.unity.collections/Unity.Collections.Tests/SpookyHashTests.cs - Importer: ScriptedImporter/UnityEditor.QuickSearchModule:UnityEditor.Search:ASIAI0B' with importer (ScriptedImporter : UnityEditor.QuickSearchModule:UnityEditor.Search:ASIAI0B)
Imported 'GUID: 5156390dc6b2ab64a83222b2fe68cd0f' -> (Import Result ID: 'e17178772e0d3c1508798bcb7150d18f') in 0.002 seconds [static and dynamic dependencies]. Details - ImportResultOutputID=83abd7bd935db31621d59e610258113b DependenciesID=a07a4881126b6bc70472dd6704910b0b StaticDependenciesID=4102889ed6540053792ef6d0b9d0aad7 
Number of updated asset objects reloaded before import = 0
Number of asset objects unloaded after import = 0
========================================================================
Received Import Request.
  Time of request: 2026-10-09T14:09:52.36358Z
  Time since last request: 0.00068582 seconds.
  importAddress: GUID: 5c1ee4056d0ac7ad3c5a16597fcaa38a - Path: Packages/com.unity.modules.physics/package.ModuleCompilationTrigger - Importer: ScriptedImporter/UnityEditor.QuickSearchModule:UnityEditor.Search:ASIAI0B
Importing 'GUID: 5c1ee4056d0ac7ad3c5a16597fcaa38a - Path: Packages/com.unity.modules.physics/package.ModuleCompilationTrigger - Importer: ScriptedImporter/UnityEditor.QuickSearchModule:UnityEditor.Search:ASIAI0B' with importer (ScriptedImporter : UnityEditor.QuickSearchModule:UnityEditor.Search:ASIAI0B)
Imported 'GUID: 5c1ee4056d0ac7ad3c5a16597fcaa38a' -> (Import Result ID: '5b5c3232e10737a7586a24a912dfe9df') in 0.002 seconds [static and dynamic dependencies]. Details - ImportResultOutputID=18d07da3445f7e4dafda52cc1350a69b DependenciesID=33b553c39a511cdb51bbdeb61d1a7be9 StaticDependenciesID=448674914c29a07701603b1e03d1cf43 
Number of updated asset objects reloaded before import = 0
Number of asset objects unloaded after import = 1
========================================================================
Received Import Request.
  Time of request: 2026-10-09T14:09:52.371495Z
  Time since last request: 0.000563893 seconds.
  importAddress: GUID: 1a4266815e998967becf686f9c71f0a6 - Path: Packages/com.unity.modules.physics/package.json - Importer: ScriptedImporter/UnityEditor.QuickSearchModule:UnityEditor.Search:ASIAI0B
Importing 'GUID: 1a4266815e998967becf686f9c71f0a6 - Path: Packages/com.unity.modules.physics/package.json - Importer: ScriptedImporter/UnityEditor.QuickSearchModule:UnityEditor.Search:ASIAI0B' with importer (ScriptedImporter : UnityEditor.QuickSearchModule:UnityEditor.Search:ASIAI0B)
Imported 'GUID: 1a4266815e998967becf686f9c71f0a6' -> (Import Result ID: '1569842d2efb3eca6dd94156d1f810e5') in 0.001 seconds [static and dynamic dependencies]. Details - ImportResultOutputID=8b9143fa62fdfdcdba77aaa1285480ad DependenciesID=732e8b8281ba42253679dbca0fdf982b StaticDependenciesID=f5180b88593d7a824a18d98d58cef16c 
Number of updated asset objects reloaded before import = 0
Number of asset objects unloaded after import = 1
========================================================================
Received Import Request.
  Time of request: 2026-10-09T14:09:52.379758Z
  Time since last request: 0.000330657 seconds.
  importAddress: GUID: 39650b893564f0e488e5414f92a620a0 - Path: Packages/com.unity.collections/Unity.Collections.Tests/UnsafeQueueTests.cs - Importer: ScriptedImporter/UnityEditor.QuickSearchModule:UnityEditor.Search:ASIAI0B
Importing 'GUID: 39650b893564f0e488e5414f92a620a0 - Path: Packages/com.unity.collections/Unity.Collections.Tests/UnsafeQueueTests.cs - Importer: ScriptedImporter/UnityEditor.QuickSearchModule:UnityEditor.Search:ASIAI0B' with importer (ScriptedImporter : UnityEditor.QuickSearchModule:UnityEditor.Search:ASIAI0B)
Imported 'GUID: 39650b893564f0e488e5414f92a620a0' -> (Import Result ID: '3dbf867c32f041e9bb46ec31a3285f76') in 0.002 seconds [static and dynamic dependencies]. Details - ImportResultOutputID=c9e8eea0fce737774881e53a66fefd98 DependenciesID=c64535f856ed42289caed2fb6e06998a StaticDependenciesID=39c8823013260e729049c151dc84b2c5 
Number of updated asset objects reloaded before import = 0
Number of asset objects unloaded after import = 0
========================================================================
Received Import Request.
  Time of request: 2026-10-09T14:09:52.388056Z
  Time since last request: 0.000478634 seconds.
  importAddress: GUID: a915ab4289326f442bb155465a18b013 - Path: Packages/com.unity.collections/Unity.Collections.PerformanceTests/Unity.PerformanceTesting.Benchmark/MarkdownBuilder.cs - Importer: ScriptedImporter/UnityEditor.QuickSearchModule:UnityEditor.Search:ASIAI0B
Importing 'GUID: a915ab4289326f442bb155465a18b013 - Path: Packages/com.unity.collections/Unity.Collections.PerformanceTests/Unity.PerformanceTesting.Benchmark/MarkdownBuilder.cs - Importer: ScriptedImporter/UnityEditor.QuickSearchModule:UnityEditor.Search:ASIAI0B' with importer (ScriptedImporter : UnityEditor.QuickSearchModule:UnityEditor.Search:ASIAI0B)
Imported 'GUID: a915ab4289326f442bb155465a18b013' -> (Import Result ID: 'f5efbb023c9b401d2e3426813d35df64') in 0.001 seconds [static and dynamic dependencies]. Details - ImportResultOutputID=3bfe497057451512d40dcd62b6ee999e DependenciesID=1ce667e16d647bba01ce50f53d63acd6 StaticDependenciesID=d3d4ccb9d943e5433d52d6f52b034f1b 
Number of updated asset objects reloaded before import = 0
Number of asset objects unloaded after import = 0
========================================================================
Received Import Request.
  Time of request: 2026-10-09T14:09:52.396603Z
  Time since last request: 0.000191207 seconds.
  importAddress: GUID: 8693443c8d9368d4b8b9f2beea09d699 - Path: Packages/com.unity.collections/Unity.Collections.Tests/Jobs/JobTests.cs - Importer: ScriptedImporter/UnityEditor.QuickSearchModule:UnityEditor.Search:ASIAI0B
Importing 'GUID: 8693443c8d9368d4b8b9f2beea09d699 - Path: Packages/com.unity.collections/Unity.Collections.Tests/Jobs/JobTests.cs - Importer: ScriptedImporter/UnityEditor.QuickSearchModule:UnityEditor.Search:ASIAI0B' with importer (ScriptedImporter : UnityEditor.QuickSearchModule:UnityEditor.Search:ASIAI0B)
Imported 'GUID: 8693443c8d9368d4b8b9f2beea09d699' -> (Import Result ID: '011fdd4bb190152c426bead3314c8dfa') in 0.002 seconds [static and dynamic dependencies]. Details - ImportResultOutputID=14155ce7a76e2062793d80ea58102041 DependenciesID=0c387afc11ca321ccc819444d117357a StaticDependenciesID=1a1e2ec4a4c5c151eb6febe36b65c31e 
Number of updated asset objects reloaded before import = 0
Number of asset objects unloaded after import = 0
========================================================================
Received Import Request.
  Time of request: 2026-10-09T14:09:52.406071Z
  Time since last request: 0.00011771 seconds.
  importAddress: GUID: 5119b277252d21c4aa1540431904090e - Path: Packages/com.unity.collections/Unity.Collections.Tests/Jobs/CoreCLRTestAssemblies/PrivateJobNested/NestedPrivateJobTestJob.cs - Importer: ScriptedImporter/UnityEditor.QuickSearchModule:UnityEditor.Search:ASIAI0B
Importing 'GUID: 5119b277252d21c4aa1540431904090e - Path: Packages/com.unity.collections/Unity.Collections.Tests/Jobs/CoreCLRTestAssemblies/PrivateJobNested/NestedPrivateJobTestJob.cs - Importer: ScriptedImporter/UnityEditor.QuickSearchModule:UnityEditor.Search:ASIAI0B' with importer (ScriptedImporter : UnityEditor.QuickSearchModule:UnityEditor.Search:ASIAI0B)
Imported 'GUID: 5119b277252d21c4aa1540431904090e' -> (Import Result ID: '337dc88b45f81a0ef2890fc3c1e63608') in 0.001 seconds [static and dynamic dependencies]. Details - ImportResultOutputID=94cc2141456d7a2d2554cb83a04f9731 DependenciesID=be511667fff09aff3898a17140ceea08 StaticDependenciesID=5087c20bd1ee21f8aec6ed2f0507acfa 
Number of updated asset objects reloaded before import = 0
Number of asset objects unloaded after import = 0
========================================================================
Received Import Request.
  Time of request: 2026-10-09T14:09:52.414475Z
  Time since last request: 0.00018725 seconds.
  importAddress: GUID: 4dc2e5d287a58464b9af31aabf8a6cab - Path: Packages/com.unity.collections/Unity.Collections.PerformanceTests/Unity.PerformanceTesting.Benchmark/BenchmarkRunner.cs - Importer: ScriptedImporter/UnityEditor.QuickSearchModule:UnityEditor.Search:ASIAI0B
Importing 'GUID: 4dc2e5d287a58464b9af31aabf8a6cab - Path: Packages/com.unity.collections/Unity.Collections.PerformanceTests/Unity.PerformanceTesting.Benchmark/BenchmarkRunner.cs - Importer: ScriptedImporter/UnityEditor.QuickSearchModule:UnityEditor.Search:ASIAI0B' with importer (ScriptedImporter : UnityEditor.QuickSearchModule:UnityEditor.Search:ASIAI0B)
Imported 'GUID: 4dc2e5d287a58464b9af31aabf8a6cab' -> (Import Result ID: 'd48ba7b4e586c760d292eae3e9721681') in 0.002 seconds [static and dynamic dependencies]. Details - ImportResultOutputID=7c1f4d2c6d5c8e7f3a74d8d1b6fbb70e DependenciesID=9d78c9b4df1fd33b50ea8e29cf5c6fa5 StaticDependenciesID=e0892376ae5dda6c2dc4aacc795dce8e 
Number of updated asset objects reloaded before import = 0
Number of asset objects unloaded after import = 0
========================================================================
Received Import Request.
  Time of request: 2026-10-09T14:09:52.439964Z
  Time since last request: 0.01773254 seconds.
  importAddress: GUID: e4c8094ce73742d79e92d10007f8e55b - Path: Packages/com.unity.searcher/Editor/Searcher/SearcherHighlighter.cs - Importer: ScriptedImporter/UnityEditor.QuickSearchModule:UnityEditor.Search:ASIAI0B
Importing 'GUID: e4c8094ce73742d79e92d10007f8e55b - Path: Packages/com.unity.searcher/Editor/Searcher/SearcherHighlighter.cs - Importer: ScriptedImporter/UnityEditor.QuickSearchModule:UnityEditor.Search:ASIAI0B' with importer (ScriptedImporter : UnityEditor.QuickSearchModule:UnityEditor.Search:ASIAI0B)
Imported 'GUID: e4c8094ce73742d79e92d10007f8e55b' -> (Import Result ID: '5631c76b4bc6726c81f50ca676dbb74a') in 0.002 seconds [static and dynamic dependencies]. Details - ImportResultOutputID=bd8ee16af85bbd1a93a895843260058a DependenciesID=78f0134e29a5e00e65949906ab68eadc StaticDependenciesID=4b509081251ee48b69e28a7a9e7f31c6 
Number of updated asset objects reloaded before import = 0
Number of asset objects unloaded after import = 0
========================================================================
Received Import Request.
  Time of request: 2026-10-09T14:09:52.448689Z
  Time since last request: 0.00038584 seconds.
  importAddress: GUID: 0c2aa48d028b3134dbbb5ceb57bff5ac - Path: Packages/com.unity.searcher/Editor/Resources/FlatSkin/SearchSmallDownOff@2x.png - Importer: ScriptedImporter/UnityEditor.QuickSearchModule:UnityEditor.Search:ASIAI0B
Importing 'GUID: 0c2aa48d028b3134dbbb5ceb57bff5ac - Path: Packages/com.unity.searcher/Editor/Resources/FlatSkin/SearchSmallDownOff@2x.png - Importer: ScriptedImporter/UnityEditor.QuickSearchModule:UnityEditor.Search:ASIAI0B' with importer (ScriptedImporter : UnityEditor.QuickSearchModule:UnityEditor.Search:ASIAI0B)
Imported 'GUID: 0c2aa48d028b3134dbbb5ceb57bff5ac' -> (Import Result ID: 'd87058cadc8427d0b859ba04df275eb9') in 0.003 seconds [static and dynamic dependencies]. Details - ImportResultOutputID=0d467a12464ba4ade5bdc9a50e573c04 DependenciesID=5c2f2c2e414a18a32b95af534f4a7da0 StaticDependenciesID=7fe0b118b9b2bd5d5111753804023d67 
Number of updated asset objects reloaded before import = 0
Number of asset objects unloaded after import = 1
========================================================================
Received Import Request.
  Time of request: 2026-10-09T14:09:52.458791Z
  Time since last request: 0.000181869 seconds.
  importAddress: GUID: 51fa60bb2bd1e5bc74e8cc95a7bfd5b7 - Path: Packages/com.unity.modules.ui/package.ModuleCompilationTrigger - Importer: ScriptedImporter/UnityEditor.QuickSearchModule:UnityEditor.Search:ASIAI0B
Importing 'GUID: 51fa60bb2bd1e5bc74e8cc95a7bfd5b7 - Path: Packages/com.unity.modules.ui/package.ModuleCompilationTrigger - Importer: ScriptedImporter/UnityEditor.QuickSearchModule:UnityEditor.Search:ASIAI0B' with importer (ScriptedImporter : UnityEditor.QuickSearchModule:UnityEditor.Search:ASIAI0B)
Imported 'GUID: 51fa60bb2bd1e5bc74e8cc95a7bfd5b7' -> (Import Result ID: '6faa139805713b860a18fb9101704e5e') in 0.003 seconds [static and dynamic dependencies]. Details - ImportResultOutputID=c6ef84f4393d2137b97ebdc7fb63427a DependenciesID=678a3b46dfa71a96b5614f86da4971cb StaticDependenciesID=fac88275647d29816a537a3eeae61075 
Number of updated asset objects reloaded before import = 0
Number of asset objects unloaded after import = 1
========================================================================
Received Import Request.
  Time of request: 2026-10-09T14:09:52.468983Z
  Time since last request: 0.000293558 seconds.
  importAddress: GUID: c839255fc8f6b4b4d90bf8c1af9f9bd1 - Path: Packages/com.unity.searcher/Editor/Resources/FlatSkin/Font/Roboto-Italic.ttf - Importer: ScriptedImporter/UnityEditor.QuickSearchModule:UnityEditor.Search:ASIAI0B
Importing 'GUID: c839255fc8f6b4b4d90bf8c1af9f9bd1 - Path: Packages/com.unity.searcher/Editor/Resources/FlatSkin/Font/Roboto-Italic.ttf - Importer: ScriptedImporter/UnityEditor.QuickSearchModule:UnityEditor.Search:ASIAI0B' with importer (ScriptedImporter : UnityEditor.QuickSearchModule:UnityEditor.Search:ASIAI0B)
Imported 'GUID: c839255fc8f6b4b4d90bf8c1af9f9bd1' -> (Import Result ID: 'a7d956bfd781e8926adb83407a710fee') in 0.007 seconds [static and dynamic dependencies]. Details - ImportResultOutputID=fca6c438c8f89417f81fb4251db6646f DependenciesID=5974ec0587b6ca5b3814e36132c5194c StaticDependenciesID=89575ba80801208d5e43bb670186db53 
Number of updated asset objects reloaded before import = 0
Number of asset objects unloaded after import = 3
========================================================================
Received Import Request.
  Time of request: 2026-10-09T14:09:52.483519Z
  Time since last request: 0.000176249 seconds.
  importAddress: GUID: c88e90bad18cceb5d182d0c805883056 - Path: Packages/com.unity.modules.director/package.ModuleCompilationTrigger - Importer: ScriptedImporter/UnityEditor.QuickSearchModule:UnityEditor.Search:ASIAI0B
Importing 'GUID: c88e90bad18cceb5d182d0c805883056 - Path: Packages/com.unity.modules.director/package.ModuleCompilationTrigger - Importer: ScriptedImporter/UnityEditor.QuickSearchModule:UnityEditor.Search:ASIAI0B' with importer (ScriptedImporter : UnityEditor.QuickSearchModule:UnityEditor.Search:ASIAI0B)
Imported 'GUID: c88e90bad18cceb5d182d0c805883056' -> (Import Result ID: 'c4f3ec18ad7db83c7b51d0fb1d6614e7') in 0.002 seconds [static and dynamic dependencies]. Details - ImportResultOutputID=e2143b525ca4e19912b3b76f088e5b4a DependenciesID=4fd703f48ec4b53c008ab3107ae36def StaticDependenciesID=31cd5055cde6816c9ffe288108ab0437 
Number of updated asset objects reloaded before import = 0
Number of asset objects unloaded after import = 1
========================================================================
Received Import Request.
  Time of request: 2026-10-09T14:09:52.49221Z
  Time since last request: 0.000311933 seconds.
  importAddress: GUID: 793d6318ba59ca94381b936836fe697d - Path: Packages/com.unity.searcher/Editor/Resources/SearcherItem.uxml - Importer: ScriptedImporter/UnityEditor.QuickSearchModule:UnityEditor.Search:ASIAI0B
Importing 'GUID: 793d6318ba59ca94381b936836fe697d - Path: Packages/com.unity.searcher/Editor/Resources/SearcherItem.uxml - Importer: ScriptedImporter/UnityEditor.QuickSearchModule:UnityEditor.Search:ASIAI0B' with importer (ScriptedImporter : UnityEditor.QuickSearchModule:UnityEditor.Search:ASIAI0B)
Imported 'GUID: 793d6318ba59ca94381b936836fe697d' -> (Import Result ID: '73916b9d326c1519eb7bb733bd8fe755') in 0.004 seconds [static and dynamic dependencies]. Details - ImportResultOutputID=07a5777a0de81220ff924ae97ef64641 DependenciesID=ee9b80d40712c133a05ce3f3dc7bd237 StaticDependenciesID=b508b3c43b02add9df88dada8fcba79c 
Number of updated asset objects reloaded before import = 0
Number of asset objects unloaded after import = 2
========================================================================
Received Import Request.
  Time of request: 2026-10-09T14:09:52.503024Z
  Time since last request: 0.000043531 seconds.
  importAddress: GUID: 3fe161b2564a4d318026d694ffdb0520 - Path: Packages/com.unity.searcher/Editor/Searcher/SearcherWindow.cs - Importer: ScriptedImporter/UnityEditor.QuickSearchModule:UnityEditor.Search:ASIAI0B
Importing 'GUID: 3fe161b2564a4d318026d694ffdb0520 - Path: Packages/com.unity.searcher/Editor/Searcher/SearcherWindow.cs - Importer: ScriptedImporter/UnityEditor.QuickSearchModule:UnityEditor.Search:ASIAI0B' with importer (ScriptedImporter : UnityEditor.QuickSearchModule:UnityEditor.Search:ASIAI0B)
Imported 'GUID: 3fe161b2564a4d318026d694ffdb0520' -> (Import Result ID: '831338731cb0134d8e19f7c7cb7b6ba1') in 0.001 seconds [static and dynamic dependencies]. Details - ImportResultOutputID=9b6459255ccbf6fd1314e1d7fdf72380 DependenciesID=2c161507f0fd21f47c15269685b70908 StaticDependenciesID=d988b96b770481fe519d5c1f352f402b 
Number of updated asset objects reloaded before import = 0
Number of asset objects unloaded after import = 0
========================================================================
Received Import Request.
  Time of request: 2026-10-09T14:09:52.510984Z
  Time since last request: 0.000246851 seconds.
  importAddress: GUID: 4988cf9794f41d64c884876ab6574b89 - Path: Packages/com.unity.searcher/Editor/Unity.Searcher.Editor.asmdef - Importer: ScriptedImporter/UnityEditor.QuickSearchModule:UnityEditor.Search:ASIAI0B
Importing 'GUID: 4988cf9794f41d64c884876ab6574b89 - Path: Packages/com.unity.searcher/Editor/Unity.Searcher.Editor.asmdef - Importer: ScriptedImporter/UnityEditor.QuickSearchModule:UnityEditor.Search:ASIAI0B' with importer (ScriptedImporter : UnityEditor.QuickSearchModule:UnityEditor.Search:ASIAI0B)
Imported 'GUID: 4988cf9794f41d64c884876ab6574b89' -> (Import Result ID: '334bd0a805f85b5fc82bfde7209ee2c6') in 0.001 seconds [static and dynamic dependencies]. Details - ImportResultOutputID=b28bd2cccf4752ab4c89b07cafd404f5 DependenciesID=24d3e6c1ddf760260d352967ccbf5312 StaticDependenciesID=5a2ef36a7c51c5d92adc0c00597aa62e 
Number of updated asset objects reloaded before import = 0
Number of asset objects unloaded after import = 1
========================================================================
Received Import Request.
  Time of request: 2026-10-09T14:09:52.519871Z
  Time since last request: 0.000341006 seconds.
  importAddress: GUID: 20f869e4fe46bb44a8b56a58904e705c - Path: Packages/com.unity.searcher/Editor/Searcher/SearcherDatabaseBase.cs - Importer: ScriptedImporter/UnityEditor.QuickSearchModule:UnityEditor.Search:ASIAI0B
Importing 'GUID: 20f869e4fe46bb44a8b56a58904e705c - Path: Packages/com.unity.searcher/Editor/Searcher/SearcherDatabaseBase.cs - Importer: ScriptedImporter/UnityEditor.QuickSearchModule:UnityEditor.Search:ASIAI0B' with importer (ScriptedImporter : UnityEditor.QuickSearchModule:UnityEditor.Search:ASIAI0B)
Imported 'GUID: 20f869e4fe46bb44a8b56a58904e705c' -> (Import Result ID: '3cc3ae519b9987a7b5356260144a33a2') in 0.001 seconds [static and dynamic dependencies]. Details - ImportResultOutputID=a74b72116682de55fa7afdef64901a74 DependenciesID=ecd24baab03809c82ed46e6eb102bfaf StaticDependenciesID=207d5941956b1a3bfc63a1ef84cb4bd2 
Number of updated asset objects reloaded before import = 0
Number of asset objects unloaded after import = 0
========================================================================
Received Import Request.
  Time of request: 2026-10-09T14:09:52.527766Z
  Time since last request: 0.000198981 seconds.
  importAddress: GUID: c456286d59e79df4abf836be8d6f39f3 - Path: Packages/com.unity.searcher/Editor/Searcher/SearcherItem.cs - Importer: ScriptedImporter/UnityEditor.QuickSearchModule:UnityEditor.Search:ASIAI0B
Importing 'GUID: c456286d59e79df4abf836be8d6f39f3 - Path: Packages/com.unity.searcher/Editor/Searcher/SearcherItem.cs - Importer: ScriptedImporter/UnityEditor.QuickSearchModule:UnityEditor.Search:ASIAI0B' with importer (ScriptedImporter : UnityEditor.QuickSearchModule:UnityEditor.Search:ASIAI0B)
Imported 'GUID: c456286d59e79df4abf836be8d6f39f3' -> (Import Result ID: '37e7dcd8861c684143fd31540bdebb10') in 0.001 seconds [static and dynamic dependencies]. Details - ImportResultOutputID=983841b0d854386b50dc7d572b85ad89 DependenciesID=c1d91c7a0a417b16081ef358fae03092 StaticDependenciesID=7073e7cc65206f166bd31225abe887d4 
Number of updated asset objects reloaded before import = 0
Number of asset objects unloaded after import = 0
========================================================================
Received Import Request.
  Time of request: 2026-10-09T14:09:52.536221Z
  Time since last request: 0.000269864 seconds.
  importAddress: GUID: 1b295eb0210f546b2aaadf61ee8b7a0f - Path: Packages/com.unity.searcher/Tests/Editor/SearcherLabelStyleTests.cs - Importer: ScriptedImporter/UnityEditor.QuickSearchModule:UnityEditor.Search:ASIAI0B
Importing 'GUID: 1b295eb0210f546b2aaadf61ee8b7a0f - Path: Packages/com.unity.searcher/Tests/Editor/SearcherLabelStyleTests.cs - Importer: ScriptedImporter/UnityEditor.QuickSearchModule:UnityEditor.Search:ASIAI0B' with importer (ScriptedImporter : UnityEditor.QuickSearchModule:UnityEditor.Search:ASIAI0B)
Imported 'GUID: 1b295eb0210f546b2aaadf61ee8b7a0f' -> (Import Result ID: 'fd215804c837ab3e1663f6326b35cb20') in 0.001 seconds [static and dynamic dependencies]. Details - ImportResultOutputID=00786fe93b20a4b1bc36a0f6189a6fde DependenciesID=071af3efba6a04c946aebaf24dc9661e StaticDependenciesID=cb7d0edbf4af64ecfd6594e0c805b385 
Number of updated asset objects reloaded before import = 0
Number of asset objects unloaded after import = 0
========================================================================
Received Import Request.
  Time of request: 2026-10-09T14:09:52.544053Z
  Time since last request: 0.000247421 seconds.
  importAddress: GUID: 3750c318f40cab44a97d3a81beaefeb3 - Path: Packages/com.unity.searcher/Editor/Resources/FlatSkin/Font/Roboto-Bold.ttf - Importer: ScriptedImporter/UnityEditor.QuickSearchModule:UnityEditor.Search:ASIAI0B
Importing 'GUID: 3750c318f40cab44a97d3a81beaefeb3 - Path: Packages/com.unity.searcher/Editor/Resources/FlatSkin/Font/Roboto-Bold.ttf - Importer: ScriptedImporter/UnityEditor.QuickSearchModule:UnityEditor.Search:ASIAI0B' with importer (ScriptedImporter : UnityEditor.QuickSearchModule:UnityEditor.Search:ASIAI0B)
Imported 'GUID: 3750c318f40cab44a97d3a81beaefeb3' -> (Import Result ID: 'bd33e697eacd7b011df85f39fca7c3c1') in 0.003 seconds [static and dynamic dependencies]. Details - ImportResultOutputID=de30cddc6378e282cd2157d14ae316d3 DependenciesID=181ff312098aeb8a8763f454c1e89fa9 StaticDependenciesID=c70569e74cdc285483053a3381d8ae29 
Number of updated asset objects reloaded before import = 0
Number of asset objects unloaded after import = 3
========================================================================
Received Import Request.
  Time of request: 2026-10-09T14:09:52.575018Z
  Time since last request: 0.020581589 seconds.
  importAddress: GUID: 106fd77ef6b30234597e56c849578bad - Path: Packages/com.unity.render-pipelines.core/Editor/CoreEditorStyles.cs - Importer: ScriptedImporter/UnityEditor.QuickSearchModule:UnityEditor.Search:ASIAI0B
Importing 'GUID: 106fd77ef6b30234597e56c849578bad - Path: Packages/com.unity.render-pipelines.core/Editor/CoreEditorStyles.cs - Importer: ScriptedImporter/UnityEditor.QuickSearchModule:UnityEditor.Search:ASIAI0B' with importer (ScriptedImporter : UnityEditor.QuickSearchModule:UnityEditor.Search:ASIAI0B)
Imported 'GUID: 106fd77ef6b30234597e56c849578bad' -> (Import Result ID: 'eb15537c08d835437774717066cd9074') in 0.001 seconds [static and dynamic dependencies]. Details - ImportResultOutputID=ba2bcdefe0e3770dec8126e7ad7bb79f DependenciesID=7f8c5a4cd1bf2d81429937746f0c195c StaticDependenciesID=278ec0b46dd9370906cf4e8ae0c8db3e 
Number of updated asset objects reloaded before import = 0
Number of asset objects unloaded after import = 0
========================================================================
Received Import Request.
  Time of request: 2026-10-09T14:09:52.583253Z
  Time since last request: 0.000485887 seconds.
  importAddress: GUID: a42a172397f9187499b8ec7a93c56e85 - Path: Packages/com.unity.profiling.core/Runtime/ProfilerMarker1Param.cs - Importer: ScriptedImporter/UnityEditor.QuickSearchModule:UnityEditor.Search:ASIAI0B
Importing 'GUID: a42a172397f9187499b8ec7a93c56e85 - Path: Packages/com.unity.profiling.core/Runtime/ProfilerMarker1Param.cs - Importer: ScriptedImporter/UnityEditor.QuickSearchModule:UnityEditor.Search:ASIAI0B' with importer (ScriptedImporter : UnityEditor.QuickSearchModule:UnityEditor.Search:ASIAI0B)
Imported 'GUID: a42a172397f9187499b8ec7a93c56e85' -> (Import Result ID: '2ac865c1e31eb952be982bf20aa2f4bf') in 0.001 seconds [static and dynamic dependencies]. Details - ImportResultOutputID=ff40e81938959d35855538094501cbcb DependenciesID=a7c4027dc4a9c650569210de89a3bb98 StaticDependenciesID=6cdbc5cd489925ad0db28cca371ed305 
Number of updated asset objects reloaded before import = 0
Number of asset objects unloaded after import = 0
========================================================================
Received Import Request.
  Time of request: 2026-10-09T14:09:52.591847Z
  Time since last request: 0.000191788 seconds.
  importAddress: GUID: 7e9fe0ff34cd022408422f6b92ad7df6 - Path: Packages/com.unity.render-pipelines.core/Editor/CoreEditorDrawers.cs - Importer: ScriptedImporter/UnityEditor.QuickSearchModule:UnityEditor.Search:ASIAI0B
Importing 'GUID: 7e9fe0ff34cd022408422f6b92ad7df6 - Path: Packages/com.unity.render-pipelines.core/Editor/CoreEditorDrawers.cs - Importer: ScriptedImporter/UnityEditor.QuickSearchModule:UnityEditor.Search:ASIAI0B' with importer (ScriptedImporter : UnityEditor.QuickSearchModule:UnityEditor.Search:ASIAI0B)
Imported 'GUID: 7e9fe0ff34cd022408422f6b92ad7df6' -> (Import Result ID: '61995fba474748352d5f16828c1c4459') in 0.001 seconds [static and dynamic dependencies]. Details - ImportResultOutputID=0afd20dca89984e3ceb0d28a23751100 DependenciesID=b2aa1ff44de436e9125c7b5af8e53b20 StaticDependenciesID=6e832ea377445bfdec59751cf877f840 
Number of updated asset objects reloaded before import = 0
Number of asset objects unloaded after import = 0
========================================================================
Received Import Request.
  Time of request: 2026-10-09T14:09:52.599912Z
  Time since last request: 0.000338452 seconds.
  importAddress: GUID: 2479a4656ed89570ebd1de1fdda3dae5 - Path: Packages/com.unity.modules.timelinefoundation/package.json - Importer: ScriptedImporter/UnityEditor.QuickSearchModule:UnityEditor.Search:ASIAI0B
Importing 'GUID: 2479a4656ed89570ebd1de1fdda3dae5 - Path: Packages/com.unity.modules.timelinefoundation/package.json - Importer: ScriptedImporter/UnityEditor.QuickSearchModule:UnityEditor.Search:ASIAI0B' with importer (ScriptedImporter : UnityEditor.QuickSearchModule:UnityEditor.Search:ASIAI0B)
Imported 'GUID: 2479a4656ed89570ebd1de1fdda3dae5' -> (Import Result ID: '0b28b44d481472178896c1f7d27fe196') in 0.002 seconds [static and dynamic dependencies]. Details - ImportResultOutputID=9d97a3d3089b9cf7f56e67cadce33936 DependenciesID=2758c28f1d15eefd12335cad4eb43a1c StaticDependenciesID=254581d34c12850a18277ec86f9caec8 
Number of updated asset objects reloaded before import = 0
Number of asset objects unloaded after import = 1
========================================================================
Received Import Request.
  Time of request: 2026-10-09T14:09:52.608912Z
  Time since last request: 0.000678116 seconds.
  importAddress: GUID: 082fbee38a82835433261a5e9c00e267 - Path: Packages/com.unity.modules.cloth/package.ModuleCompilationTrigger - Importer: ScriptedImporter/UnityEditor.QuickSearchModule:UnityEditor.Search:ASIAI0B
Importing 'GUID: 082fbee38a82835433261a5e9c00e267 - Path: Packages/com.unity.modules.cloth/package.ModuleCompilationTrigger - Importer: ScriptedImporter/UnityEditor.QuickSearchModule:UnityEditor.Search:ASIAI0B' with importer (ScriptedImporter : UnityEditor.QuickSearchModule:UnityEditor.Search:ASIAI0B)
Imported 'GUID: 082fbee38a82835433261a5e9c00e267' -> (Import Result ID: '33ffaf3f4a6b99d4e6467e0f7716001f') in 0.002 seconds [static and dynamic dependencies]. Details - ImportResultOutputID=13e4dc09463911b91411178fe1045264 DependenciesID=9e5590944f6f1fa4d4d9640427ad3f04 StaticDependenciesID=4c7d4c692496043406c9319c95135a54 
Number of updated asset objects reloaded before import = 0
Number of asset objects unloaded after import = 1
========================================================================
Received Import Request.
  Time of request: 2026-10-09T14:09:52.617056Z
  Time since last request: 0.000307023 seconds.
  importAddress: GUID: ecc2633973414f6d8bbab97cf0c937b4 - Path: Packages/com.unity.render-pipelines.core/Editor/AssetDatabaseHelper.cs - Importer: ScriptedImporter/UnityEditor.QuickSearchModule:UnityEditor.Search:ASIAI0B
Importing 'GUID: ecc2633973414f6d8bbab97cf0c937b4 - Path: Packages/com.unity.render-pipelines.core/Editor/AssetDatabaseHelper.cs - Importer: ScriptedImporter/UnityEditor.QuickSearchModule:UnityEditor.Search:ASIAI0B' with importer (ScriptedImporter : UnityEditor.QuickSearchModule:UnityEditor.Search:ASIAI0B)
Imported 'GUID: ecc2633973414f6d8bbab97cf0c937b4' -> (Import Result ID: 'f0626e3467c55a364141097b184303d5') in 0.001 seconds [static and dynamic dependencies]. Details - ImportResultOutputID=dd6f07aed87acf475c55be87cb2088f9 DependenciesID=70838859b5c856e4d14b93a08ba36846 StaticDependenciesID=8d70e1bb3cbc0916c952911c1ea98f63 
Number of updated asset objects reloaded before import = 0
Number of asset objects unloaded after import = 0
========================================================================
Received Import Request.
  Time of request: 2026-10-09T14:09:52.625389Z
  Time since last request: 0.000369249 seconds.
  importAddress: GUID: 818f5671ae3a433488eaec387a0032e1 - Path: Packages/com.unity.profiling.core/README.md - Importer: ScriptedImporter/UnityEditor.QuickSearchModule:UnityEditor.Search:ASIAI0B
Importing 'GUID: 818f5671ae3a433488eaec387a0032e1 - Path: Packages/com.unity.profiling.core/README.md - Importer: ScriptedImporter/UnityEditor.QuickSearchModule:UnityEditor.Search:ASIAI0B' with importer (ScriptedImporter : UnityEditor.QuickSearchModule:UnityEditor.Search:ASIAI0B)
Imported 'GUID: 818f5671ae3a433488eaec387a0032e1' -> (Import Result ID: '5b5dd4d0573208a47ceb403bb77dec3d') in 0.001 seconds [static and dynamic dependencies]. Details - ImportResultOutputID=852eae4a94b87c1600d604ccf2333ae6 DependenciesID=9875e56541567498b06faabb4898729b StaticDependenciesID=f2d1d0edb667b32b4cdebfb41f184b2d 
Number of updated asset objects reloaded before import = 0
Number of asset objects unloaded after import = 1
========================================================================
Received Import Request.
  Time of request: 2026-10-09T14:09:52.633463Z
  Time since last request: 0.000382223 seconds.
  importAddress: GUID: cf0dc9ad57fcb8e4d9ca1c9798d5f270 - Path: Packages/com.unity.render-pipelines.core/Editor/QuaternionPropertyDrawer.cs - Importer: ScriptedImporter/UnityEditor.QuickSearchModule:UnityEditor.Search:ASIAI0B
Importing 'GUID: cf0dc9ad57fcb8e4d9ca1c9798d5f270 - Path: Packages/com.unity.render-pipelines.core/Editor/QuaternionPropertyDrawer.cs - Importer: ScriptedImporter/UnityEditor.QuickSearchModule:UnityEditor.Search:ASIAI0B' with importer (ScriptedImporter : UnityEditor.QuickSearchModule:UnityEditor.Search:ASIAI0B)
Imported 'GUID: cf0dc9ad57fcb8e4d9ca1c9798d5f270' -> (Import Result ID: '33a19a1529318543e294ff0df01fad85') in 0.001 seconds [static and dynamic dependencies]. Details - ImportResultOutputID=417d288b922ecfe0d322aae0f3010d34 DependenciesID=d8c2bc56264d98130f949242c7643521 StaticDependenciesID=bca3f13c8bcc8b2f41455d85f18608f8 
Number of updated asset objects reloaded before import = 0
Number of asset objects unloaded after import = 0
========================================================================
Received Import Request.
  Time of request: 2026-10-09T14:09:52.641363Z
  Time since last request: 0.000250317 seconds.
  importAddress: GUID: 6b64b28462013f640ac8d0ab82fe61f7 - Path: Packages/com.unity.profiling.core/Runtime/ProfilerMarkerExtensions.cs - Importer: ScriptedImporter/UnityEditor.QuickSearchModule:UnityEditor.Search:ASIAI0B
Importing 'GUID: 6b64b28462013f640ac8d0ab82fe61f7 - Path: Packages/com.unity.profiling.core/Runtime/ProfilerMarkerExtensions.cs - Importer: ScriptedImporter/UnityEditor.QuickSearchModule:UnityEditor.Search:ASIAI0B' with importer (ScriptedImporter : UnityEditor.QuickSearchModule:UnityEditor.Search:ASIAI0B)
Imported 'GUID: 6b64b28462013f640ac8d0ab82fe61f7' -> (Import Result ID: '15ed17046f62d1bb626ec490092dcf46') in 0.002 seconds [static and dynamic dependencies]. Details - ImportResultOutputID=b5a504d615d52a22b8be33fc54e8981b DependenciesID=f435fbc9d0405fa0c6dd98a5f7f9028a StaticDependenciesID=4f31b547aa4dce5393b0e0f2b326c701 
Number of updated asset objects reloaded before import = 0
Number of asset objects unloaded after import = 0
========================================================================
Received Import Request.
  Time of request: 2026-10-09T14:09:52.649915Z
  Time since last request: 0.000422408 seconds.
  importAddress: GUID: 753d1ac2429a21a44ac5f937cbbb409f - Path: Packages/com.unity.render-pipelines.core/package.json - Importer: ScriptedImporter/UnityEditor.QuickSearchModule:UnityEditor.Search:ASIAI0B
Importing 'GUID: 753d1ac2429a21a44ac5f937cbbb409f - Path: Packages/com.unity.render-pipelines.core/package.json - Importer: ScriptedImporter/UnityEditor.QuickSearchModule:UnityEditor.Search:ASIAI0B' with importer (ScriptedImporter : UnityEditor.QuickSearchModule:UnityEditor.Search:ASIAI0B)
Imported 'GUID: 753d1ac2429a21a44ac5f937cbbb409f' -> (Import Result ID: '10f3e05201c8caf6c6ef1b7829652716') in 0.001 seconds [static and dynamic dependencies]. Details - ImportResultOutputID=37daec09eb1dbd9d3db94e82006fe205 DependenciesID=2fff17fa3382c3190a2943971ef62af2 StaticDependenciesID=45625d973dec443058275ac5e7a70037 
Number of updated asset objects reloaded before import = 0
Number of asset objects unloaded after import = 1
========================================================================
Received Import Request.
  Time of request: 2026-10-09T14:09:52.658167Z
  Time since last request: 0.000282447 seconds.
  importAddress: GUID: 744ceabda269e6c469964dda8c490d0d - Path: Packages/com.unity.render-pipelines.core/Editor/CoreEditorUtils.cs - Importer: ScriptedImporter/UnityEditor.QuickSearchModule:UnityEditor.Search:ASIAI0B
Importing 'GUID: 744ceabda269e6c469964dda8c490d0d - Path: Packages/com.unity.render-pipelines.core/Editor/CoreEditorUtils.cs - Importer: ScriptedImporter/UnityEditor.QuickSearchModule:UnityEditor.Search:ASIAI0B' with importer (ScriptedImporter : UnityEditor.QuickSearchModule:UnityEditor.Search:ASIAI0B)
Imported 'GUID: 744ceabda269e6c469964dda8c490d0d' -> (Import Result ID: '3691ac14da6e62ec6fe237f6392a260a') in 0.002 seconds [static and dynamic dependencies]. Details - ImportResultOutputID=1fe85dc2e0a910c4090284c6e3260040 DependenciesID=f325fde3fd200e62754dea735ebc1612 StaticDependenciesID=6982fa50a3215011bccdf9f86247755d 
Number of updated asset objects reloaded before import = 0
Number of asset objects unloaded after import = 0
========================================================================
Received Import Request.
  Time of request: 2026-10-09T14:09:52.666436Z
  Time since last request: 0.000296102 seconds.
  importAddress: GUID: 71e7167b55a3448b38774a3bb6e05bac - Path: Packages/com.unity.modules.timelinefoundation/package.ModuleCompilationTrigger - Importer: ScriptedImporter/UnityEditor.QuickSearchModule:UnityEditor.Search:ASIAI0B
Importing 'GUID: 71e7167b55a3448b38774a3bb6e05bac - Path: Packages/com.unity.modules.timelinefoundation/package.ModuleCompilationTrigger - Importer: ScriptedImporter/UnityEditor.QuickSearchModule:UnityEditor.Search:ASIAI0B' with importer (ScriptedImporter : UnityEditor.QuickSearchModule:UnityEditor.Search:ASIAI0B)
Imported 'GUID: 71e7167b55a3448b38774a3bb6e05bac' -> (Import Result ID: 'fb074169456065ac1f8c312f71a27a1f') in 0.001 seconds [static and dynamic dependencies]. Details - ImportResultOutputID=863fde11a45b33a69f2c81753f7fa815 DependenciesID=fbe27763079e09acceeaf95d475cf449 StaticDependenciesID=ac296b807c530984c5b5b5a042e9c4ba 
Number of updated asset objects reloaded before import = 0
Number of asset objects unloaded after import = 1
========================================================================
Received Import Request.
  Time of request: 2026-10-09T14:09:52.675653Z
  Time since last request: 0.000633823 seconds.
  importAddress: GUID: b83f06ac0c0696e9563230865ca72b81 - Path: Packages/com.unity.modules.wind/package.json - Importer: ScriptedImporter/UnityEditor.QuickSearchModule:UnityEditor.Search:ASIAI0B
Importing 'GUID: b83f06ac0c0696e9563230865ca72b81 - Path: Packages/com.unity.modules.wind/package.json - Importer: ScriptedImporter/UnityEditor.QuickSearchModule:UnityEditor.Search:ASIAI0B' with importer (ScriptedImporter : UnityEditor.QuickSearchModule:UnityEditor.Search:ASIAI0B)
Imported 'GUID: b83f06ac0c0696e9563230865ca72b81' -> (Import Result ID: '726dd09b29c236eab465d3c85c076484') in 0.001 seconds [static and dynamic dependencies]. Details - ImportResultOutputID=e135a026cb86af9329fc9de62a8dd3d0 DependenciesID=0a8b9db6d032088ddd8857803913a704 StaticDependenciesID=19eba43f9ecc8467e71697b85a0dcfca 
Number of updated asset objects reloaded before import = 0
Number of asset objects unloaded after import = 1
========================================================================
Received Import Request.
  Time of request: 2026-10-09T14:09:52.683557Z
  Time since last request: 0.00032673 seconds.
  importAddress: GUID: ac00489121556c741bc0e67dfb460a8e - Path: Packages/com.unity.render-pipelines.core/Editor/PropertyFetcher.cs - Importer: ScriptedImporter/UnityEditor.QuickSearchModule:UnityEditor.Search:ASIAI0B
Importing 'GUID: ac00489121556c741bc0e67dfb460a8e - Path: Packages/com.unity.render-pipelines.core/Editor/PropertyFetcher.cs - Importer: ScriptedImporter/UnityEditor.QuickSearchModule:UnityEditor.Search:ASIAI0B' with importer (ScriptedImporter : UnityEditor.QuickSearchModule:UnityEditor.Search:ASIAI0B)
Imported 'GUID: ac00489121556c741bc0e67dfb460a8e' -> (Import Result ID: '4bf48316451a9ee41008cdaa4e6aaada') in 0.002 seconds [static and dynamic dependencies]. Details - ImportResultOutputID=72cc0d1343017fedd346f884871bd68a DependenciesID=1a2c76020ede7cb36fbb4800a1cf6e66 StaticDependenciesID=187c2f32fefd235cc43867da4f924b8f 
Number of updated asset objects reloaded before import = 0
Number of asset objects unloaded after import = 0
========================================================================
Received Import Request.
  Time of request: 2026-10-09T14:09:52.691904Z
  Time since last request: 0.000487149 seconds.
  importAddress: GUID: 3fc8749a5a33bb94aaca8a1ece0d20eb - Path: Packages/com.unity.profiling.core/Runtime/ProfilerCounterValue.cs - Importer: ScriptedImporter/UnityEditor.QuickSearchModule:UnityEditor.Search:ASIAI0B
Importing 'GUID: 3fc8749a5a33bb94aaca8a1ece0d20eb - Path: Packages/com.unity.profiling.core/Runtime/ProfilerCounterValue.cs - Importer: ScriptedImporter/UnityEditor.QuickSearchModule:UnityEditor.Search:ASIAI0B' with importer (ScriptedImporter : UnityEditor.QuickSearchModule:UnityEditor.Search:ASIAI0B)
Imported 'GUID: 3fc8749a5a33bb94aaca8a1ece0d20eb' -> (Import Result ID: '4779cce473876b74c124a261c37b3716') in 0.002 seconds [static and dynamic dependencies]. Details - ImportResultOutputID=316b85bc7a7324da196d221d672b97b7 DependenciesID=db4201f3cd9df711dbec128218bdf3b5 StaticDependenciesID=1ccc952ae5612a550be28e1b2a8e9b2a 
Number of updated asset objects reloaded before import = 0
Number of asset objects unloaded after import = 0
========================================================================
Received Import Request.
  Time of request: 2026-10-09T14:09:52.701056Z
  Time since last request: 0.000630096 seconds.
  importAddress: GUID: b46779583a009f04ba9f5f31d0e7e6ac - Path: Packages/com.unity.profiling.core/Runtime/Unity.Profiling.Core.asmdef - Importer: ScriptedImporter/UnityEditor.QuickSearchModule:UnityEditor.Search:ASIAI0B
Importing 'GUID: b46779583a009f04ba9f5f31d0e7e6ac - Path: Packages/com.unity.profiling.core/Runtime/Unity.Profiling.Core.asmdef - Importer: ScriptedImporter/UnityEditor.QuickSearchModule:UnityEditor.Search:ASIAI0B' with importer (ScriptedImporter : UnityEditor.QuickSearchModule:UnityEditor.Search:ASIAI0B)
Imported 'GUID: b46779583a009f04ba9f5f31d0e7e6ac' -> (Import Result ID: '2078d2cdf158d331d5d4f59a647d76b5') in 0.001 seconds [static and dynamic dependencies]. Details - ImportResultOutputID=2ecda6b6de50d3f257f067a006694988 DependenciesID=3d3918137c0541433669e42995917376 StaticDependenciesID=c1f4302739a951c584cf936bd32e36ba 
Number of updated asset objects reloaded before import = 0
Number of asset objects unloaded after import = 1
========================================================================
Received Import Request.
  Time of request: 2026-10-09T14:09:52.717949Z
  Time since last request: 0.008684491 seconds.
  importAddress: GUID: d7414e735eb09cd40855d8142a1c2e18 - Path: Packages/com.unity.render-pipelines.core/ShaderLibrary/MetaPass.hlsl - Importer: ScriptedImporter/UnityEditor.QuickSearchModule:UnityEditor.Search:ASIAI0B
Importing 'GUID: d7414e735eb09cd40855d8142a1c2e18 - Path: Packages/com.unity.render-pipelines.core/ShaderLibrary/MetaPass.hlsl - Importer: ScriptedImporter/UnityEditor.QuickSearchModule:UnityEditor.Search:ASIAI0B' with importer (ScriptedImporter : UnityEditor.QuickSearchModule:UnityEditor.Search:ASIAI0B)
Imported 'GUID: d7414e735eb09cd40855d8142a1c2e18' -> (Import Result ID: '1a6f13b3ef6739dbb9affa93433d2356') in 0.001 seconds [static and dynamic dependencies]. Details - ImportResultOutputID=be3326c447cdd50893f90c6d119e90f1 DependenciesID=01e6697d10d80701470102f827e6448b StaticDependenciesID=d7e377faf431cdb3d0b9492f8b490c07 
Number of updated asset objects reloaded before import = 0
Number of asset objects unloaded after import = 1
========================================================================
Received Import Request.
  Time of request: 2026-10-09T14:09:52.726565Z
  Time since last request: 0.00049796 seconds.
  importAddress: GUID: a1a94b80a0038af4484e8122c5df419e - Path: Packages/com.unity.render-pipelines.core/ShaderLibrary/AmbientProbe.hlsl - Importer: ScriptedImporter/UnityEditor.QuickSearchModule:UnityEditor.Search:ASIAI0B
Importing 'GUID: a1a94b80a0038af4484e8122c5df419e - Path: Packages/com.unity.render-pipelines.core/ShaderLibrary/AmbientProbe.hlsl - Importer: ScriptedImporter/UnityEditor.QuickSearchModule:UnityEditor.Search:ASIAI0B' with importer (ScriptedImporter : UnityEditor.QuickSearchModule:UnityEditor.Search:ASIAI0B)
Imported 'GUID: a1a94b80a0038af4484e8122c5df419e' -> (Import Result ID: 'a5019c4160a0794ac2ae1af243fd342f') in 0.001 seconds [static and dynamic dependencies]. Details - ImportResultOutputID=fb6611b9ca6ae47b4265ab19194fdc42 DependenciesID=4b5303e4555ad24a9c978a0f5c38fdb0 StaticDependenciesID=8e93de4a2f76c41bbc4a1cbdc5678497 
Number of updated asset objects reloaded before import = 0
Number of asset objects unloaded after import = 1
========================================================================
Received Import Request.
  Time of request: 2026-10-09T14:09:52.734922Z
  Time since last request: 0.000519901 seconds.
  importAddress: GUID: eebfba22df48acf4b978d98000cb10e6 - Path: Packages/com.unity.render-pipelines.core/ShaderLibrary/GeometricTools.hlsl - Importer: ScriptedImporter/UnityEditor.QuickSearchModule:UnityEditor.Search:ASIAI0B
Importing 'GUID: eebfba22df48acf4b978d98000cb10e6 - Path: Packages/com.unity.render-pipelines.core/ShaderLibrary/GeometricTools.hlsl - Importer: ScriptedImporter/UnityEditor.QuickSearchModule:UnityEditor.Search:ASIAI0B' with importer (ScriptedImporter : UnityEditor.QuickSearchModule:UnityEditor.Search:ASIAI0B)
Imported 'GUID: eebfba22df48acf4b978d98000cb10e6' -> (Import Result ID: '5b9270bb619a84228674b0503ef8b61a') in 0.001 seconds [static and dynamic dependencies]. Details - ImportResultOutputID=0163a34f193dd03766bd3eafc1ffb628 DependenciesID=018e8e3f631f0b3120264206e06e8b79 StaticDependenciesID=d58afabb7442242a3309f77c6be5c90e 
Number of updated asset objects reloaded before import = 0
Number of asset objects unloaded after import = 1
========================================================================
Received Import Request.
  Time of request: 2026-10-09T14:09:52.743359Z
  Time since last request: 0.000240559 seconds.
  importAddress: GUID: 76b6dbce57ad3e647a01b5ad36f737a5 - Path: Packages/com.unity.render-pipelines.core/ShaderLibrary/VolumeRendering.hlsl - Importer: ScriptedImporter/UnityEditor.QuickSearchModule:UnityEditor.Search:ASIAI0B
Importing 'GUID: 76b6dbce57ad3e647a01b5ad36f737a5 - Path: Packages/com.unity.render-pipelines.core/ShaderLibrary/VolumeRendering.hlsl - Importer: ScriptedImporter/UnityEditor.QuickSearchModule:UnityEditor.Search:ASIAI0B' with importer (ScriptedImporter : UnityEditor.QuickSearchModule:UnityEditor.Search:ASIAI0B)
Imported 'GUID: 76b6dbce57ad3e647a01b5ad36f737a5' -> (Import Result ID: '50e99405f335659abdf110ca0b4505be') in 0.002 seconds [static and dynamic dependencies]. Details - ImportResultOutputID=0eaae9a128c4890383b9b666b11dd865 DependenciesID=bf38c6af6500c90dd755e60ba3556881 StaticDependenciesID=3abd2dcb95e667f68bd2eee589f62c25 
Number of updated asset objects reloaded before import = 0
Number of asset objects unloaded after import = 1
========================================================================
Received Import Request.
  Time of request: 2026-10-09T14:09:52.751438Z
  Time since last request: 0.000464497 seconds.
  importAddress: GUID: e1cfc5ca61db3d448825f316ff92cb0b - Path: Packages/com.unity.render-pipelines.core/ShaderLibrary/UnityInstancing.hlsl - Importer: ScriptedImporter/UnityEditor.QuickSearchModule:UnityEditor.Search:ASIAI0B
Importing 'GUID: e1cfc5ca61db3d448825f316ff92cb0b - Path: Packages/com.unity.render-pipelines.core/ShaderLibrary/UnityInstancing.hlsl - Importer: ScriptedImporter/UnityEditor.QuickSearchModule:UnityEditor.Search:ASIAI0B' with importer (ScriptedImporter : UnityEditor.QuickSearchModule:UnityEditor.Search:ASIAI0B)
Imported 'GUID: e1cfc5ca61db3d448825f316ff92cb0b' -> (Import Result ID: '72084f208f54c5a3320df5ef25b0716f') in 0.003 seconds [static and dynamic dependencies]. Details - ImportResultOutputID=52b323edf31f21967eaedbcd1891eac5 DependenciesID=ef3524bc677e536327b9f1af4f2e1466 StaticDependenciesID=684d7f97ae6bef68cd986ef4c4326a77 
Number of updated asset objects reloaded before import = 0
Number of asset objects unloaded after import = 1
========================================================================
Received Import Request.
  Time of request: 2026-10-09T14:09:52.761986Z
  Time since last request: 0.00011214 seconds.
  importAddress: GUID: 90f3145f58b7eb44cb4252ac2a3ab258 - Path: Packages/com.unity.render-pipelines.core/ShaderLibrary/Debug.hlsl - Importer: ScriptedImporter/UnityEditor.QuickSearchModule:UnityEditor.Search:ASIAI0B
Importing 'GUID: 90f3145f58b7eb44cb4252ac2a3ab258 - Path: Packages/com.unity.render-pipelines.core/ShaderLibrary/Debug.hlsl - Importer: ScriptedImporter/UnityEditor.QuickSearchModule:UnityEditor.Search:ASIAI0B' with importer (ScriptedImporter : UnityEditor.QuickSearchModule:UnityEditor.Search:ASIAI0B)
Imported 'GUID: 90f3145f58b7eb44cb4252ac2a3ab258' -> (Import Result ID: '6771ef62e1ae96d77b21b63612381e7e') in 0.001 seconds [static and dynamic dependencies]. Details - ImportResultOutputID=f5e21f1f81e5db172765820743e985e4 DependenciesID=c9152f4faf883665436c49708230830b StaticDependenciesID=755f22f9ba22a1c5ad88b6ea37b56d91 
Number of updated asset objects reloaded before import = 0
Number of asset objects unloaded after import = 1
========================================================================
Received Import Request.
  Time of request: 2026-10-09T14:09:52.770266Z
  Time since last request: 0.000189323 seconds.
  importAddress: GUID: 0303be75670325342b4bf5697686e77b - Path: Packages/com.unity.render-pipelines.core/ShaderLibrary/EntityLighting.hlsl - Importer: ScriptedImporter/UnityEditor.QuickSearchModule:UnityEditor.Search:ASIAI0B
Importing 'GUID: 0303be75670325342b4bf5697686e77b - Path: Packages/com.unity.render-pipelines.core/ShaderLibrary/EntityLighting.hlsl - Importer: ScriptedImporter/UnityEditor.QuickSearchModule:UnityEditor.Search:ASIAI0B' with importer (ScriptedImporter : UnityEditor.QuickSearchModule:UnityEditor.Search:ASIAI0B)
Imported 'GUID: 0303be75670325342b4bf5697686e77b' -> (Import Result ID: 'fc6a25249c977a5cb99747c1e703f6cb') in 0.002 seconds [static and dynamic dependencies]. Details - ImportResultOutputID=0d3d4acc468425b56f8ec6c9ae81b6b1 DependenciesID=eb02f8ae132662a00f08623f2cc494b2 StaticDependenciesID=22cfcbac8b8b890de1bb9c8098d093e8 
Number of updated asset objects reloaded before import = 0
Number of asset objects unloaded after import = 1
========================================================================
Received Import Request.
  Time of request: 2026-10-09T14:09:52.779677Z
  Time since last request: 0.000235089 seconds.
  importAddress: GUID: 07d22e3065efb5a489e5e2644df19bc7 - Path: Packages/com.unity.render-pipelines.core/ShaderLibrary/SpaceTransforms.hlsl - Importer: ScriptedImporter/UnityEditor.QuickSearchModule:UnityEditor.Search:ASIAI0B
Importing 'GUID: 07d22e3065efb5a489e5e2644df19bc7 - Path: Packages/com.unity.render-pipelines.core/ShaderLibrary/SpaceTransforms.hlsl - Importer: ScriptedImporter/UnityEditor.QuickSearchModule:UnityEditor.Search:ASIAI0B' with importer (ScriptedImporter : UnityEditor.QuickSearchModule:UnityEditor.Search:ASIAI0B)
Imported 'GUID: 07d22e3065efb5a489e5e2644df19bc7' -> (Import Result ID: '6cfedb09546269acbbd952f5dd5a66c3') in 0.002 seconds [static and dynamic dependencies]. Details - ImportResultOutputID=9f2deb3ad83efa5a5e42b7a036aa83e0 DependenciesID=87da4a45a13e9b8d0eda00fbadb2f3f2 StaticDependenciesID=6d7a4b217fd6cfa910858d68c0538004 
Number of updated asset objects reloaded before import = 0
Number of asset objects unloaded after import = 1
========================================================================
Received Import Request.
  Time of request: 2026-10-09T14:09:52.789704Z
  Time since last request: 0.000404986 seconds.
  importAddress: GUID: 12dc59547ea167a4ab435097dd0f9add - Path: Packages/com.unity.render-pipelines.core/Shaders/CoreCopy.shader - Importer: ScriptedImporter/UnityEditor.QuickSearchModule:UnityEditor.Search:ASIAI0B
Importing 'GUID: 12dc59547ea167a4ab435097dd0f9add - Path: Packages/com.unity.render-pipelines.core/Shaders/CoreCopy.shader - Importer: ScriptedImporter/UnityEditor.QuickSearchModule:UnityEditor.Search:ASIAI0B' with importer (ScriptedImporter : UnityEditor.QuickSearchModule:UnityEditor.Search:ASIAI0B)
Imported 'GUID: 12dc59547ea167a4ab435097dd0f9add' -> (Import Result ID: 'b1289794768af02a92501abd440e1f47') in 0.004 seconds [static and dynamic dependencies]. Details - ImportResultOutputID=4a4d757af3862e73927866ce011c43f6 DependenciesID=4a3eec4ae9043e1599a1f287fb49995d StaticDependenciesID=a2bc37570adf522343b030d423aabddf 
Number of updated asset objects reloaded before import = 0
Number of asset objects unloaded after import = 1
========================================================================
Received Import Request.
  Time of request: 2026-10-09T14:09:52.800449Z
  Time since last request: 0.000298517 seconds.
  importAddress: GUID: 6300b0e79f5d15e499b9d6b5d23ca01b - Path: Packages/com.unity.render-pipelines.core/ShaderLibrary/Macros.hlsl - Importer: ScriptedImporter/UnityEditor.QuickSearchModule:UnityEditor.Search:ASIAI0B
Importing 'GUID: 6300b0e79f5d15e499b9d6b5d23ca01b - Path: Packages/com.unity.render-pipelines.core/ShaderLibrary/Macros.hlsl - Importer: ScriptedImporter/UnityEditor.QuickSearchModule:UnityEditor.Search:ASIAI0B' with importer (ScriptedImporter : UnityEditor.QuickSearchModule:UnityEditor.Search:ASIAI0B)
Imported 'GUID: 6300b0e79f5d15e499b9d6b5d23ca01b' -> (Import Result ID: '2bb881068f44b7dfa27c020cba01bbf3') in 0.001 seconds [static and dynamic dependencies]. Details - ImportResultOutputID=fa2f1c9774810d6c6ecb71b16dd98bad DependenciesID=e82d70f2ad3bf1a45d7fb003e724783a StaticDependenciesID=bba036c1894abb493ea7ea983fefeeb3 
Number of updated asset objects reloaded before import = 0
Number of asset objects unloaded after import = 1
========================================================================
Received Import Request.
  Time of request: 2026-10-09T14:09:52.808564Z
  Time since last request: 0.000400388 seconds.
  importAddress: GUID: 47ecc1e1971024be4a44aa322690660e - Path: Packages/com.unity.render-pipelines.core/ShaderLibrary/GlobalSamplers.hlsl - Importer: ScriptedImporter/UnityEditor.QuickSearchModule:UnityEditor.Search:ASIAI0B
Importing 'GUID: 47ecc1e1971024be4a44aa322690660e - Path: Packages/com.unity.render-pipelines.core/ShaderLibrary/GlobalSamplers.hlsl - Importer: ScriptedImporter/UnityEditor.QuickSearchModule:UnityEditor.Search:ASIAI0B' with importer (ScriptedImporter : UnityEditor.QuickSearchModule:UnityEditor.Search:ASIAI0B)
Imported 'GUID: 47ecc1e1971024be4a44aa322690660e' -> (Import Result ID: '0657c16fe05ae4113afc4b62c93ad5ba') in 0.001 seconds [static and dynamic dependencies]. Details - ImportResultOutputID=65ed49884290934d173827a13e7d6a6d DependenciesID=90a754625c2e1fe1a068243ba4e6f859 StaticDependenciesID=29e3f292b5302693d2672016c4553487 
Number of updated asset objects reloaded before import = 0
Number of asset objects unloaded after import = 1
========================================================================
Received Import Request.
  Time of request: 2026-10-09T14:09:52.816568Z
  Time since last request: 0.000275394 seconds.
  importAddress: GUID: 33098eef498723540b0b7705cf69a338 - Path: Packages/com.unity.render-pipelines.core/ShaderLibrary/TextureXR.hlsl - Importer: ScriptedImporter/UnityEditor.QuickSearchModule:UnityEditor.Search:ASIAI0B
Importing 'GUID: 33098eef498723540b0b7705cf69a338 - Path: Packages/com.unity.render-pipelines.core/ShaderLibrary/TextureXR.hlsl - Importer: ScriptedImporter/UnityEditor.QuickSearchModule:UnityEditor.Search:ASIAI0B' with importer (ScriptedImporter : UnityEditor.QuickSearchModule:UnityEditor.Search:ASIAI0B)
Imported 'GUID: 33098eef498723540b0b7705cf69a338' -> (Import Result ID: '719832778e7af3004f688fb772893cad') in 0.001 seconds [static and dynamic dependencies]. Details - ImportResultOutputID=5d0ea8e7bccf8fcfa5a811582f47db53 DependenciesID=16285cde0cf25c642c1814cab21cfc03 StaticDependenciesID=8831c6e2a4d46e65585613f3483e1a30 
Number of updated asset objects reloaded before import = 0
Number of asset objects unloaded after import = 1
========================================================================
Received Import Request.
  Time of request: 2026-10-09T14:09:52.824394Z
  Time since last request: 0.000331659 seconds.
  importAddress: GUID: 6487e82b005541789deacb92eaa88bed - Path: Packages/com.unity.render-pipelines.core/ShaderLibrary/ShaderDebugPrint.hlsl - Importer: ScriptedImporter/UnityEditor.QuickSearchModule:UnityEditor.Search:ASIAI0B
Importing 'GUID: 6487e82b005541789deacb92eaa88bed - Path: Packages/com.unity.render-pipelines.core/ShaderLibrary/ShaderDebugPrint.hlsl - Importer: ScriptedImporter/UnityEditor.QuickSearchModule:UnityEditor.Search:ASIAI0B' with importer (ScriptedImporter : UnityEditor.QuickSearchModule:UnityEditor.Search:ASIAI0B)
Imported 'GUID: 6487e82b005541789deacb92eaa88bed' -> (Import Result ID: '2386c5ef791be6563e201e79829e075f') in 0.001 seconds [static and dynamic dependencies]. Details - ImportResultOutputID=dfd8bf22656af3af6fe4cdaad9d9eb95 DependenciesID=4dff1e3730182c0a3fd6ff50b5e60351 StaticDependenciesID=2f8e0fd6d2444c61dcffe81c8bdcf467 
Number of updated asset objects reloaded before import = 0
Number of asset objects unloaded after import = 1
========================================================================
Received Import Request.
  Time of request: 2026-10-09T14:09:52.832857Z
  Time since last request: 0.000259244 seconds.
  importAddress: GUID: c6976b17260ed7d4ca3810ae8488f67f - Path: Packages/com.unity.render-pipelines.core/ShaderLibrary/ParallaxMapping.hlsl - Importer: ScriptedImporter/UnityEditor.QuickSearchModule:UnityEditor.Search:ASIAI0B
Importing 'GUID: c6976b17260ed7d4ca3810ae8488f67f - Path: Packages/com.unity.render-pipelines.core/ShaderLibrary/ParallaxMapping.hlsl - Importer: ScriptedImporter/UnityEditor.QuickSearchModule:UnityEditor.Search:ASIAI0B' with importer (ScriptedImporter : UnityEditor.QuickSearchModule:UnityEditor.Search:ASIAI0B)
Imported 'GUID: c6976b17260ed7d4ca3810ae8488f67f' -> (Import Result ID: '89a465019d1643d16f46146ec6080eea') in 0.001 seconds [static and dynamic dependencies]. Details - ImportResultOutputID=29faac8eefc859c878baca21b36e5a0f DependenciesID=1d63ae0d71a3ce2911aa1d802b0e0866 StaticDependenciesID=854ae87a4585ea093a24f01bded6cecd 
Number of updated asset objects reloaded before import = 0
Number of asset objects unloaded after import = 1
========================================================================
Received Import Request.
  Time of request: 2026-10-09T14:09:52.841165Z
  Time since last request: 0.000389497 seconds.
  importAddress: GUID: 369a40fd4db19d048ad2cf161cc89fcd - Path: Packages/com.unity.render-pipelines.core/ShaderLibrary/DebugMipmapStreaming.hlsl - Importer: ScriptedImporter/UnityEditor.QuickSearchModule:UnityEditor.Search:ASIAI0B
Importing 'GUID: 369a40fd4db19d048ad2cf161cc89fcd - Path: Packages/com.unity.render-pipelines.core/ShaderLibrary/DebugMipmapStreaming.hlsl - Importer: ScriptedImporter/UnityEditor.QuickSearchModule:UnityEditor.Search:ASIAI0B' with importer (ScriptedImporter : UnityEditor.QuickSearchModule:UnityEditor.Search:ASIAI0B)
Imported 'GUID: 369a40fd4db19d048ad2cf161cc89fcd' -> (Import Result ID: '2a7d3384199440fd4c1dd87733ba3cef') in 0.002 seconds [static and dynamic dependencies]. Details - ImportResultOutputID=cfe3542c4be1d6769ad81f2dcc837579 DependenciesID=18b6f5d040c346d87eb91bb330d2f689 StaticDependenciesID=e06fd22716f008cbbd5aed0be336ed1f 
Number of updated asset objects reloaded before import = 0
Number of asset objects unloaded after import = 1
========================================================================
Received Import Request.
  Time of request: 2026-10-09T14:09:52.861665Z
  Time since last request: 0.012043321 seconds.
  importAddress: GUID: 96acda4e859ca224986250b52266e0c9 - Path: Packages/com.unity.render-pipelines.core/Editor/Camera/CameraUI.Rendering.Skin.cs - Importer: ScriptedImporter/UnityEditor.QuickSearchModule:UnityEditor.Search:ASIAI0B
Importing 'GUID: 96acda4e859ca224986250b52266e0c9 - Path: Packages/com.unity.render-pipelines.core/Editor/Camera/CameraUI.Rendering.Skin.cs - Importer: ScriptedImporter/UnityEditor.QuickSearchModule:UnityEditor.Search:ASIAI0B' with importer (ScriptedImporter : UnityEditor.QuickSearchModule:UnityEditor.Search:ASIAI0B)
Imported 'GUID: 96acda4e859ca224986250b52266e0c9' -> (Import Result ID: 'ed7e5073b1fbb640b733a6145c5dcdba') in 0.002 seconds [static and dynamic dependencies]. Details - ImportResultOutputID=8e33b67d9b29e2718546ff7c67ba927f DependenciesID=6e40cac4522c8044f4da1278bd8d3de7 StaticDependenciesID=c91113a1812cb3d9495f05d8e0c42d9a 
Number of updated asset objects reloaded before import = 0
Number of asset objects unloaded after import = 0
========================================================================
Received Import Request.
  Time of request: 2026-10-09T14:09:52.871328Z
  Time since last request: 0.000754678 seconds.
  importAddress: GUID: 41147144ff556e246b736135eb26f185 - Path: Packages/com.unity.render-pipelines.core/Editor/Debugging/DebugWindow.cs - Importer: ScriptedImporter/UnityEditor.QuickSearchModule:UnityEditor.Search:ASIAI0B
Importing 'GUID: 41147144ff556e246b736135eb26f185 - Path: Packages/com.unity.render-pipelines.core/Editor/Debugging/DebugWindow.cs - Importer: ScriptedImporter/UnityEditor.QuickSearchModule:UnityEditor.Search:ASIAI0B' with importer (ScriptedImporter : UnityEditor.QuickSearchModule:UnityEditor.Search:ASIAI0B)
Imported 'GUID: 41147144ff556e246b736135eb26f185' -> (Import Result ID: 'bf957d16cf80acf05e96fda09c2144c6') in 0.002 seconds [static and dynamic dependencies]. Details - ImportResultOutputID=cffa2683ddc55316bb11ae6c797dc310 DependenciesID=36f8bbe7d1d579b274da7e4ec7c8ce67 StaticDependenciesID=38049696bff2b2a1e8f73e5de62cb6ef 
Number of updated asset objects reloaded before import = 0
Number of asset objects unloaded after import = 0
========================================================================
Received Import Request.
  Time of request: 2026-10-09T14:09:52.880631Z
  Time since last request: 0.000379779 seconds.
  importAddress: GUID: 1b13ded1884be704b9f0610c73659f1e - Path: Packages/com.unity.render-pipelines.core/Editor/Lighting/LightAnchorEditor.cs - Importer: ScriptedImporter/UnityEditor.QuickSearchModule:UnityEditor.Search:ASIAI0B
Importing 'GUID: 1b13ded1884be704b9f0610c73659f1e - Path: Packages/com.unity.render-pipelines.core/Editor/Lighting/LightAnchorEditor.cs - Importer: ScriptedImporter/UnityEditor.QuickSearchModule:UnityEditor.Search:ASIAI0B' with importer (ScriptedImporter : UnityEditor.QuickSearchModule:UnityEditor.Search:ASIAI0B)
Imported 'GUID: 1b13ded1884be704b9f0610c73659f1e' -> (Import Result ID: '94334708225e69949c41074824449c4e') in 0.002 seconds [static and dynamic dependencies]. Details - ImportResultOutputID=d377f39bf53c7d80b967cc5f83ac2663 DependenciesID=d844ffa315ad6cdb6d1007eb661629d9 StaticDependenciesID=01a32b6ce2236d7eaeb0f718f403176c 
Number of updated asset objects reloaded before import = 0
Number of asset objects unloaded after import = 0
========================================================================
Received Import Request.
  Time of request: 2026-10-09T14:09:52.889359Z
  Time since last request: 0.000302445 seconds.
  importAddress: GUID: 55ef358f023224145a079dd70d4692b5 - Path: Packages/com.unity.render-pipelines.core/Editor/Camera/ISerializedCamera.cs - Importer: ScriptedImporter/UnityEditor.QuickSearchModule:UnityEditor.Search:ASIAI0B
Importing 'GUID: 55ef358f023224145a079dd70d4692b5 - Path: Packages/com.unity.render-pipelines.core/Editor/Camera/ISerializedCamera.cs - Importer: ScriptedImporter/UnityEditor.QuickSearchModule:UnityEditor.Search:ASIAI0B' with importer (ScriptedImporter : UnityEditor.QuickSearchModule:UnityEditor.Search:ASIAI0B)
Imported 'GUID: 55ef358f023224145a079dd70d4692b5' -> (Import Result ID: '795d6c174a248ec7ed2843c159507faf') in 0.002 seconds [static and dynamic dependencies]. Details - ImportResultOutputID=f640ba54f1c92f0050ee9ce9776573ee DependenciesID=81f2b468fa3a7cf0efa67db1b1c0d204 StaticDependenciesID=0860cdfabd8446baa9dbd2702ad42b61 
Number of updated asset objects reloaded before import = 0
Number of asset objects unloaded after import = 0
========================================================================
Received Import Request.
  Time of request: 2026-10-09T14:09:52.897831Z
  Time since last request: 0.000603256 seconds.
  importAddress: GUID: ac1148ae1e306490ca1665eba13b76b3 - Path: Packages/com.unity.render-pipelines.core/Editor/PathTracing/BakeInputToWorldConversion.cs - Importer: ScriptedImporter/UnityEditor.QuickSearchModule:UnityEditor.Search:ASIAI0B
Importing 'GUID: ac1148ae1e306490ca1665eba13b76b3 - Path: Packages/com.unity.render-pipelines.core/Editor/PathTracing/BakeInputToWorldConversion.cs - Importer: ScriptedImporter/UnityEditor.QuickSearchModule:UnityEditor.Search:ASIAI0B' with importer (ScriptedImporter : UnityEditor.QuickSearchModule:UnityEditor.Search:ASIAI0B)
Imported 'GUID: ac1148ae1e306490ca1665eba13b76b3' -> (Import Result ID: 'd6a8c54a97b4824cfe004f1309423282') in 0.002 seconds [static and dynamic dependencies]. Details - ImportResultOutputID=04a5c4da8509fabeac5767661aa9e571 DependenciesID=03fa2d0770cdc6dabac492058ef776f8 StaticDependenciesID=3451783deab684679e189f0151255057 
Number of updated asset objects reloaded before import = 0
Number of asset objects unloaded after import = 0
========================================================================
Received Import Request.
  Time of request: 2026-10-09T14:09:52.906562Z
  Time since last request: 0.000657357 seconds.
  importAddress: GUID: d37aff5f3c2b94c43857a4e315390b33 - Path: Packages/com.unity.render-pipelines.core/Editor/InternalBridge/AssemblyInfo.cs - Importer: ScriptedImporter/UnityEditor.QuickSearchModule:UnityEditor.Search:ASIAI0B
Importing 'GUID: d37aff5f3c2b94c43857a4e315390b33 - Path: Packages/com.unity.render-pipelines.core/Editor/InternalBridge/AssemblyInfo.cs - Importer: ScriptedImporter/UnityEditor.QuickSearchModule:UnityEditor.Search:ASIAI0B' with importer (ScriptedImporter : UnityEditor.QuickSearchModule:UnityEditor.Search:ASIAI0B)
Imported 'GUID: d37aff5f3c2b94c43857a4e315390b33' -> (Import Result ID: 'ca09a151c904ee920e4aa495c962c7d7') in 0.001 seconds [static and dynamic dependencies]. Details - ImportResultOutputID=36c9c65fbc61f5525aca5e33cc79a15d DependenciesID=0fb2b324f3f65fbaf9761221b77394f8 StaticDependenciesID=10eaff2e49a1bf16c11f88ec7ff04800 
Number of updated asset objects reloaded before import = 0
Number of asset objects unloaded after import = 0
========================================================================
Received Import Request.
  Time of request: 2026-10-09T14:09:52.9142Z
  Time since last request: 0.000260135 seconds.
  importAddress: GUID: 430e769b36b6f62439bef2eb5c3eaf79 - Path: Packages/com.unity.render-pipelines.core/Editor/Lighting/CoreLightEditorUtilities.cs - Importer: ScriptedImporter/UnityEditor.QuickSearchModule:UnityEditor.Search:ASIAI0B
Importing 'GUID: 430e769b36b6f62439bef2eb5c3eaf79 - Path: Packages/com.unity.render-pipelines.core/Editor/Lighting/CoreLightEditorUtilities.cs - Importer: ScriptedImporter/UnityEditor.QuickSearchModule:UnityEditor.Search:ASIAI0B' with importer (ScriptedImporter : UnityEditor.QuickSearchModule:UnityEditor.Search:ASIAI0B)
Imported 'GUID: 430e769b36b6f62439bef2eb5c3eaf79' -> (Import Result ID: 'f0ce00c8871e744e1ba06b8b97ef8cf1') in 0.002 seconds [static and dynamic dependencies]. Details - ImportResultOutputID=5bd4bcf437a6b73bf4e34b24ff00bd27 DependenciesID=357af91970a2010bb1299a7f019ef10a StaticDependenciesID=473854b4e18a9c754f306104b2a98bf3 
Number of updated asset objects reloaded before import = 0
Number of asset objects unloaded after import = 0
========================================================================
Received Import Request.
  Time of request: 2026-10-09T14:09:52.922789Z
  Time since last request: 0.00042308 seconds.
  importAddress: GUID: 2df96b66b5510f94b98df2ac6f926ef4 - Path: Packages/com.unity.render-pipelines.core/Editor/Gizmo/UnlitGizmo.shader - Importer: ScriptedImporter/UnityEditor.QuickSearchModule:UnityEditor.Search:ASIAI0B
Importing 'GUID: 2df96b66b5510f94b98df2ac6f926ef4 - Path: Packages/com.unity.render-pipelines.core/Editor/Gizmo/UnlitGizmo.shader - Importer: ScriptedImporter/UnityEditor.QuickSearchModule:UnityEditor.Search:ASIAI0B' with importer (ScriptedImporter : UnityEditor.QuickSearchModule:UnityEditor.Search:ASIAI0B)
Imported 'GUID: 2df96b66b5510f94b98df2ac6f926ef4' -> (Import Result ID: 'b33fe0f2abe15a641c341f8db94bf3e9') in 0.003 seconds [static and dynamic dependencies]. Details - ImportResultOutputID=e9fe0fbef2ce7c96db3ac734665cfb66 DependenciesID=09aa42a801e05204e9d838eb9797838c StaticDependenciesID=4009658d0875d327c94fe358f8b4ccef 
Number of updated asset objects reloaded before import = 0
Number of asset objects unloaded after import = 1
========================================================================
Received Import Request.
  Time of request: 2026-10-09T14:09:52.93225Z
  Time since last request: 0.000272218 seconds.
  importAddress: GUID: 37f63294a089b441eb9b5a8b6dea5114 - Path: Packages/com.unity.render-pipelines.core/Editor/Controls/ToggleDropdown.cs - Importer: ScriptedImporter/UnityEditor.QuickSearchModule:UnityEditor.Search:ASIAI0B
Importing 'GUID: 37f63294a089b441eb9b5a8b6dea5114 - Path: Packages/com.unity.render-pipelines.core/Editor/Controls/ToggleDropdown.cs - Importer: ScriptedImporter/UnityEditor.QuickSearchModule:UnityEditor.Search:ASIAI0B' with importer (ScriptedImporter : UnityEditor.QuickSearchModule:UnityEditor.Search:ASIAI0B)
Imported 'GUID: 37f63294a089b441eb9b5a8b6dea5114' -> (Import Result ID: '43fc76a043a6b40d507d906c9c5aceb3') in 0.001 seconds [static and dynamic dependencies]. Details - ImportResultOutputID=418a5be4b694541bbb806a7735673490 DependenciesID=c23c08ab86e8b8cdbf8da1aa8e8aa131 StaticDependenciesID=402f95e0fdaf1c7d2a282d943aebb9e6 
Number of updated asset objects reloaded before import = 0
Number of asset objects unloaded after import = 0
========================================================================
Received Import Request.
  Time of request: 2026-10-09T14:09:52.940369Z
  Time since last request: 0.000214791 seconds.
  importAddress: GUID: 59cb2244d87edf44a8800d2a01fc1dfd - Path: Packages/com.unity.render-pipelines.core/Editor/PathTracing/LightBakerWorkerProcessImporter.cs - Importer: ScriptedImporter/UnityEditor.QuickSearchModule:UnityEditor.Search:ASIAI0B
Importing 'GUID: 59cb2244d87edf44a8800d2a01fc1dfd - Path: Packages/com.unity.render-pipelines.core/Editor/PathTracing/LightBakerWorkerProcessImporter.cs - Importer: ScriptedImporter/UnityEditor.QuickSearchModule:UnityEditor.Search:ASIAI0B' with importer (ScriptedImporter : UnityEditor.QuickSearchModule:UnityEditor.Search:ASIAI0B)
Imported 'GUID: 59cb2244d87edf44a8800d2a01fc1dfd' -> (Import Result ID: '6b44010a4ccabc3c8c4e67b54f64cf42') in 0.001 seconds [static and dynamic dependencies]. Details - ImportResultOutputID=825ddfa8aa4add3a1781cae2f8b18b0b DependenciesID=2412824d761fe4913650bfdfadb79d8b StaticDependenciesID=5eeb677b1f2bd34e7cb87b518ed16a26 
Number of updated asset objects reloaded before import = 0
Number of asset objects unloaded after import = 0
========================================================================
Received Import Request.
  Time of request: 2026-10-09T14:09:52.948167Z
  Time since last request: 0.000358218 seconds.
  importAddress: GUID: 01a25e37e39f89141a341cacf285acc4 - Path: Packages/com.unity.render-pipelines.core/Editor/PathTracing/BakeImport.cs - Importer: ScriptedImporter/UnityEditor.QuickSearchModule:UnityEditor.Search:ASIAI0B
Importing 'GUID: 01a25e37e39f89141a341cacf285acc4 - Path: Packages/com.unity.render-pipelines.core/Editor/PathTracing/BakeImport.cs - Importer: ScriptedImporter/UnityEditor.QuickSearchModule:UnityEditor.Search:ASIAI0B' with importer (ScriptedImporter : UnityEditor.QuickSearchModule:UnityEditor.Search:ASIAI0B)
Imported 'GUID: 01a25e37e39f89141a341cacf285acc4' -> (Import Result ID: 'b9649ede115a327893b949e8e9f0a94f') in 0.002 seconds [static and dynamic dependencies]. Details - ImportResultOutputID=d64788b0d05ab1a6d7ac86c4cf564f5d DependenciesID=4251999689a63d7305669fce97fb1ab4 StaticDependenciesID=fae3af5185d227d35d1a44fc026b85a1 
Number of updated asset objects reloaded before import = 0
Number of asset objects unloaded after import = 0
========================================================================
Received Import Request.
  Time of request: 2026-10-09T14:09:52.956684Z
  Time since last request: 0.000484995 seconds.
  importAddress: GUID: b913694f5cbdba14f8d9ba1e8c028276 - Path: Packages/com.unity.render-pipelines.core/Editor/Lighting/IESImporterEditor.cs - Importer: ScriptedImporter/UnityEditor.QuickSearchModule:UnityEditor.Search:ASIAI0B
Importing 'GUID: b913694f5cbdba14f8d9ba1e8c028276 - Path: Packages/com.unity.render-pipelines.core/Editor/Lighting/IESImporterEditor.cs - Importer: ScriptedImporter/UnityEditor.QuickSearchModule:UnityEditor.Search:ASIAI0B' with importer (ScriptedImporter : UnityEditor.QuickSearchModule:UnityEditor.Search:ASIAI0B)
Imported 'GUID: b913694f5cbdba14f8d9ba1e8c028276' -> (Import Result ID: 'b1f9bcad702bda7db187e10f30d8446f') in 0.001 seconds [static and dynamic dependencies]. Details - ImportResultOutputID=e78553efc37a2748ef198d680216030e DependenciesID=b055521c84c1b15568a98cb52d6297d8 StaticDependenciesID=803383c17b10c5ca6b5f21a2b3242d09 
Number of updated asset objects reloaded before import = 0
Number of asset objects unloaded after import = 0
========================================================================
Received Import Request.
  Time of request: 2026-10-09T14:09:52.964668Z
  Time since last request: 0.000597515 seconds.
  importAddress: GUID: ec8f726a6fe63cb4594f1d548226f13d - Path: Packages/com.unity.render-pipelines.core/Editor/Lighting/LightIntensitySlider.cs - Importer: ScriptedImporter/UnityEditor.QuickSearchModule:UnityEditor.Search:ASIAI0B
Importing 'GUID: ec8f726a6fe63cb4594f1d548226f13d - Path: Packages/com.unity.render-pipelines.core/Editor/Lighting/LightIntensitySlider.cs - Importer: ScriptedImporter/UnityEditor.QuickSearchModule:UnityEditor.Search:ASIAI0B' with importer (ScriptedImporter : UnityEditor.QuickSearchModule:UnityEditor.Search:ASIAI0B)
Imported 'GUID: ec8f726a6fe63cb4594f1d548226f13d' -> (Import Result ID: 'c76b649b2224402fd89b265405705e9e') in 0.001 seconds [static and dynamic dependencies]. Details - ImportResultOutputID=99661b50d9cce8f2a904fa0e40226cc7 DependenciesID=67e752292309ab5e3ec992a1f52beb7a StaticDependenciesID=6cd31c5de3893ae83f36a8551c00d280 
Number of updated asset objects reloaded before import = 0
Number of asset objects unloaded after import = 0
========================================================================
Received Import Request.
  Time of request: 2026-10-09T14:09:52.972827Z
  Time since last request: 0.00051436 seconds.
  importAddress: GUID: 6015f12526b2ed04eb8a3943af5202da - Path: Packages/com.unity.render-pipelines.core/Editor/Debugging/DebugWindow.uss - Importer: ScriptedImporter/UnityEditor.QuickSearchModule:UnityEditor.Search:ASIAI0B
Importing 'GUID: 6015f12526b2ed04eb8a3943af5202da - Path: Packages/com.unity.render-pipelines.core/Editor/Debugging/DebugWindow.uss - Importer: ScriptedImporter/UnityEditor.QuickSearchModule:UnityEditor.Search:ASIAI0B' with importer (ScriptedImporter : UnityEditor.QuickSearchModule:UnityEditor.Search:ASIAI0B)
Imported 'GUID: 6015f12526b2ed04eb8a3943af5202da' -> (Import Result ID: '2460ebea39cd6d511f3c1dd8d11a3a8b') in 0.004 seconds [static and dynamic dependencies]. Details - ImportResultOutputID=e10bb9bd8de413ce5e676079b296f7cc DependenciesID=6d44261d69b985f27e3ff4d2292c2ef6 StaticDependenciesID=183d430f2b6f4d3f2325c095fcb11f6d 
Number of updated asset objects reloaded before import = 0
Number of asset objects unloaded after import = 1
========================================================================
Received Import Request.
  Time of request: 2026-10-09T14:09:52.983181Z
  Time since last request: 0.000275795 seconds.
  importAddress: GUID: e60528a842c858f469435e8e9683025a - Path: Packages/com.unity.render-pipelines.core/Editor/Debugging/DebugWindow.SearchFilter.cs - Importer: ScriptedImporter/UnityEditor.QuickSearchModule:UnityEditor.Search:ASIAI0B
Importing 'GUID: e60528a842c858f469435e8e9683025a - Path: Packages/com.unity.render-pipelines.core/Editor/Debugging/DebugWindow.SearchFilter.cs - Importer: ScriptedImporter/UnityEditor.QuickSearchModule:UnityEditor.Search:ASIAI0B' with importer (ScriptedImporter : UnityEditor.QuickSearchModule:UnityEditor.Search:ASIAI0B)
Imported 'GUID: e60528a842c858f469435e8e9683025a' -> (Import Result ID: '0943701155da2636c53fa86559b3c6c4') in 0.001 seconds [static and dynamic dependencies]. Details - ImportResultOutputID=4eb353833627d0956ea87016f17b1aa5 DependenciesID=c616a5f45983e9f9dc949101c1c624dd StaticDependenciesID=176a9b3837197fcf2239389c77e8155c 
Number of updated asset objects reloaded before import = 0
Number of asset objects unloaded after import = 0
========================================================================
Received Import Request.
  Time of request: 2026-10-09T14:09:52.990927Z
  Time since last request: 0.000360232 seconds.
  importAddress: GUID: 9801397f829a1ed42984340315cbf362 - Path: Packages/com.unity.render-pipelines.core/Editor/Lighting/IESImporter.cs - Importer: ScriptedImporter/UnityEditor.QuickSearchModule:UnityEditor.Search:ASIAI0B
Importing 'GUID: 9801397f829a1ed42984340315cbf362 - Path: Packages/com.unity.render-pipelines.core/Editor/Lighting/IESImporter.cs - Importer: ScriptedImporter/UnityEditor.QuickSearchModule:UnityEditor.Search:ASIAI0B' with importer (ScriptedImporter : UnityEditor.QuickSearchModule:UnityEditor.Search:ASIAI0B)
Imported 'GUID: 9801397f829a1ed42984340315cbf362' -> (Import Result ID: 'afdadfc6afde57d2ac7c54368daecb73') in 0.001 seconds [static and dynamic dependencies]. Details - ImportResultOutputID=afc9d890a286e2187606e680c9fef0f6 DependenciesID=bfde0ce73b79a69a3f6a13ede43e4c26 StaticDependenciesID=b431fe836118a7f920288a6679024056 
Number of updated asset objects reloaded before import = 0
Number of asset objects unloaded after import = 0
========================================================================
Received Import Request.
  Time of request: 2026-10-09T14:09:53.02321Z
  Time since last request: 0.024280213 seconds.
  importAddress: GUID: b65964511a83d3f4fade935687c0b243 - Path: Packages/com.unity.render-pipelines.core/Editor/SampleDependencyImportSystem/SampleList.cs - Importer: ScriptedImporter/UnityEditor.QuickSearchModule:UnityEditor.Search:ASIAI0B
Importing 'GUID: b65964511a83d3f4fade935687c0b243 - Path: Packages/com.unity.render-pipelines.core/Editor/SampleDependencyImportSystem/SampleList.cs - Importer: ScriptedImporter/UnityEditor.QuickSearchModule:UnityEditor.Search:ASIAI0B' with importer (ScriptedImporter : UnityEditor.QuickSearchModule:UnityEditor.Search:ASIAI0B)
Imported 'GUID: b65964511a83d3f4fade935687c0b243' -> (Import Result ID: 'f3230d35b77650d0f62dc8dae133d38a') in 0.001 seconds [static and dynamic dependencies]. Details - ImportResultOutputID=1b85cb76cc61c25daa973b5b2466bd3d DependenciesID=d2803a44179794c19f716deca3ecb6ab StaticDependenciesID=f9000bf9aabd39c4842defc69269a2ea 
Number of updated asset objects reloaded before import = 0
Number of asset objects unloaded after import = 0
========================================================================
Received Import Request.
  Time of request: 2026-10-09T14:09:53.031704Z
  Time since last request: 0.000568181 seconds.
  importAddress: GUID: 7cb91275e17b45ab83910c63bb9a3a99 - Path: Packages/com.unity.render-pipelines.core/Editor/Properties/AdvancedProperties.cs - Importer: ScriptedImporter/UnityEditor.QuickSearchModule:UnityEditor.Search:ASIAI0B
Importing 'GUID: 7cb91275e17b45ab83910c63bb9a3a99 - Path: Packages/com.unity.render-pipelines.core/Editor/Properties/AdvancedProperties.cs - Importer: ScriptedImporter/UnityEditor.QuickSearchModule:UnityEditor.Search:ASIAI0B' with importer (ScriptedImporter : UnityEditor.QuickSearchModule:UnityEditor.Search:ASIAI0B)
Imported 'GUID: 7cb91275e17b45ab83910c63bb9a3a99' -> (Import Result ID: '29b3778141bbdd098fe0995b8c5ec480') in 0.002 seconds [static and dynamic dependencies]. Details - ImportResultOutputID=3b5aefae1e889f182a407b7cf6278544 DependenciesID=af45bd524d1f3716bb3a027011ce39e6 StaticDependenciesID=275ed52f7e2682754061d9e0bf773fc2 
Number of updated asset objects reloaded before import = 0
Number of asset objects unloaded after import = 0
========================================================================
Received Import Request.
  Time of request: 2026-10-09T14:09:53.040189Z
  Time since last request: 0.000448117 seconds.
  importAddress: GUID: 20e417e1ec9645d44ad61671212c15f7 - Path: Packages/com.unity.render-pipelines.core/Editor/StyleSheets/HeaderFoldout.uss - Importer: ScriptedImporter/UnityEditor.QuickSearchModule:UnityEditor.Search:ASIAI0B
Importing 'GUID: 20e417e1ec9645d44ad61671212c15f7 - Path: Packages/com.unity.render-pipelines.core/Editor/StyleSheets/HeaderFoldout.uss - Importer: ScriptedImporter/UnityEditor.QuickSearchModule:UnityEditor.Search:ASIAI0B' with importer (ScriptedImporter : UnityEditor.QuickSearchModule:UnityEditor.Search:ASIAI0B)
Imported 'GUID: 20e417e1ec9645d44ad61671212c15f7' -> (Import Result ID: 'cca2e3b1d39841a94c6f38aee355739b') in 0.002 seconds [static and dynamic dependencies]. Details - ImportResultOutputID=1df7353ea332c4d47dc062c7965aabd3 DependenciesID=4b2349632174fa8ce01e8a40425dabfa StaticDependenciesID=6d10d6707fecc1870e342c4b2f2f7fbe 
Number of updated asset objects reloaded before import = 0
Number of asset objects unloaded after import = 1
========================================================================
Received Import Request.
  Time of request: 2026-10-09T14:09:53.049662Z
  Time since last request: 0.000268261 seconds.
  importAddress: GUID: 19c67f927d379dc49a94746f5028e74e - Path: Packages/com.unity.render-pipelines.core/Editor/Settings/RenderPipelineGlobalSettingsProvider.deprecated.cs - Importer: ScriptedImporter/UnityEditor.QuickSearchModule:UnityEditor.Search:ASIAI0B
Importing 'GUID: 19c67f927d379dc49a94746f5028e74e - Path: Packages/com.unity.render-pipelines.core/Editor/Settings/RenderPipelineGlobalSettingsProvider.deprecated.cs - Importer: ScriptedImporter/UnityEditor.QuickSearchModule:UnityEditor.Search:ASIAI0B' with importer (ScriptedImporter : UnityEditor.QuickSearchModule:UnityEditor.Search:ASIAI0B)
Imported 'GUID: 19c67f927d379dc49a94746f5028e74e' -> (Import Result ID: 'd99054b01cba4061e99d504945ff2e26') in 0.001 seconds [static and dynamic dependencies]. Details - ImportResultOutputID=4df22cfe003a539dbed1caa85dda7c6d DependenciesID=594fa7410c70e94ad8525e7f1852c79b StaticDependenciesID=4cbd81e8e0ef83ca93386568cd062d20 
Number of updated asset objects reloaded before import = 0
Number of asset objects unloaded after import = 0
========================================================================
Received Import Request.
  Time of request: 2026-10-09T14:09:53.058554Z
  Time since last request: 0.000838986 seconds.
  importAddress: GUID: cf3ac3446e9c4333b9d16ece5c21317d - Path: Packages/com.unity.render-pipelines.core/Editor/StyleSheets/RenderGraphViewer.uss - Importer: ScriptedImporter/UnityEditor.QuickSearchModule:UnityEditor.Search:ASIAI0B
Importing 'GUID: cf3ac3446e9c4333b9d16ece5c21317d - Path: Packages/com.unity.render-pipelines.core/Editor/StyleSheets/RenderGraphViewer.uss - Importer: ScriptedImporter/UnityEditor.QuickSearchModule:UnityEditor.Search:ASIAI0B' with importer (ScriptedImporter : UnityEditor.QuickSearchModule:UnityEditor.Search:ASIAI0B)
Imported 'GUID: cf3ac3446e9c4333b9d16ece5c21317d' -> (Import Result ID: 'cd03255da54b2d672a6349a1b9008543') in 0.003 seconds [static and dynamic dependencies]. Details - ImportResultOutputID=5b0f2e6fcf9f5ce5a15ce2a07ac2a57a DependenciesID=ff74811bf854e2f12cd9819a8fa2e892 StaticDependenciesID=ec85384fd726f47e37d824cbd7be2a2f 
Number of updated asset objects reloaded before import = 0
Number of asset objects unloaded after import = 2
========================================================================
Received Import Request.
  Time of request: 2026-10-09T14:09:53.068668Z
  Time since last request: 0.000165669 seconds.
  importAddress: GUID: 83a028a39a272694784e78db21cff69b - Path: Packages/com.unity.render-pipelines.core/Editor/StyleSheets/DefaultVolumeProfileEditor.uss - Importer: ScriptedImporter/UnityEditor.QuickSearchModule:UnityEditor.Search:ASIAI0B
Importing 'GUID: 83a028a39a272694784e78db21cff69b - Path: Packages/com.unity.render-pipelines.core/Editor/StyleSheets/DefaultVolumeProfileEditor.uss - Importer: ScriptedImporter/UnityEditor.QuickSearchModule:UnityEditor.Search:ASIAI0B' with importer (ScriptedImporter : UnityEditor.QuickSearchModule:UnityEditor.Search:ASIAI0B)
Imported 'GUID: 83a028a39a272694784e78db21cff69b' -> (Import Result ID: '4037a0d107391c45e79890bc793c3d0f') in 0.004 seconds [static and dynamic dependencies]. Details - ImportResultOutputID=ba3cea5c8b75b8e1d4539b93069f1ed1 DependenciesID=c7bb2bff148d61506603cc96c1d933c8 StaticDependenciesID=89fcc9e91736c69bba72d124c630c022 
Number of updated asset objects reloaded before import = 0
Number of asset objects unloaded after import = 1
========================================================================
Received Import Request.
  Time of request: 2026-10-09T14:09:53.080723Z
  Time since last request: 0.001093 seconds.
  importAddress: GUID: 8bf46326c944b984c9084f09aef9b2e2 - Path: Packages/com.unity.render-pipelines.core/Editor/StyleSheets/RenderGraphViewerLight.uss - Importer: ScriptedImporter/UnityEditor.QuickSearchModule:UnityEditor.Search:ASIAI0B
Importing 'GUID: 8bf46326c944b984c9084f09aef9b2e2 - Path: Packages/com.unity.render-pipelines.core/Editor/StyleSheets/RenderGraphViewerLight.uss - Importer: ScriptedImporter/UnityEditor.QuickSearchModule:UnityEditor.Search:ASIAI0B' with importer (ScriptedImporter : UnityEditor.QuickSearchModule:UnityEditor.Search:ASIAI0B)
Imported 'GUID: 8bf46326c944b984c9084f09aef9b2e2' -> (Import Result ID: '6559c92f6f819e160ee034e9d026c8b6') in 0.004 seconds [static and dynamic dependencies]. Details - ImportResultOutputID=d1a7cda3e90ef06aa74deace3eb51018 DependenciesID=c3280fa6034920b8e83cd845e0ade505 StaticDependenciesID=3f9adcb0926d9ff5eeea5fa3ae5aa057 
Number of updated asset objects reloaded before import = 0
Number of asset objects unloaded after import = 11
========================================================================
Received Import Request.
  Time of request: 2026-10-09T14:09:53.091803Z
  Time since last request: 0.000137276 seconds.
  importAddress: GUID: 6445a8672591a4647839c57df79b857b - Path: Packages/com.unity.render-pipelines.core/Editor/ShaderGenerator/ShaderGeneratorMenu.cs - Importer: ScriptedImporter/UnityEditor.QuickSearchModule:UnityEditor.Search:ASIAI0B
Importing 'GUID: 6445a8672591a4647839c57df79b857b - Path: Packages/com.unity.render-pipelines.core/Editor/ShaderGenerator/ShaderGeneratorMenu.cs - Importer: ScriptedImporter/UnityEditor.QuickSearchModule:UnityEditor.Search:ASIAI0B' with importer (ScriptedImporter : UnityEditor.QuickSearchModule:UnityEditor.Search:ASIAI0B)
Imported 'GUID: 6445a8672591a4647839c57df79b857b' -> (Import Result ID: '6a89343361143cdb2de0f00495c7dee8') in 0.001 seconds [static and dynamic dependencies]. Details - ImportResultOutputID=34299551d56ca9df2ec3d1f4d270d632 DependenciesID=a7a2bc9f98e6ed54c6c9be5d1c0d58c8 StaticDependenciesID=360e871cf444b146a414e9f9ccf38a2e 
Number of updated asset objects reloaded before import = 0
Number of asset objects unloaded after import = 0
========================================================================
Received Import Request.
  Time of request: 2026-10-09T14:09:53.100785Z
  Time since last request: 0.000143518 seconds.
  importAddress: GUID: 6502c00b916333a498fff8077f97ce9e - Path: Packages/com.unity.render-pipelines.core/Editor/RenderGraph/RenderGraphUtilsResourceStripper.cs - Importer: ScriptedImporter/UnityEditor.QuickSearchModule:UnityEditor.Search:ASIAI0B
Importing 'GUID: 6502c00b916333a498fff8077f97ce9e - Path: Packages/com.unity.render-pipelines.core/Editor/RenderGraph/RenderGraphUtilsResourceStripper.cs - Importer: ScriptedImporter/UnityEditor.QuickSearchModule:UnityEditor.Search:ASIAI0B' with importer (ScriptedImporter : UnityEditor.QuickSearchModule:UnityEditor.Search:ASIAI0B)
Imported 'GUID: 6502c00b916333a498fff8077f97ce9e' -> (Import Result ID: '9b82fd085c7cf5e1e1660b9d60828dfd') in 0.001 seconds [static and dynamic dependencies]. Details - ImportResultOutputID=f94f5082e5f736890103b36bd3230ca4 DependenciesID=34f1179618c23eb6faf3114cf91a8c1d StaticDependenciesID=05818efbe1d105f409b5960949c0fe8f 
Number of updated asset objects reloaded before import = 0
Number of asset objects unloaded after import = 0
========================================================================
Received Import Request.
  Time of request: 2026-10-09T14:09:53.108985Z
  Time since last request: 0.000260747 seconds.
  importAddress: GUID: 371b660fd92134146a9c35b3e4221fab - Path: Packages/com.unity.render-pipelines.core/Editor/UnifiedRayTracing/CreateUnifiedRTShaderMenuItem.cs - Importer: ScriptedImporter/UnityEditor.QuickSearchModule:UnityEditor.Search:ASIAI0B
Importing 'GUID: 371b660fd92134146a9c35b3e4221fab - Path: Packages/com.unity.render-pipelines.core/Editor/UnifiedRayTracing/CreateUnifiedRTShaderMenuItem.cs - Importer: ScriptedImporter/UnityEditor.QuickSearchModule:UnityEditor.Search:ASIAI0B' with importer (ScriptedImporter : UnityEditor.QuickSearchModule:UnityEditor.Search:ASIAI0B)
Imported 'GUID: 371b660fd92134146a9c35b3e4221fab' -> (Import Result ID: '12ecc13edcf69e4b3526d636602eeafe') in 0.001 seconds [static and dynamic dependencies]. Details - ImportResultOutputID=d0539bc74b67ef21444c1a21bfff085c DependenciesID=25ab80ca2d08e8f0439bb4f01deb89be StaticDependenciesID=aefa7bfa27e0c8a7d9cf992c2338b3c4 
Number of updated asset objects reloaded before import = 0
Number of asset objects unloaded after import = 0
========================================================================
Received Import Request.
  Time of request: 2026-10-09T14:09:53.118051Z
  Time since last request: 0.000413632 seconds.
  importAddress: GUID: 27652a830f2825247b820817d8c85451 - Path: Packages/com.unity.render-pipelines.core/Editor/Upscaling/FSR2OptionsEditor.cs - Importer: ScriptedImporter/UnityEditor.QuickSearchModule:UnityEditor.Search:ASIAI0B
Importing 'GUID: 27652a830f2825247b820817d8c85451 - Path: Packages/com.unity.render-pipelines.core/Editor/Upscaling/FSR2OptionsEditor.cs - Importer: ScriptedImporter/UnityEditor.QuickSearchModule:UnityEditor.Search:ASIAI0B' with importer (ScriptedImporter : UnityEditor.QuickSearchModule:UnityEditor.Search:ASIAI0B)
Imported 'GUID: 27652a830f2825247b820817d8c85451' -> (Import Result ID: '2dedb07bf2760361fb7666be4485119a') in 0.001 seconds [static and dynamic dependencies]. Details - ImportResultOutputID=1f66949e1655d5e437f48a5c32317f13 DependenciesID=8d8077319aa1ea80f3d0134a6920fb39 StaticDependenciesID=436ea3f595244897896771a4537a8d42 
Number of updated asset objects reloaded before import = 0
Number of asset objects unloaded after import = 0
========================================================================
Received Import Request.
  Time of request: 2026-10-09T14:09:53.126868Z
  Time since last request: 0.000203089 seconds.
  importAddress: GUID: 0969de59df3a8834a871a797e99f3ea3 - Path: Packages/com.unity.render-pipelines.core/Editor/Settings/RenderPipelineGlobalSettingsUI.Drawers.cs - Importer: ScriptedImporter/UnityEditor.QuickSearchModule:UnityEditor.Search:ASIAI0B
Importing 'GUID: 0969de59df3a8834a871a797e99f3ea3 - Path: Packages/com.unity.render-pipelines.core/Editor/Settings/RenderPipelineGlobalSettingsUI.Drawers.cs - Importer: ScriptedImporter/UnityEditor.QuickSearchModule:UnityEditor.Search:ASIAI0B' with importer (ScriptedImporter : UnityEditor.QuickSearchModule:UnityEditor.Search:ASIAI0B)
Imported 'GUID: 0969de59df3a8834a871a797e99f3ea3' -> (Import Result ID: '1c132dfefef475bccbb268e6e16105de') in 0.002 seconds [static and dynamic dependencies]. Details - ImportResultOutputID=9a2b8472b19f6afdc9c9c0687272224a DependenciesID=5c7818fe79acff379fdf5c052d68b338 StaticDependenciesID=4dfc1486d4ce65a46d60fb7480235828 
Number of updated asset objects reloaded before import = 0
Number of asset objects unloaded after import = 0
========================================================================
Received Import Request.
  Time of request: 2026-10-09T14:09:53.136104Z
  Time since last request: 0.00027363 seconds.
  importAddress: GUID: 33cff06c4d284d0fa08d4d9d5ca06686 - Path: Packages/com.unity.render-pipelines.core/Editor/Settings/RenderPipelineGlobalSettingsEndNameEditAction.cs - Importer: ScriptedImporter/UnityEditor.QuickSearchModule:UnityEditor.Search:ASIAI0B
Importing 'GUID: 33cff06c4d284d0fa08d4d9d5ca06686 - Path: Packages/com.unity.render-pipelines.core/Editor/Settings/RenderPipelineGlobalSettingsEndNameEditAction.cs - Importer: ScriptedImporter/UnityEditor.QuickSearchModule:UnityEditor.Search:ASIAI0B' with importer (ScriptedImporter : UnityEditor.QuickSearchModule:UnityEditor.Search:ASIAI0B)
Imported 'GUID: 33cff06c4d284d0fa08d4d9d5ca06686' -> (Import Result ID: '2f10c946d67dfb20008291fe3620e99f') in 0.001 seconds [static and dynamic dependencies]. Details - ImportResultOutputID=93daaa4cebb87fac48f437665f0ace5d DependenciesID=48e4ebb82484fdfbc9bf7dff0b446f94 StaticDependenciesID=6433a4297f3ee728248e45c287289ede 
Number of updated asset objects reloaded before import = 0
Number of asset objects unloaded after import = 0
========================================================================
Received Import Request.
  Time of request: 2026-10-09T14:09:53.144122Z
  Time since last request: 0.00021438 seconds.
  importAddress: GUID: 75fb0572c16138347964c56f32c1ac45 - Path: Packages/com.unity.render-pipelines.core/Editor/ShaderStripping/ShaderExtensions.cs - Importer: ScriptedImporter/UnityEditor.QuickSearchModule:UnityEditor.Search:ASIAI0B
Importing 'GUID: 75fb0572c16138347964c56f32c1ac45 - Path: Packages/com.unity.render-pipelines.core/Editor/ShaderStripping/ShaderExtensions.cs - Importer: ScriptedImporter/UnityEditor.QuickSearchModule:UnityEditor.Search:ASIAI0B' with importer (ScriptedImporter : UnityEditor.QuickSearchModule:UnityEditor.Search:ASIAI0B)
Imported 'GUID: 75fb0572c16138347964c56f32c1ac45' -> (Import Result ID: '974db76ea872d51c9479bb730f4533d8') in 0.001 seconds [static and dynamic dependencies]. Details - ImportResultOutputID=a18970a24d183c101c325d091158e6d8 DependenciesID=69f31e05cc1f2f93727fba0484d5272a StaticDependenciesID=48271eb0d602a2d02312fb293250952a 
Number of updated asset objects reloaded before import = 0
Number of asset objects unloaded after import = 0
========================================================================
Received Import Request.
  Time of request: 2026-10-09T14:09:53.152521Z
  Time since last request: 0.000274863 seconds.
  importAddress: GUID: adee57cb848200543880b66dfd96f208 - Path: Packages/com.unity.render-pipelines.core/Editor/RenderGraph/RenderGraphTestsCore.cs - Importer: ScriptedImporter/UnityEditor.QuickSearchModule:UnityEditor.Search:ASIAI0B
Importing 'GUID: adee57cb848200543880b66dfd96f208 - Path: Packages/com.unity.render-pipelines.core/Editor/RenderGraph/RenderGraphTestsCore.cs - Importer: ScriptedImporter/UnityEditor.QuickSearchModule:UnityEditor.Search:ASIAI0B' with importer (ScriptedImporter : UnityEditor.QuickSearchModule:UnityEditor.Search:ASIAI0B)
Imported 'GUID: adee57cb848200543880b66dfd96f208' -> (Import Result ID: '7ff8f74c54ea9a1202e28a336c843e4f') in 0.002 seconds [static and dynamic dependencies]. Details - ImportResultOutputID=fe540fef9fa112554f4218b36b564b9e DependenciesID=a98002706c6a7acf9929f44af9fe8138 StaticDependenciesID=9da837d25bb498f5bd07c263d5f94318 
Number of updated asset objects reloaded before import = 0
Number of asset objects unloaded after import = 0
========================================================================
Received Import Request.
  Time of request: 2026-10-09T14:09:53.161488Z
  Time since last request: 0.000274632 seconds.
  importAddress: GUID: 10f1185105394dd5a8cf17fa594c1d5c - Path: Packages/com.unity.render-pipelines.core/Editor/Settings/DefaultVolumeProfileEditor.cs - Importer: ScriptedImporter/UnityEditor.QuickSearchModule:UnityEditor.Search:ASIAI0B
Importing 'GUID: 10f1185105394dd5a8cf17fa594c1d5c - Path: Packages/com.unity.render-pipelines.core/Editor/Settings/DefaultVolumeProfileEditor.cs - Importer: ScriptedImporter/UnityEditor.QuickSearchModule:UnityEditor.Search:ASIAI0B' with importer (ScriptedImporter : UnityEditor.QuickSearchModule:UnityEditor.Search:ASIAI0B)
Imported 'GUID: 10f1185105394dd5a8cf17fa594c1d5c' -> (Import Result ID: 'd1c9dc31940ebdc75098c67aec47ebe4') in 0.002 seconds [static and dynamic dependencies]. Details - ImportResultOutputID=2d0048a00c5aae90fe0b594633cb4c4d DependenciesID=4515d15de7c6204c7d75cfb7f1a8acec StaticDependenciesID=a71a65e206d0f69d0c8118aad97809b8 
Number of updated asset objects reloaded before import = 0
Number of asset objects unloaded after import = 0
========================================================================
Received Import Request.
  Time of request: 2026-10-09T14:09:53.170958Z
  Time since last request: 0.000298317 seconds.
  importAddress: GUID: 86bb22b0f58049838f9c49469f6b82e7 - Path: Packages/com.unity.render-pipelines.core/Editor/StyleSheets/LightingSearchColumnProviders.uss - Importer: ScriptedImporter/UnityEditor.QuickSearchModule:UnityEditor.Search:ASIAI0B
Importing 'GUID: 86bb22b0f58049838f9c49469f6b82e7 - Path: Packages/com.unity.render-pipelines.core/Editor/StyleSheets/LightingSearchColumnProviders.uss - Importer: ScriptedImporter/UnityEditor.QuickSearchModule:UnityEditor.Search:ASIAI0B' with importer (ScriptedImporter : UnityEditor.QuickSearchModule:UnityEditor.Search:ASIAI0B)
Imported 'GUID: 86bb22b0f58049838f9c49469f6b82e7' -> (Import Result ID: '501a141f2b70b7e9aeda73c8f138e31f') in 0.002 seconds [static and dynamic dependencies]. Details - ImportResultOutputID=cb198f5d6dceae1141d27f71049f65ac DependenciesID=9c327ffa50b8001106f9bb3e803797fb StaticDependenciesID=e5d0dd562147b47e1e17526a0cba7223 
Number of updated asset objects reloaded before import = 0
Number of asset objects unloaded after import = 1
========================================================================
Received Import Request.
  Time of request: 2026-10-09T14:09:53.181895Z
  Time since last request: 0.000217125 seconds.
  importAddress: GUID: f271dd66b05804343bbd8ff052f767a0 - Path: Packages/com.unity.render-pipelines.core/Editor/PropertyDrawers/VrsLutDrawer.cs - Importer: ScriptedImporter/UnityEditor.QuickSearchModule:UnityEditor.Search:ASIAI0B
Importing 'GUID: f271dd66b05804343bbd8ff052f767a0 - Path: Packages/com.unity.render-pipelines.core/Editor/PropertyDrawers/VrsLutDrawer.cs - Importer: ScriptedImporter/UnityEditor.QuickSearchModule:UnityEditor.Search:ASIAI0B' with importer (ScriptedImporter : UnityEditor.QuickSearchModule:UnityEditor.Search:ASIAI0B)
Imported 'GUID: f271dd66b05804343bbd8ff052f767a0' -> (Import Result ID: 'f2880dc554e95a42f963cb8ce0c85e5d') in 0.001 seconds [static and dynamic dependencies]. Details - ImportResultOutputID=a931e594963fb78e1624f23920f01ebe DependenciesID=595d1512ceb5fd6496e232f1a165af74 StaticDependenciesID=f0929614529ba5ccc7a18f204011adef 
Number of updated asset objects reloaded before import = 0
Number of asset objects unloaded after import = 0
========================================================================
Received Import Request.
  Time of request: 2026-10-09T14:09:53.190459Z
  Time since last request: 0.000342409 seconds.
  importAddress: GUID: 126a6e6aac144a1b9816f1c8e27b961b - Path: Packages/com.unity.render-pipelines.core/Editor/RenderGraph/RenderGraphViewer.PassTitleLabel.cs - Importer: ScriptedImporter/UnityEditor.QuickSearchModule:UnityEditor.Search:ASIAI0B
Importing 'GUID: 126a6e6aac144a1b9816f1c8e27b961b - Path: Packages/com.unity.render-pipelines.core/Editor/RenderGraph/RenderGraphViewer.PassTitleLabel.cs - Importer: ScriptedImporter/UnityEditor.QuickSearchModule:UnityEditor.Search:ASIAI0B' with importer (ScriptedImporter : UnityEditor.QuickSearchModule:UnityEditor.Search:ASIAI0B)
Imported 'GUID: 126a6e6aac144a1b9816f1c8e27b961b' -> (Import Result ID: '8215103b5498184cf7859495f28785b0') in 0.001 seconds [static and dynamic dependencies]. Details - ImportResultOutputID=bfc52544447d11d09c86fed2f46d8aee DependenciesID=0dc45adb6801ba314de2ab303758b1af StaticDependenciesID=07ca5db2285788050fdc71798cf6e04c 
Number of updated asset objects reloaded before import = 0
Number of asset objects unloaded after import = 0
========================================================================
Received Import Request.
  Time of request: 2026-10-09T14:09:53.216867Z
  Time since last request: 0.018384989 seconds.
  importAddress: GUID: bcf351cc6a3dc684ab5a266551adf7d5 - Path: Packages/com.unity.render-pipelines.core/Runtime/Common/DynamicString.cs - Importer: ScriptedImporter/UnityEditor.QuickSearchModule:UnityEditor.Search:ASIAI0B
Importing 'GUID: bcf351cc6a3dc684ab5a266551adf7d5 - Path: Packages/com.unity.render-pipelines.core/Runtime/Common/DynamicString.cs - Importer: ScriptedImporter/UnityEditor.QuickSearchModule:UnityEditor.Search:ASIAI0B' with importer (ScriptedImporter : UnityEditor.QuickSearchModule:UnityEditor.Search:ASIAI0B)
Imported 'GUID: bcf351cc6a3dc684ab5a266551adf7d5' -> (Import Result ID: '4e8885368e3b56ba7f45b627c16ea512') in 0.002 seconds [static and dynamic dependencies]. Details - ImportResultOutputID=0d19e7378adcf2163c8ac8f10702608f DependenciesID=c9e615cb66374c969a5c132b951c9721 StaticDependenciesID=828b31869b23c7143262ad3f2e71876f 
Number of updated asset objects reloaded before import = 0
Number of asset objects unloaded after import = 0
========================================================================
Received Import Request.
  Time of request: 2026-10-09T14:09:53.22587Z
  Time since last request: 0.000462423 seconds.
  importAddress: GUID: 20be25aac4e22ee49a7db76fb3df6de2 - Path: Packages/com.unity.render-pipelines.core/Runtime/Debug/ProbeSamplingDebugMesh.fbx - Importer: ScriptedImporter/UnityEditor.QuickSearchModule:UnityEditor.Search:ASIAI0B
Importing 'GUID: 20be25aac4e22ee49a7db76fb3df6de2 - Path: Packages/com.unity.render-pipelines.core/Runtime/Debug/ProbeSamplingDebugMesh.fbx - Importer: ScriptedImporter/UnityEditor.QuickSearchModule:UnityEditor.Search:ASIAI0B' with importer (ScriptedImporter : UnityEditor.QuickSearchModule:UnityEditor.Search:ASIAI0B)
Imported 'GUID: 20be25aac4e22ee49a7db76fb3df6de2' -> (Import Result ID: 'ca1a442d4c9a3d5acfc14338d8feda56') in 0.043 seconds [static and dynamic dependencies]. Details - ImportResultOutputID=7b9fa81e5f15d7515987823adebfc7a8 DependenciesID=f411f1a0f3ba131c90cc3a80277330e8 StaticDependenciesID=7cb4ade3986a91618f32ef752e91f702 
Number of updated asset objects reloaded before import = 0
Number of asset objects unloaded after import = 7
========================================================================
Received Import Request.
  Time of request: 2026-10-09T14:09:53.275518Z
  Time since last request: 0.000277758 seconds.
  importAddress: GUID: 188d5dc897b64646b3757571725337ce - Path: Packages/com.unity.render-pipelines.core/Runtime/Common/ListBuffer.cs - Importer: ScriptedImporter/UnityEditor.QuickSearchModule:UnityEditor.Search:ASIAI0B
Importing 'GUID: 188d5dc897b64646b3757571725337ce - Path: Packages/com.unity.render-pipelines.core/Runtime/Common/ListBuffer.cs - Importer: ScriptedImporter/UnityEditor.QuickSearchModule:UnityEditor.Search:ASIAI0B' with importer (ScriptedImporter : UnityEditor.QuickSearchModule:UnityEditor.Search:ASIAI0B)
Imported 'GUID: 188d5dc897b64646b3757571725337ce' -> (Import Result ID: '009d3a2d39f77a138b31658f640def57') in 0.002 seconds [static and dynamic dependencies]. Details - ImportResultOutputID=75697a3bbe84c91c3a632fc113d21e02 DependenciesID=644b2ecb3b4cc483eb8596e1ecebd6bb StaticDependenciesID=dbf4ceed627f3107c46012515fcd6667 
Number of updated asset objects reloaded before import = 0
Number of asset objects unloaded after import = 0
========================================================================
Received Import Request.
  Time of request: 2026-10-09T14:09:53.284086Z
  Time since last request: 0.000272068 seconds.
  importAddress: GUID: bf54e6528c79a224e96346799064c393 - Path: Packages/com.unity.render-pipelines.core/Runtime/Debug/ProbeVolumeSamplingDebug.shader - Importer: ScriptedImporter/UnityEditor.QuickSearchModule:UnityEditor.Search:ASIAI0B
Importing 'GUID: bf54e6528c79a224e96346799064c393 - Path: Packages/com.unity.render-pipelines.core/Runtime/Debug/ProbeVolumeSamplingDebug.shader - Importer: ScriptedImporter/UnityEditor.QuickSearchModule:UnityEditor.Search:ASIAI0B' with importer (ScriptedImporter : UnityEditor.QuickSearchModule:UnityEditor.Search:ASIAI0B)
Imported 'GUID: bf54e6528c79a224e96346799064c393' -> (Import Result ID: 'e2afcd198e2e63e907c3cf4acb610e9e') in 0.002 seconds [static and dynamic dependencies]. Details - ImportResultOutputID=cad2266a79b091e5de0e0b89a3296c2e DependenciesID=343d5b30f71c3b20bd2c2ae51b810b75 StaticDependenciesID=053730a3e4d3ac6461b08e15fad4dad6 
Number of updated asset objects reloaded before import = 0
Number of asset objects unloaded after import = 1
========================================================================
Received Import Request.
  Time of request: 2026-10-09T14:09:53.293827Z
  Time since last request: 0.000240809 seconds.
  importAddress: GUID: b5a8751420b0404cb9679106b091aef9 - Path: Packages/com.unity.render-pipelines.core/Runtime/Camera/CameraHistory.cs - Importer: ScriptedImporter/UnityEditor.QuickSearchModule:UnityEditor.Search:ASIAI0B
Importing 'GUID: b5a8751420b0404cb9679106b091aef9 - Path: Packages/com.unity.render-pipelines.core/Runtime/Camera/CameraHistory.cs - Importer: ScriptedImporter/UnityEditor.QuickSearchModule:UnityEditor.Search:ASIAI0B' with importer (ScriptedImporter : UnityEditor.QuickSearchModule:UnityEditor.Search:ASIAI0B)
Imported 'GUID: b5a8751420b0404cb9679106b091aef9' -> (Import Result ID: '6a74ffd8331c9ba6b3ac4bb71dfb01c5') in 0.001 seconds [static and dynamic dependencies]. Details - ImportResultOutputID=41c94d596e38ad7cbd41d93c24a7ad46 DependenciesID=bb7b8466a480095d5e5866925e4957dc StaticDependenciesID=79b025a35026130e06fa1db9242c2ffe 
Number of updated asset objects reloaded before import = 0
Number of asset objects unloaded after import = 0
========================================================================
Received Import Request.
  Time of request: 2026-10-09T14:09:53.302029Z
  Time since last request: 0.000173714 seconds.
  importAddress: GUID: 61649e120aa78c04e8b44d1c5af17d35 - Path: Packages/com.unity.render-pipelines.core/Runtime/Common/ConstantBuffer.cs - Importer: ScriptedImporter/UnityEditor.QuickSearchModule:UnityEditor.Search:ASIAI0B
Importing 'GUID: 61649e120aa78c04e8b44d1c5af17d35 - Path: Packages/com.unity.render-pipelines.core/Runtime/Common/ConstantBuffer.cs - Importer: ScriptedImporter/UnityEditor.QuickSearchModule:UnityEditor.Search:ASIAI0B' with importer (ScriptedImporter : UnityEditor.QuickSearchModule:UnityEditor.Search:ASIAI0B)
Imported 'GUID: 61649e120aa78c04e8b44d1c5af17d35' -> (Import Result ID: '1db54aa6d4017d6ec514d0db0ae23bf3') in 0.001 seconds [static and dynamic dependencies]. Details - ImportResultOutputID=ea7b3be7fa146d29caa148be4936788b DependenciesID=737b4eb5c71b5e8a839a7840c8e47a9f StaticDependenciesID=0d00b1d0ccaca0b1cd92b3dde148c42e 
Number of updated asset objects reloaded before import = 0
Number of asset objects unloaded after import = 0
========================================================================
Received Import Request.
  Time of request: 2026-10-09T14:09:53.310047Z
  Time since last request: 0.000217977 seconds.
  importAddress: GUID: 5909aeed57082bc4eb14d48c7e088959 - Path: Packages/com.unity.render-pipelines.core/Runtime/CommandBuffers/BaseCommandBufer.cs - Importer: ScriptedImporter/UnityEditor.QuickSearchModule:UnityEditor.Search:ASIAI0B
Importing 'GUID: 5909aeed57082bc4eb14d48c7e088959 - Path: Packages/com.unity.render-pipelines.core/Runtime/CommandBuffers/BaseCommandBufer.cs - Importer: ScriptedImporter/UnityEditor.QuickSearchModule:UnityEditor.Search:ASIAI0B' with importer (ScriptedImporter : UnityEditor.QuickSearchModule:UnityEditor.Search:ASIAI0B)
Imported 'GUID: 5909aeed57082bc4eb14d48c7e088959' -> (Import Result ID: '71151adff6d82a0babd1f3414972b6a3') in 0.001 seconds [static and dynamic dependencies]. Details - ImportResultOutputID=c1ce2b6e81a23683cb85d5d4346339cb DependenciesID=e6f6fdcb67f4d85d11510465be61ac17 StaticDependenciesID=b6aa0da0c9543c348ca6ad3c5f42209f 
Number of updated asset objects reloaded before import = 0
Number of asset objects unloaded after import = 0
========================================================================
Received Import Request.
  Time of request: 2026-10-09T14:09:53.318071Z
  Time since last request: 0.000220752 seconds.
  importAddress: GUID: 57a16f5659fb09d4e833f26df49cd9c4 - Path: Packages/com.unity.render-pipelines.core/Runtime/Common/Swap.Extensions.cs - Importer: ScriptedImporter/UnityEditor.QuickSearchModule:UnityEditor.Search:ASIAI0B
Importing 'GUID: 57a16f5659fb09d4e833f26df49cd9c4 - Path: Packages/com.unity.render-pipelines.core/Runtime/Common/Swap.Extensions.cs - Importer: ScriptedImporter/UnityEditor.QuickSearchModule:UnityEditor.Search:ASIAI0B' with importer (ScriptedImporter : UnityEditor.QuickSearchModule:UnityEditor.Search:ASIAI0B)
Imported 'GUID: 57a16f5659fb09d4e833f26df49cd9c4' -> (Import Result ID: '9e621cde8f9876fe055c1fe470033d2f') in 0.001 seconds [static and dynamic dependencies]. Details - ImportResultOutputID=fe3f22c1ca0dd02eca0b5b4b2fbe9b25 DependenciesID=d1c2392645ae32da7e06cf634882a230 StaticDependenciesID=31b7e24f6b8cf3c8470b2fa94fc0f3db 
Number of updated asset objects reloaded before import = 0
Number of asset objects unloaded after import = 0
========================================================================
Received Import Request.
  Time of request: 2026-10-09T14:09:53.326742Z
  Time since last request: 0.000212918 seconds.
  importAddress: GUID: f3ec0801d05bcb24c8a404d62f357d9c - Path: Packages/com.unity.render-pipelines.core/Editor/Volume/VolumeComponentListEditor.cs - Importer: ScriptedImporter/UnityEditor.QuickSearchModule:UnityEditor.Search:ASIAI0B
Importing 'GUID: f3ec0801d05bcb24c8a404d62f357d9c - Path: Packages/com.unity.render-pipelines.core/Editor/Volume/VolumeComponentListEditor.cs - Importer: ScriptedImporter/UnityEditor.QuickSearchModule:UnityEditor.Search:ASIAI0B' with importer (ScriptedImporter : UnityEditor.QuickSearchModule:UnityEditor.Search:ASIAI0B)
Imported 'GUID: f3ec0801d05bcb24c8a404d62f357d9c' -> (Import Result ID: '0b6fe560a7676a01b5d7bff4d0273d8d') in 0.001 seconds [static and dynamic dependencies]. Details - ImportResultOutputID=bda91e4d5b41dcf1008418c7c69a7495 DependenciesID=9ffa7fbb1c07ca2680e80615fb1db94a StaticDependenciesID=48bf873e7f0cd887b5f000888fe180c0 
Number of updated asset objects reloaded before import = 0
Number of asset objects unloaded after import = 0
========================================================================
Received Import Request.
  Time of request: 2026-10-09T14:09:53.335606Z
  Time since last request: 0.000188832 seconds.
  importAddress: GUID: b918e8093989b024da657e6db0a9c378 - Path: Packages/com.unity.render-pipelines.core/Runtime/CommandBuffers/CommandBufferHelpers.cs - Importer: ScriptedImporter/UnityEditor.QuickSearchModule:UnityEditor.Search:ASIAI0B
Importing 'GUID: b918e8093989b024da657e6db0a9c378 - Path: Packages/com.unity.render-pipelines.core/Runtime/CommandBuffers/CommandBufferHelpers.cs - Importer: ScriptedImporter/UnityEditor.QuickSearchModule:UnityEditor.Search:ASIAI0B' with importer (ScriptedImporter : UnityEditor.QuickSearchModule:UnityEditor.Search:ASIAI0B)
Imported 'GUID: b918e8093989b024da657e6db0a9c378' -> (Import Result ID: '7588c5b9ebdf230fc5696d51fbd2b0d7') in 0.001 seconds [static and dynamic dependencies]. Details - ImportResultOutputID=9621a6e8760d1e2ee4d1ee7869342450 DependenciesID=96da0841e11701ab41063e3e87642fc3 StaticDependenciesID=4d37885e4832fee4b38ec3ca57728c46 
Number of updated asset objects reloaded before import = 0
Number of asset objects unloaded after import = 0
========================================================================
Received Import Request.
  Time of request: 2026-10-09T14:09:53.343724Z
  Time since last request: 0.000265726 seconds.
  importAddress: GUID: 7b7fb68bec939a04791463e4b8734f38 - Path: Packages/com.unity.render-pipelines.core/Runtime/Debug/ProbeVolumeDebugFunctions.hlsl - Importer: ScriptedImporter/UnityEditor.QuickSearchModule:UnityEditor.Search:ASIAI0B
Importing 'GUID: 7b7fb68bec939a04791463e4b8734f38 - Path: Packages/com.unity.render-pipelines.core/Runtime/Debug/ProbeVolumeDebugFunctions.hlsl - Importer: ScriptedImporter/UnityEditor.QuickSearchModule:UnityEditor.Search:ASIAI0B' with importer (ScriptedImporter : UnityEditor.QuickSearchModule:UnityEditor.Search:ASIAI0B)
Imported 'GUID: 7b7fb68bec939a04791463e4b8734f38' -> (Import Result ID: 'f8a38e2129265fd43c04140d7383ac90') in 0.001 seconds [static and dynamic dependencies]. Details - ImportResultOutputID=ab291bd3b3d983287079fb8dba2253cf DependenciesID=3dfc7d6d26e6b21b929f20130c6295e0 StaticDependenciesID=d98c663b880f67c3bab265a00e7094ae 
Number of updated asset objects reloaded before import = 0
Number of asset objects unloaded after import = 1
========================================================================
Received Import Request.
  Time of request: 2026-10-09T14:09:53.351794Z
  Time since last request: 0.000165489 seconds.
  importAddress: GUID: 618b0e3f6c65dd247a4a016150006c57 - Path: Packages/com.unity.render-pipelines.core/Runtime/Camera/FreeCamera.cs - Importer: ScriptedImporter/UnityEditor.QuickSearchModule:UnityEditor.Search:ASIAI0B
Importing 'GUID: 618b0e3f6c65dd247a4a016150006c57 - Path: Packages/com.unity.render-pipelines.core/Runtime/Camera/FreeCamera.cs - Importer: ScriptedImporter/UnityEditor.QuickSearchModule:UnityEditor.Search:ASIAI0B' with importer (ScriptedImporter : UnityEditor.QuickSearchModule:UnityEditor.Search:ASIAI0B)
Imported 'GUID: 618b0e3f6c65dd247a4a016150006c57' -> (Import Result ID: '5320cec7cea642b91ae6c236fdad15b6') in 0.002 seconds [static and dynamic dependencies]. Details - ImportResultOutputID=d9ceeac866a1b429b3b2c70aeecdff78 DependenciesID=0c03e7b1b4399a691c84a95ac80e27e4 StaticDependenciesID=b158a3cd2af54fbe7275c262ea8bf526 
Number of updated asset objects reloaded before import = 0
Number of asset objects unloaded after import = 0
========================================================================
Received Import Request.
  Time of request: 2026-10-09T14:09:53.360758Z
  Time since last request: 0.00021924 seconds.
  importAddress: GUID: 5b5f2f0a59748ee45bd932de0ff19731 - Path: Packages/com.unity.render-pipelines.core/Editor/Utilities/UIElementSearchFilter.cs - Importer: ScriptedImporter/UnityEditor.QuickSearchModule:UnityEditor.Search:ASIAI0B
Importing 'GUID: 5b5f2f0a59748ee45bd932de0ff19731 - Path: Packages/com.unity.render-pipelines.core/Editor/Utilities/UIElementSearchFilter.cs - Importer: ScriptedImporter/UnityEditor.QuickSearchModule:UnityEditor.Search:ASIAI0B' with importer (ScriptedImporter : UnityEditor.QuickSearchModule:UnityEditor.Search:ASIAI0B)
Imported 'GUID: 5b5f2f0a59748ee45bd932de0ff19731' -> (Import Result ID: '76efa8aa06e5557964dc8ceba52ccc46') in 0.001 seconds [static and dynamic dependencies]. Details - ImportResultOutputID=283eeb5ec1c813d4fb4069a1fad58e20 DependenciesID=e0486ecf764bf3ad1927afd3042304ad StaticDependenciesID=bf18e45c08085364495129a5cfcc4077 
Number of updated asset objects reloaded before import = 0
Number of asset objects unloaded after import = 0
========================================================================
Received Import Request.
  Time of request: 2026-10-09T14:09:53.376835Z
  Time since last request: 0.007067302 seconds.
  importAddress: GUID: 197834254760f5f458d4f0d320728587 - Path: Packages/com.unity.render-pipelines.core/Runtime/PathTracing/PathTracingUtil.cs - Importer: ScriptedImporter/UnityEditor.QuickSearchModule:UnityEditor.Search:ASIAI0B
Importing 'GUID: 197834254760f5f458d4f0d320728587 - Path: Packages/com.unity.render-pipelines.core/Runtime/PathTracing/PathTracingUtil.cs - Importer: ScriptedImporter/UnityEditor.QuickSearchModule:UnityEditor.Search:ASIAI0B' with importer (ScriptedImporter : UnityEditor.QuickSearchModule:UnityEditor.Search:ASIAI0B)
Imported 'GUID: 197834254760f5f458d4f0d320728587' -> (Import Result ID: '246dcce2d2bfa02e7e90c7a944b5e7d4') in 0.002 seconds [static and dynamic dependencies]. Details - ImportResultOutputID=6d2a9e4e1782a7c6b8ee56b7116cde79 DependenciesID=b1c48e7d0a64919eb2415019025bfa3a StaticDependenciesID=b7dc615374808814dcb8a8a907a798dd 
Number of updated asset objects reloaded before import = 0
Number of asset objects unloaded after import = 0
========================================================================
Received Import Request.
  Time of request: 2026-10-09T14:09:53.385128Z
  Time since last request: 0.000544707 seconds.
  importAddress: GUID: 130ea682941bc7e48a1cd0af4ce3844c - Path: Packages/com.unity.render-pipelines.core/Runtime/Inputs/InputRegistering.cs - Importer: ScriptedImporter/UnityEditor.QuickSearchModule:UnityEditor.Search:ASIAI0B
Importing 'GUID: 130ea682941bc7e48a1cd0af4ce3844c - Path: Packages/com.unity.render-pipelines.core/Runtime/Inputs/InputRegistering.cs - Importer: ScriptedImporter/UnityEditor.QuickSearchModule:UnityEditor.Search:ASIAI0B' with importer (ScriptedImporter : UnityEditor.QuickSearchModule:UnityEditor.Search:ASIAI0B)
Imported 'GUID: 130ea682941bc7e48a1cd0af4ce3844c' -> (Import Result ID: 'b13441f0cebd8bda79fae8be28b4a247') in 0.002 seconds [static and dynamic dependencies]. Details - ImportResultOutputID=4378c5596bf7b8ce9bde9f0ce8a1fb77 DependenciesID=183e961608cced17327f878af5bc0ce4 StaticDependenciesID=0aab0dee97cf55e04842bd6e267db8e7 
Number of updated asset objects reloaded before import = 0
Number of asset objects unloaded after import = 0
========================================================================
Received Import Request.
  Time of request: 2026-10-09T14:09:53.394035Z
  Time since last request: 0.000692633 seconds.
  importAddress: GUID: 54b4c219a2fd01e439bdc9ef8bc2faf8 - Path: Packages/com.unity.render-pipelines.core/Runtime/PathTracing/LightmapResourceCache.cs - Importer: ScriptedImporter/UnityEditor.QuickSearchModule:UnityEditor.Search:ASIAI0B
Importing 'GUID: 54b4c219a2fd01e439bdc9ef8bc2faf8 - Path: Packages/com.unity.render-pipelines.core/Runtime/PathTracing/LightmapResourceCache.cs - Importer: ScriptedImporter/UnityEditor.QuickSearchModule:UnityEditor.Search:ASIAI0B' with importer (ScriptedImporter : UnityEditor.QuickSearchModule:UnityEditor.Search:ASIAI0B)
Imported 'GUID: 54b4c219a2fd01e439bdc9ef8bc2faf8' -> (Import Result ID: 'b54c7cd5680babfa193217edfbf6e482') in 0.002 seconds [static and dynamic dependencies]. Details - ImportResultOutputID=0515f8fcd18ae4b916aaf073e0663bdd DependenciesID=15d6078af38a40cc2755bc8c410841d5 StaticDependenciesID=9ef4ed2dcd3844bf617c4df442fa351a 
Number of updated asset objects reloaded before import = 0
Number of asset objects unloaded after import = 0
========================================================================
Received Import Request.
  Time of request: 2026-10-09T14:09:53.403232Z
  Time since last request: 0.000205774 seconds.
  importAddress: GUID: c4e8d2f4fab62224f8d693e15696410e - Path: Packages/com.unity.render-pipelines.core/Runtime/Debugging/DebugDisplaySettings.cs - Importer: ScriptedImporter/UnityEditor.QuickSearchModule:UnityEditor.Search:ASIAI0B
Importing 'GUID: c4e8d2f4fab62224f8d693e15696410e - Path: Packages/com.unity.render-pipelines.core/Runtime/Debugging/DebugDisplaySettings.cs - Importer: ScriptedImporter/UnityEditor.QuickSearchModule:UnityEditor.Search:ASIAI0B' with importer (ScriptedImporter : UnityEditor.QuickSearchModule:UnityEditor.Search:ASIAI0B)
Imported 'GUID: c4e8d2f4fab62224f8d693e15696410e' -> (Import Result ID: '5a1965cbce91ce9d0053fac04453ddaf') in 0.001 seconds [static and dynamic dependencies]. Details - ImportResultOutputID=8f85e545eddaca1c143ffc20dc011908 DependenciesID=5994fe61df2c9445b270290142360373 StaticDependenciesID=097cc54737054a2bf1861d4edf2cf3a3 
Number of updated asset objects reloaded before import = 0
Number of asset objects unloaded after import = 0
========================================================================
Received Import Request.
  Time of request: 2026-10-09T14:09:53.410858Z
  Time since last request: 0.000459949 seconds.
  importAddress: GUID: 127279d577f25ac4ea17dae3782e5074 - Path: Packages/com.unity.render-pipelines.core/Runtime/Debugging/White1px.png - Importer: ScriptedImporter/UnityEditor.QuickSearchModule:UnityEditor.Search:ASIAI0B
Importing 'GUID: 127279d577f25ac4ea17dae3782e5074 - Path: Packages/com.unity.render-pipelines.core/Runtime/Debugging/White1px.png - Importer: ScriptedImporter/UnityEditor.QuickSearchModule:UnityEditor.Search:ASIAI0B' with importer (ScriptedImporter : UnityEditor.QuickSearchModule:UnityEditor.Search:ASIAI0B)
Imported 'GUID: 127279d577f25ac4ea17dae3782e5074' -> (Import Result ID: 'eeaa744c37613a8d3e65433efc22d33e') in 0.004 seconds [static and dynamic dependencies]. Details - ImportResultOutputID=6ff788937a7ca28efeb51398f02e2b69 DependenciesID=0cf83d838aa8288b5187b3280b418cef StaticDependenciesID=f48d123d810eddec9aa434c428ea5879 
Number of updated asset objects reloaded before import = 0
Number of asset objects unloaded after import = 3
========================================================================
Received Import Request.
  Time of request: 2026-10-09T14:09:53.421569Z
  Time since last request: 0.000156572 seconds.
  importAddress: GUID: a09c907f481d4894a96697283a87c352 - Path: Packages/com.unity.render-pipelines.core/Runtime/Debugging/DebugManager.cs - Importer: ScriptedImporter/UnityEditor.QuickSearchModule:UnityEditor.Search:ASIAI0B
Importing 'GUID: a09c907f481d4894a96697283a87c352 - Path: Packages/com.unity.render-pipelines.core/Runtime/Debugging/DebugManager.cs - Importer: ScriptedImporter/UnityEditor.QuickSearchModule:UnityEditor.Search:ASIAI0B' with importer (ScriptedImporter : UnityEditor.QuickSearchModule:UnityEditor.Search:ASIAI0B)
Imported 'GUID: a09c907f481d4894a96697283a87c352' -> (Import Result ID: 'aa027d3d7b18f2e4e80a8e5993fd0ccb') in 0.001 seconds [static and dynamic dependencies]. Details - ImportResultOutputID=86671f71fab8eb9134803264ea86db95 DependenciesID=238020282866432d616e576581e307b8 StaticDependenciesID=9f50b388ffb185f8133fb7d911d975fa 
Number of updated asset objects reloaded before import = 0
Number of asset objects unloaded after import = 0
========================================================================
Received Import Request.
  Time of request: 2026-10-09T14:09:53.430169Z
  Time since last request: 0.000154999 seconds.
  importAddress: GUID: 1b7f24ec37ad098488d9130f9203f68a - Path: Packages/com.unity.render-pipelines.core/Runtime/PathTracing/LightmapIntegration.cs - Importer: ScriptedImporter/UnityEditor.QuickSearchModule:UnityEditor.Search:ASIAI0B
Importing 'GUID: 1b7f24ec37ad098488d9130f9203f68a - Path: Packages/com.unity.render-pipelines.core/Runtime/PathTracing/LightmapIntegration.cs - Importer: ScriptedImporter/UnityEditor.QuickSearchModule:UnityEditor.Search:ASIAI0B' with importer (ScriptedImporter : UnityEditor.QuickSearchModule:UnityEditor.Search:ASIAI0B)
Imported 'GUID: 1b7f24ec37ad098488d9130f9203f68a' -> (Import Result ID: '5954b06a25d4ab086b900837dcecfa39') in 0.001 seconds [static and dynamic dependencies]. Details - ImportResultOutputID=ca07529c6c15c92155ffce3c216da042 DependenciesID=8fc01ce04a9e65c73804fe7802644b91 StaticDependenciesID=869c373006a20bbc8140166199b9a988 
Number of updated asset objects reloaded before import = 0
Number of asset objects unloaded after import = 0
========================================================================
Received Import Request.
  Time of request: 2026-10-09T14:09:53.438286Z
  Time since last request: 0.000257561 seconds.
  importAddress: GUID: f44418c4958ffd643bc79be30759f0fb - Path: Packages/com.unity.render-pipelines.core/Runtime/LookDev/IDataProvider.cs - Importer: ScriptedImporter/UnityEditor.QuickSearchModule:UnityEditor.Search:ASIAI0B
Importing 'GUID: f44418c4958ffd643bc79be30759f0fb - Path: Packages/com.unity.render-pipelines.core/Runtime/LookDev/IDataProvider.cs - Importer: ScriptedImporter/UnityEditor.QuickSearchModule:UnityEditor.Search:ASIAI0B' with importer (ScriptedImporter : UnityEditor.QuickSearchModule:UnityEditor.Search:ASIAI0B)
Imported 'GUID: f44418c4958ffd643bc79be30759f0fb' -> (Import Result ID: '18c96bcc9f0d503d1a1a0b465bbf4d03') in 0.001 seconds [static and dynamic dependencies]. Details - ImportResultOutputID=6b1ba583380a0b2cafb060b37ae22c28 DependenciesID=30ff4b500bca20a6ea3c5f721c2409e0 StaticDependenciesID=77a7a1ac1a987e16edde03c131d3beff 
Number of updated asset objects reloaded before import = 0
Number of asset objects unloaded after import = 0
========================================================================
Received Import Request.
  Time of request: 2026-10-09T14:09:53.446559Z
  Time since last request: 0.000256318 seconds.
  importAddress: GUID: 6d72467fc287492393584eb6647d416d - Path: Packages/com.unity.render-pipelines.core/Runtime/Debugging/DebugDisplaySettingsStats.cs - Importer: ScriptedImporter/UnityEditor.QuickSearchModule:UnityEditor.Search:ASIAI0B
Importing 'GUID: 6d72467fc287492393584eb6647d416d - Path: Packages/com.unity.render-pipelines.core/Runtime/Debugging/DebugDisplaySettingsStats.cs - Importer: ScriptedImporter/UnityEditor.QuickSearchModule:UnityEditor.Search:ASIAI0B' with importer (ScriptedImporter : UnityEditor.QuickSearchModule:UnityEditor.Search:ASIAI0B)
Imported 'GUID: 6d72467fc287492393584eb6647d416d' -> (Import Result ID: 'd7d97e5e646b06418ce87191701d0456') in 0.001 seconds [static and dynamic dependencies]. Details - ImportResultOutputID=65c8039761c14dad2c9f0bc4c29294ca DependenciesID=1a73aef92e77bbdb435e4de605727914 StaticDependenciesID=837bb12b3f21f3f66c7f28fd272f0721 
Number of updated asset objects reloaded before import = 0
Number of asset objects unloaded after import = 0
========================================================================
Received Import Request.
  Time of request: 2026-10-09T14:09:53.454286Z
  Time since last request: 0.000160359 seconds.
  importAddress: GUID: e53fede703e0349479a0fba60658fa50 - Path: Packages/com.unity.render-pipelines.core/Runtime/PathTracing/BakeLightmap.cs - Importer: ScriptedImporter/UnityEditor.QuickSearchModule:UnityEditor.Search:ASIAI0B
Importing 'GUID: e53fede703e0349479a0fba60658fa50 - Path: Packages/com.unity.render-pipelines.core/Runtime/PathTracing/BakeLightmap.cs - Importer: ScriptedImporter/UnityEditor.QuickSearchModule:UnityEditor.Search:ASIAI0B' with importer (ScriptedImporter : UnityEditor.QuickSearchModule:UnityEditor.Search:ASIAI0B)
Imported 'GUID: e53fede703e0349479a0fba60658fa50' -> (Import Result ID: '17ac7a372e13833beb3960bba1c1a884') in 0.001 seconds [static and dynamic dependencies]. Details - ImportResultOutputID=96f589a6d0c83a64fe33595fc86db9f3 DependenciesID=cce31f7740da9c63ee92d8662ec2072d StaticDependenciesID=d935a700a012c2578e387c8cb9d516c8 
Number of updated asset objects reloaded before import = 0
Number of asset objects unloaded after import = 0
========================================================================
Received Import Request.
  Time of request: 2026-10-09T14:09:53.462116Z
  Time since last request: 0.000341658 seconds.
  importAddress: GUID: 77aa0fe63e0ce9b428385908d4cd2663 - Path: Packages/com.unity.render-pipelines.core/Runtime/Debugging/DebugManager.UIState.cs - Importer: ScriptedImporter/UnityEditor.QuickSearchModule:UnityEditor.Search:ASIAI0B
Importing 'GUID: 77aa0fe63e0ce9b428385908d4cd2663 - Path: Packages/com.unity.render-pipelines.core/Runtime/Debugging/DebugManager.UIState.cs - Importer: ScriptedImporter/UnityEditor.QuickSearchModule:UnityEditor.Search:ASIAI0B' with importer (ScriptedImporter : UnityEditor.QuickSearchModule:UnityEditor.Search:ASIAI0B)
Imported 'GUID: 77aa0fe63e0ce9b428385908d4cd2663' -> (Import Result ID: '20549fa77134988183979c04bb961e6c') in 0.002 seconds [static and dynamic dependencies]. Details - ImportResultOutputID=d1ef4580c0dde31723c4819097ea8657 DependenciesID=2a0585b42f5693b31b95a344f885fa66 StaticDependenciesID=f22479759796430f604a1843c8bf3a9e 
Number of updated asset objects reloaded before import = 0
Number of asset objects unloaded after import = 0
========================================================================
Received Import Request.
  Time of request: 2026-10-09T14:09:53.472062Z
  Time since last request: 0.000649973 seconds.
  importAddress: GUID: 6fa749f6d8ed4b441af9aa005fe0f895 - Path: Packages/com.unity.render-pipelines.core/Runtime/Debugging/DebugUpdater.cs - Importer: ScriptedImporter/UnityEditor.QuickSearchModule:UnityEditor.Search:ASIAI0B
Importing 'GUID: 6fa749f6d8ed4b441af9aa005fe0f895 - Path: Packages/com.unity.render-pipelines.core/Runtime/Debugging/DebugUpdater.cs - Importer: ScriptedImporter/UnityEditor.QuickSearchModule:UnityEditor.Search:ASIAI0B' with importer (ScriptedImporter : UnityEditor.QuickSearchModule:UnityEditor.Search:ASIAI0B)
Imported 'GUID: 6fa749f6d8ed4b441af9aa005fe0f895' -> (Import Result ID: '36b5f0fcc96fcbe8540ad9ba8a415b96') in 0.001 seconds [static and dynamic dependencies]. Details - ImportResultOutputID=9be3b3fd60d40f2e95bd614c2b8ac61d DependenciesID=28b9e3bfa7c6d81447e66fa63ad0a351 StaticDependenciesID=c5d7f99978b1ac8170b89ea3ee1bea08 
Number of updated asset objects reloaded before import = 0
Number of asset objects unloaded after import = 0
========================================================================
Received Import Request.
  Time of request: 2026-10-09T14:09:53.481362Z
  Time since last request: 0.000589621 seconds.
  importAddress: GUID: e5b1192ba6705cb48be174012f9f35f8 - Path: Packages/com.unity.render-pipelines.core/Runtime/ObjectDispatcher/Unity.InternalAPIEngineBridge.ObjectDispatcher.Runtime.asmdef - Importer: ScriptedImporter/UnityEditor.QuickSearchModule:UnityEditor.Search:ASIAI0B
Importing 'GUID: e5b1192ba6705cb48be174012f9f35f8 - Path: Packages/com.unity.render-pipelines.core/Runtime/ObjectDispatcher/Unity.InternalAPIEngineBridge.ObjectDispatcher.Runtime.asmdef - Importer: ScriptedImporter/UnityEditor.QuickSearchModule:UnityEditor.Search:ASIAI0B' with importer (ScriptedImporter : UnityEditor.QuickSearchModule:UnityEditor.Search:ASIAI0B)
Imported 'GUID: e5b1192ba6705cb48be174012f9f35f8' -> (Import Result ID: '51e789116f1f42e1dc620b4b9118c3e2') in 0.002 seconds [static and dynamic dependencies]. Details - ImportResultOutputID=dd36dc07e7436ce0c11ab0189fa79a44 DependenciesID=ee16b46171a74465fef948fbbdfe9c7b StaticDependenciesID=d9ac85f091635f614c1f6d10589bb17f 
Number of updated asset objects reloaded before import = 0
Number of asset objects unloaded after import = 1
========================================================================
Received Import Request.
  Time of request: 2026-10-09T14:09:53.489772Z
  Time since last request: 0.000402632 seconds.
  importAddress: GUID: 7d07c5b68c1cfe64ca63f5d2bb80d2c5 - Path: Packages/com.unity.render-pipelines.core/Runtime/Lights/LightAnchor.cs - Importer: ScriptedImporter/UnityEditor.QuickSearchModule:UnityEditor.Search:ASIAI0B
Importing 'GUID: 7d07c5b68c1cfe64ca63f5d2bb80d2c5 - Path: Packages/com.unity.render-pipelines.core/Runtime/Lights/LightAnchor.cs - Importer: ScriptedImporter/UnityEditor.QuickSearchModule:UnityEditor.Search:ASIAI0B' with importer (ScriptedImporter : UnityEditor.QuickSearchModule:UnityEditor.Search:ASIAI0B)
Imported 'GUID: 7d07c5b68c1cfe64ca63f5d2bb80d2c5' -> (Import Result ID: '8770a8ea679b9b6fb05825871f8fdf2e') in 0.002 seconds [static and dynamic dependencies]. Details - ImportResultOutputID=f1d5471d8729d5c2ef72f84d12e11460 DependenciesID=898943707e2a4f14c58afa409801bf9e StaticDependenciesID=a530e91551dc6668bda60f052a7a2897 
Number of updated asset objects reloaded before import = 0
Number of asset objects unloaded after import = 1
========================================================================
Received Import Request.
  Time of request: 2026-10-09T14:09:53.497878Z
  Time since last request: 0.000188251 seconds.
  importAddress: GUID: a164ae4d75dc0074b966a2efdf0a5700 - Path: Packages/com.unity.render-pipelines.core/Runtime/Debugging/DebugShapes.cs - Importer: ScriptedImporter/UnityEditor.QuickSearchModule:UnityEditor.Search:ASIAI0B
Importing 'GUID: a164ae4d75dc0074b966a2efdf0a5700 - Path: Packages/com.unity.render-pipelines.core/Runtime/Debugging/DebugShapes.cs - Importer: ScriptedImporter/UnityEditor.QuickSearchModule:UnityEditor.Search:ASIAI0B' with importer (ScriptedImporter : UnityEditor.QuickSearchModule:UnityEditor.Search:ASIAI0B)
Imported 'GUID: a164ae4d75dc0074b966a2efdf0a5700' -> (Import Result ID: '5c0050bdc171ff1684eb27ddb4830bcf') in 0.001 seconds [static and dynamic dependencies]. Details - ImportResultOutputID=37ab0f560fa535706c0b08e653ccca74 DependenciesID=ed6b3dfa8a6648f402053317e1650469 StaticDependenciesID=178dee2b23b840693146fd55ccb346dc 
Number of updated asset objects reloaded before import = 0
Number of asset objects unloaded after import = 0
========================================================================
Received Import Request.
  Time of request: 2026-10-09T14:09:53.506139Z
  Time since last request: 0.000539006 seconds.
  importAddress: GUID: d2dd2e13c500b9944a6ad6cf50cbbe8d - Path: Packages/com.unity.render-pipelines.core/Runtime/PathTracing/AssemblyInfo.cs - Importer: ScriptedImporter/UnityEditor.QuickSearchModule:UnityEditor.Search:ASIAI0B
Importing 'GUID: d2dd2e13c500b9944a6ad6cf50cbbe8d - Path: Packages/com.unity.render-pipelines.core/Runtime/PathTracing/AssemblyInfo.cs - Importer: ScriptedImporter/UnityEditor.QuickSearchModule:UnityEditor.Search:ASIAI0B' with importer (ScriptedImporter : UnityEditor.QuickSearchModule:UnityEditor.Search:ASIAI0B)
Imported 'GUID: d2dd2e13c500b9944a6ad6cf50cbbe8d' -> (Import Result ID: 'e8db55696a8c69a9ce8d1c9644d2d2f9') in 0.001 seconds [static and dynamic dependencies]. Details - ImportResultOutputID=a70faa5a6b7a8b736c0cdff5f1dd3d03 DependenciesID=d178ac561a337bfc42183aa50777bb6d StaticDependenciesID=c298edaf6bf55eac93b1154eee8d901a 
Number of updated asset objects reloaded before import = 0
Number of asset objects unloaded after import = 0
========================================================================
Received Import Request.
  Time of request: 2026-10-09T14:09:53.52825Z
  Time since last request: 0.01415356 seconds.
  importAddress: GUID: 2f16318919ba4cf4686265a429896fd9 - Path: Packages/com.unity.render-pipelines.core/Runtime/PathTracing/ProbePostProcessor.cs - Importer: ScriptedImporter/UnityEditor.QuickSearchModule:UnityEditor.Search:ASIAI0B
Importing 'GUID: 2f16318919ba4cf4686265a429896fd9 - Path: Packages/com.unity.render-pipelines.core/Runtime/PathTracing/ProbePostProcessor.cs - Importer: ScriptedImporter/UnityEditor.QuickSearchModule:UnityEditor.Search:ASIAI0B' with importer (ScriptedImporter : UnityEditor.QuickSearchModule:UnityEditor.Search:ASIAI0B)
Imported 'GUID: 2f16318919ba4cf4686265a429896fd9' -> (Import Result ID: '3428dc30bfa9790447aeea520aaf92cf') in 0.003 seconds [static and dynamic dependencies]. Details - ImportResultOutputID=9bbece69210b45c892d4324310bbc159 DependenciesID=556d7c6d5c3a4dc2176bf7f002164736 StaticDependenciesID=e9851e3666bb393e339291b8a17071a2 
Number of updated asset objects reloaded before import = 0
Number of asset objects unloaded after import = 0
========================================================================
Received Import Request.
  Time of request: 2026-10-09T14:09:53.537788Z
  Time since last request: 0.000157825 seconds.
  importAddress: GUID: 83567ec75a578bb47b248b662dd70fe5 - Path: Packages/com.unity.render-pipelines.core/Runtime/RenderGraph/RenderGraphResourceAccelerationStructure.cs - Importer: ScriptedImporter/UnityEditor.QuickSearchModule:UnityEditor.Search:ASIAI0B
Importing 'GUID: 83567ec75a578bb47b248b662dd70fe5 - Path: Packages/com.unity.render-pipelines.core/Runtime/RenderGraph/RenderGraphResourceAccelerationStructure.cs - Importer: ScriptedImporter/UnityEditor.QuickSearchModule:UnityEditor.Search:ASIAI0B' with importer (ScriptedImporter : UnityEditor.QuickSearchModule:UnityEditor.Search:ASIAI0B)
Imported 'GUID: 83567ec75a578bb47b248b662dd70fe5' -> (Import Result ID: '5b20f294a0889a3b8075ee4459fc61e2') in 0.001 seconds [static and dynamic dependencies]. Details - ImportResultOutputID=ff3dbf10e439e04a41ed45dfffc9130b DependenciesID=54a06857f1b1b40d959dae6df616e142 StaticDependenciesID=086d655dd477881780622c7b16e688c8 
Number of updated asset objects reloaded before import = 0
Number of asset objects unloaded after import = 0
========================================================================
Received Import Request.
  Time of request: 2026-10-09T14:09:53.545389Z
  Time since last request: 0.000189203 seconds.
  importAddress: GUID: 481c6ce75c5ff4045a0f508e2a71ac21 - Path: Packages/com.unity.render-pipelines.core/Runtime/PathTracing/UnityComputeProbeIntegrator.cs - Importer: ScriptedImporter/UnityEditor.QuickSearchModule:UnityEditor.Search:ASIAI0B
Importing 'GUID: 481c6ce75c5ff4045a0f508e2a71ac21 - Path: Packages/com.unity.render-pipelines.core/Runtime/PathTracing/UnityComputeProbeIntegrator.cs - Importer: ScriptedImporter/UnityEditor.QuickSearchModule:UnityEditor.Search:ASIAI0B' with importer (ScriptedImporter : UnityEditor.QuickSearchModule:UnityEditor.Search:ASIAI0B)
Imported 'GUID: 481c6ce75c5ff4045a0f508e2a71ac21' -> (Import Result ID: '7ef2eeeeafb04d678a1e08fcd5a8f14f') in 0.002 seconds [static and dynamic dependencies]. Details - ImportResultOutputID=286b31b35c0cbf9a434d07a86202c755 DependenciesID=e28ebf83e09b6e09fc80ecadda4e5c61 StaticDependenciesID=6e3ce778a58d1eb80fd0798e82ddcb7d 
Number of updated asset objects reloaded before import = 0
Number of asset objects unloaded after import = 0
========================================================================
Received Import Request.
  Time of request: 2026-10-09T14:09:53.553922Z
  Time since last request: 0.000475608 seconds.
  importAddress: GUID: 64cd2972695546359b063097f682f9da - Path: Packages/com.unity.render-pipelines.core/Runtime/PathTracing/WorldResources.cs - Importer: ScriptedImporter/UnityEditor.QuickSearchModule:UnityEditor.Search:ASIAI0B
Importing 'GUID: 64cd2972695546359b063097f682f9da - Path: Packages/com.unity.render-pipelines.core/Runtime/PathTracing/WorldResources.cs - Importer: ScriptedImporter/UnityEditor.QuickSearchModule:UnityEditor.Search:ASIAI0B' with importer (ScriptedImporter : UnityEditor.QuickSearchModule:UnityEditor.Search:ASIAI0B)
Imported 'GUID: 64cd2972695546359b063097f682f9da' -> (Import Result ID: '55d7819322ec19ef2f3acdfa3c4710eb') in 0.001 seconds [static and dynamic dependencies]. Details - ImportResultOutputID=6e7ae24e5d3f5f0aec51e86ab441e8e4 DependenciesID=03309d5fc2a2128a696a3cb3bb466e7a StaticDependenciesID=d9df8ff41dfc2c9b1ffdc48f0d331e2e 
Number of updated asset objects reloaded before import = 0
Number of asset objects unloaded after import = 0
========================================================================
Received Import Request.
  Time of request: 2026-10-09T14:09:53.562763Z
  Time since last request: 0.000586906 seconds.
  importAddress: GUID: edf9bcadab79ea842850b55b8d3a60d4 - Path: Packages/com.unity.render-pipelines.core/Runtime/STP/Stp.hlsl - Importer: ScriptedImporter/UnityEditor.QuickSearchModule:UnityEditor.Search:ASIAI0B
Importing 'GUID: edf9bcadab79ea842850b55b8d3a60d4 - Path: Packages/com.unity.render-pipelines.core/Runtime/STP/Stp.hlsl - Importer: ScriptedImporter/UnityEditor.QuickSearchModule:UnityEditor.Search:ASIAI0B' with importer (ScriptedImporter : UnityEditor.QuickSearchModule:UnityEditor.Search:ASIAI0B)
Imported 'GUID: edf9bcadab79ea842850b55b8d3a60d4' -> (Import Result ID: '12be3e864f23d6dea9ba28ea486ac0d9') in 0.001 seconds [static and dynamic dependencies]. Details - ImportResultOutputID=951d44d5e01eb856b138f6208ea4b6d1 DependenciesID=16f45abb864c1fbf98439b1b319ae567 StaticDependenciesID=40d8e2ca020232ed2e28dce6ee863e70 
Number of updated asset objects reloaded before import = 0
Number of asset objects unloaded after import = 1
========================================================================
Received Import Request.
  Time of request: 2026-10-09T14:09:53.5718Z
  Time since last request: 0.000603116 seconds.
  importAddress: GUID: 377a2b96156b1344eaf58df67e35de17 - Path: Packages/com.unity.render-pipelines.core/Runtime/RenderGraph/RenderGraphPass.cs - Importer: ScriptedImporter/UnityEditor.QuickSearchModule:UnityEditor.Search:ASIAI0B
Importing 'GUID: 377a2b96156b1344eaf58df67e35de17 - Path: Packages/com.unity.render-pipelines.core/Runtime/RenderGraph/RenderGraphPass.cs - Importer: ScriptedImporter/UnityEditor.QuickSearchModule:UnityEditor.Search:ASIAI0B' with importer (ScriptedImporter : UnityEditor.QuickSearchModule:UnityEditor.Search:ASIAI0B)
Imported 'GUID: 377a2b96156b1344eaf58df67e35de17' -> (Import Result ID: 'b6423897c25a3702c9e68117118402da') in 0.001 seconds [static and dynamic dependencies]. Details - ImportResultOutputID=d45d7469f32b89c7ff02e8b1fe6167ca DependenciesID=111c1989a6a3a151462132b640b1cd38 StaticDependenciesID=bbaa312fc7022a869803b84ea5f3ca0f 
Number of updated asset objects reloaded before import = 0
Number of asset objects unloaded after import = 0
========================================================================
Received Import Request.
  Time of request: 2026-10-09T14:09:53.580312Z
  Time since last request: 0.000714985 seconds.
  importAddress: GUID: 1968508719bcdd84cacddbaa045ff743 - Path: Packages/com.unity.render-pipelines.core/Runtime/PathTracing/UVMesh.cs - Importer: ScriptedImporter/UnityEditor.QuickSearchModule:UnityEditor.Search:ASIAI0B
Importing 'GUID: 1968508719bcdd84cacddbaa045ff743 - Path: Packages/com.unity.render-pipelines.core/Runtime/PathTracing/UVMesh.cs - Importer: ScriptedImporter/UnityEditor.QuickSearchModule:UnityEditor.Search:ASIAI0B' with importer (ScriptedImporter : UnityEditor.QuickSearchModule:UnityEditor.Search:ASIAI0B)
Imported 'GUID: 1968508719bcdd84cacddbaa045ff743' -> (Import Result ID: '950db85f72afe50b9e8d1dfc8e3ec714') in 0.001 seconds [static and dynamic dependencies]. Details - ImportResultOutputID=d51ef32a1d09b2cefac60de51a007834 DependenciesID=f1ebd1c1e6a5ea7533f75a44a97c99a2 StaticDependenciesID=198a49b0a20446c01a2ed0f990be0795 
Number of updated asset objects reloaded before import = 0
Number of asset objects unloaded after import = 0
========================================================================
Received Import Request.
  Time of request: 2026-10-09T14:09:53.588789Z
  Time since last request: 0.000217316 seconds.
  importAddress: GUID: 089429d350f9ca04584448dfa84e2f3d - Path: Packages/com.unity.render-pipelines.core/Runtime/RenderGraph/RenderGraphResourceBuffer.cs - Importer: ScriptedImporter/UnityEditor.QuickSearchModule:UnityEditor.Search:ASIAI0B
Importing 'GUID: 089429d350f9ca04584448dfa84e2f3d - Path: Packages/com.unity.render-pipelines.core/Runtime/RenderGraph/RenderGraphResourceBuffer.cs - Importer: ScriptedImporter/UnityEditor.QuickSearchModule:UnityEditor.Search:ASIAI0B' with importer (ScriptedImporter : UnityEditor.QuickSearchModule:UnityEditor.Search:ASIAI0B)
Imported 'GUID: 089429d350f9ca04584448dfa84e2f3d' -> (Import Result ID: '8291abad22ce0a1204fa3a3edf369d81') in 0.001 seconds [static and dynamic dependencies]. Details - ImportResultOutputID=20d8dbe873e739402b2aec90e5fc5b29 DependenciesID=ecad69d247294f5e3ae9aaa74df0628c StaticDependenciesID=7cfef01747f71c09fdd36eaf03932b9c 
Number of updated asset objects reloaded before import = 0
Number of asset objects unloaded after import = 0
========================================================================
Received Import Request.
  Time of request: 2026-10-09T14:09:53.596635Z
  Time since last request: 0.000531241 seconds.
  importAddress: GUID: 840428edbe88e5e43bc0849926e87d67 - Path: Packages/com.unity.render-pipelines.core/Runtime/PathTracing/WriteRenderTexture.cs - Importer: ScriptedImporter/UnityEditor.QuickSearchModule:UnityEditor.Search:ASIAI0B
Importing 'GUID: 840428edbe88e5e43bc0849926e87d67 - Path: Packages/com.unity.render-pipelines.core/Runtime/PathTracing/WriteRenderTexture.cs - Importer: ScriptedImporter/UnityEditor.QuickSearchModule:UnityEditor.Search:ASIAI0B' with importer (ScriptedImporter : UnityEditor.QuickSearchModule:UnityEditor.Search:ASIAI0B)
Imported 'GUID: 840428edbe88e5e43bc0849926e87d67' -> (Import Result ID: '25647acfee6187ecd8e5330dd1e95bf2') in 0.001 seconds [static and dynamic dependencies]. Details - ImportResultOutputID=53dcf841b8030954e3a287b4e388d246 DependenciesID=03783f64e29e777aedf38995b4cd2be3 StaticDependenciesID=fad7a974119964e4d39328886bca85a7 
Number of updated asset objects reloaded before import = 0
Number of asset objects unloaded after import = 0
========================================================================
Received Import Request.
  Time of request: 2026-10-09T14:09:53.604709Z
  Time since last request: 0.000141775 seconds.
  importAddress: GUID: fb60b03cc4272524e90a04de8c72b9e1 - Path: Packages/com.unity.render-pipelines.core/Runtime/PathTracing/ProbeIntegrator.cs - Importer: ScriptedImporter/UnityEditor.QuickSearchModule:UnityEditor.Search:ASIAI0B
Importing 'GUID: fb60b03cc4272524e90a04de8c72b9e1 - Path: Packages/com.unity.render-pipelines.core/Runtime/PathTracing/ProbeIntegrator.cs - Importer: ScriptedImporter/UnityEditor.QuickSearchModule:UnityEditor.Search:ASIAI0B' with importer (ScriptedImporter : UnityEditor.QuickSearchModule:UnityEditor.Search:ASIAI0B)
Imported 'GUID: fb60b03cc4272524e90a04de8c72b9e1' -> (Import Result ID: 'c44e253bd2e5579b754605475681d6cc') in 0.001 seconds [static and dynamic dependencies]. Details - ImportResultOutputID=9f2bb69bb35003347c76c56977eceae9 DependenciesID=cb7f3715b3b12ed72ccd23e969a40328 StaticDependenciesID=c3e9957a3897227820b241ebd81de465 
Number of updated asset objects reloaded before import = 0
Number of asset objects unloaded after import = 0
========================================================================
Received Import Request.
  Time of request: 2026-10-09T14:09:53.613142Z
  Time since last request: 0.000195385 seconds.
  importAddress: GUID: d568fc1905aef314a9f36afd557bc4f1 - Path: Packages/com.unity.render-pipelines.core/Runtime/PostProcessing/HDROutputDefines.cs - Importer: ScriptedImporter/UnityEditor.QuickSearchModule:UnityEditor.Search:ASIAI0B
Importing 'GUID: d568fc1905aef314a9f36afd557bc4f1 - Path: Packages/com.unity.render-pipelines.core/Runtime/PostProcessing/HDROutputDefines.cs - Importer: ScriptedImporter/UnityEditor.QuickSearchModule:UnityEditor.Search:ASIAI0B' with importer (ScriptedImporter : UnityEditor.QuickSearchModule:UnityEditor.Search:ASIAI0B)
Imported 'GUID: d568fc1905aef314a9f36afd557bc4f1' -> (Import Result ID: '230f1f2ea1908114bbc0ed120d58103c') in 0.002 seconds [static and dynamic dependencies]. Details - ImportResultOutputID=d8d9cd73a4a2253fb4809ac2ae905383 DependenciesID=38305d520101d2daf14f39cf42166c27 StaticDependenciesID=d8bc559b8217328dd6213b402339b87f 
Number of updated asset objects reloaded before import = 0
Number of asset objects unloaded after import = 0
========================================================================
Received Import Request.
  Time of request: 2026-10-09T14:09:53.621511Z
  Time since last request: 0.000180717 seconds.
  importAddress: GUID: 2502941332b91fa4a8a2804e7ecb19ac - Path: Packages/com.unity.render-pipelines.core/Runtime/PathTracing/SegmentedReduction.cs - Importer: ScriptedImporter/UnityEditor.QuickSearchModule:UnityEditor.Search:ASIAI0B
Importing 'GUID: 2502941332b91fa4a8a2804e7ecb19ac - Path: Packages/com.unity.render-pipelines.core/Runtime/PathTracing/SegmentedReduction.cs - Importer: ScriptedImporter/UnityEditor.QuickSearchModule:UnityEditor.Search:ASIAI0B' with importer (ScriptedImporter : UnityEditor.QuickSearchModule:UnityEditor.Search:ASIAI0B)
Imported 'GUID: 2502941332b91fa4a8a2804e7ecb19ac' -> (Import Result ID: '4ad89167b150ca51dd095572106e201e') in 0.001 seconds [static and dynamic dependencies]. Details - ImportResultOutputID=50e76ea493a9c1ff16e187ef3ce4a7d7 DependenciesID=049c83b0997ff147680f55d48946fd65 StaticDependenciesID=95ab3d1ffac70f766bffe2dfb5138c72 
Number of updated asset objects reloaded before import = 0
Number of asset objects unloaded after import = 0
========================================================================
Received Import Request.
  Time of request: 2026-10-09T14:09:53.629844Z
  Time since last request: 0.000303516 seconds.
  importAddress: GUID: f658c411e0892ba499e17093373f687b - Path: Packages/com.unity.render-pipelines.core/Runtime/RenderGraph/RenderGraph.ExceptionMessages.cs - Importer: ScriptedImporter/UnityEditor.QuickSearchModule:UnityEditor.Search:ASIAI0B
Importing 'GUID: f658c411e0892ba499e17093373f687b - Path: Packages/com.unity.render-pipelines.core/Runtime/RenderGraph/RenderGraph.ExceptionMessages.cs - Importer: ScriptedImporter/UnityEditor.QuickSearchModule:UnityEditor.Search:ASIAI0B' with importer (ScriptedImporter : UnityEditor.QuickSearchModule:UnityEditor.Search:ASIAI0B)
Imported 'GUID: f658c411e0892ba499e17093373f687b' -> (Import Result ID: 'b0543f26a75a618ffb9270db4501f0b5') in 0.002 seconds [static and dynamic dependencies]. Details - ImportResultOutputID=741e990d4560159b39508f215bb0e937 DependenciesID=971367fd1d1df254f2fe8f276ba5daa9 StaticDependenciesID=731eaee33a0182623fc8c3eb0f3eebd6 
Number of updated asset objects reloaded before import = 0
Number of asset objects unloaded after import = 0
========================================================================
Received Import Request.
  Time of request: 2026-10-09T14:09:53.639586Z
  Time since last request: 0.000225281 seconds.
  importAddress: GUID: 912f677447056f04b9e20add2ff2c531 - Path: Packages/com.unity.render-pipelines.core/Runtime/RenderGraph/RenderGraphValidationLayer.cs - Importer: ScriptedImporter/UnityEditor.QuickSearchModule:UnityEditor.Search:ASIAI0B
Importing 'GUID: 912f677447056f04b9e20add2ff2c531 - Path: Packages/com.unity.render-pipelines.core/Runtime/RenderGraph/RenderGraphValidationLayer.cs - Importer: ScriptedImporter/UnityEditor.QuickSearchModule:UnityEditor.Search:ASIAI0B' with importer (ScriptedImporter : UnityEditor.QuickSearchModule:UnityEditor.Search:ASIAI0B)
Imported 'GUID: 912f677447056f04b9e20add2ff2c531' -> (Import Result ID: 'bde3710b463c36a8ef75f16f99d4a17f') in 0.001 seconds [static and dynamic dependencies]. Details - ImportResultOutputID=c78b5288f210bed1d6518507bd7b1db8 DependenciesID=9994df18386784bda3508df4560600b6 StaticDependenciesID=fd87052bd6434ae60700ec0efbde6b2b 
Number of updated asset objects reloaded before import = 0
Number of asset objects unloaded after import = 0
========================================================================
Received Import Request.
  Time of request: 2026-10-09T14:09:53.648328Z
  Time since last request: 0.000384538 seconds.
  importAddress: GUID: 59ae371e1145bd94dbfe718b3584e7cc - Path: Packages/com.unity.render-pipelines.core/Runtime/RenderPipeline/ICloudBackground.cs - Importer: ScriptedImporter/UnityEditor.QuickSearchModule:UnityEditor.Search:ASIAI0B
Importing 'GUID: 59ae371e1145bd94dbfe718b3584e7cc - Path: Packages/com.unity.render-pipelines.core/Runtime/RenderPipeline/ICloudBackground.cs - Importer: ScriptedImporter/UnityEditor.QuickSearchModule:UnityEditor.Search:ASIAI0B' with importer (ScriptedImporter : UnityEditor.QuickSearchModule:UnityEditor.Search:ASIAI0B)
Imported 'GUID: 59ae371e1145bd94dbfe718b3584e7cc' -> (Import Result ID: 'a22b893f76aee15d53d86990f9070f3b') in 0.002 seconds [static and dynamic dependencies]. Details - ImportResultOutputID=8967cdb513fcce2d6d73154fd681338c DependenciesID=e808f418a1ab24442d7ea8cc71d126ce StaticDependenciesID=caf508f9e688ed813ac74db208b6242a 
Number of updated asset objects reloaded before import = 0
Number of asset objects unloaded after import = 0
========================================================================
Received Import Request.
  Time of request: 2026-10-09T14:09:53.657159Z
  Time since last request: 0.000238735 seconds.
  importAddress: GUID: 412b3ba463224f2cb2e0e70f93677f3c - Path: Packages/com.unity.render-pipelines.core/Runtime/PostProcessing/IPostProcessComponent.cs - Importer: ScriptedImporter/UnityEditor.QuickSearchModule:UnityEditor.Search:ASIAI0B
Importing 'GUID: 412b3ba463224f2cb2e0e70f93677f3c - Path: Packages/com.unity.render-pipelines.core/Runtime/PostProcessing/IPostProcessComponent.cs - Importer: ScriptedImporter/UnityEditor.QuickSearchModule:UnityEditor.Search:ASIAI0B' with importer (ScriptedImporter : UnityEditor.QuickSearchModule:UnityEditor.Search:ASIAI0B)
Imported 'GUID: 412b3ba463224f2cb2e0e70f93677f3c' -> (Import Result ID: 'b5e6419603b97b94a3da2777391a6208') in 0.001 seconds [static and dynamic dependencies]. Details - ImportResultOutputID=8de3c00d96d1353e83008bf93c9cc4d5 DependenciesID=7b9455cb4b5b59f766f34ce5a79986d3 StaticDependenciesID=725dbb83dae4ed9d0d0fb87dd96f3612 
Number of updated asset objects reloaded before import = 0
Number of asset objects unloaded after import = 0
========================================================================
Received Import Request.
  Time of request: 2026-10-09T14:09:53.68945Z
  Time since last request: 0.024012273 seconds.
  importAddress: GUID: ab6d43b2dea214c3e8bf2e9aad114f27 - Path: Packages/com.unity.render-pipelines.core/Runtime/Utilities/Blitter.cs - Importer: ScriptedImporter/UnityEditor.QuickSearchModule:UnityEditor.Search:ASIAI0B
Importing 'GUID: ab6d43b2dea214c3e8bf2e9aad114f27 - Path: Packages/com.unity.render-pipelines.core/Runtime/Utilities/Blitter.cs - Importer: ScriptedImporter/UnityEditor.QuickSearchModule:UnityEditor.Search:ASIAI0B' with importer (ScriptedImporter : UnityEditor.QuickSearchModule:UnityEditor.Search:ASIAI0B)
Imported 'GUID: ab6d43b2dea214c3e8bf2e9aad114f27' -> (Import Result ID: 'c455ce6fba6d1469dfb2aeb1a4a0aa92') in 0.001 seconds [static and dynamic dependencies]. Details - ImportResultOutputID=8a47ce81fec31318e1cab473ec069706 DependenciesID=76043fd383368aa348cb63edc1ac871c StaticDependenciesID=e8c88018184933abc32f2ed6726b7348 
Number of updated asset objects reloaded before import = 0
Number of asset objects unloaded after import = 0
========================================================================
Received Import Request.
  Time of request: 2026-10-09T14:09:53.697607Z
  Time since last request: 0.000701109 seconds.
  importAddress: GUID: ba9242b5d88ccf2489a51d94185a1300 - Path: Packages/com.unity.render-pipelines.core/Runtime/Sampling/Hashes.hlsl - Importer: ScriptedImporter/UnityEditor.QuickSearchModule:UnityEditor.Search:ASIAI0B
Importing 'GUID: ba9242b5d88ccf2489a51d94185a1300 - Path: Packages/com.unity.render-pipelines.core/Runtime/Sampling/Hashes.hlsl - Importer: ScriptedImporter/UnityEditor.QuickSearchModule:UnityEditor.Search:ASIAI0B' with importer (ScriptedImporter : UnityEditor.QuickSearchModule:UnityEditor.Search:ASIAI0B)
Imported 'GUID: ba9242b5d88ccf2489a51d94185a1300' -> (Import Result ID: '7c5fa9cdba0404162c9b48d94b791ce1') in 0.002 seconds [static and dynamic dependencies]. Details - ImportResultOutputID=180368398bda797c0c2b3b5bb5ac50be DependenciesID=69b909092380f55661d7671a50677ca3 StaticDependenciesID=3d8886304938874ebdacd923b75101ac 
Number of updated asset objects reloaded before import = 0
Number of asset objects unloaded after import = 1
========================================================================
Received Import Request.
  Time of request: 2026-10-09T14:09:53.706365Z
  Time since last request: 0.0005093 seconds.
  importAddress: GUID: 33be2e9a5506b2843bdb2bdff9cad5e1 - Path: Packages/com.unity.render-pipelines.core/Runtime/STP/StpSetup.compute - Importer: ScriptedImporter/UnityEditor.QuickSearchModule:UnityEditor.Search:ASIAI0B
Importing 'GUID: 33be2e9a5506b2843bdb2bdff9cad5e1 - Path: Packages/com.unity.render-pipelines.core/Runtime/STP/StpSetup.compute - Importer: ScriptedImporter/UnityEditor.QuickSearchModule:UnityEditor.Search:ASIAI0B' with importer (ScriptedImporter : UnityEditor.QuickSearchModule:UnityEditor.Search:ASIAI0B)
Imported 'GUID: 33be2e9a5506b2843bdb2bdff9cad5e1' -> (Import Result ID: 'b65bcd41a811486b940dd6aad9aaf067') in 0.002 seconds [static and dynamic dependencies]. Details - ImportResultOutputID=d3291fb9dea02f87ce5fc8c060902419 DependenciesID=39bf93df851035701173b064f528cf9c StaticDependenciesID=f4bd8da5b23aecd28baccb030e81f273 
Number of updated asset objects reloaded before import = 0
Number of asset objects unloaded after import = 1
========================================================================
Received Import Request.
  Time of request: 2026-10-09T14:09:53.715397Z
  Time since last request: 0.000314016 seconds.
  importAddress: GUID: a679dba8ec4d9ce45884a270b0e22dda - Path: Packages/com.unity.render-pipelines.core/Runtime/STP/StpPreTaa.compute - Importer: ScriptedImporter/UnityEditor.QuickSearchModule:UnityEditor.Search:ASIAI0B
Importing 'GUID: a679dba8ec4d9ce45884a270b0e22dda - Path: Packages/com.unity.render-pipelines.core/Runtime/STP/StpPreTaa.compute - Importer: ScriptedImporter/UnityEditor.QuickSearchModule:UnityEditor.Search:ASIAI0B' with importer (ScriptedImporter : UnityEditor.QuickSearchModule:UnityEditor.Search:ASIAI0B)
Imported 'GUID: a679dba8ec4d9ce45884a270b0e22dda' -> (Import Result ID: '1ae28a615c3e6a151407fd920890421b') in 0.002 seconds [static and dynamic dependencies]. Details - ImportResultOutputID=9dfdca0ebcb8f8235c511aba11a758eb DependenciesID=30efe22fe12e583f8ff6d1dd9ad21f06 StaticDependenciesID=da07610e104940cf850496d01c952d21 
Number of updated asset objects reloaded before import = 0
Number of asset objects unloaded after import = 1
========================================================================
Received Import Request.
  Time of request: 2026-10-09T14:09:53.723579Z
  Time since last request: 0.000210974 seconds.
  importAddress: GUID: 2bfeecf9b5e9f7c4d99b0e400429e25a - Path: Packages/com.unity.render-pipelines.core/Runtime/Utilities/ArrayExtensions.cs - Importer: ScriptedImporter/UnityEditor.QuickSearchModule:UnityEditor.Search:ASIAI0B
Importing 'GUID: 2bfeecf9b5e9f7c4d99b0e400429e25a - Path: Packages/com.unity.render-pipelines.core/Runtime/Utilities/ArrayExtensions.cs - Importer: ScriptedImporter/UnityEditor.QuickSearchModule:UnityEditor.Search:ASIAI0B' with importer (ScriptedImporter : UnityEditor.QuickSearchModule:UnityEditor.Search:ASIAI0B)
Imported 'GUID: 2bfeecf9b5e9f7c4d99b0e400429e25a' -> (Import Result ID: '8fc2cb4230ad895f0f06292e98ee53c0') in 0.001 seconds [static and dynamic dependencies]. Details - ImportResultOutputID=1a44118fda1bb42259e55528a8518871 DependenciesID=de35e58e124c515c9b40a5ab6357290d StaticDependenciesID=1ce8a693e5ff1efb529b00485b3e520c 
Number of updated asset objects reloaded before import = 0
Number of asset objects unloaded after import = 0
========================================================================
Received Import Request.
  Time of request: 2026-10-09T14:09:53.731984Z
  Time since last request: 0.000281776 seconds.
  importAddress: GUID: e9a999e2bb7021640b7d79411f755090 - Path: Packages/com.unity.render-pipelines.core/Runtime/UnifiedRayTracing/RayTracingResources.cs - Importer: ScriptedImporter/UnityEditor.QuickSearchModule:UnityEditor.Search:ASIAI0B
Importing 'GUID: e9a999e2bb7021640b7d79411f755090 - Path: Packages/com.unity.render-pipelines.core/Runtime/UnifiedRayTracing/RayTracingResources.cs - Importer: ScriptedImporter/UnityEditor.QuickSearchModule:UnityEditor.Search:ASIAI0B' with importer (ScriptedImporter : UnityEditor.QuickSearchModule:UnityEditor.Search:ASIAI0B)
Imported 'GUID: e9a999e2bb7021640b7d79411f755090' -> (Import Result ID: 'ab888676984a61ab7edbc35c56fbcd4d') in 0.001 seconds [static and dynamic dependencies]. Details - ImportResultOutputID=1822f9250314d88bdbb1cf0b3033954b DependenciesID=ca4679fa9e25fe07d9033df13562d300 StaticDependenciesID=f0277c0b15470c0ecaf8d5befa0de9e5 
Number of updated asset objects reloaded before import = 0
Number of asset objects unloaded after import = 0
========================================================================
Received Import Request.
  Time of request: 2026-10-09T14:09:53.73996Z
  Time since last request: 0.00022011 seconds.
  importAddress: GUID: be41240ee7c09d949b3575ef8d2ad8c9 - Path: Packages/com.unity.render-pipelines.core/Runtime/Upscaling/FSR2IUpscaler.cs - Importer: ScriptedImporter/UnityEditor.QuickSearchModule:UnityEditor.Search:ASIAI0B
Importing 'GUID: be41240ee7c09d949b3575ef8d2ad8c9 - Path: Packages/com.unity.render-pipelines.core/Runtime/Upscaling/FSR2IUpscaler.cs - Importer: ScriptedImporter/UnityEditor.QuickSearchModule:UnityEditor.Search:ASIAI0B' with importer (ScriptedImporter : UnityEditor.QuickSearchModule:UnityEditor.Search:ASIAI0B)
Imported 'GUID: be41240ee7c09d949b3575ef8d2ad8c9' -> (Import Result ID: 'c210a0e648857143082813ee9621e317') in 0.001 seconds [static and dynamic dependencies]. Details - ImportResultOutputID=14005e85fb5c5c08b2502358aee166b8 DependenciesID=2b11493f0bb78ddd7e5e53debcb12179 StaticDependenciesID=60a02f1a6641196d48e02f63ba2bd4a6 
Number of updated asset objects reloaded before import = 0
Number of asset objects unloaded after import = 0
========================================================================
Received Import Request.
  Time of request: 2026-10-09T14:09:53.747823Z
  Time since last request: 0.000480166 seconds.
  importAddress: GUID: f01477642fe8bcf46af0f654f65043cf - Path: Packages/com.unity.render-pipelines.core/Runtime/Textures/RTHandle.cs - Importer: ScriptedImporter/UnityEditor.QuickSearchModule:UnityEditor.Search:ASIAI0B
Importing 'GUID: f01477642fe8bcf46af0f654f65043cf - Path: Packages/com.unity.render-pipelines.core/Runtime/Textures/RTHandle.cs - Importer: ScriptedImporter/UnityEditor.QuickSearchModule:UnityEditor.Search:ASIAI0B' with importer (ScriptedImporter : UnityEditor.QuickSearchModule:UnityEditor.Search:ASIAI0B)
Imported 'GUID: f01477642fe8bcf46af0f654f65043cf' -> (Import Result ID: '64933dc713fe6414992a990d4bbecd30') in 0.001 seconds [static and dynamic dependencies]. Details - ImportResultOutputID=9d3a6ca12fdf97a9a2370a3596114ca3 DependenciesID=8415e94869201a39d65c3dfcd521e2f5 StaticDependenciesID=66a5980feefe28181f2f7606cd9ae20a 
Number of updated asset objects reloaded before import = 0
Number of asset objects unloaded after import = 0
========================================================================
Received Import Request.
  Time of request: 2026-10-09T14:09:53.756519Z
  Time since last request: 0.000394577 seconds.
  importAddress: GUID: 91796a9618276ff42930ee05801207aa - Path: Packages/com.unity.render-pipelines.core/Runtime/Sampling/Common.hlsl - Importer: ScriptedImporter/UnityEditor.QuickSearchModule:UnityEditor.Search:ASIAI0B
Importing 'GUID: 91796a9618276ff42930ee05801207aa - Path: Packages/com.unity.render-pipelines.core/Runtime/Sampling/Common.hlsl - Importer: ScriptedImporter/UnityEditor.QuickSearchModule:UnityEditor.Search:ASIAI0B' with importer (ScriptedImporter : UnityEditor.QuickSearchModule:UnityEditor.Search:ASIAI0B)
Imported 'GUID: 91796a9618276ff42930ee05801207aa' -> (Import Result ID: '4386273dc8f572a5804ddbf4233259fb') in 0.002 seconds [static and dynamic dependencies]. Details - ImportResultOutputID=02ca6d68f0af323d79cd2f47182b6de0 DependenciesID=a3dcfb3d0ab54ce473b4bc83d3bce7ec StaticDependenciesID=39f1d1d28d8a5b81387dd66ec491036c 
Number of updated asset objects reloaded before import = 0
Number of asset objects unloaded after import = 1
========================================================================
Received Import Request.
  Time of request: 2026-10-09T14:09:53.765151Z
  Time since last request: 0.000314828 seconds.
  importAddress: GUID: f1fa02d2f89398244bd06abebd7e1840 - Path: Packages/com.unity.render-pipelines.core/Runtime/UnifiedRayTracing/Common.hlsl - Importer: ScriptedImporter/UnityEditor.QuickSearchModule:UnityEditor.Search:ASIAI0B
Importing 'GUID: f1fa02d2f89398244bd06abebd7e1840 - Path: Packages/com.unity.render-pipelines.core/Runtime/UnifiedRayTracing/Common.hlsl - Importer: ScriptedImporter/UnityEditor.QuickSearchModule:UnityEditor.Search:ASIAI0B' with importer (ScriptedImporter : UnityEditor.QuickSearchModule:UnityEditor.Search:ASIAI0B)
Imported 'GUID: f1fa02d2f89398244bd06abebd7e1840' -> (Import Result ID: '473137b451f61088cd376e81328f31ea') in 0.002 seconds [static and dynamic dependencies]. Details - ImportResultOutputID=85afccb32fccc8ae1eb28e1654b1c128 DependenciesID=19fb879249333d08400e2a9942647338 StaticDependenciesID=e9202ae6b623580b1b53d13d276ee3e5 
Number of updated asset objects reloaded before import = 0
Number of asset objects unloaded after import = 1
========================================================================
Received Import Request.
  Time of request: 2026-10-09T14:09:53.774345Z
  Time since last request: 0.000341247 seconds.
  importAddress: GUID: ab8ad79e3d094044af2eb94ea63279cf - Path: Packages/com.unity.render-pipelines.core/Runtime/Utilities/BatchRendererGroupGlobals.cs - Importer: ScriptedImporter/UnityEditor.QuickSearchModule:UnityEditor.Search:ASIAI0B
Importing 'GUID: ab8ad79e3d094044af2eb94ea63279cf - Path: Packages/com.unity.render-pipelines.core/Runtime/Utilities/BatchRendererGroupGlobals.cs - Importer: ScriptedImporter/UnityEditor.QuickSearchModule:UnityEditor.Search:ASIAI0B' with importer (ScriptedImporter : UnityEditor.QuickSearchModule:UnityEditor.Search:ASIAI0B)
Imported 'GUID: ab8ad79e3d094044af2eb94ea63279cf' -> (Import Result ID: '44b98e7d21538e73a71eb5533fd2f589') in 0.002 seconds [static and dynamic dependencies]. Details - ImportResultOutputID=73c973a8d41a16b7d8c895b040c6c847 DependenciesID=74fa711997f9df3f9c33d05270da4812 StaticDependenciesID=53d741c8e9a199e3a01df8f34e827683 
Number of updated asset objects reloaded before import = 0
Number of asset objects unloaded after import = 0
========================================================================
Received Import Request.
  Time of request: 2026-10-09T14:09:53.783735Z
  Time since last request: 0.000271898 seconds.
  importAddress: GUID: 270be7a3bca5b4e038d7e90c1ca0f18c - Path: Packages/com.unity.render-pipelines.core/Runtime/Sampling/PseudoRandom.hlsl - Importer: ScriptedImporter/UnityEditor.QuickSearchModule:UnityEditor.Search:ASIAI0B
Importing 'GUID: 270be7a3bca5b4e038d7e90c1ca0f18c - Path: Packages/com.unity.render-pipelines.core/Runtime/Sampling/PseudoRandom.hlsl - Importer: ScriptedImporter/UnityEditor.QuickSearchModule:UnityEditor.Search:ASIAI0B' with importer (ScriptedImporter : UnityEditor.QuickSearchModule:UnityEditor.Search:ASIAI0B)
Imported 'GUID: 270be7a3bca5b4e038d7e90c1ca0f18c' -> (Import Result ID: '2ba9b8bbca6b8db4a7f3561d63ff0f7d') in 0.001 seconds [static and dynamic dependencies]. Details - ImportResultOutputID=e339f8120d930790bbb62439e14192ce DependenciesID=58a4ad77dca70bf74fadb75e3d9c6f93 StaticDependenciesID=65716c084c1194d519cd0e77475788c7 
Number of updated asset objects reloaded before import = 0
Number of asset objects unloaded after import = 1
========================================================================
Received Import Request.
  Time of request: 2026-10-09T14:09:53.792221Z
  Time since last request: 0.000533886 seconds.
  importAddress: GUID: 214c0945bb158c940aada223f3223ee8 - Path: Packages/com.unity.render-pipelines.core/Runtime/UnifiedRayTracing/Unity.UnifiedRayTracing.Runtime.asmdef - Importer: ScriptedImporter/UnityEditor.QuickSearchModule:UnityEditor.Search:ASIAI0B
Importing 'GUID: 214c0945bb158c940aada223f3223ee8 - Path: Packages/com.unity.render-pipelines.core/Runtime/UnifiedRayTracing/Unity.UnifiedRayTracing.Runtime.asmdef - Importer: ScriptedImporter/UnityEditor.QuickSearchModule:UnityEditor.Search:ASIAI0B' with importer (ScriptedImporter : UnityEditor.QuickSearchModule:UnityEditor.Search:ASIAI0B)
Imported 'GUID: 214c0945bb158c940aada223f3223ee8' -> (Import Result ID: '985011531c9aaebe55953e2b7600f2dd') in 0.002 seconds [static and dynamic dependencies]. Details - ImportResultOutputID=24704f28f57956bad7a4e9553f9c9392 DependenciesID=2976167ce6c5f47a45534e40e3d181b8 StaticDependenciesID=627ff147674058b3ec4fce7ddc334ed9 
Number of updated asset objects reloaded before import = 0
Number of asset objects unloaded after import = 1
========================================================================
Received Import Request.
  Time of request: 2026-10-09T14:09:53.801054Z
  Time since last request: 0.000646917 seconds.
  importAddress: GUID: 4df5c208ca7fc164ba74f54b5d92314c - Path: Packages/com.unity.render-pipelines.core/Runtime/Stripping/IStripper.cs - Importer: ScriptedImporter/UnityEditor.QuickSearchModule:UnityEditor.Search:ASIAI0B
Importing 'GUID: 4df5c208ca7fc164ba74f54b5d92314c - Path: Packages/com.unity.render-pipelines.core/Runtime/Stripping/IStripper.cs - Importer: ScriptedImporter/UnityEditor.QuickSearchModule:UnityEditor.Search:ASIAI0B' with importer (ScriptedImporter : UnityEditor.QuickSearchModule:UnityEditor.Search:ASIAI0B)
Imported 'GUID: 4df5c208ca7fc164ba74f54b5d92314c' -> (Import Result ID: 'c9b42414ea01ca2542473c6baac6f3df') in 0.002 seconds [static and dynamic dependencies]. Details - ImportResultOutputID=5c86c38c97f926fda1df433274c9c5c2 DependenciesID=25de9f5953f880dd987fecdf499cb749 StaticDependenciesID=a47dcdc39eecd195baff8e1fd0b60196 
Number of updated asset objects reloaded before import = 0
Number of asset objects unloaded after import = 0
========================================================================
Received Import Request.
  Time of request: 2026-10-09T14:09:53.809672Z
  Time since last request: 0.000263712 seconds.
  importAddress: GUID: 4eb3ce06cfe568d41b5658c020b72c8e - Path: Packages/com.unity.render-pipelines.core/Runtime/Textures/RTHandles.cs - Importer: ScriptedImporter/UnityEditor.QuickSearchModule:UnityEditor.Search:ASIAI0B
Importing 'GUID: 4eb3ce06cfe568d41b5658c020b72c8e - Path: Packages/com.unity.render-pipelines.core/Runtime/Textures/RTHandles.cs - Importer: ScriptedImporter/UnityEditor.QuickSearchModule:UnityEditor.Search:ASIAI0B' with importer (ScriptedImporter : UnityEditor.QuickSearchModule:UnityEditor.Search:ASIAI0B)
Imported 'GUID: 4eb3ce06cfe568d41b5658c020b72c8e' -> (Import Result ID: '78250dbb7ccc5b485ab76426049c5c36') in 0.002 seconds [static and dynamic dependencies]. Details - ImportResultOutputID=d331cba79bf76cd1cfafc957bfd65550 DependenciesID=d85be76335b1378a26d5d830c60da1b0 StaticDependenciesID=f4c73aef42569e581a2516a0a336ff3c 
Number of updated asset objects reloaded before import = 0
Number of asset objects unloaded after import = 0
========================================================================
Received Import Request.
  Time of request: 2026-10-09T14:09:53.818564Z
  Time since last request: 0.000441444 seconds.
  importAddress: GUID: 523324f7505f93548a2a27d8fb75e7b0 - Path: Packages/com.unity.render-pipelines.core/Runtime/Utilities/BitArray.cs - Importer: ScriptedImporter/UnityEditor.QuickSearchModule:UnityEditor.Search:ASIAI0B
Importing 'GUID: 523324f7505f93548a2a27d8fb75e7b0 - Path: Packages/com.unity.render-pipelines.core/Runtime/Utilities/BitArray.cs - Importer: ScriptedImporter/UnityEditor.QuickSearchModule:UnityEditor.Search:ASIAI0B' with importer (ScriptedImporter : UnityEditor.QuickSearchModule:UnityEditor.Search:ASIAI0B)
Imported 'GUID: 523324f7505f93548a2a27d8fb75e7b0' -> (Import Result ID: 'b314360f6328b76bda807d047d8f304e') in 0.001 seconds [static and dynamic dependencies]. Details - ImportResultOutputID=cad095603c890131ce233082d7526c13 DependenciesID=37217ac8b522654302acbe4208d641bb StaticDependenciesID=3688c134f954372c2994d9506bd9a8c9 
Number of updated asset objects reloaded before import = 0
Number of asset objects unloaded after import = 0
========================================================================
Received Import Request.
  Time of request: 2026-10-09T14:09:53.826359Z
  Time since last request: 0.00036444 seconds.
  importAddress: GUID: 3855c9e5913bd1e4f84f3bb238dc6c41 - Path: Packages/com.unity.render-pipelines.core/Runtime/Sampling/SobolData.cs - Importer: ScriptedImporter/UnityEditor.QuickSearchModule:UnityEditor.Search:ASIAI0B
Importing 'GUID: 3855c9e5913bd1e4f84f3bb238dc6c41 - Path: Packages/com.unity.render-pipelines.core/Runtime/Sampling/SobolData.cs - Importer: ScriptedImporter/UnityEditor.QuickSearchModule:UnityEditor.Search:ASIAI0B' with importer (ScriptedImporter : UnityEditor.QuickSearchModule:UnityEditor.Search:ASIAI0B)
Imported 'GUID: 3855c9e5913bd1e4f84f3bb238dc6c41' -> (Import Result ID: '03e1558ca6dbd6e2e4125ed0645b2eca') in 0.001 seconds [static and dynamic dependencies]. Details - ImportResultOutputID=3e61671c72402b84262e0dbb9aa7edd0 DependenciesID=619f1d2c48a90efeb730b1e654993d36 StaticDependenciesID=8279f7f0b2188936cd465d747110cc89 
Number of updated asset objects reloaded before import = 0
Number of asset objects unloaded after import = 0
========================================================================
Received Import Request.
  Time of request: 2026-10-09T14:09:53.845915Z
  Time since last request: 0.010740298 seconds.
  importAddress: GUID: 9c7140d7b956a4547bb71f8ed0dd9049 - Path: Packages/com.unity.render-pipelines.core/ShaderLibrary/API/D3D11.hlsl - Importer: ScriptedImporter/UnityEditor.QuickSearchModule:UnityEditor.Search:ASIAI0B
Importing 'GUID: 9c7140d7b956a4547bb71f8ed0dd9049 - Path: Packages/com.unity.render-pipelines.core/ShaderLibrary/API/D3D11.hlsl - Importer: ScriptedImporter/UnityEditor.QuickSearchModule:UnityEditor.Search:ASIAI0B' with importer (ScriptedImporter : UnityEditor.QuickSearchModule:UnityEditor.Search:ASIAI0B)
Imported 'GUID: 9c7140d7b956a4547bb71f8ed0dd9049' -> (Import Result ID: 'fbd5d9b141fe80f824f39cf14a8cbc09') in 0.001 seconds [static and dynamic dependencies]. Details - ImportResultOutputID=569a41f1de1d49ee47357fd325f7b46e DependenciesID=2e0a7f8520cdad9b0abc9dcd4c227478 StaticDependenciesID=1176e3a42c0b85e62024fbe22808eee8 
Number of updated asset objects reloaded before import = 0
Number of asset objects unloaded after import = 1
========================================================================
Received Import Request.
  Time of request: 2026-10-09T14:09:53.853804Z
  Time since last request: 0.000465909 seconds.
  importAddress: GUID: c75bfa9127302bc4cbc67983804a44ac - Path: Packages/com.unity.render-pipelines.core/Runtime/Vrs/VrsRenderPipelineRuntimeResources.cs - Importer: ScriptedImporter/UnityEditor.QuickSearchModule:UnityEditor.Search:ASIAI0B
Importing 'GUID: c75bfa9127302bc4cbc67983804a44ac - Path: Packages/com.unity.render-pipelines.core/Runtime/Vrs/VrsRenderPipelineRuntimeResources.cs - Importer: ScriptedImporter/UnityEditor.QuickSearchModule:UnityEditor.Search:ASIAI0B' with importer (ScriptedImporter : UnityEditor.QuickSearchModule:UnityEditor.Search:ASIAI0B)
Imported 'GUID: c75bfa9127302bc4cbc67983804a44ac' -> (Import Result ID: 'da77e479e68850ec46b08411242e517a') in 0.001 seconds [static and dynamic dependencies]. Details - ImportResultOutputID=ae6cafe41f21e0b0e7252d0c423e4de9 DependenciesID=74a45ba1ea4bad6760ce222695f81587 StaticDependenciesID=80798bbc277fec62da6c35bf73d53362 
Number of updated asset objects reloaded before import = 0
Number of asset objects unloaded after import = 0
========================================================================
Received Import Request.
  Time of request: 2026-10-09T14:09:53.861723Z
  Time since last request: 0.00032152 seconds.
  importAddress: GUID: b285dd5cbeada294fa9399020ef6921f - Path: Packages/com.unity.render-pipelines.core/Runtime/Utilities/CoreRenderPipelinePreferences.cs - Importer: ScriptedImporter/UnityEditor.QuickSearchModule:UnityEditor.Search:ASIAI0B
Importing 'GUID: b285dd5cbeada294fa9399020ef6921f - Path: Packages/com.unity.render-pipelines.core/Runtime/Utilities/CoreRenderPipelinePreferences.cs - Importer: ScriptedImporter/UnityEditor.QuickSearchModule:UnityEditor.Search:ASIAI0B' with importer (ScriptedImporter : UnityEditor.QuickSearchModule:UnityEditor.Search:ASIAI0B)
Imported 'GUID: b285dd5cbeada294fa9399020ef6921f' -> (Import Result ID: 'cae2204fe39151bf6ff0be3980046f92') in 0.001 seconds [static and dynamic dependencies]. Details - ImportResultOutputID=bb6bd37cde79618f97272557c0c3b287 DependenciesID=93816e923540618bde84921b2e798544 StaticDependenciesID=796a0c547994038c01fe70d2f5a4f470 
Number of updated asset objects reloaded before import = 0
Number of asset objects unloaded after import = 0
========================================================================
Received Import Request.
  Time of request: 2026-10-09T14:09:53.870223Z
  Time since last request: 0.000400147 seconds.
  importAddress: GUID: d53242bc2649d524aa42f2a84eb077b2 - Path: Packages/com.unity.render-pipelines.core/Runtime/Volume/VolumeParameter.cs - Importer: ScriptedImporter/UnityEditor.QuickSearchModule:UnityEditor.Search:ASIAI0B
Importing 'GUID: d53242bc2649d524aa42f2a84eb077b2 - Path: Packages/com.unity.render-pipelines.core/Runtime/Volume/VolumeParameter.cs - Importer: ScriptedImporter/UnityEditor.QuickSearchModule:UnityEditor.Search:ASIAI0B' with importer (ScriptedImporter : UnityEditor.QuickSearchModule:UnityEditor.Search:ASIAI0B)
Imported 'GUID: d53242bc2649d524aa42f2a84eb077b2' -> (Import Result ID: '597d8b52839c1c4cd7de5c5e3bcbf809') in 0.001 seconds [static and dynamic dependencies]. Details - ImportResultOutputID=418d0eeedfe3343c1c6f86884f5d0dfa DependenciesID=fcb7b1d5e681c06f51866c3fa4a3c201 StaticDependenciesID=08ea4b1cd3e5f62df120b374ec5de0cd 
Number of updated asset objects reloaded before import = 0
Number of asset objects unloaded after import = 0
========================================================================
Received Import Request.
  Time of request: 2026-10-09T14:09:53.878709Z
  Time since last request: 0.000432407 seconds.
  importAddress: GUID: f4d51e77f119d4dc8899ff02b46bb621 - Path: Packages/com.unity.render-pipelines.core/ShaderLibrary/API/Metal.hlsl - Importer: ScriptedImporter/UnityEditor.QuickSearchModule:UnityEditor.Search:ASIAI0B
Importing 'GUID: f4d51e77f119d4dc8899ff02b46bb621 - Path: Packages/com.unity.render-pipelines.core/ShaderLibrary/API/Metal.hlsl - Importer: ScriptedImporter/UnityEditor.QuickSearchModule:UnityEditor.Search:ASIAI0B' with importer (ScriptedImporter : UnityEditor.QuickSearchModule:UnityEditor.Search:ASIAI0B)
Imported 'GUID: f4d51e77f119d4dc8899ff02b46bb621' -> (Import Result ID: '4a5469bd6e33781e266cb9cd50fac450') in 0.001 seconds [static and dynamic dependencies]. Details - ImportResultOutputID=139277a60e4f5f69821c170ab412c325 DependenciesID=1655c3d0c43e177c973d4318c808844b StaticDependenciesID=339dc5f0663bb2624cc25a2dbcf91180 
Number of updated asset objects reloaded before import = 0
Number of asset objects unloaded after import = 1
========================================================================
Received Import Request.
  Time of request: 2026-10-09T14:09:53.888238Z
  Time since last request: 0.000185496 seconds.
  importAddress: GUID: a359de1dc98b4f1db3fffb9601eb785b - Path: Packages/com.unity.render-pipelines.core/Runtime/Volume/VolumeDebugData.cs - Importer: ScriptedImporter/UnityEditor.QuickSearchModule:UnityEditor.Search:ASIAI0B
Importing 'GUID: a359de1dc98b4f1db3fffb9601eb785b - Path: Packages/com.unity.render-pipelines.core/Runtime/Volume/VolumeDebugData.cs - Importer: ScriptedImporter/UnityEditor.QuickSearchModule:UnityEditor.Search:ASIAI0B' with importer (ScriptedImporter : UnityEditor.QuickSearchModule:UnityEditor.Search:ASIAI0B)
Imported 'GUID: a359de1dc98b4f1db3fffb9601eb785b' -> (Import Result ID: 'fdbb1fdbbd4f291f973012df99b6f931') in 0.001 seconds [static and dynamic dependencies]. Details - ImportResultOutputID=74b61f605f3067efb3d3e0dace7a6938 DependenciesID=7b67e618016780d120884791f434ee03 StaticDependenciesID=90cf87b59bdce91d56f1d4423cd1b6cc 
Number of updated asset objects reloaded before import = 0
Number of asset objects unloaded after import = 0
========================================================================
Received Import Request.
  Time of request: 2026-10-09T14:09:53.896138Z
  Time since last request: 0.000237153 seconds.
  importAddress: GUID: 13bcacf4237fb3c4e9b547cc7420a120 - Path: Packages/com.unity.render-pipelines.core/Runtime/Utilities/DelegateUtility.cs - Importer: ScriptedImporter/UnityEditor.QuickSearchModule:UnityEditor.Search:ASIAI0B
Importing 'GUID: 13bcacf4237fb3c4e9b547cc7420a120 - Path: Packages/com.unity.render-pipelines.core/Runtime/Utilities/DelegateUtility.cs - Importer: ScriptedImporter/UnityEditor.QuickSearchModule:UnityEditor.Search:ASIAI0B' with importer (ScriptedImporter : UnityEditor.QuickSearchModule:UnityEditor.Search:ASIAI0B)
Imported 'GUID: 13bcacf4237fb3c4e9b547cc7420a120' -> (Import Result ID: '3d7c7bf91460fa03242bc67112092a23') in 0.001 seconds [static and dynamic dependencies]. Details - ImportResultOutputID=b5dabf6acb07346aeaec789e3b45c70b DependenciesID=6af01f34a6f30aa568ada4da74d87c6b StaticDependenciesID=33590abf324f4b26aca667bbfc4e7ab0 
Number of updated asset objects reloaded before import = 0
Number of asset objects unloaded after import = 0
========================================================================
Received Import Request.
  Time of request: 2026-10-09T14:09:53.90388Z
  Time since last request: 0.000228977 seconds.
  importAddress: GUID: 8cd8322e74feda6438d39b753348b807 - Path: Packages/com.unity.render-pipelines.core/Runtime/Utilities/HDROutputUtils.cs - Importer: ScriptedImporter/UnityEditor.QuickSearchModule:UnityEditor.Search:ASIAI0B
Importing 'GUID: 8cd8322e74feda6438d39b753348b807 - Path: Packages/com.unity.render-pipelines.core/Runtime/Utilities/HDROutputUtils.cs - Importer: ScriptedImporter/UnityEditor.QuickSearchModule:UnityEditor.Search:ASIAI0B' with importer (ScriptedImporter : UnityEditor.QuickSearchModule:UnityEditor.Search:ASIAI0B)
Imported 'GUID: 8cd8322e74feda6438d39b753348b807' -> (Import Result ID: '038944094332d41a40a9824ffaf9b367') in 0.002 seconds [static and dynamic dependencies]. Details - ImportResultOutputID=7eb75091fa1cd2d233fba5af05a2253d DependenciesID=db2fadeb56767757019a6c6c823221d6 StaticDependenciesID=e7054706c8bac3a70d37b951c2c1c6be 
Number of updated asset objects reloaded before import = 0
Number of asset objects unloaded after import = 0
========================================================================
Received Import Request.
  Time of request: 2026-10-09T14:09:53.91277Z
  Time since last request: 0.000244446 seconds.
  importAddress: GUID: 687539e57047cee4fac5fd3507becbe9 - Path: Packages/com.unity.render-pipelines.core/Runtime/Utilities/TextureCurve.cs - Importer: ScriptedImporter/UnityEditor.QuickSearchModule:UnityEditor.Search:ASIAI0B
Importing 'GUID: 687539e57047cee4fac5fd3507becbe9 - Path: Packages/com.unity.render-pipelines.core/Runtime/Utilities/TextureCurve.cs - Importer: ScriptedImporter/UnityEditor.QuickSearchModule:UnityEditor.Search:ASIAI0B' with importer (ScriptedImporter : UnityEditor.QuickSearchModule:UnityEditor.Search:ASIAI0B)
Imported 'GUID: 687539e57047cee4fac5fd3507becbe9' -> (Import Result ID: '5008c8e2d86262502b37c384c8050c6e') in 0.002 seconds [static and dynamic dependencies]. Details - ImportResultOutputID=0a9612ed53be979689322f610140f92d DependenciesID=7228d6cfe746fe01e810950dfadb51a5 StaticDependenciesID=59525c6b3468560e075c642f632d71c7 
Number of updated asset objects reloaded before import = 0
Number of asset objects unloaded after import = 0
========================================================================
Received Import Request.
  Time of request: 2026-10-09T14:09:53.921758Z
  Time since last request: 0.000259304 seconds.
  importAddress: GUID: 172515602e62fb746b5d573b38a5fe58 - Path: Packages/com.unity.render-pipelines.core/Runtime/Volume/Volume.cs - Importer: ScriptedImporter/UnityEditor.QuickSearchModule:UnityEditor.Search:ASIAI0B
Importing 'GUID: 172515602e62fb746b5d573b38a5fe58 - Path: Packages/com.unity.render-pipelines.core/Runtime/Volume/Volume.cs - Importer: ScriptedImporter/UnityEditor.QuickSearchModule:UnityEditor.Search:ASIAI0B' with importer (ScriptedImporter : UnityEditor.QuickSearchModule:UnityEditor.Search:ASIAI0B)
Imported 'GUID: 172515602e62fb746b5d573b38a5fe58' -> (Import Result ID: 'd3c53b8b7b260881d0ae32f07880292c') in 0.005 seconds [static and dynamic dependencies]. Details - ImportResultOutputID=7cf4762202f2f035cc554ac35d73c8f5 DependenciesID=4320b5ecea20926f90d3216cc0986b51 StaticDependenciesID=6e8addeca7862f0962de4427957d1c1f 
Number of updated asset objects reloaded before import = 0
Number of asset objects unloaded after import = 1
========================================================================
Received Import Request.
  Time of request: 2026-10-09T14:09:53.933992Z
  Time since last request: 0.000261759 seconds.
  importAddress: GUID: 1e28576c73484c844b4b56a5352abe6f - Path: Packages/com.unity.render-pipelines.core/Runtime/Volume/KeyframeUtility.cs - Importer: ScriptedImporter/UnityEditor.QuickSearchModule:UnityEditor.Search:ASIAI0B
Importing 'GUID: 1e28576c73484c844b4b56a5352abe6f - Path: Packages/com.unity.render-pipelines.core/Runtime/Volume/KeyframeUtility.cs - Importer: ScriptedImporter/UnityEditor.QuickSearchModule:UnityEditor.Search:ASIAI0B' with importer (ScriptedImporter : UnityEditor.QuickSearchModule:UnityEditor.Search:ASIAI0B)
Imported 'GUID: 1e28576c73484c844b4b56a5352abe6f' -> (Import Result ID: 'fee1c5d8575c22ec899b06b36179f5f0') in 0.002 seconds [static and dynamic dependencies]. Details - ImportResultOutputID=26cf6757828da3c3cd3ff854f3d83b9b DependenciesID=d03cacd18c22cb7e607ed5a2bed4dc99 StaticDependenciesID=d64dbff3309d79f5196ad42e1da44eea 
Number of updated asset objects reloaded before import = 0
Number of asset objects unloaded after import = 0
========================================================================
Received Import Request.
  Time of request: 2026-10-09T14:09:53.943088Z
  Time since last request: 0.000366875 seconds.
  importAddress: GUID: 993a8382d5f766441859ffb0146774d1 - Path: Packages/com.unity.render-pipelines.core/Runtime/Volume/VolumeCollection.cs - Importer: ScriptedImporter/UnityEditor.QuickSearchModule:UnityEditor.Search:ASIAI0B
Importing 'GUID: 993a8382d5f766441859ffb0146774d1 - Path: Packages/com.unity.render-pipelines.core/Runtime/Volume/VolumeCollection.cs - Importer: ScriptedImporter/UnityEditor.QuickSearchModule:UnityEditor.Search:ASIAI0B' with importer (ScriptedImporter : UnityEditor.QuickSearchModule:UnityEditor.Search:ASIAI0B)
Imported 'GUID: 993a8382d5f766441859ffb0146774d1' -> (Import Result ID: '7bd083229d316f69dd5869256eac1199') in 0.002 seconds [static and dynamic dependencies]. Details - ImportResultOutputID=cc4205429b37e438bbe372fe2254ee7a DependenciesID=5a61d68bad69c8a74051b6d30f0a2e8c StaticDependenciesID=b38e3b8c1be7b0368b06a23a9d5352d9 
Number of updated asset objects reloaded before import = 0
Number of asset objects unloaded after import = 0
========================================================================
Received Import Request.
  Time of request: 2026-10-09T14:09:53.951771Z
  Time since last request: 0.000309688 seconds.
  importAddress: GUID: 785d30f91e90dd2448cb87e5f026e49a - Path: Packages/com.unity.render-pipelines.core/Runtime/Vrs/VrsResources.cs - Importer: ScriptedImporter/UnityEditor.QuickSearchModule:UnityEditor.Search:ASIAI0B
Importing 'GUID: 785d30f91e90dd2448cb87e5f026e49a - Path: Packages/com.unity.render-pipelines.core/Runtime/Vrs/VrsResources.cs - Importer: ScriptedImporter/UnityEditor.QuickSearchModule:UnityEditor.Search:ASIAI0B' with importer (ScriptedImporter : UnityEditor.QuickSearchModule:UnityEditor.Search:ASIAI0B)
Imported 'GUID: 785d30f91e90dd2448cb87e5f026e49a' -> (Import Result ID: '09e4d01f7ac668ba7e782d743b67ca26') in 0.001 seconds [static and dynamic dependencies]. Details - ImportResultOutputID=36f03d21399e3e2a8323fe318ac9223c DependenciesID=d58c107976e1df340dbbff49902b4971 StaticDependenciesID=0f895f4236c5a3850621ddfb259bbc91 
Number of updated asset objects reloaded before import = 0
Number of asset objects unloaded after import = 0
========================================================================
Received Import Request.
  Time of request: 2026-10-09T14:09:53.960488Z
  Time since last request: 0.000326159 seconds.
  importAddress: GUID: d7fd9488000d3734a9e00ee676215985 - Path: Packages/com.unity.render-pipelines.core/Runtime/Volume/VolumeProfile.cs - Importer: ScriptedImporter/UnityEditor.QuickSearchModule:UnityEditor.Search:ASIAI0B
Importing 'GUID: d7fd9488000d3734a9e00ee676215985 - Path: Packages/com.unity.render-pipelines.core/Runtime/Volume/VolumeProfile.cs - Importer: ScriptedImporter/UnityEditor.QuickSearchModule:UnityEditor.Search:ASIAI0B' with importer (ScriptedImporter : UnityEditor.QuickSearchModule:UnityEditor.Search:ASIAI0B)
Imported 'GUID: d7fd9488000d3734a9e00ee676215985' -> (Import Result ID: 'e271eb2e98369e755abda3a782f7d6fb') in 0.002 seconds [static and dynamic dependencies]. Details - ImportResultOutputID=b3d6b3ff98467d8a46cd3bf083899a83 DependenciesID=e44f13bf9df49e7ccf1a7325caea5667 StaticDependenciesID=3e4fa7c536dc7a41dc385c39e79b98c0 
Number of updated asset objects reloaded before import = 0
Number of asset objects unloaded after import = 0
========================================================================
Received Import Request.
  Time of request: 2026-10-09T14:09:53.969087Z
  Time since last request: 0.000327161 seconds.
  importAddress: GUID: 3d520a25148b68744a8a1a3e7ff07920 - Path: Packages/com.unity.render-pipelines.core/Runtime/XR/XRSystem.cs - Importer: ScriptedImporter/UnityEditor.QuickSearchModule:UnityEditor.Search:ASIAI0B
Importing 'GUID: 3d520a25148b68744a8a1a3e7ff07920 - Path: Packages/com.unity.render-pipelines.core/Runtime/XR/XRSystem.cs - Importer: ScriptedImporter/UnityEditor.QuickSearchModule:UnityEditor.Search:ASIAI0B' with importer (ScriptedImporter : UnityEditor.QuickSearchModule:UnityEditor.Search:ASIAI0B)
Imported 'GUID: 3d520a25148b68744a8a1a3e7ff07920' -> (Import Result ID: '31a069e6a7bb9ccbf56adafeff630771') in 0.001 seconds [static and dynamic dependencies]. Details - ImportResultOutputID=b003e4f180383433b026ad8af5bee0bb DependenciesID=cfa148c39dac75250b9ee283b5ae7934 StaticDependenciesID=208d4713f2f5f72ea01eaa2e417ee709 
Number of updated asset objects reloaded before import = 0
Number of asset objects unloaded after import = 0
========================================================================
Received Import Request.
  Time of request: 2026-10-09T14:09:53.977834Z
  Time since last request: 0.000275464 seconds.
  importAddress: GUID: 7af226ce5122db0409963decbabf9d9b - Path: Packages/com.unity.render-pipelines.core/Runtime/Volume/VolumeStack.cs - Importer: ScriptedImporter/UnityEditor.QuickSearchModule:UnityEditor.Search:ASIAI0B
Importing 'GUID: 7af226ce5122db0409963decbabf9d9b - Path: Packages/com.unity.render-pipelines.core/Runtime/Volume/VolumeStack.cs - Importer: ScriptedImporter/UnityEditor.QuickSearchModule:UnityEditor.Search:ASIAI0B' with importer (ScriptedImporter : UnityEditor.QuickSearchModule:UnityEditor.Search:ASIAI0B)
Imported 'GUID: 7af226ce5122db0409963decbabf9d9b' -> (Import Result ID: 'c9da09ac18e37eb7b33850089a9cc012') in 0.001 seconds [static and dynamic dependencies]. Details - ImportResultOutputID=5ef86e567bf9fd2f2eaa7b7ad316223c DependenciesID=43c4e5a92e9248d94ca1e2c373600af4 StaticDependenciesID=14ee0806d7f9e9c6a6143c72f3263bb0 
Number of updated asset objects reloaded before import = 0
Number of asset objects unloaded after import = 0
========================================================================
Received Import Request.
  Time of request: 2026-10-09T14:09:53.990728Z
  Time since last request: 0.005094911 seconds.
  importAddress: GUID: 6b0549ef5aba7f74ebb69af4844d9a1d - Path: Packages/com.unity.render-pipelines.core/Tests/Runtime/LightUnitTests.cs - Importer: ScriptedImporter/UnityEditor.QuickSearchModule:UnityEditor.Search:ASIAI0B
Importing 'GUID: 6b0549ef5aba7f74ebb69af4844d9a1d - Path: Packages/com.unity.render-pipelines.core/Tests/Runtime/LightUnitTests.cs - Importer: ScriptedImporter/UnityEditor.QuickSearchModule:UnityEditor.Search:ASIAI0B' with importer (ScriptedImporter : UnityEditor.QuickSearchModule:UnityEditor.Search:ASIAI0B)
Imported 'GUID: 6b0549ef5aba7f74ebb69af4844d9a1d' -> (Import Result ID: 'f28d828492b35992acfb8637317363aa') in 0.001 seconds [static and dynamic dependencies]. Details - ImportResultOutputID=fa5b5c88547978ea6b324462fdb70218 DependenciesID=add3425587dbf97af4c221f698659908 StaticDependenciesID=0010797abd4e0eb58922de54d0b2f9e6 
Number of updated asset objects reloaded before import = 0
Number of asset objects unloaded after import = 0
========================================================================
Received Import Request.
  Time of request: 2026-10-09T14:09:53.999671Z
  Time since last request: 0.000911181 seconds.
  importAddress: GUID: b1ba908863884e868165e402aeb87de7 - Path: Packages/com.unity.render-pipelines.core/Tests/Runtime/CustomRenderPipelineAsset.cs - Importer: ScriptedImporter/UnityEditor.QuickSearchModule:UnityEditor.Search:ASIAI0B
Importing 'GUID: b1ba908863884e868165e402aeb87de7 - Path: Packages/com.unity.render-pipelines.core/Tests/Runtime/CustomRenderPipelineAsset.cs - Importer: ScriptedImporter/UnityEditor.QuickSearchModule:UnityEditor.Search:ASIAI0B' with importer (ScriptedImporter : UnityEditor.QuickSearchModule:UnityEditor.Search:ASIAI0B)
Imported 'GUID: b1ba908863884e868165e402aeb87de7' -> (Import Result ID: 'd7ef89281122155b46beb4b83a404c3d') in 0.001 seconds [static and dynamic dependencies]. Details - ImportResultOutputID=f94898cd70311030b10850f349150cba DependenciesID=f0a93108572c997e4ef1179b47b84837 StaticDependenciesID=462120946c7e00724d04eae29665c9c5 
Number of updated asset objects reloaded before import = 0
Number of asset objects unloaded after import = 0
========================================================================
Received Import Request.
  Time of request: 2026-10-09T14:09:54.007532Z
  Time since last request: 0.000454629 seconds.
  importAddress: GUID: bf043f86dbf1bda4398ec83eebe40b8c - Path: Packages/com.unity.render-pipelines.core/Tests/Runtime/Unity.RenderPipelines.Core.Runtime.Tests.asmdef - Importer: ScriptedImporter/UnityEditor.QuickSearchModule:UnityEditor.Search:ASIAI0B
Importing 'GUID: bf043f86dbf1bda4398ec83eebe40b8c - Path: Packages/com.unity.render-pipelines.core/Tests/Runtime/Unity.RenderPipelines.Core.Runtime.Tests.asmdef - Importer: ScriptedImporter/UnityEditor.QuickSearchModule:UnityEditor.Search:ASIAI0B' with importer (ScriptedImporter : UnityEditor.QuickSearchModule:UnityEditor.Search:ASIAI0B)
Imported 'GUID: bf043f86dbf1bda4398ec83eebe40b8c' -> (Import Result ID: '70a3a36c22cb42c275160112877f0960') in 0.002 seconds [static and dynamic dependencies]. Details - ImportResultOutputID=63a8ff6793635ae92bf0ae9d890e6afc DependenciesID=d84abe2d850a44bab90e6961807f9b5a StaticDependenciesID=4c7777495acd98513eec0d258aee71d5 
Number of updated asset objects reloaded before import = 0
Number of asset objects unloaded after import = 1
========================================================================
Received Import Request.
  Time of request: 2026-10-09T14:09:54.01612Z
  Time since last request: 0.000424923 seconds.
  importAddress: GUID: cd9e56dab7f922843a012c6d4bc3f1d2 - Path: Packages/com.unity.render-pipelines.core/Tests/Editor/CoreUnsafeUtilsTests.cs - Importer: ScriptedImporter/UnityEditor.QuickSearchModule:UnityEditor.Search:ASIAI0B
Importing 'GUID: cd9e56dab7f922843a012c6d4bc3f1d2 - Path: Packages/com.unity.render-pipelines.core/Tests/Editor/CoreUnsafeUtilsTests.cs - Importer: ScriptedImporter/UnityEditor.QuickSearchModule:UnityEditor.Search:ASIAI0B' with importer (ScriptedImporter : UnityEditor.QuickSearchModule:UnityEditor.Search:ASIAI0B)
Imported 'GUID: cd9e56dab7f922843a012c6d4bc3f1d2' -> (Import Result ID: '13570f1ceaf5b8d4b841492123aec97e') in 0.001 seconds [static and dynamic dependencies]. Details - ImportResultOutputID=415e44a999fdfd4faf52cc64d3816535 DependenciesID=4e31ca047fd2d531d31642ac922f84d1 StaticDependenciesID=ed29556e6fc4c47cfcc730da93321f7b 
Number of updated asset objects reloaded before import = 0
Number of asset objects unloaded after import = 0
========================================================================
Received Import Request.
  Time of request: 2026-10-09T14:09:54.024793Z
  Time since last request: 0.000379148 seconds.
  importAddress: GUID: 8a682daa78f03b64597ad91aefef3dab - Path: Packages/com.unity.render-pipelines.core/Editor/Icons/MipLevels/RenderPipelineResources@128.png - Importer: ScriptedImporter/UnityEditor.QuickSearchModule:UnityEditor.Search:ASIAI0B
Importing 'GUID: 8a682daa78f03b64597ad91aefef3dab - Path: Packages/com.unity.render-pipelines.core/Editor/Icons/MipLevels/RenderPipelineResources@128.png - Importer: ScriptedImporter/UnityEditor.QuickSearchModule:UnityEditor.Search:ASIAI0B' with importer (ScriptedImporter : UnityEditor.QuickSearchModule:UnityEditor.Search:ASIAI0B)
Imported 'GUID: 8a682daa78f03b64597ad91aefef3dab' -> (Import Result ID: 'd8154338177a75371b599bf86a349d64') in 0.004 seconds [static and dynamic dependencies]. Details - ImportResultOutputID=39e2ea3899941ffd6a31413cd43dc89f DependenciesID=c0426e48e161a0c0b1af847a0703db0c StaticDependenciesID=2c926ccd6adb4a9c7a2202f7ed498839 
Number of updated asset objects reloaded before import = 0
Number of asset objects unloaded after import = 1
========================================================================
Received Import Request.
  Time of request: 2026-10-09T14:09:54.036774Z
  Time since last request: 0.000169106 seconds.
  importAddress: GUID: dcc068641e9efce448d38d2bc6f05ef0 - Path: Packages/com.unity.render-pipelines.core/Tests/Editor/RenderGraphTests.UtilityPasses.cs - Importer: ScriptedImporter/UnityEditor.QuickSearchModule:UnityEditor.Search:ASIAI0B
Importing 'GUID: dcc068641e9efce448d38d2bc6f05ef0 - Path: Packages/com.unity.render-pipelines.core/Tests/Editor/RenderGraphTests.UtilityPasses.cs - Importer: ScriptedImporter/UnityEditor.QuickSearchModule:UnityEditor.Search:ASIAI0B' with importer (ScriptedImporter : UnityEditor.QuickSearchModule:UnityEditor.Search:ASIAI0B)
Imported 'GUID: dcc068641e9efce448d38d2bc6f05ef0' -> (Import Result ID: '0a3c25799f08b2bcccd020dcbcd1f491') in 0.001 seconds [static and dynamic dependencies]. Details - ImportResultOutputID=d67a82b0329a362919c97c38f476277c DependenciesID=4d214a075387d2acbb945df40b5bef98 StaticDependenciesID=eed2d58c25d68cc944fc478fe9856b63 
Number of updated asset objects reloaded before import = 0
Number of asset objects unloaded after import = 0
========================================================================
Received Import Request.
  Time of request: 2026-10-09T14:09:54.044725Z
  Time since last request: 0.000233206 seconds.
  importAddress: GUID: 5d574cebaf0c0a34aa93a406ad65a61b - Path: Packages/com.unity.render-pipelines.core/Editor/Icons/MipLevels/VolumeProfile@256.png - Importer: ScriptedImporter/UnityEditor.QuickSearchModule:UnityEditor.Search:ASIAI0B
Importing 'GUID: 5d574cebaf0c0a34aa93a406ad65a61b - Path: Packages/com.unity.render-pipelines.core/Editor/Icons/MipLevels/VolumeProfile@256.png - Importer: ScriptedImporter/UnityEditor.QuickSearchModule:UnityEditor.Search:ASIAI0B' with importer (ScriptedImporter : UnityEditor.QuickSearchModule:UnityEditor.Search:ASIAI0B)
Imported 'GUID: 5d574cebaf0c0a34aa93a406ad65a61b' -> (Import Result ID: 'f7c3fc95685a9d3652d0a22b0116aed9') in 0.003 seconds [static and dynamic dependencies]. Details - ImportResultOutputID=8be04587d2fc7895f399aca67318d558 DependenciesID=8c7dab554d952e04615def13d9303d2c StaticDependenciesID=8745d030cafad5af868e2d7faf452f44 
Number of updated asset objects reloaded before import = 0
Number of asset objects unloaded after import = 1
========================================================================
Received Import Request.
  Time of request: 2026-10-09T14:09:54.05452Z
  Time since last request: 0.000271898 seconds.
  importAddress: GUID: d6a9714d04bc387489829e17fc14cf3e - Path: Packages/com.unity.render-pipelines.core/Tests/Editor/RenderGraphTests.cs - Importer: ScriptedImporter/UnityEditor.QuickSearchModule:UnityEditor.Search:ASIAI0B
Importing 'GUID: d6a9714d04bc387489829e17fc14cf3e - Path: Packages/com.unity.render-pipelines.core/Tests/Editor/RenderGraphTests.cs - Importer: ScriptedImporter/UnityEditor.QuickSearchModule:UnityEditor.Search:ASIAI0B' with importer (ScriptedImporter : UnityEditor.QuickSearchModule:UnityEditor.Search:ASIAI0B)
Imported 'GUID: d6a9714d04bc387489829e17fc14cf3e' -> (Import Result ID: '04affec5d53a699d0c5ad2a39fd4992a') in 0.001 seconds [static and dynamic dependencies]. Details - ImportResultOutputID=98258b495360d441d3c6f3a459cc21f6 DependenciesID=d0436d8c3f99ebbbf70ff41e870323b3 StaticDependenciesID=20ad96d89a1946dab7b5046eb04e7ec2 
Number of updated asset objects reloaded before import = 0
Number of asset objects unloaded after import = 0
========================================================================
Received Import Request.
  Time of request: 2026-10-09T14:09:54.062417Z
  Time since last request: 0.000716658 seconds.
  importAddress: GUID: bcac3edca050cd043be3942131c59be3 - Path: Packages/com.unity.render-pipelines.core/Editor/Icons/MipLevels/Volume@128.png - Importer: ScriptedImporter/UnityEditor.QuickSearchModule:UnityEditor.Search:ASIAI0B
Importing 'GUID: bcac3edca050cd043be3942131c59be3 - Path: Packages/com.unity.render-pipelines.core/Editor/Icons/MipLevels/Volume@128.png - Importer: ScriptedImporter/UnityEditor.QuickSearchModule:UnityEditor.Search:ASIAI0B' with importer (ScriptedImporter : UnityEditor.QuickSearchModule:UnityEditor.Search:ASIAI0B)
Imported 'GUID: bcac3edca050cd043be3942131c59be3' -> (Import Result ID: '0aa31fa8d866e8d1c1a50d6d11703328') in 0.004 seconds [static and dynamic dependencies]. Details - ImportResultOutputID=1aaaeb759ea8460454f55e09dc23df07 DependenciesID=a12a743869ce2d88b664324c1cada0de StaticDependenciesID=e1118b118b66bd46b81dd76b739a4dd6 
Number of updated asset objects reloaded before import = 0
Number of asset objects unloaded after import = 1
========================================================================
Received Import Request.
  Time of request: 2026-10-09T14:09:54.073984Z
  Time since last request: 0.000210934 seconds.
  importAddress: GUID: 39013bef60270164e94ccd21c1edb486 - Path: Packages/com.unity.render-pipelines.core/Editor/Icons/MipLevels/RenderPipelineResources@32.png - Importer: ScriptedImporter/UnityEditor.QuickSearchModule:UnityEditor.Search:ASIAI0B
Importing 'GUID: 39013bef60270164e94ccd21c1edb486 - Path: Packages/com.unity.render-pipelines.core/Editor/Icons/MipLevels/RenderPipelineResources@32.png - Importer: ScriptedImporter/UnityEditor.QuickSearchModule:UnityEditor.Search:ASIAI0B' with importer (ScriptedImporter : UnityEditor.QuickSearchModule:UnityEditor.Search:ASIAI0B)
Imported 'GUID: 39013bef60270164e94ccd21c1edb486' -> (Import Result ID: '15cbc6de3d86b68b1570ddae58339c84') in 0.004 seconds [static and dynamic dependencies]. Details - ImportResultOutputID=f2f6ce7e45a44be11f08edadfe63eb83 DependenciesID=e2da82b8027e9fa9b12e03a1fb81249c StaticDependenciesID=3ff0b771121f8abd823be7de0897e16e 
Number of updated asset objects reloaded before import = 0
Number of asset objects unloaded after import = 1
========================================================================
Received Import Request.
  Time of request: 2026-10-09T14:09:54.08644Z
  Time since last request: 0.000237744 seconds.
  importAddress: GUID: abc9ece3a57c4d0ea02787d9e732b2ae - Path: Packages/com.unity.render-pipelines.core/Tests/Editor/CoreUtils.Tests.EnsureFolderTreeInAssetFilePath.cs - Importer: ScriptedImporter/UnityEditor.QuickSearchModule:UnityEditor.Search:ASIAI0B
Importing 'GUID: abc9ece3a57c4d0ea02787d9e732b2ae - Path: Packages/com.unity.render-pipelines.core/Tests/Editor/CoreUtils.Tests.EnsureFolderTreeInAssetFilePath.cs - Importer: ScriptedImporter/UnityEditor.QuickSearchModule:UnityEditor.Search:ASIAI0B' with importer (ScriptedImporter : UnityEditor.QuickSearchModule:UnityEditor.Search:ASIAI0B)
Imported 'GUID: abc9ece3a57c4d0ea02787d9e732b2ae' -> (Import Result ID: 'c68ca97de7bbf1c75da63d3db8e670f1') in 0.001 seconds [static and dynamic dependencies]. Details - ImportResultOutputID=a159435758306013d5820bf699c15f01 DependenciesID=0ec7a0761b6e640acf706aab91e81716 StaticDependenciesID=b7fa04fb86714d938c17310738c0b571 
Number of updated asset objects reloaded before import = 0
Number of asset objects unloaded after import = 0
========================================================================
Received Import Request.
  Time of request: 2026-10-09T14:09:54.095845Z
  Time since last request: 0.000300771 seconds.
  importAddress: GUID: dd586e92a1d94555961c28634174b450 - Path: Packages/com.unity.render-pipelines.core/Tests/Editor/InputRegisteringTests.cs - Importer: ScriptedImporter/UnityEditor.QuickSearchModule:UnityEditor.Search:ASIAI0B
Importing 'GUID: dd586e92a1d94555961c28634174b450 - Path: Packages/com.unity.render-pipelines.core/Tests/Editor/InputRegisteringTests.cs - Importer: ScriptedImporter/UnityEditor.QuickSearchModule:UnityEditor.Search:ASIAI0B' with importer (ScriptedImporter : UnityEditor.QuickSearchModule:UnityEditor.Search:ASIAI0B)
Imported 'GUID: dd586e92a1d94555961c28634174b450' -> (Import Result ID: 'b28d258fea737f70cadb2f30a91941e2') in 0.003 seconds [static and dynamic dependencies]. Details - ImportResultOutputID=f2391164390143475b13d05c43006fea DependenciesID=417f9914ffcf58f43efd3fa241f65537 StaticDependenciesID=72c1892e028f7c46a2b0ec36db359e4b 
Number of updated asset objects reloaded before import = 0
Number of asset objects unloaded after import = 0
========================================================================
Received Import Request.
  Time of request: 2026-10-09T14:09:54.106477Z
  Time since last request: 0.000274191 seconds.
  importAddress: GUID: f4c850bea2c5d45449ba8e228333c82c - Path: Packages/com.unity.render-pipelines.core/ShaderLibrary/Sampling/Sampling.hlsl - Importer: ScriptedImporter/UnityEditor.QuickSearchModule:UnityEditor.Search:ASIAI0B
Importing 'GUID: f4c850bea2c5d45449ba8e228333c82c - Path: Packages/com.unity.render-pipelines.core/ShaderLibrary/Sampling/Sampling.hlsl - Importer: ScriptedImporter/UnityEditor.QuickSearchModule:UnityEditor.Search:ASIAI0B' with importer (ScriptedImporter : UnityEditor.QuickSearchModule:UnityEditor.Search:ASIAI0B)
Imported 'GUID: f4c850bea2c5d45449ba8e228333c82c' -> (Import Result ID: 'ef92865d53155812aa2f31b87565f095') in 0.001 seconds [static and dynamic dependencies]. Details - ImportResultOutputID=4f008ba26991a58247aa364f8a8b77e9 DependenciesID=f9e3149522754e316c1f54c634e2d19d StaticDependenciesID=b5aa7c8a964e64603918da2b8aa8aa6f 
Number of updated asset objects reloaded before import = 0
Number of asset objects unloaded after import = 1
========================================================================
Received Import Request.
  Time of request: 2026-10-09T14:09:54.116103Z
  Time since last request: 0.000283519 seconds.
  importAddress: GUID: 170e625407be98640be7a881672523ef - Path: Packages/com.unity.render-pipelines.core/Tests/Editor/Swap.Extensions.Tests.cs - Importer: ScriptedImporter/UnityEditor.QuickSearchModule:UnityEditor.Search:ASIAI0B
Importing 'GUID: 170e625407be98640be7a881672523ef - Path: Packages/com.unity.render-pipelines.core/Tests/Editor/Swap.Extensions.Tests.cs - Importer: ScriptedImporter/UnityEditor.QuickSearchModule:UnityEditor.Search:ASIAI0B' with importer (ScriptedImporter : UnityEditor.QuickSearchModule:UnityEditor.Search:ASIAI0B)
Imported 'GUID: 170e625407be98640be7a881672523ef' -> (Import Result ID: '46b5cccdddd97d3152b3c3e0bb83d77b') in 0.001 seconds [static and dynamic dependencies]. Details - ImportResultOutputID=48cf70f1435bf1919abdcb4a42c020b4 DependenciesID=b1a1d36340ffad32834703955d0c586e StaticDependenciesID=d21de33a678be3692226b65aa5b18461 
Number of updated asset objects reloaded before import = 0
Number of asset objects unloaded after import = 0
========================================================================
Received Import Request.
  Time of request: 2026-10-09T14:09:54.125002Z
  Time since last request: 0.000231402 seconds.
  importAddress: GUID: 40a73c4a33c05924f813df35844d8c71 - Path: Packages/com.unity.render-pipelines.core/Tests/Runtime/RuntimeProfilerTests.cs - Importer: ScriptedImporter/UnityEditor.QuickSearchModule:UnityEditor.Search:ASIAI0B
Importing 'GUID: 40a73c4a33c05924f813df35844d8c71 - Path: Packages/com.unity.render-pipelines.core/Tests/Runtime/RuntimeProfilerTests.cs - Importer: ScriptedImporter/UnityEditor.QuickSearchModule:UnityEditor.Search:ASIAI0B' with importer (ScriptedImporter : UnityEditor.QuickSearchModule:UnityEditor.Search:ASIAI0B)
Imported 'GUID: 40a73c4a33c05924f813df35844d8c71' -> (Import Result ID: '2701633ac2f1380557a6d2e5086b9783') in 0.002 seconds [static and dynamic dependencies]. Details - ImportResultOutputID=917b775512cc57a7b0d12636aa955105 DependenciesID=f91ab24d91d852a3432aa82f4251d43e StaticDependenciesID=c1e417faf13071176e008169c5a71e96 
Number of updated asset objects reloaded before import = 0
Number of asset objects unloaded after import = 0
========================================================================
Received Import Request.
  Time of request: 2026-10-09T14:09:54.133364Z
  Time since last request: 0.000209361 seconds.
  importAddress: GUID: 27f686549d942e847a8cb97fcfdff112 - Path: Packages/com.unity.render-pipelines.core/Tests/Editor/CoreUtils.Tests.GetMipCount.cs - Importer: ScriptedImporter/UnityEditor.QuickSearchModule:UnityEditor.Search:ASIAI0B
Importing 'GUID: 27f686549d942e847a8cb97fcfdff112 - Path: Packages/com.unity.render-pipelines.core/Tests/Editor/CoreUtils.Tests.GetMipCount.cs - Importer: ScriptedImporter/UnityEditor.QuickSearchModule:UnityEditor.Search:ASIAI0B' with importer (ScriptedImporter : UnityEditor.QuickSearchModule:UnityEditor.Search:ASIAI0B)
Imported 'GUID: 27f686549d942e847a8cb97fcfdff112' -> (Import Result ID: '35da2ef978460cc3ce796b98ec6af25b') in 0.001 seconds [static and dynamic dependencies]. Details - ImportResultOutputID=4e828f881a040079415951358951226a DependenciesID=3d6b419554cfd4b600e4d8c459edc5b9 StaticDependenciesID=a4e36e9b96a4d668d73a81dbde72c18d 
Number of updated asset objects reloaded before import = 0
Number of asset objects unloaded after import = 0
========================================================================
Received Import Request.
  Time of request: 2026-10-09T14:09:54.1528Z
  Time since last request: 0.011267152 seconds.
  importAddress: GUID: 6eb2e156a8a1f8149b02f135509f10ea - Path: Packages/com.unity.render-pipelines.core/Editor/Icons/RenderGraphViewer/d_Resources@2x.png - Importer: ScriptedImporter/UnityEditor.QuickSearchModule:UnityEditor.Search:ASIAI0B
Importing 'GUID: 6eb2e156a8a1f8149b02f135509f10ea - Path: Packages/com.unity.render-pipelines.core/Editor/Icons/RenderGraphViewer/d_Resources@2x.png - Importer: ScriptedImporter/UnityEditor.QuickSearchModule:UnityEditor.Search:ASIAI0B' with importer (ScriptedImporter : UnityEditor.QuickSearchModule:UnityEditor.Search:ASIAI0B)
Imported 'GUID: 6eb2e156a8a1f8149b02f135509f10ea' -> (Import Result ID: 'b114fc1b1d4bc55057aafa243af368e2') in 0.003 seconds [static and dynamic dependencies]. Details - ImportResultOutputID=129d8f598810907d6e1408b17d55fb59 DependenciesID=44664a494e957a7d2534f0df750469a2 StaticDependenciesID=b250655f33c6bde49da5133489b53e52 
Number of updated asset objects reloaded before import = 0
Number of asset objects unloaded after import = 1
========================================================================
Received Import Request.
  Time of request: 2026-10-09T14:09:54.163264Z
  Time since last request: 0.000665562 seconds.
  importAddress: GUID: c179f13951d25f646887d38fa53e6e65 - Path: Packages/com.unity.render-pipelines.core/Editor/Lighting/Icons/LightPlacement_Icon@2x.png - Importer: ScriptedImporter/UnityEditor.QuickSearchModule:UnityEditor.Search:ASIAI0B
Importing 'GUID: c179f13951d25f646887d38fa53e6e65 - Path: Packages/com.unity.render-pipelines.core/Editor/Lighting/Icons/LightPlacement_Icon@2x.png - Importer: ScriptedImporter/UnityEditor.QuickSearchModule:UnityEditor.Search:ASIAI0B' with importer (ScriptedImporter : UnityEditor.QuickSearchModule:UnityEditor.Search:ASIAI0B)
Imported 'GUID: c179f13951d25f646887d38fa53e6e65' -> (Import Result ID: '954138e3391fc0154e03005c8dd87b3c') in 0.003 seconds [static and dynamic dependencies]. Details - ImportResultOutputID=22279f11f23610e1b928bfe398f579f0 DependenciesID=45282c4b282f2a3a6764b3b62fa42575 StaticDependenciesID=5c826c4cf08a18685c9e0a7368b3e8ab 
Number of updated asset objects reloaded before import = 0
Number of asset objects unloaded after import = 1
========================================================================
Received Import Request.
  Time of request: 2026-10-09T14:09:54.173346Z
  Time since last request: 0.000352608 seconds.
  importAddress: GUID: 0c718439afc500a47899efc9499bc9f5 - Path: Packages/com.unity.render-pipelines.core/Editor/Icons/Processed/Resources Icon.asset - Importer: ScriptedImporter/UnityEditor.QuickSearchModule:UnityEditor.Search:ASIAI0B
Importing 'GUID: 0c718439afc500a47899efc9499bc9f5 - Path: Packages/com.unity.render-pipelines.core/Editor/Icons/Processed/Resources Icon.asset - Importer: ScriptedImporter/UnityEditor.QuickSearchModule:UnityEditor.Search:ASIAI0B' with importer (ScriptedImporter : UnityEditor.QuickSearchModule:UnityEditor.Search:ASIAI0B)
Imported 'GUID: 0c718439afc500a47899efc9499bc9f5' -> (Import Result ID: 'f1f792030cbb83cb45716fa37c870747') in 0.002 seconds [static and dynamic dependencies]. Details - ImportResultOutputID=7c7822f83985b2d340d4948b792aac52 DependenciesID=e5cda522f98cf949d14fe5b042178132 StaticDependenciesID=9eafab5def54270ca8492eb4ac9e8e9d 
Number of updated asset objects reloaded before import = 0
Number of asset objects unloaded after import = 1
========================================================================
Received Import Request.
  Time of request: 2026-10-09T14:09:54.183455Z
  Time since last request: 0.00039077 seconds.
  importAddress: GUID: 42f2be07082fcb641bfabb2ccd126ac0 - Path: Packages/com.unity.render-pipelines.core/Editor/Icons/RenderGraphViewer/Buffer@2x.png - Importer: ScriptedImporter/UnityEditor.QuickSearchModule:UnityEditor.Search:ASIAI0B
Importing 'GUID: 42f2be07082fcb641bfabb2ccd126ac0 - Path: Packages/com.unity.render-pipelines.core/Editor/Icons/RenderGraphViewer/Buffer@2x.png - Importer: ScriptedImporter/UnityEditor.QuickSearchModule:UnityEditor.Search:ASIAI0B' with importer (ScriptedImporter : UnityEditor.QuickSearchModule:UnityEditor.Search:ASIAI0B)
Imported 'GUID: 42f2be07082fcb641bfabb2ccd126ac0' -> (Import Result ID: '633621520d38bb5ce380b76948772290') in 0.003 seconds [static and dynamic dependencies]. Details - ImportResultOutputID=966701c60c66c93c6be5ce70098e4d3f DependenciesID=40cef16093058463c6907203d24e229c StaticDependenciesID=6ac7241bb1aa1a7f254083318a6107e1 
Number of updated asset objects reloaded before import = 0
Number of asset objects unloaded after import = 1
========================================================================
Received Import Request.
  Time of request: 2026-10-09T14:09:54.195194Z
  Time since last request: 0.000318875 seconds.
  importAddress: GUID: 2889bb1951831234789d947901bce53e - Path: Packages/com.unity.render-pipelines.core/Editor/Icons/MipLevels/d_VolumeProfile@64.png - Importer: ScriptedImporter/UnityEditor.QuickSearchModule:UnityEditor.Search:ASIAI0B
Importing 'GUID: 2889bb1951831234789d947901bce53e - Path: Packages/com.unity.render-pipelines.core/Editor/Icons/MipLevels/d_VolumeProfile@64.png - Importer: ScriptedImporter/UnityEditor.QuickSearchModule:UnityEditor.Search:ASIAI0B' with importer (ScriptedImporter : UnityEditor.QuickSearchModule:UnityEditor.Search:ASIAI0B)
Imported 'GUID: 2889bb1951831234789d947901bce53e' -> (Import Result ID: 'ca5f4fa124deca2fa8018e3be60aa8f6') in 0.003 seconds [static and dynamic dependencies]. Details - ImportResultOutputID=265cfca4e137e51e9103d6905d24394a DependenciesID=042857dfad8521374ef22a302a335203 StaticDependenciesID=c26bd083dbcfc86f3a0b66e08f867275 
Number of updated asset objects reloaded before import = 0
Number of asset objects unloaded after import = 1
========================================================================
Received Import Request.
  Time of request: 2026-10-09T14:09:54.205899Z
  Time since last request: 0.000629175 seconds.
  importAddress: GUID: 65d673f04ea8f2f49919cf67d18aaf54 - Path: Packages/com.unity.render-pipelines.core/Editor/Icons/Processed/Volume Icon.asset - Importer: ScriptedImporter/UnityEditor.QuickSearchModule:UnityEditor.Search:ASIAI0B
Importing 'GUID: 65d673f04ea8f2f49919cf67d18aaf54 - Path: Packages/com.unity.render-pipelines.core/Editor/Icons/Processed/Volume Icon.asset - Importer: ScriptedImporter/UnityEditor.QuickSearchModule:UnityEditor.Search:ASIAI0B' with importer (ScriptedImporter : UnityEditor.QuickSearchModule:UnityEditor.Search:ASIAI0B)
Imported 'GUID: 65d673f04ea8f2f49919cf67d18aaf54' -> (Import Result ID: '825c01c42c7c2422a4e2757602dca320') in 0.005 seconds [static and dynamic dependencies]. Details - ImportResultOutputID=4e8db0ebe4d4ca320ac23c3e03433f1c DependenciesID=73f73f2440b094fb6fc49c44016dcbb7 StaticDependenciesID=e4fcbcdf11d79ee362ff4db04b525253 
Number of updated asset objects reloaded before import = 0
Number of asset objects unloaded after import = 1
========================================================================
Received Import Request.
  Time of request: 2026-10-09T14:09:54.21767Z
  Time since last request: 0.000100678 seconds.
  importAddress: GUID: 9603ab9e0ac90754298d959374a0ec29 - Path: Packages/com.unity.render-pipelines.core/Editor/Icons/Processed/DecalProjector Icon.asset - Importer: ScriptedImporter/UnityEditor.QuickSearchModule:UnityEditor.Search:ASIAI0B
Importing 'GUID: 9603ab9e0ac90754298d959374a0ec29 - Path: Packages/com.unity.render-pipelines.core/Editor/Icons/Processed/DecalProjector Icon.asset - Importer: ScriptedImporter/UnityEditor.QuickSearchModule:UnityEditor.Search:ASIAI0B' with importer (ScriptedImporter : UnityEditor.QuickSearchModule:UnityEditor.Search:ASIAI0B)
Imported 'GUID: 9603ab9e0ac90754298d959374a0ec29' -> (Import Result ID: '93c8a0eaa57db61250a57246bc0b0e5c') in 0.005 seconds [static and dynamic dependencies]. Details - ImportResultOutputID=68d8e6367b7d059e56654ab17e9db372 DependenciesID=d5a9ac74c6b98dff5d1ae845361974e8 StaticDependenciesID=d33612ad0e77776bbe8208e40a454c5a 
Number of updated asset objects reloaded before import = 0
Number of asset objects unloaded after import = 1
========================================================================
Received Import Request.
  Time of request: 2026-10-09T14:09:54.229318Z
  Time since last request: 0.000237984 seconds.
  importAddress: GUID: d765b90a4ccbfae4ba0b8512144b99f0 - Path: Packages/com.unity.render-pipelines.core/Editor/Icons/MipLevels/d_Volume@128.png - Importer: ScriptedImporter/UnityEditor.QuickSearchModule:UnityEditor.Search:ASIAI0B
Importing 'GUID: d765b90a4ccbfae4ba0b8512144b99f0 - Path: Packages/com.unity.render-pipelines.core/Editor/Icons/MipLevels/d_Volume@128.png - Importer: ScriptedImporter/UnityEditor.QuickSearchModule:UnityEditor.Search:ASIAI0B' with importer (ScriptedImporter : UnityEditor.QuickSearchModule:UnityEditor.Search:ASIAI0B)
Imported 'GUID: d765b90a4ccbfae4ba0b8512144b99f0' -> (Import Result ID: '788a57925e86979d6b542ab557283224') in 0.005 seconds [static and dynamic dependencies]. Details - ImportResultOutputID=f4b0d2035529aa5b6043af20c21f8033 DependenciesID=dec60af087f3bb9861dbb32243a3ce11 StaticDependenciesID=b56369851b6e3e34f331c23f170f2ed5 
Number of updated asset objects reloaded before import = 0
Number of asset objects unloaded after import = 1
========================================================================
Received Import Request.
  Time of request: 2026-10-09T14:09:54.24233Z
  Time since last request: 0.00048739 seconds.
  importAddress: GUID: 77f3e0d20577fcd4ebb29c14ff5d58c7 - Path: Packages/com.unity.render-pipelines.core/Editor/Lighting/Icons/LightPlacement_Icon.png - Importer: ScriptedImporter/UnityEditor.QuickSearchModule:UnityEditor.Search:ASIAI0B
Importing 'GUID: 77f3e0d20577fcd4ebb29c14ff5d58c7 - Path: Packages/com.unity.render-pipelines.core/Editor/Lighting/Icons/LightPlacement_Icon.png - Importer: ScriptedImporter/UnityEditor.QuickSearchModule:UnityEditor.Search:ASIAI0B' with importer (ScriptedImporter : UnityEditor.QuickSearchModule:UnityEditor.Search:ASIAI0B)
Imported 'GUID: 77f3e0d20577fcd4ebb29c14ff5d58c7' -> (Import Result ID: '2a92256240e3e84ab2cbd62f40c14626') in 0.004 seconds [static and dynamic dependencies]. Details - ImportResultOutputID=d267e965f620b9a8123fd1fcb69de5f3 DependenciesID=2f93da15fe50ed2793bd4b687ab4d82f StaticDependenciesID=9f6135beb19dc6039496daf7faa36a28 
Number of updated asset objects reloaded before import = 0
Number of asset objects unloaded after import = 1
========================================================================
Received Import Request.
  Time of request: 2026-10-09T14:09:54.253769Z
  Time since last request: 0.000280223 seconds.
  importAddress: GUID: 6941712a966fa924d92b6855f339379e - Path: Packages/com.unity.render-pipelines.core/Editor/Icons/MipLevels/d_Volume@16.png - Importer: ScriptedImporter/UnityEditor.QuickSearchModule:UnityEditor.Search:ASIAI0B
Importing 'GUID: 6941712a966fa924d92b6855f339379e - Path: Packages/com.unity.render-pipelines.core/Editor/Icons/MipLevels/d_Volume@16.png - Importer: ScriptedImporter/UnityEditor.QuickSearchModule:UnityEditor.Search:ASIAI0B' with importer (ScriptedImporter : UnityEditor.QuickSearchModule:UnityEditor.Search:ASIAI0B)
Imported 'GUID: 6941712a966fa924d92b6855f339379e' -> (Import Result ID: '58cfb34b6572ef402f50577ddaca2857') in 0.004 seconds [static and dynamic dependencies]. Details - ImportResultOutputID=6955f0a34ac76398fd616cbadb439a09 DependenciesID=0d63dee552034915b4e582e5b0637e98 StaticDependenciesID=de35ae4c7e9abea66e37c88766c77f08 
Number of updated asset objects reloaded before import = 0
Number of asset objects unloaded after import = 1
========================================================================
Received Import Request.
  Time of request: 2026-10-09T14:09:54.26596Z
  Time since last request: 0.000288608 seconds.
  importAddress: GUID: 98c28ecf0d815cc49b6868def3e52f49 - Path: Packages/com.unity.render-pipelines.core/Editor/Icons/MipLevels/d_VolumeProfile@128.png - Importer: ScriptedImporter/UnityEditor.QuickSearchModule:UnityEditor.Search:ASIAI0B
Importing 'GUID: 98c28ecf0d815cc49b6868def3e52f49 - Path: Packages/com.unity.render-pipelines.core/Editor/Icons/MipLevels/d_VolumeProfile@128.png - Importer: ScriptedImporter/UnityEditor.QuickSearchModule:UnityEditor.Search:ASIAI0B' with importer (ScriptedImporter : UnityEditor.QuickSearchModule:UnityEditor.Search:ASIAI0B)
Imported 'GUID: 98c28ecf0d815cc49b6868def3e52f49' -> (Import Result ID: '70d8ef47f340bd458a4ffec6cb1f996e') in 0.003 seconds [static and dynamic dependencies]. Details - ImportResultOutputID=b8f64ea5160994c97dd41188b0c55023 DependenciesID=9b169ba23bcf6c08f237d4c8d10dc5c6 StaticDependenciesID=a707178815bea0c61d137d43b17dbf82 
Number of updated asset objects reloaded before import = 0
Number of asset objects unloaded after import = 1
========================================================================
Received Import Request.
  Time of request: 2026-10-09T14:09:54.27638Z
  Time since last request: 0.000329825 seconds.
  importAddress: GUID: cd47f6d5edd2c7541a0baf3774a54fdd - Path: Packages/com.unity.render-pipelines.core/Editor/Icons/RenderGraphViewer/MultipleUsage.png - Importer: ScriptedImporter/UnityEditor.QuickSearchModule:UnityEditor.Search:ASIAI0B
Importing 'GUID: cd47f6d5edd2c7541a0baf3774a54fdd - Path: Packages/com.unity.render-pipelines.core/Editor/Icons/RenderGraphViewer/MultipleUsage.png - Importer: ScriptedImporter/UnityEditor.QuickSearchModule:UnityEditor.Search:ASIAI0B' with importer (ScriptedImporter : UnityEditor.QuickSearchModule:UnityEditor.Search:ASIAI0B)
Imported 'GUID: cd47f6d5edd2c7541a0baf3774a54fdd' -> (Import Result ID: '81a8177b237beb973c8f309a36582bc3') in 0.005 seconds [static and dynamic dependencies]. Details - ImportResultOutputID=ea937a3a3fc6c06736d93213ab65242a DependenciesID=4f59b145fb81550ba281e0bfee0ecb14 StaticDependenciesID=a5bc363c5f915c8ef468ed5f0a3dba8f 
Number of updated asset objects reloaded before import = 0
Number of asset objects unloaded after import = 3
========================================================================
Received Import Request.
  Time of request: 2026-10-09T14:09:54.288903Z
  Time since last request: 0.000227505 seconds.
  importAddress: GUID: f6437d4e6a2f10345a40803d33f489bf - Path: Packages/com.unity.render-pipelines.core/Editor/Icons/Processed/d_RenderPipelineResources Icon.asset - Importer: ScriptedImporter/UnityEditor.QuickSearchModule:UnityEditor.Search:ASIAI0B
Importing 'GUID: f6437d4e6a2f10345a40803d33f489bf - Path: Packages/com.unity.render-pipelines.core/Editor/Icons/Processed/d_RenderPipelineResources Icon.asset - Importer: ScriptedImporter/UnityEditor.QuickSearchModule:UnityEditor.Search:ASIAI0B' with importer (ScriptedImporter : UnityEditor.QuickSearchModule:UnityEditor.Search:ASIAI0B)
Imported 'GUID: f6437d4e6a2f10345a40803d33f489bf' -> (Import Result ID: '4f6ba5866c2cfece78410b3cfd106cf0') in 0.005 seconds [static and dynamic dependencies]. Details - ImportResultOutputID=9362c65ee3823d9cc9b0525fb21b1de9 DependenciesID=ba0cb6b2373a5decd8a4f4baf2f1cacd StaticDependenciesID=997a8e1f7b4dff0d702dcd6b69b12f34 
Number of updated asset objects reloaded before import = 0
Number of asset objects unloaded after import = 1
========================================================================
Received Import Request.
  Time of request: 2026-10-09T14:09:54.300544Z
  Time since last request: 0.000220201 seconds.
  importAddress: GUID: a51c08ea4f8a47641a38f14eff7be3db - Path: Packages/com.unity.render-pipelines.core/Editor/Icons/Processed/d_LocalVolumetricFog Icon.asset - Importer: ScriptedImporter/UnityEditor.QuickSearchModule:UnityEditor.Search:ASIAI0B
Importing 'GUID: a51c08ea4f8a47641a38f14eff7be3db - Path: Packages/com.unity.render-pipelines.core/Editor/Icons/Processed/d_LocalVolumetricFog Icon.asset - Importer: ScriptedImporter/UnityEditor.QuickSearchModule:UnityEditor.Search:ASIAI0B' with importer (ScriptedImporter : UnityEditor.QuickSearchModule:UnityEditor.Search:ASIAI0B)
Imported 'GUID: a51c08ea4f8a47641a38f14eff7be3db' -> (Import Result ID: 'f48832a65ecfca9149efa5fa99e0780b') in 0.006 seconds [static and dynamic dependencies]. Details - ImportResultOutputID=27b7359e903ca2cf4408e4f246cef2a7 DependenciesID=875c32da949cf501bfb19135943c6006 StaticDependenciesID=fbe60d44e0167e4495b2fd340667ac51 
Number of updated asset objects reloaded before import = 0
Number of asset objects unloaded after import = 1
========================================================================
Received Import Request.
  Time of request: 2026-10-09T14:09:54.313377Z
  Time since last request: 0.00020355 seconds.
  importAddress: GUID: 986528338c7e82b42b466e23ac6fbb96 - Path: Packages/com.unity.render-pipelines.core/Editor/Icons/RenderGraphViewer/d_FramebufferFetch@2x.png - Importer: ScriptedImporter/UnityEditor.QuickSearchModule:UnityEditor.Search:ASIAI0B
Importing 'GUID: 986528338c7e82b42b466e23ac6fbb96 - Path: Packages/com.unity.render-pipelines.core/Editor/Icons/RenderGraphViewer/d_FramebufferFetch@2x.png - Importer: ScriptedImporter/UnityEditor.QuickSearchModule:UnityEditor.Search:ASIAI0B' with importer (ScriptedImporter : UnityEditor.QuickSearchModule:UnityEditor.Search:ASIAI0B)
Imported 'GUID: 986528338c7e82b42b466e23ac6fbb96' -> (Import Result ID: 'a6720a49e3f8b4a37b7e15c91fbd8cb7') in 0.003 seconds [static and dynamic dependencies]. Details - ImportResultOutputID=378910e89e2b0259e1554efed7f66fc8 DependenciesID=689b070087b1df8015367479b3d384f1 StaticDependenciesID=1aad7a104dec339f2338a8e23cd8c505 
Number of updated asset objects reloaded before import = 0
Number of asset objects unloaded after import = 1
========================================================================
Received Import Request.
  Time of request: 2026-10-09T14:09:54.347397Z
  Time since last request: 0.022238722 seconds.
  importAddress: GUID: e59f66416f4ecf3429053a0274b589a0 - Path: Packages/com.unity.render-pipelines.core/Editor/Lighting/Icons/d_LightPlacement_Icon On@2x.png - Importer: ScriptedImporter/UnityEditor.QuickSearchModule:UnityEditor.Search:ASIAI0B
Importing 'GUID: e59f66416f4ecf3429053a0274b589a0 - Path: Packages/com.unity.render-pipelines.core/Editor/Lighting/Icons/d_LightPlacement_Icon On@2x.png - Importer: ScriptedImporter/UnityEditor.QuickSearchModule:UnityEditor.Search:ASIAI0B' with importer (ScriptedImporter : UnityEditor.QuickSearchModule:UnityEditor.Search:ASIAI0B)
Imported 'GUID: e59f66416f4ecf3429053a0274b589a0' -> (Import Result ID: 'ea2636c628def683ae65c4bcc0af59ba') in 0.003 seconds [static and dynamic dependencies]. Details - ImportResultOutputID=7d9692fa6b39b42dfce71238d1964965 DependenciesID=d35806868130793fcdacdfac16a72d7d StaticDependenciesID=3d13bab4877231a8fc63228d5f2da93e 
Number of updated asset objects reloaded before import = 0
Number of asset objects unloaded after import = 1
========================================================================
Received Import Request.
  Time of request: 2026-10-09T14:09:54.357598Z
  Time since last request: 0.000157043 seconds.
  importAddress: GUID: 607368a9ed90f52428f3c33ecfee10f4 - Path: Packages/com.unity.render-pipelines.core/Editor/Lighting/ProbeVolume/SerializedProbeVolume.cs - Importer: ScriptedImporter/UnityEditor.QuickSearchModule:UnityEditor.Search:ASIAI0B
Importing 'GUID: 607368a9ed90f52428f3c33ecfee10f4 - Path: Packages/com.unity.render-pipelines.core/Editor/Lighting/ProbeVolume/SerializedProbeVolume.cs - Importer: ScriptedImporter/UnityEditor.QuickSearchModule:UnityEditor.Search:ASIAI0B' with importer (ScriptedImporter : UnityEditor.QuickSearchModule:UnityEditor.Search:ASIAI0B)
Imported 'GUID: 607368a9ed90f52428f3c33ecfee10f4' -> (Import Result ID: 'db72bb663baf3453c23102684d1dcef5') in 0.002 seconds [static and dynamic dependencies]. Details - ImportResultOutputID=a336d78439a5ba13c7b8cfbbed4e2828 DependenciesID=e8e77a611e18c9fdc9c5cf8fa4125fff StaticDependenciesID=5cec3b097e852686a39fe3a680cef57a 
Number of updated asset objects reloaded before import = 0
Number of asset objects unloaded after import = 0
========================================================================
Received Import Request.
  Time of request: 2026-10-09T14:09:54.365783Z
  Time since last request: 0.000297886 seconds.
  importAddress: GUID: 6bb382f7de370af41b775f54182e491d - Path: Packages/com.unity.render-pipelines.core/Editor/Lighting/ProbeVolume/ProbeVolumeCellDilation.compute - Importer: ScriptedImporter/UnityEditor.QuickSearchModule:UnityEditor.Search:ASIAI0B
Importing 'GUID: 6bb382f7de370af41b775f54182e491d - Path: Packages/com.unity.render-pipelines.core/Editor/Lighting/ProbeVolume/ProbeVolumeCellDilation.compute - Importer: ScriptedImporter/UnityEditor.QuickSearchModule:UnityEditor.Search:ASIAI0B' with importer (ScriptedImporter : UnityEditor.QuickSearchModule:UnityEditor.Search:ASIAI0B)
Imported 'GUID: 6bb382f7de370af41b775f54182e491d' -> (Import Result ID: '0f451d9c8a668108cd7df6f1d6f58f62') in 0.002 seconds [static and dynamic dependencies]. Details - ImportResultOutputID=45138e54cd580d141a7b0467255a0648 DependenciesID=def2df85ea114637cd870231c8d5c6d1 StaticDependenciesID=22c90fcdb81b902ef4a0beabd64673b4 
Number of updated asset objects reloaded before import = 0
Number of asset objects unloaded after import = 1
========================================================================
Received Import Request.
  Time of request: 2026-10-09T14:09:54.376159Z
  Time since last request: 0.000456573 seconds.
  importAddress: GUID: 6854e96b231d0344db0b5977abe3b2fe - Path: Packages/com.unity.render-pipelines.core/Editor/Lighting/ProbeVolume/ProbeVolumeBakingProcessSettingsDrawer.cs - Importer: ScriptedImporter/UnityEditor.QuickSearchModule:UnityEditor.Search:ASIAI0B
Importing 'GUID: 6854e96b231d0344db0b5977abe3b2fe - Path: Packages/com.unity.render-pipelines.core/Editor/Lighting/ProbeVolume/ProbeVolumeBakingProcessSettingsDrawer.cs - Importer: ScriptedImporter/UnityEditor.QuickSearchModule:UnityEditor.Search:ASIAI0B' with importer (ScriptedImporter : UnityEditor.QuickSearchModule:UnityEditor.Search:ASIAI0B)
Imported 'GUID: 6854e96b231d0344db0b5977abe3b2fe' -> (Import Result ID: 'a1854910261b697afdec09fdc5832105') in 0.002 seconds [static and dynamic dependencies]. Details - ImportResultOutputID=b2daddbdc0f0c1deeff184ef4417378f DependenciesID=8698cb91f05cb938d96b918a1ca5e53b StaticDependenciesID=5b0ac72627f90adafde7eabd7c92c319 
Number of updated asset objects reloaded before import = 0
Number of asset objects unloaded after import = 0
========================================================================
Received Import Request.
  Time of request: 2026-10-09T14:09:54.385166Z
  Time since last request: 0.000275043 seconds.
  importAddress: GUID: 35308793dc5ef9843913c188f6efacb0 - Path: Packages/com.unity.render-pipelines.core/Editor/Lighting/ProbeVolume/ProbeGIBaking.Serialization.cs - Importer: ScriptedImporter/UnityEditor.QuickSearchModule:UnityEditor.Search:ASIAI0B
Importing 'GUID: 35308793dc5ef9843913c188f6efacb0 - Path: Packages/com.unity.render-pipelines.core/Editor/Lighting/ProbeVolume/ProbeGIBaking.Serialization.cs - Importer: ScriptedImporter/UnityEditor.QuickSearchModule:UnityEditor.Search:ASIAI0B' with importer (ScriptedImporter : UnityEditor.QuickSearchModule:UnityEditor.Search:ASIAI0B)
Imported 'GUID: 35308793dc5ef9843913c188f6efacb0' -> (Import Result ID: '24a774b14ad3b627147798d5682eb8ae') in 0.002 seconds [static and dynamic dependencies]. Details - ImportResultOutputID=17126d57a2901f691b14e62cc144e73b DependenciesID=ded4030554e9ec05fe57ebddb74c9797 StaticDependenciesID=056ca109748bf52b96f83d1a09c8a2d4 
Number of updated asset objects reloaded before import = 0
Number of asset objects unloaded after import = 0
========================================================================
Received Import Request.
  Time of request: 2026-10-09T14:09:54.394339Z
  Time since last request: 0.000716688 seconds.
  importAddress: GUID: 1d0eb70f099740d48a54003f68140928 - Path: Packages/com.unity.render-pipelines.core/Editor/Lighting/ProbeVolume/ProbeVolumeGizmos.cs - Importer: ScriptedImporter/UnityEditor.QuickSearchModule:UnityEditor.Search:ASIAI0B
Importing 'GUID: 1d0eb70f099740d48a54003f68140928 - Path: Packages/com.unity.render-pipelines.core/Editor/Lighting/ProbeVolume/ProbeVolumeGizmos.cs - Importer: ScriptedImporter/UnityEditor.QuickSearchModule:UnityEditor.Search:ASIAI0B' with importer (ScriptedImporter : UnityEditor.QuickSearchModule:UnityEditor.Search:ASIAI0B)
Imported 'GUID: 1d0eb70f099740d48a54003f68140928' -> (Import Result ID: 'f84dd635ddde269ff110f4061a87247e') in 0.001 seconds [static and dynamic dependencies]. Details - ImportResultOutputID=f6f0bc145fe10cd2bb06234f24eed403 DependenciesID=4b181ecb8d2678fdbf7c987097babdcd StaticDependenciesID=bc355d89bf7b4de94a6bbbac4075b8fb 
Number of updated asset objects reloaded before import = 0
Number of asset objects unloaded after import = 0
========================================================================
Received Import Request.
  Time of request: 2026-10-09T14:09:54.404452Z
  Time since last request: 0.000213008 seconds.
  importAddress: GUID: a7f94ecffaf8aeb4bb5b8145e8f53fd2 - Path: Packages/com.unity.render-pipelines.core/Editor/Lighting/ProbeVolume/ProbeGIBaking.RenderingLayers.cs - Importer: ScriptedImporter/UnityEditor.QuickSearchModule:UnityEditor.Search:ASIAI0B
Importing 'GUID: a7f94ecffaf8aeb4bb5b8145e8f53fd2 - Path: Packages/com.unity.render-pipelines.core/Editor/Lighting/ProbeVolume/ProbeGIBaking.RenderingLayers.cs - Importer: ScriptedImporter/UnityEditor.QuickSearchModule:UnityEditor.Search:ASIAI0B' with importer (ScriptedImporter : UnityEditor.QuickSearchModule:UnityEditor.Search:ASIAI0B)
Imported 'GUID: a7f94ecffaf8aeb4bb5b8145e8f53fd2' -> (Import Result ID: 'de87141644308e217d1893cb36b6ae21') in 0.002 seconds [static and dynamic dependencies]. Details - ImportResultOutputID=29b3bf8542ccb72297a57d6561fe74dc DependenciesID=4683e50af6d8970d4c35a71cbe14b84c StaticDependenciesID=c86fa97ca4203e44dce7ff1788ac03be 
Number of updated asset objects reloaded before import = 0
Number of asset objects unloaded after import = 0
========================================================================
Received Import Request.
  Time of request: 2026-10-09T14:09:54.4139Z
  Time since last request: 0.000279612 seconds.
  importAddress: GUID: 8b021bb2627b0d14789d013709bc3d15 - Path: Packages/com.unity.render-pipelines.core/Editor/Lighting/ProbeVolume/ProbeGIBaking.VirtualOffset.cs - Importer: ScriptedImporter/UnityEditor.QuickSearchModule:UnityEditor.Search:ASIAI0B
Importing 'GUID: 8b021bb2627b0d14789d013709bc3d15 - Path: Packages/com.unity.render-pipelines.core/Editor/Lighting/ProbeVolume/ProbeGIBaking.VirtualOffset.cs - Importer: ScriptedImporter/UnityEditor.QuickSearchModule:UnityEditor.Search:ASIAI0B' with importer (ScriptedImporter : UnityEditor.QuickSearchModule:UnityEditor.Search:ASIAI0B)
Imported 'GUID: 8b021bb2627b0d14789d013709bc3d15' -> (Import Result ID: '85b5179e328d33406fbfec766d2ef67d') in 0.001 seconds [static and dynamic dependencies]. Details - ImportResultOutputID=633b7dfe21fc69076d8ba897d23c0a93 DependenciesID=2681b9e2ccb03b38dfe1ab4106d3506c StaticDependenciesID=e714a7678027322576eed0963f507708 
Number of updated asset objects reloaded before import = 0
Number of asset objects unloaded after import = 0
========================================================================
Received Import Request.
  Time of request: 2026-10-09T14:09:54.422743Z
  Time since last request: 0.000241922 seconds.
  importAddress: GUID: 1deb07c84dc414b4388bf2970d0c9aef - Path: Packages/com.unity.render-pipelines.core/Editor/Lighting/Icons/PresetRim_Right.png - Importer: ScriptedImporter/UnityEditor.QuickSearchModule:UnityEditor.Search:ASIAI0B
Importing 'GUID: 1deb07c84dc414b4388bf2970d0c9aef - Path: Packages/com.unity.render-pipelines.core/Editor/Lighting/Icons/PresetRim_Right.png - Importer: ScriptedImporter/UnityEditor.QuickSearchModule:UnityEditor.Search:ASIAI0B' with importer (ScriptedImporter : UnityEditor.QuickSearchModule:UnityEditor.Search:ASIAI0B)
Imported 'GUID: 1deb07c84dc414b4388bf2970d0c9aef' -> (Import Result ID: '1541ac1a90303cde5ffd21beb01c04d4') in 0.003 seconds [static and dynamic dependencies]. Details - ImportResultOutputID=d69c8acd0bb496b9a04c174915f52c5e DependenciesID=8acdaa8492f492f495de3195cb288dc5 StaticDependenciesID=291231629d5730d2b9533a8d41b64207 
Number of updated asset objects reloaded before import = 0
Number of asset objects unloaded after import = 1
========================================================================
Received Import Request.
  Time of request: 2026-10-09T14:09:54.433273Z
  Time since last request: 0.000292316 seconds.
  importAddress: GUID: f5d08e5c109deb84a9fcf7b2365cb537 - Path: Packages/com.unity.render-pipelines.core/Editor/Lighting/Icons/d_LightPlacement_Icon On@32.png - Importer: ScriptedImporter/UnityEditor.QuickSearchModule:UnityEditor.Search:ASIAI0B
Importing 'GUID: f5d08e5c109deb84a9fcf7b2365cb537 - Path: Packages/com.unity.render-pipelines.core/Editor/Lighting/Icons/d_LightPlacement_Icon On@32.png - Importer: ScriptedImporter/UnityEditor.QuickSearchModule:UnityEditor.Search:ASIAI0B' with importer (ScriptedImporter : UnityEditor.QuickSearchModule:UnityEditor.Search:ASIAI0B)
Imported 'GUID: f5d08e5c109deb84a9fcf7b2365cb537' -> (Import Result ID: 'd123ce6e4accc09a327a7790ab7662df') in 0.003 seconds [static and dynamic dependencies]. Details - ImportResultOutputID=56f72521236ffc71b28595969fe2611f DependenciesID=f5689eb32b14b00331d59f326bbc8f50 StaticDependenciesID=0d894dd85db72168dc621f8e033bdeff 
Number of updated asset objects reloaded before import = 0
Number of asset objects unloaded after import = 1
========================================================================
Received Import Request.
  Time of request: 2026-10-09T14:09:54.443483Z
  Time since last request: 0.000263342 seconds.
  importAddress: GUID: 223a7f14e8569604a82817fcde36cdcb - Path: Packages/com.unity.render-pipelines.core/Editor/Lighting/ProbeVolume/ProbeGIBaking.LightTransport.cs - Importer: ScriptedImporter/UnityEditor.QuickSearchModule:UnityEditor.Search:ASIAI0B
Importing 'GUID: 223a7f14e8569604a82817fcde36cdcb - Path: Packages/com.unity.render-pipelines.core/Editor/Lighting/ProbeVolume/ProbeGIBaking.LightTransport.cs - Importer: ScriptedImporter/UnityEditor.QuickSearchModule:UnityEditor.Search:ASIAI0B' with importer (ScriptedImporter : UnityEditor.QuickSearchModule:UnityEditor.Search:ASIAI0B)
Imported 'GUID: 223a7f14e8569604a82817fcde36cdcb' -> (Import Result ID: 'e771a8a3c017d9cbad2639c06e2eccdc') in 0.002 seconds [static and dynamic dependencies]. Details - ImportResultOutputID=1ef120732646f89ffcc6991217fe0e1b DependenciesID=2e61bbb79d16f8186d78859b5174c2a2 StaticDependenciesID=99028d819d59758d52838d7afcba1563 
Number of updated asset objects reloaded before import = 0
Number of asset objects unloaded after import = 0
========================================================================
Received Import Request.
  Time of request: 2026-10-09T14:09:54.452336Z
  Time since last request: 0.000411088 seconds.
  importAddress: GUID: 88ef5b3921c501743a28218f620b982a - Path: Packages/com.unity.render-pipelines.core/Editor/PathTracing/Debugging/BakeDebugHelpers.cs - Importer: ScriptedImporter/UnityEditor.QuickSearchModule:UnityEditor.Search:ASIAI0B
Importing 'GUID: 88ef5b3921c501743a28218f620b982a - Path: Packages/com.unity.render-pipelines.core/Editor/PathTracing/Debugging/BakeDebugHelpers.cs - Importer: ScriptedImporter/UnityEditor.QuickSearchModule:UnityEditor.Search:ASIAI0B' with importer (ScriptedImporter : UnityEditor.QuickSearchModule:UnityEditor.Search:ASIAI0B)
Imported 'GUID: 88ef5b3921c501743a28218f620b982a' -> (Import Result ID: 'd8c4ad21d92e91a3e0fa30fdf0fa8164') in 0.003 seconds [static and dynamic dependencies]. Details - ImportResultOutputID=bd31e946a669955e5ccd722bd0cc76c1 DependenciesID=544eeee0f69b6cff7e7bd13a5cbcee0c StaticDependenciesID=6ac739dc11705961957dd2e4211d804a 
Number of updated asset objects reloaded before import = 0
Number of asset objects unloaded after import = 0
========================================================================
Received Import Request.
  Time of request: 2026-10-09T14:09:54.461993Z
  Time since last request: 0.000255427 seconds.
  importAddress: GUID: b7ab09a96da079e40ba7c2dd4cb4b8c3 - Path: Packages/com.unity.render-pipelines.core/Editor/Lighting/ProbeVolume/ProbeGIBaking.Placement.cs - Importer: ScriptedImporter/UnityEditor.QuickSearchModule:UnityEditor.Search:ASIAI0B
Importing 'GUID: b7ab09a96da079e40ba7c2dd4cb4b8c3 - Path: Packages/com.unity.render-pipelines.core/Editor/Lighting/ProbeVolume/ProbeGIBaking.Placement.cs - Importer: ScriptedImporter/UnityEditor.QuickSearchModule:UnityEditor.Search:ASIAI0B' with importer (ScriptedImporter : UnityEditor.QuickSearchModule:UnityEditor.Search:ASIAI0B)
Imported 'GUID: b7ab09a96da079e40ba7c2dd4cb4b8c3' -> (Import Result ID: '638c9a41ecc3a313050f52c3c7e9da64') in 0.001 seconds [static and dynamic dependencies]. Details - ImportResultOutputID=c3adb5d7db85ce1cdd5e207343e20255 DependenciesID=1152edf6180070748fcd9646c7edbeec StaticDependenciesID=a8deab682f8a7428df3eebb228bf8797 
Number of updated asset objects reloaded before import = 0
Number of asset objects unloaded after import = 0
========================================================================
Received Import Request.
  Time of request: 2026-10-09T14:09:54.471042Z
  Time since last request: 0.000184795 seconds.
  importAddress: GUID: 7ae21171395a4ab498dcd45c73375262 - Path: Packages/com.unity.render-pipelines.core/Editor/Lighting/ProbeVolume/ProbeSubdivisionContext.cs - Importer: ScriptedImporter/UnityEditor.QuickSearchModule:UnityEditor.Search:ASIAI0B
Importing 'GUID: 7ae21171395a4ab498dcd45c73375262 - Path: Packages/com.unity.render-pipelines.core/Editor/Lighting/ProbeVolume/ProbeSubdivisionContext.cs - Importer: ScriptedImporter/UnityEditor.QuickSearchModule:UnityEditor.Search:ASIAI0B' with importer (ScriptedImporter : UnityEditor.QuickSearchModule:UnityEditor.Search:ASIAI0B)
Imported 'GUID: 7ae21171395a4ab498dcd45c73375262' -> (Import Result ID: '545d5b5c92b2fe6a8b089196e8910449') in 0.001 seconds [static and dynamic dependencies]. Details - ImportResultOutputID=edc2119fe90463d6bbb8302cb4e4d82e DependenciesID=3c0bfba6430c211d22f4d718a7592096 StaticDependenciesID=e2644dc30e8c32034c3a6c9786889ce5 
Number of updated asset objects reloaded before import = 0
Number of asset objects unloaded after import = 0
========================================================================
Received Import Request.
  Time of request: 2026-10-09T14:09:54.478465Z
  Time since last request: 0.000316911 seconds.
  importAddress: GUID: 2330180628db6f04fb92aa09f845f8a3 - Path: Packages/com.unity.render-pipelines.core/Editor/Lighting/ProbeVolume/ProbeVolumeUI.Drawer.cs - Importer: ScriptedImporter/UnityEditor.QuickSearchModule:UnityEditor.Search:ASIAI0B
Importing 'GUID: 2330180628db6f04fb92aa09f845f8a3 - Path: Packages/com.unity.render-pipelines.core/Editor/Lighting/ProbeVolume/ProbeVolumeUI.Drawer.cs - Importer: ScriptedImporter/UnityEditor.QuickSearchModule:UnityEditor.Search:ASIAI0B' with importer (ScriptedImporter : UnityEditor.QuickSearchModule:UnityEditor.Search:ASIAI0B)
Imported 'GUID: 2330180628db6f04fb92aa09f845f8a3' -> (Import Result ID: '29ca989969c4ced8ac7190a2b509f16a') in 0.002 seconds [static and dynamic dependencies]. Details - ImportResultOutputID=14c519397bfee0a5c3b914ded497bb98 DependenciesID=e256f04164a04302aca9f59e43febfa2 StaticDependenciesID=a3cb18dd96dfa7d07added66ff42747b 
Number of updated asset objects reloaded before import = 0
Number of asset objects unloaded after import = 0
========================================================================
Received Import Request.
  Time of request: 2026-10-09T14:09:54.486865Z
  Time since last request: 0.000309478 seconds.
  importAddress: GUID: 8a9905147c39cff4fa3238e51ff44e04 - Path: Packages/com.unity.render-pipelines.core/Editor/Lighting/ProbeVolume/ProbeGIBaking.Invalidation.cs - Importer: ScriptedImporter/UnityEditor.QuickSearchModule:UnityEditor.Search:ASIAI0B
Importing 'GUID: 8a9905147c39cff4fa3238e51ff44e04 - Path: Packages/com.unity.render-pipelines.core/Editor/Lighting/ProbeVolume/ProbeGIBaking.Invalidation.cs - Importer: ScriptedImporter/UnityEditor.QuickSearchModule:UnityEditor.Search:ASIAI0B' with importer (ScriptedImporter : UnityEditor.QuickSearchModule:UnityEditor.Search:ASIAI0B)
Imported 'GUID: 8a9905147c39cff4fa3238e51ff44e04' -> (Import Result ID: 'fc5462fb06a16d6d95fbbd3bd72b65c5') in 0.001 seconds [static and dynamic dependencies]. Details - ImportResultOutputID=bafe6b6e539b6bcf2f1d0425f9eba5a4 DependenciesID=3cf8ef9fb522c7177bce23755ea452dc StaticDependenciesID=8245487bd0ecbb8108d69ecfef8c0d97 
Number of updated asset objects reloaded before import = 0
Number of asset objects unloaded after import = 0
========================================================================
Received Import Request.
  Time of request: 2026-10-09T14:09:54.494922Z
  Time since last request: 0.000380871 seconds.
  importAddress: GUID: ebad938968750cd41a0d243f50a3a4ba - Path: Packages/com.unity.render-pipelines.core/Editor/Lighting/ProbeVolume/ProbeVolumeBakingSetEditor.cs - Importer: ScriptedImporter/UnityEditor.QuickSearchModule:UnityEditor.Search:ASIAI0B
Importing 'GUID: ebad938968750cd41a0d243f50a3a4ba - Path: Packages/com.unity.render-pipelines.core/Editor/Lighting/ProbeVolume/ProbeVolumeBakingSetEditor.cs - Importer: ScriptedImporter/UnityEditor.QuickSearchModule:UnityEditor.Search:ASIAI0B' with importer (ScriptedImporter : UnityEditor.QuickSearchModule:UnityEditor.Search:ASIAI0B)
Imported 'GUID: ebad938968750cd41a0d243f50a3a4ba' -> (Import Result ID: '621d852a8816dd59cbb9df06146fa430') in 0.002 seconds [static and dynamic dependencies]. Details - ImportResultOutputID=2b8f0a7bd3f8d3827499d6c59a70e0a1 DependenciesID=39985fce24966acfec0203e7306e7783 StaticDependenciesID=45863e3ff634796374c5c3e680ca100d 
Number of updated asset objects reloaded before import = 0
Number of asset objects unloaded after import = 0
========================================================================
Received Import Request.
  Time of request: 2026-10-09T14:09:54.516965Z
  Time since last request: 0.013368295 seconds.
  importAddress: GUID: f0326f07dd50365439f552e7f29218e5 - Path: Packages/com.unity.render-pipelines.core/Editor/PostProcessing/LensFlareResource/PolygonFlareThumbnail.png - Importer: ScriptedImporter/UnityEditor.QuickSearchModule:UnityEditor.Search:ASIAI0B
Importing 'GUID: f0326f07dd50365439f552e7f29218e5 - Path: Packages/com.unity.render-pipelines.core/Editor/PostProcessing/LensFlareResource/PolygonFlareThumbnail.png - Importer: ScriptedImporter/UnityEditor.QuickSearchModule:UnityEditor.Search:ASIAI0B' with importer (ScriptedImporter : UnityEditor.QuickSearchModule:UnityEditor.Search:ASIAI0B)
Imported 'GUID: f0326f07dd50365439f552e7f29218e5' -> (Import Result ID: '8af621b5450443e7afe20dac7f16c599') in 0.003 seconds [static and dynamic dependencies]. Details - ImportResultOutputID=41a868139e2257bd35bd759900bc96d4 DependenciesID=c35a1880e6a33f82b02d0708b39d9b5c StaticDependenciesID=5a5a93fbfa5954aea4ccbebd5b5971e3 
Number of updated asset objects reloaded before import = 0
Number of asset objects unloaded after import = 1
========================================================================
Received Import Request.
  Time of request: 2026-10-09T14:09:54.526901Z
  Time since last request: 0.000184935 seconds.
  importAddress: GUID: 7e2ab3702e1f0d2408e45282d1cb4e9f - Path: Packages/com.unity.render-pipelines.core/Runtime/GPUDriven/CoreDataSystems/GPUInstanceDataBuffer.cs - Importer: ScriptedImporter/UnityEditor.QuickSearchModule:UnityEditor.Search:ASIAI0B
Importing 'GUID: 7e2ab3702e1f0d2408e45282d1cb4e9f - Path: Packages/com.unity.render-pipelines.core/Runtime/GPUDriven/CoreDataSystems/GPUInstanceDataBuffer.cs - Importer: ScriptedImporter/UnityEditor.QuickSearchModule:UnityEditor.Search:ASIAI0B' with importer (ScriptedImporter : UnityEditor.QuickSearchModule:UnityEditor.Search:ASIAI0B)
Imported 'GUID: 7e2ab3702e1f0d2408e45282d1cb4e9f' -> (Import Result ID: 'c382bfa419278d681e3c67d2fcd08299') in 0.001 seconds [static and dynamic dependencies]. Details - ImportResultOutputID=999eef51630cc2c302c0c9fb07253646 DependenciesID=6c052211fcec246d53a3fe35517f282e StaticDependenciesID=d6b935160b3e1d283cadfbc083c916cb 
Number of updated asset objects reloaded before import = 0
Number of asset objects unloaded after import = 0
========================================================================
Received Import Request.
  Time of request: 2026-10-09T14:09:54.53469Z
  Time since last request: 0.000254344 seconds.
  importAddress: GUID: c82098f48a6ef0540a1073dd15a52c80 - Path: Packages/com.unity.render-pipelines.core/Runtime/GPUDriven/CoreDataSystems/InstanceAllocators.cs - Importer: ScriptedImporter/UnityEditor.QuickSearchModule:UnityEditor.Search:ASIAI0B
Importing 'GUID: c82098f48a6ef0540a1073dd15a52c80 - Path: Packages/com.unity.render-pipelines.core/Runtime/GPUDriven/CoreDataSystems/InstanceAllocators.cs - Importer: ScriptedImporter/UnityEditor.QuickSearchModule:UnityEditor.Search:ASIAI0B' with importer (ScriptedImporter : UnityEditor.QuickSearchModule:UnityEditor.Search:ASIAI0B)
Imported 'GUID: c82098f48a6ef0540a1073dd15a52c80' -> (Import Result ID: '5a3aa6438988eabb0ecbe97866b96755') in 0.001 seconds [static and dynamic dependencies]. Details - ImportResultOutputID=47a25652771260c388145cab3b1552c9 DependenciesID=c335646f7fdbbae2adbeb5c8faf20956 StaticDependenciesID=db69b281deb6a0ff555d9b943a345cda 
Number of updated asset objects reloaded before import = 0
Number of asset objects unloaded after import = 0
========================================================================
Received Import Request.
  Time of request: 2026-10-09T14:09:54.542621Z
  Time since last request: 0.000256499 seconds.
  importAddress: GUID: 331aa10d229f4c2fb9a9240812fb45d6 - Path: Packages/com.unity.render-pipelines.core/Runtime/Debugging/FrameTiming/FrameTimeBottleneck.cs - Importer: ScriptedImporter/UnityEditor.QuickSearchModule:UnityEditor.Search:ASIAI0B
Importing 'GUID: 331aa10d229f4c2fb9a9240812fb45d6 - Path: Packages/com.unity.render-pipelines.core/Runtime/Debugging/FrameTiming/FrameTimeBottleneck.cs - Importer: ScriptedImporter/UnityEditor.QuickSearchModule:UnityEditor.Search:ASIAI0B' with importer (ScriptedImporter : UnityEditor.QuickSearchModule:UnityEditor.Search:ASIAI0B)
Imported 'GUID: 331aa10d229f4c2fb9a9240812fb45d6' -> (Import Result ID: '1ef2904494313454707c4909d4e232d4') in 0.001 seconds [static and dynamic dependencies]. Details - ImportResultOutputID=5a98c29bce87614fe5efb1c674bab842 DependenciesID=4955ddce597dd6981671bf6a8750de54 StaticDependenciesID=dab08b032ff3b871517e9f0c3e80fae0 
Number of updated asset objects reloaded before import = 0
Number of asset objects unloaded after import = 0
========================================================================
Received Import Request.
  Time of request: 2026-10-09T14:09:54.551019Z
  Time since last request: 0.000473293 seconds.
  importAddress: GUID: a55bb9f7efce64f3ab3a138447cb46c0 - Path: Packages/com.unity.render-pipelines.core/Runtime/GPUDriven/Components/DisallowSmallMeshCulling.cs - Importer: ScriptedImporter/UnityEditor.QuickSearchModule:UnityEditor.Search:ASIAI0B
Importing 'GUID: a55bb9f7efce64f3ab3a138447cb46c0 - Path: Packages/com.unity.render-pipelines.core/Runtime/GPUDriven/Components/DisallowSmallMeshCulling.cs - Importer: ScriptedImporter/UnityEditor.QuickSearchModule:UnityEditor.Search:ASIAI0B' with importer (ScriptedImporter : UnityEditor.QuickSearchModule:UnityEditor.Search:ASIAI0B)
Imported 'GUID: a55bb9f7efce64f3ab3a138447cb46c0' -> (Import Result ID: '3723cb4c3b4dbdf84bb4d38aad30fe6c') in 0.002 seconds [static and dynamic dependencies]. Details - ImportResultOutputID=b95c79b23d84a1442bde4030e06b0035 DependenciesID=d7cecd15c34bb7b9b70d35a846675b9e StaticDependenciesID=1d3dbf5705b53bd5b34d746d42dba25e 
Number of updated asset objects reloaded before import = 0
Number of asset objects unloaded after import = 0
========================================================================
Received Import Request.
  Time of request: 2026-10-09T14:09:54.559792Z
  Time since last request: 0.00076575 seconds.
  importAddress: GUID: d24fb80a63f172749b7076ac6f006fe9 - Path: Packages/com.unity.render-pipelines.core/Editor/Tools/MaterialUpgrader/SpeedTree8MaterialUpgrader.cs - Importer: ScriptedImporter/UnityEditor.QuickSearchModule:UnityEditor.Search:ASIAI0B
Importing 'GUID: d24fb80a63f172749b7076ac6f006fe9 - Path: Packages/com.unity.render-pipelines.core/Editor/Tools/MaterialUpgrader/SpeedTree8MaterialUpgrader.cs - Importer: ScriptedImporter/UnityEditor.QuickSearchModule:UnityEditor.Search:ASIAI0B' with importer (ScriptedImporter : UnityEditor.QuickSearchModule:UnityEditor.Search:ASIAI0B)
Imported 'GUID: d24fb80a63f172749b7076ac6f006fe9' -> (Import Result ID: '98cb7163036256b7078e65d23fd70037') in 0.001 seconds [static and dynamic dependencies]. Details - ImportResultOutputID=d46ca5cff831eff227db6d89a093664f DependenciesID=322b41b71c62a93f1c8e2c2b03d7776f StaticDependenciesID=4bdeae06fcd16253a183726101869875 
Number of updated asset objects reloaded before import = 0
Number of asset objects unloaded after import = 0
========================================================================
Received Import Request.
  Time of request: 2026-10-09T14:09:54.568583Z
  Time since last request: 0.000344343 seconds.
  importAddress: GUID: f9816364c4bdf314db38db52fc67a3f2 - Path: Packages/com.unity.render-pipelines.core/Editor/Volume/Drawers/FloatParameterDrawer.cs - Importer: ScriptedImporter/UnityEditor.QuickSearchModule:UnityEditor.Search:ASIAI0B
Importing 'GUID: f9816364c4bdf314db38db52fc67a3f2 - Path: Packages/com.unity.render-pipelines.core/Editor/Volume/Drawers/FloatParameterDrawer.cs - Importer: ScriptedImporter/UnityEditor.QuickSearchModule:UnityEditor.Search:ASIAI0B' with importer (ScriptedImporter : UnityEditor.QuickSearchModule:UnityEditor.Search:ASIAI0B)
Imported 'GUID: f9816364c4bdf314db38db52fc67a3f2' -> (Import Result ID: '6d2e0d035ab35d3bfb74937504d46c00') in 0.002 seconds [static and dynamic dependencies]. Details - ImportResultOutputID=81ec4c55986a0bf24c511d9c1916fcda DependenciesID=da1643cd7673d1e4b385a69c7cbbc521 StaticDependenciesID=4773088d06608768fa645f2a357d43d7 
Number of updated asset objects reloaded before import = 0
Number of asset objects unloaded after import = 0
========================================================================
Received Import Request.
  Time of request: 2026-10-09T14:09:54.578775Z
  Time since last request: 0.000477832 seconds.
  importAddress: GUID: 19f4bae4c0e03c94288f7f2bed653a8c - Path: Packages/com.unity.render-pipelines.core/Editor-PrivateShared/Tools/Converter/ConverterState.cs - Importer: ScriptedImporter/UnityEditor.QuickSearchModule:UnityEditor.Search:ASIAI0B
Importing 'GUID: 19f4bae4c0e03c94288f7f2bed653a8c - Path: Packages/com.unity.render-pipelines.core/Editor-PrivateShared/Tools/Converter/ConverterState.cs - Importer: ScriptedImporter/UnityEditor.QuickSearchModule:UnityEditor.Search:ASIAI0B' with importer (ScriptedImporter : UnityEditor.QuickSearchModule:UnityEditor.Search:ASIAI0B)
Imported 'GUID: 19f4bae4c0e03c94288f7f2bed653a8c' -> (Import Result ID: '996b8a6d02202200f03f57526e563f71') in 0.002 seconds [static and dynamic dependencies]. Details - ImportResultOutputID=f17a0a49271f65081b3e50c85c0ad95d DependenciesID=a9a0a7c0c4421e1482103f23bb73f7ef StaticDependenciesID=2c1ecc880969d4a82f6960536b8c11df 
Number of updated asset objects reloaded before import = 0
Number of asset objects unloaded after import = 0
========================================================================
Received Import Request.
  Time of request: 2026-10-09T14:09:54.586851Z
  Time since last request: 0.000345886 seconds.
  importAddress: GUID: 67b996d0727a74b029aff1545143be17 - Path: Packages/com.unity.render-pipelines.core/Editor/Tools/MaterialUpgrader/MaterialUpgrader.cs - Importer: ScriptedImporter/UnityEditor.QuickSearchModule:UnityEditor.Search:ASIAI0B
Importing 'GUID: 67b996d0727a74b029aff1545143be17 - Path: Packages/com.unity.render-pipelines.core/Editor/Tools/MaterialUpgrader/MaterialUpgrader.cs - Importer: ScriptedImporter/UnityEditor.QuickSearchModule:UnityEditor.Search:ASIAI0B' with importer (ScriptedImporter : UnityEditor.QuickSearchModule:UnityEditor.Search:ASIAI0B)
Imported 'GUID: 67b996d0727a74b029aff1545143be17' -> (Import Result ID: '71c8a3b55f1d1ce8a3b0760d88659f7a') in 0.002 seconds [static and dynamic dependencies]. Details - ImportResultOutputID=21ae7c3415907003bec2ce22b671a693 DependenciesID=a83782c2d988114e72ca0198cf580211 StaticDependenciesID=fa57d3ee9e822e06c80f6924d336f233 
Number of updated asset objects reloaded before import = 0
Number of asset objects unloaded after import = 0
========================================================================
Received Import Request.
  Time of request: 2026-10-09T14:09:54.595373Z
  Time since last request: 0.000281335 seconds.
  importAddress: GUID: 476c38cf01c741143abe491ba6a97a3d - Path: Packages/com.unity.render-pipelines.core/Editor/Volume/Drawers/TextureParameterDrawer.cs - Importer: ScriptedImporter/UnityEditor.QuickSearchModule:UnityEditor.Search:ASIAI0B
Importing 'GUID: 476c38cf01c741143abe491ba6a97a3d - Path: Packages/com.unity.render-pipelines.core/Editor/Volume/Drawers/TextureParameterDrawer.cs - Importer: ScriptedImporter/UnityEditor.QuickSearchModule:UnityEditor.Search:ASIAI0B' with importer (ScriptedImporter : UnityEditor.QuickSearchModule:UnityEditor.Search:ASIAI0B)
Imported 'GUID: 476c38cf01c741143abe491ba6a97a3d' -> (Import Result ID: '5b751dc2b58c45b329f1d82f6d86ab83') in 0.001 seconds [static and dynamic dependencies]. Details - ImportResultOutputID=6bf52e495f0994a33612a0a5ab64bcf4 DependenciesID=02b71f796b8cdb8eca4458e26e707e27 StaticDependenciesID=02065647d93fead2a2722218d43ac3e7 
Number of updated asset objects reloaded before import = 0
Number of asset objects unloaded after import = 0
========================================================================
Received Import Request.
  Time of request: 2026-10-09T14:09:54.603288Z
  Time since last request: 0.00039104 seconds.
  importAddress: GUID: a796fe586e0ddba4cae031b0ab585286 - Path: Packages/com.unity.render-pipelines.core/Editor/PostProcessing/LensFlareResource/LensFlareDataDriven.shader - Importer: ScriptedImporter/UnityEditor.QuickSearchModule:UnityEditor.Search:ASIAI0B
Importing 'GUID: a796fe586e0ddba4cae031b0ab585286 - Path: Packages/com.unity.render-pipelines.core/Editor/PostProcessing/LensFlareResource/LensFlareDataDriven.shader - Importer: ScriptedImporter/UnityEditor.QuickSearchModule:UnityEditor.Search:ASIAI0B' with importer (ScriptedImporter : UnityEditor.QuickSearchModule:UnityEditor.Search:ASIAI0B)
Imported 'GUID: a796fe586e0ddba4cae031b0ab585286' -> (Import Result ID: '09cd2c9dbbcd2e81870a03834784b2e7') in 0.002 seconds [static and dynamic dependencies]. Details - ImportResultOutputID=b4a111849508640d084779bdc3a2ac5a DependenciesID=85772e556cca9ea995adcbf1a9ae7f55 StaticDependenciesID=03aea16ed2800b5256376ad82ac5af17 
Number of updated asset objects reloaded before import = 0
Number of asset objects unloaded after import = 1
========================================================================
Received Import Request.
  Time of request: 2026-10-09T14:09:54.611655Z
  Time since last request: 0.000297426 seconds.
  importAddress: GUID: 48c6da6bbe0066b4892707208d54a626 - Path: Packages/com.unity.render-pipelines.core/Editor-PrivateShared/Tools/Converter/IRenderPipelineConverter.cs - Importer: ScriptedImporter/UnityEditor.QuickSearchModule:UnityEditor.Search:ASIAI0B
Importing 'GUID: 48c6da6bbe0066b4892707208d54a626 - Path: Packages/com.unity.render-pipelines.core/Editor-PrivateShared/Tools/Converter/IRenderPipelineConverter.cs - Importer: ScriptedImporter/UnityEditor.QuickSearchModule:UnityEditor.Search:ASIAI0B' with importer (ScriptedImporter : UnityEditor.QuickSearchModule:UnityEditor.Search:ASIAI0B)
Imported 'GUID: 48c6da6bbe0066b4892707208d54a626' -> (Import Result ID: 'c4d404a2a55db90904d2a7b6eb2825e9') in 0.001 seconds [static and dynamic dependencies]. Details - ImportResultOutputID=c60bdebb7ddcbdfce76b70e963bf304d DependenciesID=d7a13cd7b698ea6b10ce603cbef57232 StaticDependenciesID=45f35cae9e0e4abbfb03b26176f4e2e0 
Number of updated asset objects reloaded before import = 0
Number of asset objects unloaded after import = 0
========================================================================
Received Import Request.
  Time of request: 2026-10-09T14:09:54.619683Z
  Time since last request: 0.000419914 seconds.
  importAddress: GUID: 22f804ff14ea3354fb0ae80ecfba8616 - Path: Packages/com.unity.render-pipelines.core/Runtime/GPUDriven/CoreDataSystems/DefaultGPUComponents.cs - Importer: ScriptedImporter/UnityEditor.QuickSearchModule:UnityEditor.Search:ASIAI0B
Importing 'GUID: 22f804ff14ea3354fb0ae80ecfba8616 - Path: Packages/com.unity.render-pipelines.core/Runtime/GPUDriven/CoreDataSystems/DefaultGPUComponents.cs - Importer: ScriptedImporter/UnityEditor.QuickSearchModule:UnityEditor.Search:ASIAI0B' with importer (ScriptedImporter : UnityEditor.QuickSearchModule:UnityEditor.Search:ASIAI0B)
Imported 'GUID: 22f804ff14ea3354fb0ae80ecfba8616' -> (Import Result ID: '53e6844821dbab2a5f31eb5514e340dc') in 0.001 seconds [static and dynamic dependencies]. Details - ImportResultOutputID=043f2888a8d8ec62abe5af1055162055 DependenciesID=a4339352da1986597e42d4e64afe0097 StaticDependenciesID=083dcac6aec93fffa74f3fe1bee0ff0f 
Number of updated asset objects reloaded before import = 0
Number of asset objects unloaded after import = 0
========================================================================
Received Import Request.
  Time of request: 2026-10-09T14:09:54.627833Z
  Time since last request: 0.000465429 seconds.
  importAddress: GUID: 18fb68347df974242bdf9a3f2efe05bd - Path: Packages/com.unity.render-pipelines.core/Runtime/GPUDriven/CoreDataSystems/GPUArchetypeManager.cs - Importer: ScriptedImporter/UnityEditor.QuickSearchModule:UnityEditor.Search:ASIAI0B
Importing 'GUID: 18fb68347df974242bdf9a3f2efe05bd - Path: Packages/com.unity.render-pipelines.core/Runtime/GPUDriven/CoreDataSystems/GPUArchetypeManager.cs - Importer: ScriptedImporter/UnityEditor.QuickSearchModule:UnityEditor.Search:ASIAI0B' with importer (ScriptedImporter : UnityEditor.QuickSearchModule:UnityEditor.Search:ASIAI0B)
Imported 'GUID: 18fb68347df974242bdf9a3f2efe05bd' -> (Import Result ID: '6f8381d082b317fc43c70b7e02a97141') in 0.001 seconds [static and dynamic dependencies]. Details - ImportResultOutputID=41e72a196acfa884a53bab0df510d804 DependenciesID=fe3a6001397103025052d68b45a2fae8 StaticDependenciesID=1157e251b690aa7f770fe0dc0b19abc4 
Number of updated asset objects reloaded before import = 0
Number of asset objects unloaded after import = 0
========================================================================
Received Import Request.
  Time of request: 2026-10-09T14:09:54.635883Z
  Time since last request: 0.0003265 seconds.
  importAddress: GUID: adc48c15b6dfb444b865f111178f02ec - Path: Packages/com.unity.render-pipelines.core/Editor/Resources/Gizmos/ProbeTouchupVolume.png - Importer: ScriptedImporter/UnityEditor.QuickSearchModule:UnityEditor.Search:ASIAI0B
Importing 'GUID: adc48c15b6dfb444b865f111178f02ec - Path: Packages/com.unity.render-pipelines.core/Editor/Resources/Gizmos/ProbeTouchupVolume.png - Importer: ScriptedImporter/UnityEditor.QuickSearchModule:UnityEditor.Search:ASIAI0B' with importer (ScriptedImporter : UnityEditor.QuickSearchModule:UnityEditor.Search:ASIAI0B)
Imported 'GUID: adc48c15b6dfb444b865f111178f02ec' -> (Import Result ID: '6b64db1e56a1bdbeb0cc7c535f539204') in 0.003 seconds [static and dynamic dependencies]. Details - ImportResultOutputID=a8f16edd58b87c487c9f383cb2856f84 DependenciesID=4a0c566f044e343b5265b84e0c51b0f4 StaticDependenciesID=13fb5f385619d69243932f64b4f8b227 
Number of updated asset objects reloaded before import = 0
Number of asset objects unloaded after import = 1
========================================================================
Received Import Request.
  Time of request: 2026-10-09T14:09:54.645524Z
  Time since last request: 0.00018201 seconds.
  importAddress: GUID: f89188da7ac3dd74e920a8a99c1c0de1 - Path: Packages/com.unity.render-pipelines.core/Runtime/GPUDriven/Batching/CPUDrawInstanceDataBurst.cs - Importer: ScriptedImporter/UnityEditor.QuickSearchModule:UnityEditor.Search:ASIAI0B
Importing 'GUID: f89188da7ac3dd74e920a8a99c1c0de1 - Path: Packages/com.unity.render-pipelines.core/Runtime/GPUDriven/Batching/CPUDrawInstanceDataBurst.cs - Importer: ScriptedImporter/UnityEditor.QuickSearchModule:UnityEditor.Search:ASIAI0B' with importer (ScriptedImporter : UnityEditor.QuickSearchModule:UnityEditor.Search:ASIAI0B)
Imported 'GUID: f89188da7ac3dd74e920a8a99c1c0de1' -> (Import Result ID: 'b2dd805b8e13fed91ce4136abb3c58a4') in 0.001 seconds [static and dynamic dependencies]. Details - ImportResultOutputID=e9b991246b29d7a35095e487f9d60565 DependenciesID=6742ce6c9540009b1fcca678b3f8d6af StaticDependenciesID=5f56127b925fe381757894bb90133191 
Number of updated asset objects reloaded before import = 0
Number of asset objects unloaded after import = 0
========================================================================
Received Import Request.
  Time of request: 2026-10-09T14:09:54.653404Z
  Time since last request: 0.000306612 seconds.
  importAddress: GUID: e6b53d1ee2600eb4e9cdb07b05679744 - Path: Packages/com.unity.render-pipelines.core/Editor-PrivateShared/Tools/Converter/RenderPipelineConverterMaterialUpgrader.cs - Importer: ScriptedImporter/UnityEditor.QuickSearchModule:UnityEditor.Search:ASIAI0B
Importing 'GUID: e6b53d1ee2600eb4e9cdb07b05679744 - Path: Packages/com.unity.render-pipelines.core/Editor-PrivateShared/Tools/Converter/RenderPipelineConverterMaterialUpgrader.cs - Importer: ScriptedImporter/UnityEditor.QuickSearchModule:UnityEditor.Search:ASIAI0B' with importer (ScriptedImporter : UnityEditor.QuickSearchModule:UnityEditor.Search:ASIAI0B)
Imported 'GUID: e6b53d1ee2600eb4e9cdb07b05679744' -> (Import Result ID: '1f6537be12e5b9ebcc9a68d0aa7729be') in 0.001 seconds [static and dynamic dependencies]. Details - ImportResultOutputID=179a08285eeec8a318963d776c96552b DependenciesID=4f89d62ca072464b6e5890cc93db5d7f StaticDependenciesID=a9b5ae183fc5733da196cd53cd4cbe98 
Number of updated asset objects reloaded before import = 0
Number of asset objects unloaded after import = 0
========================================================================
Received Prepare
AcceleratorClientConnectionCallback - disconnected - :0
Unloading 62 Unused Serialized files (Serialized files now loaded: 0)
Unloading 570 unused Assets / (5.7 MB). Loaded Objects now: 7482.
Memory consumption went from 211.0 MB to 205.2 MB.
Total: 11.608379 ms (FindLiveObjects: 0.547061 ms CreateObjectMapping: 0.285032 ms MarkObjects: 8.425518 ms  DeleteObjects: 2.130387 ms)

Prepare: number of updated asset objects reloaded= 0
Editor requested this worker to shutdown with reason: Editor is closing down
AcceleratorClientConnectionCallback - disconnected - :0
AssetImportWorker is now disconnected from the server
Process exiting
[ExitDontLaunchBugReporter] Exiting without the bug reporter. Application will exit with return code 0

SDL leaked 2 allocations
Turn on UNITY_SDL_ALLOCATION_TRACKING for detailed information.
Vulkan PSO: Pipeline cache has not changed skipping save handle[4bbb1440]
