[UnityConnectServicesConfig] Local config successfully read: "/usr/share/unity3d/config/services-config.json"
[UnityConnectServicesConfig] Service configuration:
    "servicesConfigBaseUrl": "",
    "disableServicesWindow": false,
    "disableUserLogin": false,
    "entitlementCacheTimeoutInSeconds": 60,
    "clientConnectTimeoutSec": 60,
    "clientHandshakeTimeoutSec": 30,
    "clientResolveEntitlementsTimeoutSec": 30,
    "clientUpdateLicenseTimeoutSec": 30,
    "licensingServiceBaseUrl": "",
    "enableProxyAutoconfig": "false"

Unity Editor version:    6000.6.0f1 (f7f8ed4d1e24)
Branch:                  6000.6/respin/6000.6.0f1-fa21a270ab12
Build type:              Release
Batch mode:              NO
System name:             Linux
Distro version:          #1 SMP PREEMPT_DYNAMIC Thu, 01 Oct 2026 17:24:20 +0000
Kernel version:          7.2.8-arch1-2
Architecture:            x86_64
Window Protocol:         Wayland (XWayland)
Available memory:        31340 MB
Date:                    2026-10-09T14:11:07Z
VBCSCompilerPreWarmer: ERROR: Couldn't pre-warm as failed to write stub code temporary file (/tmpUnityVBCSPreWarm_22910.cs)
VBCSCompiler prewarm took 0.15 ms
[Licensing::Module] Trying to connect to existing licensing client channel...
[Licensing::IpcConnector] Successfully connected to: "LicenseClient-main" at "2026-10-09T14:11:07.533177Z"
[SignatureVerifier] Application signature verification not supported on this platform.
[Licensing::Client] Handshaking with LicensingClient:
  Version:                 1.18.3+d7ffd15
  Session Id:              76d5fcea6bd042839025366e58c0eccb
  Correlation Id:          b0ae15c3281fe6a205cc7ca0849c2f68
  External correlation Id: 3386202548442479463
  Machine Id:              7dg1T8WRH1g+50zUqfz9HYsfmdI=
[Licensing::Module] Successfully connected to LicensingClient on channel: "LicenseClient-main" (connect: 0.00s, validation: 0.00s, handshake: 0.00s)
[Licensing::IpcConnector] Successfully connected to: "LicenseClient-main-notifications" at "2026-10-09T14:11:07.53434Z"
[Licensing::Module] Error: Access token is unavailable; failed to update
[Licensing::Client] Successfully resolved entitlement details
[Licensing::Module] License group:
  Id: 6872890175582-UnityPersXXXX
  Product: Unity Personal
  Type: Assigned
  Expiration: Unlimited
[Licensing::Client] Successfully updated license, isAsync: True, time: 0.00
[Licensing::Client] Successfully resolved entitlement details
[Licensing::Module] Licensing Background thread has ended after 0.00s
Selected window backend: (null) 
Desktop is 2560 x 1440 @ 60 Hz
Initialize udev device monitor.

COMMAND LINE ARGUMENTS:
/home/main/Unity/Hub/Editor/6000.6.0f1/Editor/unityhub-unity-editor-6000.6.0f1
-projectpath
/home/main/github/Proyecto/Puppeteer-Stories/Game/
-acceptSoftwareTermsForThisRunOnly
-useHub
-hubIPC
-cloudEnvironment
production
-licensingIpc
LicenseClient-main
-hubSessionId
46f300db-a579-4a20-8fb6-9d7c007ed27d
-accessToken
-A6lgDUSBfAv2SEWGvqIKowMsqPjrg8V2xwRwb9UA2c006f
Successfully changed project path to: /home/main/github/Proyecto/Puppeteer-Stories/Game/
/home/main/github/Proyecto/Puppeteer-Stories/Game
[UnityMemory] Configuration Parameters - Can be set up in boot.config
    "memorysetup-temp-allocator-size-gi-baking-worker=262144"
    "memorysetup-temp-allocator-size-gi-baking-worker=262144"
    "memorysetup-temp-allocator-size-gi-baking-worker=262144"
    "memorysetup-temp-allocator-size-gi-baking-worker=262144"
    "memorysetup-temp-allocator-size-gi-baking-worker=262144"
    "memorysetup-temp-allocator-size-nav-mesh-worker=65536"
    "memorysetup-temp-allocator-size-audio-worker=65536"
    "memorysetup-temp-allocator-size-cloud-worker=32768"
    "memorysetup-temp-allocator-size-preload-manager=33554432"
    "memorysetup-remapper-allocator-initial-capacity=32768"
    "memorysetup-temp-allocator-size-gfx=262144"
    "memorysetup-allocator-temp-initial-block-size-main=262144"
    "memorysetup-allocator-temp-initial-block-size-worker=262144"
    "memorysetup-temp-allocator-size-background-worker=32768"
    "memorysetup-temp-allocator-size-job-worker=262144"
    "memorysetup-bucket-allocator-granularity=16"
    "memorysetup-bucket-allocator-bucket-count=8"
    "memorysetup-bucket-allocator-block-size=33554432"
    "memorysetup-bucket-allocator-block-count=8"
    "memorysetup-main-allocator-block-size=16777216"
    "memorysetup-thread-allocator-block-size=16777216"
    "memorysetup-main-allocator-mimalloc-enabled=1"
    "memorysetup-gfx-main-allocator-block-size=16777216"
    "memorysetup-gfx-thread-allocator-block-size=16777216"
    "memorysetup-cache-allocator-block-size=4194304"
    "memorysetup-typetree-allocator-block-size=2097152"
    "memorysetup-profiler-bucket-allocator-granularity=16"
    "memorysetup-profiler-bucket-allocator-bucket-count=8"
    "memorysetup-profiler-bucket-allocator-block-size=33554432"
    "memorysetup-profiler-bucket-allocator-block-count=8"
    "memorysetup-profiler-allocator-block-size=16777216"
    "memorysetup-profiler-editor-allocator-block-size=1048576"
    "memorysetup-temp-allocator-size-main=16777216"
    "memorysetup-job-temp-allocator-block-size=2097152"
    "memorysetup-job-temp-allocator-block-size-background=1048576"
    "memorysetup-job-temp-allocator-reduction-small-platforms=262144"
Player connection [140632645876480]  Target information:

Player connection [140632645876480]  * "[IP] 10.170.26.65 [Port] 55504 [Flags] 2 [Guid] 1905782218 [EditorId] 1905782218 [Version] 1048832 [Id] LinuxEditor(16,10.170.26.65) [Debug] 1 [PackageName] LinuxEditor [ProjectName] Editor" 

Player connection [140632645876480] Host joined multi-casting on [225.0.0.222:54997]...
Player connection [140632645876480] Host joined alternative multi-casting on [225.0.0.222:34997]...
Input System module state changed to: Initialized.
[Physics::Module] Initialized fallback backend.
[Physics::Module] Id: 0xdecafbad
Initialising UDS system complete:
  - System type: Client
  - Resource namespace: 6345f80682ac4e51639a844b782d7f51
  - Shared memory size: 1073741824
  - Command buffer id: 1052624
  - Command buffer size: 8192
  - Hashmap size: 4194304
  - Service connected: false
[Package Manager] Connected to IPC stream "Upm-22910" after 0.1 seconds.
[Licensing::Client] Successfully resolved entitlement details
Library Redirect Path: Library/
Launching Unity Data Store - /home/main/Unity/Hub/Editor/6000.6.0f1/Editor/Data/Tools/Unity.DataStore 
Unity Data Store artifact dir = Library/DataStore, working dir = /home/main/github/Proyecto/Puppeteer-Stories/Game[Physics::Module] Selected backend.
[Physics::Module] Name: PhysX
[Physics::Module] Id: 0xf2b8ea05
[Physics::Module] SDK Version: 4.1.2
[Physics::Module] Integration Version: 1.0.0
[Physics::Module] Threading Mode: Multi-Threaded
Unity Data Store running and initialised
Initialize engine version: 6000.6.0f1 (f7f8ed4d1e24)
[EntityIdStore] init: VM path (explicit commit), pageSize=4096, blockCount=1048576, entitiesPerBlock=256, slots reserved=4294967296 bytes
[Subsystems] Discovering subsystems at path /home/main/Unity/Hub/Editor/6000.6.0f1/Editor/Data/Resources/UnitySubsystems
[Subsystems] Discovering subsystems at path /home/main/github/Proyecto/Puppeteer-Stories/Game/Assets
kGfxThreadingModeSplitJobs is not supported on OpenGL Core. Reverting to kGfxThreadingModeDirect instead.
GfxDevice: creating device client; kGfxThreadingModeDirect
GLX Extensions: GLX_ARB_context_flush_control GLX_ARB_create_context GLX_ARB_create_context_no_error GLX_ARB_create_context_profile GLX_ARB_create_context_robustness GLX_ARB_fbconfig_float GLX_ARB_framebuffer_sRGB GLX_ARB_get_proc_address GLX_ARB_multisample GLX_EXT_buffer_age GLX_EXT_create_context_es2_profile GLX_EXT_create_context_es_profile GLX_EXT_fbconfig_packed_float GLX_EXT_framebuffer_sRGB GLX_EXT_no_config_context GLX_EXT_swap_control GLX_EXT_swap_control_tear GLX_EXT_texture_from_pixmap GLX_EXT_visual_info GLX_EXT_visual_rating GLX_MESA_copy_sub_buffer GLX_MESA_gl_interop GLX_MESA_query_renderer GLX_MESA_swap_control GLX_OML_sync_control GLX_SGIS_multisample GLX_SGIX_fbconfig GLX_SGIX_pbuffer GLX_SGIX_visual_select_group GLX_SGI_make_current_read GLX_SGI_video_sync 
Renderer: AMD Radeon 780M Graphics (radeonsi, phoenix, ACO, DRM 3.64, 7.2.8-arch1-2)
Vendor:   AMD
Version:  4.6 (Core Profile) Mesa 26.2.4-arch1.1
GLES:     0
 GL_AMD_conservative_depth GL_AMD_depth_clamp_separate GL_AMD_draw_buffers_blend GL_AMD_gpu_shader_int64 GL_AMD_multi_draw_indirect GL_AMD_pinned_memory GL_AMD_query_buffer_object GL_AMD_seamless_cubemap_per_texture GL_AMD_shader_stencil_export GL_AMD_shader_trinary_minmax GL_AMD_texture_texture4 GL_AMD_vertex_shader_layer GL_AMD_vertex_shader_viewport_index GL_ANGLE_texture_compression_dxt3 GL_ANGLE_texture_compression_dxt5 GL_ARB_ES2_compatibility GL_ARB_ES3_1_compatibility GL_ARB_ES3_2_compatibility GL_ARB_ES3_compatibility GL_ARB_arrays_of_arrays GL_ARB_base_instance GL_ARB_bindless_texture GL_ARB_blend_func_extended GL_ARB_buffer_storage GL_ARB_clear_buffer_object GL_ARB_clear_texture GL_ARB_clip_control GL_ARB_color_buffer_float GL_ARB_compressed_texture_pixel_storage GL_ARB_compute_shader GL_ARB_compute_variable_group_size GL_ARB_conditional_render_inverted GL_ARB_conservative_depth GL_ARB_copy_buffer GL_ARB_copy_image GL_ARB_cull_distance GL_ARB_debug_output GL_ARB_depth_buffer_float GL_ARB_depth_cla
mp GL_ARB_derivative_control GL_ARB_direct_state_access GL_ARB_draw_buffers GL_ARB_draw_buffers_blend GL_ARB_draw_elements_base_vertex GL_ARB_draw_indirect GL_ARB_draw_instanced GL_ARB_enhanced_layouts GL_ARB_explicit_attrib_location GL_ARB_explicit_uniform_location GL_ARB_fragment_coord_conventions GL_ARB_fragment_layer_viewport GL_ARB_fragment_shader GL_ARB_framebuffer_no_attachments GL_ARB_framebuffer_object GL_ARB_framebuffer_sRGB GL_ARB_get_program_binary GL_ARB_get_texture_sub_image GL_ARB_gl_spirv GL_ARB_gpu_shader5 GL_ARB_gpu_shader_fp64 GL_ARB_gpu_shader_int64 GL_ARB_half_float_pixel GL_ARB_half_float_vertex GL_ARB_indirect_parameters GL_ARB_instanced_arrays GL_ARB_internalformat_query GL_ARB_internalformat_query2 GL_ARB_invalidate_subdata GL_ARB_map_buffer_alignment GL_ARB_map_buffer_range GL_ARB_multi_bind GL_ARB_multi_draw_indirect GL_ARB_occlusion_query2 GL_ARB_parallel_shader_compile GL_ARB_pipeline_statistics_query GL_ARB_pixel_buffer_object GL_ARB_point_sprite GL_ARB_polygon_offset_clamp GL_A
RB_post_depth_coverage GL_ARB_program_interface_query GL_ARB_provoking_vertex GL_ARB_query_buffer_object GL_ARB_robust_buffer_access_behavior GL_ARB_robustness GL_ARB_sample_shading GL_ARB_sampler_objects GL_ARB_seamless_cube_map GL_ARB_seamless_cubemap_per_texture GL_ARB_separate_shader_objects GL_ARB_shader_atomic_counter_ops GL_ARB_shader_atomic_counters GL_ARB_shader_ballot GL_ARB_shader_bit_encoding GL_ARB_shader_clock GL_ARB_shader_draw_parameters GL_ARB_shader_group_vote GL_ARB_shader_image_load_store GL_ARB_shader_image_size GL_ARB_shader_objects GL_ARB_shader_precision GL_ARB_shader_stencil_export GL_ARB_shader_storage_buffer_object GL_ARB_shader_subroutine GL_ARB_shader_texture_image_samples GL_ARB_shader_texture_lod GL_ARB_shader_viewport_layer_array GL_ARB_shading_language_420pack GL_ARB_shading_language_include GL_ARB_shading_language_packing GL_ARB_sparse_buffer GL_ARB_sparse_texture GL_ARB_sparse_texture2 GL_ARB_sparse_texture_clamp GL_ARB_spirv_extensions GL_ARB_stencil_texturing GL_ARB_sync 
GL_ARB_tessellation_shader GL_ARB_texture_barrier GL_ARB_texture_border_clamp GL_ARB_texture_buffer_object GL_ARB_texture_buffer_object_rgb32 GL_ARB_texture_buffer_range GL_ARB_texture_compression_bptc GL_ARB_texture_compression_rgtc GL_ARB_texture_cube_map_array GL_ARB_texture_filter_anisotropic GL_ARB_texture_filter_minmax GL_ARB_texture_float GL_ARB_texture_gather GL_ARB_texture_mirror_clamp_to_edge GL_ARB_texture_multisample GL_ARB_texture_non_power_of_two GL_ARB_texture_query_levels GL_ARB_texture_query_lod GL_ARB_texture_rectangle GL_ARB_texture_rg GL_ARB_texture_rgb10_a2ui GL_ARB_texture_stencil8 GL_ARB_texture_storage GL_ARB_texture_storage_multisample GL_ARB_texture_swizzle GL_ARB_texture_view GL_ARB_timer_query GL_ARB_transform_feedback2 GL_ARB_transform_feedback3 GL_ARB_transform_feedback_instanced GL_ARB_transform_feedback_overflow_query GL_ARB_uniform_buffer_object GL_ARB_vertex_array_bgra GL_ARB_vertex_array_object GL_ARB_vertex_attrib_64bit GL_ARB_vertex_attrib_binding GL_ARB_vertex_buffer_obj
ect GL_ARB_vertex_shader GL_ARB_vertex_type_10f_11f_11f_rev GL_ARB_vertex_type_2_10_10_10_rev GL_ARB_viewport_array GL_ATI_blend_equation_separate GL_ATI_meminfo GL_ATI_texture_float GL_ATI_texture_mirror_once GL_EXT_EGL_image_storage GL_EXT_EGL_image_storage_compression GL_EXT_EGL_sync GL_EXT_abgr GL_EXT_blend_equation_separate GL_EXT_debug_label GL_EXT_demote_to_helper_invocation GL_EXT_depth_bounds_test GL_EXT_draw_buffers2 GL_EXT_draw_instanced GL_EXT_framebuffer_blit GL_EXT_framebuffer_multisample GL_EXT_framebuffer_multisample_blit_scaled GL_EXT_framebuffer_object GL_EXT_framebuffer_sRGB GL_EXT_memory_object GL_EXT_memory_object_fd GL_EXT_mesh_shader GL_EXT_packed_depth_stencil GL_EXT_packed_float GL_EXT_pixel_buffer_object GL_EXT_polygon_offset_clamp GL_EXT_provoking_vertex GL_EXT_semaphore GL_EXT_semaphore_fd GL_EXT_shader_clock GL_EXT_shader_image_load_formatted GL_EXT_shader_image_load_store GL_EXT_shader_integer_mix GL_EXT_texture_array GL_EXT_texture_compression_dxt1 GL_EXT_texture_compression_rg
tc GL_EXT_texture_compression_s3tc GL_EXT_texture_filter_anisotropic GL_EXT_texture_filter_minmax GL_EXT_texture_integer GL_EXT_texture_mirror_clamp GL_EXT_texture_sRGB GL_EXT_texture_sRGB_R8 GL_EXT_texture_sRGB_RG8 GL_EXT_texture_sRGB_decode GL_EXT_texture_shadow_lod GL_EXT_texture_shared_exponent GL_EXT_texture_snorm GL_EXT_texture_storage GL_EXT_texture_swizzle GL_EXT_timer_query GL_EXT_transform_feedback GL_EXT_vertex_array_bgra GL_EXT_vertex_attrib_64bit GL_EXT_window_rectangles GL_IBM_multimode_draw_arrays GL_INTEL_blackhole_render GL_KHR_blend_equation_advanced GL_KHR_context_flush_control GL_KHR_debug GL_KHR_no_error GL_KHR_parallel_shader_compile GL_KHR_robust_buffer_access_behavior GL_KHR_robustness GL_KHR_shader_subgroup GL_KHR_texture_compression_astc_ldr GL_KHR_texture_compression_astc_sliced_3d GL_MESA_framebuffer_flip_y GL_MESA_pack_invert GL_MESA_shader_integer_functions GL_MESA_texture_const_bandwidth GL_MESA_texture_signed_rgba GL_NVX_gpu_memory_info GL_NV_alpha_to_coverage_dither_control G
L_NV_compute_shader_derivatives GL_NV_conditional_render GL_NV_copy_image GL_NV_depth_clamp GL_NV_packed_depth_stencil GL_NV_shader_atomic_int64 GL_NV_texture_barrier GL_NV_timeline_semaphore GL_OES_EGL_image GL_S3_s3tc
OPENGL LOG: Creating OpenGL 4.6 graphics device ; Context level  <OpenGL 4.5> ; Context handle -1120956016
Initialize mono
Mono path[0] = '/home/main/Unity/Hub/Editor/6000.6.0f1/Editor/Data/Managed'
Mono path[1] = '/home/main/Unity/Hub/Editor/6000.6.0f1/Editor/Data/BCLExtensions/runtime/netstandard2.1'
Mono path[2] = '/home/main/Unity/Hub/Editor/6000.6.0f1/Editor/Data/MonoBleedingEdge/lib/mono/unityjit-linux'
Mono config path = '/home/main/Unity/Hub/Editor/6000.6.0f1/Editor/Data/MonoBleedingEdge/etc'
Using monoOptions --debugger-agent=transport=dt_socket,embedding=1,server=y,suspend=n,address=127.0.0.1:56910
CodeReloadManager initialized
ImportWorker Server TCP listen port: 0
AcceleratorClientConnectionCallback - disconnected - :0
Begin MonoManager ReloadAssembly
Registering precompiled unity dll's ...
Register platform support module: /home/main/Unity/Hub/Editor/6000.6.0f1/Editor/Data/PlaybackEngines/WindowsStandaloneSupport/UnityEditor.WindowsStandalone.Extensions.dll
Register platform support module: /home/main/Unity/Hub/Editor/6000.6.0f1/Editor/Data/PlaybackEngines/LinuxStandaloneSupport/UnityEditor.LinuxStandalone.Extensions.dll
Registered in 0.002321 seconds.
Native extension for LinuxStandalone target not found
Native extension for WindowsStandalone target not found
Package Manager log level set to [2]
[Licensing::Client] Successfully resolved entitlement details
ScheduleIndexationOnStartup MainProcess:False IndexOnStartup:True
Scripting: successfully reloaded assembly
- Finished resetting the current domain, in  1.562 seconds
Domain Reload Profiling: 1975ms
	BeginReloadAssembly (73ms)
		CreateAndSetChildDomain (6ms)
	RebuildCommonClasses (5ms)
	RebuildNativeTypeToScriptingClass (9ms)
	initialDomainReloadingComplete (53ms)
	LoadAllAssembliesAndSetupDomain (273ms)
		LoadAssemblies (66ms)
		TypeCache.Refresh (189ms)
			TypeCache.ScanAssembly (177ms)
		AnalyzeDomain (1ms)
	FinalizeReload (1563ms)
		SetupLoadedEditorAssemblies (0ms)
			BeforeProcessingInitializeOnLoad (87ms)
			ProcessInitializeOnLoadAttributes (89ms)
			ProcessInitializeOnLoadMethodAttributes (1224ms)
[Licensing::Client] Successfully resolved entitlement details
Application.AssetDatabase Initial Refresh Start
[Package Manager] Done resolving packages in 0.13 seconds
[Licensing::Client] Successfully resolved entitlement details
[Package Manager] Registered 59 packages:
  Packages from [https://packages.unity.com]:
    com.unity.ai.navigation@2.0.14 (location: /home/main/github/Proyecto/Puppeteer-Stories/Game/Library/PackageCache/com.unity.ai.navigation@134dd6a3b97b)
    com.unity.collab-proxy@2.13.6 (location: /home/main/github/Proyecto/Puppeteer-Stories/Game/Library/PackageCache/com.unity.collab-proxy@4628d2ba6ea4)
    com.unity.ide.rider@3.0.38 (location: /home/main/github/Proyecto/Puppeteer-Stories/Game/Library/PackageCache/com.unity.ide.rider@1f60b3138684)
    com.unity.ide.visualstudio@2.0.26 (location: /home/main/github/Proyecto/Puppeteer-Stories/Game/Library/PackageCache/com.unity.ide.visualstudio@a99d56dec63f)
    com.unity.inputsystem@1.20.0 (location: /home/main/github/Proyecto/Puppeteer-Stories/Game/Library/PackageCache/com.unity.inputsystem@7a4e1a2a8194)
    com.unity.visualscripting@1.9.12 (location: /home/main/github/Proyecto/Puppeteer-Stories/Game/Library/PackageCache/com.unity.visualscripting@4edfcc09512f)
    com.unity.searcher@4.9.5 (location: /home/main/github/Proyecto/Puppeteer-Stories/Game/Library/PackageCache/com.unity.searcher@a463122f2c00)
    com.unity.profiling.core@1.0.3 (location: /home/main/github/Proyecto/Puppeteer-Stories/Game/Library/PackageCache/com.unity.profiling.core@8a49f7027d06)
    com.unity.nuget.mono-cecil@1.11.6 (location: /home/main/github/Proyecto/Puppeteer-Stories/Game/Library/PackageCache/com.unity.nuget.mono-cecil@ecb9724e46ff)
  Built-in packages:
    com.unity.render-pipelines.universal@17.6.0 (location: /home/main/github/Proyecto/Puppeteer-Stories/Game/Library/PackageCache/com.unity.render-pipelines.universal@b9a66914c09e)
    com.unity.test-framework@1.8.0 (location: /home/main/github/Proyecto/Puppeteer-Stories/Game/Library/PackageCache/com.unity.test-framework@f0b61198e8dc)
    com.unity.timeline@6.6.0 (location: /home/main/github/Proyecto/Puppeteer-Stories/Game/Library/PackageCache/com.unity.timeline@56b07ebd2230)
    com.unity.ugui@2.6.0 (location: /home/main/github/Proyecto/Puppeteer-Stories/Game/Library/PackageCache/com.unity.ugui@9acc4bc81b33)
    com.unity.modules.accessibility@1.0.0 (location: /home/main/github/Proyecto/Puppeteer-Stories/Game/Library/PackageCache/com.unity.modules.accessibility)
    com.unity.modules.adaptiveperformance@1.0.0 (location: /home/main/github/Proyecto/Puppeteer-Stories/Game/Library/PackageCache/com.unity.modules.adaptiveperformance)
    com.unity.modules.ai@1.0.0 (location: /home/main/github/Proyecto/Puppeteer-Stories/Game/Library/PackageCache/com.unity.modules.ai)
    com.unity.modules.androidjni@1.0.0 (location: /home/main/github/Proyecto/Puppeteer-Stories/Game/Library/PackageCache/com.unity.modules.androidjni)
    com.unity.modules.animation@1.0.0 (location: /home/main/github/Proyecto/Puppeteer-Stories/Game/Library/PackageCache/com.unity.modules.animation)
    com.unity.modules.assetbundle@1.0.0 (location: /home/main/github/Proyecto/Puppeteer-Stories/Game/Library/PackageCache/com.unity.modules.assetbundle)
    com.unity.modules.audio@1.0.0 (location: /home/main/github/Proyecto/Puppeteer-Stories/Game/Library/PackageCache/com.unity.modules.audio)
    com.unity.modules.cloth@1.0.0 (location: /home/main/github/Proyecto/Puppeteer-Stories/Game/Library/PackageCache/com.unity.modules.cloth)
    com.unity.modules.director@1.0.0 (location: /home/main/github/Proyecto/Puppeteer-Stories/Game/Library/PackageCache/com.unity.modules.director)
    com.unity.modules.imageconversion@1.0.0 (location: /home/main/github/Proyecto/Puppeteer-Stories/Game/Library/PackageCache/com.unity.modules.imageconversion)
    com.unity.modules.imgui@1.0.0 (location: /home/main/github/Proyecto/Puppeteer-Stories/Game/Library/PackageCache/com.unity.modules.imgui)
    com.unity.modules.jsonserialize@1.0.0 (location: /home/main/github/Proyecto/Puppeteer-Stories/Game/Library/PackageCache/com.unity.modules.jsonserialize)
    com.unity.modules.particlesystem@1.0.0 (location: /home/main/github/Proyecto/Puppeteer-Stories/Game/Library/PackageCache/com.unity.modules.particlesystem)
    com.unity.modules.physics@1.0.0 (location: /home/main/github/Proyecto/Puppeteer-Stories/Game/Library/PackageCache/com.unity.modules.physics)
    com.unity.modules.physics2d@1.0.0 (location: /home/main/github/Proyecto/Puppeteer-Stories/Game/Library/PackageCache/com.unity.modules.physics2d)
    com.unity.modules.physicscore2d@1.0.0 (location: /home/main/github/Proyecto/Puppeteer-Stories/Game/Library/PackageCache/com.unity.modules.physicscore2d)
    com.unity.modules.screencapture@1.0.0 (location: /home/main/github/Proyecto/Puppeteer-Stories/Game/Library/PackageCache/com.unity.modules.screencapture)
    com.unity.modules.terrain@1.0.0 (location: /home/main/github/Proyecto/Puppeteer-Stories/Game/Library/PackageCache/com.unity.modules.terrain)
    com.unity.modules.terrainphysics@1.0.0 (location: /home/main/github/Proyecto/Puppeteer-Stories/Game/Library/PackageCache/com.unity.modules.terrainphysics)
    com.unity.modules.tetgen@1.0.0 (location: /home/main/github/Proyecto/Puppeteer-Stories/Game/Library/PackageCache/com.unity.modules.tetgen)
    com.unity.modules.tilemap@1.0.0 (location: /home/main/github/Proyecto/Puppeteer-Stories/Game/Library/PackageCache/com.unity.modules.tilemap)
    com.unity.modules.timelinefoundation@1.0.0 (location: /home/main/github/Proyecto/Puppeteer-Stories/Game/Library/PackageCache/com.unity.modules.timelinefoundation)
    com.unity.modules.ui@1.0.0 (location: /home/main/github/Proyecto/Puppeteer-Stories/Game/Library/PackageCache/com.unity.modules.ui)
    com.unity.modules.uielements@1.0.0 (location: /home/main/github/Proyecto/Puppeteer-Stories/Game/Library/PackageCache/com.unity.modules.uielements)
    com.unity.modules.umbra@1.0.0 (location: /home/main/github/Proyecto/Puppeteer-Stories/Game/Library/PackageCache/com.unity.modules.umbra)
    com.unity.modules.unityanalytics@1.0.0 (location: /home/main/github/Proyecto/Puppeteer-Stories/Game/Library/PackageCache/com.unity.modules.unityanalytics)
    com.unity.modules.unitywebrequest@1.0.0 (location: /home/main/github/Proyecto/Puppeteer-Stories/Game/Library/PackageCache/com.unity.modules.unitywebrequest)
    com.unity.modules.unitywebrequestassetbundle@1.0.0 (location: /home/main/github/Proyecto/Puppeteer-Stories/Game/Library/PackageCache/com.unity.modules.unitywebrequestassetbundle)
    com.unity.modules.unitywebrequestaudio@1.0.0 (location: /home/main/github/Proyecto/Puppeteer-Stories/Game/Library/PackageCache/com.unity.modules.unitywebrequestaudio)
    com.unity.modules.unitywebrequesttexture@1.0.0 (location: /home/main/github/Proyecto/Puppeteer-Stories/Game/Library/PackageCache/com.unity.modules.unitywebrequesttexture)
    com.unity.modules.unitywebrequestwww@1.0.0 (location: /home/main/github/Proyecto/Puppeteer-Stories/Game/Library/PackageCache/com.unity.modules.unitywebrequestwww)
    com.unity.modules.vectorgraphics@1.0.0 (location: /home/main/github/Proyecto/Puppeteer-Stories/Game/Library/PackageCache/com.unity.modules.vectorgraphics)
    com.unity.modules.vehicles@1.0.0 (location: /home/main/github/Proyecto/Puppeteer-Stories/Game/Library/PackageCache/com.unity.modules.vehicles)
    com.unity.modules.video@1.0.0 (location: /home/main/github/Proyecto/Puppeteer-Stories/Game/Library/PackageCache/com.unity.modules.video)
    com.unity.modules.wind@1.0.0 (location: /home/main/github/Proyecto/Puppeteer-Stories/Game/Library/PackageCache/com.unity.modules.wind)
    com.unity.modules.xr@1.0.0 (location: /home/main/github/Proyecto/Puppeteer-Stories/Game/Library/PackageCache/com.unity.modules.xr)
    com.unity.modules.subsystems@1.0.0 (location: /home/main/github/Proyecto/Puppeteer-Stories/Game/Library/PackageCache/com.unity.modules.subsystems)
    com.unity.modules.hierarchycore@1.0.0 (location: /home/main/github/Proyecto/Puppeteer-Stories/Game/Library/PackageCache/com.unity.modules.hierarchycore)
    com.unity.ext.nunit@2.1.0 (location: /home/main/github/Proyecto/Puppeteer-Stories/Game/Library/PackageCache/com.unity.ext.nunit@508b95ff9afe)
    com.unity.render-pipelines.core@17.6.0 (location: /home/main/github/Proyecto/Puppeteer-Stories/Game/Library/PackageCache/com.unity.render-pipelines.core@1691dee1b9ce)
    com.unity.shadergraph@17.6.0 (location: /home/main/github/Proyecto/Puppeteer-Stories/Game/Library/PackageCache/com.unity.shadergraph@8755d5a372ae)
    com.unity.render-pipelines.universal-config@17.6.0 (location: /home/main/github/Proyecto/Puppeteer-Stories/Game/Library/PackageCache/com.unity.render-pipelines.universal-config@b1357eef5cd3)
    com.unity.graph-authoring@1.0.0 (location: /home/main/github/Proyecto/Puppeteer-Stories/Game/Library/PackageCache/com.unity.graph-authoring@f8926ccf2c8f)
    com.unity.burst@2.0.0 (location: /home/main/github/Proyecto/Puppeteer-Stories/Game/Library/PackageCache/com.unity.burst@c3ed5b778d56)
    com.unity.collections@6.6.0 (location: /home/main/github/Proyecto/Puppeteer-Stories/Game/Library/PackageCache/com.unity.collections@431b1d558060)
    com.unity.test-framework.performance@6.6.0 (location: /home/main/github/Proyecto/Puppeteer-Stories/Game/Library/PackageCache/com.unity.test-framework.performance@27184daa6ff5)
[Subsystems] No new subsystems found in resolved package list.
[Package Manager] Done registering packages in 0.00 seconds
Starting: /home/main/Unity/Hub/Editor/6000.6.0f1/Editor/Data/Tools/BuildPipeline/bee_backend --ipc --defer-dag-verification --dagfile="Library/Bee/2400b0aE.dag" --continue-on-failure --profile="Library/Bee/backend1.traceevents" ScriptAssemblies
WorkingDir: /home/main/github/Proyecto/Puppeteer-Stories/Game
ExitCode: 4 Duration: 1s276ms
[           0s] Csc Library/Bee/artifacts/2400b0aE.dag/UnityEngine.UI.dll (+2 others) [CacheMiss 893ef8e45a50614f3afb89d7cb23990700000000000000000000000000000006]
Rebuilding DAG because FileSignature timestamp changed: Library/Bee/2400b0aE-inputdata.json
*** Tundra requires additional run (1.26 seconds), 1 items updated, 471 evaluated
Starting: /home/main/Unity/Hub/Editor/6000.6.0f1/Editor/Data/DotNetSdk/dotnet "/home/main/Unity/Hub/Editor/6000.6.0f1/Editor/Data/Tools/BuildPipeline/ScriptCompilationBuildProgram.exe" "Library/Bee/2400b0aE.dag.json" "Library/Bee/2400b0aE-inputdata.json" "Library/Bee/buildprogram0.traceevents"
WorkingDir: /home/main/github/Proyecto/Puppeteer-Stories/Game
ExitCode: 0 Duration: 1s297ms
Starting: /home/main/Unity/Hub/Editor/6000.6.0f1/Editor/Data/Tools/BuildPipeline/bee_backend --ipc --defer-dag-verification --dagfile="Library/Bee/2400b0aE.dag" --continue-on-failure --dagfilejson="Library/Bee/2400b0aE.dag.json" --profile="Library/Bee/backend2.traceevents" ScriptAssemblies
WorkingDir: /home/main/github/Proyecto/Puppeteer-Stories/Game
warn: Unity.ILPP.Runner.PostProcessingAssemblyLoadContext[0]
      Assembly system.runtime.interopservices.windowsruntime has duplicate hint path. Ignoring "/home/main/Unity/Hub/Editor/6000.6.0f1/Editor/Data/UnityReferenceAssemblies/unity-4.8-api/Facades/System.Runtime.InteropServices.WindowsRuntime.dll" in favor of "/home/main/Unity/Hub/Editor/6000.6.0f1/Editor/Data/NetStandard/Extensions/2.0.0/System.Runtime.InteropServices.WindowsRuntime.dll"
warn: Unity.ILPP.Runner.PostProcessingAssemblyLoadContext[0]
      Assembly system.componentmodel.composition has duplicate hint path. Ignoring "/home/main/Unity/Hub/Editor/6000.6.0f1/Editor/Data/UnityReferenceAssemblies/unity-4.8-api/System.ComponentModel.Composition.dll" in favor of "/home/main/Unity/Hub/Editor/6000.6.0f1/Editor/Data/NetStandard/compat/2.1.0/shims/netfx/System.ComponentModel.Composition.dll"
ExitCode: 0 Duration: 14s
Finished compiling graph: 901 nodes, 18655 flattened edges (15851 ToBuild, 148 ToUse), maximum node priority 1022
[  5/898    0s] WriteText Library/Bee/artifacts/2400b0aE.dag/UnityEngine.TestRunner.UnityAdditionalFile.txt
[166/898    0s] WriteText Library/Bee/artifacts/2400b0aE.dag/UnityEngine.UI.UnityAdditionalFile.txt
[171/898    0s] WriteText Library/Bee/artifacts/2400b0aE.dag/UnityEngine.UI.rsp2
[177/898    0s] WriteText Library/Bee/artifacts/2400b0aE.dag/UnityEditor.TestRunner.rsp2
[179/898    0s] WriteText Library/Bee/artifacts/2400b0aE.dag/UnityEditor.TestRunner.UnityAdditionalFile.txt
[185/898    0s] WriteText Library/Bee/artifacts/2400b0aE.dag/UnityEditor.UI.UnityAdditionalFile.txt
[186/898    0s] WriteText Library/Bee/artifacts/2400b0aE.dag/Unity.Collections.UnityAdditionalFile.txt
[187/898    0s] WriteText Library/Bee/artifacts/2400b0aE.dag/Unity.Burst.rsp2
[188/898    0s] WriteText Library/Bee/artifacts/2400b0aE.dag/Unity.RenderPipelines.Core.Runtime.rsp2
[190/898    0s] WriteText Library/Bee/artifacts/2400b0aE.dag/Unity.UnifiedRayTracing.Runtime.rsp2
[191/898    0s] WriteText Library/Bee/artifacts/2400b0aE.dag/UnityEditor.UI.rsp
[192/898    0s] WriteText Library/Bee/artifacts/2400b0aE.dag/Unity.Burst.UnityAdditionalFile.txt
[193/898    0s] WriteText Library/Bee/artifacts/2400b0aE.dag/Unity.Collections.CodeGen.rsp2
[194/898    0s] WriteText Library/Bee/artifacts/2400b0aE.dag/Unity.Burst.rsp
[195/898    0s] WriteText Library/Bee/artifacts/2400b0aE.dag/Unity.InputSystem.rsp2
[196/898    0s] WriteText Library/Bee/artifacts/2400b0aE.dag/UnityEditor.UI.rsp2
[197/898    0s] WriteText Library/Bee/artifacts/2400b0aE.dag/Unity.Collections.rsp
[201/898    0s] WriteText Library/Bee/artifacts/2400b0aE.dag/Unity.PathTracing.Runtime.UnityAdditionalFile.txt
[202/898    0s] WriteText Library/Bee/artifacts/2400b0aE.dag/Unity.RenderPipelines.Core.Runtime.UnityAdditionalFile.txt
[203/898    0s] WriteText Library/Bee/artifacts/2400b0aE.dag/Unity.Collections.CodeGen.UnityAdditionalFile.txt
[205/898    0s] WriteText Library/Bee/artifacts/2400b0aE.dag/UnityEngine.UI.rsp
[207/898    0s] WriteText Library/Bee/artifacts/2400b0aE.dag/Unity.VisualScripting.Core.UnityAdditionalFile.txt
[208/898    0s] WriteText Library/Bee/artifacts/2400b0aE.dag/Unity.InputSystem.UnityAdditionalFile.txt
[209/898    0s] WriteText Library/Bee/artifacts/2400b0aE.dag/Unity.UnifiedRayTracing.Runtime.rsp
[211/898    0s] WriteText Library/Bee/artifacts/2400b0aE.dag/Unity.Collections.rsp2
[212/898    0s] WriteText Library/Bee/artifacts/2400b0aE.dag/UnityEngine.TestRunner.rsp2
[213/898    0s] WriteText Library/Bee/artifacts/2400b0aE.dag/Unity.VisualScripting.Core.rsp2
[214/898    0s] WriteText Library/Bee/artifacts/2400b0aE.dag/Unity.UnifiedRayTracing.Runtime.UnityAdditionalFile.txt
[215/898    0s] WriteText Library/Bee/artifacts/2400b0aE.dag/Unity.RenderPipelines.Core.Runtime.rsp
[216/898    0s] WriteText Library/Bee/artifacts/2400b0aE.dag/Unity.InternalAPIEngineBridge.RenderPipelines.Core.Runtime.Shared.rsp2
[217/898    0s] WriteText Library/Bee/artifacts/2400b0aE.dag/Unity.RenderPipelines.GPUDriven.Runtime.rsp2
[218/898    0s] WriteText Library/Bee/artifacts/2400b0aE.dag/Unity.VisualScripting.Flow.rsp2
[220/898    0s] WriteText Library/Bee/artifacts/2400b0aE.dag/Unity.InternalAPIEngineBridge.RenderPipelines.Core.Runtime.Shared.UnityAdditionalFile.txt
[221/898    0s] WriteText Library/Bee/artifacts/2400b0aE.dag/Unity.Collections.CodeGen.rsp
[222/898    0s] WriteText Library/Bee/artifacts/2400b0aE.dag/Unity.InternalAPIEngineBridge.RenderPipelines.Core.Editor.UnityAdditionalFile.txt
[223/898    0s] WriteText Library/Bee/artifacts/2400b0aE.dag/Unity.PathTracing.Runtime.rsp
[224/898    0s] WriteText Library/Bee/artifacts/2400b0aE.dag/Unity.Profiling.Core.UnityAdditionalFile.txt
[225/898    0s] WriteText Library/Bee/artifacts/2400b0aE.dag/Unity.VisualScripting.Core.Editor.rsp2
[226/898    0s] WriteText Library/Bee/artifacts/2400b0aE.dag/Unity.InternalAPIEngineBridge.RenderPipelines.Core.Editor.rsp2
[227/898    0s] WriteText Library/Bee/artifacts/2400b0aE.dag/Unity.RenderPipelines.GPUDriven.Runtime.UnityAdditionalFile.txt
[228/898    0s] WriteText Library/Bee/artifacts/2400b0aE.dag/Unity.VisualScripting.Flow.UnityAdditionalFile.txt
[229/898    0s] WriteText Library/Bee/artifacts/2400b0aE.dag/Unity.PathTracing.Runtime.rsp2
[230/898    0s] WriteText Library/Bee/artifacts/2400b0aE.dag/Unity.PathTracing.Editor.UnityAdditionalFile.txt
[231/898    0s] WriteText Library/Bee/artifacts/2400b0aE.dag/Unity.VisualScripting.Core.rsp
[232/898    0s] WriteText Library/Bee/artifacts/2400b0aE.dag/Unity.RenderPipelines.Core.Runtime.Shared.UnityAdditionalFile.txt
[233/898    0s] WriteText Library/Bee/artifacts/2400b0aE.dag/Unity.Profiling.Core.rsp2
[235/898    0s] WriteText Library/Bee/artifacts/2400b0aE.dag/Unity.Profiling.Core.rsp
[236/898    0s] WriteText Library/Bee/artifacts/2400b0aE.dag/Unity.PathTracing.Editor.rsp2
[237/898    0s] WriteText Library/Bee/artifacts/2400b0aE.dag/Unity.RenderPipelines.Universal.Config.Runtime.rsp2
[240/898    0s] WriteText Library/Bee/artifacts/2400b0aE.dag/Unity.RenderPipeline.Universal.ShaderLibrary.UnityAdditionalFile.txt
[241/898    0s] WriteText Library/Bee/artifacts/2400b0aE.dag/Unity.RenderPipelines.Core.Runtime.Shared.rsp2
[242/898    0s] WriteText Library/Bee/artifacts/2400b0aE.dag/Unity.InternalAPIEngineBridge.ObjectDispatcher.Runtime.rsp2
[243/898    0s] WriteText Library/Bee/artifacts/2400b0aE.dag/Unity.SurfaceCache.Runtime.UnityAdditionalFile.txt
[244/898    0s] WriteText Library/Bee/artifacts/2400b0aE.dag/Unity.VisualScripting.Core.Editor.UnityAdditionalFile.txt
[245/898    0s] WriteText Library/Bee/artifacts/2400b0aE.dag/Unity.RenderPipeline.Universal.ShaderLibrary.rsp2
[246/898    0s] WriteText Library/Bee/artifacts/2400b0aE.dag/Unity.InternalAPIEngineBridge.RenderPipelines.Core.Runtime.Shared.rsp
[247/898    0s] WriteText Library/Bee/artifacts/2400b0aE.dag/Unity.RenderPipelines.Universal.Config.Runtime.UnityAdditionalFile.txt
[248/898    0s] WriteText Library/Bee/artifacts/2400b0aE.dag/Unity.SurfaceCache.Runtime.rsp2
[           0s] Csc Library/Bee/artifacts/2400b0aE.dag/UnityEngine.UI.dll (+2 others) [CacheMiss e27b54c49931fc6c747922d7c79038cc00000000000000000000000000000006]
[261/898    0s] WriteText Library/Bee/artifacts/2400b0aE.dag/Unity.RenderPipelines.Core.Runtime.Shared.rsp
[262/898    0s] WriteText Library/Bee/artifacts/2400b0aE.dag/Unity.RenderPipelines.Universal.Runtime.rsp2
[263/898    0s] WriteText Library/Bee/artifacts/2400b0aE.dag/Unity.InternalAPIEngineBridge.RenderPipelines.Core.Editor.rsp
[264/898    0s] WriteText Library/Bee/artifacts/2400b0aE.dag/Unity.InternalAPIEngineBridge.ObjectDispatcher.Runtime.rsp
[265/898    0s] WriteText Library/Bee/artifacts/2400b0aE.dag/Unity.PathTracing.Editor.rsp
[266/898    0s] WriteText Library/Bee/artifacts/2400b0aE.dag/Unity.VisualScripting.Flow.rsp
[267/898    0s] WriteText Library/Bee/artifacts/2400b0aE.dag/Unity.SurfaceCache.Runtime.rsp
[268/898    0s] WriteText Library/Bee/artifacts/2400b0aE.dag/Unity.RenderPipeline.Universal.ShaderLibrary.rsp
[269/898    0s] WriteText Library/Bee/artifacts/2400b0aE.dag/Unity.RenderPipelines.Core.Editor.UnityAdditionalFile.txt
[270/898    0s] WriteText Library/Bee/artifacts/2400b0aE.dag/Unity.RenderPipelines.GPUDriven.Runtime.rsp
[271/898    0s] WriteText Library/Bee/artifacts/2400b0aE.dag/Unity.RenderPipelines.Core.Editor.rsp2
[272/898    0s] WriteText Library/Bee/artifacts/2400b0aE.dag/Unity.InternalAPIEngineBridge.004.rsp2
[273/898    0s] WriteText Library/Bee/artifacts/2400b0aE.dag/Unity.RenderPipelines.Universal.Runtime.UnityAdditionalFile.txt
[275/898    0s] WriteText Library/Bee/artifacts/2400b0aE.dag/Unity.InternalAPIEngineBridge.ObjectDispatcher.Runtime.UnityAdditionalFile.txt
[276/898    0s] WriteText Library/Bee/artifacts/2400b0aE.dag/Unity.VisualScripting.Core.Editor.rsp
[277/898    0s] WriteText Library/Bee/artifacts/2400b0aE.dag/Unity.Searcher.Editor.UnityAdditionalFile.txt
[278/898    0s] WriteText Library/Bee/artifacts/2400b0aE.dag/Unity.RenderPipelines.Universal.Config.Runtime.rsp
[279/898    0s] WriteText Library/Bee/artifacts/2400b0aE.dag/Unity.InternalAPIEngineBridge.004.UnityAdditionalFile.txt
[280/898    0s] WriteText Library/Bee/artifacts/2400b0aE.dag/Unity.AI.Navigation.rsp2
[281/898    0s] WriteText Library/Bee/artifacts/2400b0aE.dag/Unity.InternalAPIEditorBridge.ShaderGraph.Editor.rsp2
[282/898    0s] WriteText Library/Bee/artifacts/2400b0aE.dag/Unity.Searcher.Editor.rsp2
[283/898    0s] WriteText Library/Bee/artifacts/2400b0aE.dag/Unity.AI.Navigation.Editor.ConversionSystem.UnityAdditionalFile.txt
[284/898    0s] WriteText Library/Bee/artifacts/2400b0aE.dag/Unity.VisualScripting.State.UnityAdditionalFile.txt
[287/898    0s] WriteText Library/Bee/artifacts/2400b0aE.dag/Unity.ShaderGraph.Utilities.rsp2
[288/898    0s] WriteText Library/Bee/artifacts/2400b0aE.dag/Unity.VisualScripting.Flow.Editor.UnityAdditionalFile.txt
[289/898    0s] WriteText Library/Bee/artifacts/2400b0aE.dag/Unity.AI.Navigation.UnityAdditionalFile.txt
[291/898    0s] WriteText Library/Bee/artifacts/2400b0aE.dag/Unity.VisualScripting.Flow.Editor.rsp2
[293/898    0s] WriteText Library/Bee/artifacts/2400b0aE.dag/Unity.GraphAuthoring.Editor.rsp2
[294/898    0s] WriteText Library/Bee/artifacts/2400b0aE.dag/Unity.ShaderGraph.Utilities.UnityAdditionalFile.txt
[295/898    0s] WriteText Library/Bee/artifacts/2400b0aE.dag/Unity.InternalAPIEditorBridge.ShaderGraph.Editor.UnityAdditionalFile.txt
[296/898    0s] WriteText Library/Bee/artifacts/2400b0aE.dag/Unity.VisualScripting.State.rsp2
[304/898    0s] WriteText Library/Bee/artifacts/2400b0aE.dag/Unity.VisualScripting.State.rsp
[305/898    0s] WriteText Library/Bee/artifacts/2400b0aE.dag/Unity.GraphAuthoring.Editor.rsp
[306/898    0s] WriteText Library/Bee/artifacts/2400b0aE.dag/Unity.InternalAPIEngineBridge.004.rsp
[307/898    0s] WriteText Library/Bee/artifacts/2400b0aE.dag/Unity.AI.Navigation.Editor.ConversionSystem.rsp2
[308/898    0s] WriteText Library/Bee/artifacts/2400b0aE.dag/Unity.GraphAuthoring.Editor.UnityAdditionalFile.txt
[309/898    0s] WriteText Library/Bee/artifacts/2400b0aE.dag/Unity.RenderPipelines.Universal.Runtime.rsp
[310/898    0s] WriteText Library/Bee/artifacts/2400b0aE.dag/Unity.PlasticSCM.Editor.UnityAdditionalFile.txt
[311/898    0s] WriteText Library/Bee/artifacts/2400b0aE.dag/Unity.VisualScripting.Flow.Editor.rsp
[313/898    0s] WriteText Library/Bee/artifacts/2400b0aE.dag/Unity.RenderPipelines.Core.Editor.rsp
[314/898    0s] WriteText Library/Bee/artifacts/2400b0aE.dag/Unity.RenderPipelines.Core.Editor.Shared.rsp2
[315/898    0s] WriteText Library/Bee/artifacts/2400b0aE.dag/Unity.InternalAPIEditorBridge.ShaderGraph.Editor.rsp
[316/898    0s] WriteText Library/Bee/artifacts/2400b0aE.dag/Unity.ShaderGraph.Editor.rsp2
[317/898    0s] WriteText Library/Bee/artifacts/2400b0aE.dag/Unity.AI.Navigation.Editor.ConversionSystem.rsp
[318/898    0s] WriteText Library/Bee/artifacts/2400b0aE.dag/Unity.RenderPipelines.Universal.2D.Runtime.UnityAdditionalFile.txt
[319/898    0s] WriteText Library/Bee/artifacts/2400b0aE.dag/Unity.AI.Navigation.rsp
[320/898    0s] WriteText Library/Bee/artifacts/2400b0aE.dag/Unity.AI.Navigation.Editor.UnityAdditionalFile.txt
[321/898    0s] WriteText Library/Bee/artifacts/2400b0aE.dag/Unity.TextMeshPro.rsp2
[322/898    0s] WriteText Library/Bee/artifacts/2400b0aE.dag/Unity.Timeline.rsp2
[323/898    0s] WriteText Library/Bee/artifacts/2400b0aE.dag/Unity.PlasticSCM.Editor.rsp2
[324/898    0s] WriteText Library/Bee/artifacts/2400b0aE.dag/Unity.RenderPipelines.Universal.2D.Runtime.rsp2
[325/898    0s] WriteText Library/Bee/artifacts/2400b0aE.dag/Unity.Timeline.UnityAdditionalFile.txt
[326/898    0s] WriteText Library/Bee/artifacts/2400b0aE.dag/Unity.ShaderGraph.Utilities.rsp
[327/898    0s] WriteText Library/Bee/artifacts/2400b0aE.dag/Unity.InputSystem.ForUI.rsp2
[328/898    0s] WriteText Library/Bee/artifacts/2400b0aE.dag/Unity.ShaderGraph.Editor.UnityAdditionalFile.txt
[329/898    0s] WriteText Library/Bee/artifacts/2400b0aE.dag/Unity.TextMeshPro.UnityAdditionalFile.txt
[330/898    0s] WriteText Library/Bee/artifacts/2400b0aE.dag/Unity.VisualScripting.State.Editor.rsp2
[331/898    0s] WriteText Library/Bee/artifacts/2400b0aE.dag/Unity.AI.Navigation.Editor.rsp2
[335/898    0s] WriteText Library/Bee/artifacts/2400b0aE.dag/Unity.RenderPipelines.Core.Editor.Shared.UnityAdditionalFile.txt
[342/898    0s] WriteText Library/Bee/artifacts/2400b0aE.dag/Unity.InputSystem.ForUI.UnityAdditionalFile.txt
[343/898    0s] WriteText Library/Bee/artifacts/2400b0aE.dag/Unity.VisualScripting.State.Editor.UnityAdditionalFile.txt
[344/898    0s] WriteText Library/Bee/artifacts/2400b0aE.dag/Unity.VisualStudio.Editor.UnityAdditionalFile.txt
[345/898    0s] WriteText Library/Bee/artifacts/2400b0aE.dag/Unity.RenderPipelines.Core.Editor.Shared.rsp
[346/898    0s] WriteText Library/Bee/artifacts/2400b0aE.dag/Unity.PlasticSCM.Editor.rsp
[347/898    0s] WriteText Library/Bee/artifacts/2400b0aE.dag/Unity.TextMeshPro.rsp
[348/898    0s] WriteText Library/Bee/artifacts/2400b0aE.dag/Unity.VisualStudio.Editor.rsp2
[349/898    0s] WriteText Library/Bee/artifacts/2400b0aE.dag/Unity.RenderPipelines.Universal.2D.Runtime.rsp
[350/898    0s] WriteText Library/Bee/artifacts/2400b0aE.dag/Unity.AI.Navigation.Editor.rsp
[351/898    0s] WriteText Library/Bee/artifacts/2400b0aE.dag/Unity.Rider.Editor.UnityAdditionalFile.txt
[352/898    0s] WriteText Library/Bee/artifacts/2400b0aE.dag/Unity.Timeline.rsp
[353/898    0s] WriteText Library/Bee/artifacts/2400b0aE.dag/Unity.Rendering.LightTransport.Editor.rsp2
[354/898    0s] WriteText Library/Bee/artifacts/2400b0aE.dag/Unity.RenderPipelines.ShaderGraph.ShaderGraphLibrary.rsp2
[355/898    0s] WriteText Library/Bee/artifacts/2400b0aE.dag/Unity.RenderPipelines.Core.ShaderLibrary.rsp2
[356/898    0s] WriteText Library/Bee/artifacts/2400b0aE.dag/Unity.VisualScripting.State.Editor.rsp
[357/898    0s] WriteText Library/Bee/artifacts/2400b0aE.dag/Unity.Collections.Tests.CoreCLR.PublicJobPrivateGeneric.UnityAdditionalFile.txt
[358/898    0s] WriteText Library/Bee/artifacts/2400b0aE.dag/Unity.Rider.Editor.rsp2
[359/898    0s] WriteText Library/Bee/artifacts/2400b0aE.dag/Unity.InputSystem.ForUI.Editor.UnityAdditionalFile.txt
[360/898    0s] WriteText Library/Bee/artifacts/2400b0aE.dag/Unity.Collections.Tests.CoreCLR.PublicJobPrivateGeneric.rsp2
[361/898    0s] WriteText Library/Bee/artifacts/2400b0aE.dag/Unity.RenderPipelines.Universal.Shaders.rsp2
[362/898    0s] WriteText Library/Bee/artifacts/2400b0aE.dag/Unity.RenderPipelines.Universal.2D.Editor.Overrides.rsp2
[363/898    0s] WriteText Library/Bee/artifacts/2400b0aE.dag/UnityEditor.UI.Analytics.UnityAdditionalFile.txt
[364/898    0s] WriteText Library/Bee/artifacts/2400b0aE.dag/Unity.RenderPipelines.ShaderGraph.ShaderGraphLibrary.UnityAdditionalFile.txt
[365/898    0s] WriteText Library/Bee/artifacts/2400b0aE.dag/Unity.Rendering.LightTransport.Editor.UnityAdditionalFile.txt
[366/898    0s] WriteText Library/Bee/artifacts/2400b0aE.dag/Unity.RenderPipelines.Universal.Editor.UnityAdditionalFile.txt
[367/898    0s] WriteText Library/Bee/artifacts/2400b0aE.dag/Unity.RenderPipelines.Core.ShaderLibrary.UnityAdditionalFile.txt
[368/898    0s] WriteText Library/Bee/artifacts/2400b0aE.dag/Unity.RenderPipelines.Universal.Shaders.UnityAdditionalFile.txt
[369/898    0s] WriteText Library/Bee/artifacts/2400b0aE.dag/Unity.VisualScripting.Shared.Editor.UnityAdditionalFile.txt
[370/898    0s] WriteText Library/Bee/artifacts/2400b0aE.dag/Unity.AI.Navigation.Updater.rsp2
[371/898    0s] WriteText Library/Bee/artifacts/2400b0aE.dag/Unity.PlasticSCM.Editor.Assistant.rsp2
[372/898    0s] WriteText Library/Bee/artifacts/2400b0aE.dag/Unity.RenderPipelines.Universal.2D.Editor.Overrides.UnityAdditionalFile.txt
[373/898    0s] WriteText Library/Bee/artifacts/2400b0aE.dag/Unity.Collections.Tests.CoreCLR.PrivateJobNested.UnityAdditionalFile.txt
[374/898    0s] WriteText Library/Bee/artifacts/2400b0aE.dag/Unity.Collections.Tests.CoreCLR.InternalJobNestedPrivate.UnityAdditionalFile.txt
[375/898    0s] WriteText Library/Bee/artifacts/2400b0aE.dag/Unity.VisualScripting.SettingsProvider.Editor.rsp2
[376/898    0s] WriteText Library/Bee/artifacts/2400b0aE.dag/Unity.Collections.Tests.CoreCLR.InternalJobNestedPrivate.rsp2
[377/898    0s] WriteText Library/Bee/artifacts/2400b0aE.dag/Unity.RenderPipelines.Universal.Editor.rsp2
[378/898    0s] WriteText Library/Bee/artifacts/2400b0aE.dag/Unity.VisualScripting.SettingsProvider.Editor.UnityAdditionalFile.txt
[379/898    0s] WriteText Library/Bee/artifacts/2400b0aE.dag/Unity.Timeline.Editor.rsp2
[380/898    0s] WriteText Library/Bee/artifacts/2400b0aE.dag/Unity.VisualScripting.Shared.Editor.rsp2
[381/898    0s] WriteText Library/Bee/artifacts/2400b0aE.dag/Unity.TextMeshPro.Editor.rsp2
[382/898    0s] WriteText Library/Bee/artifacts/2400b0aE.dag/Unity.ShaderGraph.Editor.rsp
[384/898    0s] WriteText Library/Bee/artifacts/2400b0aE.dag/Unity.Collections.Tests.CoreCLR.PrivateJobNested.rsp2
[386/898    0s] WriteText Library/Bee/artifacts/2400b0aE.dag/Unity.Collections.Tests.CoreCLR.ProtectedJobNested.rsp2
[387/898    0s] WriteText Library/Bee/artifacts/2400b0aE.dag/Unity.TextMeshPro.Editor.UnityAdditionalFile.txt
[388/898    0s] WriteText Library/Bee/artifacts/2400b0aE.dag/UnityEditor.UI.Analytics.rsp2
[389/898    0s] WriteText Library/Bee/artifacts/2400b0aE.dag/Unity.InputSystem.ForUI.Editor.rsp2
[391/898    0s] WriteText Library/Bee/artifacts/2400b0aE.dag/Unity.PlasticSCM.Editor.Assistant.UnityAdditionalFile.txt
[395/898    0s] WriteText Library/Bee/artifacts/2400b0aE.dag/Unity.Collections.Tests.CoreCLR.ProtectedJobNested.UnityAdditionalFile.txt
[405/898    0s] WriteText Library/Bee/artifacts/2400b0aE.dag/Unity.Timeline.Editor.UnityAdditionalFile.txt
[408/898    0s] WriteText Library/Bee/artifacts/2400b0aE.dag/Unity.AI.Navigation.Updater.UnityAdditionalFile.txt
[410/898    0s] WriteText Library/Bee/artifacts/2400b0aE.dag/Unity.Collections.Editor.UnityAdditionalFile.txt
[416/898    0s] WriteText Library/Bee/artifacts/2400b0aE.dag/Unity.Collections.Editor.rsp2
[418/898    0s] WriteText Library/Bee/artifacts/2400b0aE.dag/Unity.VisualScripting.Shared.Editor.rsp
[419/898    0s] WriteText Library/Bee/artifacts/2400b0aE.dag/Unity.AI.Navigation.Updater.rsp
[420/898    0s] WriteText Library/Bee/artifacts/2400b0aE.dag/Unity.Collections.Tests.CoreCLR.ProtectedJobNested.rsp
[421/898    0s] WriteText Library/Bee/artifacts/2400b0aE.dag/UnityEditor.UI.Analytics.rsp
[422/898    0s] WriteText Library/Bee/artifacts/2400b0aE.dag/Unity.Collections.Tests.CoreCLR.InternalJobNestedPrivate.rsp
[423/898    0s] WriteText Library/Bee/artifacts/2400b0aE.dag/Unity.Rendering.LightTransport.Editor.rsp
[424/898    0s] WriteText Library/Bee/artifacts/2400b0aE.dag/Unity.Collections.Tests.CoreCLR.PublicJobPrivateGeneric.rsp
[426/898    0s] WriteText Library/Bee/artifacts/2400b0aE.dag/Unity.RenderPipelines.Universal.Shaders.rsp
[427/898    0s] WriteText Library/Bee/artifacts/2400b0aE.dag/Unity.RenderPipelines.Universal.2D.Editor.Overrides.rsp
[429/898    0s] WriteText Library/Bee/artifacts/2400b0aE.dag/Unity.RenderPipelines.Universal.Editor.rsp
[433/898    0s] WriteText Library/Bee/artifacts/2400b0aE.dag/Unity.Timeline.Editor.rsp
[435/898    0s] WriteText Library/Bee/artifacts/2400b0aE.dag/Unity.RenderPipelines.Core.ShaderLibrary.rsp
[436/898    0s] WriteText Library/Bee/artifacts/2400b0aE.dag/Unity.Collections.Editor.rsp
[437/898    0s] WriteText Library/Bee/artifacts/2400b0aE.dag/Unity.PlasticSCM.Editor.Assistant.rsp
[439/898    0s] WriteText Library/Bee/artifacts/2400b0aE.dag/Unity.PerformanceTesting.rsp2
[442/898    0s] WriteText Library/Bee/artifacts/2400b0aE.dag/Unity.Collections.Tests.CoreCLR.PrivateJobNested.rsp
[443/898    0s] WriteText Library/Bee/artifacts/2400b0aE.dag/Unity.PerformanceTesting.UnityAdditionalFile.txt
[448/898    0s] WriteText Library/Bee/artifacts/2400b0aE.dag/Unity.InputSystem.TestFramework.rsp2
[449/898    0s] WriteText Library/Bee/artifacts/2400b0aE.dag/Unity.RenderPipelines.ShaderGraph.ShaderGraphLibrary.rsp
[450/898    0s] WriteText Library/Bee/artifacts/2400b0aE.dag/Unity.VisualScripting.DocCodeExamples.UnityAdditionalFile.txt
[451/898    0s] WriteText Library/Bee/artifacts/2400b0aE.dag/Unity.PlasticSCM.Editor.Entities.rsp2
[452/898    0s] WriteText Library/Bee/artifacts/2400b0aE.dag/Unity.VisualScripting.DocCodeExamples.rsp2
[453/898    0s] WriteText Library/Bee/artifacts/2400b0aE.dag/Unity.InputSystem.DocCodeSamples.rsp2
[455/898    0s] WriteText Library/Bee/artifacts/2400b0aE.dag/Unity.InputSystem.TestFramework.UnityAdditionalFile.txt
[456/898    0s] WriteText Library/Bee/artifacts/2400b0aE.dag/Unity.InputSystem.DocCodeSamples.UnityAdditionalFile.txt
[457/898    0s] WriteText Library/Bee/artifacts/2400b0aE.dag/Assembly-CSharp-Editor.UnityAdditionalFile.txt
[461/898    0s] WriteText Library/Bee/artifacts/2400b0aE.dag/Assembly-CSharp.UnityAdditionalFile.txt
[462/898    0s] WriteText Library/Bee/artifacts/2400b0aE.dag/Unity.VisualScripting.SettingsProvider.Editor.rsp
[463/898    0s] WriteText Library/Bee/artifacts/2400b0aE.dag/Unity.TextMeshPro.Editor.rsp
[464/898    0s] WriteText Library/Bee/artifacts/2400b0aE.dag/Unity.CollabProxy.Editor.UnityAdditionalFile.txt
[465/898    0s] WriteText Library/Bee/artifacts/2400b0aE.dag/Unity.CollabProxy.Editor.rsp2
[466/898    0s] WriteText Library/Bee/artifacts/2400b0aE.dag/Unity.PlasticSCM.Editor.Entities.UnityAdditionalFile.txt
[467/898    0s] WriteText Library/Bee/artifacts/2400b0aE.dag/Unity.PerformanceTesting.Editor.UnityAdditionalFile.txt
[468/898    0s] WriteText Library/Bee/artifacts/2400b0aE.dag/Unity.PerformanceTesting.Editor.rsp2
[469/898    0s] WriteText Library/Bee/artifacts/2400b0aE.dag/Unity.VisualScripting.DocCodeExamples.rsp
[470/898    0s] WriteText Library/Bee/artifacts/2400b0aE.dag/Unity.CollabProxy.Editor.rsp
[471/898    0s] WriteText Library/Bee/artifacts/2400b0aE.dag/Unity.PlasticSCM.Editor.Entities.rsp
[472/898    1s] Csc Library/Bee/artifacts/2400b0aE.dag/UnityEngine.UI.dll (+2 others)
[           0s] Csc Library/Bee/artifacts/2400b0aE.dag/UnityEngine.UI.dll (+2 others) [CacheWrite e27b54c49931fc6c747922d7c79038cc00000000000000000000000000000006]
[           0s] Csc Library/Bee/artifacts/2400b0aE.dag/UnityEditor.UI.dll (+2 others) [CacheMiss e49e2dd2e1fae2f66552c8f79f61264c00000000000000000000000000000006]
[475/898    0s] Csc Library/Bee/artifacts/2400b0aE.dag/UnityEditor.UI.dll (+2 others)
[           0s] Csc Library/Bee/artifacts/2400b0aE.dag/UnityEditor.UI.dll (+2 others) [CacheWrite e49e2dd2e1fae2f66552c8f79f61264c00000000000000000000000000000006]
[           0s] Csc Library/Bee/artifacts/2400b0aE.dag/Unity.InternalAPIEngineBridge.RenderPipelines.Core.Editor.dll (+2 others) [CacheMiss 20ad24cb3d6fa5e995ea94afcc1ce07300000000000000000000000000000006]
[           0s] Csc Library/Bee/artifacts/2400b0aE.dag/Unity.InternalAPIEditorBridge.ShaderGraph.Editor.dll (+2 others) [CacheMiss 2b3f0935a68d17d459690248b3f2b98a00000000000000000000000000000006]
[           0s] Csc Library/Bee/artifacts/2400b0aE.dag/Unity.Burst.dll (+2 others) [CacheMiss 1a5a9268cf6cf9fdf1a4477eec6dac6300000000000000000000000000000006]
[           0s] Csc Library/Bee/artifacts/2400b0aE.dag/Unity.InternalAPIEngineBridge.RenderPipelines.Core.Runtime.Shared.dll (+2 others) [CacheMiss 9fd0441d0598e4129d85fd824de424e000000000000000000000000000000006]
[           0s] Csc Library/Bee/artifacts/2400b0aE.dag/Unity.GraphAuthoring.Editor.dll (+2 others) [CacheMiss 7d8373b2ee8dcb94444aeb12b93e833d00000000000000000000000000000006]
[           0s] Csc Library/Bee/artifacts/2400b0aE.dag/Unity.AI.Navigation.dll (+2 others) [CacheMiss 4cf8c390c8dd5512a11a420979b5445c00000000000000000000000000000006]
[           0s] Csc Library/Bee/artifacts/2400b0aE.dag/Unity.Profiling.Core.dll (+2 others) [CacheMiss be5b9af319365ac82435c7c8382071c700000000000000000000000000000006]
[           0s] Csc Library/Bee/artifacts/2400b0aE.dag/Unity.RenderPipelines.Universal.Shaders.dll (+2 others) [CacheMiss b17cfd3a98fc0600db56cdb0cf34114500000000000000000000000000000006]
[           0s] Csc Library/Bee/artifacts/2400b0aE.dag/Unity.ShaderGraph.Utilities.dll (+2 others) [CacheMiss 9b7c198e8d5597dd9f1e480debef167700000000000000000000000000000006]
[           0s] Csc Library/Bee/artifacts/2400b0aE.dag/Unity.AI.Navigation.Editor.ConversionSystem.dll (+2 others) [CacheMiss f8cddd9a247d0e2435c452c2a60ce4c500000000000000000000000000000006]
[           0s] Csc Library/Bee/artifacts/2400b0aE.dag/Unity.InternalAPIEngineBridge.ObjectDispatcher.Runtime.dll (+2 others) [CacheMiss f20cc4e76b3c7fa2364c1d3de8ff662500000000000000000000000000000006]
[           0s] Csc Library/Bee/artifacts/2400b0aE.dag/Unity.InternalAPIEngineBridge.004.dll (+2 others) [CacheMiss 5ac389c43d649697c070d11f765f06a100000000000000000000000000000006]
[510/898    0s] Csc Library/Bee/artifacts/2400b0aE.dag/Unity.ShaderGraph.Utilities.dll (+2 others)
[           0s] Csc Library/Bee/artifacts/2400b0aE.dag/Unity.ShaderGraph.Utilities.dll (+2 others) [CacheWrite 9b7c198e8d5597dd9f1e480debef167700000000000000000000000000000006]
[512/898    0s] Csc Library/Bee/artifacts/2400b0aE.dag/Unity.InternalAPIEngineBridge.004.dll (+2 others)
[           0s] Csc Library/Bee/artifacts/2400b0aE.dag/Unity.InternalAPIEngineBridge.004.dll (+2 others) [CacheWrite 5ac389c43d649697c070d11f765f06a100000000000000000000000000000006]
[           0s] Csc Library/Bee/artifacts/2400b0aE.dag/Unity.RenderPipelines.ShaderGraph.ShaderGraphLibrary.dll (+2 others) [CacheMiss 153c8bb69728e3f4f34a76765ab85f2100000000000000000000000000000006]
[           0s] Csc Library/Bee/artifacts/2400b0aE.dag/Unity.TextMeshPro.dll (+2 others) [CacheMiss 0b4d9a35e0be59b89e4e80a46d9d873d00000000000000000000000000000006]
[515/898    0s] Csc Library/Bee/artifacts/2400b0aE.dag/Unity.InternalAPIEngineBridge.ObjectDispatcher.Runtime.dll (+2 others)
[           0s] Csc Library/Bee/artifacts/2400b0aE.dag/Unity.InternalAPIEngineBridge.ObjectDispatcher.Runtime.dll (+2 others) [CacheWrite f20cc4e76b3c7fa2364c1d3de8ff662500000000000000000000000000000006]
[           0s] Csc Library/Bee/artifacts/2400b0aE.dag/Unity.Rendering.LightTransport.Editor.dll (+2 others) [CacheMiss 525de4f8e6fdce470fdf26f25534d12a00000000000000000000000000000006]
[517/898    0s] Csc Library/Bee/artifacts/2400b0aE.dag/Unity.Profiling.Core.dll (+2 others)
[           0s] Csc Library/Bee/artifacts/2400b0aE.dag/Unity.Profiling.Core.dll (+2 others) [CacheWrite be5b9af319365ac82435c7c8382071c700000000000000000000000000000006]
[535/898    0s] Csc Library/Bee/artifacts/2400b0aE.dag/Unity.InternalAPIEngineBridge.RenderPipelines.Core.Runtime.Shared.dll (+2 others)
[           0s] Csc Library/Bee/artifacts/2400b0aE.dag/Unity.InternalAPIEngineBridge.RenderPipelines.Core.Runtime.Shared.dll (+2 others) [CacheWrite 9fd0441d0598e4129d85fd824de424e000000000000000000000000000000006]
[537/898    0s] Csc Library/Bee/artifacts/2400b0aE.dag/Unity.Burst.dll (+2 others)
[           0s] Csc Library/Bee/artifacts/2400b0aE.dag/Unity.Timeline.dll (+2 others) [CacheMiss e1e4fa2216faf76768106ca908ec046100000000000000000000000000000006]
[           0s] Csc Library/Bee/artifacts/2400b0aE.dag/Unity.PlasticSCM.Editor.dll (+2 others) [CacheMiss 2662b0c30e155e9b2851ae250db318a500000000000000000000000000000006]
[           0s] Csc Library/Bee/artifacts/2400b0aE.dag/Unity.VisualScripting.Core.dll (+2 others) [CacheMiss b3e6d5b7ec505a1adc7636323ced2e9200000000000000000000000000000006]
[538/898    0s] Csc Library/Bee/artifacts/2400b0aE.dag/Unity.InternalAPIEditorBridge.ShaderGraph.Editor.dll (+2 others)
[           0s] Csc Library/Bee/artifacts/2400b0aE.dag/Unity.InternalAPIEditorBridge.ShaderGraph.Editor.dll (+2 others) [CacheWrite 2b3f0935a68d17d459690248b3f2b98a00000000000000000000000000000006]
[540/898    0s] Csc Library/Bee/artifacts/2400b0aE.dag/Unity.AI.Navigation.Editor.ConversionSystem.dll (+2 others)
[541/898    0s] Csc Library/Bee/artifacts/2400b0aE.dag/Unity.RenderPipelines.Universal.Shaders.dll (+2 others)
[542/898    0s] Csc Library/Bee/artifacts/2400b0aE.dag/Unity.AI.Navigation.dll (+2 others)
[           0s] Csc Library/Bee/artifacts/2400b0aE.dag/Unity.AI.Navigation.Editor.ConversionSystem.dll (+2 others) [CacheWrite f8cddd9a247d0e2435c452c2a60ce4c500000000000000000000000000000006]
[           0s] Csc Library/Bee/artifacts/2400b0aE.dag/Unity.RenderPipelines.Universal.Shaders.dll (+2 others) [CacheWrite b17cfd3a98fc0600db56cdb0cf34114500000000000000000000000000000006]
[           0s] Csc Library/Bee/artifacts/2400b0aE.dag/Unity.AI.Navigation.dll (+2 others) [CacheWrite 4cf8c390c8dd5512a11a420979b5445c00000000000000000000000000000006]
[           0s] Csc Library/Bee/artifacts/2400b0aE.dag/Unity.AI.Navigation.Editor.dll (+2 others) [CacheMiss c5f6b170ac02c23f2951d3c42d05bfab00000000000000000000000000000006]
[547/898    0s] Csc Library/Bee/artifacts/2400b0aE.dag/Unity.RenderPipelines.ShaderGraph.ShaderGraphLibrary.dll (+2 others)
[           0s] Csc Library/Bee/artifacts/2400b0aE.dag/Unity.RenderPipelines.ShaderGraph.ShaderGraphLibrary.dll (+2 others) [CacheWrite 153c8bb69728e3f4f34a76765ab85f2100000000000000000000000000000006]
[           0s] Csc Library/Bee/artifacts/2400b0aE.dag/Unity.RenderPipelines.Core.ShaderLibrary.dll (+2 others) [CacheMiss c525ec3fceb02899b90a34e34702529800000000000000000000000000000006]
[549/898    0s] Csc Library/Bee/artifacts/2400b0aE.dag/Unity.InternalAPIEngineBridge.RenderPipelines.Core.Editor.dll (+2 others)
[550/898    0s] Csc Library/Bee/artifacts/2400b0aE.dag/Unity.GraphAuthoring.Editor.dll (+2 others)
[           0s] Csc Library/Bee/artifacts/2400b0aE.dag/Unity.InternalAPIEngineBridge.RenderPipelines.Core.Editor.dll (+2 others) [CacheWrite 20ad24cb3d6fa5e995ea94afcc1ce07300000000000000000000000000000006]
[           0s] Csc Library/Bee/artifacts/2400b0aE.dag/Unity.GraphAuthoring.Editor.dll (+2 others) [CacheWrite 7d8373b2ee8dcb94444aeb12b93e833d00000000000000000000000000000006]
[553/898    0s] Csc Library/Bee/artifacts/2400b0aE.dag/Unity.Rendering.LightTransport.Editor.dll (+2 others)
[           0s] Csc Library/Bee/artifacts/2400b0aE.dag/Unity.Rendering.LightTransport.Editor.dll (+2 others) [CacheWrite 525de4f8e6fdce470fdf26f25534d12a00000000000000000000000000000006]
[555/898    0s] Csc Library/Bee/artifacts/2400b0aE.dag/Unity.RenderPipelines.Core.ShaderLibrary.dll (+2 others)
[           0s] Csc Library/Bee/artifacts/2400b0aE.dag/Unity.RenderPipelines.Core.ShaderLibrary.dll (+2 others) [CacheWrite c525ec3fceb02899b90a34e34702529800000000000000000000000000000006]
[557/898    0s] Csc Library/Bee/artifacts/2400b0aE.dag/Unity.AI.Navigation.Editor.dll (+2 others)
[           0s] Csc Library/Bee/artifacts/2400b0aE.dag/Unity.AI.Navigation.Editor.dll (+2 others) [CacheWrite c5f6b170ac02c23f2951d3c42d05bfab00000000000000000000000000000006]
[           0s] Csc Library/Bee/artifacts/2400b0aE.dag/Unity.AI.Navigation.Updater.dll (+2 others) [CacheMiss 1105d621cccc0e5381804b56a815162f00000000000000000000000000000006]
[560/898    0s] Csc Library/Bee/artifacts/2400b0aE.dag/Unity.AI.Navigation.Updater.dll (+2 others)
[           0s] Csc Library/Bee/artifacts/2400b0aE.dag/Unity.AI.Navigation.Updater.dll (+2 others) [CacheWrite 1105d621cccc0e5381804b56a815162f00000000000000000000000000000006]
[562/898    1s] Csc Library/Bee/artifacts/2400b0aE.dag/Unity.Timeline.dll (+2 others)
[           1s] Csc Library/Bee/artifacts/2400b0aE.dag/Unity.Burst.dll (+2 others) [CacheWrite 1a5a9268cf6cf9fdf1a4477eec6dac6300000000000000000000000000000006]
[           0s] Csc Library/Bee/artifacts/2400b0aE.dag/Unity.Timeline.dll (+2 others) [CacheWrite e1e4fa2216faf76768106ca908ec046100000000000000000000000000000006]
[           0s] Csc Library/Bee/artifacts/2400b0aE.dag/Unity.Collections.dll (+2 others) [CacheMiss f44605aca976ac341d8d1fbc03f6a13400000000000000000000000000000006]
[567/898    1s] Csc Library/Bee/artifacts/2400b0aE.dag/Unity.TextMeshPro.dll (+2 others)
[           0s] Csc Library/Bee/artifacts/2400b0aE.dag/Unity.Timeline.Editor.dll (+2 others) [CacheMiss e7f8e5360d18c5ceb5d446454d0301d100000000000000000000000000000006]
[           0s] Csc Library/Bee/artifacts/2400b0aE.dag/Unity.TextMeshPro.dll (+2 others) [CacheWrite 0b4d9a35e0be59b89e4e80a46d9d873d00000000000000000000000000000006]
[           0s] Csc Library/Bee/artifacts/2400b0aE.dag/UnityEditor.UI.Analytics.dll (+2 others) [CacheMiss d7e39b1e613535bc91cfbd763968686100000000000000000000000000000006]
[570/898    0s] Csc Library/Bee/artifacts/2400b0aE.dag/UnityEditor.UI.Analytics.dll (+2 others)
[           0s] Csc Library/Bee/artifacts/2400b0aE.dag/UnityEditor.UI.Analytics.dll (+2 others) [CacheWrite d7e39b1e613535bc91cfbd763968686100000000000000000000000000000006]
[572/898    1s] Csc Library/Bee/artifacts/2400b0aE.dag/Unity.VisualScripting.Core.dll (+2 others)
[           0s] Csc Library/Bee/artifacts/2400b0aE.dag/Unity.VisualScripting.Core.dll (+2 others) [CacheWrite b3e6d5b7ec505a1adc7636323ced2e9200000000000000000000000000000006]
[           0s] Csc Library/Bee/artifacts/2400b0aE.dag/Unity.VisualScripting.Flow.dll (+2 others) [CacheMiss 45d4121d77c6d6ded404049cdfce9b4100000000000000000000000000000006]
[           1s] Csc Library/Bee/artifacts/2400b0aE.dag/Unity.VisualScripting.Core.Editor.dll (+2 others) [CacheMiss 5d44cab7bde1e9991a7614591b75182f00000000000000000000000000000006]
[576/898    2s] Csc Library/Bee/artifacts/2400b0aE.dag/Unity.Timeline.Editor.dll (+2 others)
[           0s] Csc Library/Bee/artifacts/2400b0aE.dag/Unity.Timeline.Editor.dll (+2 others) [CacheWrite e7f8e5360d18c5ceb5d446454d0301d100000000000000000000000000000006]
[578/898    2s] Csc Library/Bee/artifacts/2400b0aE.dag/Unity.VisualScripting.Flow.dll (+2 others)
[           0s] Csc Library/Bee/artifacts/2400b0aE.dag/Unity.VisualScripting.Flow.dll (+2 others) [CacheWrite 45d4121d77c6d6ded404049cdfce9b4100000000000000000000000000000006]
[           0s] Csc Library/Bee/artifacts/2400b0aE.dag/Unity.VisualScripting.State.dll (+2 others) [CacheMiss c3751bf554a54353c7f88d92dda3581800000000000000000000000000000006]
[           0s] Csc Library/Bee/artifacts/2400b0aE.dag/Unity.VisualScripting.DocCodeExamples.dll (+2 others) [CacheMiss 25a2785fa9f82ec0b40177b42c24fba400000000000000000000000000000006]
[582/898    0s] Csc Library/Bee/artifacts/2400b0aE.dag/Unity.VisualScripting.DocCodeExamples.dll (+2 others)
[583/898    0s] Csc Library/Bee/artifacts/2400b0aE.dag/Unity.VisualScripting.State.dll (+2 others)
[           0s] Csc Library/Bee/artifacts/2400b0aE.dag/Unity.VisualScripting.DocCodeExamples.dll (+2 others) [CacheWrite 25a2785fa9f82ec0b40177b42c24fba400000000000000000000000000000006]
[           0s] Csc Library/Bee/artifacts/2400b0aE.dag/Unity.VisualScripting.State.dll (+2 others) [CacheWrite c3751bf554a54353c7f88d92dda3581800000000000000000000000000000006]
[585/898    4s] Csc Library/Bee/artifacts/2400b0aE.dag/Unity.PlasticSCM.Editor.dll (+2 others)
[           0s] Csc Library/Bee/artifacts/2400b0aE.dag/Unity.PlasticSCM.Editor.dll (+2 others) [CacheWrite 2662b0c30e155e9b2851ae250db318a500000000000000000000000000000006]
[           0s] Csc Library/Bee/artifacts/2400b0aE.dag/Unity.PlasticSCM.Editor.Assistant.dll (+2 others) [CacheMiss b151c114de4e785d492845fecf1e004800000000000000000000000000000006]
[           0s] Csc Library/Bee/artifacts/2400b0aE.dag/Unity.PlasticSCM.Editor.Entities.dll (+2 others) [CacheMiss 662aa22db394d1d386f8bdd8a1a34b1a00000000000000000000000000000006]
[           0s] Csc Library/Bee/artifacts/2400b0aE.dag/Unity.CollabProxy.Editor.dll (+2 others) [CacheMiss 79cd96ab1f123c0b50f2383d72be899600000000000000000000000000000006]
[590/898    3s] Csc Library/Bee/artifacts/2400b0aE.dag/Unity.Collections.dll (+2 others)
[           0s] Csc Library/Bee/artifacts/2400b0aE.dag/Unity.Collections.dll (+2 others) [CacheWrite f44605aca976ac341d8d1fbc03f6a13400000000000000000000000000000006]
[           0s] Csc Library/Bee/artifacts/2400b0aE.dag/Unity.Collections.Tests.CoreCLR.PrivateJobNested.dll (+2 others) [CacheMiss fa1b17961dd18e9c4c8a81ebe05818a800000000000000000000000000000006]
[           0s] Csc Library/Bee/artifacts/2400b0aE.dag/Unity.Collections.Tests.CoreCLR.PublicJobPrivateGeneric.dll (+2 others) [CacheMiss d6433314bfbec0471843bdba4e47db0800000000000000000000000000000006]
[           0s] Csc Library/Bee/artifacts/2400b0aE.dag/Unity.Collections.Editor.dll (+2 others) [CacheMiss 5edf4377595c3faa2728070de0411c1500000000000000000000000000000006]
[           0s] Csc Library/Bee/artifacts/2400b0aE.dag/Unity.Collections.Tests.CoreCLR.InternalJobNestedPrivate.dll (+2 others) [CacheMiss b26eded2e15cbee039811cb530452ddd00000000000000000000000000000006]
[           0s] Csc Library/Bee/artifacts/2400b0aE.dag/Unity.RenderPipelines.Core.Runtime.dll (+2 others) [CacheMiss ba1a62e5d849580d830a4022830070e700000000000000000000000000000006]
[           0s] Csc Library/Bee/artifacts/2400b0aE.dag/Unity.Collections.CodeGen.dll (+2 others) [CacheMiss 8a8441b66b06286a8adb720f151abd8c00000000000000000000000000000006]
[           0s] Csc Library/Bee/artifacts/2400b0aE.dag/Unity.UnifiedRayTracing.Runtime.dll (+2 others) [CacheMiss fd23fe456b3142347acfdf5cd15bb2ac00000000000000000000000000000006]
[           0s] Csc Library/Bee/artifacts/2400b0aE.dag/Unity.Collections.Tests.CoreCLR.ProtectedJobNested.dll (+2 others) [CacheMiss 93afcb73047e83ffba5e444c9f03aba100000000000000000000000000000006]
[600/898    0s] Csc Library/Bee/artifacts/2400b0aE.dag/Unity.PlasticSCM.Editor.Assistant.dll (+2 others)
[601/898    0s] Csc Library/Bee/artifacts/2400b0aE.dag/Unity.PlasticSCM.Editor.Entities.dll (+2 others)
[           0s] Csc Library/Bee/artifacts/2400b0aE.dag/Unity.PlasticSCM.Editor.Assistant.dll (+2 others) [CacheWrite b151c114de4e785d492845fecf1e004800000000000000000000000000000006]
[           0s] Csc Library/Bee/artifacts/2400b0aE.dag/Unity.PlasticSCM.Editor.Entities.dll (+2 others) [CacheWrite 662aa22db394d1d386f8bdd8a1a34b1a00000000000000000000000000000006]
[603/898    0s] Csc Library/Bee/artifacts/2400b0aE.dag/Unity.Collections.Tests.CoreCLR.PrivateJobNested.dll (+2 others)
[           0s] Csc Library/Bee/artifacts/2400b0aE.dag/Unity.Collections.Tests.CoreCLR.PrivateJobNested.dll (+2 others) [CacheWrite fa1b17961dd18e9c4c8a81ebe05818a800000000000000000000000000000006]
[605/898    0s] Csc Library/Bee/artifacts/2400b0aE.dag/Unity.CollabProxy.Editor.dll (+2 others)
[           0s] Csc Library/Bee/artifacts/2400b0aE.dag/Unity.CollabProxy.Editor.dll (+2 others) [CacheWrite 79cd96ab1f123c0b50f2383d72be899600000000000000000000000000000006]
[606/898    0s] Csc Library/Bee/artifacts/2400b0aE.dag/Unity.Collections.Tests.CoreCLR.ProtectedJobNested.dll (+2 others)
[607/898    0s] Csc Library/Bee/artifacts/2400b0aE.dag/Unity.Collections.CodeGen.dll (+2 others)
[           0s] Csc Library/Bee/artifacts/2400b0aE.dag/Unity.Collections.CodeGen.dll (+2 others) [CacheWrite 8a8441b66b06286a8adb720f151abd8c00000000000000000000000000000006]
[           0s] Csc Library/Bee/artifacts/2400b0aE.dag/Unity.Collections.Tests.CoreCLR.ProtectedJobNested.dll (+2 others) [CacheWrite 93afcb73047e83ffba5e444c9f03aba100000000000000000000000000000006]
[611/898    0s] ILPP-Configuration Library/ilpp-configuration.nevergeneratedoutput
[612/898    0s] Csc Library/Bee/artifacts/2400b0aE.dag/Unity.Collections.Editor.dll (+2 others)
[613/898    0s] Csc Library/Bee/artifacts/2400b0aE.dag/Unity.Collections.Tests.CoreCLR.InternalJobNestedPrivate.dll (+2 others)
[614/898    0s] Csc Library/Bee/artifacts/2400b0aE.dag/Unity.UnifiedRayTracing.Runtime.dll (+2 others)
[           0s] Csc Library/Bee/artifacts/2400b0aE.dag/Unity.Collections.Tests.CoreCLR.InternalJobNestedPrivate.dll (+2 others) [CacheWrite b26eded2e15cbee039811cb530452ddd00000000000000000000000000000006]
[           0s] Csc Library/Bee/artifacts/2400b0aE.dag/Unity.Collections.Editor.dll (+2 others) [CacheWrite 5edf4377595c3faa2728070de0411c1500000000000000000000000000000006]
[           0s] Csc Library/Bee/artifacts/2400b0aE.dag/Unity.UnifiedRayTracing.Runtime.dll (+2 others) [CacheWrite fd23fe456b3142347acfdf5cd15bb2ac00000000000000000000000000000006]
[618/898    2s] Csc Library/Bee/artifacts/2400b0aE.dag/Unity.VisualScripting.Core.Editor.dll (+2 others)
[           0s] Csc Library/Bee/artifacts/2400b0aE.dag/Unity.VisualScripting.Core.Editor.dll (+2 others) [CacheWrite 5d44cab7bde1e9991a7614591b75182f00000000000000000000000000000006]
[           0s] Csc Library/Bee/artifacts/2400b0aE.dag/Unity.VisualScripting.Flow.Editor.dll (+2 others) [CacheMiss 80581f8c88a276a598fa44f1078fd79b00000000000000000000000000000006]
[621/898    0s] ILPostProcess Library/Bee/artifacts/2400b0aE.dag/post-processed/Unity.Collections.Tests.CoreCLR.ProtectedJobNested.dll (+pdb)
Processing assembly Library/Bee/artifacts/2400b0aE.dag/Unity.Collections.Tests.CoreCLR.ProtectedJobNested.dll, with 138 defines and 304 references
processors: Unity.Jobs.CodeGen.JobsILPostProcessor, zzzUnity.Burst.CodeGen.BurstILPostProcessor
1 processor(s) skipped this assembly
running Unity.Jobs.CodeGen.JobsILPostProcessor
[622/898    0s] ILPostProcess Library/Bee/artifacts/2400b0aE.dag/post-processed/Unity.Collections.Tests.CoreCLR.InternalJobNestedPrivate.dll (+pdb)
Processing assembly Library/Bee/artifacts/2400b0aE.dag/Unity.Collections.Tests.CoreCLR.InternalJobNestedPrivate.dll, with 138 defines and 304 references
processors: Unity.Jobs.CodeGen.JobsILPostProcessor, zzzUnity.Burst.CodeGen.BurstILPostProcessor
1 processor(s) skipped this assembly
running Unity.Jobs.CodeGen.JobsILPostProcessor
[623/898    0s] ILPostProcess Library/Bee/artifacts/2400b0aE.dag/post-processed/Unity.VisualScripting.DocCodeExamples.dll (+pdb)
Processing assembly Library/Bee/artifacts/2400b0aE.dag/Unity.VisualScripting.DocCodeExamples.dll, with 138 defines and 291 references
processors: Unity.Jobs.CodeGen.JobsILPostProcessor, zzzUnity.Burst.CodeGen.BurstILPostProcessor
1 processor(s) skipped this assembly
running Unity.Jobs.CodeGen.JobsILPostProcessor
[624/898    0s] ILPostProcess Library/Bee/artifacts/2400b0aE.dag/post-processed/Unity.AI.Navigation.dll (+pdb)
Processing assembly Library/Bee/artifacts/2400b0aE.dag/Unity.AI.Navigation.dll, with 139 defines and 303 references
processors: Unity.Jobs.CodeGen.JobsILPostProcessor, zzzUnity.Burst.CodeGen.BurstILPostProcessor
1 processor(s) skipped this assembly
running Unity.Jobs.CodeGen.JobsILPostProcessor
[625/898    0s] ILPostProcess Library/Bee/artifacts/2400b0aE.dag/post-processed/Unity.Burst.dll (+pdb)
Processing assembly Library/Bee/artifacts/2400b0aE.dag/Unity.Burst.dll, with 138 defines and 303 references
processors: Unity.Jobs.CodeGen.JobsILPostProcessor, zzzUnity.Burst.CodeGen.BurstILPostProcessor
running Unity.Jobs.CodeGen.JobsILPostProcessor
running zzzUnity.Burst.CodeGen.BurstILPostProcessor
[626/898    0s] ILPostProcess Library/Bee/artifacts/2400b0aE.dag/post-processed/Unity.InternalAPIEngineBridge.004.dll (+pdb)
Processing assembly Library/Bee/artifacts/2400b0aE.dag/Unity.InternalAPIEngineBridge.004.dll, with 138 defines and 303 references
processors: Unity.Jobs.CodeGen.JobsILPostProcessor, zzzUnity.Burst.CodeGen.BurstILPostProcessor
1 processor(s) skipped this assembly
running Unity.Jobs.CodeGen.JobsILPostProcessor
[627/898    0s] ILPostProcess Library/Bee/artifacts/2400b0aE.dag/post-processed/Unity.InternalAPIEngineBridge.RenderPipelines.Core.Runtime.Shared.dll (+pdb)
Processing assembly Library/Bee/artifacts/2400b0aE.dag/Unity.InternalAPIEngineBridge.RenderPipelines.Core.Runtime.Shared.dll, with 138 defines and 303 references
processors: Unity.Jobs.CodeGen.JobsILPostProcessor, zzzUnity.Burst.CodeGen.BurstILPostProcessor
1 processor(s) skipped this assembly
running Unity.Jobs.CodeGen.JobsILPostProcessor
[628/898    0s] ILPostProcess Library/Bee/artifacts/2400b0aE.dag/post-processed/Unity.RenderPipelines.Universal.Shaders.dll (+pdb)
Processing assembly Library/Bee/artifacts/2400b0aE.dag/Unity.RenderPipelines.Universal.Shaders.dll, with 138 defines and 303 references
processors: Unity.Jobs.CodeGen.JobsILPostProcessor, zzzUnity.Burst.CodeGen.BurstILPostProcessor
1 processor(s) skipped this assembly
running Unity.Jobs.CodeGen.JobsILPostProcessor
[629/898    0s] ILPostProcess Library/Bee/artifacts/2400b0aE.dag/post-processed/Unity.InternalAPIEngineBridge.ObjectDispatcher.Runtime.dll (+pdb)
Processing assembly Library/Bee/artifacts/2400b0aE.dag/Unity.InternalAPIEngineBridge.ObjectDispatcher.Runtime.dll, with 138 defines and 303 references
processors: Unity.Jobs.CodeGen.JobsILPostProcessor, zzzUnity.Burst.CodeGen.BurstILPostProcessor
1 processor(s) skipped this assembly
running Unity.Jobs.CodeGen.JobsILPostProcessor
[630/898    1s] Csc Library/Bee/artifacts/2400b0aE.dag/Unity.Collections.Tests.CoreCLR.PublicJobPrivateGeneric.dll (+2 others)
[           0s] Csc Library/Bee/artifacts/2400b0aE.dag/Unity.Collections.Tests.CoreCLR.PublicJobPrivateGeneric.dll (+2 others) [CacheWrite d6433314bfbec0471843bdba4e47db0800000000000000000000000000000006]
[632/898    0s] ILPostProcess Library/Bee/artifacts/2400b0aE.dag/post-processed/Unity.UnifiedRayTracing.Runtime.dll (+pdb)
Processing assembly Library/Bee/artifacts/2400b0aE.dag/Unity.UnifiedRayTracing.Runtime.dll, with 140 defines and 305 references
processors: Unity.Jobs.CodeGen.JobsILPostProcessor, zzzUnity.Burst.CodeGen.BurstILPostProcessor
running Unity.Jobs.CodeGen.JobsILPostProcessor
running zzzUnity.Burst.CodeGen.BurstILPostProcessor
[633/898    0s] Csc Library/Bee/artifacts/2400b0aE.dag/Unity.VisualScripting.Flow.Editor.dll (+2 others)
[           0s] Csc Library/Bee/artifacts/2400b0aE.dag/Unity.VisualScripting.Flow.Editor.dll (+2 others) [CacheWrite 80581f8c88a276a598fa44f1078fd79b00000000000000000000000000000006]
[           0s] Csc Library/Bee/artifacts/2400b0aE.dag/Unity.VisualScripting.State.Editor.dll (+2 others) [CacheMiss 1aeaaa82b966d1d96e63657c97dea30600000000000000000000000000000006]
[636/898    0s] ILPostProcess Library/Bee/artifacts/2400b0aE.dag/post-processed/Unity.RenderPipelines.Core.ShaderLibrary.dll (+pdb)
Processing assembly Library/Bee/artifacts/2400b0aE.dag/Unity.RenderPipelines.Core.ShaderLibrary.dll, with 138 defines and 303 references
processors: Unity.Jobs.CodeGen.JobsILPostProcessor, zzzUnity.Burst.CodeGen.BurstILPostProcessor
1 processor(s) skipped this assembly
running Unity.Jobs.CodeGen.JobsILPostProcessor
[637/898    0s] ILPostProcess Library/Bee/artifacts/2400b0aE.dag/post-processed/Unity.Collections.Tests.CoreCLR.PublicJobPrivateGeneric.dll (+pdb)
Processing assembly Library/Bee/artifacts/2400b0aE.dag/Unity.Collections.Tests.CoreCLR.PublicJobPrivateGeneric.dll, with 138 defines and 304 references
processors: Unity.Jobs.CodeGen.JobsILPostProcessor, zzzUnity.Burst.CodeGen.BurstILPostProcessor
1 processor(s) skipped this assembly
running Unity.Jobs.CodeGen.JobsILPostProcessor
[           0s] Csc Library/Bee/artifacts/2400b0aE.dag/Unity.VisualScripting.SettingsProvider.Editor.dll (+2 others) [CacheMiss 6fe817c3bb083db7958286b2b6205ac600000000000000000000000000000006]
[639/898    0s] ILPostProcess Library/Bee/artifacts/2400b0aE.dag/post-processed/Unity.Timeline.dll (+pdb)
Processing assembly Library/Bee/artifacts/2400b0aE.dag/Unity.Timeline.dll, with 139 defines and 303 references
processors: Unity.Jobs.CodeGen.JobsILPostProcessor, zzzUnity.Burst.CodeGen.BurstILPostProcessor
1 processor(s) skipped this assembly
running Unity.Jobs.CodeGen.JobsILPostProcessor
[640/898    0s] ILPostProcess Library/Bee/artifacts/2400b0aE.dag/post-processed/Unity.Collections.Tests.CoreCLR.PrivateJobNested.dll (+pdb)
Processing assembly Library/Bee/artifacts/2400b0aE.dag/Unity.Collections.Tests.CoreCLR.PrivateJobNested.dll, with 138 defines and 304 references
processors: Unity.Jobs.CodeGen.JobsILPostProcessor, zzzUnity.Burst.CodeGen.BurstILPostProcessor
1 processor(s) skipped this assembly
running Unity.Jobs.CodeGen.JobsILPostProcessor
[641/898    0s] ILPostProcess Library/Bee/artifacts/2400b0aE.dag/post-processed/UnityEngine.TestRunner.dll (+pdb)
Processing assembly Library/Bee/artifacts/2400b0aE.dag/UnityEngine.TestRunner.dll, with 139 defines and 285 references
processors: Unity.Jobs.CodeGen.JobsILPostProcessor, zzzUnity.Burst.CodeGen.BurstILPostProcessor
1 processor(s) skipped this assembly
running Unity.Jobs.CodeGen.JobsILPostProcessor
[642/898    0s] ILPostProcess Library/Bee/artifacts/2400b0aE.dag/post-processed/Unity.Profiling.Core.dll (+pdb)
Processing assembly Library/Bee/artifacts/2400b0aE.dag/Unity.Profiling.Core.dll, with 138 defines and 303 references
processors: Unity.Jobs.CodeGen.JobsILPostProcessor, zzzUnity.Burst.CodeGen.BurstILPostProcessor
1 processor(s) skipped this assembly
running Unity.Jobs.CodeGen.JobsILPostProcessor
[643/898    0s] ILPostProcess Library/Bee/artifacts/2400b0aE.dag/post-processed/Unity.PlasticSCM.Editor.Assistant.dll (+pdb)
Processing assembly Library/Bee/artifacts/2400b0aE.dag/Unity.PlasticSCM.Editor.Assistant.dll, with 136 defines and 315 references
processors: Unity.Jobs.CodeGen.JobsILPostProcessor, zzzUnity.Burst.CodeGen.BurstILPostProcessor
1 processor(s) skipped this assembly
running Unity.Jobs.CodeGen.JobsILPostProcessor
[644/898    0s] ILPostProcess Library/Bee/artifacts/2400b0aE.dag/post-processed/Unity.InputSystem.TestFramework.dll (+pdb)
Processing assembly Library/Bee/artifacts/2400b0aE.dag/Unity.InputSystem.TestFramework.dll, with 140 defines and 290 references
processors: Unity.Jobs.CodeGen.JobsILPostProcessor, zzzUnity.Burst.CodeGen.BurstILPostProcessor
1 processor(s) skipped this assembly
running Unity.Jobs.CodeGen.JobsILPostProcessor
[645/898    0s] ILPostProcess Library/Bee/artifacts/2400b0aE.dag/post-processed/Unity.AI.Navigation.Editor.ConversionSystem.dll (+pdb)
Processing assembly Library/Bee/artifacts/2400b0aE.dag/Unity.AI.Navigation.Editor.ConversionSystem.dll, with 136 defines and 314 references
processors: Unity.Jobs.CodeGen.JobsILPostProcessor, zzzUnity.Burst.CodeGen.BurstILPostProcessor
1 processor(s) skipped this assembly
running Unity.Jobs.CodeGen.JobsILPostProcessor
[646/898    0s] Csc Library/Bee/artifacts/2400b0aE.dag/Unity.VisualScripting.SettingsProvider.Editor.dll (+2 others)
[           0s] Csc Library/Bee/artifacts/2400b0aE.dag/Unity.VisualScripting.SettingsProvider.Editor.dll (+2 others) [CacheWrite 6fe817c3bb083db7958286b2b6205ac600000000000000000000000000000006]
[648/898    1s] ILPostProcess Library/Bee/artifacts/2400b0aE.dag/post-processed/Unity.VisualScripting.State.dll (+pdb)
Processing assembly Library/Bee/artifacts/2400b0aE.dag/Unity.VisualScripting.State.dll, with 138 defines and 305 references
processors: Unity.Jobs.CodeGen.JobsILPostProcessor, zzzUnity.Burst.CodeGen.BurstILPostProcessor
1 processor(s) skipped this assembly
running Unity.Jobs.CodeGen.JobsILPostProcessor
[649/898    1s] ILPostProcess Library/Bee/artifacts/2400b0aE.dag/post-processed/Unity.RenderPipelines.ShaderGraph.ShaderGraphLibrary.dll (+pdb)
Processing assembly Library/Bee/artifacts/2400b0aE.dag/Unity.RenderPipelines.ShaderGraph.ShaderGraphLibrary.dll, with 138 defines and 303 references
processors: Unity.Jobs.CodeGen.JobsILPostProcessor, zzzUnity.Burst.CodeGen.BurstILPostProcessor
1 processor(s) skipped this assembly
running Unity.Jobs.CodeGen.JobsILPostProcessor
[650/898    1s] ILPostProcess Library/Bee/artifacts/2400b0aE.dag/post-processed/Unity.PerformanceTesting.dll (+pdb)
Processing assembly Library/Bee/artifacts/2400b0aE.dag/Unity.PerformanceTesting.dll, with 139 defines and 288 references
processors: Unity.Jobs.CodeGen.JobsILPostProcessor, zzzUnity.Burst.CodeGen.BurstILPostProcessor
1 processor(s) skipped this assembly
running Unity.Jobs.CodeGen.JobsILPostProcessor
[651/898    1s] ILPostProcess Library/Bee/artifacts/2400b0aE.dag/post-processed/Unity.VisualScripting.Flow.dll (+pdb)
Processing assembly Library/Bee/artifacts/2400b0aE.dag/Unity.VisualScripting.Flow.dll, with 146 defines and 305 references
processors: Unity.Jobs.CodeGen.JobsILPostProcessor, zzzUnity.Burst.CodeGen.BurstILPostProcessor
1 processor(s) skipped this assembly
running Unity.Jobs.CodeGen.JobsILPostProcessor
[652/898    1s] ILPostProcess Library/Bee/artifacts/2400b0aE.dag/post-processed/Unity.InputSystem.ForUI.dll (+pdb)
Processing assembly Library/Bee/artifacts/2400b0aE.dag/Unity.InputSystem.ForUI.dll, with 138 defines and 304 references
processors: Unity.Jobs.CodeGen.JobsILPostProcessor, zzzUnity.Burst.CodeGen.BurstILPostProcessor
1 processor(s) skipped this assembly
running Unity.Jobs.CodeGen.JobsILPostProcessor
[653/898    0s] Csc Library/Bee/artifacts/2400b0aE.dag/Unity.VisualScripting.State.Editor.dll (+2 others)
[           0s] Csc Library/Bee/artifacts/2400b0aE.dag/Unity.VisualScripting.State.Editor.dll (+2 others) [CacheWrite 1aeaaa82b966d1d96e63657c97dea30600000000000000000000000000000006]
[           0s] Csc Library/Bee/artifacts/2400b0aE.dag/Unity.VisualScripting.Shared.Editor.dll (+2 others) [CacheMiss 5a59a1b96764381cb62176f556f25b6000000000000000000000000000000006]
[656/898    0s] ILPostProcess Library/Bee/artifacts/2400b0aE.dag/post-processed/UnityEngine.UI.dll (+pdb)
Processing assembly Library/Bee/artifacts/2400b0aE.dag/UnityEngine.UI.dll, with 144 defines and 301 references
processors: Unity.Jobs.CodeGen.JobsILPostProcessor, zzzUnity.Burst.CodeGen.BurstILPostProcessor
1 processor(s) skipped this assembly
running Unity.Jobs.CodeGen.JobsILPostProcessor
[657/898    0s] ILPostProcess Library/Bee/artifacts/2400b0aE.dag/post-processed/Unity.Collections.Editor.dll (+pdb)
Processing assembly Library/Bee/artifacts/2400b0aE.dag/Unity.Collections.Editor.dll, with 137 defines and 315 references
processors: Unity.Jobs.CodeGen.JobsILPostProcessor, zzzUnity.Burst.CodeGen.BurstILPostProcessor
1 processor(s) skipped this assembly
running Unity.Jobs.CodeGen.JobsILPostProcessor
[658/898    0s] Csc Library/Bee/artifacts/2400b0aE.dag/Unity.VisualScripting.Shared.Editor.dll (+2 others)
[           0s] Csc Library/Bee/artifacts/2400b0aE.dag/Unity.VisualScripting.Shared.Editor.dll (+2 others) [CacheWrite 5a59a1b96764381cb62176f556f25b6000000000000000000000000000000006]
[660/898    0s] ILPostProcess Library/Bee/artifacts/2400b0aE.dag/post-processed/Unity.Rendering.LightTransport.Editor.dll (+pdb)
Processing assembly Library/Bee/artifacts/2400b0aE.dag/Unity.Rendering.LightTransport.Editor.dll, with 136 defines and 314 references
processors: Unity.Jobs.CodeGen.JobsILPostProcessor, zzzUnity.Burst.CodeGen.BurstILPostProcessor
1 processor(s) skipped this assembly
running Unity.Jobs.CodeGen.JobsILPostProcessor
[661/898    0s] ILPostProcess Library/Bee/artifacts/2400b0aE.dag/post-processed/Unity.AI.Navigation.Updater.dll (+pdb)
Processing assembly Library/Bee/artifacts/2400b0aE.dag/Unity.AI.Navigation.Updater.dll, with 136 defines and 317 references
processors: Unity.Jobs.CodeGen.JobsILPostProcessor, zzzUnity.Burst.CodeGen.BurstILPostProcessor
1 processor(s) skipped this assembly
running Unity.Jobs.CodeGen.JobsILPostProcessor
[662/898    0s] ILPostProcess Library/Bee/artifacts/2400b0aE.dag/post-processed/Unity.TextMeshPro.dll (+pdb)
Processing assembly Library/Bee/artifacts/2400b0aE.dag/Unity.TextMeshPro.dll, with 139 defines and 304 references
processors: Unity.Jobs.CodeGen.JobsILPostProcessor, zzzUnity.Burst.CodeGen.BurstILPostProcessor
1 processor(s) skipped this assembly
running Unity.Jobs.CodeGen.JobsILPostProcessor
[663/898    0s] ILPostProcess Library/Bee/artifacts/2400b0aE.dag/post-processed/Unity.Searcher.Editor.dll (+pdb)
Processing assembly Library/Bee/artifacts/2400b0aE.dag/Unity.Searcher.Editor.dll, with 136 defines and 314 references
processors: Unity.Jobs.CodeGen.JobsILPostProcessor, zzzUnity.Burst.CodeGen.BurstILPostProcessor
1 processor(s) skipped this assembly
running Unity.Jobs.CodeGen.JobsILPostProcessor
[664/898    0s] ILPostProcess Library/Bee/artifacts/2400b0aE.dag/post-processed/UnityEditor.UI.dll (+pdb)
Processing assembly Library/Bee/artifacts/2400b0aE.dag/UnityEditor.UI.dll, with 139 defines and 313 references
processors: Unity.Jobs.CodeGen.JobsILPostProcessor, zzzUnity.Burst.CodeGen.BurstILPostProcessor
1 processor(s) skipped this assembly
running Unity.Jobs.CodeGen.JobsILPostProcessor
[665/898    1s] Csc Library/Bee/artifacts/2400b0aE.dag/Unity.RenderPipelines.Core.Runtime.dll (+2 others)
[           0s] Csc Library/Bee/artifacts/2400b0aE.dag/Unity.RenderPipelines.Core.Runtime.dll (+2 others) [CacheWrite ba1a62e5d849580d830a4022830070e700000000000000000000000000000006]
[           0s] Csc Library/Bee/artifacts/2400b0aE.dag/Unity.PathTracing.Runtime.dll (+2 others) [CacheMiss b88004a8ff14bcb4584f07fd3bd5edc900000000000000000000000000000006]
[668/898    0s] ILPostProcess Library/Bee/artifacts/2400b0aE.dag/post-processed/UnityEditor.UI.Analytics.dll (+pdb)
Processing assembly Library/Bee/artifacts/2400b0aE.dag/UnityEditor.UI.Analytics.dll, with 136 defines and 315 references
processors: Unity.Jobs.CodeGen.JobsILPostProcessor, zzzUnity.Burst.CodeGen.BurstILPostProcessor
1 processor(s) skipped this assembly
running Unity.Jobs.CodeGen.JobsILPostProcessor
[           0s] Csc Library/Bee/artifacts/2400b0aE.dag/Unity.RenderPipelines.GPUDriven.Runtime.dll (+2 others) [CacheMiss ee4991a6e59c7d4b72dfedced8da894b00000000000000000000000000000006]
[670/898    0s] ILPostProcess Library/Bee/artifacts/2400b0aE.dag/post-processed/Unity.VisualScripting.State.Editor.dll (+pdb)
Processing assembly Library/Bee/artifacts/2400b0aE.dag/Unity.VisualScripting.State.Editor.dll, with 136 defines and 319 references
processors: Unity.Jobs.CodeGen.JobsILPostProcessor, zzzUnity.Burst.CodeGen.BurstILPostProcessor
1 processor(s) skipped this assembly
running Unity.Jobs.CodeGen.JobsILPostProcessor
[671/898    0s] ILPostProcess Library/Bee/artifacts/2400b0aE.dag/post-processed/Unity.InputSystem.ForUI.Editor.dll (+pdb)
Processing assembly Library/Bee/artifacts/2400b0aE.dag/Unity.InputSystem.ForUI.Editor.dll, with 136 defines and 316 references
processors: Unity.Jobs.CodeGen.JobsILPostProcessor, zzzUnity.Burst.CodeGen.BurstILPostProcessor
1 processor(s) skipped this assembly
running Unity.Jobs.CodeGen.JobsILPostProcessor
[           0s] Csc Library/Bee/artifacts/2400b0aE.dag/Unity.RenderPipeline.Universal.ShaderLibrary.dll (+2 others) [CacheMiss 262a86c44ee45e07abbd0e356876a2fd00000000000000000000000000000006]
[           0s] Csc Library/Bee/artifacts/2400b0aE.dag/Unity.RenderPipelines.Core.Runtime.Shared.dll (+2 others) [CacheMiss 09ef9404043a911bf43775aa50f0acd900000000000000000000000000000006]
[674/898    0s] ILPostProcess Library/Bee/artifacts/2400b0aE.dag/post-processed/Unity.CollabProxy.Editor.dll (+pdb)
Processing assembly Library/Bee/artifacts/2400b0aE.dag/Unity.CollabProxy.Editor.dll, with 136 defines and 315 references
processors: Unity.Jobs.CodeGen.JobsILPostProcessor, zzzUnity.Burst.CodeGen.BurstILPostProcessor
1 processor(s) skipped this assembly
running Unity.Jobs.CodeGen.JobsILPostProcessor
[675/898    0s] ILPostProcess Library/Bee/artifacts/2400b0aE.dag/post-processed/Unity.PerformanceTesting.Editor.dll (+pdb)
Processing assembly Library/Bee/artifacts/2400b0aE.dag/Unity.PerformanceTesting.Editor.dll, with 137 defines and 301 references
processors: Unity.Jobs.CodeGen.JobsILPostProcessor, zzzUnity.Burst.CodeGen.BurstILPostProcessor
1 processor(s) skipped this assembly
running Unity.Jobs.CodeGen.JobsILPostProcessor
[676/898    0s] ILPostProcess Library/Bee/artifacts/2400b0aE.dag/post-processed/UnityEditor.TestRunner.dll (+pdb)
Processing assembly Library/Bee/artifacts/2400b0aE.dag/UnityEditor.TestRunner.dll, with 137 defines and 301 references
processors: Unity.Jobs.CodeGen.JobsILPostProcessor, zzzUnity.Burst.CodeGen.BurstILPostProcessor
1 processor(s) skipped this assembly
running Unity.Jobs.CodeGen.JobsILPostProcessor
[           0s] Csc Library/Bee/artifacts/2400b0aE.dag/Unity.RenderPipelines.Universal.Config.Runtime.dll (+2 others) [CacheMiss a1df78d667a92d3fe86f0bd98cef1f0900000000000000000000000000000006]
[           0s] Csc Library/Bee/artifacts/2400b0aE.dag/Unity.TextMeshPro.Editor.dll (+2 others) [CacheMiss 32bfac1bf12c464d0ccdecd33a1a592d00000000000000000000000000000006]
[679/898    0s] ILPostProcess Library/Bee/artifacts/2400b0aE.dag/post-processed/Unity.VisualScripting.Core.dll (+pdb)
Processing assembly Library/Bee/artifacts/2400b0aE.dag/Unity.VisualScripting.Core.dll, with 143 defines and 304 references
processors: Unity.Jobs.CodeGen.JobsILPostProcessor, zzzUnity.Burst.CodeGen.BurstILPostProcessor
1 processor(s) skipped this assembly
running Unity.Jobs.CodeGen.JobsILPostProcessor
[680/898    0s] ILPostProcess Library/Bee/artifacts/2400b0aE.dag/post-processed/Unity.VisualScripting.SettingsProvider.Editor.dll (+pdb)
Processing assembly Library/Bee/artifacts/2400b0aE.dag/Unity.VisualScripting.SettingsProvider.Editor.dll, with 136 defines and 319 references
processors: Unity.Jobs.CodeGen.JobsILPostProcessor, zzzUnity.Burst.CodeGen.BurstILPostProcessor
1 processor(s) skipped this assembly
running Unity.Jobs.CodeGen.JobsILPostProcessor
[681/898    0s] Csc Library/Bee/artifacts/2400b0aE.dag/Unity.RenderPipeline.Universal.ShaderLibrary.dll (+2 others)
[           0s] Csc Library/Bee/artifacts/2400b0aE.dag/Unity.RenderPipeline.Universal.ShaderLibrary.dll (+2 others) [CacheWrite 262a86c44ee45e07abbd0e356876a2fd00000000000000000000000000000006]
[683/898    0s] ILPostProcess Library/Bee/artifacts/2400b0aE.dag/post-processed/Unity.PlasticSCM.Editor.Entities.dll (+pdb)
Processing assembly Library/Bee/artifacts/2400b0aE.dag/Unity.PlasticSCM.Editor.Entities.dll, with 136 defines and 315 references
processors: Unity.Jobs.CodeGen.JobsILPostProcessor, zzzUnity.Burst.CodeGen.BurstILPostProcessor
1 processor(s) skipped this assembly
running Unity.Jobs.CodeGen.JobsILPostProcessor
[684/898    0s] ILPostProcess Library/Bee/artifacts/2400b0aE.dag/post-processed/Unity.GraphAuthoring.Editor.dll (+pdb)
Processing assembly Library/Bee/artifacts/2400b0aE.dag/Unity.GraphAuthoring.Editor.dll, with 136 defines and 314 references
processors: Unity.Jobs.CodeGen.JobsILPostProcessor, zzzUnity.Burst.CodeGen.BurstILPostProcessor
1 processor(s) skipped this assembly
running Unity.Jobs.CodeGen.JobsILPostProcessor
[685/898    0s] ILPostProcess Library/Bee/artifacts/2400b0aE.dag/post-processed/Unity.VisualScripting.Flow.Editor.dll (+pdb)
Processing assembly Library/Bee/artifacts/2400b0aE.dag/Unity.VisualScripting.Flow.Editor.dll, with 138 defines and 318 references
processors: Unity.Jobs.CodeGen.JobsILPostProcessor, zzzUnity.Burst.CodeGen.BurstILPostProcessor
1 processor(s) skipped this assembly
running Unity.Jobs.CodeGen.JobsILPostProcessor
[686/898    0s] Csc Library/Bee/artifacts/2400b0aE.dag/Unity.RenderPipelines.Core.Runtime.Shared.dll (+2 others)
[687/898    0s] ILPostProcess Library/Bee/artifacts/2400b0aE.dag/post-processed/Unity.VisualScripting.Shared.Editor.dll (+pdb)
Processing assembly Library/Bee/artifacts/2400b0aE.dag/Unity.VisualScripting.Shared.Editor.dll, with 136 defines and 320 references
processors: Unity.Jobs.CodeGen.JobsILPostProcessor, zzzUnity.Burst.CodeGen.BurstILPostProcessor
1 processor(s) skipped this assembly
running Unity.Jobs.CodeGen.JobsILPostProcessor
[688/898    0s] Csc Library/Bee/artifacts/2400b0aE.dag/Unity.RenderPipelines.Universal.Config.Runtime.dll (+2 others)
[           0s] Csc Library/Bee/artifacts/2400b0aE.dag/Unity.RenderPipelines.Core.Runtime.Shared.dll (+2 others) [CacheWrite 09ef9404043a911bf43775aa50f0acd900000000000000000000000000000006]
[           0s] Csc Library/Bee/artifacts/2400b0aE.dag/Unity.RenderPipelines.Universal.Config.Runtime.dll (+2 others) [CacheWrite a1df78d667a92d3fe86f0bd98cef1f0900000000000000000000000000000006]
[691/898    0s] ILPostProcess Library/Bee/artifacts/2400b0aE.dag/post-processed/Unity.ShaderGraph.Utilities.dll (+pdb)
Processing assembly Library/Bee/artifacts/2400b0aE.dag/Unity.ShaderGraph.Utilities.dll, with 136 defines and 314 references
processors: Unity.Jobs.CodeGen.JobsILPostProcessor, zzzUnity.Burst.CodeGen.BurstILPostProcessor
1 processor(s) skipped this assembly
running Unity.Jobs.CodeGen.JobsILPostProcessor
[692/898    0s] ILPostProcess Library/Bee/artifacts/2400b0aE.dag/post-processed/Unity.InternalAPIEngineBridge.RenderPipelines.Core.Editor.dll (+pdb)
Processing assembly Library/Bee/artifacts/2400b0aE.dag/Unity.InternalAPIEngineBridge.RenderPipelines.Core.Editor.dll, with 136 defines and 314 references
processors: Unity.Jobs.CodeGen.JobsILPostProcessor, zzzUnity.Burst.CodeGen.BurstILPostProcessor
1 processor(s) skipped this assembly
running Unity.Jobs.CodeGen.JobsILPostProcessor
[783/898    0s] Csc Library/Bee/artifacts/2400b0aE.dag/Unity.PathTracing.Runtime.dll (+2 others)
[           0s] Csc Library/Bee/artifacts/2400b0aE.dag/Unity.PathTracing.Runtime.dll (+2 others) [CacheWrite b88004a8ff14bcb4584f07fd3bd5edc900000000000000000000000000000006]
[           0s] Csc Library/Bee/artifacts/2400b0aE.dag/Unity.PathTracing.Editor.dll (+2 others) [CacheMiss b051460049b876488ee7a845a033c58900000000000000000000000000000006]
[           0s] Csc Library/Bee/artifacts/2400b0aE.dag/Unity.SurfaceCache.Runtime.dll (+2 others) [CacheMiss 7f84b3402c0d726e97b052226b49320100000000000000000000000000000006]
[787/898    0s] ILPostProcess Library/Bee/artifacts/2400b0aE.dag/post-processed/Unity.RenderPipeline.Universal.ShaderLibrary.dll (+pdb)
Processing assembly Library/Bee/artifacts/2400b0aE.dag/Unity.RenderPipeline.Universal.ShaderLibrary.dll, with 138 defines and 304 references
processors: Unity.Jobs.CodeGen.JobsILPostProcessor, zzzUnity.Burst.CodeGen.BurstILPostProcessor
1 processor(s) skipped this assembly
running Unity.Jobs.CodeGen.JobsILPostProcessor
[788/898    0s] ILPostProcess Library/Bee/artifacts/2400b0aE.dag/post-processed/Unity.InputSystem.DocCodeSamples.dll (+pdb)
Processing assembly Library/Bee/artifacts/2400b0aE.dag/Unity.InputSystem.DocCodeSamples.dll, with 136 defines and 301 references
processors: Unity.Jobs.CodeGen.JobsILPostProcessor, zzzUnity.Burst.CodeGen.BurstILPostProcessor
1 processor(s) skipped this assembly
running Unity.Jobs.CodeGen.JobsILPostProcessor
[793/898    0s] ILPostProcess Library/Bee/artifacts/2400b0aE.dag/post-processed/Unity.InternalAPIEditorBridge.ShaderGraph.Editor.dll (+pdb)
Processing assembly Library/Bee/artifacts/2400b0aE.dag/Unity.InternalAPIEditorBridge.ShaderGraph.Editor.dll, with 136 defines and 314 references
processors: Unity.Jobs.CodeGen.JobsILPostProcessor, zzzUnity.Burst.CodeGen.BurstILPostProcessor
1 processor(s) skipped this assembly
running Unity.Jobs.CodeGen.JobsILPostProcessor
[794/898    0s] ILPostProcess Library/Bee/artifacts/2400b0aE.dag/post-processed/Unity.RenderPipelines.Core.Runtime.Shared.dll (+pdb)
Processing assembly Library/Bee/artifacts/2400b0aE.dag/Unity.RenderPipelines.Core.Runtime.Shared.dll, with 138 defines and 306 references
processors: Unity.Jobs.CodeGen.JobsILPostProcessor, zzzUnity.Burst.CodeGen.BurstILPostProcessor
1 processor(s) skipped this assembly
running Unity.Jobs.CodeGen.JobsILPostProcessor
[795/898    0s] ILPostProcess Library/Bee/artifacts/2400b0aE.dag/post-processed/Unity.RenderPipelines.Universal.Config.Runtime.dll (+pdb)
Processing assembly Library/Bee/artifacts/2400b0aE.dag/Unity.RenderPipelines.Universal.Config.Runtime.dll, with 138 defines and 304 references
processors: Unity.Jobs.CodeGen.JobsILPostProcessor, zzzUnity.Burst.CodeGen.BurstILPostProcessor
1 processor(s) skipped this assembly
running Unity.Jobs.CodeGen.JobsILPostProcessor
[796/898    0s] ILPostProcess Library/Bee/artifacts/2400b0aE.dag/post-processed/Unity.AI.Navigation.Editor.dll (+pdb)
Processing assembly Library/Bee/artifacts/2400b0aE.dag/Unity.AI.Navigation.Editor.dll, with 137 defines and 316 references
processors: Unity.Jobs.CodeGen.JobsILPostProcessor, zzzUnity.Burst.CodeGen.BurstILPostProcessor
1 processor(s) skipped this assembly
running Unity.Jobs.CodeGen.JobsILPostProcessor
[805/898    0s] Csc Library/Bee/artifacts/2400b0aE.dag/Unity.TextMeshPro.Editor.dll (+2 others)
[           0s] Csc Library/Bee/artifacts/2400b0aE.dag/Unity.TextMeshPro.Editor.dll (+2 others) [CacheWrite 32bfac1bf12c464d0ccdecd33a1a592d00000000000000000000000000000006]
[807/898    0s] Csc Library/Bee/artifacts/2400b0aE.dag/Unity.RenderPipelines.GPUDriven.Runtime.dll (+2 others)
[           0s] Csc Library/Bee/artifacts/2400b0aE.dag/Unity.RenderPipelines.GPUDriven.Runtime.dll (+2 others) [CacheWrite ee4991a6e59c7d4b72dfedced8da894b00000000000000000000000000000006]
[809/898    2s] ILPostProcess Library/Bee/artifacts/2400b0aE.dag/post-processed/Unity.InputSystem.dll (+pdb)
Processing assembly Library/Bee/artifacts/2400b0aE.dag/Unity.InputSystem.dll, with 151 defines and 303 references
processors: Unity.Jobs.CodeGen.JobsILPostProcessor, zzzUnity.Burst.CodeGen.BurstILPostProcessor
1 processor(s) skipped this assembly
running Unity.Jobs.CodeGen.JobsILPostProcessor
[812/898    0s] Csc Library/Bee/artifacts/2400b0aE.dag/Unity.SurfaceCache.Runtime.dll (+2 others)
[           0s] Csc Library/Bee/artifacts/2400b0aE.dag/Unity.SurfaceCache.Runtime.dll (+2 others) [CacheWrite 7f84b3402c0d726e97b052226b49320100000000000000000000000000000006]
[           0s] Csc Library/Bee/artifacts/2400b0aE.dag/Unity.RenderPipelines.Universal.Runtime.dll (+2 others) [CacheMiss a3e8636d9643babb15015078473f4af800000000000000000000000000000006]
[815/898    0s] ILPostProcess Library/Bee/artifacts/2400b0aE.dag/post-processed/Unity.SurfaceCache.Runtime.dll (+pdb)
Processing assembly Library/Bee/artifacts/2400b0aE.dag/Unity.SurfaceCache.Runtime.dll, with 139 defines and 306 references
processors: Unity.Jobs.CodeGen.JobsILPostProcessor, zzzUnity.Burst.CodeGen.BurstILPostProcessor
1 processor(s) skipped this assembly
running Unity.Jobs.CodeGen.JobsILPostProcessor
[818/898    0s] Csc Library/Bee/artifacts/2400b0aE.dag/Unity.PathTracing.Editor.dll (+2 others)
[           0s] Csc Library/Bee/artifacts/2400b0aE.dag/Unity.PathTracing.Editor.dll (+2 others) [CacheWrite b051460049b876488ee7a845a033c58900000000000000000000000000000006]
[           0s] Csc Library/Bee/artifacts/2400b0aE.dag/Unity.RenderPipelines.Core.Editor.dll (+2 others) [CacheMiss 3d7e206ded7d5e5df8316f23c130797e00000000000000000000000000000006]
[821/898    0s] ILPostProcess Library/Bee/artifacts/2400b0aE.dag/post-processed/Unity.TextMeshPro.Editor.dll (+pdb)
Processing assembly Library/Bee/artifacts/2400b0aE.dag/Unity.TextMeshPro.Editor.dll, with 136 defines and 316 references
processors: Unity.Jobs.CodeGen.JobsILPostProcessor, zzzUnity.Burst.CodeGen.BurstILPostProcessor
1 processor(s) skipped this assembly
running Unity.Jobs.CodeGen.JobsILPostProcessor
[824/898    0s] ILPostProcess Library/Bee/artifacts/2400b0aE.dag/post-processed/Unity.PathTracing.Editor.dll (+pdb)
Processing assembly Library/Bee/artifacts/2400b0aE.dag/Unity.PathTracing.Editor.dll, with 137 defines and 317 references
processors: Unity.Jobs.CodeGen.JobsILPostProcessor, zzzUnity.Burst.CodeGen.BurstILPostProcessor
1 processor(s) skipped this assembly
running Unity.Jobs.CodeGen.JobsILPostProcessor
[825/898    1s] ILPostProcess Library/Bee/artifacts/2400b0aE.dag/post-processed/Unity.Timeline.Editor.dll (+pdb)
Processing assembly Library/Bee/artifacts/2400b0aE.dag/Unity.Timeline.Editor.dll, with 137 defines and 315 references
processors: Unity.Jobs.CodeGen.JobsILPostProcessor, zzzUnity.Burst.CodeGen.BurstILPostProcessor
1 processor(s) skipped this assembly
running Unity.Jobs.CodeGen.JobsILPostProcessor
[830/898    0s] ILPostProcess Library/Bee/artifacts/2400b0aE.dag/post-processed/Unity.PathTracing.Runtime.dll (+pdb)
Processing assembly Library/Bee/artifacts/2400b0aE.dag/Unity.PathTracing.Runtime.dll, with 141 defines and 306 references
processors: Unity.Jobs.CodeGen.JobsILPostProcessor, zzzUnity.Burst.CodeGen.BurstILPostProcessor
1 processor(s) skipped this assembly
running Unity.Jobs.CodeGen.JobsILPostProcessor
[833/898    1s] ILPostProcess Library/Bee/artifacts/2400b0aE.dag/post-processed/Unity.VisualScripting.Core.Editor.dll (+pdb)
Processing assembly Library/Bee/artifacts/2400b0aE.dag/Unity.VisualScripting.Core.Editor.dll, with 136 defines and 315 references
processors: Unity.Jobs.CodeGen.JobsILPostProcessor, zzzUnity.Burst.CodeGen.BurstILPostProcessor
1 processor(s) skipped this assembly
running Unity.Jobs.CodeGen.JobsILPostProcessor
[836/898    3s] ILPostProcess Library/Bee/artifacts/2400b0aE.dag/post-processed/Unity.Collections.dll (+pdb)
Processing assembly Library/Bee/artifacts/2400b0aE.dag/Unity.Collections.dll, with 140 defines and 304 references
processors: Unity.Jobs.CodeGen.JobsILPostProcessor, zzzUnity.Burst.CodeGen.BurstILPostProcessor
running Unity.Jobs.CodeGen.JobsILPostProcessor
running zzzUnity.Burst.CodeGen.BurstILPostProcessor
[839/898    1s] ILPostProcess Library/Bee/artifacts/2400b0aE.dag/post-processed/Unity.RenderPipelines.Core.Runtime.dll (+pdb)
Processing assembly Library/Bee/artifacts/2400b0aE.dag/Unity.RenderPipelines.Core.Runtime.dll, with 143 defines and 306 references
processors: Unity.Jobs.CodeGen.JobsILPostProcessor, zzzUnity.Burst.CodeGen.BurstILPostProcessor
1 processor(s) skipped this assembly
running Unity.Jobs.CodeGen.JobsILPostProcessor
[840/898    1s] ILPostProcess Library/Bee/artifacts/2400b0aE.dag/post-processed/Unity.RenderPipelines.GPUDriven.Runtime.dll (+pdb)
Processing assembly Library/Bee/artifacts/2400b0aE.dag/Unity.RenderPipelines.GPUDriven.Runtime.dll, with 139 defines and 307 references
processors: Unity.Jobs.CodeGen.JobsILPostProcessor, zzzUnity.Burst.CodeGen.BurstILPostProcessor
running Unity.Jobs.CodeGen.JobsILPostProcessor
running zzzUnity.Burst.CodeGen.BurstILPostProcessor
[845/898    2s] ILPostProcess Library/Bee/artifacts/2400b0aE.dag/post-processed/Unity.PlasticSCM.Editor.dll (+pdb)
Processing assembly Library/Bee/artifacts/2400b0aE.dag/Unity.PlasticSCM.Editor.dll, with 137 defines and 304 references
processors: Unity.Jobs.CodeGen.JobsILPostProcessor, zzzUnity.Burst.CodeGen.BurstILPostProcessor
1 processor(s) skipped this assembly
running Unity.Jobs.CodeGen.JobsILPostProcessor
[848/898    1s] Csc Library/Bee/artifacts/2400b0aE.dag/Unity.RenderPipelines.Universal.Runtime.dll (+2 others)
[           0s] Csc Library/Bee/artifacts/2400b0aE.dag/Unity.RenderPipelines.Universal.Runtime.dll (+2 others) [CacheWrite a3e8636d9643babb15015078473f4af800000000000000000000000000000006]
[           0s] Csc Library/Bee/artifacts/2400b0aE.dag/Unity.RenderPipelines.Universal.2D.Runtime.dll (+2 others) [CacheMiss cd4d3062f67ffc216062304214c90f3600000000000000000000000000000006]
[851/898    1s] Csc Library/Bee/artifacts/2400b0aE.dag/Unity.RenderPipelines.Core.Editor.dll (+2 others)
[           0s] Csc Library/Bee/artifacts/2400b0aE.dag/Unity.RenderPipelines.Core.Editor.dll (+2 others) [CacheWrite 3d7e206ded7d5e5df8316f23c130797e00000000000000000000000000000006]
[855/898    0s] ILPostProcess Library/Bee/artifacts/2400b0aE.dag/post-processed/Unity.RenderPipelines.Universal.Runtime.dll (+pdb)
Processing assembly Library/Bee/artifacts/2400b0aE.dag/Unity.RenderPipelines.Universal.Runtime.dll, with 146 defines and 313 references
processors: Unity.Jobs.CodeGen.JobsILPostProcessor, zzzUnity.Burst.CodeGen.BurstILPostProcessor
running Unity.Jobs.CodeGen.JobsILPostProcessor
running zzzUnity.Burst.CodeGen.BurstILPostProcessor
[858/898    0s] Csc Library/Bee/artifacts/2400b0aE.dag/Unity.RenderPipelines.Universal.2D.Runtime.dll (+2 others)
[           0s] Csc Library/Bee/artifacts/2400b0aE.dag/Unity.RenderPipelines.Universal.2D.Runtime.dll (+2 others) [CacheWrite cd4d3062f67ffc216062304214c90f3600000000000000000000000000000006]
[           0s] Csc Library/Bee/artifacts/2400b0aE.dag/Unity.RenderPipelines.Core.Editor.Shared.dll (+2 others) [CacheMiss fe3fa803636eb1755537f59c0ba5b93900000000000000000000000000000006]
[           0s] Csc Library/Bee/artifacts/2400b0aE.dag/Unity.ShaderGraph.Editor.dll (+2 others) [CacheMiss b11cc5e0ed4f6b694aff0f61f107abad00000000000000000000000000000006]
[860/898    0s] ILPostProcess Library/Bee/artifacts/2400b0aE.dag/post-processed/Unity.RenderPipelines.Core.Editor.dll (+pdb)
Processing assembly Library/Bee/artifacts/2400b0aE.dag/Unity.RenderPipelines.Core.Editor.dll, with 140 defines and 322 references
processors: Unity.Jobs.CodeGen.JobsILPostProcessor, zzzUnity.Burst.CodeGen.BurstILPostProcessor
1 processor(s) skipped this assembly
running Unity.Jobs.CodeGen.JobsILPostProcessor
[863/898    0s] ILPostProcess Library/Bee/artifacts/2400b0aE.dag/post-processed/Unity.RenderPipelines.Universal.2D.Runtime.dll (+pdb)
Processing assembly Library/Bee/artifacts/2400b0aE.dag/Unity.RenderPipelines.Universal.2D.Runtime.dll, with 141 defines and 308 references
processors: Unity.Jobs.CodeGen.JobsILPostProcessor, zzzUnity.Burst.CodeGen.BurstILPostProcessor
running Unity.Jobs.CodeGen.JobsILPostProcessor
running zzzUnity.Burst.CodeGen.BurstILPostProcessor
[866/898    0s] Csc Library/Bee/artifacts/2400b0aE.dag/Unity.RenderPipelines.Core.Editor.Shared.dll (+2 others)
[           0s] Csc Library/Bee/artifacts/2400b0aE.dag/Unity.RenderPipelines.Core.Editor.Shared.dll (+2 others) [CacheWrite fe3fa803636eb1755537f59c0ba5b93900000000000000000000000000000006]
[868/898    0s] ILPostProcess Library/Bee/artifacts/2400b0aE.dag/post-processed/Unity.RenderPipelines.Core.Editor.Shared.dll (+pdb)
Processing assembly Library/Bee/artifacts/2400b0aE.dag/Unity.RenderPipelines.Core.Editor.Shared.dll, with 136 defines and 321 references
processors: Unity.Jobs.CodeGen.JobsILPostProcessor, zzzUnity.Burst.CodeGen.BurstILPostProcessor
1 processor(s) skipped this assembly
running Unity.Jobs.CodeGen.JobsILPostProcessor
[871/898    2s] Csc Library/Bee/artifacts/2400b0aE.dag/Unity.ShaderGraph.Editor.dll (+2 others)
[           0s] Csc Library/Bee/artifacts/2400b0aE.dag/Unity.ShaderGraph.Editor.dll (+2 others) [CacheWrite b11cc5e0ed4f6b694aff0f61f107abad00000000000000000000000000000006]
[           0s] Csc Library/Bee/artifacts/2400b0aE.dag/Unity.RenderPipelines.Universal.2D.Editor.Overrides.dll (+2 others) [CacheMiss d1e28b96dd2d980db6e416bd378709ef00000000000000000000000000000006]
[           0s] Csc Library/Bee/artifacts/2400b0aE.dag/Unity.RenderPipelines.Universal.Editor.dll (+2 others) [CacheMiss 39f41d38699e539294f25907750cc28f00000000000000000000000000000006]
[875/898    0s] Csc Library/Bee/artifacts/2400b0aE.dag/Unity.RenderPipelines.Universal.2D.Editor.Overrides.dll (+2 others)
[           0s] Csc Library/Bee/artifacts/2400b0aE.dag/Unity.RenderPipelines.Universal.2D.Editor.Overrides.dll (+2 others) [CacheWrite d1e28b96dd2d980db6e416bd378709ef00000000000000000000000000000006]
[877/898    0s] ILPostProcess Library/Bee/artifacts/2400b0aE.dag/post-processed/Unity.RenderPipelines.Universal.2D.Editor.Overrides.dll (+pdb)
Processing assembly Library/Bee/artifacts/2400b0aE.dag/Unity.RenderPipelines.Universal.2D.Editor.Overrides.dll, with 137 defines and 322 references
processors: Unity.Jobs.CodeGen.JobsILPostProcessor, zzzUnity.Burst.CodeGen.BurstILPostProcessor
1 processor(s) skipped this assembly
running Unity.Jobs.CodeGen.JobsILPostProcessor
[880/898    0s] ILPostProcess Library/Bee/artifacts/2400b0aE.dag/post-processed/Unity.ShaderGraph.Editor.dll (+pdb)
Processing assembly Library/Bee/artifacts/2400b0aE.dag/Unity.ShaderGraph.Editor.dll, with 136 defines and 320 references
processors: Unity.Jobs.CodeGen.JobsILPostProcessor, zzzUnity.Burst.CodeGen.BurstILPostProcessor
1 processor(s) skipped this assembly
running Unity.Jobs.CodeGen.JobsILPostProcessor
[883/898    1s] Csc Library/Bee/artifacts/2400b0aE.dag/Unity.RenderPipelines.Universal.Editor.dll (+2 others)
[           0s] Csc Library/Bee/artifacts/2400b0aE.dag/Unity.RenderPipelines.Universal.Editor.dll (+2 others) [CacheWrite 39f41d38699e539294f25907750cc28f00000000000000000000000000000006]
[889/898    0s] ILPostProcess Library/Bee/artifacts/2400b0aE.dag/post-processed/Assembly-CSharp.dll (+pdb)
Processing assembly Library/Bee/artifacts/2400b0aE.dag/Assembly-CSharp.dll, with 138 defines and 349 references
processors: Unity.Jobs.CodeGen.JobsILPostProcessor, zzzUnity.Burst.CodeGen.BurstILPostProcessor
1 processor(s) skipped this assembly
running Unity.Jobs.CodeGen.JobsILPostProcessor
[890/898    0s] ILPostProcess Library/Bee/artifacts/2400b0aE.dag/post-processed/Assembly-CSharp-Editor.dll (+pdb)
Processing assembly Library/Bee/artifacts/2400b0aE.dag/Assembly-CSharp-Editor.dll, with 136 defines and 374 references
processors: Unity.Jobs.CodeGen.JobsILPostProcessor, zzzUnity.Burst.CodeGen.BurstILPostProcessor
1 processor(s) skipped this assembly
running Unity.Jobs.CodeGen.JobsILPostProcessor
[895/898    0s] ILPostProcess Library/Bee/artifacts/2400b0aE.dag/post-processed/Unity.RenderPipelines.Universal.Editor.dll (+pdb)
Processing assembly Library/Bee/artifacts/2400b0aE.dag/Unity.RenderPipelines.Universal.Editor.dll, with 140 defines and 326 references
processors: Unity.Jobs.CodeGen.JobsILPostProcessor, zzzUnity.Burst.CodeGen.BurstILPostProcessor
1 processor(s) skipped this assembly
running Unity.Jobs.CodeGen.JobsILPostProcessor
*** Tundra build success (14.32 seconds), 338 items updated, 898 evaluated
AssetDatabase: script compilation time: 17.288277s
Total cache size 292585200
Total cache size after purge 267553092, took 00:00:00.1058195
Begin MonoManager ReloadAssembly
'Packages/com.unity.render-pipelines.core/Editor/Deprecated.cs' contains partial class of Unity.Object, exactly 1 of the partial classes needs to be in a file with the same filename. This is to know the one that can be referenced from ie. GameObjects
'Packages/com.unity.render-pipelines.core/Editor/Deprecated.cs' contains partial class of Unity.Object, exactly 1 of the partial classes needs to be in a file with the same filename. This is to know the one that can be referenced from ie. GameObjects
Native extension for LinuxStandalone target not found
Native extension for WindowsStandalone target not found
ScheduleIndexationOnStartup MainProcess:True IndexOnStartup:True
Scripting: successfully reloaded assembly
- Finished resetting the current domain, in  0.753 seconds
Domain Reload Profiling: 1433ms
	BeginReloadAssembly (158ms)
		DisableScriptedObjects (14ms)
		CreateAndSetChildDomain (46ms)
	RebuildCommonClasses (9ms)
	RebuildNativeTypeToScriptingClass (10ms)
	initialDomainReloadingComplete (37ms)
	LoadAllAssembliesAndSetupDomain (464ms)
		LoadAssemblies (210ms)
		TypeCache.Refresh (132ms)
			TypeCache.ScanAssembly (122ms)
		AnalyzeDomain (56ms)
			BuildScriptInfoCaches (48ms)
			ResolveRequiredComponents (6ms)
	FinalizeReload (754ms)
		SetupLoadedEditorAssemblies (0ms)
			BeforeProcessingInitializeOnLoad (83ms)
			ProcessInitializeOnLoadAttributes (267ms)
			ProcessInitializeOnLoadMethodAttributes (53ms)
			AfterProcessingInitializeOnLoad (6ms)
		AwakeInstancesAfterBackupRestoration (15ms)
Starting new worker id: 0 with log in /home/main/github/Proyecto/Puppeteer-Stories/Game/Logs/AssetImportWorkerHW0.log
[UnityConnectServicesConfig] Local config successfully read: "/usr/share/unity3d/config/services-config.json"
[UnityConnectServicesConfig] Service configuration:
    "servicesConfigBaseUrl": "",
    "disableServicesWindow": false,
    "disableUserLogin": false,
    "entitlementCacheTimeoutInSeconds": 60,
    "clientConnectTimeoutSec": 60,
    "clientHandshakeTimeoutSec": 30,
    "clientResolveEntitlementsTimeoutSec": 30,
    "clientUpdateLicenseTimeoutSec": 30,
    "licensingServiceBaseUrl": "",
    "enableProxyAutoconfig": "false"


Asset Pipeline Refresh (id=8d5f5ab07d1057d2eadd5187e9f34d78): Total: 19.570 seconds - Initiated by InitialRefreshV2(ForceSynchronousImport)
	(Values over 0.05ms)
	Summary:
		Imports: total=0 (actual=0, local cache=0, cache server=0)
		Asset DB Process Time: managed=0 ms, native=1362 ms
		Asset DB Callback time: managed=28 ms, native=134 ms
		Scripting: domain reloads=1, domain reload time=713 ms, compile time=17290 ms, other=41 ms
		Project Asset Count: scripts=1368, non-scripts=2316
		Asset File Changes: new=0, changed=0, moved=0, deleted=0
		Scan Filter Count: 1
	InvokePackagesCallback: 134.471ms
	ApplyChangesToAssetFolders: 0.342ms
	Scan: 335.513ms
	Collect global state as custom dependencies: 14.269ms
	CategorizeScriptCompilationAssets: 32.512ms
	ProcessAssetsWithTransientArtifactChanges: 72.498ms
	CategorizeAssets: 48.619ms
	CompileScripts: 17289.695ms
	ImportOutOfDateAssets: 781.417ms (760.174ms without children)
		UnloadImportedAssets: 1.063ms
		EnsureUptoDateAssetsAreRegisteredWithGuidPM: 0.743ms
		ImportSchedulerStart: 19.392ms
	PostProcessAllAssets: 28.593ms
		MonoPostProcessAllAssets: 28.491ms
			UniversalRenderPipelineGlobalSettingsPostprocessor.OnPostprocessAllAssets 13.862ms
			WindowAssetPostprocessingWatcher.OnPostprocessAllAssets 1.673ms
			SpeedTree9Postprocessor.OnPostprocessAllAssets 1.406ms
			EditModeScopePostprocessor.OnPostprocessAllAssets 0.792ms
			RenderPipelineGlobalSettingsPostprocessor.OnPostprocessAllAssets 0.531ms
			ShaderReflectionAssetPostProcessor.OnPostprocessAllAssets 0.448ms
			InputActionAssetPostprocessor.OnPostprocessAllAssets 0.254ms
			ReferencedClipsPostProcessor.OnPostprocessAllAssets 0.233ms
			ProjectSettingsPostprocessor.OnPostprocessAllAssets 0.170ms
			TerrainToolbarOverlayPostProcessor.OnPostprocessAllAssets 0.169ms
			AssetDatabaseCallbacks.OnPostprocessAllAssets 0.163ms
			SyncVS.PostprocessSyncProject 0.053ms
	UnloadStreamsBegin: 1.641ms
	PersistCurrentRevisions: 0.086ms
	GenerateScriptTypeHashes: 1.172ms
	GenerateScriptTypeSerializationHashes: 2.197ms
	Untracked: 829.018ms

Application.AssetDatabase Initial Refresh End
Shader Hidden/ChartRasterizerHardware is not supported: GPU does not support conservative rasterization
Launched and connected shader compiler UnityShaderCompiler after 0.01 seconds
Shader Hidden/ChartRasterizerHardware is not supported: GPU does not support conservative rasterization
Scanning for USB devices : 7.252ms
Initializing Unity extensions:
UpdateMenuTitleForLanguage: 10
[MODES] ModeService[none].Initialize
[MODES] ModeService[none].LoadModes
[MODES] Loading mode Default (0) for mode-current-id-My project
Unloading 63 Unused Serialized files (Serialized files now loaded: 0)
Loaded scene 'Assets/Scenes/SampleScene.unity'
	Deserialize:            2.884 ms
	Integration:            12.449 ms
	Integration of assets:  0.003 ms
	Thread Wait Time:       0.008 ms
	Total Operation Time:   15.344 ms
Unloading 6623 unused Assets / (10.5 MB). Loaded Objects now: 7587.
Memory consumption went from 234.9 MB to 224.4 MB.
Total: 14.121019 ms (FindLiveObjects: 0.426436 ms CreateObjectMapping: 0.437997 ms MarkObjects: 8.380313 ms  DeleteObjects: 4.683031 ms)

[LAYOUT] About to load UserSettings/Layouts/default-6000.dwlt, keepMainWindow=False
Unhandled description string [
Unhandled description string ]
GLX Extensions: GLX_ARB_context_flush_control GLX_ARB_create_context GLX_ARB_create_context_no_error GLX_ARB_create_context_profile GLX_ARB_create_context_robustness GLX_ARB_fbconfig_float GLX_ARB_framebuffer_sRGB GLX_ARB_get_proc_address GLX_ARB_multisample GLX_EXT_buffer_age GLX_EXT_create_context_es2_profile GLX_EXT_create_context_es_profile GLX_EXT_fbconfig_packed_float GLX_EXT_framebuffer_sRGB GLX_EXT_no_config_context GLX_EXT_swap_control GLX_EXT_swap_control_tear GLX_EXT_texture_from_pixmap GLX_EXT_visual_info GLX_EXT_visual_rating GLX_MESA_copy_sub_buffer GLX_MESA_gl_interop GLX_MESA_query_renderer GLX_MESA_swap_control GLX_OML_sync_control GLX_SGIS_multisample GLX_SGIX_fbconfig GLX_SGIX_pbuffer GLX_SGIX_visual_select_group GLX_SGI_make_current_read GLX_SGI_video_sync 
GLX Extensions: GLX_ARB_context_flush_control GLX_ARB_create_context GLX_ARB_create_context_no_error GLX_ARB_create_context_profile GLX_ARB_create_context_robustness GLX_ARB_fbconfig_float GLX_ARB_framebuffer_sRGB GLX_ARB_get_proc_address GLX_ARB_multisample GLX_EXT_buffer_age GLX_EXT_create_context_es2_profile GLX_EXT_create_context_es_profile GLX_EXT_fbconfig_packed_float GLX_EXT_framebuffer_sRGB GLX_EXT_no_config_context GLX_EXT_swap_control GLX_EXT_swap_control_tear GLX_EXT_texture_from_pixmap GLX_EXT_visual_info GLX_EXT_visual_rating GLX_MESA_copy_sub_buffer GLX_MESA_gl_interop GLX_MESA_query_renderer GLX_MESA_swap_control GLX_OML_sync_control GLX_SGIS_multisample GLX_SGIX_fbconfig GLX_SGIX_pbuffer GLX_SGIX_visual_select_group GLX_SGI_make_current_read GLX_SGI_video_sync 
GLX Extensions: GLX_ARB_context_flush_control GLX_ARB_create_context GLX_ARB_create_context_no_error GLX_ARB_create_context_profile GLX_ARB_create_context_robustness GLX_ARB_fbconfig_float GLX_ARB_framebuffer_sRGB GLX_ARB_get_proc_address GLX_ARB_multisample GLX_EXT_buffer_age GLX_EXT_create_context_es2_profile GLX_EXT_create_context_es_profile GLX_EXT_fbconfig_packed_float GLX_EXT_framebuffer_sRGB GLX_EXT_no_config_context GLX_EXT_swap_control GLX_EXT_swap_control_tear GLX_EXT_texture_from_pixmap GLX_EXT_visual_info GLX_EXT_visual_rating GLX_MESA_copy_sub_buffer GLX_MESA_gl_interop GLX_MESA_query_renderer GLX_MESA_swap_control GLX_OML_sync_control GLX_SGIS_multisample GLX_SGIX_fbconfig GLX_SGIX_pbuffer GLX_SGIX_visual_select_group GLX_SGI_make_current_read GLX_SGI_video_sync 
GLX Extensions: GLX_ARB_context_flush_control GLX_ARB_create_context GLX_ARB_create_context_no_error GLX_ARB_create_context_profile GLX_ARB_create_context_robustness GLX_ARB_fbconfig_float GLX_ARB_framebuffer_sRGB GLX_ARB_get_proc_address GLX_ARB_multisample GLX_EXT_buffer_age GLX_EXT_create_context_es2_profile GLX_EXT_create_context_es_profile GLX_EXT_fbconfig_packed_float GLX_EXT_framebuffer_sRGB GLX_EXT_no_config_context GLX_EXT_swap_control GLX_EXT_swap_control_tear GLX_EXT_texture_from_pixmap GLX_EXT_visual_info GLX_EXT_visual_rating GLX_MESA_copy_sub_buffer GLX_MESA_gl_interop GLX_MESA_query_renderer GLX_MESA_swap_control GLX_OML_sync_control GLX_SGIS_multisample GLX_SGIX_fbconfig GLX_SGIX_pbuffer GLX_SGIX_visual_select_group GLX_SGI_make_current_read GLX_SGI_video_sync 
GLX Extensions: GLX_ARB_context_flush_control GLX_ARB_create_context GLX_ARB_create_context_no_error GLX_ARB_create_context_profile GLX_ARB_create_context_robustness GLX_ARB_fbconfig_float GLX_ARB_framebuffer_sRGB GLX_ARB_get_proc_address GLX_ARB_multisample GLX_EXT_buffer_age GLX_EXT_create_context_es2_profile GLX_EXT_create_context_es_profile GLX_EXT_fbconfig_packed_float GLX_EXT_framebuffer_sRGB GLX_EXT_no_config_context GLX_EXT_swap_control GLX_EXT_swap_control_tear GLX_EXT_texture_from_pixmap GLX_EXT_visual_info GLX_EXT_visual_rating GLX_MESA_copy_sub_buffer GLX_MESA_gl_interop GLX_MESA_query_renderer GLX_MESA_swap_control GLX_OML_sync_control GLX_SGIS_multisample GLX_SGIX_fbconfig GLX_SGIX_pbuffer GLX_SGIX_visual_select_group GLX_SGI_make_current_read GLX_SGI_video_sync 
GLX Extensions: GLX_ARB_context_flush_control GLX_ARB_create_context GLX_ARB_create_context_no_error GLX_ARB_create_context_profile GLX_ARB_create_context_robustness GLX_ARB_fbconfig_float GLX_ARB_framebuffer_sRGB GLX_ARB_get_proc_address GLX_ARB_multisample GLX_EXT_buffer_age GLX_EXT_create_context_es2_profile GLX_EXT_create_context_es_profile GLX_EXT_fbconfig_packed_float GLX_EXT_framebuffer_sRGB GLX_EXT_no_config_context GLX_EXT_swap_control GLX_EXT_swap_control_tear GLX_EXT_texture_from_pixmap GLX_EXT_visual_info GLX_EXT_visual_rating GLX_MESA_copy_sub_buffer GLX_MESA_gl_interop GLX_MESA_query_renderer GLX_MESA_swap_control GLX_OML_sync_control GLX_SGIS_multisample GLX_SGIX_fbconfig GLX_SGIX_pbuffer GLX_SGIX_visual_select_group GLX_SGI_make_current_read GLX_SGI_video_sync 
GLX Extensions: GLX_ARB_context_flush_control GLX_ARB_create_context GLX_ARB_create_context_no_error GLX_ARB_create_context_profile GLX_ARB_create_context_robustness GLX_ARB_fbconfig_float GLX_ARB_framebuffer_sRGB GLX_ARB_get_proc_address GLX_ARB_multisample GLX_EXT_buffer_age GLX_EXT_create_context_es2_profile GLX_EXT_create_context_es_profile GLX_EXT_fbconfig_packed_float GLX_EXT_framebuffer_sRGB GLX_EXT_no_config_context GLX_EXT_swap_control GLX_EXT_swap_control_tear GLX_EXT_texture_from_pixmap GLX_EXT_visual_info GLX_EXT_visual_rating GLX_MESA_copy_sub_buffer GLX_MESA_gl_interop GLX_MESA_query_renderer GLX_MESA_swap_control GLX_OML_sync_control GLX_SGIS_multisample GLX_SGIX_fbconfig GLX_SGIX_pbuffer GLX_SGIX_visual_select_group GLX_SGI_make_current_read GLX_SGI_video_sync 
[LAYOUT] About to save layout /home/main/github/Proyecto/Puppeteer-Stories/Game/UserSettings/Layouts/default-6000.dwlt
[LAYOUT] About to save layout /home/main/.config/unity3d/Preferences/Editor-5.x/Layouts/current/default-6000.dwlt
[MODES] ModeService[default].InitializeCurrentMode
[MODES] ModeService[default].RaiseModeChanged(default, default)
Unhandled description string [
Unhandled description string ]
Unhandled description string [
Unhandled description string ]
Disable old input system
[Project] Loading completed in 23.720 seconds
	Project init time: 				22.361 seconds
		Template init time: 		0.000 seconds
		Package Manager init time: 		0.147 seconds
		Asset Database init time: 		0.175 seconds
		Global illumination init time: 	0.003 seconds
		Assemblies load time: 			1.997 seconds
		Unity extensions init time: 	0.035 seconds
		Asset Database refresh time: 	19.576 seconds
	Scene opening time: 			1.053 seconds
##utp:{"type":"ProjectInfo","version":2,"phase":"Immediate","time":1791555091244,"processId":22910,"projectLoad":23.720022181,"projectInit":22.360525477,"templateInit":0.0,"packageManagerInit":0.146515846,"assetDatabaseInit":0.175047835,"globalIlluminationInit":0.003231722,"assembliesLoad":1.997173402,"unityExtensionsInit":0.035406833,"assetDatabaseRefresh":19.576395821,"sceneOpening":1.053331937}
##utp:{"type":"EditorInfo","version":2,"phase":"Immediate","time":1791555091244,"processId":22910,"editorVersion":"6000.6.0f1 (f7f8ed4d1e24)","branch":"6000.6/respin/6000.6.0f1-fa21a270ab12","buildType":"Release","platform":"Linux"}

Asset Pipeline Refresh (id=bacd30260c45e33c59811000c4bb8b67): Total: 0.473 seconds - Initiated by RefreshV2(ForceSynchronousImport)
	(Values over 0.05ms)
	Summary:
		Imports: total=0 (actual=0, local cache=0, cache server=0)
		Asset DB Process Time: managed=0 ms, native=472 ms
		Asset DB Callback time: managed=0 ms, native=0 ms
		Scripting: domain reloads=0, domain reload time=0 ms, compile time=0 ms, other=0 ms
		Project Asset Count: scripts=1368, non-scripts=2316
		Asset File Changes: new=0, changed=0, moved=0, deleted=0
		Scan Filter Count: 1
	InvokePackagesCallback: 0.743ms
	ApplyChangesToAssetFolders: 0.440ms
	Scan: 356.136ms
	Collect global state as custom dependencies: 0.590ms
	ProcessAssetsWithTransientArtifactChanges: 0.825ms
	CategorizeAssets: 90.584ms
	CompileScripts: 0.069ms
	ImportOutOfDateAssets: 3.072ms (0.433ms without children)
		ReloadNativeAssets: 0.082ms
		UnloadImportedAssets: 0.183ms
		EnsureUptoDateAssetsAreRegisteredWithGuidPM: 1.498ms
		ImportSchedulerStart: 0.872ms
	GatherAllCurrentPrimaryImportResultRevisions: 0.352ms
	UnloadStreamsBegin: 4.490ms
	PersistCurrentRevisions: 0.281ms
	Untracked: 13.016ms

[MODES] ModeService[default].LoadModes
Worker ready: AssetImportWorkerHW0 0
[Licensing::Client] Successfully resolved entitlement details
Start Indexing on Editor startup
[Indexing] Starting Initial Indexing for Assets
Unhandled description string [
Unhandled description string ]
GPUResidentDrawer The current platform does not support UnityEngine.Rendering.BatchBufferTarget
UnityEngine.Debug:ExtractStackTraceNoAlloc (byte*,int,string)
UnityEngine.StackTraceUtility:ExtractStackTrace () (at /home/bokken/build/output/unity/unity/Runtime/Export/Scripting/StackTrace.cs:23)
UnityEngine.DebugLogHandler:Internal_Log (UnityEngine.LogType,UnityEngine.LogOption,string,UnityEngine.Object)
UnityEngine.DebugLogHandler:LogFormat (UnityEngine.LogType,UnityEngine.Object,string,object[])
UnityEngine.Logger:Log (UnityEngine.LogType,object)
UnityEngine.Debug:LogWarning (object)
UnityEngine.Rendering.GPUResidentDrawer:LogMessage (string,UnityEngine.LogType) (at ./Library/PackageCache/com.unity.render-pipelines.core@1691dee1b9ce/Runtime/GPUDriven/GPUResidentDrawer.Validator.cs:122)
UnityEngine.Rendering.GPUResidentDrawer:Recreate (UnityEngine.Rendering.GPUResidentDrawerSettings) (at ./Library/PackageCache/com.unity.render-pipelines.core@1691dee1b9ce/Runtime/GPUDriven/GPUResidentDrawer.cs:395)
UnityEngine.Rendering.GPUResidentDrawer:Reinitialize () (at ./Library/PackageCache/com.unity.render-pipelines.core@1691dee1b9ce/Runtime/GPUDriven/GPUResidentDrawer.cs:342)
UnityEngine.Rendering.IGPUResidentRenderPipeline:ReinitializeGPUResidentDrawer () (at ./Library/PackageCache/com.unity.render-pipelines.core@1691dee1b9ce/Runtime/GPUDriven/IGPUResidentRenderPipeline.cs:100)
UnityEngine.Rendering.Universal.UniversalRenderPipelineAsset:CreatePipeline () (at ./Library/PackageCache/com.unity.render-pipelines.universal@b9a66914c09e/Runtime/Data/UniversalRenderPipelineAsset.cs:811)
UnityEngine.Rendering.RenderPipelineAsset:InternalCreatePipeline () (at /home/bokken/build/output/unity/unity/Runtime/Export/RenderPipeline/RenderPipelineAsset.cs:15)
UnityEngine.Rendering.RenderPipelineManager:TryPrepareRenderPipeline (UnityEngine.Rendering.RenderPipelineAsset) (at /home/bokken/build/output/unity/unity/Runtime/Export/RenderPipeline/RenderPipelineManager.cs:172)
UnityEngine.Rendering.RenderPipelineManager:DoRenderLoop_Internal (UnityEngine.Rendering.RenderPipelineAsset,intptr,object,Unity.Collections.LowLevel.Unsafe.AtomicSafetyHandle) (at /home/bokken/build/output/unity/unity/Runtime/Export/RenderPipeline/RenderPipelineManager.cs:146)
UnityEditor.Handles:Internal_DrawCameraWithGrid (UnityEngine.Camera,UnityEditor.DrawCameraMode,UnityEditor.DrawGridParameters&,bool,bool)
UnityEditor.Handles:DrawCameraImpl (UnityEngine.Rect,UnityEngine.Camera,UnityEditor.DrawCameraMode,bool,UnityEditor.DrawGridParameters,bool,bool,bool,UnityEngine.GameObject[]) (at /home/bokken/build/output/unity/unity/Editor/Mono/Handles/Handles.cs:1675)
UnityEditor.Handles:DrawCameraStep1 (UnityEngine.Rect,UnityEngine.Camera,UnityEditor.DrawCameraMode,UnityEditor.DrawGridParameters,bool,bool) (at /home/bokken/build/output/unity/unity/Editor/Mono/Handles/Handles.cs:1698)
UnityEditor.SceneView:DoDrawCamera (UnityEngine.Rect,UnityEngine.Rect,bool&) (at /home/bokken/build/output/unity/unity/Editor/Mono/SceneView/SceneView.cs:2567)
UnityEditor.SceneView:DoOnGUI () (at /home/bokken/build/output/unity/unity/Editor/Mono/SceneView/SceneView.cs:2891)
UnityEditor.SceneView:OnSceneGUI () (at /home/bokken/build/output/unity/unity/Editor/Mono/SceneView/SceneView.cs:2799)
UnityEngine.UIElements.IMGUIContainer:DoOnGUI (UnityEngine.Event,UnityEngine.Matrix4x4,UnityEngine.Rect,bool,UnityEngine.Rect,System.Action,bool) (at /home/bokken/build/output/unity/unity/Modules/UIElements/Core/IMGUIContainer.cs:387)
UnityEngine.UIElements.IMGUIContainer:HandleIMGUIEvent (UnityEngine.Event,UnityEngine.Matrix4x4,UnityEngine.Rect,System.Action,bool) (at /home/bokken/build/output/unity/unity/Modules/UIElements/Core/IMGUIContainer.cs:716)
UnityEngine.UIElements.IMGUIContainer:DoIMGUIRepaint () (at /home/bokken/build/output/unity/unity/Modules/UIElements/Core/IMGUIContainer.cs:573)
UnityEngine.UIElements.UIR.RenderChainCommand:ExecuteNonDrawMesh (UnityEngine.UIElements.UIR.DrawParams,single,System.Exception&) (at /home/bokken/build/output/unity/unity/Modules/UIElements/Core/Renderer/UIRenderer/UIRenderers.cs:164)
UnityEngine.UIElements.UIR.UIRenderDevice:EvaluateChain (UnityEngine.UIElements.UIR.RenderChainCommand,UnityEngine.Material,UnityEngine.Texture,UnityEngine.UIElements.UIR.ShaderInfoAllocator,System.Nullable`1<UnityEngine.Rect>,UnityEngine.Rect,single,bool,UnityEngine.UIElements.TextureSlotCount,bool,System.Exception&,UnityEngine.UIElements.BaseVisualElementPanel) (at /home/bokken/build/output/unity/unity/Modules/UIElements/Core/Renderer/UIRenderer/UIRenderDevice.cs:983)
UnityEngine.UIElements.UIR.RenderTreeManager:RenderSingleTree (UnityEngine.UIElements.UIR.RenderTree,UnityEngine.RenderTexture,UnityEngine.RectInt,UnityEngine.Rect) (at /home/bokken/build/output/unity/unity/Modules/UIElements/Core/Renderer/UIRRenderTreeManager.cs:606)
UnityEngine.UIElements.UIR.RenderTreeManager:RenderRootTree () (at /home/bokken/build/output/unity/unity/Modules/UIElements/Core/Renderer/UIRRenderTreeManager.cs:551)
UnityEngine.UIElements.UIRRepaintUpdater:Render () (at /home/bokken/build/output/unity/unity/Modules/UIElements/Core/Renderer/UIRRepaintUpdater.cs:160)
UnityEngine.UIElements.BaseVisualElementPanel:Render () (at /home/bokken/build/output/unity/unity/Modules/UIElements/Core/Panel.cs:1032)
UnityEngine.UIElements.Panel:Render () (at /home/bokken/build/output/unity/unity/Modules/UIElements/Core/Panel.cs:1843)
UnityEditor.UIElements.EditorEventDispatchUtility:DoDispatch (UnityEngine.UIElements.BaseVisualElementPanel,UnityEngine.Event) (at /home/bokken/build/output/unity/unity/Modules/UIElementsEditor/EditorEventDispatchUtility.cs:62)
UnityEditor.UIElements.DefaultWindowBackend:ProcessEvent (UnityEngine.Event) (at /home/bokken/build/output/unity/unity/Modules/UIElementsEditor/WindowBackends/DefaultWindowBackend.cs:114)
UnityEditor.GUIView:ProcessEvent (UnityEngine.EntityId,intptr,bool&) (at /home/bokken/build/output/unity/unity/Editor/Mono/GUIView.cs:70)

(Filename: ./Library/PackageCache/com.unity.render-pipelines.core@1691dee1b9ce/Runtime/GPUDriven/GPUResidentDrawer.Validator.cs Line: 122)

[UnityConnectServicesConfig] Service configuration:
    "servicesConfigBaseUrl": "",
    "disableServicesWindow": false,
    "disableUserLogin": false,
    "entitlementCacheTimeoutInSeconds": 60,
    "clientConnectTimeoutSec": 60,
    "clientHandshakeTimeoutSec": 30,
    "clientResolveEntitlementsTimeoutSec": 30,
    "clientUpdateLicenseTimeoutSec": 30,
    "licensingServiceBaseUrl": "",
    "enableProxyAutoconfig": "false"

Created GICache directory at /home/main/.cache/unity3d/GiCache. Took: 0.007s, timestamps: [23.774 - 23.781]
[Licensing::Client] Successfully resolved entitlement details
[Licensing::Client] Successfully resolved entitlement details
[Licensing::Client] Successfully updated the access token
[Licensing::Module] Successfully updated access token: "-A6lgDUS"... (expires: 2026-10-09T15:40:17Z)
[UnityConnectServicesConfig] Local config successfully read: "/usr/share/unity3d/config/services-config.json"
[UnityConnectServicesConfig] Service configuration:
    "servicesConfigBaseUrl": "",
    "disableServicesWindow": false,
    "disableUserLogin": false,
    "entitlementCacheTimeoutInSeconds": 60,
    "clientConnectTimeoutSec": 60,
    "clientHandshakeTimeoutSec": 30,
    "clientResolveEntitlementsTimeoutSec": 30,
    "clientUpdateLicenseTimeoutSec": 30,
    "licensingServiceBaseUrl": "",
    "enableProxyAutoconfig": "false"

Starting new worker id: 1 with log in /home/main/github/Proyecto/Puppeteer-Stories/Game/Logs/AssetImportWorkerHW1.log
Starting new worker id: 2 with log in /home/main/github/Proyecto/Puppeteer-Stories/Game/Logs/AssetImportWorkerHW2.log
[UnityConnectServicesConfig] Local config successfully read: "/usr/share/unity3d/config/services-config.json"
[UnityConnectServicesConfig] Service configuration:
    "servicesConfigBaseUrl": "",
    "disableServicesWindow": false,
    "disableUserLogin": false,
    "entitlementCacheTimeoutInSeconds": 60,
    "clientConnectTimeoutSec": 60,
    "clientHandshakeTimeoutSec": 30,
    "clientResolveEntitlementsTimeoutSec": 30,
    "clientUpdateLicenseTimeoutSec": 30,
    "licensingServiceBaseUrl": "",
    "enableProxyAutoconfig": "false"

[Licensing::Client] Successfully resolved entitlement details
[Worker0] Imported GUID: 08852b5d707b78442bda3ca091091ce8 - Path: Packages/com.unity.render-pipelines.core/Runtime/GPUDriven/Utilities/ParallelSortExtensions.cs - Importer: ScriptedImporter/UnityEditor.QuickSearchModule:UnityEditor.Search:ASIAI0B -> (ImportResultId: 'c5a41bb7693087f9a930de592ae468b6') in 0.154341454 seconds
[Worker0] Imported GUID: 99341524cef9ec347a5aa046d0215e59 - Path: Packages/com.unity.render-pipelines.core/Runtime/GPUDriven/Debug/DebugDisplayGPUResidentDrawer.cs - Importer: ScriptedImporter/UnityEditor.QuickSearchModule:UnityEditor.Search:ASIAI0B -> (ImportResultId: 'a8525312b03fa7cc253e8c39ff5da3f4') in 0.013868208 seconds
[Worker0] Imported GUID: cded085d155cde949b60f67a11dbc3bd - Path: Packages/com.unity.render-pipelines.core/Runtime/Lighting/ProbeVolume/ProbeVolume.cs - Importer: ScriptedImporter/UnityEditor.QuickSearchModule:UnityEditor.Search:ASIAI0B -> (ImportResultId: '0f8670d499534e14f4a8db2e438c192c') in 0.017937753 seconds
[Worker0] Imported GUID: 5206b91ddf5158c47918dbb51d045103 - Path: Packages/com.unity.render-pipelines.core/Runtime/Lighting/ProbeVolume/ProbeReferenceVolume.cs - Importer: ScriptedImporter/UnityEditor.QuickSearchModule:UnityEditor.Search:ASIAI0B -> (ImportResultId: 'b0291e5ff0a9269c1641a3e7079cba36') in 0.018213709 seconds
[Worker0] Imported GUID: e30628ae9a1faa34fb2853ed6354bc90 - Path: Packages/com.unity.render-pipelines.core/Runtime/GPUDriven/Culling/OcclusionCullingCommonShaderVariables.cs - Importer: ScriptedImporter/UnityEditor.QuickSearchModule:UnityEditor.Search:ASIAI0B -> (ImportResultId: '12b9dcb6019170f01425dbb9967d6ff5') in 0.020894774 seconds
[Worker0] Imported GUID: 5892965ba0c4a7a4daeb41803ec2a0dc - Path: Packages/com.unity.render-pipelines.core/Runtime/GPUDriven/SceneProcessors/LODGroupUpdateBatch.cs - Importer: ScriptedImporter/UnityEditor.QuickSearchModule:UnityEditor.Search:ASIAI0B -> (ImportResultId: 'dcefeb37b52e70186371b44bd69b8167') in 0.016216481 seconds
[Worker0] Imported GUID: f198f6c0065b295489db955c10a96c02 - Path: Packages/com.unity.render-pipelines.core/Runtime/GPUDriven/SceneProcessors/SpeedTreeWindGPUDataUpdater.cs - Importer: ScriptedImporter/UnityEditor.QuickSearchModule:UnityEditor.Search:ASIAI0B -> (ImportResultId: '695b91ad8ed53723db4930afa9ceaf99') in 0.017696313 seconds
[Worker0] Imported GUID: deb0d018a7f3e9a41b689860783e6d56 - Path: Packages/com.unity.render-pipelines.core/Runtime/GPUDriven/Utilities/FrustumPlanes.cs - Importer: ScriptedImporter/UnityEditor.QuickSearchModule:UnityEditor.Search:ASIAI0B -> (ImportResultId: 'e462c6d6866fd2d272e78116e1cbe26e') in 0.022917699 seconds
[Worker0] Imported GUID: 5cbc804d3cb252947a62ba74b9e72d08 - Path: Packages/com.unity.render-pipelines.core/Runtime/GPUDriven/Culling/OccluderDepthPyramidConstants.cs.hlsl - Importer: ScriptedImporter/UnityEditor.QuickSearchModule:UnityEditor.Search:ASIAI0B -> (ImportResultId: '3307f8c6d16e720fe9fb762ec8bb41f3') in 0.019627327 seconds
[Worker0] Imported GUID: a91edae7e71f48b9880e1bda95128cfd - Path: Packages/com.unity.render-pipelines.core/Runtime/Lighting/ProbeVolume/ProbeAdjustmentVolume.deprecated.cs - Importer: ScriptedImporter/UnityEditor.QuickSearchModule:UnityEditor.Search:ASIAI0B -> (ImportResultId: '0d89767612fce871fc9be05b9ea57a2c') in 0.015024816 seconds
[Worker0] Imported GUID: 1e113f4d261f3b74b818176f34f8c2f1 - Path: Packages/com.unity.render-pipelines.core/Runtime/GPUDriven/Utilities/JaggedJobRange.cs - Importer: ScriptedImporter/UnityEditor.QuickSearchModule:UnityEditor.Search:ASIAI0B -> (ImportResultId: 'ee36fb38d7130e3e25a114a928c14b41') in 0.018362136 seconds
[Worker0] Imported GUID: bd65ba16b646b304eb2663c40bc69c8c - Path: Packages/com.unity.render-pipelines.core/Runtime/GPUDriven/Utilities/AABB.cs - Importer: ScriptedImporter/UnityEditor.QuickSearchModule:UnityEditor.Search:ASIAI0B -> (ImportResultId: '07e679fe1c846058296633544fecae74') in 0.017667219 seconds
[Worker0] Imported GUID: f6607226450929441ace28f2ff712695 - Path: Packages/com.unity.render-pipelines.core/Runtime/GPUDriven/Utilities/NativeHandleAllocator.cs - Importer: ScriptedImporter/UnityEditor.QuickSearchModule:UnityEditor.Search:ASIAI0B -> (ImportResultId: '55f36b7b5e449a057cab10b28593ba8f') in 0.018078877 seconds
[Worker0] Imported GUID: c1043e08cdc375146bdb853794c4c0fd - Path: Packages/com.unity.render-pipelines.core/Runtime/Lighting/ProbeVolume/ProbeVolumeAsset.cs - Importer: ScriptedImporter/UnityEditor.QuickSearchModule:UnityEditor.Search:ASIAI0B -> (ImportResultId: '7e127a5a3f2b46ac02e44e23cfa9fd45') in 0.018023695 seconds
[Worker0] Imported GUID: 0c5bdfbdbc7214538873141d7507bbab - Path: Packages/com.unity.render-pipelines.core/Runtime/GPUDriven/Debug/GRDProfilerCounters.cs - Importer: ScriptedImporter/UnityEditor.QuickSearchModule:UnityEditor.Search:ASIAI0B -> (ImportResultId: '5b02cefcf05a4d7dc741cbe678714ebc') in 0.018250708 seconds
[Worker0] Imported GUID: ec1ae020bebf201478636c2123e2dde8 - Path: Packages/com.unity.render-pipelines.core/Runtime/GPUDriven/Culling/OcclusionCullingCommon.cs - Importer: ScriptedImporter/UnityEditor.QuickSearchModule:UnityEditor.Search:ASIAI0B -> (ImportResultId: '9df4db0b8b1bb08b9a4b07d635e2bc2f') in 0.020819082 seconds
[Worker0] Imported GUID: 69fb8499dac69054b912c0d501c0c3ec - Path: Packages/com.unity.render-pipelines.core/Runtime/Lighting/ProbeVolume/IProbeVolumeEnabledRenderPipeline.cs - Importer: ScriptedImporter/UnityEditor.QuickSearchModule:UnityEditor.Search:ASIAI0B -> (ImportResultId: '9de7da49c5a2412c5fed5c851acff6bf') in 0.018250227 seconds
[Worker0] Imported GUID: 8ae16c27ed16096458605a6fc56994c8 - Path: Packages/com.unity.render-pipelines.core/Runtime/GPUDriven/Utilities/GeometryUtilities.hlsl - Importer: ScriptedImporter/UnityEditor.QuickSearchModule:UnityEditor.Search:ASIAI0B -> (ImportResultId: '3ddec99dda93876d922c9256f833a779') in 0.019754705 seconds
[Worker0] Imported GUID: 6646f462aeb8278489c25fda24fd2db8 - Path: Packages/com.unity.render-pipelines.core/Runtime/Lighting/ProbeVolume/DecodeSH.hlsl - Importer: ScriptedImporter/UnityEditor.QuickSearchModule:UnityEditor.Search:ASIAI0B -> (ImportResultId: 'e573dc96996ddf3a000b5b8c71e7bcf3') in 0.019573998 seconds
[Worker0] Imported GUID: c0bd11b715efbd24e95cb49f31c3cbeb - Path: Packages/com.unity.render-pipelines.core/Runtime/GPUDriven/Utilities/ParallelBitArray.cs - Importer: ScriptedImporter/UnityEditor.QuickSearchModule:UnityEditor.Search:ASIAI0B -> (ImportResultId: 'cbcf51ac2f3ec9514edd8e2daf5c2597') in 0.020356579 seconds
[Worker0] Imported GUID: 13f1cda4ab8412041ac157181fa6e421 - Path: Packages/com.unity.render-pipelines.core/Runtime/GPUDriven/Culling/OcclusionCullingCommon.hlsl - Importer: ScriptedImporter/UnityEditor.QuickSearchModule:UnityEditor.Search:ASIAI0B -> (ImportResultId: '1e8eba1c4f061d4313a1aa1786c0bfc0') in 0.021698814 seconds
[Worker0] Imported GUID: 55f90731af2ebc94fb7fdaebe2a9a409 - Path: Packages/com.unity.render-pipelines.core/Runtime/Lighting/ProbeVolume/ProbeAdjustmentVolume.cs - Importer: ScriptedImporter/UnityEditor.QuickSearchModule:UnityEditor.Search:ASIAI0B -> (ImportResultId: '8ba6a1f4446617033e9018e73f05dfb0') in 0.021232384 seconds
[Worker0] Imported GUID: a722f3be8f8fbb146a033ed4785f895e - Path: Packages/com.unity.render-pipelines.core/Runtime/GPUDriven/Utilities/EmbeddedArray.cs - Importer: ScriptedImporter/UnityEditor.QuickSearchModule:UnityEditor.Search:ASIAI0B -> (ImportResultId: '3541cd5b07c63ca94cce76b113969ec0') in 0.021505002 seconds
[Worker0] Imported GUID: 8fdab23f404440c4cbe085e51d53cc07 - Path: Packages/com.unity.render-pipelines.core/Runtime/GPUDriven/SceneProcessors/MeshRendererProcessorBurst.cs - Importer: ScriptedImporter/UnityEditor.QuickSearchModule:UnityEditor.Search:ASIAI0B -> (ImportResultId: '55181da5c9b92c8ba0c084482ee7f641') in 0.02144969 seconds
[Worker0] Imported GUID: e428597381f61bd4a80f81781acbfcef - Path: Packages/com.unity.render-pipelines.core/Runtime/GPUDriven/SceneProcessors/MeshRendererProcessor.cs - Importer: ScriptedImporter/UnityEditor.QuickSearchModule:UnityEditor.Search:ASIAI0B -> (ImportResultId: '833bd9d22b9ec89a57ed4e1439964323') in 0.017368842 seconds
[Worker0] Imported GUID: 4c6adc47d80c5df4ebc71aeda3c7d283 - Path: Packages/com.unity.render-pipelines.core/Runtime/GPUDriven/SceneProcessors/MeshRendererUpdateBatch.cs - Importer: ScriptedImporter/UnityEditor.QuickSearchModule:UnityEditor.Search:ASIAI0B -> (ImportResultId: '813d923892fd6de011dd6cee8fa5605a') in 0.016316968 seconds
[Worker0] Imported GUID: c996da3d8d7bf4046a6be511a477e3ee - Path: Packages/com.unity.render-pipelines.core/Runtime/GPUDriven/Utilities/GPUResidentUtils.cs - Importer: ScriptedImporter/UnityEditor.QuickSearchModule:UnityEditor.Search:ASIAI0B -> (ImportResultId: '558648bb6a19f17fdecc6bada1b8f597') in 0.018738398 seconds
[Worker0] Imported GUID: 688129ab15b222340a2c7fa427269889 - Path: Packages/com.unity.render-pipelines.core/Runtime/Lighting/ProbeVolume/ProbeVolume.hlsl - Importer: ScriptedImporter/UnityEditor.QuickSearchModule:UnityEditor.Search:ASIAI0B -> (ImportResultId: '1908e5cc28a936a2ccba04c900e21c85') in 0.018922583 seconds
[Worker0] Imported GUID: f267e53cd6dfdee4c820be8c35548ffe - Path: Packages/com.unity.render-pipelines.core/Runtime/GPUDriven/CoreDataSystems/InstanceWindDataUpdateDefs.cs.hlsl - Importer: ScriptedImporter/UnityEditor.QuickSearchModule:UnityEditor.Search:ASIAI0B -> (ImportResultId: '82a8b6394b6050f16b03d52fed080d56') in 0.019727524 seconds
[Worker0] Imported GUID: a44ea003ea382364d9e18b103d0503cf - Path: Packages/com.unity.render-pipelines.core/Runtime/GPUDriven/CoreDataSystems/LODGroupDataSystemBurst.cs - Importer: ScriptedImporter/UnityEditor.QuickSearchModule:UnityEditor.Search:ASIAI0B -> (ImportResultId: 'e4978b6f226849b68ade34b52f07ed36') in 0.018869954 seconds
[Worker0] Imported GUID: 3d4a5f192498160488916c4e31a73a29 - Path: Packages/com.unity.render-pipelines.core/Runtime/GPUDriven/CoreDataSystems/RenderWorld.cs - Importer: ScriptedImporter/UnityEditor.QuickSearchModule:UnityEditor.Search:ASIAI0B -> (ImportResultId: 'd06c81f1b5d9ce0c2b4f0941fe469961') in 0.022649849 seconds
[Worker0] Imported GUID: c1a832f1bbd6c0248844c604b55947b0 - Path: Packages/com.unity.render-pipelines.core/Runtime/Lighting/ProbeVolume/ProbeBrickIndex.cs - Importer: ScriptedImporter/UnityEditor.QuickSearchModule:UnityEditor.Search:ASIAI0B -> (ImportResultId: '302b4850c175c36add00606217d56fc6') in 0.019518014 seconds
[Worker0] Imported GUID: 2675e3c7f72788145b4a5bc872a75211 - Path: Packages/com.unity.render-pipelines.core/Runtime/Lighting/ProbeVolume/ProbeReferenceVolume.Streaming.cs.hlsl - Importer: ScriptedImporter/UnityEditor.QuickSearchModule:UnityEditor.Search:ASIAI0B -> (ImportResultId: '8ad74df881f635070cf6a1cddfaa8776') in 0.019033819 seconds
[Worker0] Imported GUID: 86dce443230a0694d8fedef47e43b707 - Path: Packages/com.unity.render-pipelines.core/Runtime/GPUDriven/Culling/InstanceCullerBurst.cs - Importer: ScriptedImporter/UnityEditor.QuickSearchModule:UnityEditor.Search:ASIAI0B -> (ImportResultId: '8f6f0abc70d88b92cb077a20c4c15366') in 0.01859986 seconds
[Worker0] Imported GUID: ce2eb19ed182ce44292cdf33f8191ec8 - Path: Packages/com.unity.render-pipelines.core/Runtime/GPUDriven/Utilities/MemoryUtilities.cs - Importer: ScriptedImporter/UnityEditor.QuickSearchModule:UnityEditor.Search:ASIAI0B -> (ImportResultId: '0f62232603bc384277f0bc1b406698d7') in 0.018578259 seconds
[Worker0] Imported GUID: 41e89eb9ee118734dab014dfd6bb55fc - Path: Packages/com.unity.render-pipelines.core/Runtime/Lighting/ProbeVolume/ProbeReferenceVolume.ReflProbeNormalization.cs - Importer: ScriptedImporter/UnityEditor.QuickSearchModule:UnityEditor.Search:ASIAI0B -> (ImportResultId: 'b55a3670a235c2403670a06eca425a8b') in 0.018049622 seconds
[Worker0] Imported GUID: 35f8971d8d5e7b74ba94c42615c1e65e - Path: Packages/com.unity.render-pipelines.core/Runtime/GPUDriven/Utilities/JaggedJobRangeBurst.cs - Importer: ScriptedImporter/UnityEditor.QuickSearchModule:UnityEditor.Search:ASIAI0B -> (ImportResultId: '26fb361b3e0215cbaa4fdb718fd082c3') in 0.018391461 seconds
[Worker0] Imported GUID: df4d72ce4630d5a4388434b70060c6f7 - Path: Packages/com.unity.render-pipelines.core/Runtime/GPUDriven/Utilities/LODRenderingUtils.cs - Importer: ScriptedImporter/UnityEditor.QuickSearchModule:UnityEditor.Search:ASIAI0B -> (ImportResultId: 'cdddbab6b412ba59c2deb1ac9237e6a6') in 0.01854142 seconds
[Worker0] Imported GUID: e4efe0c149e2f2b429a927ed9df0d8b1 - Path: Packages/com.unity.render-pipelines.core/Runtime/GPUDriven/CoreDataSystems/LODGroupDataSystem.cs - Importer: ScriptedImporter/UnityEditor.QuickSearchModule:UnityEditor.Search:ASIAI0B -> (ImportResultId: 'bc6a4998227ab9cb4c39f01a8c39d861') in 0.018210082 seconds
[Worker0] Imported GUID: c4a7a8f9379dbb4489b78bae7d001713 - Path: Packages/com.unity.render-pipelines.core/Runtime/Lighting/ProbeVolume/ProbeReferenceVolume.Binding.cs - Importer: ScriptedImporter/UnityEditor.QuickSearchModule:UnityEditor.Search:ASIAI0B -> (ImportResultId: 'bb102d3c9d4c6cba6aafe1409a2c031c') in 0.017904812 seconds
[Worker0] Imported GUID: e2393c2c53c02d24b9313fde572f87af - Path: Packages/com.unity.render-pipelines.core/Runtime/GPUDriven/CoreDataSystems/InstanceWindDataUpdateDefs.cs - Importer: ScriptedImporter/UnityEditor.QuickSearchModule:UnityEditor.Search:ASIAI0B -> (ImportResultId: 'bb172aeb0a2acb5da05420388cd0698d') in 0.017278323 seconds
[Worker0] Imported GUID: 1ed97a1fe4775544caa75b92f1d8e9ae - Path: Packages/com.unity.render-pipelines.core/Runtime/GPUDriven/Culling/OcclusionCullingCommon.cs.hlsl - Importer: ScriptedImporter/UnityEditor.QuickSearchModule:UnityEditor.Search:ASIAI0B -> (ImportResultId: '08caaa47c9ee1e5dd6a758fc7effcec8') in 0.021060483 seconds
[Worker0] Imported GUID: f6e06ceb4cc6a38458f4b614e8000dc8 - Path: Packages/com.unity.render-pipelines.core/Runtime/Lighting/ProbeVolume/ProbeReferenceVolume.Debug.cs.hlsl - Importer: ScriptedImporter/UnityEditor.QuickSearchModule:UnityEditor.Search:ASIAI0B -> (ImportResultId: '41cbcdc002fa3df3fddc968a127362c0') in 0.020313879 seconds
[Worker0] Imported GUID: 17f23bb13fc806a40b1c1ec8a9b6cb75 - Path: Packages/com.unity.render-pipelines.core/Runtime/Lighting/ProbeVolume/ProbeReferenceVolume.Streaming.cs - Importer: ScriptedImporter/UnityEditor.QuickSearchModule:UnityEditor.Search:ASIAI0B -> (ImportResultId: '0aae5650e1301a983f46edaa8b3b9caa') in 0.017546794 seconds
[Worker0] Imported GUID: f3545fc7afc41164dbfc733522d08386 - Path: Packages/com.unity.render-pipelines.core/Runtime/GPUDriven/CoreDataSystems/LODGroupDataSystem.Jobs.cs - Importer: ScriptedImporter/UnityEditor.QuickSearchModule:UnityEditor.Search:ASIAI0B -> (ImportResultId: 'd6c47602a945b9d6b7dd9df3c148ea9e') in 0.018802318 seconds
[Worker0] Imported GUID: 1024f2cfcd9723443be47989a040394e - Path: Packages/com.unity.render-pipelines.core/Runtime/GPUDriven/Culling/OcclusionTestCommon.hlsl - Importer: ScriptedImporter/UnityEditor.QuickSearchModule:UnityEditor.Search:ASIAI0B -> (ImportResultId: 'ef35c234e3ac6e1ee2192efc09291739') in 0.019456128 seconds
[Worker0] Imported GUID: 7e8f0471be47d8f448c16883505d19bc - Path: Packages/com.unity.render-pipelines.core/Runtime/GPUDriven/SceneProcessors/LODGroupProcessor.cs - Importer: ScriptedImporter/UnityEditor.QuickSearchModule:UnityEditor.Search:ASIAI0B -> (ImportResultId: '2dd437ed4d1d9851c2abfa47440605fe') in 0.019211001 seconds
[Worker0] Imported GUID: c681068da611a114aa6b31c7214140f7 - Path: Packages/com.unity.render-pipelines.core/Runtime/GPUDriven/Culling/OccluderDepthPyramidConstants.cs - Importer: ScriptedImporter/UnityEditor.QuickSearchModule:UnityEditor.Search:ASIAI0B -> (ImportResultId: '700ad58bdd81a5125fd32eacfd04b4b6') in 0.020647302 seconds
[Worker0] Imported GUID: 1895ea87beb6a2944b488685a325ccc9 - Path: Packages/com.unity.render-pipelines.core/Runtime/GPUDriven/Culling/InstanceOcclusionCullerShaderVariables.cs - Importer: ScriptedImporter/UnityEditor.QuickSearchModule:UnityEditor.Search:ASIAI0B -> (ImportResultId: '39f5fa1e90573bb57661bcf5de01cac4') in 0.017153189 seconds
[Worker0] Imported GUID: 58562d806ae1e3b4ba9cc4b895239782 - Path: Packages/com.unity.render-pipelines.core/Runtime/Lighting/ProbeVolume/ProbeIndexOfIndices.cs - Importer: ScriptedImporter/UnityEditor.QuickSearchModule:UnityEditor.Search:ASIAI0B -> (ImportResultId: '1766b38392816d0c900949090d0f12a4') in 0.020095252 seconds
[Worker0] Imported GUID: 0fd0ea96637f6954bad526ba9c76b16b - Path: Packages/com.unity.render-pipelines.core/Runtime/GPUDriven/Debug/GPUResidentDrawerDebug.cs - Importer: ScriptedImporter/UnityEditor.QuickSearchModule:UnityEditor.Search:ASIAI0B -> (ImportResultId: 'b617b6c8133d9ee27823755987c4cc7b') in 0.019530787 seconds
[Worker0] Imported GUID: 9dbad2118b2e7704aa686c28ea8a1f3c - Path: Packages/com.unity.render-pipelines.core/Runtime/GPUDriven/SceneProcessors/WorldProcessorBurst.cs - Importer: ScriptedImporter/UnityEditor.QuickSearchModule:UnityEditor.Search:ASIAI0B -> (ImportResultId: 'e2f29f7afcfd52b9677938d5ed487452') in 0.019415011 seconds
[Worker0] Imported GUID: df6b79ad3423a5745916fceb76fdefbf - Path: Packages/com.unity.render-pipelines.core/Runtime/GPUDriven/Culling/InstanceCuller.cs - Importer: ScriptedImporter/UnityEditor.QuickSearchModule:UnityEditor.Search:ASIAI0B -> (ImportResultId: '3f08eb2cf569da7833b92e52ff5d68e4') in 0.020199646 seconds
[Worker0] Imported GUID: 079fb321dd4edfd42bee1376c8c48c05 - Path: Packages/com.unity.render-pipelines.core/Runtime/Lighting/ProbeVolume/ProbeBrickPool.cs - Importer: ScriptedImporter/UnityEditor.QuickSearchModule:UnityEditor.Search:ASIAI0B -> (ImportResultId: '39aace91d0ec0622ea707a1894e3874e') in 0.018753306 seconds
[Worker0] Imported GUID: 2f2e5e8e23a1880449ebe8c1baaa136f - Path: Packages/com.unity.render-pipelines.core/Runtime/Lighting/ProbeVolume/ProbeReferenceVolume.Debug.cs - Importer: ScriptedImporter/UnityEditor.QuickSearchModule:UnityEditor.Search:ASIAI0B -> (ImportResultId: '1280d359dcb7e73abe1d412536768d61') in 0.019806622 seconds
[Worker0] Imported GUID: acfffa7be0fa59d409bb1d0a89b9b13b - Path: Packages/com.unity.render-pipelines.core/Runtime/GPUDriven/Culling/InstanceOcclusionCuller.cs - Importer: ScriptedImporter/UnityEditor.QuickSearchModule:UnityEditor.Search:ASIAI0B -> (ImportResultId: '26c39d2d1a98d9fe7e2cf230aaf5c9a6') in 0.020315472 seconds
[Worker0] Imported GUID: 363ade177d37a7249ad7d6a542cf5eea - Path: Packages/com.unity.render-pipelines.core/Runtime/GPUDriven/SceneProcessors/WorldProcessor.cs - Importer: ScriptedImporter/UnityEditor.QuickSearchModule:UnityEditor.Search:ASIAI0B -> (ImportResultId: '82d16c0ace3071d0dedcb64ad99c5880') in 0.019652304 seconds
[Worker0] Imported GUID: a5ea6c3e82289ce4d8ea0b60a96b1ee2 - Path: Packages/com.unity.render-pipelines.core/Runtime/GPUDriven/Culling/OcclusionCullingCommonShaderVariables.cs.hlsl - Importer: ScriptedImporter/UnityEditor.QuickSearchModule:UnityEditor.Search:ASIAI0B -> (ImportResultId: '0dfe266a0bfea89ae8f6d9347dedcb2d') in 0.018883078 seconds
[Worker0] Imported GUID: 97a69240652682c46913f30d9e721493 - Path: Packages/com.unity.render-pipelines.core/Runtime/GPUDriven/Utilities/JaggedSpan.cs - Importer: ScriptedImporter/UnityEditor.QuickSearchModule:UnityEditor.Search:ASIAI0B -> (ImportResultId: '08e4110bca6d3efaf254f798f7ce69c3') in 0.016116924 seconds
[Worker0] Imported GUID: 00f96d87bb315084d89b58bd90c5304a - Path: Packages/com.unity.render-pipelines.core/Runtime/GPUDriven/Culling/OcclusionCullingDebugShaderVariables.cs.hlsl - Importer: ScriptedImporter/UnityEditor.QuickSearchModule:UnityEditor.Search:ASIAI0B -> (ImportResultId: 'b90f46e67cad0106fd9bfcc2edc976a0') in 0.016144296 seconds
[Worker0] Imported GUID: 66d9341ed4713be40a82b8eac8efe939 - Path: Packages/com.unity.render-pipelines.core/Runtime/Lighting/ProbeVolume/ProbeVolume.Migration.cs - Importer: ScriptedImporter/UnityEditor.QuickSearchModule:UnityEditor.Search:ASIAI0B -> (ImportResultId: '41f7c87fa3a67d2ba63eddcf322d146a') in 0.017358182 seconds
[Worker0] Imported GUID: a71fe447aa3034341b4a16245852e2f5 - Path: Packages/com.unity.render-pipelines.core/Runtime/GPUDriven/Culling/InstanceOcclusionCuller.cs.hlsl - Importer: ScriptedImporter/UnityEditor.QuickSearchModule:UnityEditor.Search:ASIAI0B -> (ImportResultId: '0a510d6ba01eed7c86b1ac277417f735') in 0.018488431 seconds
[Worker0] Imported GUID: 5c8137fcac12c3743bd060b069e1962b - Path: Packages/com.unity.render-pipelines.core/Runtime/GPUDriven/Culling/OcclusionCullingDebugShaderVariables.cs - Importer: ScriptedImporter/UnityEditor.QuickSearchModule:UnityEditor.Search:ASIAI0B -> (ImportResultId: '4399e4cef1bead60aa99a4f0afc8e205') in 0.015033432 seconds
[Worker0] Imported GUID: 60581e86aa47d834785ca132fc385273 - Path: Packages/com.unity.render-pipelines.core/Runtime/GPUDriven/Culling/InstanceOcclusionCullerShaderVariables.cs.hlsl - Importer: ScriptedImporter/UnityEditor.QuickSearchModule:UnityEditor.Search:ASIAI0B -> (ImportResultId: '3f73867509a65aedde06896603dcb2be') in 0.019444786 seconds
[Worker0] Imported GUID: 3e2d685b54a94db28fd27ea5a8d03634 - Path: Packages/com.unity.render-pipelines.core/Runtime/Lighting/SurfaceCache/PunctualLights.hlsl - Importer: ScriptedImporter/UnityEditor.QuickSearchModule:UnityEditor.Search:ASIAI0B -> (ImportResultId: '1b4a7e527d916f2432d6c852821112e8') in 0.015992663 seconds
[Worker0] Imported GUID: 963afa495f3a6ef43bb488a65fe99d18 - Path: Packages/com.unity.render-pipelines.core/Runtime/Lighting/ProbeVolume/ProbeVolumeScratchBufferPool.cs - Importer: ScriptedImporter/UnityEditor.QuickSearchModule:UnityEditor.Search:ASIAI0B -> (ImportResultId: '6a183a88556bfcf85a3b3022b63b3804') in 0.018132186 seconds
[Worker0] Imported GUID: b5b1bcf1950c2204f8e3959f64726eab - Path: Packages/com.unity.render-pipelines.core/Runtime/Lighting/SurfaceCache/Unity.SurfaceCache.Runtime.asmdef - Importer: ScriptedImporter/UnityEditor.QuickSearchModule:UnityEditor.Search:ASIAI0B -> (ImportResultId: 'b04afd05debe7e4bccc68da4d9ea8115') in 0.021095528 seconds
[Worker0] Imported GUID: a55ec696682683040ab8b67b9175f1a0 - Path: Packages/com.unity.render-pipelines.core/Runtime/Lighting/ProbeVolume/ProbeVolumePositioning.cs - Importer: ScriptedImporter/UnityEditor.QuickSearchModule:UnityEditor.Search:ASIAI0B -> (ImportResultId: '6ec89088d8569bd184ca7503a2bdef80') in 0.015746193 seconds
[Worker0] Imported GUID: 0529e6c5f6dea8c4a8c2835ed7de57cb - Path: Packages/com.unity.render-pipelines.core/Runtime/PathTracing/Meshes/SkyboxMesh.mesh - Importer: ScriptedImporter/UnityEditor.QuickSearchModule:UnityEditor.Search:ASIAI0B -> (ImportResultId: 'c7e2790f3999a45ebb8e8327fb773f67') in 0.033501306 seconds
[Worker0] Imported GUID: 6bd486065ce11414fa40e631affc4900 - Path: Packages/com.unity.render-pipelines.core/Runtime/Lighting/ProbeVolume/ProbeVolumesOptions.cs - Importer: ScriptedImporter/UnityEditor.QuickSearchModule:UnityEditor.Search:ASIAI0B -> (ImportResultId: 'ecfdc02cf7c1500d5bc784f74f293eca') in 0.020998056 seconds
[Worker0] Imported GUID: 87f25dcc02b54e84ab16e783d04d72d8 - Path: Packages/com.unity.render-pipelines.core/Runtime/Lighting/SurfaceCache/Estimation.hlsl - Importer: ScriptedImporter/UnityEditor.QuickSearchModule:UnityEditor.Search:ASIAI0B -> (ImportResultId: 'c0a3709849aec50bb0724462898456ae') in 0.019206663 seconds
[Worker0] Imported GUID: 804415e4b1bf68147a30546faefeeb0b - Path: Packages/com.unity.render-pipelines.core/Runtime/Lighting/SurfaceCache/PatchUtil.hlsl - Importer: ScriptedImporter/UnityEditor.QuickSearchModule:UnityEditor.Search:ASIAI0B -> (ImportResultId: '5a1c722262aa358b1d8fb11d58638ab2') in 0.019241166 seconds
[Worker0] Imported GUID: e478f7f7b57c7ab46a2933b408f63161 - Path: Packages/com.unity.render-pipelines.core/Runtime/Lighting/ProbeVolume/ProbeVolumeBlendStates.hlsl - Importer: ScriptedImporter/UnityEditor.QuickSearchModule:UnityEditor.Search:ASIAI0B -> (ImportResultId: 'd91979e2a22d46402e2844c6f8f7063a') in 0.018941047 seconds
[Worker0] Imported GUID: a183a2d0b1da4904fb3bd71c6111ebb1 - Path: Packages/com.unity.render-pipelines.core/Runtime/Lighting/SurfaceCache/Defrag.compute - Importer: ScriptedImporter/UnityEditor.QuickSearchModule:UnityEditor.Search:ASIAI0B -> (ImportResultId: 'cb7464bd71fe391b725e4ae98ef4576e') in 0.01946808 seconds
[Worker0] Imported GUID: 6f793e729125fbd4c8fd3f5f79653b47 - Path: Packages/com.unity.render-pipelines.core/Runtime/Lighting/ProbeVolume/ProbeVolumeGlobalSettings.cs - Importer: ScriptedImporter/UnityEditor.QuickSearchModule:UnityEditor.Search:ASIAI0B -> (ImportResultId: 'e2e6882d956c52a36b2ff7a3048e8759') in 0.019081649 seconds
[Worker0] Imported GUID: c23523f04780d754f927b9daf4f975b9 - Path: Packages/com.unity.render-pipelines.core/Runtime/Lighting/SurfaceCache/TemporalFiltering.compute - Importer: ScriptedImporter/UnityEditor.QuickSearchModule:UnityEditor.Search:ASIAI0B -> (ImportResultId: '3889eccf422f6c00a5feeac85a16e825') in 0.019206281 seconds
[Worker0] Imported GUID: e1da6470aa67d413da04758e62ce5af9 - Path: Packages/com.unity.render-pipelines.core/Runtime/PathTracing/MaterialPool/MaterialPool.cs - Importer: ScriptedImporter/UnityEditor.QuickSearchModule:UnityEditor.Search:ASIAI0B -> (ImportResultId: 'fbd1fde3d4d44c860d770d396f9b96f3') in 0.016178931 seconds
[Worker0] Imported GUID: fb1453f13b855f444a8034b2db10ca61 - Path: Packages/com.unity.render-pipelines.core/Runtime/Lighting/ProbeVolume/ProbeVolumeUploadDataCommon.hlsl - Importer: ScriptedImporter/UnityEditor.QuickSearchModule:UnityEditor.Search:ASIAI0B -> (ImportResultId: '60ae9c2b6ae557786c1ba2a908399cde') in 0.018632701 seconds
[Worker0] Imported GUID: ec6eec0d49474f845b4288cb1dc2525a - Path: Packages/com.unity.render-pipelines.core/Runtime/Lighting/ProbeVolume/ProbeVolumeBakingSetWeakReference.cs - Importer: ScriptedImporter/UnityEditor.QuickSearchModule:UnityEditor.Search:ASIAI0B -> (ImportResultId: '367faf85ab8ef3b094722340c6f02947') in 0.0178234 seconds
[Worker0] Imported GUID: 25c1bf0294992764886cfb293ecce80c - Path: Packages/com.unity.render-pipelines.core/Runtime/Lighting/SurfaceCache/AssemblyInfo.cs - Importer: ScriptedImporter/UnityEditor.QuickSearchModule:UnityEditor.Search:ASIAI0B -> (ImportResultId: 'b36fe3a967fcc185a1758f3183545e90') in 0.018695718 seconds
[Worker0] Imported GUID: 54a5cb4c515d9304ba7e7c9cab9ed90e - Path: Packages/com.unity.render-pipelines.core/Runtime/PathTracing/Lightmapping/ChartRasterizer.cs - Importer: ScriptedImporter/UnityEditor.QuickSearchModule:UnityEditor.Search:ASIAI0B -> (ImportResultId: '885e84ea1a01fec84401e289908145d2') in 0.016987099 seconds
[Worker0] Imported GUID: 974851aba193482e9b796e8883db5c98 - Path: Packages/com.unity.render-pipelines.core/Runtime/PathTracing/MaterialPool/MaterialPool.hlsl - Importer: ScriptedImporter/UnityEditor.QuickSearchModule:UnityEditor.Search:ASIAI0B -> (ImportResultId: 'cd303cfe30073949f99f923fb33f7605') in 0.017505748 seconds
[Worker0] Imported GUID: 04fb4740d8c6dbc469086e13c435cd4b - Path: Packages/com.unity.render-pipelines.core/Runtime/Lighting/ProbeVolume/ProbeVolumeSceneData.cs - Importer: ScriptedImporter/UnityEditor.QuickSearchModule:UnityEditor.Search:ASIAI0B -> (ImportResultId: 'b12e94b92af9f7599d959c76466338e8') in 0.018020578 seconds
[Worker0] Imported GUID: 3765a7ac691541038de4d587b94ae768 - Path: Packages/com.unity.render-pipelines.core/Runtime/PathTracing/Environment/SolidColor.shader - Importer: ScriptedImporter/UnityEditor.QuickSearchModule:UnityEditor.Search:ASIAI0B -> (ImportResultId: 'ed433c166008fe43d8e11d5407566485') in 0.028168452 seconds
[Worker0] Imported GUID: a83d2f7ae04ab6f4f99b0d85377be998 - Path: Packages/com.unity.render-pipelines.core/Runtime/Lighting/ProbeVolume/ProbeVolumePerSceneData.cs - Importer: ScriptedImporter/UnityEditor.QuickSearchModule:UnityEditor.Search:ASIAI0B -> (ImportResultId: 'aa65ea92c176be509e26cb3f4f2969bc') in 0.01740015 seconds
[Worker0] Imported GUID: 4b4536f3e86fa534d9779cfdf6d8f12e - Path: Packages/com.unity.render-pipelines.core/Runtime/PathTracing/Core/TextureQuadTree.cs - Importer: ScriptedImporter/UnityEditor.QuickSearchModule:UnityEditor.Search:ASIAI0B -> (ImportResultId: '85593e75f6a9f40fe8b379188d926dc5') in 0.017249949 seconds
[Worker0] Imported GUID: 2ca179cc72ecf4f4fa7d4ed3bb83ffd2 - Path: Packages/com.unity.render-pipelines.core/Runtime/Lighting/ProbeVolume/ProbeVolumeBakingProcessSettings.cs - Importer: ScriptedImporter/UnityEditor.QuickSearchModule:UnityEditor.Search:ASIAI0B -> (ImportResultId: 'd1364d344fe5ceec9abf3ca9a6be255e') in 0.019595157 seconds
[Worker0] Imported GUID: 63e59de460463bb4c9d64bc58051d12c - Path: Packages/com.unity.render-pipelines.core/Runtime/Lighting/SurfaceCache/SpatialFiltering.compute - Importer: ScriptedImporter/UnityEditor.QuickSearchModule:UnityEditor.Search:ASIAI0B -> (ImportResultId: '82834af439e0e1d934a28870a86166d8') in 0.020755623 seconds
[Worker0] Imported GUID: 16e47c1641bd0104e92b624601457bb0 - Path: Packages/com.unity.render-pipelines.core/Runtime/PathTracing/Shaders/BuildLightGrid.compute - Importer: ScriptedImporter/UnityEditor.QuickSearchModule:UnityEditor.Search:ASIAI0B -> (ImportResultId: 'a6af88b0d466258c75ec2dc62c006d52') in 0.019214006 seconds
[Worker0] Imported GUID: c9f2aeed6ef396f4d9134e4da1edfe19 - Path: Packages/com.unity.render-pipelines.core/Runtime/Lighting/SurfaceCache/Eviction.compute - Importer: ScriptedImporter/UnityEditor.QuickSearchModule:UnityEditor.Search:ASIAI0B -> (ImportResultId: '48d9336225ddbf7060a92193358e09c3') in 0.017928276 seconds
[Worker0] Imported GUID: 9bdf70d328f46724a8d2a29eacb6e8d7 - Path: Packages/com.unity.render-pipelines.core/Runtime/Lighting/SurfaceCache/Common.hlsl - Importer: ScriptedImporter/UnityEditor.QuickSearchModule:UnityEditor.Search:ASIAI0B -> (ImportResultId: '405b8a784e6732b8653dc8aa2bf3b112') in 0.01650509 seconds
[Worker0] Imported GUID: bdf6d42ecc0a27e40afda532c63d82a8 - Path: Packages/com.unity.render-pipelines.core/Runtime/Lighting/SurfaceCache/SurfaceCacheRenderPipelineResources.cs - Importer: ScriptedImporter/UnityEditor.QuickSearchModule:UnityEditor.Search:ASIAI0B -> (ImportResultId: '49180567a40b58f31f484e0f220ad3e5') in 0.018629295 seconds
[Worker0] Imported GUID: 47bbc3edf61978b498603cc2a1b87eea - Path: Packages/com.unity.render-pipelines.core/Runtime/Lighting/SurfaceCache/Scrolling.compute - Importer: ScriptedImporter/UnityEditor.QuickSearchModule:UnityEditor.Search:ASIAI0B -> (ImportResultId: 'c7d324997c1739dcc9b5560532d01880') in 0.018120294 seconds
[Worker0] Imported GUID: e4ea9631f1f5a904d97ac50debf8006b - Path: Packages/com.unity.render-pipelines.core/Runtime/PathTracing/Lightmapping/UVOverlapDetection.cs - Importer: ScriptedImporter/UnityEditor.QuickSearchModule:UnityEditor.Search:ASIAI0B -> (ImportResultId: '51356b55156f912b2416442bca819b51') in 0.017417532 seconds
[Worker0] Imported GUID: c39fe1ae5d104e50aee356f2058aa11c - Path: Packages/com.unity.render-pipelines.core/Runtime/Lighting/SurfaceCache/SurfaceCacheWorld.cs - Importer: ScriptedImporter/UnityEditor.QuickSearchModule:UnityEditor.Search:ASIAI0B -> (ImportResultId: '0457cb0c459317a5c826bc84c6a6700e') in 0.017176513 seconds
[Worker0] Imported GUID: a80925ceebd011741b42509226cefc74 - Path: Packages/com.unity.render-pipelines.core/Runtime/PathTracing/Meshes/6FaceSkyboxMesh.mesh - Importer: ScriptedImporter/UnityEditor.QuickSearchModule:UnityEditor.Search:ASIAI0B -> (ImportResultId: 'bea9b066aa438f4cab8f5da71fc58a70') in 0.019943168 seconds
[Worker0] Imported GUID: f32463968f29423cad25aee15a14b9f1 - Path: Packages/com.unity.render-pipelines.core/Runtime/Lighting/SurfaceCache/PunctualLightSampling.urtshader - Importer: ScriptedImporter/UnityEditor.QuickSearchModule:UnityEditor.Search:ASIAI0B -> (ImportResultId: 'f3ee17d24e24597efadaab1559819ab5') in 0.029711291 seconds
[Worker0] Imported GUID: 557fa399e33bf7647bda5697c5c158df - Path: Packages/com.unity.render-pipelines.core/Runtime/PathTracing/Shaders/BlitCookie.compute - Importer: ScriptedImporter/UnityEditor.QuickSearchModule:UnityEditor.Search:ASIAI0B -> (ImportResultId: '4b30564102e5e3f19dfb879761aa38d2') in 0.016453062 seconds
[Worker0] Imported GUID: 048170d3a5da040f2b4a67567f20e84d - Path: Packages/com.unity.render-pipelines.core/Runtime/Lighting/ProbeVolume/ProbeVolumeConstantRuntimeResources.cs - Importer: ScriptedImporter/UnityEditor.QuickSearchModule:UnityEditor.Search:ASIAI0B -> (ImportResultId: '9289d3f9d4ca1e1b3cba294cf90e991b') in 0.017843929 seconds
[Worker0] Imported GUID: 32ab993c32b84a2ba9631a3bf5c1d79c - Path: Packages/com.unity.render-pipelines.core/Runtime/Lighting/SurfaceCache/PunctualLightSampling.hlsl - Importer: ScriptedImporter/UnityEditor.QuickSearchModule:UnityEditor.Search:ASIAI0B -> (ImportResultId: 'b4d862d80e057f4d73f2f1cd86debcda') in 0.018191086 seconds
[Worker0] Imported GUID: 5f1e2bdf0b363ad42b67c77917a4efc9 - Path: Packages/com.unity.render-pipelines.core/Runtime/PathTracing/Core/TextureSlotAllocator.cs - Importer: ScriptedImporter/UnityEditor.QuickSearchModule:UnityEditor.Search:ASIAI0B -> (ImportResultId: '6cfaf37e3f324d8ef8f9f03290bed204') in 0.01890553 seconds
[Worker0] Imported GUID: e49517d863f9f844b9f192be299100c5 - Path: Packages/com.unity.render-pipelines.core/Runtime/Lighting/ProbeVolume/ProbeVolumeStreamableAsset.cs - Importer: ScriptedImporter/UnityEditor.QuickSearchModule:UnityEditor.Search:ASIAI0B -> (ImportResultId: '87d429dcea0555a445a605020e8c4d25') in 0.017050096 seconds
[Worker0] Imported GUID: d4da391a9b2648a980105cdee7aba311 - Path: Packages/com.unity.render-pipelines.core/Runtime/Lighting/SurfaceCache/VectorLogic.hlsl - Importer: ScriptedImporter/UnityEditor.QuickSearchModule:UnityEditor.Search:ASIAI0B -> (ImportResultId: '4e1650573a451917f5436c5600f35990') in 0.016557568 seconds
[Worker0] Imported GUID: 0951de5992461754fa73650732c4954c - Path: Packages/com.unity.render-pipelines.core/Runtime/Lighting/ProbeVolume/ProbeVolumeUploadData.compute - Importer: ScriptedImporter/UnityEditor.QuickSearchModule:UnityEditor.Search:ASIAI0B -> (ImportResultId: 'b47e0fda429ac7664903e4c677cd11cd') in 0.017700661 seconds
[Worker0] Imported GUID: b271ec1ddd8048458fa529e8e7cfe960 - Path: Packages/com.unity.render-pipelines.core/Runtime/Lighting/SurfaceCache/PatchAllocation.compute - Importer: ScriptedImporter/UnityEditor.QuickSearchModule:UnityEditor.Search:ASIAI0B -> (ImportResultId: 'f1b00dc2acaeda83701112a19d7c67f1') in 0.017718505 seconds
[Worker0] Imported GUID: d6b61523d2d66384485b5ef359496dd9 - Path: Packages/com.unity.render-pipelines.core/Runtime/Lighting/ProbeVolume/ProbeVolumeGIContributor.cs - Importer: ScriptedImporter/UnityEditor.QuickSearchModule:UnityEditor.Search:ASIAI0B -> (ImportResultId: '4966eee9064995b68579fcb6f19accdd') in 0.016981338 seconds
[Worker0] Imported GUID: 5bb2534d2411d344cbc54f880232640f - Path: Packages/com.unity.render-pipelines.core/Runtime/PathTracing/Environment/EnvironmentImportanceSamplingBuild.compute - Importer: ScriptedImporter/UnityEditor.QuickSearchModule:UnityEditor.Search:ASIAI0B -> (ImportResultId: 'fdf86706274ef65432199324e1acc4fb') in 0.019758883 seconds
[Worker0] Imported GUID: 5a992812cb320d146a66cc600200cce7 - Path: Packages/com.unity.render-pipelines.core/Runtime/PathTracing/Shaders/BlitCubemap.compute - Importer: ScriptedImporter/UnityEditor.QuickSearchModule:UnityEditor.Search:ASIAI0B -> (ImportResultId: '70ada8358562bef0d446b89106d7cfda') in 0.017264086 seconds
[Worker0] Imported GUID: 4bde7a8c0f6757b48a734d0a21766a01 - Path: Packages/com.unity.render-pipelines.core/Runtime/PathTracing/Environment/CubemapRender.cs - Importer: ScriptedImporter/UnityEditor.QuickSearchModule:UnityEditor.Search:ASIAI0B -> (ImportResultId: 'b3adfaa0e4bd8b7f7f9c4459549d2aef') in 0.017277922 seconds
[Worker0] Imported GUID: 6df0bea367f474d46865e94282c99503 - Path: Packages/com.unity.render-pipelines.core/Runtime/Lighting/ProbeVolume/ShaderVariablesProbeVolumes.cs - Importer: ScriptedImporter/UnityEditor.QuickSearchModule:UnityEditor.Search:ASIAI0B -> (ImportResultId: 'd1f8114eb3f63c17fc24dde855d26eb3') in 0.017738863 seconds
[Worker0] Imported GUID: dcbd446e83bc87d40b82dd90f8814c3c - Path: Packages/com.unity.render-pipelines.core/Runtime/Lighting/ProbeVolume/ShaderVariablesProbeVolumes.cs.hlsl - Importer: ScriptedImporter/UnityEditor.QuickSearchModule:UnityEditor.Search:ASIAI0B -> (ImportResultId: '718637497bdefc93aedc0401b1275d89') in 0.019199299 seconds
[Worker0] Imported GUID: 854554dea0a060645879ba79a3cd6503 - Path: Packages/com.unity.render-pipelines.core/Runtime/Lighting/SurfaceCache/SurfaceCache.cs - Importer: ScriptedImporter/UnityEditor.QuickSearchModule:UnityEditor.Search:ASIAI0B -> (ImportResultId: 'a10afe474adcece5e73d90774697aafb') in 0.019313452 seconds
[Worker0] Imported GUID: 3d6e9bbc38b5ff841a484d47af117c33 - Path: Packages/com.unity.render-pipelines.core/Runtime/Lighting/SurfaceCache/TemporalFiltering.hlsl - Importer: ScriptedImporter/UnityEditor.QuickSearchModule:UnityEditor.Search:ASIAI0B -> (ImportResultId: 'fa29c72577ccfff0d67cb0cd06fe2a17') in 0.01892676 seconds
[Worker0] Imported GUID: 7be701552a7670148a7c948d2b363156 - Path: Packages/com.unity.render-pipelines.core/Runtime/Lighting/SurfaceCache/IrradianceCompression.hlsl - Importer: ScriptedImporter/UnityEditor.QuickSearchModule:UnityEditor.Search:ASIAI0B -> (ImportResultId: 'a51e8aa80607982a24d18199801b9cca') in 0.01805854 seconds
[Worker0] Imported GUID: cd8fa354645948a46bc538729ae1b169 - Path: Packages/com.unity.render-pipelines.core/Runtime/PathTracing/Environment/EnvironmentImportanceSampling.hlsl - Importer: ScriptedImporter/UnityEditor.QuickSearchModule:UnityEditor.Search:ASIAI0B -> (ImportResultId: '9d7893390d27f4f02666e574699cfe59') in 0.018233115 seconds
[Worker0] Imported GUID: a30369464edbd71488d5d8fdb678695f - Path: Packages/com.unity.render-pipelines.core/Runtime/Lighting/SurfaceCache/PathTracing.hlsl - Importer: ScriptedImporter/UnityEditor.QuickSearchModule:UnityEditor.Search:ASIAI0B -> (ImportResultId: '6cbbeb7585a41010011ba18f06cbf7c9') in 0.016977641 seconds
[Worker0] Imported GUID: 6196f34ed825db14b81fb3eb0ea8d931 - Path: Packages/com.unity.render-pipelines.core/Runtime/Lighting/ProbeVolume/ProbeVolumeUploadDataL2.compute - Importer: ScriptedImporter/UnityEditor.QuickSearchModule:UnityEditor.Search:ASIAI0B -> (ImportResultId: '1016da042f7f7ae1e71d8e0b716d88d2') in 0.017418675 seconds
[Worker0] Imported GUID: 57a4583d3447a474ab6db0deedbaeb0b - Path: Packages/com.unity.render-pipelines.core/Runtime/PathTracing/MaterialPool/MaterialAspectOracle.cs - Importer: ScriptedImporter/UnityEditor.QuickSearchModule:UnityEditor.Search:ASIAI0B -> (ImportResultId: '175f5e43a768d08abc80bfd3d7c9042b') in 0.017192733 seconds
[Worker0] Imported GUID: 94a39d12848d8d64ca962a72b74e7c50 - Path: Packages/com.unity.render-pipelines.core/Runtime/Lighting/SurfaceCache/Estimation.urtshader - Importer: ScriptedImporter/UnityEditor.QuickSearchModule:UnityEditor.Search:ASIAI0B -> (ImportResultId: '305c54af98a5ddbcc54942986602d6c5') in 0.018770077 seconds
[Worker0] Imported GUID: 1c1174c4c735e6b45bb06384a3c08e2d - Path: Packages/com.unity.render-pipelines.core/Runtime/PathTracing/Environment/EnvironmentImportanceSampling.cs - Importer: ScriptedImporter/UnityEditor.QuickSearchModule:UnityEditor.Search:ASIAI0B -> (ImportResultId: 'caf7f58eb33cb8cdb37f04637bc8dc63') in 0.017746437 seconds
[Worker0] Imported GUID: 388805dc784049d2a487708b8e7df266 - Path: Packages/com.unity.render-pipelines.core/Runtime/PathTracing/Core/Common.cs - Importer: ScriptedImporter/UnityEditor.QuickSearchModule:UnityEditor.Search:ASIAI0B -> (ImportResultId: '97eb81439c18ec267ad95d35f36c99d2') in 0.017266251 seconds
[Worker0] Imported GUID: c74704f1b85e9e94fbc165484fbf7985 - Path: Packages/com.unity.render-pipelines.core/Runtime/Lighting/ProbeVolume/ProbeVolumeBakingSet.Editor.cs - Importer: ScriptedImporter/UnityEditor.QuickSearchModule:UnityEditor.Search:ASIAI0B -> (ImportResultId: '5199599dd9fd0c7e1a96106a535b84ff') in 0.019385537 seconds
[Worker0] Imported GUID: 4881f9a2c4d568047b316028d20a8dca - Path: Packages/com.unity.render-pipelines.core/Runtime/Lighting/ProbeVolume/ProbeVolumeBakingSet.cs - Importer: ScriptedImporter/UnityEditor.QuickSearchModule:UnityEditor.Search:ASIAI0B -> (ImportResultId: 'be8ac1fccd04111437429f92d753aae7') in 0.019409541 seconds
[Worker0] Imported GUID: 7ed0dbab70f0403298ce88263059d1d1 - Path: Packages/com.unity.render-pipelines.core/Runtime/Lighting/SurfaceCache/PatchAllocationRequest.hlsl - Importer: ScriptedImporter/UnityEditor.QuickSearchModule:UnityEditor.Search:ASIAI0B -> (ImportResultId: 'e2832c3658ebc5f4b63eb272d6430943') in 0.014080704 seconds
[Worker0] Imported GUID: 7a907a631dd46324681dd9b152a939c5 - Path: Packages/com.unity.render-pipelines.core/Runtime/PathTracing/Lightmapping/ChartIdentification.cs - Importer: ScriptedImporter/UnityEditor.QuickSearchModule:UnityEditor.Search:ASIAI0B -> (ImportResultId: '8729363529c813e4b7ca35e7bd2efa33') in 0.011804755 seconds
[Worker0] Imported GUID: a3f7b8c99de28a94684cb1daebeccf5d - Path: Packages/com.unity.render-pipelines.core/Runtime/Lighting/ProbeVolume/ProbeVolumeBlendStates.compute - Importer: ScriptedImporter/UnityEditor.QuickSearchModule:UnityEditor.Search:ASIAI0B -> (ImportResultId: '209d339b6a63a05db61a6e5d0b825b5d') in 0.011685292 seconds
[Worker0] Imported GUID: e60162c3a6f6411491059635f101f6b9 - Path: Packages/com.unity.render-pipelines.core/Runtime/Lighting/ProbeVolume/ProbeVolumeUtil.cs - Importer: ScriptedImporter/UnityEditor.QuickSearchModule:UnityEditor.Search:ASIAI0B -> (ImportResultId: '274f827b93428c3167a8324ee4881754') in 0.016940652 seconds
[Worker0] Imported GUID: f6915963f3bd8724b9def69a1ecdd73d - Path: Packages/com.unity.render-pipelines.core/Runtime/Lighting/SurfaceCache/RingBuffer.hlsl - Importer: ScriptedImporter/UnityEditor.QuickSearchModule:UnityEditor.Search:ASIAI0B -> (ImportResultId: 'd6ee9d923b209d2349ba49acc56dccfd') in 0.013230206 seconds
[Worker0] Imported GUID: 648103770f9a45649898dcd9d8aaa640 - Path: Packages/com.unity.render-pipelines.core/Runtime/PathTracing/Shaders/PathTracingRandom.hlsl - Importer: ScriptedImporter/UnityEditor.QuickSearchModule:UnityEditor.Search:ASIAI0B -> (ImportResultId: '97f0453deea947bf90efd7cf4f9368f1') in 0.010891371 seconds
[Worker0] Imported GUID: 2c32233d92a2d0745930664c087c5c9a - Path: Packages/com.unity.render-pipelines.core/Runtime/PathTracing/Shaders/ProbeIntegrationValidity.urtshader - Importer: ScriptedImporter/UnityEditor.QuickSearchModule:UnityEditor.Search:ASIAI0B -> (ImportResultId: '63644919a90c08387ff341e8108c1f23') in 0.013696277 seconds
[Worker0] Imported GUID: 2b3b8db61c6ec144a8dd7537477d8404 - Path: Packages/com.unity.render-pipelines.core/Runtime/RenderGraph/Debug/RenderGraph.DebugDataSerialization.cs - Importer: ScriptedImporter/UnityEditor.QuickSearchModule:UnityEditor.Search:ASIAI0B -> (ImportResultId: 'b324abeac6be40ef03ad93d6efaf2cca') in 0.011130577 seconds
[Worker0] Imported GUID: 2ba9c897a5bfc8c4e8faefab864e2a59 - Path: Packages/com.unity.render-pipelines.core/Runtime/PathTracing/Shaders/ComputeHelpers.compute - Importer: ScriptedImporter/UnityEditor.QuickSearchModule:UnityEditor.Search:ASIAI0B -> (ImportResultId: 'ccb20ca3481855e187762a89149f3b48') in 0.012402552 seconds
[Worker0] Imported GUID: f4d1137d7b0a472438ff16f81047ba11 - Path: Packages/com.unity.render-pipelines.core/Runtime/PathTracing/Shaders/LightSampling.hlsl - Importer: ScriptedImporter/UnityEditor.QuickSearchModule:UnityEditor.Search:ASIAI0B -> (ImportResultId: 'f58ac40a8d83a1ffc5824e722b156b15') in 0.012530059 seconds
[Worker0] Imported GUID: 05e2d0e421581f148a6d7be934c2e7e9 - Path: Packages/com.unity.render-pipelines.core/Runtime/RenderGraph/Compiler/FixedAttachmentArray.cs - Importer: ScriptedImporter/UnityEditor.QuickSearchModule:UnityEditor.Search:ASIAI0B -> (ImportResultId: '3f916c7f3663e9a7444eedd45961d009') in 0.011188425 seconds
[Worker0] Imported GUID: 7d54f9694e06a3f42b78d1b025fb4aab - Path: Packages/com.unity.render-pipelines.core/Runtime/PathTracing/Shaders/FetchTerrainGeometry.hlsl - Importer: ScriptedImporter/UnityEditor.QuickSearchModule:UnityEditor.Search:ASIAI0B -> (ImportResultId: '57b7339157340e762941d904276d5182') in 0.010626236 seconds
[Worker0] Imported GUID: ace95ac84e213794891b4bd7c9b3c158 - Path: Packages/com.unity.render-pipelines.core/Runtime/PathTracing/Shaders/LightmapValidityIntegration.urtshader - Importer: ScriptedImporter/UnityEditor.QuickSearchModule:UnityEditor.Search:ASIAI0B -> (ImportResultId: 'b2d07d00956c4fb320691a715efde684') in 0.011189707 seconds
[Worker0] Imported GUID: 4d15bddf10493684cbf573c1b43be6c8 - Path: Packages/com.unity.render-pipelines.core/Runtime/PathTracing/Shaders/LightmapIntegrationHelpers.hlsl - Importer: ScriptedImporter/UnityEditor.QuickSearchModule:UnityEditor.Search:ASIAI0B -> (ImportResultId: 'e9e473651a6eed44446567d458054809') in 0.010878246 seconds
[Worker0] Imported GUID: 1f9bfe60b4ad75943a5281839c1a4e5c - Path: Packages/com.unity.render-pipelines.core/Runtime/PathTracing/Shaders/ProbeIntegrationDirectStochasticLight.urtshader - Importer: ScriptedImporter/UnityEditor.QuickSearchModule:UnityEditor.Search:ASIAI0B -> (ImportResultId: 'b586278e0d1c34ef6ab390f0883382e8') in 0.013016367 seconds
[Worker0] Imported GUID: 5ecdabd800f05984696f22ba95284516 - Path: Packages/com.unity.render-pipelines.core/Runtime/PathTracing/Shaders/ProbeIntegrationIndirect.urtshader - Importer: ScriptedImporter/UnityEditor.QuickSearchModule:UnityEditor.Search:ASIAI0B -> (ImportResultId: '79c40d033eccc564889b66afe2857896') in 0.013370098 seconds
[Worker0] Imported GUID: e713aa3169115ab43a1b2383e0e200e5 - Path: Packages/com.unity.render-pipelines.core/Runtime/PathTracing/Shaders/StochasticLightmapSampling.hlsl - Importer: ScriptedImporter/UnityEditor.QuickSearchModule:UnityEditor.Search:ASIAI0B -> (ImportResultId: 'dce47eb88939a9f29050c2bb4deb2b14') in 0.016222943 seconds
[Worker0] Imported GUID: 200e63f12ebe79f4aa306481ce8ce4a4 - Path: Packages/com.unity.render-pipelines.core/Runtime/PathTracing/Shaders/ExpansionHelpers.compute - Importer: ScriptedImporter/UnityEditor.QuickSearchModule:UnityEditor.Search:ASIAI0B -> (ImportResultId: '1bf5eef64fa5399d7a6584967c5505e4') in 0.019029853 seconds
[Worker0] Imported GUID: a3aa4608001ca6a4e999f5f24750cae8 - Path: Packages/com.unity.render-pipelines.core/Runtime/RenderGraph/Debug/RenderGraphDebugSession.cs - Importer: ScriptedImporter/UnityEditor.QuickSearchModule:UnityEditor.Search:ASIAI0B -> (ImportResultId: '3eaf42134bfc88bf588a6abd98e26acf') in 0.017750274 seconds
[Worker0] Imported GUID: 3135a2ca4096d0d4197185f22349d08e - Path: Packages/com.unity.render-pipelines.core/Runtime/PathTracing/Shaders/TraceRayPathTracing.hlsl - Importer: ScriptedImporter/UnityEditor.QuickSearchModule:UnityEditor.Search:ASIAI0B -> (ImportResultId: '9af47ff905c55807632464f3e770c7fa') in 0.017981055 seconds
[Worker0] Imported GUID: 5493fc629e26e32478e42b7007250ec4 - Path: Packages/com.unity.render-pipelines.core/Runtime/PathTracing/Shaders/PathTracingCommon.hlsl - Importer: ScriptedImporter/UnityEditor.QuickSearchModule:UnityEditor.Search:ASIAI0B -> (ImportResultId: '56805c8942856bde4a9d0a46e8367d12') in 0.01811238 seconds
Worker ready: AssetImportWorkerHW1 1
[Worker0] Imported GUID: e9f4de6d1e07fb94f9a60d35b618f724 - Path: Packages/com.unity.render-pipelines.core/Runtime/PathTracing/Shaders/LightmapGBufferIntegration.urtshader - Importer: ScriptedImporter/UnityEditor.QuickSearchModule:UnityEditor.Search:ASIAI0B -> (ImportResultId: '83ca7586cd17bd879d44a1bb825090f5') in 0.018365122 seconds
[Worker0] Imported GUID: 584596a7dd3850f41ba28e8ac76d904a - Path: Packages/com.unity.render-pipelines.core/Runtime/PathTracing/Shaders/PathTracingMaterials.hlsl - Importer: ScriptedImporter/UnityEditor.QuickSearchModule:UnityEditor.Search:ASIAI0B -> (ImportResultId: '268c11325e53c31db3182f408bb7460b') in 0.018506956 seconds
[Worker0] Imported GUID: 9698efb2816f96349ae46ee06003995b - Path: Packages/com.unity.render-pipelines.core/Runtime/RenderGraph/Compiler/ResourcesData.cs - Importer: ScriptedImporter/UnityEditor.QuickSearchModule:UnityEditor.Search:ASIAI0B -> (ImportResultId: '0ac6b9efc419f9580a7ee3ab9fed225a') in 0.018148417 seconds
[Worker0] Imported GUID: ee19d1386b0b8ef47b4ab104ec460f81 - Path: Packages/com.unity.render-pipelines.core/Runtime/PathTracing/Shaders/PathTracing.hlsl - Importer: ScriptedImporter/UnityEditor.QuickSearchModule:UnityEditor.Search:ASIAI0B -> (ImportResultId: 'a9e4befdd448bf7d0869ba4aa4df914c') in 0.018108312 seconds
[Worker0] Imported GUID: d92584f8beb85b84ca606313cc276c8b - Path: Packages/com.unity.render-pipelines.core/Runtime/PathTracing/Shaders/TerrainRayMarching.hlsl - Importer: ScriptedImporter/UnityEditor.QuickSearchModule:UnityEditor.Search:ASIAI0B -> (ImportResultId: '0b56cfabf0112f87cf55a983a6afeb02') in 0.020618739 seconds
Worker ready: AssetImportWorkerHW2 2
[Worker0] Imported GUID: 53b08de14f6b2bb48be2613f00bbc94d - Path: Packages/com.unity.render-pipelines.core/Runtime/PathTracing/Shaders/SphericalHarmonicsUtils.hlsl - Importer: ScriptedImporter/UnityEditor.QuickSearchModule:UnityEditor.Search:ASIAI0B -> (ImportResultId: '8b5f766ff60bb0e66d99824c7c56ba1e') in 0.022180864 seconds
[Worker0] Imported GUID: 9a36f55a31b6ea349b4423fdae1c5e5b - Path: Packages/com.unity.render-pipelines.core/Runtime/RenderGraph/Compiler/CompilerContextData.cs - Importer: ScriptedImporter/UnityEditor.QuickSearchModule:UnityEditor.Search:ASIAI0B -> (ImportResultId: 'e093a6e8daa3d730e2877f10c781a7fd') in 0.023604051 seconds
[Worker0] Imported GUID: 2969696e79844f56ac7065ad3ecfd221 - Path: Packages/com.unity.render-pipelines.core/Runtime/RenderGraph/Debug/DebugMessageHandler.cs - Importer: ScriptedImporter/UnityEditor.QuickSearchModule:UnityEditor.Search:ASIAI0B -> (ImportResultId: 'a5695d68b79fe207ca258a8d35ffcfaa') in 0.025008322 seconds
[Worker0] Imported GUID: 065a0fb9495518147aaf6f482d53ff42 - Path: Packages/com.unity.render-pipelines.core/Runtime/PathTracing/Shaders/SegmentedReduction.compute - Importer: ScriptedImporter/UnityEditor.QuickSearchModule:UnityEditor.Search:ASIAI0B -> (ImportResultId: '1450d0ec3a1f58fb7d1744be96220bd5') in 0.01773745 seconds
[Worker0] Imported GUID: 5349618d155f8ad44a1aa7cc3ade8fcf - Path: Packages/com.unity.render-pipelines.core/Runtime/RenderGraph/Compiler/PassesData.cs - Importer: ScriptedImporter/UnityEditor.QuickSearchModule:UnityEditor.Search:ASIAI0B -> (ImportResultId: 'fe4c34395b0a5da55ae7292da302dcaa') in 0.018343341 seconds
[Worker0] Imported GUID: 737a1597422c12547a8714d76a9406ec - Path: Packages/com.unity.render-pipelines.core/Runtime/PathTracing/Shaders/LightmapGBufferDebug.urtshader - Importer: ScriptedImporter/UnityEditor.QuickSearchModule:UnityEditor.Search:ASIAI0B -> (ImportResultId: '96bf3a9023c971f30632b5881c76631c') in 0.020801629 seconds
[Worker0] Imported GUID: fe7f1a959d1d3f544a208b7e8805e6cd - Path: Packages/com.unity.render-pipelines.core/Runtime/PathTracing/Shaders/ProbeIntegrationDirectDirectionalAndEnvironment.urtshader - Importer: ScriptedImporter/UnityEditor.QuickSearchModule:UnityEditor.Search:ASIAI0B -> (ImportResultId: '72e62b827ebf0186bddced1e77ab2e51') in 0.024106279 seconds
[Worker0] Imported GUID: f984aeb540ded8b4fbb8a2047ab5b2e2 - Path: Packages/com.unity.render-pipelines.core/Runtime/RenderPipelineResources/GPUDriven/InstanceDataBufferCopyKernels.compute - Importer: ScriptedImporter/UnityEditor.QuickSearchModule:UnityEditor.Search:ASIAI0B -> (ImportResultId: '664ca14300679d9034870e8f109be81a') in 0.021502397 seconds
[Worker0] Imported GUID: 5951703b3d165764c95c653e98350884 - Path: Packages/com.unity.render-pipelines.core/Runtime/PathTracing/Shaders/LightmapDirectBRDFIntegration.urtshader - Importer: ScriptedImporter/UnityEditor.QuickSearchModule:UnityEditor.Search:ASIAI0B -> (ImportResultId: '79dc054f7cc607e358cd57c1f1d13d18') in 0.022233963 seconds
[Worker0] Imported GUID: de3013e16d99f2746ab1735ec06a660b - Path: Packages/com.unity.render-pipelines.core/Runtime/PathTracing/Shaders/ProbeIntegrationOcclusion.urtshader - Importer: ScriptedImporter/UnityEditor.QuickSearchModule:UnityEditor.Search:ASIAI0B -> (ImportResultId: '279738df29504511c22d632bd69aa56d') in 0.018718471 seconds
[Worker0] Imported GUID: 5e4da360906ed014eb18ce666f57cc46 - Path: Packages/com.unity.render-pipelines.core/Runtime/PathTracing/Shaders/PassthroughSkybox.shader - Importer: ScriptedImporter/UnityEditor.QuickSearchModule:UnityEditor.Search:ASIAI0B -> (ImportResultId: '4ca7a6a423c6f7c848d0ab6ff6b9ca0c') in 0.022661892 seconds
[Worker0] Imported GUID: d9e07f4b3f2788f4aabcef3bf810e3cc - Path: Packages/com.unity.render-pipelines.core/Runtime/RenderGraph/Compiler/NativePassCompiler.cs - Importer: ScriptedImporter/UnityEditor.QuickSearchModule:UnityEditor.Search:ASIAI0B -> (ImportResultId: 'ab6b28240e2369e72331e13fd716a8a8') in 0.01997135 seconds
[Worker0] Imported GUID: a279154a65cb87e46a9922aeaf9b7bc4 - Path: Packages/com.unity.render-pipelines.core/Runtime/PostProcessing/Shaders/LensFlareCommon.hlsl - Importer: ScriptedImporter/UnityEditor.QuickSearchModule:UnityEditor.Search:ASIAI0B -> (ImportResultId: 'ab25822b921f717e160c11dd0187545b') in 0.017338986 seconds
[Worker0] Imported GUID: 7624adbeb148b5c48ab5ab660cc2602a - Path: Packages/com.unity.render-pipelines.core/Runtime/PathTracing/Shaders/LightmapIndirectIntegration.urtshader - Importer: ScriptedImporter/UnityEditor.QuickSearchModule:UnityEditor.Search:ASIAI0B -> (ImportResultId: '885b13fbffd273f86ae044ee2572941f') in 0.020132321 seconds
[Worker0] Imported GUID: 7f119af5504869344b06b06ee6f1d011 - Path: Packages/com.unity.render-pipelines.core/Runtime/RenderGraph/Compiler/NativePassCompiler.Markers.cs - Importer: ScriptedImporter/UnityEditor.QuickSearchModule:UnityEditor.Search:ASIAI0B -> (ImportResultId: 'c5a46a46db7fa19b3d1e16e1e670fcde') in 0.019603202 seconds
[Worker0] Imported GUID: afe55daff42455e4eb6a40e34678a418 - Path: Packages/com.unity.render-pipelines.core/Runtime/PostProcessing/Shaders/LensFlareScreenSpaceCommon.hlsl - Importer: ScriptedImporter/UnityEditor.QuickSearchModule:UnityEditor.Search:ASIAI0B -> (ImportResultId: '82ed0fa6eb14a55a177f4825f8315174') in 0.016873638 seconds
[Worker0] Imported GUID: b23e766bcf50ca4438ef186b174557df - Path: Packages/com.unity.render-pipelines.core/Runtime/RenderPipelineResources/GPUDriven/OcclusionCullingDebug.compute - Importer: ScriptedImporter/UnityEditor.QuickSearchModule:UnityEditor.Search:ASIAI0B -> (ImportResultId: 'c7e464081fcc7717a9ae1e5391f13687') in 0.020037965 seconds
[Worker0] Imported GUID: dded1b4d7a77fb940abbbb295be0acff - Path: Packages/com.unity.render-pipelines.core/Runtime/PathTracing/Shaders/PathTracingLightGrid.hlsl - Importer: ScriptedImporter/UnityEditor.QuickSearchModule:UnityEditor.Search:ASIAI0B -> (ImportResultId: 'f53ca14227aace5b044cf8052ce5ebbd') in 0.021553844 seconds
[Worker0] Imported GUID: f8fb1e6125f9d0b43a63ce4f782b4219 - Path: Packages/com.unity.render-pipelines.core/Runtime/RenderGraph/Debug/RenderGraphDebugParams.cs - Importer: ScriptedImporter/UnityEditor.QuickSearchModule:UnityEditor.Search:ASIAI0B -> (ImportResultId: '962e786816dd98f9a8ac9e28305171fd') in 0.014922636 seconds
[Worker0] Imported GUID: 02eb941b9eeda63448b4714f4522c05a - Path: Packages/com.unity.render-pipelines.core/Runtime/PathTracing/Shaders/PathTracingSampler.hlsl - Importer: ScriptedImporter/UnityEditor.QuickSearchModule:UnityEditor.Search:ASIAI0B -> (ImportResultId: '3b52ff9f72b4e2ca769cb57a2d409c56') in 0.01145905 seconds
[Worker0] Imported GUID: 7cc32b82bcf345c8a7de92821f51dc2d - Path: Packages/com.unity.render-pipelines.core/Runtime/RenderGraph/Debug/RenderGraph.DebugData.cs - Importer: ScriptedImporter/UnityEditor.QuickSearchModule:UnityEditor.Search:ASIAI0B -> (ImportResultId: 'f75de68bbf769a9e64139a7ec81cf137') in 0.011288271 seconds
[Worker0] Imported GUID: d3f0849180c2d0944bc71060693df100 - Path: Packages/com.unity.render-pipelines.core/Runtime/RenderPipelineResources/GPUDriven/DebugOcclusionTest.shader - Importer: ScriptedImporter/UnityEditor.QuickSearchModule:UnityEditor.Search:ASIAI0B -> (ImportResultId: '0ea99933618fc73a8dbcb83c21e38e59') in 0.017918788 seconds
[Worker0] Imported GUID: fde76746e4fd0ed418c224f6b4084114 - Path: Packages/com.unity.render-pipelines.core/Runtime/RenderPipelineResources/GPUDriven/InstanceWindDataUpdateKernels.compute - Importer: ScriptedImporter/UnityEditor.QuickSearchModule:UnityEditor.Search:ASIAI0B -> (ImportResultId: '2d8e7cd4681e82815e92bcc02b8c8b72') in 0.015361074 seconds
[Worker0] Imported GUID: 53864816eb00f2343b60e1a2c5a262ef - Path: Packages/com.unity.render-pipelines.core/Runtime/RenderPipelineResources/GPUDriven/InstanceDataBufferUploadKernels.compute - Importer: ScriptedImporter/UnityEditor.QuickSearchModule:UnityEditor.Search:ASIAI0B -> (ImportResultId: '45cb25ebeca37e8e146b1c23e94cb3bb') in 0.019723236 seconds
[Worker0] Imported GUID: 561c70ed7293cf146a66e647cdf30e62 - Path: Packages/com.unity.render-pipelines.core/Runtime/RenderGraph/Compiler/NativePassCompiler.Debug.cs - Importer: ScriptedImporter/UnityEditor.QuickSearchModule:UnityEditor.Search:ASIAI0B -> (ImportResultId: '24edea7608a1150d13fc7d79f7d246f4') in 0.017484788 seconds
[Worker0] Imported GUID: b3c92426a88625841ab15ca6a7917248 - Path: Packages/com.unity.render-pipelines.core/Runtime/RenderPipelineResources/GPUDriven/DebugOccluder.shader - Importer: ScriptedImporter/UnityEditor.QuickSearchModule:UnityEditor.Search:ASIAI0B -> (ImportResultId: '7926b8ea2a4bc82fee0b7fbad6a1a232') in 0.017884665 seconds
[Worker0] Imported GUID: 2a567b9b2733f8d47a700c3c85bed75b - Path: Packages/com.unity.render-pipelines.core/Runtime/RenderPipelineResources/GPUDriven/InstanceTransformUpdateKernels.compute - Importer: ScriptedImporter/UnityEditor.QuickSearchModule:UnityEditor.Search:ASIAI0B -> (ImportResultId: 'e6b64c83d714ef35fa2099bf48f15043') in 0.01791994 seconds
[Worker0] Imported GUID: f531df6a2e5d4a688b7067d894ccc692 - Path: Packages/com.unity.render-pipelines.core/Runtime/RenderGraph/Debug/RenderGraphPlayerRemoteDebugSession.cs - Importer: ScriptedImporter/UnityEditor.QuickSearchModule:UnityEditor.Search:ASIAI0B -> (ImportResultId: 'db461e96935d6bb87deceb4d8f38130f') in 0.018920899 seconds
[Worker0] Imported GUID: f6d223acabc2f974795a5a7864b50e6c - Path: Packages/com.unity.render-pipelines.core/Runtime/RenderPipelineResources/GPUDriven/InstanceOcclusionCullingKernels.compute - Importer: ScriptedImporter/UnityEditor.QuickSearchModule:UnityEditor.Search:ASIAI0B -> (ImportResultId: 'c285843b921bb7f5e79d65c2a8b97a3d') in 0.019763222 seconds
[Worker0] Imported GUID: 8b69d394493d90648bb31414187ae4db - Path: Packages/com.unity.render-pipelines.core/Runtime/PathTracing/Shaders/ProbeOcclusionLightIndexMapping.compute - Importer: ScriptedImporter/UnityEditor.QuickSearchModule:UnityEditor.Search:ASIAI0B -> (ImportResultId: '993a90df20f6456cbb67f4c08c6a06f9') in 0.018651406 seconds
[Worker0] Imported GUID: 1451d029813b192429211be28181beab - Path: Packages/com.unity.render-pipelines.core/Runtime/PathTracing/Shaders/LightmapNormalIntegration.urtshader - Importer: ScriptedImporter/UnityEditor.QuickSearchModule:UnityEditor.Search:ASIAI0B -> (ImportResultId: '29a8661727242adbb027aea3185a23e6') in 0.020301746 seconds
[Worker0] Imported GUID: 5bbebdef5916845478fcef13fa10d89f - Path: Packages/com.unity.render-pipelines.core/Runtime/PathTracing/Shaders/LightmapDirectStochasticLightIntegration.urtshader - Importer: ScriptedImporter/UnityEditor.QuickSearchModule:UnityEditor.Search:ASIAI0B -> (ImportResultId: '2751bc0cf39152183b2182ac70b5f23d') in 0.022233032 seconds
[Worker0] Imported GUID: 08b2b5fb307b0d249860612774a987da - Path: Packages/com.unity.render-pipelines.core/Runtime/RenderPipelineResources/GPUDriven/OccluderDepthPyramidKernels.compute - Importer: ScriptedImporter/UnityEditor.QuickSearchModule:UnityEditor.Search:ASIAI0B -> (ImportResultId: '139d71f37e75633070d2aecbefc3954f') in 0.018185997 seconds
[Worker0] Imported GUID: f5ba4d424d4566249b3d94cf81a3e916 - Path: Packages/com.unity.render-pipelines.core/Runtime/PathTracing/Shaders/LightmapDirectDirectionalAndEnvironmentIntegration.urtshader - Importer: ScriptedImporter/UnityEditor.QuickSearchModule:UnityEditor.Search:ASIAI0B -> (ImportResultId: 'f974c0c863da9690edf9f35041c46aa8') in 0.019314624 seconds
[Worker0] Imported GUID: d9225443dcd40974c9a13cb6e166ca5f - Path: Packages/com.unity.render-pipelines.core/Runtime/PathTracing/Shaders/ResolveAccumulation.compute - Importer: ScriptedImporter/UnityEditor.QuickSearchModule:UnityEditor.Search:ASIAI0B -> (ImportResultId: '4b5346c4fbfa6a4a8f9b3879317172e6') in 0.018382164 seconds
[Worker0] Imported GUID: ee30e890854422d4c85fb895d34e2a53 - Path: Packages/com.unity.render-pipelines.core/Runtime/PostProcessing/Shaders/FSRCommon.hlsl - Importer: ScriptedImporter/UnityEditor.QuickSearchModule:UnityEditor.Search:ASIAI0B -> (ImportResultId: '16ee5c2a14d5f20717b6ef1960e4a420') in 0.01835326 seconds
[Worker0] Imported GUID: b793a3641e4ad674fa3beb1f2d88751a - Path: Packages/com.unity.render-pipelines.core/Runtime/RenderGraph/Debug/DebugDisplaySettingsRenderGraph.cs - Importer: ScriptedImporter/UnityEditor.QuickSearchModule:UnityEditor.Search:ASIAI0B -> (ImportResultId: 'b3ed5f46c82abdcae3be4bdf8110b6d6') in 0.0159695 seconds
[Worker0] Imported GUID: e287e19aac082a84e9ede659dfde55ee - Path: Packages/com.unity.render-pipelines.core/Runtime/PathTracing/Shaders/ExpansionHelpers.hlsl - Importer: ScriptedImporter/UnityEditor.QuickSearchModule:UnityEditor.Search:ASIAI0B -> (ImportResultId: '1a21eab7d4994575ea5b40fbab971dda') in 0.015065672 seconds
[Worker0] Imported GUID: 5efaea0e81c66334aa9d062d6573e6fd - Path: Packages/com.unity.render-pipelines.core/Runtime/PathTracing/Shaders/SetAlphaChannel.compute - Importer: ScriptedImporter/UnityEditor.QuickSearchModule:UnityEditor.Search:ASIAI0B -> (ImportResultId: 'c83e58b760ddcfdcbcf67a33a295fbce') in 0.012341207 seconds
[Worker0] Imported GUID: 592b8faa1d5c42841bcb3308316baf9e - Path: Packages/com.unity.render-pipelines.core/Runtime/PathTracing/Shaders/ProbePostProcessing.compute - Importer: ScriptedImporter/UnityEditor.QuickSearchModule:UnityEditor.Search:ASIAI0B -> (ImportResultId: 'd91f72257bb4d4a2ce512c1e5092efa1') in 0.013349319 seconds
[Worker0] Imported GUID: 891acea040e321148ab512076f084f6c - Path: Packages/com.unity.render-pipelines.core/Runtime/PathTracing/Shaders/LightmapOccupancy.compute - Importer: ScriptedImporter/UnityEditor.QuickSearchModule:UnityEditor.Search:ASIAI0B -> (ImportResultId: '3be07d12dfb0bdebb5a6c50f026e0241') in 0.013785713 seconds
[Worker0] Imported GUID: 1c410815c01ce1d4d82c645c0cd45747 - Path: Packages/com.unity.render-pipelines.core/Runtime/PathTracing/Shaders/LightmapAOIntegration.urtshader - Importer: ScriptedImporter/UnityEditor.QuickSearchModule:UnityEditor.Search:ASIAI0B -> (ImportResultId: 'ad026c76d32a11cc6aa2b3cba543baaf') in 0.015800655 seconds
[Worker0] Imported GUID: d19f4f8a13b6edb48b986a47ec96402e - Path: Packages/com.unity.render-pipelines.core/Runtime/PathTracing/Shaders/LightmapShadowMaskIntegration.urtshader - Importer: ScriptedImporter/UnityEditor.QuickSearchModule:UnityEditor.Search:ASIAI0B -> (ImportResultId: '51264aa19f6dc42c280a8a4479389b88') in 0.015050154 seconds
[Worker0] Imported GUID: 39857cfad1651644682ff5b772e6e697 - Path: Packages/com.unity.render-pipelines.core/Runtime/RenderPipelineResources/Mesh/UnityMaterialBall.fbx - Importer: ScriptedImporter/UnityEditor.QuickSearchModule:UnityEditor.Search:ASIAI0B -> (ImportResultId: '3871fab357db4358eb249813301a7636') in 0.059993838 seconds
[Worker0] Imported GUID: 1dbf28c1bb322474d981b2dc555e28b0 - Path: Packages/com.unity.render-pipelines.core/Runtime/RenderPipelineResources/Mesh/SamplesFloorSpotlight.fbx - Importer: ScriptedImporter/UnityEditor.QuickSearchModule:UnityEditor.Search:ASIAI0B -> (ImportResultId: '3550fc88953dac50eff0aad19511b6dc') in 0.055325684 seconds
[Worker0] Imported GUID: f0cd7c2492f60ae4a9e06a436208c7de - Path: Packages/com.unity.render-pipelines.core/Runtime/UnifiedRayTracing/Common/TerrainToMesh.cs - Importer: ScriptedImporter/UnityEditor.QuickSearchModule:UnityEditor.Search:ASIAI0B -> (ImportResultId: 'dbddb03d8179c46aeca17de738ec1b37') in 0.014296947 seconds
[Worker0] Imported GUID: 3cc7957ff84646bbbb849b88919e2109 - Path: Packages/com.unity.render-pipelines.core/Runtime/Vrs/Shaders/VrsImage.hlsl - Importer: ScriptedImporter/UnityEditor.QuickSearchModule:UnityEditor.Search:ASIAI0B -> (ImportResultId: '3e0e0133b202f6aaa8277b2ad6d7fae9') in 0.02590197 seconds
[Worker0] Imported GUID: 19a80943de97d344f9d78714557048b3 - Path: Packages/com.unity.render-pipelines.core/Runtime/UnifiedRayTracing/Compute/ComputeRayTracingBackend.cs - Importer: ScriptedImporter/UnityEditor.QuickSearchModule:UnityEditor.Search:ASIAI0B -> (ImportResultId: 'affda5915ec312526fb22d0284c2bdbf') in 0.022580871 seconds
[Worker0] Imported GUID: b9ae429aca254fa41966db24b9e53232 - Path: Packages/com.unity.render-pipelines.core/Runtime/RenderPipelineResources/Mesh/BackgroundMesh.fbx - Importer: ScriptedImporter/UnityEditor.QuickSearchModule:UnityEditor.Search:ASIAI0B -> (ImportResultId: 'ac1b8ae294ef7e94e21fa7cad2208aac') in 0.02364621 seconds
[Worker0] Imported GUID: 3cae67c457a2ad24495f86529619c102 - Path: Packages/com.unity.render-pipelines.core/Runtime/UnifiedRayTracing/Compute/RayQuerySoftware.hlsl - Importer: ScriptedImporter/UnityEditor.QuickSearchModule:UnityEditor.Search:ASIAI0B -> (ImportResultId: '6c77d528d9e9a0c64e77edd3a1c5ee28') in 0.011797952 seconds
[Worker0] Imported GUID: 1ad0a9c8f99bbe642b782fd45551c0a1 - Path: Packages/com.unity.render-pipelines.core/Runtime/UnifiedRayTracing/Hardware/HardwareRaygenShader.hlsl - Importer: ScriptedImporter/UnityEditor.QuickSearchModule:UnityEditor.Search:ASIAI0B -> (ImportResultId: '01e512cb471ff07f5c046bc200b02b11') in 0.013363796 seconds
[Worker0] Imported GUID: 7ffb214f1a2621b498faee76b1864c9e - Path: Packages/com.unity.render-pipelines.core/Runtime/UnifiedRayTracing/Compute/ComputeRayTracingShader.cs - Importer: ScriptedImporter/UnityEditor.QuickSearchModule:UnityEditor.Search:ASIAI0B -> (ImportResultId: '0d4861759132fcca2ace43283d651149') in 0.013928059 seconds
[Worker0] Imported GUID: dbb73cb4c1954036a32ce1ade17ac0fd - Path: Packages/com.unity.render-pipelines.core/Runtime/Vrs/Shaders/VrsShadingRates.hlsl - Importer: ScriptedImporter/UnityEditor.QuickSearchModule:UnityEditor.Search:ASIAI0B -> (ImportResultId: 'a3bae6351592a31525048faaedaa602d') in 0.01140518 seconds
[Worker0] Imported GUID: 7176b7aa19c704f439cdab57ccf4bceb - Path: Packages/com.unity.render-pipelines.core/Runtime/UnifiedRayTracing/Compute/ComputeRaygenShader.hlsl - Importer: ScriptedImporter/UnityEditor.QuickSearchModule:UnityEditor.Search:ASIAI0B -> (ImportResultId: '090c9b85564c96525f381a7eb87ad37a') in 0.013417997 seconds
[Worker0] Imported GUID: 4c368ba38709458cb76d6105db148c79 - Path: Packages/com.unity.render-pipelines.core/Runtime/Utilities/GPUSort/GPUSort.cs - Importer: ScriptedImporter/UnityEditor.QuickSearchModule:UnityEditor.Search:ASIAI0B -> (ImportResultId: 'e7dce1596f918db6c259752227fd58bf') in 0.01377885 seconds
[Worker0] Imported GUID: e633faaa7fc13ca42afbbd3359354b1a - Path: Packages/com.unity.render-pipelines.core/Runtime/UnifiedRayTracing/Compute/BLASPositionsPool.cs - Importer: ScriptedImporter/UnityEditor.QuickSearchModule:UnityEditor.Search:ASIAI0B -> (ImportResultId: '8b7dd8fdeb21681142aef18d3d1b71e8') in 0.012326019 seconds
[Worker0] Imported GUID: 5b5b3e229e218a448ae4b7fa04df3b32 - Path: Packages/com.unity.render-pipelines.core/Runtime/UnifiedRayTracing/Hardware/HardwareRayTracingBackend.cs - Importer: ScriptedImporter/UnityEditor.QuickSearchModule:UnityEditor.Search:ASIAI0B -> (ImportResultId: 'dd0f878f85d43b5eaf46809ec2cf4702') in 0.013751249 seconds
[Worker0] Imported GUID: 13d73738c3312804e8e02a8740df1a8b - Path: Packages/com.unity.render-pipelines.core/Runtime/UnifiedRayTracing/Compute/ComputeRayTracingAccelStruct.cs - Importer: ScriptedImporter/UnityEditor.QuickSearchModule:UnityEditor.Search:ASIAI0B -> (ImportResultId: 'f7a94bbf69f2b5d7b2392dbf4f3d89db') in 0.018061324 seconds
[Worker0] Imported GUID: 5fe1af5fce30d364abd00e843878a7ad - Path: Packages/com.unity.render-pipelines.core/Runtime/UnifiedRayTracing/Hardware/HardwareRayTracingShader.cs - Importer: ScriptedImporter/UnityEditor.QuickSearchModule:UnityEditor.Search:ASIAI0B -> (ImportResultId: '83700477b47e02743e2f50032c54c9b4') in 0.010977411 seconds
[Worker0] Imported GUID: 234c0613ab6043a7852e6ab1a268352a - Path: Packages/com.unity.render-pipelines.core/Runtime/Vrs/Shaders/VrsTileSize.hlsl - Importer: ScriptedImporter/UnityEditor.QuickSearchModule:UnityEditor.Search:ASIAI0B -> (ImportResultId: 'c03f44e54f36d2c90ec743bbb3255916') in 0.012757504 seconds
[Worker0] Imported GUID: 5060b04656b69294cb1c5d9dc7185ad2 - Path: Packages/com.unity.render-pipelines.core/Runtime/ShaderLibrary/Sampling/Hammersley.cs.hlsl - Importer: ScriptedImporter/UnityEditor.QuickSearchModule:UnityEditor.Search:ASIAI0B -> (ImportResultId: '9341ba6da9fd97037207b8d63d5860db') in 0.012003527 seconds
[Worker0] Imported GUID: 6ae7551dd2f145dabc729526be5a6a2f - Path: Packages/com.unity.render-pipelines.core/Runtime/Utilities/GPUSort/GPUSort.Data.cs - Importer: ScriptedImporter/UnityEditor.QuickSearchModule:UnityEditor.Search:ASIAI0B -> (ImportResultId: '6b5116add9b8cf330520fd1d4151ccb7') in 0.013053727 seconds
[Worker0] Imported GUID: 4e8732d4875cc0647b52b55a218072b6 - Path: Packages/com.unity.render-pipelines.core/Runtime/RenderPipelineResources/Mesh/SamplesSpotlightModel.fbx - Importer: ScriptedImporter/UnityEditor.QuickSearchModule:UnityEditor.Search:ASIAI0B -> (ImportResultId: 'd474ec9565613363cb481b7535ef70d9') in 0.023951189 seconds
[Worker0] Imported GUID: be387ad7b61cdc84c81dbdd3d936722c - Path: Packages/com.unity.render-pipelines.core/Runtime/UnifiedRayTracing/Common/AccelStructAdapter.cs - Importer: ScriptedImporter/UnityEditor.QuickSearchModule:UnityEditor.Search:ASIAI0B -> (ImportResultId: 'b3a4751c7569e00bdfc87f8093fefc73') in 0.013091537 seconds
[Worker0] Imported GUID: 56dcfb5655d6cc74cb661e531de4bbdf - Path: Packages/com.unity.render-pipelines.core/Runtime/Utilities/GPUPrefixSum/GPUPrefixSum.Data.cs.hlsl - Importer: ScriptedImporter/UnityEditor.QuickSearchModule:UnityEditor.Search:ASIAI0B -> (ImportResultId: 'a4b8a5b93409a2da9d706b7d906f7567') in 0.012545558 seconds
[Worker0] Imported GUID: 6170611547c16f24cb5d5878364fc42d - Path: Packages/com.unity.render-pipelines.core/Runtime/UnifiedRayTracing/Hardware/HardwareRayTracingAccelStruct.cs - Importer: ScriptedImporter/UnityEditor.QuickSearchModule:UnityEditor.Search:ASIAI0B -> (ImportResultId: 'b37841b8a5947378b1d78ce3a7cb6185') in 0.011940679 seconds
[Worker0] Imported GUID: 47f5c7dc134c478aafbb3d86421da54f - Path: Packages/com.unity.render-pipelines.core/Runtime/Utilities/GPUPrefixSum/GPUPrefixSum.cs - Importer: ScriptedImporter/UnityEditor.QuickSearchModule:UnityEditor.Search:ASIAI0B -> (ImportResultId: 'ce6b129c52376cc424caa172d704990d') in 0.011875968 seconds
[Worker0] Imported GUID: 7077736c6db220545a0193859607ac8b - Path: Packages/com.unity.render-pipelines.core/Runtime/ShaderLibrary/Sampling/Hammersley.cs - Importer: ScriptedImporter/UnityEditor.QuickSearchModule:UnityEditor.Search:ASIAI0B -> (ImportResultId: '9185f707d239415a78f3d2c0bf8fa710') in 0.011793715 seconds
[Worker0] Imported GUID: b28fa67a0ff82c5478f27368dc627683 - Path: Packages/com.unity.render-pipelines.core/Runtime/RenderPipelineResources/Mesh/SamplesFixture.fbx - Importer: ScriptedImporter/UnityEditor.QuickSearchModule:UnityEditor.Search:ASIAI0B -> (ImportResultId: 'c33ed0e6608cddf9cb1018f659bbc182') in 0.018210803 seconds
[Worker0] Imported GUID: 851342c498014903a38e985d3dc2c005 - Path: Packages/com.unity.render-pipelines.core/Runtime/Utilities/GPUPrefixSum/GPUPrefixSum.ShaderIDs.cs - Importer: ScriptedImporter/UnityEditor.QuickSearchModule:UnityEditor.Search:ASIAI0B -> (ImportResultId: '22a6e0ebdc10650cd9960eb11f92ce53') in 0.013540996 seconds
[Worker0] Imported GUID: f9b589fa00bef23408b114d1af9b44be - Path: Packages/com.unity.render-pipelines.core/Runtime/UnifiedRayTracing/Common/AccelStructInstances.cs - Importer: ScriptedImporter/UnityEditor.QuickSearchModule:UnityEditor.Search:ASIAI0B -> (ImportResultId: '3bb6202ad3062ec5c8bd5322bff5d756') in 0.014098367 seconds
[Worker0] Imported GUID: b287d5adc6e94882ac5a76f78323f37c - Path: Packages/com.unity.render-pipelines.core/Runtime/Utilities/GPUPrefixSum/GPUPrefixSum.Data.cs - Importer: ScriptedImporter/UnityEditor.QuickSearchModule:UnityEditor.Search:ASIAI0B -> (ImportResultId: '5a1ddc8ca39dd617ba3c8b41722b795a') in 0.014173617 seconds
[Worker0] Imported GUID: cacb30de6c40c7444bbc78cb0a81fd2a - Path: Packages/com.unity.render-pipelines.core/Runtime/Vrs/Shaders/VrsTexture.compute - Importer: ScriptedImporter/UnityEditor.QuickSearchModule:UnityEditor.Search:ASIAI0B -> (ImportResultId: '3f23b1f66edea17e744dd93812c4364b') in 0.014471323 seconds
[Worker0] Imported GUID: 08b9525dab8d497cb640174e593275d1 - Path: Packages/com.unity.render-pipelines.core/Runtime/Vrs/Shaders/VrsMainTex.hlsl - Importer: ScriptedImporter/UnityEditor.QuickSearchModule:UnityEditor.Search:ASIAI0B -> (ImportResultId: '1eb04a37817269b5c7e080f1d25ba671') in 0.012612814 seconds
[Worker0] Imported GUID: 620b55b8040a88d468e94abe55bed5ba - Path: Packages/com.unity.render-pipelines.core/Runtime/Vrs/Shaders/VrsVisualization.shader - Importer: ScriptedImporter/UnityEditor.QuickSearchModule:UnityEditor.Search:ASIAI0B -> (ImportResultId: '04877dda9d6c1846c78cba76cfd10715') in 0.012423019 seconds
[Worker0] Imported GUID: f3d738621938ff843b2658c254abb241 - Path: Packages/com.unity.render-pipelines.core/Tests/Editor/GPUDriven/GPUDrivenRenderingUtils.cs - Importer: ScriptedImporter/UnityEditor.QuickSearchModule:UnityEditor.Search:ASIAI0B -> (ImportResultId: '3181f07ccfaad54c592dfdcaae43a070') in 0.012033883 seconds
[Worker0] Imported GUID: d511d098696fe4249a56f343c93ae756 - Path: Packages/com.unity.render-pipelines.core/Tests/Editor/ShaderStripping/ShaderStrippingReportTests.cs - Importer: ScriptedImporter/UnityEditor.QuickSearchModule:UnityEditor.Search:ASIAI0B -> (ImportResultId: 'fc800cce0aff48907b13fe32933515e0') in 0.017482574 seconds
[Worker0] Imported GUID: 6e0bf59629e30a243ba9535c7ed91f54 - Path: Packages/com.unity.render-pipelines.core/Tests/Editor/UnifiedRayTracing/BlockAllocatorTests.cs - Importer: ScriptedImporter/UnityEditor.QuickSearchModule:UnityEditor.Search:ASIAI0B -> (ImportResultId: '2aac6345f7f188d6754787c180c8b374') in 0.019388732 seconds
[Worker0] Imported GUID: 2fe1182006044321a72f6e5bd11ceb1d - Path: Packages/com.unity.render-pipelines.core/Tests/Editor/Utilities/ObservableListTests.cs - Importer: ScriptedImporter/UnityEditor.QuickSearchModule:UnityEditor.Search:ASIAI0B -> (ImportResultId: 'e9582b44e60398c62c138f8442a4b015') in 0.01278729 seconds
[Worker0] Imported GUID: cb3146042bceada45a54e9cd824a21d5 - Path: Packages/com.unity.render-pipelines.core/Tests/Editor/PathTracing/UVFallbackBufferTests.cs - Importer: ScriptedImporter/UnityEditor.QuickSearchModule:UnityEditor.Search:ASIAI0B -> (ImportResultId: '08b6bb90b821821c8bb4c2ce1d9c6c69') in 0.011715999 seconds
[Worker0] Imported GUID: c8fcb31edcc034e8f8c2e1099da8e917 - Path: Packages/com.unity.render-pipelines.core/Tests/Editor/GPUDriven/GRDProfilerCounterNamesTests.cs - Importer: ScriptedImporter/UnityEditor.QuickSearchModule:UnityEditor.Search:ASIAI0B -> (ImportResultId: '2297df38fca1c165311e2fbf5ca32a13') in 0.011953563 seconds
[Worker0] Imported GUID: 61e53729ad706d049b12a441f328fe34 - Path: Packages/com.unity.render-pipelines.core/Tests/Editor/ShaderStripping/DummyPipelineShader.shader - Importer: ScriptedImporter/UnityEditor.QuickSearchModule:UnityEditor.Search:ASIAI0B -> (ImportResultId: 'e20d1df1a175699cf21bd8e12818889b') in 0.012228336 seconds
[Worker0] Imported GUID: df917bc22e044f4c95e47671dcfe9f8d - Path: Packages/com.unity.render-pipelines.core/Tests/Editor/RenderPipeline/DummyRenderPipelineGlobalSettings.cs - Importer: ScriptedImporter/UnityEditor.QuickSearchModule:UnityEditor.Search:ASIAI0B -> (ImportResultId: '7d1b76893d55f101a4ce4952ab139fc8') in 0.012542332 seconds
[Worker0] Imported GUID: 27ad958e620b5d34bb958b66d9f58046 - Path: Packages/com.unity.render-pipelines.core/Tests/Editor/Debugging/VolumePanelTests.cs - Importer: ScriptedImporter/UnityEditor.QuickSearchModule:UnityEditor.Search:ASIAI0B -> (ImportResultId: '3a91a578186b0508d00f04a194571912') in 0.013065079 seconds
[Worker0] Imported GUID: 19d5db6c1e7ceef4aaed40e16d839598 - Path: Packages/com.unity.render-pipelines.core/Tests/Editor/GPUDriven/GPUDrivenRenderingTests.cs - Importer: ScriptedImporter/UnityEditor.QuickSearchModule:UnityEditor.Search:ASIAI0B -> (ImportResultId: 'd297e2a4173e98a40bb6fa0cc458eefe') in 0.014139153 seconds
[Worker0] Imported GUID: cea18228eceb46f8baefec13bb6aad59 - Path: Packages/com.unity.render-pipelines.core/Tests/Editor/PathTracing/WorldTests.cs - Importer: ScriptedImporter/UnityEditor.QuickSearchModule:UnityEditor.Search:ASIAI0B -> (ImportResultId: '73df7446b71920573fc460a286df7e64') in 0.012826943 seconds
[Worker0] Imported GUID: 0a029a5784e42b24ea95dcd61b5addab - Path: Packages/com.unity.render-pipelines.core/Tests/Editor/PathTracing/ResourceCacheTests.cs - Importer: ScriptedImporter/UnityEditor.QuickSearchModule:UnityEditor.Search:ASIAI0B -> (ImportResultId: '86c396e8099de30ba5b1c8551833d23c') in 0.014872031 seconds
[Worker0] Imported GUID: 910d5b0536f6ed44a8ce8618000af3db - Path: Packages/com.unity.render-pipelines.core/Tests/Editor/Debugging/GetItemTests.cs - Importer: ScriptedImporter/UnityEditor.QuickSearchModule:UnityEditor.Search:ASIAI0B -> (ImportResultId: '02ff1821eac77a5e49223adc380d3c67') in 0.019432534 seconds
[Worker0] Imported GUID: 2b2e3e712e874714ca94ecfe43b7b251 - Path: Packages/com.unity.render-pipelines.core/Tests/Editor/Debugging/DebugPanelRenderingDebuggerTests.cs - Importer: ScriptedImporter/UnityEditor.QuickSearchModule:UnityEditor.Search:ASIAI0B -> (ImportResultId: '4ed5b32ac096a5a9f72ef06324994d9e') in 0.018366945 seconds
[Worker0] Imported GUID: 3c5629833fc66a8429b658d89b3d88e9 - Path: Packages/com.unity.render-pipelines.core/Tests/Editor/Analytics/AnalyticsUtilsTest.cs - Importer: ScriptedImporter/UnityEditor.QuickSearchModule:UnityEditor.Search:ASIAI0B -> (ImportResultId: '55637838a19844596ca3045bbead2a19') in 0.020460824 seconds
[Worker0] Imported GUID: 9117e1a7622b88b44935fe419dbf36e1 - Path: Packages/com.unity.render-pipelines.core/Tests/Editor/RenderPipeline/RenderPipelineGraphicsSettingsStripperTests.cs - Importer: ScriptedImporter/UnityEditor.QuickSearchModule:UnityEditor.Search:ASIAI0B -> (ImportResultId: '99426021a6292fefc7e9ba9f9ff043b0') in 0.020200838 seconds
[Worker0] Imported GUID: bfbaec287ab4ada4686561bca86c4b0b - Path: Packages/com.unity.render-pipelines.core/Tests/Editor/GPUDriven/GPUDrivenInstanceDataTests.cs - Importer: ScriptedImporter/UnityEditor.QuickSearchModule:UnityEditor.Search:ASIAI0B -> (ImportResultId: '7322c063b4a8f81a6de03b4d32464050') in 0.021171881 seconds
[Worker0] Imported GUID: cb16ddcad9e86c047a91282ca9c48140 - Path: Packages/com.unity.render-pipelines.core/Tests/Editor/UnifiedRayTracing/Unity.UnifiedRayTracing.Editor.Tests.asmdef - Importer: ScriptedImporter/UnityEditor.QuickSearchModule:UnityEditor.Search:ASIAI0B -> (ImportResultId: '71a7f41b071594bd0194d79b6bec6112') in 0.018559224 seconds
[Worker0] Imported GUID: d3574df1470b4781a29ebafd0a530057 - Path: Packages/com.unity.render-pipelines.core/Tests/Editor/Debugging/DebugUITests.cs - Importer: ScriptedImporter/UnityEditor.QuickSearchModule:UnityEditor.Search:ASIAI0B -> (ImportResultId: '9e312a914c1ed794437c41ddc17a4303') in 0.017630781 seconds
[Worker0] Imported GUID: d5e0f91dbc24fb9488b44bb8a48f13e9 - Path: Packages/com.unity.render-pipelines.core/Tests/Editor/PathTracing/SegmentedReductionTests.cs - Importer: ScriptedImporter/UnityEditor.QuickSearchModule:UnityEditor.Search:ASIAI0B -> (ImportResultId: 'a7346154cdf376f0f9baa15a7b5d0a7e') in 0.018313415 seconds
[Worker0] Imported GUID: ec4944adf00f4b1478ae164e5eac5b80 - Path: Packages/com.unity.render-pipelines.core/Tests/Editor/PathTracing/Unity.PathTracing.Editor.Tests.asmdef - Importer: ScriptedImporter/UnityEditor.QuickSearchModule:UnityEditor.Search:ASIAI0B -> (ImportResultId: '4589a13675114b7dcc927766f1a06b58') in 0.018877417 seconds
[Worker0] Imported GUID: 1252b259c66f14d4fa64a647d154373e - Path: Packages/com.unity.render-pipelines.core/Tests/Editor/GPUDriven/ParallelSortTests.cs - Importer: ScriptedImporter/UnityEditor.QuickSearchModule:UnityEditor.Search:ASIAI0B -> (ImportResultId: 'd78d35e34e2df5a9a2f3ff5a88387f79') in 0.017633265 seconds
[Worker0] Imported GUID: 42eee65fe46f4df8957df0988417b6ac - Path: Packages/com.unity.render-pipelines.core/Tests/Editor/Debugging/SchedulerTrackerTests.cs - Importer: ScriptedImporter/UnityEditor.QuickSearchModule:UnityEditor.Search:ASIAI0B -> (ImportResultId: '0d8ee69cc8818e22cc0f4a3927d4cf1c') in 0.017901295 seconds
[Worker0] Imported GUID: 0983984b9a7f1374c8b4d093e6c0f513 - Path: Packages/com.unity.render-pipelines.core/Tests/Editor/ShaderStripping/RenderPipelineSubShaderStrippingTests.cs - Importer: ScriptedImporter/UnityEditor.QuickSearchModule:UnityEditor.Search:ASIAI0B -> (ImportResultId: 'b868c05acfcccf11abd6ac39c9e5d78c') in 0.018366575 seconds
[Worker0] Imported GUID: d398fd9774b019e42ace1eb23b805f59 - Path: Packages/com.unity.render-pipelines.core/Tests/Editor/ShaderStripping/ShaderExtensionsTests.cs - Importer: ScriptedImporter/UnityEditor.QuickSearchModule:UnityEditor.Search:ASIAI0B -> (ImportResultId: '1e3d5af80b0e05bf47d894f82a07f212') in 0.012629315 seconds
[Worker0] Imported GUID: 3a778f8f6c81848ddaf3475d514bb69e - Path: Packages/com.unity.render-pipelines.core/Tests/Editor/GPUDriven/JaggedJobRangeTests.cs - Importer: ScriptedImporter/UnityEditor.QuickSearchModule:UnityEditor.Search:ASIAI0B -> (ImportResultId: '9d2dfb94f15318195f6ecde5eb57e689') in 0.011953574 seconds
[Worker0] Imported GUID: 87701a07af704ac98f8163033690d176 - Path: Packages/com.unity.render-pipelines.core/Tests/Editor/RenderPipeline/DummyRenderPipelineAsset.cs - Importer: ScriptedImporter/UnityEditor.QuickSearchModule:UnityEditor.Search:ASIAI0B -> (ImportResultId: 'f7e0d9de6e14f0001a560006a5b7448a') in 0.010728938 seconds
[Worker0] Imported GUID: d751686736fade3409bf8547030c42a6 - Path: Packages/com.unity.render-pipelines.core/Tests/Editor/Debugging/PanelNameAndOrderTests.cs - Importer: ScriptedImporter/UnityEditor.QuickSearchModule:UnityEditor.Search:ASIAI0B -> (ImportResultId: 'f56728c98d12e1b702f2295961526f83') in 0.009706338 seconds
[Worker0] Imported GUID: 14a65a044cdc4e34dbdc4a9c85a810ae - Path: Packages/com.unity.render-pipelines.core/Tests/Editor/PathTracing/TerrainRayMarchingTests.cs - Importer: ScriptedImporter/UnityEditor.QuickSearchModule:UnityEditor.Search:ASIAI0B -> (ImportResultId: '99b0af0e3e17e4674525458a155cbd2e') in 0.011182554 seconds
[Worker0] Imported GUID: 313a5f1eb564f37449f028ba1a9dbbea - Path: Packages/com.unity.render-pipelines.core/Tests/Editor/ShaderStripping/ShaderStrippingTests.cs - Importer: ScriptedImporter/UnityEditor.QuickSearchModule:UnityEditor.Search:ASIAI0B -> (ImportResultId: 'ddcade8f2541903597fc494557e3411b') in 0.011950378 seconds
[Worker0] Imported GUID: ec67c0da2e72439a8bff51db2dc853db - Path: Packages/com.unity.render-pipelines.core/Tests/Editor/RenderPipeline/RenderPipelineGlobalSettingsUtilsTests.cs - Importer: ScriptedImporter/UnityEditor.QuickSearchModule:UnityEditor.Search:ASIAI0B -> (ImportResultId: '7c08a2672874955628cf99118ece74b2') in 0.012050203 seconds
[Worker0] Imported GUID: 5d25798b96a74d9696004ff136fd919e - Path: Packages/com.unity.render-pipelines.core/Tests/Editor/RenderPipeline/DummyRenderPipeline.cs - Importer: ScriptedImporter/UnityEditor.QuickSearchModule:UnityEditor.Search:ASIAI0B -> (ImportResultId: 'aabfcd9f71b81622e3b6ca4edcd4a85a') in 0.011402515 seconds
[Worker0] Imported GUID: b93b6450b9bd1f44da176ac4a821c3e8 - Path: Packages/com.unity.render-pipelines.core/Editor/Lighting/Icons/LightUnitIcons/BrightSky.png - Importer: ScriptedImporter/UnityEditor.QuickSearchModule:UnityEditor.Search:ASIAI0B -> (ImportResultId: '24a124bb6adadd5045b51bafacd89b4a') in 0.046997769 seconds
[Worker0] Imported GUID: 27b9cb2c818b48b7b05f0d16b20b3f16 - Path: Packages/com.unity.render-pipelines.core/Tests/Runtime/SurfaceCache/TestHarness.cs - Importer: ScriptedImporter/UnityEditor.QuickSearchModule:UnityEditor.Search:ASIAI0B -> (ImportResultId: 'db826402145f6b6586c8f00c801c4361') in 0.013056192 seconds
[Worker0] Imported GUID: 48b566d9e8cf828409d6879b70fe00b5 - Path: Packages/com.unity.render-pipelines.core/Editor/Icons/MipLevels/RenderGraphViewer/PassInspector@16.png - Importer: ScriptedImporter/UnityEditor.QuickSearchModule:UnityEditor.Search:ASIAI0B -> (ImportResultId: '35cc64eb8d1648ad0422dd6f82dd5379') in 0.011431429 seconds
[Worker0] Imported GUID: 04c70b69874deb746a4c63f1a29f7715 - Path: Packages/com.unity.render-pipelines.core/Editor/Lighting/Icons/LightUnitIcons/BrightSky@2x.png - Importer: ScriptedImporter/UnityEditor.QuickSearchModule:UnityEditor.Search:ASIAI0B -> (ImportResultId: '3c036dbb26413b5144c92aa1091b4019') in 0.011123634 seconds
[Worker0] Imported GUID: 397e4e1ab7fcb41b9842c2e464a0d58a - Path: Packages/com.unity.render-pipelines.core/Tests/Runtime/PathTracing/UniformCubemap.shader - Importer: ScriptedImporter/UnityEditor.QuickSearchModule:UnityEditor.Search:ASIAI0B -> (ImportResultId: '13525d96b5cfc7679c6da5049794f866') in 0.010117836 seconds
[Worker0] Imported GUID: 8c00ff63cd786b34685fe28d9d37c2b9 - Path: Packages/com.unity.render-pipelines.core/Editor/Icons/MipLevels/RenderGraphViewer/Resources@32.png - Importer: ScriptedImporter/UnityEditor.QuickSearchModule:UnityEditor.Search:ASIAI0B -> (ImportResultId: '8050d656fa8abdf206ae033cbeb7b33c') in 0.014243418 seconds
[Worker0] Imported GUID: 8164fee9fb17dfb41ab04fb4f5837794 - Path: Packages/com.unity.render-pipelines.core/Tests/Editor/XR/XRPassTests.cs - Importer: ScriptedImporter/UnityEditor.QuickSearchModule:UnityEditor.Search:ASIAI0B -> (ImportResultId: '88710b81e521a292e1384e781fb67a99') in 0.012618534 seconds
[Worker0] Imported GUID: 1dea3362fb2f72d46b7e3351a7e12ccf - Path: Packages/com.unity.render-pipelines.core/Editor/Lighting/Icons/LightUnitIcons/MediumAreaLight@2x.png - Importer: ScriptedImporter/UnityEditor.QuickSearchModule:UnityEditor.Search:ASIAI0B -> (ImportResultId: '2862e3562511ec1e1415014cdd2582bd') in 0.012853012 seconds
[Worker0] Imported GUID: 7146ed2a10f80c340b4c181e2892c87a - Path: Packages/com.unity.render-pipelines.core/Editor/Lighting/Icons/LightUnitIcons/Shade.png - Importer: ScriptedImporter/UnityEditor.QuickSearchModule:UnityEditor.Search:ASIAI0B -> (ImportResultId: 'ee84ab66ee80fc94d908b049b9938dd9') in 0.011711422 seconds
[Worker0] Imported GUID: d4df75c76c1661847b6902f889b44bcb - Path: Packages/com.unity.render-pipelines.core/Editor/Lighting/Icons/LightUnitIcons/IntenseAreaLight.png - Importer: ScriptedImporter/UnityEditor.QuickSearchModule:UnityEditor.Search:ASIAI0B -> (ImportResultId: '55cb4663f5fcaac0fdcfec40d8334f1c') in 0.012962146 seconds
[Worker0] Imported GUID: 59c8a12d341e781489ab4c7b1815b241 - Path: Packages/com.unity.render-pipelines.core/Tests/Runtime/Threading/FunctionTests.cs - Importer: ScriptedImporter/UnityEditor.QuickSearchModule:UnityEditor.Search:ASIAI0B -> (ImportResultId: 'c2fc0871857a2ea0c6cd0e89f8680723') in 0.012893969 seconds
[Worker0] Imported GUID: 54809bef65bacbe47bbab9c13c271511 - Path: Packages/com.unity.render-pipelines.core/Tests/Runtime/Debugging/DebugPanelDisplaySettings.cs - Importer: ScriptedImporter/UnityEditor.QuickSearchModule:UnityEditor.Search:ASIAI0B -> (ImportResultId: 'fdd62b140c88977d2ef41bd73a7bd77b') in 0.012328293 seconds
[Worker0] Imported GUID: 52dd14d6fa6ca2d46b942c8289a898eb - Path: Packages/com.unity.render-pipelines.core/Editor/Lighting/Icons/LightUnitIcons/Fluorescent.png - Importer: ScriptedImporter/UnityEditor.QuickSearchModule:UnityEditor.Search:ASIAI0B -> (ImportResultId: '46a0aca53ea1307dfbec0012127fba34') in 0.018521924 seconds
[Worker0] Imported GUID: 0962482855590ee4cbfb66b12d3cf1ad - Path: Packages/com.unity.render-pipelines.core/Tests/Editor/XR/XRLayoutTests.cs - Importer: ScriptedImporter/UnityEditor.QuickSearchModule:UnityEditor.Search:ASIAI0B -> (ImportResultId: '5b7b06a90fee4ffe90a0ef58832f51fd') in 0.015869914 seconds
[Worker0] Imported GUID: bb2cc982d8ff1aa4a9ce5ee5fdb29023 - Path: Packages/com.unity.render-pipelines.core/Editor/Lighting/Icons/LightUnitIcons/CloudySky.png - Importer: ScriptedImporter/UnityEditor.QuickSearchModule:UnityEditor.Search:ASIAI0B -> (ImportResultId: 'acf40ba93e1ae5d511047ebb4fead6fd') in 0.018117279 seconds
[Worker0] Imported GUID: f07e7fe35721f2f40b35dd5f63c1be49 - Path: Packages/com.unity.render-pipelines.core/Tests/Runtime/Debugging/ProfilingSamplerTests.cs - Importer: ScriptedImporter/UnityEditor.QuickSearchModule:UnityEditor.Search:ASIAI0B -> (ImportResultId: 'b4934460bfa46f75340501506a6aec55') in 0.010819977 seconds
[Worker0] Imported GUID: 81321ffad3c324c42806d47efb84d4d1 - Path: Packages/com.unity.render-pipelines.core/Editor/Lighting/Icons/LightUnitIcons/Fluorescent@2x.png - Importer: ScriptedImporter/UnityEditor.QuickSearchModule:UnityEditor.Search:ASIAI0B -> (ImportResultId: '55f5d17c648fa30d1bcf69bc69063eb0') in 0.012144951 seconds
[Worker0] Imported GUID: 1bb3da4ea375c37498c93327420e6a01 - Path: Packages/com.unity.render-pipelines.core/Editor/Lighting/Icons/LightUnitIcons/InteriorLight@2x.png - Importer: ScriptedImporter/UnityEditor.QuickSearchModule:UnityEditor.Search:ASIAI0B -> (ImportResultId: '2d498aa52401606791d928687d5e4770') in 0.011761555 seconds
[Worker0] Imported GUID: 1f20ae185bcb2254a844ed304955beb3 - Path: Packages/com.unity.render-pipelines.core/Editor/Lighting/Icons/LightUnitIcons/Shade@2x.png - Importer: ScriptedImporter/UnityEditor.QuickSearchModule:UnityEditor.Search:ASIAI0B -> (ImportResultId: 'c68f7cf06951898e5f0561b4400c74e0') in 0.011562593 seconds
[Worker0] Imported GUID: 6e0b547bab30a804c8123974120d583f - Path: Packages/com.unity.render-pipelines.core/Tests/Runtime/PathTracing/PathIteratorTest.urtshader - Importer: ScriptedImporter/UnityEditor.QuickSearchModule:UnityEditor.Search:ASIAI0B -> (ImportResultId: 'c49d7a58fc61463a86001966bc02d936') in 0.011225254 seconds
[Worker0] Imported GUID: c0e6cc200fb1dda4388b13d9f5828d06 - Path: Packages/com.unity.render-pipelines.core/Editor/Lighting/Icons/LightUnitIcons/Overcast.png - Importer: ScriptedImporter/UnityEditor.QuickSearchModule:UnityEditor.Search:ASIAI0B -> (ImportResultId: '844031ac020e0b8549db9ed2579072ed') in 0.011245311 seconds
[Worker0] Imported GUID: 6abd010e1fd246f4585f513da25bcede - Path: Packages/com.unity.render-pipelines.core/Editor/Lighting/Icons/LightUnitIcons/IntenseAreaLight@2x.png - Importer: ScriptedImporter/UnityEditor.QuickSearchModule:UnityEditor.Search:ASIAI0B -> (ImportResultId: 'f1984e200b5fd4d64b9015f08e967d26') in 0.015302965 seconds
[Worker0] Imported GUID: a3fe770bc25a98540958d57e10f2a5fd - Path: Packages/com.unity.render-pipelines.core/Editor/Lighting/Icons/LightUnitIcons/ExteriorLight@2x.png - Importer: ScriptedImporter/UnityEditor.QuickSearchModule:UnityEditor.Search:ASIAI0B -> (ImportResultId: '40c5d68d79fec9f070771ac68903e20d') in 0.011986595 seconds
[Worker0] Imported GUID: 03ea000956f47584c872d8b4df47f5ee - Path: Packages/com.unity.render-pipelines.core/Editor/Lighting/Icons/LightUnitIcons/DirectSunlight@2x.png - Importer: ScriptedImporter/UnityEditor.QuickSearchModule:UnityEditor.Search:ASIAI0B -> (ImportResultId: '08549d4658159a58c2277f9845826604') in 0.012917953 seconds
[Worker0] Imported GUID: 60d4d0573fefbf24198d33863004e7f9 - Path: Packages/com.unity.render-pipelines.core/Editor/Lighting/Icons/LightUnitIcons/BlueSky.png - Importer: ScriptedImporter/UnityEditor.QuickSearchModule:UnityEditor.Search:ASIAI0B -> (ImportResultId: '51b78ef1f998048ba6183820189149d2') in 0.010620335 seconds
[Worker0] Imported GUID: eb4f16cc2f3149d9b6039f08ec44aefd - Path: Packages/com.unity.render-pipelines.core/Tests/Editor/XR/XRLayoutStackTests.cs - Importer: ScriptedImporter/UnityEditor.QuickSearchModule:UnityEditor.Search:ASIAI0B -> (ImportResultId: '3ff94474ff990f0a3566a2d8f7d09703') in 0.009245097 seconds
[Worker0] Imported GUID: 3990aa41cea4e4fa79ec155970b62e32 - Path: Packages/com.unity.render-pipelines.core/Tests/Runtime/PathTracing/UniformAlbedoMetaPass.shader - Importer: ScriptedImporter/UnityEditor.QuickSearchModule:UnityEditor.Search:ASIAI0B -> (ImportResultId: '93cc201364171ba3106a22bf865864e8') in 0.01100875 seconds
[Worker0] Imported GUID: d8bb1a60805d8d241acc12f74cd3b2d5 - Path: Packages/com.unity.render-pipelines.core/Editor/Lighting/Icons/LightUnitIcons/Moonlight@2x.png - Importer: ScriptedImporter/UnityEditor.QuickSearchModule:UnityEditor.Search:ASIAI0B -> (ImportResultId: '1ae28d0606bd225f2786bbe3afb3554b') in 0.013222372 seconds
[Worker0] Imported GUID: b14c34aa843e4a14e957505ae407e8c3 - Path: Packages/com.unity.render-pipelines.core/Editor/Lighting/Icons/LightUnitIcons/SoftAreaLight@2x.png - Importer: ScriptedImporter/UnityEditor.QuickSearchModule:UnityEditor.Search:ASIAI0B -> (ImportResultId: '02ca9cbbff8cf32130f6c21fa9f2714e') in 0.014328577 seconds
[Worker0] Imported GUID: b8c995bb50a162c44b289f34d129328f - Path: Packages/com.unity.render-pipelines.core/Editor/Icons/MipLevels/RenderGraphViewer/Resources@16.png - Importer: ScriptedImporter/UnityEditor.QuickSearchModule:UnityEditor.Search:ASIAI0B -> (ImportResultId: 'a52c52ad97f019bb6eedd9b38f2e61f7') in 0.012023594 seconds
[Worker0] Imported GUID: 2c62c65904d676c489198d40c731befe - Path: Packages/com.unity.render-pipelines.core/Editor/Icons/MipLevels/RenderGraphViewer/d_Resources@16.png - Importer: ScriptedImporter/UnityEditor.QuickSearchModule:UnityEditor.Search:ASIAI0B -> (ImportResultId: 'd5dc53ecdf707d62a7e752420ea03d8e') in 0.013393802 seconds
[Worker0] Imported GUID: 863ef838c25e51b4790fd6ac881ba895 - Path: Packages/com.unity.render-pipelines.core/Editor/Lighting/Icons/LightUnitIcons/DirectSunlight.png - Importer: ScriptedImporter/UnityEditor.QuickSearchModule:UnityEditor.Search:ASIAI0B -> (ImportResultId: '28e898af05fa095ed627efe307f30adc') in 0.011758259 seconds
[Worker0] Imported GUID: eda062bf16e02ef44a7bf24336ddac6c - Path: Packages/com.unity.render-pipelines.core/Editor/Lighting/Icons/LightUnitIcons/Candlelight.png - Importer: ScriptedImporter/UnityEditor.QuickSearchModule:UnityEditor.Search:ASIAI0B -> (ImportResultId: '27edd2432f3fe55f63bfba329960234c') in 0.01341967 seconds
[Worker0] Imported GUID: 179c26b8104e4a84bb9ba82aa6ec463b - Path: Packages/com.unity.render-pipelines.core/Editor/Icons/MipLevels/RenderGraphViewer/d_PassInspector@16.png - Importer: ScriptedImporter/UnityEditor.QuickSearchModule:UnityEditor.Search:ASIAI0B -> (ImportResultId: '5bed6da8ea691acb9b02373ba789cd00') in 0.014109969 seconds
[Worker0] Imported GUID: 3949f2582b2c4bce9fde2d52b829b107 - Path: Packages/com.unity.render-pipelines.core/Tests/Runtime/SurfaceCache/Unity.SurfaceCache.Tests.asmdef - Importer: ScriptedImporter/UnityEditor.QuickSearchModule:UnityEditor.Search:ASIAI0B -> (ImportResultId: '3b54e5456687a9d66e79014c7ee23d81') in 0.010649729 seconds
[Worker0] Imported GUID: b9a72268b9aad854a97135a16c412cb3 - Path: Packages/com.unity.render-pipelines.core/Tests/Runtime/Debugging/ProfilingSamplerWithCommandBufferTests.cs - Importer: ScriptedImporter/UnityEditor.QuickSearchModule:UnityEditor.Search:ASIAI0B -> (ImportResultId: 'f7de4d2119fde5358aaf62511c88a9b6') in 0.010308703 seconds
[Worker0] Imported GUID: a4164d71cf0c4e9fa2499d85c81cf4ff - Path: Packages/com.unity.render-pipelines.core/Tests/Editor/Volumes/RenderPipelineTests.cs - Importer: ScriptedImporter/UnityEditor.QuickSearchModule:UnityEditor.Search:ASIAI0B -> (ImportResultId: '4b0ee15bcada35fb0605a02d0fdc51f7') in 0.009732898 seconds
[Worker0] Imported GUID: 65f6099afeee7b1468f7acd28effa089 - Path: Packages/com.unity.render-pipelines.core/Tests/Editor/Volumes/VolumeCollectionTests.cs - Importer: ScriptedImporter/UnityEditor.QuickSearchModule:UnityEditor.Search:ASIAI0B -> (ImportResultId: 'd83c8617f531eb0fb589f207a6aa3599') in 0.009919947 seconds
[Worker0] Imported GUID: 6e5a98aaa576d99408eeba30eb91eaba - Path: Packages/com.unity.render-pipelines.core/Editor/Lighting/Icons/LightUnitIcons/MoonlessNight@2x.png - Importer: ScriptedImporter/UnityEditor.QuickSearchModule:UnityEditor.Search:ASIAI0B -> (ImportResultId: '83bc1bb9629876457602f8a4b3e1857c') in 0.014500918 seconds
[Worker0] Imported GUID: f50a266376427a041b4e1b629d07611d - Path: Packages/com.unity.render-pipelines.core/Editor/Lighting/Icons/LightUnitIcons/MoonlessNight.png - Importer: ScriptedImporter/UnityEditor.QuickSearchModule:UnityEditor.Search:ASIAI0B -> (ImportResultId: 'f43e9ec73c1d6e218fbe0891ccbbb5ac') in 0.017411872 seconds
[Worker0] Imported GUID: b9ac6ad13d9312941912fc855a3bcc41 - Path: Packages/com.unity.render-pipelines.core/Editor/Icons/MipLevels/RenderGraphViewer/PassInspector@32.png - Importer: ScriptedImporter/UnityEditor.QuickSearchModule:UnityEditor.Search:ASIAI0B -> (ImportResultId: 'df1569f71e0f53f217b2c0fefe079f38') in 0.016151249 seconds
[Worker0] Imported GUID: ac6bd7230f54da84b8ad3a0e2b14b3d9 - Path: Packages/com.unity.render-pipelines.core/Editor/Lighting/Icons/LightUnitIcons/DecorativeLight@2x.png - Importer: ScriptedImporter/UnityEditor.QuickSearchModule:UnityEditor.Search:ASIAI0B -> (ImportResultId: '4d59c3e6b0c09c91ee57a935fb2bde8c') in 0.01198918 seconds
[Worker0] Imported GUID: 5db8233d631a83f429153aaeb8f8333a - Path: Packages/com.unity.render-pipelines.core/Editor/Lighting/Icons/LightUnitIcons/Overcast@2x.png - Importer: ScriptedImporter/UnityEditor.QuickSearchModule:UnityEditor.Search:ASIAI0B -> (ImportResultId: '6d4f05189d59a14dd2e9519b2f70022c') in 0.01186094 seconds
[Worker0] Imported GUID: 7c4d0a73126b14e2693931e0c68b75e7 - Path: Packages/com.unity.render-pipelines.core/Tests/Runtime/PathTracing/Unity.PathTracing.Runtime.Tests.asmdef - Importer: ScriptedImporter/UnityEditor.QuickSearchModule:UnityEditor.Search:ASIAI0B -> (ImportResultId: 'f76fab3dd9c7befa304a72963034d1a9') in 0.009459708 seconds
[Worker0] Imported GUID: a01d783415aa03a449e3408eb92d8505 - Path: Packages/com.unity.render-pipelines.core/Editor/Lighting/Icons/LightUnitIcons/ClearSky@2x.png - Importer: ScriptedImporter/UnityEditor.QuickSearchModule:UnityEditor.Search:ASIAI0B -> (ImportResultId: 'efc7a3a6827912ff2865952a593fbba3') in 0.011560149 seconds
[Worker0] Imported GUID: 1eb691390c444f14bac0868bd61fd451 - Path: Packages/com.unity.render-pipelines.core/Editor/Lighting/Icons/LightUnitIcons/MediumAreaLight.png - Importer: ScriptedImporter/UnityEditor.QuickSearchModule:UnityEditor.Search:ASIAI0B -> (ImportResultId: '9c7ff88d25ef7b9f4f9b7b40fd9b2f3a') in 0.011573183 seconds
[Worker0] Imported GUID: b98f3689f42be914d9c9db64ff280951 - Path: Packages/com.unity.render-pipelines.core/Editor/Icons/MipLevels/RenderGraphViewer/d_PassInspector@32.png - Importer: ScriptedImporter/UnityEditor.QuickSearchModule:UnityEditor.Search:ASIAI0B -> (ImportResultId: '9e60b699c08918ecac761d3b4ca5126a') in 0.013066671 seconds
[Worker0] Imported GUID: c30d00a81d6542c40ae1837621e3969e - Path: Packages/com.unity.render-pipelines.core/Editor/Lighting/Icons/LightUnitIcons/CloudySky@2x.png - Importer: ScriptedImporter/UnityEditor.QuickSearchModule:UnityEditor.Search:ASIAI0B -> (ImportResultId: '5bd77146e262f7ba6365ca5a8beb020f') in 0.012034594 seconds
[Worker0] Imported GUID: e10d9c07adc061a448e00b3e33fad966 - Path: Packages/com.unity.render-pipelines.core/Editor/Lighting/Icons/LightUnitIcons/SoftAreaLight.png - Importer: ScriptedImporter/UnityEditor.QuickSearchModule:UnityEditor.Search:ASIAI0B -> (ImportResultId: 'f83127b77c742c0e4f6a3e1dc25900a7') in 0.012127598 seconds
[Worker0] Imported GUID: ddbb35633e84dde4a93c6662f696ae4c - Path: Packages/com.unity.render-pipelines.core/Editor/Lighting/Icons/LightUnitIcons/InteriorLight.png - Importer: ScriptedImporter/UnityEditor.QuickSearchModule:UnityEditor.Search:ASIAI0B -> (ImportResultId: '7f256d5763489ca2cff8043b4aedeef8') in 0.011873394 seconds
[Worker0] Imported GUID: 15eae3b12d394b568db003d9e7f1862c - Path: Packages/com.unity.render-pipelines.core/Tests/Runtime/SurfaceCache/SurfaceCacheEnvLightTests.cs - Importer: ScriptedImporter/UnityEditor.QuickSearchModule:UnityEditor.Search:ASIAI0B -> (ImportResultId: '60f45b3317550b5ad63e9c16b0acd1df') in 0.009443417 seconds
[Worker0] Imported GUID: 3387986904fe97b4cb1a1b607d1e7039 - Path: Packages/com.unity.render-pipelines.core/Editor/Lighting/Icons/LightUnitIcons/Candlelight@2x.png - Importer: ScriptedImporter/UnityEditor.QuickSearchModule:UnityEditor.Search:ASIAI0B -> (ImportResultId: '67c1afb610c90f37380ab25eaf00b299') in 0.013200772 seconds
[Worker0] Imported GUID: 00a734322b2ba1249b58c24b688b3108 - Path: Packages/com.unity.render-pipelines.core/Editor/Icons/MipLevels/RenderGraphViewer/d_Resources@32.png - Importer: ScriptedImporter/UnityEditor.QuickSearchModule:UnityEditor.Search:ASIAI0B -> (ImportResultId: '812b147818bb979851b6f1d8834594f5') in 0.015582487 seconds
[Worker0] Imported GUID: 77f6c3e00d2daf84ba7b57e205d5dd64 - Path: Packages/com.unity.render-pipelines.core/Tests/Runtime/Threading/FunctionTestsGroup.compute - Importer: ScriptedImporter/UnityEditor.QuickSearchModule:UnityEditor.Search:ASIAI0B -> (ImportResultId: '6b2961b10addd2a80bcf1194c48272ae') in 0.012737907 seconds
Starting new worker id: 3 with log in /home/main/github/Proyecto/Puppeteer-Stories/Game/Logs/AssetImportWorkerHW3.log
[Worker0] Imported GUID: 41c40f1973262eb41a56a66faaf2154d - Path: Packages/com.unity.render-pipelines.core/Editor/Lighting/Icons/LightUnitIcons/Moonlight.png - Importer: ScriptedImporter/UnityEditor.QuickSearchModule:UnityEditor.Search:ASIAI0B -> (ImportResultId: '5217dce3cb737ca98657f148567e72e5') in 0.012549746 seconds
[Worker0] Imported GUID: 3745144d19d6f469e96d89ae8647a702 - Path: Packages/com.unity.render-pipelines.core/Tests/Runtime/PathTracing/PathIteratorTests.cs - Importer: ScriptedImporter/UnityEditor.QuickSearchModule:UnityEditor.Search:ASIAI0B -> (ImportResultId: '8dc4912b09aeb42296473ed00e0b440e') in 0.010304846 seconds
[Worker0] Imported GUID: a6482f5100464a5abfcfce1521a3baf0 - Path: Packages/com.unity.render-pipelines.core/Tests/Runtime/PathTracing/ChartIdentificationTests.cs - Importer: ScriptedImporter/UnityEditor.QuickSearchModule:UnityEditor.Search:ASIAI0B -> (ImportResultId: '375891fcc4a264fd51c96fd1a2c1578f') in 0.010838702 seconds
[UnityConnectServicesConfig] Local config successfully read: "/usr/share/unity3d/config/services-config.json"
[UnityConnectServicesConfig] Service configuration:
    "servicesConfigBaseUrl": "",
    "disableServicesWindow": false,
    "disableUserLogin": false,
    "entitlementCacheTimeoutInSeconds": 60,
    "clientConnectTimeoutSec": 60,
    "clientHandshakeTimeoutSec": 30,
    "clientResolveEntitlementsTimeoutSec": 30,
    "clientUpdateLicenseTimeoutSec": 30,
    "licensingServiceBaseUrl": "",
    "enableProxyAutoconfig": "false"

[Worker0] Imported GUID: 42382485181c7b4429560828f54a2bae - Path: Packages/com.unity.render-pipelines.core/Editor/Lighting/Icons/LightUnitIcons/BlueSky@2x.png - Importer: ScriptedImporter/UnityEditor.QuickSearchModule:UnityEditor.Search:ASIAI0B -> (ImportResultId: '07bfd8f910588474c2f061821674527c') in 0.012870725 seconds
[Worker0] Imported GUID: db0321d865208c648ae843f39ab69004 - Path: Packages/com.unity.render-pipelines.core/Editor/Lighting/Icons/LightUnitIcons/ClearSky.png - Importer: ScriptedImporter/UnityEditor.QuickSearchModule:UnityEditor.Search:ASIAI0B -> (ImportResultId: 'a678b8dff1edf98bac0e90e9ec0324c9') in 0.013348767 seconds
[Worker0] Imported GUID: baa2eadff75899140ac64277e3f60453 - Path: Packages/com.unity.render-pipelines.core/Editor/Lighting/Icons/LightUnitIcons/ExteriorLight.png - Importer: ScriptedImporter/UnityEditor.QuickSearchModule:UnityEditor.Search:ASIAI0B -> (ImportResultId: '6e05881760d0a4971612e98611b4d7ed') in 0.012558733 seconds
[Worker0] Imported GUID: 1e2ae1a12a2a1ff498cab6444b9cd394 - Path: Packages/com.unity.render-pipelines.core/Editor/Lighting/Icons/LightUnitIcons/DecorativeLight.png - Importer: ScriptedImporter/UnityEditor.QuickSearchModule:UnityEditor.Search:ASIAI0B -> (ImportResultId: 'f91b75d91e1d20ca80e7faba602572a4') in 0.01169999 seconds
[Worker0] Imported GUID: 81b438b79c4c45b47a4828b11e40fec6 - Path: Packages/com.unity.render-pipelines.core/Tests/Runtime/SurfaceCache/TestResourceAsset.cs - Importer: ScriptedImporter/UnityEditor.QuickSearchModule:UnityEditor.Search:ASIAI0B -> (ImportResultId: '42bede5da111239fb3de730e912b6ff7') in 0.010947907 seconds
[Worker1] Imported GUID: d8ee4aa2fab810242a1ff465e662bc09 - Path: Packages/com.unity.render-pipelines.core/Editor/Lighting/Icons/LightUnitIcons/SunriseSunset.png - Importer: ScriptedImporter/UnityEditor.QuickSearchModule:UnityEditor.Search:ASIAI0B -> (ImportResultId: '74d041c3f6f8fd7244d5bc2182ef66a7') in 0.132086611 seconds
[Worker2] Imported GUID: 7cce01e3b2c07a34b8a6cfa8dcd99d0b - Path: Packages/com.unity.render-pipelines.core/Tests/Runtime/Threading/FunctionTestsWave.compute - Importer: ScriptedImporter/UnityEditor.QuickSearchModule:UnityEditor.Search:ASIAI0B -> (ImportResultId: '00eaf6b17b9e29939d663072d22bd37d') in 0.080481602 seconds
[Worker0] Imported GUID: a543c2d2147884347a1846e862efa72f - Path: Packages/com.unity.render-pipelines.core/Editor/Lighting/Icons/LightUnitIcons/d_BrightSky.png - Importer: ScriptedImporter/UnityEditor.QuickSearchModule:UnityEditor.Search:ASIAI0B -> (ImportResultId: 'd4d8475e7b6b622ef6e5758d1a214be4') in 0.02035727 seconds
[Worker1] Imported GUID: 8d43dcf0c0580c74485954c1a2447f4a - Path: Packages/com.unity.render-pipelines.core/Editor-PrivateShared/Tools/Converter/ReadonlyMaterialConverter/ReadonlyMaterialConverter.MaterialReferenceChanger.cs - Importer: ScriptedImporter/UnityEditor.QuickSearchModule:UnityEditor.Search:ASIAI0B -> (ImportResultId: '25a71fccbcb4415e2e364a01acf44a04') in 0.021882998 seconds
[Worker0] Imported GUID: e0171afec971f2343be8d5b4b14ab6eb - Path: Packages/com.unity.render-pipelines.core/Editor/Lighting/Icons/LightUnitIcons/d_SoftAreaLight@2x.png - Importer: ScriptedImporter/UnityEditor.QuickSearchModule:UnityEditor.Search:ASIAI0B -> (ImportResultId: '71b571425874a981dd7f7a53e951b78f') in 0.01624277 seconds
[Worker1] Imported GUID: 3f9a63faecec9a34c9ffbfedd9ac5c3b - Path: Packages/com.unity.render-pipelines.core/Editor/Lighting/Icons/LightUnitIcons/d_Candlelight.png - Importer: ScriptedImporter/UnityEditor.QuickSearchModule:UnityEditor.Search:ASIAI0B -> (ImportResultId: '7864e47b62de31632c41416b6591dab6') in 0.014986335 seconds
[Worker0] Imported GUID: 088373792f5db604fa5b045cb5dff9c9 - Path: Packages/com.unity.render-pipelines.core/Editor/Lighting/Icons/LightUnitIcons/d_CloudySky@2x.png - Importer: ScriptedImporter/UnityEditor.QuickSearchModule:UnityEditor.Search:ASIAI0B -> (ImportResultId: 'e6e1e2c3927008a82bf22003660a574e') in 0.012766972 seconds
[Worker0] Imported GUID: 2a92c8c54bb0f63458be93b670c77c3b - Path: Packages/com.unity.render-pipelines.core/Runtime/PostProcessing/Shaders/ffx/ffx_fsr1.hlsl - Importer: ScriptedImporter/UnityEditor.QuickSearchModule:UnityEditor.Search:ASIAI0B -> (ImportResultId: '475a290d5fb2002d079fbbff3112f987') in 0.010909374 seconds
[Worker2] Imported GUID: 37ca6c7ad753f1648a24db2b740ba2ca - Path: Packages/com.unity.render-pipelines.core/Editor/Lighting/Icons/LightUnitIcons/VeryBrightSun@2x.png - Importer: ScriptedImporter/UnityEditor.QuickSearchModule:UnityEditor.Search:ASIAI0B -> (ImportResultId: '2c9c25f65d8fe34e4deef6c705cee957') in 0.074186802 seconds
[Worker0] Imported GUID: 9a278b70c427e8e4caa47a45a5d59de8 - Path: Packages/com.unity.render-pipelines.core/Editor/Lighting/Icons/LightUnitIcons/d_BrightSky@2x.png - Importer: ScriptedImporter/UnityEditor.QuickSearchModule:UnityEditor.Search:ASIAI0B -> (ImportResultId: 'a15abeb6bad0430d7c171db4bc40674e') in 0.012148838 seconds
[Worker2] Imported GUID: 392581b798d70d0408e104d352ffb20b - Path: Packages/com.unity.render-pipelines.core/Editor/Lighting/Icons/LightUnitIcons/d_DirectSunlight@2x.png - Importer: ScriptedImporter/UnityEditor.QuickSearchModule:UnityEditor.Search:ASIAI0B -> (ImportResultId: '6bd541e31c9402d010d644e43ececc23') in 0.013464985 seconds
[Worker0] Imported GUID: bdc9b1177bc1ad84e8532eec9f2dcc13 - Path: Packages/com.unity.render-pipelines.core/Editor/Lighting/Icons/LightUnitIcons/VeryBrightSun.png - Importer: ScriptedImporter/UnityEditor.QuickSearchModule:UnityEditor.Search:ASIAI0B -> (ImportResultId: '65b46f441809460cdffc9a2011919304') in 0.013413138 seconds
[Worker2] Imported GUID: b1a064fab2aa93e47bd8d558a6ca655b - Path: Packages/com.unity.render-pipelines.core/Editor/Lighting/Icons/LightUnitIcons/d_InteriorLight@2x.png - Importer: ScriptedImporter/UnityEditor.QuickSearchModule:UnityEditor.Search:ASIAI0B -> (ImportResultId: 'b290010b8702fccb00ec16ec016e149d') in 0.014896737 seconds
[Worker0] Imported GUID: 2ae1ad1a228a66a479d96cae55499c4a - Path: Packages/com.unity.render-pipelines.core/Editor/Lighting/Icons/LightUnitIcons/d_Candlelight@2x.png - Importer: ScriptedImporter/UnityEditor.QuickSearchModule:UnityEditor.Search:ASIAI0B -> (ImportResultId: '49a0f17822d0ce2ed096b3615a3ccb0c') in 0.014922074 seconds
[Worker0] Imported GUID: c1e7adc3cf9b84be0b845973cedd828b - Path: Packages/com.unity.render-pipelines.core/Runtime/PathTracing/Shaders/Lightmapping/ChartRasterizerSoftware.shader - Importer: ScriptedImporter/UnityEditor.QuickSearchModule:UnityEditor.Search:ASIAI0B -> (ImportResultId: '3c3049ed4180bc9c5f015700cecf51be') in 0.010144055 seconds
[Worker2] Imported GUID: e194061ed57dcf6478bc4a4079ac3998 - Path: Packages/com.unity.render-pipelines.core/Editor/Lighting/Icons/LightUnitIcons/d_DecorativeLight@2x.png - Importer: ScriptedImporter/UnityEditor.QuickSearchModule:UnityEditor.Search:ASIAI0B -> (ImportResultId: '35a01dd2b015d1246c6a1ccf4b17ff64') in 0.012935356 seconds
[Worker0] Imported GUID: 0b39f97ea330aac459e3fbb440f4b0d0 - Path: Packages/com.unity.render-pipelines.core/Editor/Lighting/Icons/LightUnitIcons/d_BlueSky@2x.png - Importer: ScriptedImporter/UnityEditor.QuickSearchModule:UnityEditor.Search:ASIAI0B -> (ImportResultId: '65dddf58d259570e897809081ee98277') in 0.011707794 seconds
[Worker2] Imported GUID: 94a070d33e408384bafc1dea4a565df9 - Path: Packages/com.unity.render-pipelines.core/Editor/Lighting/ProbeVolume/RenderingLayerMask/TraceRenderingLayerMask.urtshader - Importer: ScriptedImporter/UnityEditor.QuickSearchModule:UnityEditor.Search:ASIAI0B -> (ImportResultId: 'b21670e7af39317dd6955caf6d712010') in 0.016753433 seconds
[Worker1] Imported GUID: 03960f03150747048893b7bfcdde9148 - Path: Packages/com.unity.render-pipelines.core/Editor-PrivateShared/Tools/Converter/Window/RenderPipelineConverterVisualElementListFilter.uxml - Importer: ScriptedImporter/UnityEditor.QuickSearchModule:UnityEditor.Search:ASIAI0B -> (ImportResultId: 'b825de891214ab9ab2c6e4beacbddd1e') in 0.096807507 seconds
[Worker2] Imported GUID: b95665ddb99de4945b528a188a1c41c7 - Path: Packages/com.unity.render-pipelines.core/Editor/Lighting/Icons/LightUnitIcons/d_Fluorescent.png - Importer: ScriptedImporter/UnityEditor.QuickSearchModule:UnityEditor.Search:ASIAI0B -> (ImportResultId: '41cd9cdd0b688eb82cf5216e34c09c6f') in 0.012924145 seconds
[Worker1] Imported GUID: 80a48b3afafdc644fb4e3319f6f19fc8 - Path: Packages/com.unity.render-pipelines.core/Editor/Lighting/Icons/LightUnitIcons/d_Overcast.png - Importer: ScriptedImporter/UnityEditor.QuickSearchModule:UnityEditor.Search:ASIAI0B -> (ImportResultId: '6b4b3c04451ac138ad70db40592efe07') in 0.012565215 seconds
[Worker2] Imported GUID: e3711cae0eaec834eb4ae197be7dd569 - Path: Packages/com.unity.render-pipelines.core/Runtime/PostProcessing/Shaders/ffx/ffx_a.hlsl - Importer: ScriptedImporter/UnityEditor.QuickSearchModule:UnityEditor.Search:ASIAI0B -> (ImportResultId: '168cc27e36b10c5b9a8753decaee0f8f') in 0.010959998 seconds
[Worker1] Imported GUID: 9ed59abbb45e72140ae72a33b30ea19e - Path: Packages/com.unity.render-pipelines.core/Editor/Lighting/Icons/LightUnitIcons/d_Fluorescent@2x.png - Importer: ScriptedImporter/UnityEditor.QuickSearchModule:UnityEditor.Search:ASIAI0B -> (ImportResultId: 'a51b346d8efe456c82e8a33f39d265a0') in 0.012020378 seconds
[Worker0] Imported GUID: de00f44305d58df4baaf1fa227e8f79d - Path: Packages/com.unity.render-pipelines.core/Editor-PrivateShared/Tools/Converter/Window/RenderPipelineConverterVisualElementListFilter.uss - Importer: ScriptedImporter/UnityEditor.QuickSearchModule:UnityEditor.Search:ASIAI0B -> (ImportResultId: '0406e4d1e3946470745b91f6f6c5b6cb') in 0.039655593 seconds
[Worker2] Imported GUID: b1826d69c1fcad9488491937a1ef4d84 - Path: Packages/com.unity.render-pipelines.core/Editor/Lighting/Icons/LightUnitIcons/d_MediumAreaLight.png - Importer: ScriptedImporter/UnityEditor.QuickSearchModule:UnityEditor.Search:ASIAI0B -> (ImportResultId: '56d697ebe8e47256ed58302750bf9427') in 0.013367673 seconds
[Worker1] Imported GUID: 517486330cc07ce4ba7086c43181f3ae - Path: Packages/com.unity.render-pipelines.core/Editor-PrivateShared/Tools/Converter/Window/RenderPipelineConverterVisualElementListFilter.cs - Importer: ScriptedImporter/UnityEditor.QuickSearchModule:UnityEditor.Search:ASIAI0B -> (ImportResultId: '839d76760bb744204b5e0965df3421fd') in 0.009760339 seconds
[Worker0] Imported GUID: 490d69b278eff784b85feca736d57389 - Path: Packages/com.unity.render-pipelines.core/Editor/Lighting/Icons/LightUnitIcons/d_ClearSky@2x.png - Importer: ScriptedImporter/UnityEditor.QuickSearchModule:UnityEditor.Search:ASIAI0B -> (ImportResultId: 'f5d41e2ceb5fbf96c538d697e35a7b9b') in 0.011698076 seconds
[Worker1] Imported GUID: 5aff42982aead5e44a3d2383ac031fff - Path: Packages/com.unity.render-pipelines.core/Editor-PrivateShared/Tools/Converter/Window/RenderPipelineConverterVisualElement.cs - Importer: ScriptedImporter/UnityEditor.QuickSearchModule:UnityEditor.Search:ASIAI0B -> (ImportResultId: '2921a3552004968790d75e5136390ac9') in 0.00934807 seconds
[Worker0] Imported GUID: 11202834b4942ec4fa9242f65d9e0f4e - Path: Packages/com.unity.render-pipelines.core/Editor-PrivateShared/Tools/Converter/Window/RenderPipelineConvertersEditor.cs - Importer: ScriptedImporter/UnityEditor.QuickSearchModule:UnityEditor.Search:ASIAI0B -> (ImportResultId: 'b97eb0accb219508894646f01ce67992') in 0.010606228 seconds
[Worker1] Imported GUID: 036f58abb8f232d41b3928a31433cf81 - Path: Packages/com.unity.render-pipelines.core/Editor/Lighting/Icons/LightUnitIcons/d_Overcast@2x.png - Importer: ScriptedImporter/UnityEditor.QuickSearchModule:UnityEditor.Search:ASIAI0B -> (ImportResultId: 'a026df2053c0dd5bd8cf49e96404d0e1') in 0.01406259 seconds
[Worker0] Imported GUID: 5a2a534753fbdb44e96c3c78b5a6999d - Path: Packages/com.unity.render-pipelines.core/Editor/Lighting/ProbeVolume/DynamicGI/DynamicGISkyOcclusion.urtshader - Importer: ScriptedImporter/UnityEditor.QuickSearchModule:UnityEditor.Search:ASIAI0B -> (ImportResultId: 'e92c6d8dcb0cf1a231f3e22e6e1531f8') in 0.012725694 seconds
[Worker1] Imported GUID: ccc7ffe6cf9c542919823f6486edde9d - Path: Packages/com.unity.render-pipelines.core/Runtime/PathTracing/Shaders/Lightmapping/ChartRasterizerHardware.shader - Importer: ScriptedImporter/UnityEditor.QuickSearchModule:UnityEditor.Search:ASIAI0B -> (ImportResultId: 'c8712c43d3b71d23937241ac1e3119a8') in 0.015658679 seconds
[Worker0] Imported GUID: 73e9cf59769215c4892d0a8008f39737 - Path: Packages/com.unity.render-pipelines.core/Editor/Lighting/Icons/LightUnitIcons/d_DecorativeLight.png - Importer: ScriptedImporter/UnityEditor.QuickSearchModule:UnityEditor.Search:ASIAI0B -> (ImportResultId: '194611cc54d91db628a5857f403f98f8') in 0.015862971 seconds
[Worker1] Imported GUID: 0c24a3ead3381ee4cb4574c5be266d87 - Path: Packages/com.unity.render-pipelines.core/Editor/Lighting/Icons/LightUnitIcons/d_CloudySky.png - Importer: ScriptedImporter/UnityEditor.QuickSearchModule:UnityEditor.Search:ASIAI0B -> (ImportResultId: 'fea847e0282eed63ab48c34d9043e211') in 0.012703253 seconds
[Worker0] Imported GUID: 49e4a0929afd1ae4283e4657bc636f9e - Path: Packages/com.unity.render-pipelines.core/Editor/Lighting/Icons/LightUnitIcons/d_Shade@2x.png - Importer: ScriptedImporter/UnityEditor.QuickSearchModule:UnityEditor.Search:ASIAI0B -> (ImportResultId: '23eee687e12d1eabf3afcf3f89a05534') in 0.011923497 seconds
[Worker1] Imported GUID: d28d1bc84c83fd54a85bd554d8b5c9c7 - Path: Packages/com.unity.render-pipelines.core/Runtime/PathTracing/Shaders/Lightmapping/UVFallbackBufferGeneration.shader - Importer: ScriptedImporter/UnityEditor.QuickSearchModule:UnityEditor.Search:ASIAI0B -> (ImportResultId: 'd4126c3808ec119bb9811f03cb38c1cd') in 0.010904585 seconds
[Worker0] Imported GUID: 2a9d148fab2695346824a766e925a31f - Path: Packages/com.unity.render-pipelines.core/Runtime/PostProcessing/Shaders/ffx/ffx_cas.hlsl - Importer: ScriptedImporter/UnityEditor.QuickSearchModule:UnityEditor.Search:ASIAI0B -> (ImportResultId: 'cdccca1ee52de29ae0aede9df3747ff3') in 0.010058386 seconds
[Worker1] Imported GUID: 1ade1fa63a0a72f46be69e4ae5e83314 - Path: Packages/com.unity.render-pipelines.core/Editor/Lighting/Icons/LightUnitIcons/SunriseSunset@2x.png - Importer: ScriptedImporter/UnityEditor.QuickSearchModule:UnityEditor.Search:ASIAI0B -> (ImportResultId: '7b6f41362800e49bf8f2f864a4dd1f00') in 0.012693214 seconds
[Worker0] Imported GUID: 6ac733bfd834f4b4bab06306c63496f2 - Path: Packages/com.unity.render-pipelines.core/Editor/Lighting/Icons/LightUnitIcons/d_SunriseSunset.png - Importer: ScriptedImporter/UnityEditor.QuickSearchModule:UnityEditor.Search:ASIAI0B -> (ImportResultId: '7c611fd91c407a544a9c798c61cc4c0f') in 0.011858045 seconds
[Worker2] Imported GUID: 6bdaec52cb3103b43999ff55dddc6a5d - Path: Packages/com.unity.render-pipelines.core/Editor-PrivateShared/Tools/Converter/Window/RenderPipelineConvertersEditor.uxml - Importer: ScriptedImporter/UnityEditor.QuickSearchModule:UnityEditor.Search:ASIAI0B -> (ImportResultId: 'a41fca300dae37d63f73f1cd3d047421') in 0.091177979 seconds
[Worker0] Imported GUID: 71cd3069e265067478f8e99589235fd6 - Path: Packages/com.unity.render-pipelines.core/Editor/Lighting/Icons/LightUnitIcons/d_MoonlessNight.png - Importer: ScriptedImporter/UnityEditor.QuickSearchModule:UnityEditor.Search:ASIAI0B -> (ImportResultId: '3ebdb87eb6e88891ee7271725c80a0a0') in 0.011932684 seconds
[Worker1] Imported GUID: 5e9b4f28f6ce05547b8679d0cff3e682 - Path: Packages/com.unity.render-pipelines.core/Editor-PrivateShared/Tools/Converter/Window/RenderPipelineConvertersEditor.uss - Importer: ScriptedImporter/UnityEditor.QuickSearchModule:UnityEditor.Search:ASIAI0B -> (ImportResultId: '04dfabeacbfddceefb9a9e12e8f79b4e') in 0.020671166 seconds
[Worker2] Imported GUID: 940a20d919196f1408474a7b7057f4b9 - Path: Packages/com.unity.render-pipelines.core/Editor/Lighting/Icons/LightUnitIcons/d_SoftAreaLight.png - Importer: ScriptedImporter/UnityEditor.QuickSearchModule:UnityEditor.Search:ASIAI0B -> (ImportResultId: '80b750bcfc4014813e0276c18c07854f') in 0.011944085 seconds
[Worker0] Imported GUID: e737fd1dd31046c4da43e8ba94fdaf63 - Path: Packages/com.unity.render-pipelines.core/Editor/Lighting/Icons/LightUnitIcons/d_SunriseSunset@2x.png - Importer: ScriptedImporter/UnityEditor.QuickSearchModule:UnityEditor.Search:ASIAI0B -> (ImportResultId: 'a8c4f448a80edb2753f307ba3cd9db41') in 0.01330756 seconds
[Worker1] Imported GUID: 76bf11a78c4428b4eb6b567a160a0c83 - Path: Packages/com.unity.render-pipelines.core/Editor/Lighting/Icons/LightUnitIcons/d_DirectSunlight.png - Importer: ScriptedImporter/UnityEditor.QuickSearchModule:UnityEditor.Search:ASIAI0B -> (ImportResultId: 'fea976a6056ac8f7952ab4943ac34ac1') in 0.012814601 seconds
[Worker2] Imported GUID: f520337c0c5dde34fa2d4207d953a31f - Path: Packages/com.unity.render-pipelines.core/Editor/Lighting/Icons/LightUnitIcons/d_Moonlight@2x.png - Importer: ScriptedImporter/UnityEditor.QuickSearchModule:UnityEditor.Search:ASIAI0B -> (ImportResultId: 'dfb4437db75831cabac85df05a89476b') in 0.011891146 seconds
[Worker0] Imported GUID: babbf12d148f78a4ebc8b231ebe54046 - Path: Packages/com.unity.render-pipelines.core/Runtime/PathTracing/Shaders/Lightmapping/GeometryUtils.hlsl - Importer: ScriptedImporter/UnityEditor.QuickSearchModule:UnityEditor.Search:ASIAI0B -> (ImportResultId: '254c5aae630eda06bc2699544867f6cf') in 0.010647375 seconds
[Worker1] Imported GUID: 76c10465276fcb9498b1fd312e3f74ed - Path: Packages/com.unity.render-pipelines.core/Editor/Lighting/Icons/LightUnitIcons/d_ClearSky.png - Importer: ScriptedImporter/UnityEditor.QuickSearchModule:UnityEditor.Search:ASIAI0B -> (ImportResultId: '60aca97b2a143b563aec7e08ca025974') in 0.012608816 seconds
[Worker2] Imported GUID: 083778a134a402a4f82b55a98ac21530 - Path: Packages/com.unity.render-pipelines.core/Editor/Lighting/Icons/LightUnitIcons/d_VeryBrightSun.png - Importer: ScriptedImporter/UnityEditor.QuickSearchModule:UnityEditor.Search:ASIAI0B -> (ImportResultId: '49212a668aa1b416bec0bd23f5eaac9c') in 0.011808703 seconds
[Worker0] Imported GUID: acd8a3fb93bb04b4db467ca2090011ae - Path: Packages/com.unity.render-pipelines.core/Editor/Lighting/Icons/LightUnitIcons/d_ExteriorLight.png - Importer: ScriptedImporter/UnityEditor.QuickSearchModule:UnityEditor.Search:ASIAI0B -> (ImportResultId: '77d772d32c70e3a1f7a70c5967926f32') in 0.012290563 seconds
[Worker1] Imported GUID: 1a030e4984617e340bf47a116a1d0f9c - Path: Packages/com.unity.render-pipelines.core/Runtime/PathTracing/Shaders/Lightmapping/BilinearOverlaps.compute - Importer: ScriptedImporter/UnityEditor.QuickSearchModule:UnityEditor.Search:ASIAI0B -> (ImportResultId: 'c697ea995d2f97444843cdfb994e672b') in 0.01044126 seconds
[Worker2] Imported GUID: ef285673d8dffb04686591a94181fbdb - Path: Packages/com.unity.render-pipelines.core/Editor-PrivateShared/Tools/Converter/ReadonlyMaterialConverter/ReadonlyMaterialConverter.cs - Importer: ScriptedImporter/UnityEditor.QuickSearchModule:UnityEditor.Search:ASIAI0B -> (ImportResultId: '11a6e3922134d0b4011f428f55e8977b') in 0.015876887 seconds
[Worker0] Imported GUID: f64528e1d51f6d74c9f7a1738deaa602 - Path: Packages/com.unity.render-pipelines.core/Editor/Lighting/Icons/LightUnitIcons/d_Moonlight.png - Importer: ScriptedImporter/UnityEditor.QuickSearchModule:UnityEditor.Search:ASIAI0B -> (ImportResultId: 'c3a7754aa77d26a27d6c6b6cddebc105') in 0.014798113 seconds
[Worker1] Imported GUID: 8991eaef2ed56cc45b9a80b50fbca5e2 - Path: Packages/com.unity.render-pipelines.core/Editor/Lighting/Icons/LightUnitIcons/d_BlueSky.png - Importer: ScriptedImporter/UnityEditor.QuickSearchModule:UnityEditor.Search:ASIAI0B -> (ImportResultId: 'bf5051287d1e401a8e36e77ba2d1f714') in 0.013886211 seconds
[Worker2] Imported GUID: 0493fb4c3bbfd6a4396f7f221b5ce034 - Path: Packages/com.unity.render-pipelines.core/Editor/Lighting/Icons/LightUnitIcons/d_IntenseAreaLight@2x.png - Importer: ScriptedImporter/UnityEditor.QuickSearchModule:UnityEditor.Search:ASIAI0B -> (ImportResultId: 'b758b32866c8971eeac9994349a66449') in 0.013842479 seconds
[Worker0] Imported GUID: ff2cbab5da58bf04d82c5f34037ed123 - Path: Packages/com.unity.render-pipelines.core/Editor/Lighting/ProbeVolume/VirtualOffset/TraceVirtualOffset.urtshader - Importer: ScriptedImporter/UnityEditor.QuickSearchModule:UnityEditor.Search:ASIAI0B -> (ImportResultId: '3a8bc76778644cc7321f65bd96206cc2') in 0.012333101 seconds
[Worker1] Imported GUID: 5a08f69627b72e0488199be67df80530 - Path: Packages/com.unity.render-pipelines.core/Editor-PrivateShared/Tools/Converter/ReadonlyMaterialConverter/ReadonlyMaterialConverter.MaterialReferenceBuilder.cs - Importer: ScriptedImporter/UnityEditor.QuickSearchModule:UnityEditor.Search:ASIAI0B -> (ImportResultId: '5607cafae6e1611a01c0ffc0a4282287') in 0.010153273 seconds
[Worker2] Imported GUID: 79474406bb16ef9439655eb4b419b6a8 - Path: Packages/com.unity.render-pipelines.core/Editor/Lighting/Icons/LightUnitIcons/d_MediumAreaLight@2x.png - Importer: ScriptedImporter/UnityEditor.QuickSearchModule:UnityEditor.Search:ASIAI0B -> (ImportResultId: 'e78db3c1403553dd5455ff052a8f0448') in 0.011126339 seconds
[Worker0] Imported GUID: e4e685bec200b3c45a29e88e2eeb8ddb - Path: Packages/com.unity.render-pipelines.core/Editor/Lighting/Icons/LightUnitIcons/d_VeryBrightSun@2x.png - Importer: ScriptedImporter/UnityEditor.QuickSearchModule:UnityEditor.Search:ASIAI0B -> (ImportResultId: '1ae85961bc5a254433bd77a95a41b699') in 0.011249679 seconds
[Worker1] Imported GUID: fbe2a78a665b37a4c9ec6623f42feb59 - Path: Packages/com.unity.render-pipelines.core/Editor/Lighting/Icons/LightUnitIcons/d_Shade.png - Importer: ScriptedImporter/UnityEditor.QuickSearchModule:UnityEditor.Search:ASIAI0B -> (ImportResultId: '35dffc412c16cdd81aa881c651a72bdb') in 0.010624593 seconds
[Worker2] Imported GUID: a20ce10a62e5d924a84f1a723e96c07e - Path: Packages/com.unity.render-pipelines.core/Editor/Lighting/Icons/LightUnitIcons/d_IntenseAreaLight.png - Importer: ScriptedImporter/UnityEditor.QuickSearchModule:UnityEditor.Search:ASIAI0B -> (ImportResultId: '8301a8e137b881ec0bd7a636ea766b10') in 0.01085378 seconds
[Worker0] Imported GUID: d56ac7ee03f65c7408f8f3d5aeecdb86 - Path: Packages/com.unity.render-pipelines.core/Editor/Lighting/Icons/LightUnitIcons/d_MoonlessNight@2x.png - Importer: ScriptedImporter/UnityEditor.QuickSearchModule:UnityEditor.Search:ASIAI0B -> (ImportResultId: '4108d5170a49f922de99a48ee7e5939c') in 0.010929572 seconds
[Worker1] Imported GUID: b5a2e773c2799aa42a4e99429158896e - Path: Packages/com.unity.render-pipelines.core/Editor/Lighting/Icons/LightUnitIcons/d_InteriorLight.png - Importer: ScriptedImporter/UnityEditor.QuickSearchModule:UnityEditor.Search:ASIAI0B -> (ImportResultId: '571a5a765da50d329f38007cc3ea0e2b') in 0.009985139 seconds
[Worker0] Imported GUID: 4c978c0398e4eaf4798f3b138bb08f7a - Path: Packages/com.unity.render-pipelines.core/Editor-PrivateShared/Tools/Converter/Window/RenderPipelineConverterVisualElement.uss - Importer: ScriptedImporter/UnityEditor.QuickSearchModule:UnityEditor.Search:ASIAI0B -> (ImportResultId: '19128f8bab89ef3c68c132a055dc67d9') in 0.011981465 seconds
[Worker1] Imported GUID: 0cd6ad04e58c5e1478f2925fa64f5b57 - Path: Packages/com.unity.render-pipelines.core/Editor/Lighting/Icons/LightUnitIcons/d_ExteriorLight@2x.png - Importer: ScriptedImporter/UnityEditor.QuickSearchModule:UnityEditor.Search:ASIAI0B -> (ImportResultId: 'a305fdeb967f61a2412fc5700207b1a5') in 0.012201326 seconds
[Worker2] Imported GUID: 030429a4dd6c1d0439fed375372726bf - Path: Packages/com.unity.render-pipelines.core/Editor-PrivateShared/Tools/Converter/Window/RenderPipelineConverterVisualElement.uxml - Importer: ScriptedImporter/UnityEditor.QuickSearchModule:UnityEditor.Search:ASIAI0B -> (ImportResultId: 'b30e0e7eb6a24efaa92ddcd2dcbffd88') in 0.016668434 seconds
[Worker2] Imported GUID: f0db4ed57f6edee4c885d25ff13937e7 - Path: Packages/com.unity.render-pipelines.core/Runtime/UnifiedRayTracing/Compute/RadeonRays/Common.cs - Importer: ScriptedImporter/UnityEditor.QuickSearchModule:UnityEditor.Search:ASIAI0B -> (ImportResultId: '4189ab16bcb2141c33e6fe4063ab0587') in 0.009910119 seconds
[Worker0] Imported GUID: 9dc191720bcb9a94188d52e5651d86cc - Path: Packages/com.unity.render-pipelines.core/Runtime/UnifiedRayTracing/Compute/RadeonRays/RestructureBvh.cs - Importer: ScriptedImporter/UnityEditor.QuickSearchModule:UnityEditor.Search:ASIAI0B -> (ImportResultId: 'f325174ffdbf49e01500714ebb9b78a8') in 0.00988898 seconds
[Worker1] Imported GUID: 9d053bd99ea2f2c41b6200d1561bc091 - Path: Packages/com.unity.render-pipelines.core/Runtime/UnifiedRayTracing/Compute/RadeonRays/HlbvhBuilder.cs - Importer: ScriptedImporter/UnityEditor.QuickSearchModule:UnityEditor.Search:ASIAI0B -> (ImportResultId: 'e151c11c5c9278572fe2731ef5ef41f2') in 0.010502114 seconds
[Worker2] Imported GUID: 8b2264ffe26ac3e42b4077bfbc35941b - Path: Packages/com.unity.render-pipelines.core/Runtime/PostProcessing/Shaders/ffx/ffx_lpm.hlsl - Importer: ScriptedImporter/UnityEditor.QuickSearchModule:UnityEditor.Search:ASIAI0B -> (ImportResultId: '14a5cd7d66058a7338eb06801ebb8aa2') in 0.009453286 seconds
[Worker1] Imported GUID: d3167d2685f567343836d6d5ee2e115e - Path: Packages/com.unity.render-pipelines.core/Runtime/UnifiedRayTracing/Common/Utilities/BackendHelpers.cs - Importer: ScriptedImporter/UnityEditor.QuickSearchModule:UnityEditor.Search:ASIAI0B -> (ImportResultId: '20db1aea70cfa13a74a922a1b42a5a02') in 0.009191848 seconds
[Worker0] Imported GUID: 381139c5264bf8f4e81de5c8990ad646 - Path: Packages/com.unity.render-pipelines.core/Runtime/UnifiedRayTracing/Compute/RadeonRays/HlbvhTopLevelBuilder.cs - Importer: ScriptedImporter/UnityEditor.QuickSearchModule:UnityEditor.Search:ASIAI0B -> (ImportResultId: '1ca68bfd4929a826e37b268d0070d462') in 0.009606182 seconds
[Worker1] Imported GUID: 1b95b5dcf48d1914c9e1e7405c7660e3 - Path: Packages/com.unity.render-pipelines.core/Runtime/UnifiedRayTracing/Common/Utilities/CopyBuffer.compute - Importer: ScriptedImporter/UnityEditor.QuickSearchModule:UnityEditor.Search:ASIAI0B -> (ImportResultId: '2af078dbfda227141f24cbe223ad3811') in 0.009391891 seconds
[Worker0] Imported GUID: 5e7ff31e76460b5468d3c45cf9095a6b - Path: Packages/com.unity.render-pipelines.core/Runtime/UnifiedRayTracing/Compute/RadeonRays/StringIDs.cs - Importer: ScriptedImporter/UnityEditor.QuickSearchModule:UnityEditor.Search:ASIAI0B -> (ImportResultId: '89aef855405cd0a046a6b546cb6792f8') in 0.010276072 seconds
[Worker2] Imported GUID: 11fcf3c83299e814cbb25c4d74cd045d - Path: Packages/com.unity.render-pipelines.core/Runtime/Sampling/Textures/SobolBlueNoise/ScramblingTile256SPP.png - Importer: ScriptedImporter/UnityEditor.QuickSearchModule:UnityEditor.Search:ASIAI0B -> (ImportResultId: 'd58379eceb18f784620645d541567828') in 0.012004348 seconds
[Worker1] Imported GUID: c083b11656047954d8aab3b2b0713f33 - Path: Packages/com.unity.render-pipelines.core/Runtime/UnifiedRayTracing/Compute/RadeonRays/Scan.cs - Importer: ScriptedImporter/UnityEditor.QuickSearchModule:UnityEditor.Search:ASIAI0B -> (ImportResultId: '528d9b011219484334e7a4d23d31ff92') in 0.010071259 seconds
[Worker0] Imported GUID: 839bff092489da0498be737d665c0665 - Path: Packages/com.unity.render-pipelines.core/Runtime/UnifiedRayTracing/Common/GeometryPool/GeometryPool.hlsl - Importer: ScriptedImporter/UnityEditor.QuickSearchModule:UnityEditor.Search:ASIAI0B -> (ImportResultId: '47ebb6e66f061cb890d4428d3923e39d') in 0.010974426 seconds
[Worker2] Imported GUID: 72f2039b19e30244dafbaeed758cb3c6 - Path: Packages/com.unity.render-pipelines.core/Runtime/UnifiedRayTracing/Compute/RadeonRays/RadeonRaysAPI.cs - Importer: ScriptedImporter/UnityEditor.QuickSearchModule:UnityEditor.Search:ASIAI0B -> (ImportResultId: '6475f586c2a5c459f8b64ea8e10cf59e') in 0.010861354 seconds
[Worker1] Imported GUID: a6af8b249ef94724681ddfb4d682f0b7 - Path: Packages/com.unity.render-pipelines.core/Runtime/UnifiedRayTracing/Common/Utilities/PersistentGPUArray.cs - Importer: ScriptedImporter/UnityEditor.QuickSearchModule:UnityEditor.Search:ASIAI0B -> (ImportResultId: 'b02d4c2b05af944e736c3d68b70e33cb') in 0.009961003 seconds
[Worker2] Imported GUID: eca78e9f751408043bef5b9d52db9d39 - Path: Packages/com.unity.render-pipelines.core/Runtime/UnifiedRayTracing/Common/GeometryPool/GeometryPoolDefs.cs.hlsl - Importer: ScriptedImporter/UnityEditor.QuickSearchModule:UnityEditor.Search:ASIAI0B -> (ImportResultId: '3c593c630b6896db16e7389968a0a2b6') in 0.009769376 seconds
[Worker0] Imported GUID: 8d786511913a2cb4aacb1f9a188652b4 - Path: Packages/com.unity.render-pipelines.core/Runtime/Sampling/Textures/SobolBlueNoise/SobolOwenScrambled256.png - Importer: ScriptedImporter/UnityEditor.QuickSearchModule:UnityEditor.Search:ASIAI0B -> (ImportResultId: '986c4743ba45465002ad2694ade9850c') in 0.013869179 seconds
[Worker1] Imported GUID: 1e9c09a61faef3046bcf416dbb9c9d88 - Path: Packages/com.unity.render-pipelines.core/Runtime/UnifiedRayTracing/Common/GeometryPool/GeometryPoolDefs.cs - Importer: ScriptedImporter/UnityEditor.QuickSearchModule:UnityEditor.Search:ASIAI0B -> (ImportResultId: '21ce63b1426dc10d4efe0d78d14d353a') in 0.010486385 seconds
[Worker2] Imported GUID: bfd0ff47a7084174ba1c6b5a11903a1b - Path: Packages/com.unity.render-pipelines.core/Runtime/UnifiedRayTracing/Common/Utilities/GraphicsHelpers.cs - Importer: ScriptedImporter/UnityEditor.QuickSearchModule:UnityEditor.Search:ASIAI0B -> (ImportResultId: 'c84b5eefcd36e47a3b1379a859295c8d') in 0.010662062 seconds
[Worker0] Imported GUID: 98e3d58cae7210c4786f67f504c9e899 - Path: Packages/com.unity.render-pipelines.core/Runtime/UnifiedRayTracing/Common/GeometryPool/GeometryPoolKernels.compute - Importer: ScriptedImporter/UnityEditor.QuickSearchModule:UnityEditor.Search:ASIAI0B -> (ImportResultId: 'a5e9ab688f8d2a9818800b2fb95aed29') in 0.012124302 seconds
[Worker1] Imported GUID: 8787039c0fe98374a9815ac59d9878ef - Path: Packages/com.unity.render-pipelines.core/Runtime/UnifiedRayTracing/Common/Utilities/Utils.cs - Importer: ScriptedImporter/UnityEditor.QuickSearchModule:UnityEditor.Search:ASIAI0B -> (ImportResultId: '02302c191d9bbe28584c3e0dd76831f3') in 0.01201054 seconds
[Worker2] Imported GUID: adf003e8db5aef64fa57c155f2e599be - Path: Packages/com.unity.render-pipelines.core/Runtime/Sampling/Textures/SobolBlueNoise/RankingTile256SPP.png - Importer: ScriptedImporter/UnityEditor.QuickSearchModule:UnityEditor.Search:ASIAI0B -> (ImportResultId: '06304c28d789048c165375ceb60b4988') in 0.014180991 seconds
[Worker0] Imported GUID: 56a7556d9033d1f43b3825829da0505f - Path: Packages/com.unity.render-pipelines.core/Runtime/UnifiedRayTracing/Common/Utilities/BlockAllocator.cs - Importer: ScriptedImporter/UnityEditor.QuickSearchModule:UnityEditor.Search:ASIAI0B -> (ImportResultId: '0c6165c943aaa2b0cea36fc2a40be6bc') in 0.010968424 seconds
[Worker1] Imported GUID: 6ab740f51f5df0244bb3510f143c74ef - Path: Packages/com.unity.render-pipelines.core/Runtime/UnifiedRayTracing/Compute/RadeonRays/README.txt - Importer: ScriptedImporter/UnityEditor.QuickSearchModule:UnityEditor.Search:ASIAI0B -> (ImportResultId: 'f4e4ccd049c1bf22de9e7605a875464a') in 0.009382794 seconds
[Worker2] Imported GUID: fccb64cb1f418b9499235ed8f3ba4624 - Path: Packages/com.unity.render-pipelines.core/Runtime/UnifiedRayTracing/Compute/RadeonRays/BvhCheck.cs - Importer: ScriptedImporter/UnityEditor.QuickSearchModule:UnityEditor.Search:ASIAI0B -> (ImportResultId: '649e8877042ad5bac615e2f4c916d509') in 0.009752945 seconds
[Worker0] Imported GUID: e8f82bb52f3ef1645959cbcafd7ce168 - Path: Packages/com.unity.render-pipelines.core/Runtime/UnifiedRayTracing/Compute/RadeonRays/RadixSort.cs - Importer: ScriptedImporter/UnityEditor.QuickSearchModule:UnityEditor.Search:ASIAI0B -> (ImportResultId: '196002ecc41cf658ac1618ea9230fd57') in 0.010293264 seconds
[Worker1] Imported GUID: 352c33fc019547446a50f48d3badcecb - Path: Packages/com.unity.render-pipelines.core/Runtime/UnifiedRayTracing/Common/GeometryPool/GeometryPool.cs - Importer: ScriptedImporter/UnityEditor.QuickSearchModule:UnityEditor.Search:ASIAI0B -> (ImportResultId: '4328ad8d460c6999fc76737c6b4e7b8f') in 0.009878761 seconds
[Worker2] Imported GUID: 81ee3cf225778834abb6a30cf1007ea1 - Path: Packages/com.unity.render-pipelines.core/Tests/Editor/Tools/MaterialUpgrader/MaterialUpgraderTests.cs - Importer: ScriptedImporter/UnityEditor.QuickSearchModule:UnityEditor.Search:ASIAI0B -> (ImportResultId: '535ff336b715f0527894c94ba722d26b') in 0.009670211 seconds
[Worker0] Imported GUID: 2fe8312442a2a0d45b36a4263a7b0849 - Path: Packages/com.unity.render-pipelines.core/Tests/Editor/RenderPipeline/SettingsStrippingResults/WrongStripper_A_B_C.json - Importer: ScriptedImporter/UnityEditor.QuickSearchModule:UnityEditor.Search:ASIAI0B -> (ImportResultId: '9e8d5495f4b5048e7116e6107b0c9060') in 0.010819336 seconds
[Worker1] Imported GUID: b7530f054ac4b4b4183bef9efddcb60f - Path: Packages/com.unity.render-pipelines.core/Tests/Editor/ShaderStripping/Results/UI_Default_Sprites_Default_5_0.5.json - Importer: ScriptedImporter/UnityEditor.QuickSearchModule:UnityEditor.Search:ASIAI0B -> (ImportResultId: '263ce38d9db6884fcc4f30bcd7b05d83') in 0.012825401 seconds
[Worker2] Imported GUID: d18eadffb612a2f4a995f89ad69c62c3 - Path: Packages/com.unity.render-pipelines.core/Tests/Editor/ShaderStripping/Results/UI_Default_0_0.json - Importer: ScriptedImporter/UnityEditor.QuickSearchModule:UnityEditor.Search:ASIAI0B -> (ImportResultId: '4484ac9a32d48abf8ad16bb13eedc2ca') in 0.009656626 seconds
[Worker0] Imported GUID: 99ac6221b6ecd7b479be13e8b9866300 - Path: Packages/com.unity.render-pipelines.core/Tests/Editor/PathTracing/Shaders/TerrainRayMarchingTest.urtshader - Importer: ScriptedImporter/UnityEditor.QuickSearchModule:UnityEditor.Search:ASIAI0B -> (ImportResultId: '883d15c59b0b160b810e6b7764be5e86') in 0.010690406 seconds
[Worker1] Imported GUID: bd5d01b5acb573241ba5d80705a999f3 - Path: Packages/com.unity.render-pipelines.core/Tests/Editor/RenderPipeline/SettingsStrippingResults/RemoveAStripper_A_B_C.json - Importer: ScriptedImporter/UnityEditor.QuickSearchModule:UnityEditor.Search:ASIAI0B -> (ImportResultId: '16c54ac7f142799e05e1ff0615fa5b21') in 0.009714925 seconds
[Worker2] Imported GUID: 11f45568281574f48aee9ddbe7e80112 - Path: Packages/com.unity.render-pipelines.core/Tests/Editor/RenderPipeline/SettingsStrippingResults/no_strippers_active_A_B_C.json - Importer: ScriptedImporter/UnityEditor.QuickSearchModule:UnityEditor.Search:ASIAI0B -> (ImportResultId: '842cbf7e507666886aba3802bb01140e') in 0.009865796 seconds
[Worker1] Imported GUID: f26b721c3441f704c83451dc3d5769a2 - Path: Packages/com.unity.render-pipelines.core/Tests/Editor/Tools/MaterialUpgrader/MaterialUpgraderMissingShadersTests.cs - Importer: ScriptedImporter/UnityEditor.QuickSearchModule:UnityEditor.Search:ASIAI0B -> (ImportResultId: '0417e6aea7d6bf2b69e457bdb5ffde9a') in 0.009416778 seconds
[Worker0] Imported GUID: a50296725d3e4cf4aa43416a9a85b52c - Path: Packages/com.unity.render-pipelines.core/Tests/Editor/RenderPipeline/SettingsStrippingResults/PrivateCtorAStripper_A_B_C.json - Importer: ScriptedImporter/UnityEditor.QuickSearchModule:UnityEditor.Search:ASIAI0B -> (ImportResultId: 'c65599527847ee433e4d0dd32453d19b') in 0.012553583 seconds
[Worker2] Imported GUID: be1c44158e9907547b5966f847328df5 - Path: Packages/com.unity.render-pipelines.core/Tests/Editor/Tools/MaterialUpgrader/MaterialUpgraderRegistryTests.cs - Importer: ScriptedImporter/UnityEditor.QuickSearchModule:UnityEditor.Search:ASIAI0B -> (ImportResultId: '8b9fc013eb7b27ee6c67193564c5bc81') in 0.010011918 seconds
[Worker1] Imported GUID: edc0bb404a0b82742bb56f3c56b35ff4 - Path: Packages/com.unity.render-pipelines.core/Tests/Editor/ShaderStripping/Results/UI_Default_Sprites_Default_5_0.json - Importer: ScriptedImporter/UnityEditor.QuickSearchModule:UnityEditor.Search:ASIAI0B -> (ImportResultId: 'c6be7ca636b7a8d7ef845b3b018f5659') in 0.010626406 seconds
[Worker0] Imported GUID: dbc864b8cdd37be4e8900a8efad3efc5 - Path: Packages/com.unity.render-pipelines.core/Tests/Editor/RenderPipeline/SettingsStrippingResults/no_strippers_active_no_settings.json - Importer: ScriptedImporter/UnityEditor.QuickSearchModule:UnityEditor.Search:ASIAI0B -> (ImportResultId: '19b3f88186094bb82730c06970f35e36') in 0.012398484 seconds
[Worker2] Imported GUID: bd50e6fa3a61a824782f62c18a5e02c0 - Path: Packages/com.unity.render-pipelines.core/Tests/Editor/Tools/Converter/ConverterItemStateTests.cs - Importer: ScriptedImporter/UnityEditor.QuickSearchModule:UnityEditor.Search:ASIAI0B -> (ImportResultId: '5243710014fa57dca5e1b7ff69f8c44e') in 0.010314233 seconds
[Worker1] Imported GUID: 8b8c0f1406565a1418d701ec762733ee - Path: Packages/com.unity.render-pipelines.core/Tests/Editor/Tools/Converter/ConverterStateTests.cs - Importer: ScriptedImporter/UnityEditor.QuickSearchModule:UnityEditor.Search:ASIAI0B -> (ImportResultId: '29c90de2b332e6f7ebae5213f31dd7a8') in 0.009961294 seconds
[Worker0] Imported GUID: 241278b82c9201f40817c73e0e86a393 - Path: Packages/com.unity.render-pipelines.core/Tests/Editor/RenderPipeline/SettingsStrippingResults/KeepAStripper_RemoveAStripper_A_B_C.json - Importer: ScriptedImporter/UnityEditor.QuickSearchModule:UnityEditor.Search:ASIAI0B -> (ImportResultId: 'd80b94070692a7b5dc967a674825ec6a') in 0.011306466 seconds
[Worker2] Imported GUID: 3ec7596410385054a9e0bc90377fbe63 - Path: Packages/com.unity.test-framework/LICENSE.md - Importer: ScriptedImporter/UnityEditor.QuickSearchModule:UnityEditor.Search:ASIAI0B -> (ImportResultId: '967c2016d1d8a9db6574e14100c33b95') in 0.010059187 seconds
[Worker1] Imported GUID: 1ad53a96b58d3c3488dde4f14db1aaeb - Path: Packages/com.unity.render-pipelines.core/Runtime/UnifiedRayTracing/Compute/RadeonRays/kernels/CopyPositions.compute - Importer: ScriptedImporter/UnityEditor.QuickSearchModule:UnityEditor.Search:ASIAI0B -> (ImportResultId: 'efeac5808d719ee828218b92e13d1805') in 0.010036906 seconds
[Worker0] Imported GUID: 9db19a04003fca7439552acd4de9baa1 - Path: Packages/com.unity.test-framework/UnityEditor.TestRunner/AssemblyInfo.cs - Importer: ScriptedImporter/UnityEditor.QuickSearchModule:UnityEditor.Search:ASIAI0B -> (ImportResultId: 'a4e3234a3ff7df8518f39f6d32bb9e1f') in 0.011092987 seconds
[Worker0] Imported GUID: eea34a28297f9bc4c9f4c573bc8d5d1c - Path: Packages/com.unity.test-framework/UnityEditor.TestRunner/Api/ExecutionSettings.cs - Importer: ScriptedImporter/UnityEditor.QuickSearchModule:UnityEditor.Search:ASIAI0B -> (ImportResultId: '306135191a871372e7832ff45767d88c') in 0.008960586 seconds
[Worker2] Imported GUID: 27619889b8ba8c24980f49ee34dbb44a - Path: Packages/com.unity.test-framework/UnityEngine.TestRunner/UnityEngine.TestRunner.asmdef - Importer: ScriptedImporter/UnityEditor.QuickSearchModule:UnityEditor.Search:ASIAI0B -> (ImportResultId: '0a30822c522df5867169363a5c5647e3') in 0.009919948 seconds
[Worker1] Imported GUID: 85dd7af03f02aea4aae13a3945e3b313 - Path: Packages/com.unity.test-framework/UnityEditor.TestRunner/Api/ITestAdaptor.cs - Importer: ScriptedImporter/UnityEditor.QuickSearchModule:UnityEditor.Search:ASIAI0B -> (ImportResultId: '8015351a8ab2cac75ab55c8ef5fd7f80') in 0.01018958 seconds
[Worker0] Imported GUID: d0663d520c26b7c48a4135599e66acf8 - Path: Packages/com.unity.test-framework/UnityEditor.TestRunner/Api/TestAdaptorFactory.cs - Importer: ScriptedImporter/UnityEditor.QuickSearchModule:UnityEditor.Search:ASIAI0B -> (ImportResultId: '7a5d2dfc3d9625bb74ed1c8d7c35a96c') in 0.01013038 seconds
[Worker1] Imported GUID: 803abab0f7e17044db56f8760186dbd1 - Path: Packages/com.unity.test-framework/UnityEditor.TestRunner/Api/ITestAdaptorFactory.cs - Importer: ScriptedImporter/UnityEditor.QuickSearchModule:UnityEditor.Search:ASIAI0B -> (ImportResultId: '354e6ad2f44c7d53b4714f665c83161d') in 0.010335613 seconds
[Worker2] Imported GUID: 8bb59cb2f66d156418ca1bd1e2703233 - Path: Packages/com.unity.test-framework/UnityEditor.TestRunner/Api/RunState.cs - Importer: ScriptedImporter/UnityEditor.QuickSearchModule:UnityEditor.Search:ASIAI0B -> (ImportResultId: '012a406d96d8a12f63173080dff2a1df') in 0.010985727 seconds
[Worker0] Imported GUID: 4d6d5de35fa45ef4a92119397a045cc9 - Path: Packages/com.unity.render-pipelines.core/Runtime/UnifiedRayTracing/Compute/RadeonRays/kernels/block_scan.compute - Importer: ScriptedImporter/UnityEditor.QuickSearchModule:UnityEditor.Search:ASIAI0B -> (ImportResultId: '6c1bc524dd72615353366a311987b315') in 0.011039637 seconds
[Worker2] Imported GUID: 14e86f88e9a8c9c448d7e7df92f2aeec - Path: Packages/com.unity.modules.physicscore2d/package.ModuleCompilationTrigger - Importer: ScriptedImporter/UnityEditor.QuickSearchModule:UnityEditor.Search:ASIAI0B -> (ImportResultId: '876342f42d896be707cad1a85da2da62') in 0.01114811 seconds
[Worker1] Imported GUID: 8a988affc98dd434aadd71fe6be1061f - Path: Packages/com.unity.render-pipelines.core/Runtime/UnifiedRayTracing/Compute/RadeonRays/kernels/math.hlsl - Importer: ScriptedImporter/UnityEditor.QuickSearchModule:UnityEditor.Search:ASIAI0B -> (ImportResultId: 'a9194e7bff31ea44c959bd66917f5030') in 0.012068348 seconds
[Worker0] Imported GUID: 8f8f74fe8e363da42875d9cab025d3b2 - Path: Packages/com.unity.test-framework/UnityEditor.TestRunner/Api/ICallbacksDelegator.cs - Importer: ScriptedImporter/UnityEditor.QuickSearchModule:UnityEditor.Search:ASIAI0B -> (ImportResultId: 'f461f110749112b0023ee39c5f011485') in 0.009628073 seconds
[Worker2] Imported GUID: 2ae2ce6274819484fa8747a28cebdf3a - Path: Packages/com.unity.test-framework/UnityEditor.TestRunner/Api/ITestRunSettings.cs - Importer: ScriptedImporter/UnityEditor.QuickSearchModule:UnityEditor.Search:ASIAI0B -> (ImportResultId: 'c8b84705b1d519bdae0b9dbf0a428a19') in 0.008768668 seconds
[Worker1] Imported GUID: 29d603e0a726a9043b3503112271844a - Path: Packages/com.unity.test-framework/UnityEditor.TestRunner/Api/ResultsWriter.cs - Importer: ScriptedImporter/UnityEditor.QuickSearchModule:UnityEditor.Search:ASIAI0B -> (ImportResultId: '19673a93de33a15f86c5c8c786999ab8') in 0.008649696 seconds
[Worker2] Imported GUID: 05f92e4a2414cb144a92157752dfa324 - Path: Packages/com.unity.test-framework/UnityEditor.TestRunner/Api/Filter.cs - Importer: ScriptedImporter/UnityEditor.QuickSearchModule:UnityEditor.Search:ASIAI0B -> (ImportResultId: '0bf17fa41aeb3b461123a6c68d4f4401') in 0.009753917 seconds
[Worker1] Imported GUID: d6a2e6e4803de7b43baacdc355fc144d - Path: Packages/com.unity.test-framework/package.json - Importer: ScriptedImporter/UnityEditor.QuickSearchModule:UnityEditor.Search:ASIAI0B -> (ImportResultId: '47541096f130981f73f29bb03fa4232b') in 0.010110974 seconds
[Worker0] Imported GUID: 2d70cd6be91bd7843a39a54b51c15b13 - Path: Packages/com.unity.render-pipelines.core/Runtime/UnifiedRayTracing/Compute/RadeonRays/kernels/build_hlbvh.compute - Importer: ScriptedImporter/UnityEditor.QuickSearchModule:UnityEditor.Search:ASIAI0B -> (ImportResultId: 'ed959883722c918c44575973cb22a9ae') in 0.010765585 seconds
[Worker2] Imported GUID: d691174143fd3774ba63d7c493633b99 - Path: Packages/com.unity.test-framework/CHANGELOG.md - Importer: ScriptedImporter/UnityEditor.QuickSearchModule:UnityEditor.Search:ASIAI0B -> (ImportResultId: 'd1cc9da117f979fb3ad03e603877c49b') in 0.009737998 seconds
[Worker1] Imported GUID: 2b301b727225f1941974d69e61a55620 - Path: Packages/com.unity.test-framework/UnityEditor.TestRunner/TestRunnerWindowSettings.cs - Importer: ScriptedImporter/UnityEditor.QuickSearchModule:UnityEditor.Search:ASIAI0B -> (ImportResultId: 'c544ac2c65c0be34a826c7c15af5dec8') in 0.009509511 seconds
[Worker0] Imported GUID: 3411e19edd44cfd46b548b058c3bc36c - Path: Packages/com.unity.test-framework/UnityEditor.TestRunner/TestBuildAssemblyFilter.cs - Importer: ScriptedImporter/UnityEditor.QuickSearchModule:UnityEditor.Search:ASIAI0B -> (ImportResultId: 'b8c134729229494634f8a63df5598676') in 0.009774285 seconds
[Worker2] Imported GUID: 939b89fc6b924ea2e821fc1be1b09f56 - Path: Packages/com.unity.modules.tetgen/package.json - Importer: ScriptedImporter/UnityEditor.QuickSearchModule:UnityEditor.Search:ASIAI0B -> (ImportResultId: 'e4bb26654f414d1c592334df3c8dca72') in 0.009806155 seconds
[Worker0] Imported GUID: a667f6654ad7a9548b8c8e68b51c8895 - Path: Packages/com.unity.test-framework/UnityEditor.TestRunner/RequireApiProfileAttribute.cs - Importer: ScriptedImporter/UnityEditor.QuickSearchModule:UnityEditor.Search:ASIAI0B -> (ImportResultId: '11884c3d60ce12bcd080d564fbf49a19') in 0.008970295 seconds
[Worker1] Imported GUID: 56641cb88dcb31a4398a4997ef7a7a8c - Path: Packages/com.unity.render-pipelines.core/Runtime/UnifiedRayTracing/Compute/RadeonRays/kernels/restructure_bvh.compute - Importer: ScriptedImporter/UnityEditor.QuickSearchModule:UnityEditor.Search:ASIAI0B -> (ImportResultId: '41e6745abf6fa75a508fd93673dd0d5d') in 0.009749319 seconds
[Worker2] Imported GUID: a2eaeefdac4637a44b734e85b7be9186 - Path: Packages/com.unity.render-pipelines.core/Runtime/UnifiedRayTracing/Compute/RadeonRays/kernels/scatter.compute - Importer: ScriptedImporter/UnityEditor.QuickSearchModule:UnityEditor.Search:ASIAI0B -> (ImportResultId: 'dc7842e775bc548b2d5054871d436965') in 0.01002828 seconds
[Worker0] Imported GUID: 4541f1bb75b10ac4597809e3016f3026 - Path: Packages/com.unity.render-pipelines.core/Runtime/UnifiedRayTracing/Compute/RadeonRays/kernels/bvh2il.hlsl - Importer: ScriptedImporter/UnityEditor.QuickSearchModule:UnityEditor.Search:ASIAI0B -> (ImportResultId: 'fd1df2bab325b3f2d58c29c7339d5eec') in 0.009709705 seconds
[Worker1] Imported GUID: 559482fe33c79e44882d3a6cedc55fb5 - Path: Packages/com.unity.test-framework/UnityEditor.TestRunner/TestResultSerializer.cs - Importer: ScriptedImporter/UnityEditor.QuickSearchModule:UnityEditor.Search:ASIAI0B -> (ImportResultId: 'c1edf09a3e55b0dbec5f1f9dbe6318db') in 0.009950895 seconds
[Worker2] Imported GUID: 4e034cc8ea2635c4e9f063e5ddc7ea7a - Path: Packages/com.unity.render-pipelines.core/Runtime/UnifiedRayTracing/Compute/RadeonRays/kernels/block_reduce_part.compute - Importer: ScriptedImporter/UnityEditor.QuickSearchModule:UnityEditor.Search:ASIAI0B -> (ImportResultId: 'd1f73cf10e0de6d3ddaa2ebdb634a530') in 0.010838322 seconds
[Worker0] Imported GUID: f20cb86c2d6c414d9ff78df5fc04cd1d - Path: Packages/com.unity.render-pipelines.core/Runtime/UnifiedRayTracing/Compute/RadeonRays/kernels/intersect_structures.hlsl - Importer: ScriptedImporter/UnityEditor.QuickSearchModule:UnityEditor.Search:ASIAI0B -> (ImportResultId: '95f8fc519677e3cd7153cde1e1cebb22') in 0.010701095 seconds
[Worker1] Imported GUID: 93eea84e53d0226479c9a584f19427b5 - Path: Packages/com.unity.test-framework/UnityEditor.TestRunner/Api/ICallbacks.cs - Importer: ScriptedImporter/UnityEditor.QuickSearchModule:UnityEditor.Search:ASIAI0B -> (ImportResultId: 'fdaeec0fd5c7097182924cbbf7220041') in 0.009908436 seconds
[Worker0] Imported GUID: 1a06c562b0c5eb046bcb876a29f93c98 - Path: Packages/com.unity.test-framework/UnityEditor.TestRunner/Api/IErrorCallbacks.cs - Importer: ScriptedImporter/UnityEditor.QuickSearchModule:UnityEditor.Search:ASIAI0B -> (ImportResultId: '558429153277a0ba2cd6364957423c2a') in 0.013888215 seconds
[Worker1] Imported GUID: b5930dbc378b45d406aeb881f06b6dfa - Path: Packages/com.unity.modules.physicscore2d/package.json - Importer: ScriptedImporter/UnityEditor.QuickSearchModule:UnityEditor.Search:ASIAI0B -> (ImportResultId: 'ee0436506d9782abd40c3375357e210d') in 0.013719159 seconds
[Worker2] Imported GUID: 4dfcd3a631f61d248b7cc0b845d40345 - Path: Packages/com.unity.test-framework/UnityEditor.TestRunner/TestRunnerWindow.cs - Importer: ScriptedImporter/UnityEditor.QuickSearchModule:UnityEditor.Search:ASIAI0B -> (ImportResultId: '7f2e20b736e6c6cac405e1d46ab8607b') in 0.014104428 seconds
[Worker1] Imported GUID: 8670f7ce4b60cef43bed36148aa1b0a2 - Path: Packages/com.unity.render-pipelines.core/Runtime/UnifiedRayTracing/Compute/RadeonRays/kernels/bit_histogram.compute - Importer: ScriptedImporter/UnityEditor.QuickSearchModule:UnityEditor.Search:ASIAI0B -> (ImportResultId: '406b4269a0f7c2d76de2a3bcbad06be9') in 0.012685609 seconds
[Worker2] Imported GUID: 4230e406313f1db43a4b548e7a3ad2e2 - Path: Packages/com.unity.test-framework/UnityEditor.TestRunner/Api/ITestTreeRebuildCallbacks.cs - Importer: ScriptedImporter/UnityEditor.QuickSearchModule:UnityEditor.Search:ASIAI0B -> (ImportResultId: '114eeadd4e6e19bb029880430b2e5f6c') in 0.012449489 seconds
[Worker0] Imported GUID: 76757b5514dd6404dafc9fbe2566522d - Path: Packages/com.unity.render-pipelines.core/Runtime/UnifiedRayTracing/Compute/RadeonRays/kernels/triangle_mesh.hlsl - Importer: ScriptedImporter/UnityEditor.QuickSearchModule:UnityEditor.Search:ASIAI0B -> (ImportResultId: 'e60ca29f1bd9effdf3230b1308e85473') in 0.013093441 seconds
[Worker2] Imported GUID: d742f2caefd9f934d9f19dad07a08e6f - Path: Packages/com.unity.test-framework/UnityEditor.TestRunner/Api/ICallbacksHolder.cs - Importer: ScriptedImporter/UnityEditor.QuickSearchModule:UnityEditor.Search:ASIAI0B -> (ImportResultId: 'b69a0af62efc8bc5cebdcc71299ee322') in 0.011514854 seconds
[Worker1] Imported GUID: a7842a837a4b13e41ae16193db753418 - Path: Packages/com.unity.test-framework/UnityEditor.TestRunner/Api/ITestRunnerApi.cs - Importer: ScriptedImporter/UnityEditor.QuickSearchModule:UnityEditor.Search:ASIAI0B -> (ImportResultId: '75122b5a856e1cb3e86b30d104bbe5eb') in 0.011690192 seconds
[Worker0] Imported GUID: cad095eccea17b741bc4cd264e7441cd - Path: Packages/com.unity.test-framework/UnityEditor.TestRunner/Api/TestMode.cs - Importer: ScriptedImporter/UnityEditor.QuickSearchModule:UnityEditor.Search:ASIAI0B -> (ImportResultId: '502f0c5ce936318487dd19aca6b3354e') in 0.011321724 seconds
[Worker2] Imported GUID: 4f90cfe4bf5cfb44f84a5b11387f2a42 - Path: Packages/com.unity.test-framework/UnityEditor.TestRunner/Api/ITestResultAdaptor.cs - Importer: ScriptedImporter/UnityEditor.QuickSearchModule:UnityEditor.Search:ASIAI0B -> (ImportResultId: '3ff5a37ce3f83982dd9037638e299dc4') in 0.01161986 seconds
[Worker0] Imported GUID: 1d3d4991676b46b4dbcffa10bf77e786 - Path: Packages/com.unity.render-pipelines.core/Runtime/UnifiedRayTracing/Compute/RadeonRays/kernels/intersector_common.hlsl - Importer: ScriptedImporter/UnityEditor.QuickSearchModule:UnityEditor.Search:ASIAI0B -> (ImportResultId: 'a10c61031c8ad72188db4c5db765519f') in 0.011457458 seconds
[Worker1] Imported GUID: 4bf139fc5e9d9240edc107e25d67d398 - Path: Packages/com.unity.modules.tetgen/package.ModuleCompilationTrigger - Importer: ScriptedImporter/UnityEditor.QuickSearchModule:UnityEditor.Search:ASIAI0B -> (ImportResultId: 'aef106841567f5497dd11502008b1933') in 0.011715368 seconds
[Worker0] Imported GUID: 6e0e62db88935c74288c97c907243bd0 - Path: Packages/com.unity.test-framework/UnityEditor.TestRunner/Api/TestAdaptor.cs - Importer: ScriptedImporter/UnityEditor.QuickSearchModule:UnityEditor.Search:ASIAI0B -> (ImportResultId: 'e7aab55948f42c50bcfa62e5d1a67200') in 0.012078847 seconds
[Worker2] Imported GUID: 0acc523941302664db1f4e527237feb3 - Path: Packages/com.unity.test-framework/UnityEditor.TestRunner/UnityEditor.TestRunner.asmdef - Importer: ScriptedImporter/UnityEditor.QuickSearchModule:UnityEditor.Search:ASIAI0B -> (ImportResultId: 'd3646fa70cfef5bdabed878b7ace2036') in 0.012361785 seconds
[Worker1] Imported GUID: 0de03ebd74e2b474fa23d05ab42d0cd8 - Path: Packages/com.unity.test-framework/UnityEditor.TestRunner/Api/CallbacksDelegator.cs - Importer: ScriptedImporter/UnityEditor.QuickSearchModule:UnityEditor.Search:ASIAI0B -> (ImportResultId: '30127b41600d02f4107a35b090a59b5c') in 0.012132207 seconds
[Worker2] Imported GUID: cc22cc13b69c1094c85e176c008b9ef8 - Path: Packages/com.unity.test-framework/UnityEngine.TestRunner/AssemblyInfo.cs - Importer: ScriptedImporter/UnityEditor.QuickSearchModule:UnityEditor.Search:ASIAI0B -> (ImportResultId: 'ae8d750615f9fcce48f43d89f20262d2') in 0.010983693 seconds
[Worker0] Imported GUID: 7b4dd253adea58d49a8347c5bcc08904 - Path: Packages/com.unity.render-pipelines.core/Runtime/UnifiedRayTracing/Compute/RadeonRays/kernels/transform.hlsl - Importer: ScriptedImporter/UnityEditor.QuickSearchModule:UnityEditor.Search:ASIAI0B -> (ImportResultId: 'dcae4e2a7b47a8c8404d4e00b540e84c') in 0.011176072 seconds
[Worker1] Imported GUID: a785dd14005a471483d6732fabeee0ea - Path: Packages/com.unity.test-framework/UnityEditor.TestRunner/Api/IgnoreTest.cs - Importer: ScriptedImporter/UnityEditor.QuickSearchModule:UnityEditor.Search:ASIAI0B -> (ImportResultId: 'f8eda0836f8596824bd5127972fc3bff') in 0.0108268 seconds
[Worker0] Imported GUID: 4884ccc3528cb2e40a0e6f0a19a2b35b - Path: Packages/com.unity.test-framework/UnityEditor.TestRunner/Api/CallbacksHolder.cs - Importer: ScriptedImporter/UnityEditor.QuickSearchModule:UnityEditor.Search:ASIAI0B -> (ImportResultId: '6d4d594b34df9e23efb4618f9ab16138') in 0.010888274 seconds
[Worker2] Imported GUID: 6065e50fcb17cf247938a4f5ed300176 - Path: Packages/com.unity.render-pipelines.core/Runtime/UnifiedRayTracing/Compute/RadeonRays/kernels/aabb.hlsl - Importer: ScriptedImporter/UnityEditor.QuickSearchModule:UnityEditor.Search:ASIAI0B -> (ImportResultId: 'f24e3bca0ec4780eea9daaca35a18a88') in 0.011160774 seconds
[Worker1] Imported GUID: d2146428d3f1ad54eb7326c9a44b3284 - Path: Packages/com.unity.test-framework/UnityEditor.TestRunner/RequirePlatformSupportAttribute.cs - Importer: ScriptedImporter/UnityEditor.QuickSearchModule:UnityEditor.Search:ASIAI0B -> (ImportResultId: 'dd640be2c238f6113d472cd593eb41a5') in 0.010910626 seconds
GLX Extensions: GLX_ARB_context_flush_control GLX_ARB_create_context GLX_ARB_create_context_no_error GLX_ARB_create_context_profile GLX_ARB_create_context_robustness GLX_ARB_fbconfig_float GLX_ARB_framebuffer_sRGB GLX_ARB_get_proc_address GLX_ARB_multisample GLX_EXT_buffer_age GLX_EXT_create_context_es2_profile GLX_EXT_create_context_es_profile GLX_EXT_fbconfig_packed_float GLX_EXT_framebuffer_sRGB GLX_EXT_no_config_context GLX_EXT_swap_control GLX_EXT_swap_control_tear GLX_EXT_texture_from_pixmap GLX_EXT_visual_info GLX_EXT_visual_rating GLX_MESA_copy_sub_buffer GLX_MESA_gl_interop GLX_MESA_query_renderer GLX_MESA_swap_control GLX_OML_sync_control GLX_SGIS_multisample GLX_SGIX_fbconfig GLX_SGIX_pbuffer GLX_SGIX_visual_select_group GLX_SGI_make_current_read GLX_SGI_video_sync 
[Worker0] Imported GUID: 1ebc1994f9a3d5649a1201d3a84b38df - Path: Packages/com.unity.test-framework/UnityEditor.TestRunner/TestRunner/EditorEnumeratorTestWorkItem.cs - Importer: ScriptedImporter/UnityEditor.QuickSearchModule:UnityEditor.Search:ASIAI0B -> (ImportResultId: 'b47f8794b6a7b7b51cebc7b3fe427dd4') in 0.012896653 seconds
[Worker1] Imported GUID: 9ec94545c5b00344c9bd8e691f15d799 - Path: Packages/com.unity.test-framework/UnityEditor.TestRunner/Api/TestStatus.cs - Importer: ScriptedImporter/UnityEditor.QuickSearchModule:UnityEditor.Search:ASIAI0B -> (ImportResultId: '140290b2bd0b18b4ae69ab231c57f198') in 0.012941538 seconds
[Worker2] Imported GUID: fd57cf917f61bbb42b8f030436426ddd - Path: Packages/com.unity.test-framework/UnityEditor.TestRunner/GUI/IGuiHelper.cs - Importer: ScriptedImporter/UnityEditor.QuickSearchModule:UnityEditor.Search:ASIAI0B -> (ImportResultId: 'fe09467f95b90ba025beba20355ff496') in 0.013148263 seconds
[Worker2] Imported GUID: c1cba6f3ed484514097080a3bb835958 - Path: Packages/com.unity.test-framework/UnityEditor.TestRunner/TestLaunchers/PlayerLauncherTestRunSettings.cs - Importer: ScriptedImporter/UnityEditor.QuickSearchModule:UnityEditor.Search:ASIAI0B -> (ImportResultId: '633bcc0af0c74e4065f1fb804da0c246') in 0.012169757 seconds
[Worker0] Imported GUID: c3a75354f6ceac94ca15ca9d96593290 - Path: Packages/com.unity.test-framework/UnityEditor.TestRunner/CommandLineTest/ExecutionSettings.cs - Importer: ScriptedImporter/UnityEditor.QuickSearchModule:UnityEditor.Search:ASIAI0B -> (ImportResultId: '5c4458f53fddc044f4583ce366ca975e') in 0.012582658 seconds
[Worker1] Imported GUID: 0b677ddfd54046c498a20446baa4f932 - Path: Packages/com.unity.test-framework/UnityEditor.TestRunner/TestRun/TestJobRunner.cs - Importer: ScriptedImporter/UnityEditor.QuickSearchModule:UnityEditor.Search:ASIAI0B -> (ImportResultId: '3ea361df723d3ff5f702b50c9df11a89') in 0.013183499 seconds
[Worker1] Imported GUID: 78776d25d6504b16a629856dba391764 - Path: Packages/com.unity.test-framework/UnityEditor.TestRunner/UnityTestProtocol/DeterministicGuid.cs - Importer: ScriptedImporter/UnityEditor.QuickSearchModule:UnityEditor.Search:ASIAI0B -> (ImportResultId: '469c2c665382fff23d5543ae593ea6d4') in 0.01285142 seconds
[Worker0] Imported GUID: 68993ba529ae04440916cb7c23bf3279 - Path: Packages/com.unity.test-framework/UnityEditor.TestRunner/Api/TestRunnerApi.cs - Importer: ScriptedImporter/UnityEditor.QuickSearchModule:UnityEditor.Search:ASIAI0B -> (ImportResultId: '85700ff8b5483eab1ae32e2c039c81cd') in 0.013603173 seconds
[Worker2] Imported GUID: 6965880f76f40194593cb53a88f74005 - Path: Packages/com.unity.test-framework/UnityEditor.TestRunner/TestLaunchers/PlayerLauncherContextSettings.cs - Importer: ScriptedImporter/UnityEditor.QuickSearchModule:UnityEditor.Search:ASIAI0B -> (ImportResultId: '88b31c92dbc6064fce9f9d955bfb8cb4') in 0.013560573 seconds
[Worker1] Imported GUID: d061ada5d3169454daf54243390b5fdb - Path: Packages/com.unity.test-framework/UnityEditor.TestRunner/Api/TestResultAdaptor.cs - Importer: ScriptedImporter/UnityEditor.QuickSearchModule:UnityEditor.Search:ASIAI0B -> (ImportResultId: '70dce4e37761804329f0210531770ea8') in 0.01394467 seconds
[Worker2] Imported GUID: 317f06562c344e22991ba4117cf7b71c - Path: Packages/com.unity.test-framework/UnityEditor.TestRunner/CommandLineTest/TestState.cs - Importer: ScriptedImporter/UnityEditor.QuickSearchModule:UnityEditor.Search:ASIAI0B -> (ImportResultId: '4610595defd9c621a004a15fe76882de') in 0.013482678 seconds
[Worker0] Imported GUID: 0efb23ecb373b6d4bbe5217485785138 - Path: Packages/com.unity.test-framework/UnityEditor.TestRunner/TestLaunchers/RuntimeTestLauncherBase.cs - Importer: ScriptedImporter/UnityEditor.QuickSearchModule:UnityEditor.Search:ASIAI0B -> (ImportResultId: 'b154a8a5135ff05fc5015a407f608fa3') in 0.013852688 seconds
[Worker1] Imported GUID: d56e34a052c646e39a3317c404303e5f - Path: Packages/com.unity.test-framework/UnityEditor.TestRunner/CommandLineTest/IRunData.cs - Importer: ScriptedImporter/UnityEditor.QuickSearchModule:UnityEditor.Search:ASIAI0B -> (ImportResultId: 'a560ab394cc800432e2ccda1dd47f7c3') in 0.012450891 seconds
[Worker2] Imported GUID: 8d20eedbe40f0ce41a4c4f633f225de8 - Path: Packages/com.unity.test-framework/UnityEditor.TestRunner/CommandLineTest/LogSavingCallbacks.cs - Importer: ScriptedImporter/UnityEditor.QuickSearchModule:UnityEditor.Search:ASIAI0B -> (ImportResultId: 'ca407a574f273df957ee6e9b948fb6f8') in 0.012298457 seconds
[Worker0] Imported GUID: 416b65350c010294db54ceca7fd02072 - Path: Packages/com.unity.test-framework/UnityEditor.TestRunner/TestRun/RequiredTestRunDataMissingException.cs - Importer: ScriptedImporter/UnityEditor.QuickSearchModule:UnityEditor.Search:ASIAI0B -> (ImportResultId: 'e6f9dd42f30f760d6eeb6cb7c853e6b4') in 0.012131456 seconds
[Worker1] Imported GUID: edd2a1fe1acbbde43aad39862bb3f4a8 - Path: Packages/com.unity.test-framework/UnityEditor.TestRunner/TestLaunchers/RemotePlayerLogController.cs - Importer: ScriptedImporter/UnityEditor.QuickSearchModule:UnityEditor.Search:ASIAI0B -> (ImportResultId: '7ff43609aba47c168c21304a2312876a') in 0.011865369 seconds
[Worker2] Imported GUID: b7468a027a77337478e133b40b42b4f9 - Path: Packages/com.unity.test-framework/UnityEditor.TestRunner/CommandLineTest/SettingsBuilder.cs - Importer: ScriptedImporter/UnityEditor.QuickSearchModule:UnityEditor.Search:ASIAI0B -> (ImportResultId: '290633f4550c812e2c4b5834d60124ec') in 0.01186593 seconds
[Worker0] Imported GUID: 208e46d59ff6e304db0318377d20f5a1 - Path: Packages/com.unity.test-framework/UnityEditor.TestRunner/GUI/IAssetsDatabaseHelper.cs - Importer: ScriptedImporter/UnityEditor.QuickSearchModule:UnityEditor.Search:ASIAI0B -> (ImportResultId: '0b1e70c4c5e608e7123735b66de1f9b0') in 0.012238255 seconds
[Worker1] Imported GUID: d973fc1524e4d724081553934c55958c - Path: Packages/com.unity.test-framework/UnityEditor.TestRunner/TestLaunchers/PlayerLauncher.cs - Importer: ScriptedImporter/UnityEditor.QuickSearchModule:UnityEditor.Search:ASIAI0B -> (ImportResultId: '6598d41b9b5ad7dd0f8892ffd960d373') in 0.012541811 seconds
[Worker0] Imported GUID: 7dc341f3ffc346738912e0ae5aa6c7e4 - Path: Packages/com.unity.test-framework/UnityEditor.TestRunner/UnityTestProtocol/TesRunDataHolder.cs - Importer: ScriptedImporter/UnityEditor.QuickSearchModule:UnityEditor.Search:ASIAI0B -> (ImportResultId: '5b47bd98e326850fb9a1ad943b80b5c0') in 0.012546069 seconds
[Worker2] Imported GUID: 05778dd1de4433d418793b6f3d3c18cf - Path: Packages/com.unity.test-framework/UnityEditor.TestRunner/CommandLineTest/LogWriter.cs - Importer: ScriptedImporter/UnityEditor.QuickSearchModule:UnityEditor.Search:ASIAI0B -> (ImportResultId: '021a634fb81d0b0c9b41c854fadc3dc2') in 0.014479939 seconds
[Worker0] Imported GUID: 7d36034e63ad8254b9b2f55280fcc040 - Path: Packages/com.unity.test-framework/UnityEditor.TestRunner/TestLaunchers/RemotePlayerTestController.cs - Importer: ScriptedImporter/UnityEditor.QuickSearchModule:UnityEditor.Search:ASIAI0B -> (ImportResultId: '20b21b4a5e879a015b1dd3f6545b255d') in 0.010218946 seconds
[Worker1] Imported GUID: 740b3785866edda4b8d1e1a05570a5f8 - Path: Packages/com.unity.test-framework/UnityEditor.TestRunner/GUI/AssetsDatabaseHelper.cs - Importer: ScriptedImporter/UnityEditor.QuickSearchModule:UnityEditor.Search:ASIAI0B -> (ImportResultId: '9248c064704f8251c88abf721ff5757a') in 0.010388442 seconds
[Worker2] Imported GUID: 0fc9f45e5db884c07b28ac7207622a4b - Path: Packages/com.unity.test-framework/UnityEditor.TestRunner/UnityTestProtocol/TestRunData.cs - Importer: ScriptedImporter/UnityEditor.QuickSearchModule:UnityEditor.Search:ASIAI0B -> (ImportResultId: '501f452f39a4616df5da265c656257e2') in 0.009741454 seconds
[Worker2] Imported GUID: f445ca0c614a846449fcd8ae648c24e2 - Path: Packages/com.unity.test-framework/UnityEditor.TestRunner/CommandLineParser/ICommandLineOption.cs - Importer: ScriptedImporter/UnityEditor.QuickSearchModule:UnityEditor.Search:ASIAI0B -> (ImportResultId: 'dbc74ab59fba3ff8ea2c27c7caa74886') in 0.009944332 seconds
[Worker1] Imported GUID: 241a47157da9420aaafa8cda2afd41a0 - Path: Packages/com.unity.test-framework/UnityEditor.TestRunner/TestRun/WaitForPlayerRunTask.cs - Importer: ScriptedImporter/UnityEditor.QuickSearchModule:UnityEditor.Search:ASIAI0B -> (ImportResultId: '3ad45f98d26153079413e8af65190f0a') in 0.010439768 seconds
[Worker0] Imported GUID: 2011a59d3f76b3d4a85cb53f945fceee - Path: Packages/com.unity.test-framework/UnityEditor.TestRunner/UnityTestProtocol/TestRunnerApiMapper.cs - Importer: ScriptedImporter/UnityEditor.QuickSearchModule:UnityEditor.Search:ASIAI0B -> (ImportResultId: '2f7fd4e2d48e772767cddc5155f8a9a3') in 0.010781295 seconds
[Worker1] Imported GUID: 1d45b9d3cf85bee4f99c1492fca8438a - Path: Packages/com.unity.test-framework/UnityEditor.TestRunner/TestRun/TestRunCanceledException.cs - Importer: ScriptedImporter/UnityEditor.QuickSearchModule:UnityEditor.Search:ASIAI0B -> (ImportResultId: '2ff11ebe8108f265c2dc8662968e2a23') in 0.01003348 seconds
[Worker2] Imported GUID: 3dde15f260b0dd1469e60d16eaa795dc - Path: Packages/com.unity.test-framework/UnityEditor.TestRunner/TestRunner/EditmodeWorkItemFactory.cs - Importer: ScriptedImporter/UnityEditor.QuickSearchModule:UnityEditor.Search:ASIAI0B -> (ImportResultId: 'ddce171ee981992364024371e1000042') in 0.010161829 seconds
[Worker0] Imported GUID: 83eda34b7da01e04aa894f268158b0c0 - Path: Packages/com.unity.test-framework/UnityEditor.TestRunner/TestSettings/ITestSettings.cs - Importer: ScriptedImporter/UnityEditor.QuickSearchModule:UnityEditor.Search:ASIAI0B -> (ImportResultId: '4fcf57026728db486c5fad305f480ee5') in 0.010418979 seconds
[Worker0] Imported GUID: b1516a46a16d458e8debc6b459b107ea - Path: Packages/com.unity.test-framework/UnityEditor.TestRunner/TestRun/TaskList.cs - Importer: ScriptedImporter/UnityEditor.QuickSearchModule:UnityEditor.Search:ASIAI0B -> (ImportResultId: '69a2d461a4b2161f1b98f4ffa4b79640') in 0.009588078 seconds
[Worker2] Imported GUID: 15f870c6975ad6449b5b52514b90dc2b - Path: Packages/com.unity.test-framework/UnityEditor.TestRunner/GUI/TestRunnerUIFilter.cs - Importer: ScriptedImporter/UnityEditor.QuickSearchModule:UnityEditor.Search:ASIAI0B -> (ImportResultId: 'c7b7681582e49b16aef93e4bb5082d5b') in 0.010168611 seconds
[Worker1] Imported GUID: 8a13cbeb2099aca47bb456f49845f86c - Path: Packages/com.unity.test-framework/UnityEditor.TestRunner/CommandLineTest/ISettingsBuilder.cs - Importer: ScriptedImporter/UnityEditor.QuickSearchModule:UnityEditor.Search:ASIAI0B -> (ImportResultId: 'fb2783ae3f61ae8b18a7b2bbc3c80582') in 0.010860112 seconds
[Worker0] Imported GUID: 6d16f2e78a356d34c9a32108929de932 - Path: Packages/com.unity.test-framework/UnityEditor.TestRunner/TestRunner/EditModePCHelper.cs - Importer: ScriptedImporter/UnityEditor.QuickSearchModule:UnityEditor.Search:ASIAI0B -> (ImportResultId: '92b586f933b9c2d94df8e6206c566fff') in 0.010327889 seconds
[Worker2] Imported GUID: 8069e1fc631e461ababf11f19a9c0df3 - Path: Packages/com.unity.test-framework/UnityEditor.TestRunner/GUI/UITestRunnerFilter.cs - Importer: ScriptedImporter/UnityEditor.QuickSearchModule:UnityEditor.Search:ASIAI0B -> (ImportResultId: 'f0eb1e3a572337f46e8fd1ed2f009957') in 0.009995117 seconds
[Worker1] Imported GUID: c9219e99d466b7741a057132d1994f35 - Path: Packages/com.unity.test-framework/UnityEditor.TestRunner/TestRunner/EditModeRunner.cs - Importer: ScriptedImporter/UnityEditor.QuickSearchModule:UnityEditor.Search:ASIAI0B -> (ImportResultId: 'f8f6c6a67ebd119efbd8785f231a7860') in 0.009940386 seconds
[Worker0] Imported GUID: 8a06b6fbaa6f4191aa47b7e31242f061 - Path: Packages/com.unity.test-framework/UnityEditor.TestRunner/Api/TestRunProgress.cs - Importer: ScriptedImporter/UnityEditor.QuickSearchModule:UnityEditor.Search:ASIAI0B -> (ImportResultId: '1ced7d4c86a6b7c7bd274e05fc29d99e') in 0.010074876 seconds
[Worker2] Imported GUID: d0138170d24533e47b8e6c250c6d7fbc - Path: Packages/com.unity.test-framework/UnityEditor.TestRunner/GUI/GuiHelper.cs - Importer: ScriptedImporter/UnityEditor.QuickSearchModule:UnityEditor.Search:ASIAI0B -> (ImportResultId: 'b0857946abd97342265edf2ac024438e') in 0.009802669 seconds
[Worker1] Imported GUID: ef563c5a6ecf64d4193dc144cb7d472a - Path: Packages/com.unity.test-framework/UnityEditor.TestRunner/CommandLineTest/ResultsSavingCallbacks.cs - Importer: ScriptedImporter/UnityEditor.QuickSearchModule:UnityEditor.Search:ASIAI0B -> (ImportResultId: '81729e7e627c0fc28ed64057138c2bdf') in 0.009902936 seconds
[Worker0] Imported GUID: a3529368f4cd0424a89aa51080a16b06 - Path: Packages/com.unity.test-framework/UnityEditor.TestRunner/CommandLineParser/CommandLineOption.cs - Importer: ScriptedImporter/UnityEditor.QuickSearchModule:UnityEditor.Search:ASIAI0B -> (ImportResultId: 'f56324534b856dc4a29a0b9678b3ac7f') in 0.010069276 seconds
[Worker2] Imported GUID: 5a0dfda606a24736913c00edd76e55f6 - Path: Packages/com.unity.test-framework/UnityEditor.TestRunner/GUI/TestRunnerGUI.cs - Importer: ScriptedImporter/UnityEditor.QuickSearchModule:UnityEditor.Search:ASIAI0B -> (ImportResultId: '590af72ead330578ebf8cfeeec187f6a') in 0.009750992 seconds
[Worker1] Imported GUID: a582090813554df479fb9ca03e9857d3 - Path: Packages/com.unity.test-framework/UnityEditor.TestRunner/TestLaunchers/EditModeLauncherContextSettings.cs - Importer: ScriptedImporter/UnityEditor.QuickSearchModule:UnityEditor.Search:ASIAI0B -> (ImportResultId: '36651db18ab7ef4fd238b7b41729339d') in 0.009844296 seconds
[Worker2] Imported GUID: d3217d58bbd1d2b4aaee933e2e8b9195 - Path: Packages/com.unity.test-framework/UnityEditor.TestRunner/TestLaunchers/PlaymodeLauncher.cs - Importer: ScriptedImporter/UnityEditor.QuickSearchModule:UnityEditor.Search:ASIAI0B -> (ImportResultId: '425a8a4312da157d5597b95cd7f67d1e') in 0.010811231 seconds
[Worker0] Imported GUID: 083c6a3a5426382449369ddc12b691d8 - Path: Packages/com.unity.test-framework/UnityEditor.TestRunner/CommandLineTest/Executer.cs - Importer: ScriptedImporter/UnityEditor.QuickSearchModule:UnityEditor.Search:ASIAI0B -> (ImportResultId: '2ef69336dd845b3f7dcd1631e248eb1a') in 0.010955691 seconds
[Worker1] Imported GUID: 1cddf785b0d07434d8e0607c97b09135 - Path: Packages/com.unity.test-framework/UnityEditor.TestRunner/TestLaunchers/TestLauncherBase.cs - Importer: ScriptedImporter/UnityEditor.QuickSearchModule:UnityEditor.Search:ASIAI0B -> (ImportResultId: 'e83ca615a62db834374ffa2938408d2d') in 0.011347261 seconds
[Worker0] Imported GUID: 75e7d7a9a57458841a85fe42d9c9141f - Path: Packages/com.unity.test-framework/UnityEditor.TestRunner/TestSettings/TestSettingsDeserializer.cs - Importer: ScriptedImporter/UnityEditor.QuickSearchModule:UnityEditor.Search:ASIAI0B -> (ImportResultId: 'a137197017581030a4e74406582ffef8') in 0.013218124 seconds
EditorHelper: Unable to use the external script editor. Trying the internal script editor now.
Opening Default Application[Worker2] Imported GUID: 124533853216377448d786fd7c725701 - Path: Packages/com.unity.test-framework/UnityEditor.TestRunner/NUnitExtension/TestRunnerStateSerializer.cs - Importer: ScriptedImporter/UnityEditor.QuickSearchModule:UnityEditor.Search:ASIAI0B -> (ImportResultId: 'd4536960907e688010b4eac8fb65954e') in 0.014023107 seconds
[Worker1] Imported GUID: 3297738ef11b478a8b7ee802953ae768 - Path: Packages/com.unity.test-framework/UnityEditor.TestRunner/CommandLineTest/IExecuter.cs - Importer: ScriptedImporter/UnityEditor.QuickSearchModule:UnityEditor.Search:ASIAI0B -> (ImportResultId: '3c43b74f2ac6ba5c65922068e849931c') in 0.013942827 seconds
[Worker0] Imported GUID: 4d616d1a494edd144b262cf6cd5e5fda - Path: Packages/com.unity.test-framework/UnityEditor.TestRunner/CommandLineTest/TestStarter.cs - Importer: ScriptedImporter/UnityEditor.QuickSearchModule:UnityEditor.Search:ASIAI0B -> (ImportResultId: '1c0722b59a251840b8cf8ce7b663ad95') in 0.011740154 seconds
[Worker2] Imported GUID: a04a45bbed9e1714f9902fc9443669b9 - Path: Packages/com.unity.test-framework/UnityEditor.TestRunner/GUI/TestRunnerResult.cs - Importer: ScriptedImporter/UnityEditor.QuickSearchModule:UnityEditor.Search:ASIAI0B -> (ImportResultId: '5fd7240e642a13dfb6388c9af98e06c9') in 0.011822499 seconds
[Worker0] Imported GUID: 3f8c1075884df0249b80e23a0598f9c1 - Path: Packages/com.unity.test-framework/UnityEditor.TestRunner/CommandLineTest/RunData.cs - Importer: ScriptedImporter/UnityEditor.QuickSearchModule:UnityEditor.Search:ASIAI0B -> (ImportResultId: '623dca2014c4e1612872cf8985e00cff') in 0.011775431 seconds
[Worker1] Imported GUID: 8173ba5b162e4e5882521d173c36acec - Path: Packages/com.unity.test-framework/UnityEditor.TestRunner/TestRun/ITestJobRunner.cs - Importer: ScriptedImporter/UnityEditor.QuickSearchModule:UnityEditor.Search:ASIAI0B -> (ImportResultId: '004613649a617be8443e4f26ba765ed6') in 0.011717543 seconds
[Worker1] Imported GUID: 952b3dc7b47846947b37c8d3ae46579a - Path: Packages/com.unity.test-framework/UnityEditor.TestRunner/UnityTestProtocol/IUtpMessageReporter.cs - Importer: ScriptedImporter/UnityEditor.QuickSearchModule:UnityEditor.Search:ASIAI0B -> (ImportResultId: '778bf564d42d4c3918c91bf9285d6cfd') in 0.01032303 seconds
[Worker2] Imported GUID: 63572993f2104574099a48392460b211 - Path: Packages/com.unity.test-framework/UnityEditor.TestRunner/CommandLineTest/SetupException.cs - Importer: ScriptedImporter/UnityEditor.QuickSearchModule:UnityEditor.Search:ASIAI0B -> (ImportResultId: '2ec3653a5aa165ea007558711ef83d11') in 0.010907621 seconds
[Worker0] Imported GUID: 6de79ae237e51554da96fd28f68b66a6 - Path: Packages/com.unity.test-framework/UnityEditor.TestRunner/UnityTestProtocol/ITestRunnerApiMapper.cs - Importer: ScriptedImporter/UnityEditor.QuickSearchModule:UnityEditor.Search:ASIAI0B -> (ImportResultId: 'e8dd74be6209da9f44d840e8419b6df6') in 0.011312176 seconds
[Worker2] Imported GUID: 7d0a7ea6062a4f42bcea6cb642817537 - Path: Packages/com.unity.test-framework/UnityEditor.TestRunner/TestRun/ITestJobDataHolder.cs - Importer: ScriptedImporter/UnityEditor.QuickSearchModule:UnityEditor.Search:ASIAI0B -> (ImportResultId: 'db850bf3f122646e26a465e81928a0ef') in 0.010893284 seconds
[Worker0] Imported GUID: 901b761c5c1e22d4e8a3ba7d95bc1f5d - Path: Packages/com.unity.test-framework/UnityEditor.TestRunner/TestRunner/EnumeratorStepHelper.cs - Importer: ScriptedImporter/UnityEditor.QuickSearchModule:UnityEditor.Search:ASIAI0B -> (ImportResultId: '8e6f41c49405c9e256fb3a6c308c1465') in 0.010325895 seconds
[Worker1] Imported GUID: 43db38ca7188900429bf8be95ebbe197 - Path: Packages/com.unity.test-framework/UnityEditor.TestRunner/CommandLineTest/RunStateCallbacks.cs - Importer: ScriptedImporter/UnityEditor.QuickSearchModule:UnityEditor.Search:ASIAI0B -> (ImportResultId: 'd7312cfbc5b18aea3561c2a3ca1616c8') in 0.011056058 seconds
[Worker2] Imported GUID: 59d3f5586b341a74c84c8f72144a4568 - Path: Packages/com.unity.test-framework/UnityEditor.TestRunner/CommandLineTest/RunSettings.cs - Importer: ScriptedImporter/UnityEditor.QuickSearchModule:UnityEditor.Search:ASIAI0B -> (ImportResultId: 'bde8fea374802282952d3eaf10193f99') in 0.010765215 seconds
[Worker0] Imported GUID: 612b00d793cac3c49808ab3ee5428f16 - Path: Packages/com.unity.test-framework/UnityEditor.TestRunner/TestRun/TestJobDataHolder.cs - Importer: ScriptedImporter/UnityEditor.QuickSearchModule:UnityEditor.Search:ASIAI0B -> (ImportResultId: 'facd38043aadaad94b8d4f19b06ef0c8') in 0.010710853 seconds
[Worker1] Imported GUID: 6b32b6725087a0d4bb1670818d26996e - Path: Packages/com.unity.test-framework/UnityEditor.TestRunner/TestSettings/TestSettings.cs - Importer: ScriptedImporter/UnityEditor.QuickSearchModule:UnityEditor.Search:ASIAI0B -> (ImportResultId: 'a8ef15a31106eee0afda28cfb584d788') in 0.011758699 seconds
[Worker2] Imported GUID: 9014630255533ed42915965b4065cde8 - Path: Packages/com.unity.test-framework/UnityEditor.TestRunner/UnityTestProtocol/IUtpLogger.cs - Importer: ScriptedImporter/UnityEditor.QuickSearchModule:UnityEditor.Search:ASIAI0B -> (ImportResultId: '7a0f9c0629b067e3dff1797c72337bda') in 0.010932397 seconds
[Worker0] Imported GUID: 139c5eac101a4dc4fb3098e30c29f15e - Path: Packages/com.unity.test-framework/UnityEditor.TestRunner/CommandLineParser/CommandLineOptionSet.cs - Importer: ScriptedImporter/UnityEditor.QuickSearchModule:UnityEditor.Search:ASIAI0B -> (ImportResultId: '6778d70180ed0a6d4944ccd7e4c8cd5b') in 0.010733175 seconds
[Worker1] Imported GUID: d208a1684f8aa6a40ad91d6aa9600c14 - Path: Packages/com.unity.test-framework/UnityEditor.TestRunner/TestSettings/ITestSettingsDeserializer.cs - Importer: ScriptedImporter/UnityEditor.QuickSearchModule:UnityEditor.Search:ASIAI0B -> (ImportResultId: '57e866d600bc8a0f290ea6709dc0a12d') in 0.012933373 seconds
[Worker1] Imported GUID: 4f939b9e23a0946439b812551e07ac81 - Path: Packages/com.unity.test-framework/UnityEngine.TestRunner/NUnitExtensions/ActionDelegator.cs - Importer: ScriptedImporter/UnityEditor.QuickSearchModule:UnityEditor.Search:ASIAI0B -> (ImportResultId: 'ca827f662921b55dec6863447a4e54ba') in 0.010894467 seconds
[Worker2] Imported GUID: 621fd19bcb071b64aa1d68f0271aa780 - Path: Packages/com.unity.test-framework/UnityEngine.TestRunner/Utils/PostBuildCleanupAttribute.cs - Importer: ScriptedImporter/UnityEditor.QuickSearchModule:UnityEditor.Search:ASIAI0B -> (ImportResultId: '77020b587f9350f70a826e719c6ebd01') in 0.012201215 seconds
[Worker0] Imported GUID: 68a48d1900320ed458e118415857faf6 - Path: Packages/com.unity.test-framework/UnityEngine.TestRunner/Assertions/ConstraintsExtensions.cs - Importer: ScriptedImporter/UnityEditor.QuickSearchModule:UnityEditor.Search:ASIAI0B -> (ImportResultId: '26def62b24d6b55322b3df38d9cec9ff') in 0.012928303 seconds
[Worker2] Imported GUID: 58ad09607a0d62d458a78d7174665566 - Path: Packages/com.unity.test-framework/UnityEngine.TestRunner/Utils/Vector2EqualityComparer.cs - Importer: ScriptedImporter/UnityEditor.QuickSearchModule:UnityEditor.Search:ASIAI0B -> (ImportResultId: 'e7b82e0a267a5078d551ae361224a298') in 0.011160844 seconds
[Worker1] Imported GUID: 6a3af79041a1431ab3a2a9395a7ed2ae - Path: Packages/com.unity.test-framework/UnityEngine.TestRunner/NUnitExtensions/OrderedTestSuiteModifier.cs - Importer: ScriptedImporter/UnityEditor.QuickSearchModule:UnityEditor.Search:ASIAI0B -> (ImportResultId: 'c5e5920252c4f174b034f0ae8e7b83c7') in 0.012200524 seconds
[Worker0] Imported GUID: ff67c526455160f4690a44f74dee4cbe - Path: Packages/com.unity.test-framework/UnityEngine.TestRunner/Utils/IPostBuildCleanup.cs - Importer: ScriptedImporter/UnityEditor.QuickSearchModule:UnityEditor.Search:ASIAI0B -> (ImportResultId: '9b2b90d42dab4ccbaaf28f21508c5957') in 0.010861395 seconds
[Worker2] Imported GUID: d6105bc8cf5ce544487daca4cbc62583 - Path: Packages/com.unity.test-framework/UnityEngine.TestRunner/Utils/ColorEqualityComparer.cs - Importer: ScriptedImporter/UnityEditor.QuickSearchModule:UnityEditor.Search:ASIAI0B -> (ImportResultId: '1b56eeab80a6c6dfb2eca432cc85f4bb') in 0.012020939 seconds
[Worker1] Imported GUID: 37cea569bfefafe49a1513c4d7f0e9eb - Path: Packages/com.unity.test-framework/UnityEngine.TestRunner/NUnitExtensions/BaseDelegator.cs - Importer: ScriptedImporter/UnityEditor.QuickSearchModule:UnityEditor.Search:ASIAI0B -> (ImportResultId: '3c9e282cccc1a2c76eee4ff0eca2fac5') in 0.011719577 seconds
[Worker0] Imported GUID: d0abdd8cb6b29a24c8ee19626ef741b9 - Path: Packages/com.unity.test-framework/UnityEditor.TestRunner/UnityTestProtocol/UtpDebuglogger.cs - Importer: ScriptedImporter/UnityEditor.QuickSearchModule:UnityEditor.Search:ASIAI0B -> (ImportResultId: '4e90db86deac9b78b4ba88dbf155958c') in 0.011882822 seconds
[Worker0] Imported GUID: 9650d910fcaefb34cb45f121c1993892 - Path: Packages/com.unity.test-framework/UnityEngine.TestRunner/Assertions/InvalidSignatureException.cs - Importer: ScriptedImporter/UnityEditor.QuickSearchModule:UnityEditor.Search:ASIAI0B -> (ImportResultId: '39969340875421bd4bcc10da2817aaae') in 0.010397328 seconds
[Worker2] Imported GUID: 2fcdb9402e0a4427bd5bd01f71ecf6d5 - Path: Packages/com.unity.test-framework/UnityEngine.TestRunner/Assertions/OutOfOrderExpectedLogMessageException.cs - Importer: ScriptedImporter/UnityEditor.QuickSearchModule:UnityEditor.Search:ASIAI0B -> (ImportResultId: 'c7ce121a457b7a80af3411a8706bd47c') in 0.010921136 seconds
[Worker1] Imported GUID: b9aec9d3b0a86466ab4647d01e8fc87d - Path: Packages/com.unity.test-framework/UnityEngine.TestRunner/TestRunner/SynchronousFilter.cs - Importer: ScriptedImporter/UnityEditor.QuickSearchModule:UnityEditor.Search:ASIAI0B -> (ImportResultId: '63590419aee371dbbff6a1942fcd548d') in 0.011854068 seconds
[Worker2] Imported GUID: 4c006cc4132f4e2d8b3e7208af3e208c - Path: Packages/com.unity.test-framework/UnityEngine.TestRunner/NUnitExtensions/ITestSuiteModifier.cs - Importer: ScriptedImporter/UnityEditor.QuickSearchModule:UnityEditor.Search:ASIAI0B -> (ImportResultId: 'afbeec33e50158dcdab600f60003fcb6') in 0.010101185 seconds
[Worker0] Imported GUID: 1dd36da2e4e5540d5b2e44fc928a9d50 - Path: Packages/com.unity.test-framework/UnityEngine.TestRunner/Utils/IPostbuildCleanupWithTestData.cs - Importer: ScriptedImporter/UnityEditor.QuickSearchModule:UnityEditor.Search:ASIAI0B -> (ImportResultId: '26193534bfced015e5b93b835099aaf1') in 0.010329552 seconds
[Worker1] Imported GUID: 5aec7938f118041779fb739b38477100 - Path: Packages/com.unity.test-framework/UnityEngine.TestRunner/TestRunner/TestTaskWrapper.cs - Importer: ScriptedImporter/UnityEditor.QuickSearchModule:UnityEditor.Search:ASIAI0B -> (ImportResultId: 'db9c8c8f6830108acc31b34f445ca54b') in 0.009636818 seconds
[Worker1] Imported GUID: d09858396dd7adb4bbdb22ea0c8c3a37 - Path: Packages/com.unity.test-framework/UnityEngine.TestRunner/Assertions/AllocatingGCMemoryConstraint.cs - Importer: ScriptedImporter/UnityEditor.QuickSearchModule:UnityEditor.Search:ASIAI0B -> (ImportResultId: '6dc40311ffa30a45252b32a214a966af') in 0.010607871 seconds
[Worker0] Imported GUID: 1c15a1275ff24d1092facf3f75065ab6 - Path: Packages/com.unity.test-framework/UnityEngine.TestRunner/UnityTestProtocol/MessageForRetryRepeat.cs - Importer: ScriptedImporter/UnityEditor.QuickSearchModule:UnityEditor.Search:ASIAI0B -> (ImportResultId: 'a0a4a95dbbe2e9f1e31d8db953a9a5c2') in 0.010820939 seconds
[Worker2] Imported GUID: d1b534518943030499685344fd1d476d - Path: Packages/com.unity.test-framework/UnityEngine.TestRunner/TestRunner/ITestRunnerListener.cs - Importer: ScriptedImporter/UnityEditor.QuickSearchModule:UnityEditor.Search:ASIAI0B -> (ImportResultId: '91770523df145895218947a2f0d96749') in 0.011062811 seconds
[Worker1] Imported GUID: acc16f0c684508f44813662a300c574b - Path: Packages/com.unity.test-framework/UnityEngine.TestRunner/Utils/IPrebuildSetup.cs - Importer: ScriptedImporter/UnityEditor.QuickSearchModule:UnityEditor.Search:ASIAI0B -> (ImportResultId: '14e5d83d96e076fe6877c5f77d4abbbc') in 0.010534996 seconds
[Worker2] Imported GUID: 9ad0b0c865b01af4ca1b414689e71259 - Path: Packages/com.unity.test-framework/UnityEngine.TestRunner/TestRunner/TestEnumeratorWrapper.cs - Importer: ScriptedImporter/UnityEditor.QuickSearchModule:UnityEditor.Search:ASIAI0B -> (ImportResultId: '8ecba1f813758803554773e3a45840b8') in 0.010173471 seconds
[Worker0] Imported GUID: 2799eb4c84e72e54092a292cf626936b - Path: Packages/com.unity.test-framework/UnityEngine.TestRunner/TestRunner/PlaymodeTestsControllerSettings.cs - Importer: ScriptedImporter/UnityEditor.QuickSearchModule:UnityEditor.Search:ASIAI0B -> (ImportResultId: 'b7ac0087e3e91180ac557a0ed55303c7') in 0.010844843 seconds
[Worker1] Imported GUID: 24a158219395ebf44a60547b97784ddc - Path: Packages/com.unity.test-framework/UnityEngine.TestRunner/Utils/CoroutineRunner.cs - Importer: ScriptedImporter/UnityEditor.QuickSearchModule:UnityEditor.Search:ASIAI0B -> (ImportResultId: '10a08f2dc8631a6d711ccd8145ae0f69') in 0.010827471 seconds
[Worker2] Imported GUID: 5f875a14565308a40a5262d2504da705 - Path: Packages/com.unity.test-framework/UnityEngine.TestRunner/NUnitExtensions/IStateSerializer.cs - Importer: ScriptedImporter/UnityEditor.QuickSearchModule:UnityEditor.Search:ASIAI0B -> (ImportResultId: '97e1435aeb82d03005ab36e4a0987915') in 0.010634742 seconds
[Worker0] Imported GUID: 8bc74398aa3944646ade4ee78cd57484 - Path: Packages/com.unity.test-framework/UnityEngine.TestRunner/NUnitExtensions/TestExtensions.cs - Importer: ScriptedImporter/UnityEditor.QuickSearchModule:UnityEditor.Search:ASIAI0B -> (ImportResultId: 'b9d72c10c0a4911433ba0314cdbc96b5') in 0.010722315 seconds
[Worker1] Imported GUID: 65701ebe8bada6b4785e9c7afe7f5bee - Path: Packages/com.unity.test-framework/UnityEngine.TestRunner/Utils/Vector2ComparerWithEqualsOperator.cs - Importer: ScriptedImporter/UnityEditor.QuickSearchModule:UnityEditor.Search:ASIAI0B -> (ImportResultId: '8086ec781deb7662f8c137d201f03e07') in 0.00972856 seconds
[Worker0] Imported GUID: ebcc5f899d9277642868aeda9a17cbaf - Path: Packages/com.unity.test-framework/UnityEditor.TestRunner/UnityTestProtocol/UtpMessageReporter.cs - Importer: ScriptedImporter/UnityEditor.QuickSearchModule:UnityEditor.Search:ASIAI0B -> (ImportResultId: '32187be24e0fe787294e83fe30ca197a') in 0.009776539 seconds
[Worker2] Imported GUID: 26d207ea119f34117a1dc1a439e285e3 - Path: Packages/com.unity.test-framework/UnityEngine.TestRunner/Utils/PrebuildSetupWithTestDataAttribute.cs - Importer: ScriptedImporter/UnityEditor.QuickSearchModule:UnityEditor.Search:ASIAI0B -> (ImportResultId: '8a61fd510e22aea826258e65889b4e29') in 0.010800831 seconds
[Worker0] Imported GUID: ae8ce3ffe04ac2c42945fd27e0291fc3 - Path: Packages/com.unity.test-framework/UnityEngine.TestRunner/Utils/AttributeHelper.cs - Importer: ScriptedImporter/UnityEditor.QuickSearchModule:UnityEditor.Search:ASIAI0B -> (ImportResultId: '08edbca4d36f39da40bfdb82ca33dc6b') in 0.010066671 seconds
[Worker1] Imported GUID: 5b2eeca598284bd4abb4a15c30df1576 - Path: Packages/com.unity.test-framework/UnityEngine.TestRunner/Assertions/UnexpectedLogMessageException.cs - Importer: ScriptedImporter/UnityEditor.QuickSearchModule:UnityEditor.Search:ASIAI0B -> (ImportResultId: '52cf8ac0a0968f85bf2252007510254f') in 0.010258991 seconds
[Worker2] Imported GUID: 76b3a3296de548f48b0c3d088fb4b490 - Path: Packages/com.unity.test-framework/UnityEngine.TestRunner/Utils/TestRunCallbackAttribute.cs - Importer: ScriptedImporter/UnityEditor.QuickSearchModule:UnityEditor.Search:ASIAI0B -> (ImportResultId: '1f40060815d03afc85886635ff1f4b1b') in 0.010363265 seconds
[Worker2] Imported GUID: ffb335140c799c4408411d81789fb05c - Path: Packages/com.unity.test-framework/UnityEngine.TestRunner/Assertions/UnityTestTimeoutException.cs - Importer: ScriptedImporter/UnityEditor.QuickSearchModule:UnityEditor.Search:ASIAI0B -> (ImportResultId: 'd2cb7716edab7f61456f4d8482743ca8') in 0.010007 seconds
[Worker1] Imported GUID: c3aa5c3d59b94854e843f10b75b3ad63 - Path: Packages/com.unity.test-framework/UnityEngine.TestRunner/NUnitExtensions/IAsyncTestAssemblyBuilder.cs - Importer: ScriptedImporter/UnityEditor.QuickSearchModule:UnityEditor.Search:ASIAI0B -> (ImportResultId: '11c9c75605246e906f916498bcc9f90e') in 0.010766327 seconds
[Worker0] Imported GUID: 65fb6da362a78334ab360a125cfafdaf - Path: Packages/com.unity.test-framework/UnityEngine.TestRunner/NUnitExtensions/TestResultExtensions.cs - Importer: ScriptedImporter/UnityEditor.QuickSearchModule:UnityEditor.Search:ASIAI0B -> (ImportResultId: '84b3d8cdae4b0db07ddab7181692f36f') in 0.010941123 seconds
[Worker0] Imported GUID: 9502550ba4785e3499d6c9251fa2114b - Path: Packages/com.unity.test-framework/UnityEngine.TestRunner/Utils/Utils.cs - Importer: ScriptedImporter/UnityEditor.QuickSearchModule:UnityEditor.Search:ASIAI0B -> (ImportResultId: 'be260fa66c26d798be9046f1e11dfa65') in 0.010138425 seconds
[Worker2] Imported GUID: d1b7ce919aa8864409412e809073cf96 - Path: Packages/com.unity.test-framework/UnityEngine.TestRunner/Utils/PrebuildSetupAttribute.cs - Importer: ScriptedImporter/UnityEditor.QuickSearchModule:UnityEditor.Search:ASIAI0B -> (ImportResultId: '792f6e9c609a917106784c056f5bf279') in 0.010527231 seconds
[Worker1] Imported GUID: 73deb9b8722aa284eab27c4dc90956c6 - Path: Packages/com.unity.test-framework/UnityEngine.TestRunner/TestRunner/TestListenerWrapper.cs - Importer: ScriptedImporter/UnityEditor.QuickSearchModule:UnityEditor.Search:ASIAI0B -> (ImportResultId: '838058174a0389fadcbbb69e3b6fae2e') in 0.011079542 seconds
[Worker2] Imported GUID: 6d5833966abeadb429de247e4316eef4 - Path: Packages/com.unity.test-framework/UnityEngine.TestRunner/Assertions/Is.cs - Importer: ScriptedImporter/UnityEditor.QuickSearchModule:UnityEditor.Search:ASIAI0B -> (ImportResultId: 'f543c2ee4d765de398b5f1272107f461') in 0.009958379 seconds
[Worker0] Imported GUID: 900aac3710bc14542a8d164e3f0ff820 - Path: Packages/com.unity.test-framework/UnityEditor.TestRunner/UnityTestProtocol/UnityTestProtocolListener.cs - Importer: ScriptedImporter/UnityEditor.QuickSearchModule:UnityEditor.Search:ASIAI0B -> (ImportResultId: '9f0321d6cd72926edaf8bf387afb9a9d') in 0.010111485 seconds
[Worker1] Imported GUID: 38d0b8a87b967304da08a2ae9b955066 - Path: Packages/com.unity.test-framework/UnityEngine.TestRunner/Utils/ITestRunCallback.cs - Importer: ScriptedImporter/UnityEditor.QuickSearchModule:UnityEditor.Search:ASIAI0B -> (ImportResultId: '450823483f3b72ca16684cf36cc02254') in 0.010098701 seconds
[Worker2] Imported GUID: 98ba0396e4b4ee8498a8f097affcfddf - Path: Packages/com.unity.test-framework/UnityEngine.TestRunner/NUnitExtensions/UnityTestAssemblyBuilder.cs - Importer: ScriptedImporter/UnityEditor.QuickSearchModule:UnityEditor.Search:ASIAI0B -> (ImportResultId: 'eb5b0762a2f2087980488ac25f0289b9') in 0.010434929 seconds
[Worker0] Imported GUID: b42e1db66fe9c634798674cb9e1df2ca - Path: Packages/com.unity.test-framework/UnityEngine.TestRunner/NUnitExtensions/ConstructDelegator.cs - Importer: ScriptedImporter/UnityEditor.QuickSearchModule:UnityEditor.Search:ASIAI0B -> (ImportResultId: '508c5dad0e9034fa7c6bf5334d915f80') in 0.010252368 seconds
[Worker1] Imported GUID: 319fe8cda376431bb7987d94f916819b - Path: Packages/com.unity.test-framework/UnityEditor.TestRunner/UnityTestProtocol/UtpMessageBuilder.cs - Importer: ScriptedImporter/UnityEditor.QuickSearchModule:UnityEditor.Search:ASIAI0B -> (ImportResultId: 'df06dc5bb996ef24a365897dbaa029ae') in 0.010874188 seconds
[Worker2] Imported GUID: af5042802f06c804c8abddd544b77a4a - Path: Packages/com.unity.test-framework/UnityEngine.TestRunner/Utils/FloatEqualityComparer.cs - Importer: ScriptedImporter/UnityEditor.QuickSearchModule:UnityEditor.Search:ASIAI0B -> (ImportResultId: 'c215e82d03a91905302406e2e62b7ee2') in 0.010929242 seconds
[Worker0] Imported GUID: b9c2a6302985d3846b7b9f6fd9e2da9a - Path: Packages/com.unity.test-framework/UnityEngine.TestRunner/Utils/IOuterUnityTestAction.cs - Importer: ScriptedImporter/UnityEditor.QuickSearchModule:UnityEditor.Search:ASIAI0B -> (ImportResultId: 'c342531277fb21601bee328265a2c5dc') in 0.010737153 seconds
[Worker1] Imported GUID: 102e512f651ee834f951a2516c1ea3b8 - Path: Packages/com.unity.test-framework/UnityEngine.TestRunner/TestRunner/PlaymodeTestsController.cs - Importer: ScriptedImporter/UnityEditor.QuickSearchModule:UnityEditor.Search:ASIAI0B -> (ImportResultId: 'f4efa07441138caa2f743f03505e01eb') in 0.011314751 seconds
[Worker2] Imported GUID: a025ba7ee40d0104db8d08b1d9eabb0d - Path: Packages/com.unity.test-framework/UnityEngine.TestRunner/TestRunner/RuntimeTestRunnerFilter.cs - Importer: ScriptedImporter/UnityEditor.QuickSearchModule:UnityEditor.Search:ASIAI0B -> (ImportResultId: 'b86c0a201a32c23174f8833ecf988ddf') in 0.010836839 seconds
[Worker0] Imported GUID: 2cc8cb8ea0b84a54b6caf6601d63ece6 - Path: Packages/com.unity.test-framework/UnityEngine.TestRunner/UnityTestProtocol/TestFinishMessage.cs - Importer: ScriptedImporter/UnityEditor.QuickSearchModule:UnityEditor.Search:ASIAI0B -> (ImportResultId: 'f7ef138791bcd1b12a8521d546c8baa2') in 0.010654669 seconds
[Worker1] Imported GUID: c3a9378562b345c4ac08e605d35c0d93 - Path: Packages/com.unity.test-framework/UnityEngine.TestRunner/UnityTestProtocol/TestState.cs - Importer: ScriptedImporter/UnityEditor.QuickSearchModule:UnityEditor.Search:ASIAI0B -> (ImportResultId: 'accd69114f8867242fd7f398286071aa') in 0.009760129 seconds
[Worker2] Imported GUID: 77f432980bb30084299a138e15c6f571 - Path: Packages/com.unity.test-framework/UnityEditor.TestRunner/UnityTestProtocol/TestState.cs - Importer: ScriptedImporter/UnityEditor.QuickSearchModule:UnityEditor.Search:ASIAI0B -> (ImportResultId: '78c779a69a7330100777726f7a27c05c') in 0.010764293 seconds
[Worker0] Imported GUID: fc748d99f1f0d484a811a566fc7915ec - Path: Packages/com.unity.test-framework/UnityEngine.TestRunner/Utils/StacktraceFilter.cs - Importer: ScriptedImporter/UnityEditor.QuickSearchModule:UnityEditor.Search:ASIAI0B -> (ImportResultId: 'dd5afe5963f5741e08866a6b0b663dda') in 0.01108967 seconds
[Worker1] Imported GUID: 68f09f0f82599b5448579854e622a4c1 - Path: Packages/com.unity.test-framework/UnityEngine.TestRunner/Utils/TestRunCallbackListener.cs - Importer: ScriptedImporter/UnityEditor.QuickSearchModule:UnityEditor.Search:ASIAI0B -> (ImportResultId: 'd01e83de25535e14d935facc9a92e086') in 0.01197855 seconds
[Worker0] Imported GUID: c97b794b51780d349a16826a4c7898d7 - Path: Packages/com.unity.test-framework/UnityEngine.TestRunner/Assertions/LogAssert.cs - Importer: ScriptedImporter/UnityEditor.QuickSearchModule:UnityEditor.Search:ASIAI0B -> (ImportResultId: 'cb992dc683196b05b392224db0ce19ad') in 0.013347605 seconds
[Worker2] Imported GUID: 58082d6ef6fd84b288e832c55741961e - Path: Packages/com.unity.test-framework/UnityEngine.TestRunner/Utils/IPrebuildSetupWithTestData.cs - Importer: ScriptedImporter/UnityEditor.QuickSearchModule:UnityEditor.Search:ASIAI0B -> (ImportResultId: '8896d71811610e2a2d02f8194413ac57') in 0.013954158 seconds
[Worker1] Imported GUID: d1bd8de22dbd64d6ea3e35a46217cb9b - Path: Packages/com.unity.test-framework/UnityEngine.TestRunner/Utils/TestMode.cs - Importer: ScriptedImporter/UnityEditor.QuickSearchModule:UnityEditor.Search:ASIAI0B -> (ImportResultId: '580f2b32d8101a03310fac99c800d60a') in 0.016255794 seconds
[Worker2] Imported GUID: e64067e4f2ec4e818dba53b3d31847b8 - Path: Packages/com.unity.test-framework/UnityEngine.TestRunner/UnityTestProtocol/DeterministicGuid.cs - Importer: ScriptedImporter/UnityEditor.QuickSearchModule:UnityEditor.Search:ASIAI0B -> (ImportResultId: '78ef34662f18eba570e3c11a94017206') in 0.013418828 seconds
[Worker0] Imported GUID: 1ac58cb55fc8daf4abd3945a2bbbb0c5 - Path: Packages/com.unity.test-framework/UnityEditor.TestRunner/UnityTestProtocol/UnityTestProtocolStarter.cs - Importer: ScriptedImporter/UnityEditor.QuickSearchModule:UnityEditor.Search:ASIAI0B -> (ImportResultId: '613d60bd093c72919ab9643192ca51ef') in 0.016220468 seconds
[Worker1] Imported GUID: 4bd2bc28ff24d5c488844851cb785db0 - Path: Packages/com.unity.test-framework/UnityEngine.TestRunner/Utils/Vector3EqualityComparer.cs - Importer: ScriptedImporter/UnityEditor.QuickSearchModule:UnityEditor.Search:ASIAI0B -> (ImportResultId: '5ddcf683ec1af60ce62eebd25638a315') in 0.014241314 seconds
[Worker1] Imported GUID: e440d63dae5d049ca83c823c9f246b17 - Path: Packages/com.unity.test-framework/UnityEngine.TestRunner/Utils/PostBuildCleanupWithTestDataAttribute.cs - Importer: ScriptedImporter/UnityEditor.QuickSearchModule:UnityEditor.Search:ASIAI0B -> (ImportResultId: '7b1a4191393d82a22c7f306228e6bd8d') in 0.013034241 seconds
[Worker0] Imported GUID: 743879b4db4bc1a4b829aae4386f4acf - Path: Packages/com.unity.test-framework/UnityEngine.TestRunner/TestRunner/TestPlatform.cs - Importer: ScriptedImporter/UnityEditor.QuickSearchModule:UnityEditor.Search:ASIAI0B -> (ImportResultId: 'c666d1791bea947c91c6a1d97693bdba') in 0.014947732 seconds
[Worker2] Imported GUID: 3b28913f21577de429da928d6d05219f - Path: Packages/com.unity.test-framework/UnityEngine.TestRunner/Utils/QuaternionEqualityComparer.cs - Importer: ScriptedImporter/UnityEditor.QuickSearchModule:UnityEditor.Search:ASIAI0B -> (ImportResultId: 'a03de61dd5b9858bca4ba3e5039abf39') in 0.017736107 seconds
[Worker1] Imported GUID: a8ed4063f2beecd41a234a582202f3c4 - Path: Packages/com.unity.test-framework/UnityEngine.TestRunner/Assertions/UnhandledLogMessageException.cs - Importer: ScriptedImporter/UnityEditor.QuickSearchModule:UnityEditor.Search:ASIAI0B -> (ImportResultId: 'c4c96ecb86f439d6857847e097a85f67') in 0.012518328 seconds
[Worker0] Imported GUID: db9a20ff62f649c7b64172ebec68370c - Path: Packages/com.unity.test-framework/UnityEngine.TestRunner/UnityTestProtocol/TestStartedMessage.cs - Importer: ScriptedImporter/UnityEditor.QuickSearchModule:UnityEditor.Search:ASIAI0B -> (ImportResultId: '127d97d7c0de3a409f0f5ee9efdc14cb') in 0.012529499 seconds
[Worker2] Imported GUID: 5b994928117e3db418da69c821da7e19 - Path: Packages/com.unity.test-framework/UnityEngine.TestRunner/Utils/Vector3ComparerWithEqualsOperator.cs - Importer: ScriptedImporter/UnityEditor.QuickSearchModule:UnityEditor.Search:ASIAI0B -> (ImportResultId: '0a50baf2cd21d084fc1af9e51d7e5d34') in 0.012819891 seconds
[Worker1] Imported GUID: 72ae18093c05147e4a680b41d4cd9e6f - Path: Packages/com.unity.test-framework/UnityEngine.TestRunner/Utils/TestData.cs - Importer: ScriptedImporter/UnityEditor.QuickSearchModule:UnityEditor.Search:ASIAI0B -> (ImportResultId: 'fef26f97e0c7dfc92175bb6db65acfe8') in 0.010996868 seconds
[Worker0] Imported GUID: 32da81683c22faf458026716a2b821aa - Path: Packages/com.unity.test-framework/UnityEngine.TestRunner/Utils/Vector4EqualityComparer.cs - Importer: ScriptedImporter/UnityEditor.QuickSearchModule:UnityEditor.Search:ASIAI0B -> (ImportResultId: '2320848d13a9bf8f8006604f22695e98') in 0.011368532 seconds
[Worker2] Imported GUID: 44100f5f60f351348b9719b46d46cebe - Path: Packages/com.unity.test-framework/UnityEngine.TestRunner/Utils/Vector4ComparerWithEqualsOperator.cs - Importer: ScriptedImporter/UnityEditor.QuickSearchModule:UnityEditor.Search:ASIAI0B -> (ImportResultId: 'ac9ad0e47fef7335d3de49542af7e6c2') in 0.01160896 seconds
[Worker2] Imported GUID: f8f9b43d4e034c2d997f4eb6a0d85a96 - Path: Packages/com.unity.test-framework/UnityEditor.TestRunner/GUI/Controls/SelectionDropDown.cs - Importer: ScriptedImporter/UnityEditor.QuickSearchModule:UnityEditor.Search:ASIAI0B -> (ImportResultId: 'a01e0f879a05efa41e73d2cb7db605ad') in 0.010905527 seconds
[Worker1] Imported GUID: 24a5f331fec74c9aa9e1e5d74b5a9589 - Path: Packages/com.unity.test-framework/UnityEditor.TestRunner/GUI/Controls/BitUtility.cs - Importer: ScriptedImporter/UnityEditor.QuickSearchModule:UnityEditor.Search:ASIAI0B -> (ImportResultId: '0a8226c017bdd20325aeed05922f05f9') in 0.010881462 seconds
[Worker0] Imported GUID: c2247a4dfeae4607949780b219a7d3c8 - Path: Packages/com.unity.test-framework/UnityEditor.TestRunner/GUI/Controls/ISelectionDropDownContentProvider.cs - Importer: ScriptedImporter/UnityEditor.QuickSearchModule:UnityEditor.Search:ASIAI0B -> (ImportResultId: 'f00b9efe1c9ebc2ce83791f4c64ccf65') in 0.010881101 seconds
[Worker1] Imported GUID: e17c88b021c2a4c409b3f15b0d80ac62 - Path: Packages/com.unity.test-framework/UnityEditor.TestRunner/GUI/TestListBuilder/TestTreeViewBuilder.cs - Importer: ScriptedImporter/UnityEditor.QuickSearchModule:UnityEditor.Search:ASIAI0B -> (ImportResultId: 'f354655765db4de4804837d00dbe320a') in 0.009483763 seconds
[Worker2] Imported GUID: dc781c79a6ac490f817bb70a01490d5c - Path: Packages/com.unity.test-framework/UnityEditor.TestRunner/Api/Analytics/RunFinishedData.cs - Importer: ScriptedImporter/UnityEditor.QuickSearchModule:UnityEditor.Search:ASIAI0B -> (ImportResultId: '7e56e8c539708852522c746a3ebff449') in 0.009240519 seconds
[Worker0] Imported GUID: f03c073fcc564ab582ac38999beb4b6d - Path: Packages/com.unity.test-framework/UnityEditor.TestRunner/GUI/TestAssets/CustomScriptAssemblyMappingFinder.cs - Importer: ScriptedImporter/UnityEditor.QuickSearchModule:UnityEditor.Search:ASIAI0B -> (ImportResultId: '1d77f4fedffa3b4f93c622e0084cbee8') in 0.009326379 seconds
[Worker1] Imported GUID: e7f72702c2f04b999739380ef9c0de5f - Path: Packages/com.unity.test-framework/UnityEditor.TestRunner/GUI/TestAssets/ITestScriptAssetsCreator.cs - Importer: ScriptedImporter/UnityEditor.QuickSearchModule:UnityEditor.Search:ASIAI0B -> (ImportResultId: 'd59e6711f0dc4b369c159475c1a290d7') in 0.009051546 seconds
[Worker0] Imported GUID: 0cd0deb81d984e58952ccd7e1dd6b2bb - Path: Packages/com.unity.test-framework/UnityEditor.TestRunner/GUI/TestAssets/ICustomScriptAssemblyMappingFinder.cs - Importer: ScriptedImporter/UnityEditor.QuickSearchModule:UnityEditor.Search:ASIAI0B -> (ImportResultId: 'ff8034c3405d9129519de6ed8c7207db') in 0.008754602 seconds
[Worker2] Imported GUID: f5e82966bb8646269e2e46b6ddf2d89f - Path: Packages/com.unity.test-framework/UnityEditor.TestRunner/Api/Analytics/AnalyticsTestCallback.cs - Importer: ScriptedImporter/UnityEditor.QuickSearchModule:UnityEditor.Search:ASIAI0B -> (ImportResultId: 'a58703ff049a1499ae44bf2be50b93e3') in 0.009226503 seconds
[Worker1] Imported GUID: d31403ec6b334194bdeb4c5ebad64097 - Path: Packages/com.unity.test-framework/UnityEditor.TestRunner/GUI/Controls/FlagEnumContentProvider.cs - Importer: ScriptedImporter/UnityEditor.QuickSearchModule:UnityEditor.Search:ASIAI0B -> (ImportResultId: 'ccb8dddffba89bf6ae73f5e795b07b7d') in 0.009286194 seconds
[Worker0] Imported GUID: f7d5e5417ccd4aa0bfa39228c674f142 - Path: Packages/com.unity.test-framework/UnityEditor.TestRunner/GUI/Controls/SelectableItemContent.cs - Importer: ScriptedImporter/UnityEditor.QuickSearchModule:UnityEditor.Search:ASIAI0B -> (ImportResultId: '45a4742018e28cf843add4aa3833cbeb') in 0.009076823 seconds
[Worker2] Imported GUID: 3c702cb84a2a4576bf275a76bc17f8e8 - Path: Packages/com.unity.test-framework/UnityEditor.TestRunner/GUI/TestAssets/TestScriptAssetMenuItems.cs - Importer: ScriptedImporter/UnityEditor.QuickSearchModule:UnityEditor.Search:ASIAI0B -> (ImportResultId: '9c6e4bf0655c58a6d4948799ed2d7926') in 0.009186327 seconds
[Worker1] Imported GUID: 1bace19a170f47bb8d19645cfc580796 - Path: Packages/com.unity.test-framework/UnityEditor.TestRunner/GUI/TestAssets/TestScriptAssetsCreator.cs - Importer: ScriptedImporter/UnityEditor.QuickSearchModule:UnityEditor.Search:ASIAI0B -> (ImportResultId: 'b85ace9a38e8a60d479a50e00bb48500') in 0.009466631 seconds
[Worker0] Imported GUID: 32829ea9e75c475295f73ff867e2f9d0 - Path: Packages/com.unity.test-framework/UnityEditor.TestRunner/GUI/TestAssets/ICustomScriptAssembly.cs - Importer: ScriptedImporter/UnityEditor.QuickSearchModule:UnityEditor.Search:ASIAI0B -> (ImportResultId: '3eef621140c044d975bf83a247b2615f') in 0.009231412 seconds
[Worker2] Imported GUID: f47c66e80010e4020b6803b930eb432c - Path: Packages/com.unity.test-framework/UnityEditor.TestRunner/GUI/TestAssets/ActiveFolderTemplateAssetCreator.cs - Importer: ScriptedImporter/UnityEditor.QuickSearchModule:UnityEditor.Search:ASIAI0B -> (ImportResultId: '04794d5fc946f1d532fc3546c20d913b') in 0.009580874 seconds
[Worker1] Imported GUID: fb736ed47b6da4b499431bf9c6de5890 - Path: Packages/com.unity.test-framework/UnityEditor.TestRunner/GUI/Controls/MultiValueContentProvider.cs - Importer: ScriptedImporter/UnityEditor.QuickSearchModule:UnityEditor.Search:ASIAI0B -> (ImportResultId: '0f301839cd608c70672634779500b262') in 0.009648741 seconds
[Worker0] Imported GUID: e5f4a89476c1448abc7e0a9719b13b36 - Path: Packages/com.unity.test-framework/UnityEditor.TestRunner/GUI/TestAssets/IFolderPathTestCompilationContextProvider.cs - Importer: ScriptedImporter/UnityEditor.QuickSearchModule:UnityEditor.Search:ASIAI0B -> (ImportResultId: 'e0e4b72b117dfa8db0875f2d1f8a1b91') in 0.009403774 seconds
[Worker2] Imported GUID: 3d92c578e28043ef95d4b703e008be64 - Path: Packages/com.unity.test-framework/UnityEditor.TestRunner/GUI/TestAssets/FolderPathTestCompilationContextProvider.cs - Importer: ScriptedImporter/UnityEditor.QuickSearchModule:UnityEditor.Search:ASIAI0B -> (ImportResultId: 'dadf91ed4919f231caf7fd3f8060dc95') in 0.011058061 seconds
[Worker1] Imported GUID: ea6cc55375344f10834cf6fa65197525 - Path: Packages/com.unity.test-framework/UnityEditor.TestRunner/GUI/Controls/FlagEnumUtility.cs - Importer: ScriptedImporter/UnityEditor.QuickSearchModule:UnityEditor.Search:ASIAI0B -> (ImportResultId: '949fc579c56ae89291b2a8b3afb50795') in 0.009670121 seconds
[Worker0] Imported GUID: 409ee14a63784dc0ab5d002081211814 - Path: Packages/com.unity.test-framework/UnityEditor.TestRunner/GUI/TestAssets/IActiveFolderTemplateAssetCreator.cs - Importer: ScriptedImporter/UnityEditor.QuickSearchModule:UnityEditor.Search:ASIAI0B -> (ImportResultId: '68cf5aca2938b04a9b0bcf97c7d1cde2') in 0.00983585 seconds
[Worker2] Imported GUID: 7b076e8f3150431baf926fe9ee030b1e - Path: Packages/com.unity.test-framework/UnityEditor.TestRunner/GUI/Controls/ISelectableItem.cs - Importer: ScriptedImporter/UnityEditor.QuickSearchModule:UnityEditor.Search:ASIAI0B -> (ImportResultId: '771487b34ebd9303b292fcdb49e8562d') in 0.009023744 seconds
[Worker1] Imported GUID: 27769e9b00b038d47aefe306a4d20bec - Path: Packages/com.unity.test-framework/UnityEditor.TestRunner/GUI/TestListTreeView/Icons.cs - Importer: ScriptedImporter/UnityEditor.QuickSearchModule:UnityEditor.Search:ASIAI0B -> (ImportResultId: '3f89b7d9132ab20311d6e7f2d8193afe') in 0.008582741 seconds
[Worker2] Imported GUID: 7348ecf02a70497d9a09bd05ad2038ac - Path: Packages/com.unity.test-framework/UnityEditor.TestRunner/GUI/Controls/GenericItemContentProvider.cs - Importer: ScriptedImporter/UnityEditor.QuickSearchModule:UnityEditor.Search:ASIAI0B -> (ImportResultId: '5dd5b4e5e629bcf2cbe8d4474875c0f4') in 0.007827862 seconds
[Worker0] Imported GUID: 697ab794770540d6951f83d62b8fa444 - Path: Packages/com.unity.test-framework/UnityEditor.TestRunner/Api/Analytics/TestTreeData.cs - Importer: ScriptedImporter/UnityEditor.QuickSearchModule:UnityEditor.Search:ASIAI0B -> (ImportResultId: '659f8ee1f11afad3c01941c059d29d17') in 0.00920324 seconds
[Worker1] Imported GUID: a85430cc5a4a4279a992be322de12b29 - Path: Packages/com.unity.test-framework/UnityEditor.TestRunner/Api/Analytics/AnalyticsReporter.cs - Importer: ScriptedImporter/UnityEditor.QuickSearchModule:UnityEditor.Search:ASIAI0B -> (ImportResultId: '1eeed3fbea770e464a1b9884da88b5ab') in 0.009160499 seconds
[Worker0] Imported GUID: cc0ce06a7515c044bb8db4c75db84114 - Path: Packages/com.unity.test-framework/UnityEditor.TestRunner/TestRun/Tasks/SaveUndoIndexTask.cs - Importer: ScriptedImporter/UnityEditor.QuickSearchModule:UnityEditor.Search:ASIAI0B -> (ImportResultId: '36dd5045a154febd43539c51b3fa19ee') in 0.012962637 seconds
[Worker2] Imported GUID: ce87c287371edde43a4b5fcfdee7b9ef - Path: Packages/com.unity.test-framework/UnityEditor.TestRunner/GUI/TestListTreeView/TestListTreeViewDataSource.cs - Importer: ScriptedImporter/UnityEditor.QuickSearchModule:UnityEditor.Search:ASIAI0B -> (ImportResultId: '62a9941d5d2cc2c75ea3f3a719e70196') in 0.012970632 seconds
[Worker1] Imported GUID: c38ae0585d6a55042a2d678330689685 - Path: Packages/com.unity.test-framework/UnityEditor.TestRunner/TestLaunchers/PlatformSetup/LuminPlatformSetup.cs - Importer: ScriptedImporter/UnityEditor.QuickSearchModule:UnityEditor.Search:ASIAI0B -> (ImportResultId: '4533533e6a9b0f941b55bedf7e475d9d') in 0.014230043 seconds
[Worker2] Imported GUID: 3710fe6aef52449b9c9bbf0b17ae6960 - Path: Packages/com.unity.test-framework/UnityEditor.TestRunner/TestRun/Tasks/SetInteractionModeTask.cs - Importer: ScriptedImporter/UnityEditor.QuickSearchModule:UnityEditor.Search:ASIAI0B -> (ImportResultId: '3e4495928326dc7c0f0e2e1e3c57aafd') in 0.012992392 seconds
[Worker0] Imported GUID: 6d2f47eae5f447748892c46848956d5f - Path: Packages/com.unity.test-framework/UnityEditor.TestRunner/NUnitExtension/Attributes/ITestPlayerBuildModifier.cs - Importer: ScriptedImporter/UnityEditor.QuickSearchModule:UnityEditor.Search:ASIAI0B -> (ImportResultId: '54c94c47c115fe23edb88e14ffdc7f1a') in 0.013111906 seconds
[Worker1] Imported GUID: b88caca58e05ee74486d86fb404c48e2 - Path: Packages/com.unity.test-framework/UnityEditor.TestRunner/NUnitExtension/Attributes/AssetPipelineIgnore.cs - Importer: ScriptedImporter/UnityEditor.QuickSearchModule:UnityEditor.Search:ASIAI0B -> (ImportResultId: '3c82b668c9778e8720fac76960ae6eb9') in 0.012523748 seconds
[Worker2] Imported GUID: 3b6931522502d68458016e3cadb89f1b - Path: Packages/com.unity.test-framework/UnityEditor.TestRunner/TestRun/Tasks/PostbuildCleanupTask.cs - Importer: ScriptedImporter/UnityEditor.QuickSearchModule:UnityEditor.Search:ASIAI0B -> (ImportResultId: '6d3d65cfc1a59638ba455cbe6435f670') in 0.010203927 seconds
[Worker0] Imported GUID: b9d121df8c444236a5b38ccfadfdd1a7 - Path: Packages/com.unity.test-framework/UnityEditor.TestRunner/TestLaunchers/Helpers/DelayedCallback.cs - Importer: ScriptedImporter/UnityEditor.QuickSearchModule:UnityEditor.Search:ASIAI0B -> (ImportResultId: '437ae7fa0df0e1d3538ebd7fbce59701') in 0.010049469 seconds
[Worker1] Imported GUID: fb1abebffd37bd4458c84e15a5d7ab04 - Path: Packages/com.unity.test-framework/UnityEditor.TestRunner/TestRun/Tasks/PerformUndoTask.cs - Importer: ScriptedImporter/UnityEditor.QuickSearchModule:UnityEditor.Search:ASIAI0B -> (ImportResultId: '29ddf41f6f003a80086da122001cf913') in 0.010651072 seconds
[Worker0] Imported GUID: b1694e597ba745169b292914291c136b - Path: Packages/com.unity.test-framework/UnityEditor.TestRunner/TestRun/Tasks/PreparePlayModeRunTask.cs - Importer: ScriptedImporter/UnityEditor.QuickSearchModule:UnityEditor.Search:ASIAI0B -> (ImportResultId: 'a36f3060e6db388a2cb453a42b14df8b') in 0.009199723 seconds
[Worker2] Imported GUID: ee6c7dc47e844c3d823b833abbd5f981 - Path: Packages/com.unity.test-framework/UnityEditor.TestRunner/TestRun/Tasks/GenerateContextTask.cs - Importer: ScriptedImporter/UnityEditor.QuickSearchModule:UnityEditor.Search:ASIAI0B -> (ImportResultId: 'a84f4bd165ee28dc8e5b484ddb24a10c') in 0.009336368 seconds
[Worker1] Imported GUID: 961642509dec50b44a293d26240140ec - Path: Packages/com.unity.test-framework/UnityEditor.TestRunner/TestLaunchers/PlatformSetup/AndroidPlatformSetup.cs - Importer: ScriptedImporter/UnityEditor.QuickSearchModule:UnityEditor.Search:ASIAI0B -> (ImportResultId: '47c19675377102c71d35e83bf37f07ca') in 0.010365178 seconds
[Worker0] Imported GUID: b8abb41ceb6f62c45a00197ae59224c1 - Path: Packages/com.unity.test-framework/UnityEditor.TestRunner/GUI/Views/TestListGUIBase.cs - Importer: ScriptedImporter/UnityEditor.QuickSearchModule:UnityEditor.Search:ASIAI0B -> (ImportResultId: '0ae2a808c0d70a0234cd1250109ad1c0') in 0.009266357 seconds
[Worker2] Imported GUID: 3c4ccfb0896bcf44da13e152b267aa49 - Path: Packages/com.unity.test-framework/UnityEditor.TestRunner/TestLaunchers/Helpers/PrebuildSetupAttributeFinder.cs - Importer: ScriptedImporter/UnityEditor.QuickSearchModule:UnityEditor.Search:ASIAI0B -> (ImportResultId: '5d26b92b8fdcaf2be13ef4a19465caa6') in 0.009111017 seconds
[Worker1] Imported GUID: 465c1d388f96ba143b216a9bbef88340 - Path: Packages/com.unity.test-framework/UnityEditor.TestRunner/TestLaunchers/PlatformSetup/GameCorePlatformSetup.cs - Importer: ScriptedImporter/UnityEditor.QuickSearchModule:UnityEditor.Search:ASIAI0B -> (ImportResultId: '65241e11499c86460fdee4e44dac4c5e') in 0.008878162 seconds
[Worker0] Imported GUID: a398fde47a0349a40a9bdf8988c392c9 - Path: Packages/com.unity.test-framework/UnityEditor.TestRunner/TestRun/Tasks/RegisterFilesForCleanupVerificationTask.cs - Importer: ScriptedImporter/UnityEditor.QuickSearchModule:UnityEditor.Search:ASIAI0B -> (ImportResultId: 'e7df38937f759da2956fc2cb39d78cae') in 0.009223818 seconds
[Worker2] Imported GUID: 19bb2cdbf1454aae9b90c628fb83ad9b - Path: Packages/com.unity.test-framework/UnityEditor.TestRunner/TestRun/Data/RunProgress.cs - Importer: ScriptedImporter/UnityEditor.QuickSearchModule:UnityEditor.Search:ASIAI0B -> (ImportResultId: '3c74bda34200890e68676b26cb5714f4') in 0.009065081 seconds
[Worker1] Imported GUID: f6c189a159d3bde4c964cee562e508ea - Path: Packages/com.unity.test-framework/UnityEditor.TestRunner/TestLaunchers/PlatformSetup/ApplePlatformSetup.cs - Importer: ScriptedImporter/UnityEditor.QuickSearchModule:UnityEditor.Search:ASIAI0B -> (ImportResultId: 'f45b5d161293f22360374ef17dc9829c') in 0.008632935 seconds
[Worker1] Imported GUID: 2c2dfcbbb77359547bcaa7cdabd47ebb - Path: Packages/com.unity.test-framework/UnityEditor.TestRunner/TestLaunchers/Helpers/PostbuildCleanupAttributeFinder.cs - Importer: ScriptedImporter/UnityEditor.QuickSearchModule:UnityEditor.Search:ASIAI0B -> (ImportResultId: 'd1d8f36f79ac7cdf396c3b2b6e770ec4') in 0.009116568 seconds
[Worker0] Imported GUID: 5db0e0c612cd489a89d330acbc4ac585 - Path: Packages/com.unity.test-framework/UnityEditor.TestRunner/TestRun/Tasks/ResetInteractionModeTask.cs - Importer: ScriptedImporter/UnityEditor.QuickSearchModule:UnityEditor.Search:ASIAI0B -> (ImportResultId: '6ea814315d69e92cd8fa9c57cb696a4c') in 0.009470799 seconds
[Worker2] Imported GUID: 25d1ed297163243c4a20d6321d057844 - Path: Packages/com.unity.test-framework/UnityEditor.TestRunner/TestRun/Tasks/PrebuildSetupWithTestDataTask.cs - Importer: ScriptedImporter/UnityEditor.QuickSearchModule:UnityEditor.Search:ASIAI0B -> (ImportResultId: '4c1fe317e89f767b419b6f15b175e49d') in 0.009322432 seconds
[Worker2] Imported GUID: 6cccd50ebf7384242bda4d7bcb282ebf - Path: Packages/com.unity.test-framework/UnityEditor.TestRunner/TestLaunchers/PlatformSetup/PlatformSpecificSetup.cs - Importer: ScriptedImporter/UnityEditor.QuickSearchModule:UnityEditor.Search:ASIAI0B -> (ImportResultId: '3b26740eba41bd949bd1c5dcb1396eb4') in 0.00931607 seconds
[Worker1] Imported GUID: 84300802bfca1472f86e2179fa2a8ed7 - Path: Packages/com.unity.test-framework/UnityEditor.TestRunner/TestLaunchers/Helpers/TestFiltering.cs - Importer: ScriptedImporter/UnityEditor.QuickSearchModule:UnityEditor.Search:ASIAI0B -> (ImportResultId: '6fe9d7bec1deaf555f3713d586bed689') in 0.009652068 seconds
[Worker0] Imported GUID: 667c6ad86a0b7a548aaa5c287f2c2861 - Path: Packages/com.unity.test-framework/UnityEditor.TestRunner/TestLaunchers/PlatformSetup/UwpPlatformSetup.cs - Importer: ScriptedImporter/UnityEditor.QuickSearchModule:UnityEditor.Search:ASIAI0B -> (ImportResultId: 'f637aff82854639688c9df86070250fe') in 0.009466481 seconds
[Worker2] Imported GUID: dd57b1176859fc84e93586103d3b5f73 - Path: Packages/com.unity.test-framework/UnityEditor.TestRunner/NUnitExtension/Attributes/TestPlayerBuildModifierAttribute.cs - Importer: ScriptedImporter/UnityEditor.QuickSearchModule:UnityEditor.Search:ASIAI0B -> (ImportResultId: '0848fbfe75e7daeb03e6fbe40c43a360') in 0.009284982 seconds
[Worker1] Imported GUID: b4246555189b5ee43b4857220f9fd29b - Path: Packages/com.unity.test-framework/UnityEditor.TestRunner/TestRun/Tasks/EditModeRunTask.cs - Importer: ScriptedImporter/UnityEditor.QuickSearchModule:UnityEditor.Search:ASIAI0B -> (ImportResultId: '9a8ee814034ce80b465bb6a286bc3046') in 0.0091232 seconds
[Worker0] Imported GUID: 5842bd968af34a328bb5a3f3c78db54a - Path: Packages/com.unity.test-framework/UnityEditor.TestRunner/TestRun/Tasks/ExitPlayModeTask.cs - Importer: ScriptedImporter/UnityEditor.QuickSearchModule:UnityEditor.Search:ASIAI0B -> (ImportResultId: '22a8945b8de91f0edbe9f79796830cac') in 0.009113 seconds
[Worker2] Imported GUID: 4b45f42910304b00a63958173ee2c76f - Path: Packages/com.unity.test-framework/UnityEditor.TestRunner/TestRun/Tasks/EnterPlayModeTask.cs - Importer: ScriptedImporter/UnityEditor.QuickSearchModule:UnityEditor.Search:ASIAI0B -> (ImportResultId: 'd2277373d61f8f3325ea24f2c353fdc8') in 0.012084547 seconds
[Worker1] Imported GUID: 822fa0a65be2467b95721422157c93f0 - Path: Packages/com.unity.test-framework/UnityEditor.TestRunner/TestRun/Tasks/CleanupTestControllerTask.cs - Importer: ScriptedImporter/UnityEditor.QuickSearchModule:UnityEditor.Search:ASIAI0B -> (ImportResultId: 'a50ce6e87e81ec346909f29fe118c2bf') in 0.011955897 seconds
[Worker0] Imported GUID: 5640d0c51961421997c9f36f0ec45480 - Path: Packages/com.unity.test-framework/UnityEditor.TestRunner/TestRun/Tasks/BuildNUnitFilterTask.cs - Importer: ScriptedImporter/UnityEditor.QuickSearchModule:UnityEditor.Search:ASIAI0B -> (ImportResultId: '7f309060b4766ab1a3da12491397e381') in 0.01378968 seconds
[Worker2] Imported GUID: c2441d353f9c42a44af6e224e4901b52 - Path: Packages/com.unity.test-framework/UnityEditor.TestRunner/TestRun/Tasks/BuildActionTaskBase.cs - Importer: ScriptedImporter/UnityEditor.QuickSearchModule:UnityEditor.Search:ASIAI0B -> (ImportResultId: '357184300c1b13fdb75e76017912875e') in 0.010021276 seconds
[Worker1] Imported GUID: ad7bb166069f8414e9ad26606b305e66 - Path: Packages/com.unity.test-framework/UnityEditor.TestRunner/TestRun/Tasks/FileCleanupVerifierTaskBase.cs - Importer: ScriptedImporter/UnityEditor.QuickSearchModule:UnityEditor.Search:ASIAI0B -> (ImportResultId: 'cdfdeeec50a1e2e3cf82aa4ec012fb80') in 0.009734841 seconds
[Worker0] Imported GUID: fc039194235714f48a39bd364885e744 - Path: Packages/com.unity.test-framework/UnityEditor.TestRunner/TestRun/Tasks/PrebuildSetupTask.cs - Importer: ScriptedImporter/UnityEditor.QuickSearchModule:UnityEditor.Search:ASIAI0B -> (ImportResultId: 'ac5dae5d755887f23c28b80f5b4228ce') in 0.009434521 seconds
[Worker1] Imported GUID: 5d4de3d4682a8d641907cc75e4fb950e - Path: Packages/com.unity.test-framework/UnityEditor.TestRunner/TestLaunchers/Helpers/AttributeFinderBase.cs - Importer: ScriptedImporter/UnityEditor.QuickSearchModule:UnityEditor.Search:ASIAI0B -> (ImportResultId: 'ecf620d403f6697e454628b96387511e') in 0.009605751 seconds
[Worker2] Imported GUID: bd3135cd5079e43b383e0e53242ef502 - Path: Packages/com.unity.test-framework/UnityEditor.TestRunner/TestLaunchers/Helpers/PrebuildSetupWithJobDataAttributeFinder.cs - Importer: ScriptedImporter/UnityEditor.QuickSearchModule:UnityEditor.Search:ASIAI0B -> (ImportResultId: '16b26c98c9cc1bf7ce743274f7c5bf52') in 0.009911872 seconds
[Worker0] Imported GUID: 80ac8f5b2a7fa904dbc80111be88c8be - Path: Packages/com.unity.test-framework/UnityEditor.TestRunner/TestRun/Data/TestJobData.cs - Importer: ScriptedImporter/UnityEditor.QuickSearchModule:UnityEditor.Search:ASIAI0B -> (ImportResultId: '61af70886cb0b0aed13588ebc9772c25') in 0.009115235 seconds
[Worker2] Imported GUID: 1c97cd557b334b27bc325649466d1872 - Path: Packages/com.unity.test-framework/UnityEditor.TestRunner/TestRun/Tasks/CleanUpContext.cs - Importer: ScriptedImporter/UnityEditor.QuickSearchModule:UnityEditor.Search:ASIAI0B -> (ImportResultId: '6b89d1498a8fe8fe415a02eb25419e88') in 0.009170569 seconds
[Worker1] Imported GUID: 01aa6c4633a44c2ca43e69d35747cb80 - Path: Packages/com.unity.test-framework/UnityEditor.TestRunner/TestRun/Tasks/SetupConstructDelegatorTask.cs - Importer: ScriptedImporter/UnityEditor.QuickSearchModule:UnityEditor.Search:ASIAI0B -> (ImportResultId: '341e9692eeaf46f1bbb087c2b090edef') in 0.009379889 seconds
[Worker0] Imported GUID: 83d2df796f82ab847a190a706f00d6eb - Path: Packages/com.unity.test-framework/UnityEditor.TestRunner/TestRun/Tasks/InitializeTestProgressTask.cs - Importer: ScriptedImporter/UnityEditor.QuickSearchModule:UnityEditor.Search:ASIAI0B -> (ImportResultId: '3d282be04f89348fe9fa0db33ae3dc76') in 0.009946156 seconds
[Worker2] Imported GUID: 0f691f67e4ca49a386e31761b0ff8238 - Path: Packages/com.unity.test-framework/UnityEditor.TestRunner/TestRun/Tasks/RestoreProjectSettingsTask.cs - Importer: ScriptedImporter/UnityEditor.QuickSearchModule:UnityEditor.Search:ASIAI0B -> (ImportResultId: 'e137abed008d1c659e0ed1cbb7b4e094') in 0.008536264 seconds
[Worker1] Imported GUID: 06e624de88cb4a808350b63994eb39ed - Path: Packages/com.unity.test-framework/UnityEditor.TestRunner/TestRun/Data/TaskMode.cs - Importer: ScriptedImporter/UnityEditor.QuickSearchModule:UnityEditor.Search:ASIAI0B -> (ImportResultId: '03c26723f54e9232245158961dbc1ca9') in 0.008655957 seconds
[Worker0] Imported GUID: 4400cdda235b4ea48b9078953ffc8e89 - Path: Packages/com.unity.test-framework/UnityEditor.TestRunner/TestRun/Tasks/CreateBootstrapSceneTask.cs - Importer: ScriptedImporter/UnityEditor.QuickSearchModule:UnityEditor.Search:ASIAI0B -> (ImportResultId: '4e314828624677e6fe9cc4f771a97430') in 0.009624436 seconds
Worker ready: AssetImportWorkerHW3 3
[Worker2] Imported GUID: 52c907c81459f324497af504b84fd557 - Path: Packages/com.unity.test-framework/UnityEditor.TestRunner/GUI/TestListTreeView/TestListTreeViewGUI.cs - Importer: ScriptedImporter/UnityEditor.QuickSearchModule:UnityEditor.Search:ASIAI0B -> (ImportResultId: '459b21ceca29c9622e3ed40b1a0dc913') in 0.009155921 seconds
[Worker1] Imported GUID: 13b82b28a28254683a40756c27493b61 - Path: Packages/com.unity.test-framework/UnityEditor.TestRunner/TestLaunchers/Helpers/PostbuildCleanupWithJobDataAttributeFinder.cs - Importer: ScriptedImporter/UnityEditor.QuickSearchModule:UnityEditor.Search:ASIAI0B -> (ImportResultId: '986f93ce0cd8e5fce1563ac8e904af9c') in 0.009074529 seconds
[Worker0] Imported GUID: 1a9f3fcee3bd2334593373b00d7b5ca2 - Path: Packages/com.unity.test-framework/UnityEditor.TestRunner/TestRun/Tasks/EnableTestOutLoggerTask.cs - Importer: ScriptedImporter/UnityEditor.QuickSearchModule:UnityEditor.Search:ASIAI0B -> (ImportResultId: '376fe87de41a9331786bb77c7fcab8a8') in 0.009257481 seconds
[Worker1] Imported GUID: 2a0bd678385f98e4d8eabdfc07d62b4f - Path: Packages/com.unity.test-framework/UnityEditor.TestRunner/TestLaunchers/Helpers/PlayerLauncherBuildOptions.cs - Importer: ScriptedImporter/UnityEditor.QuickSearchModule:UnityEditor.Search:ASIAI0B -> (ImportResultId: 'f1d0e8c26ec97ac1d57b567bc1019e50') in 0.010804919 seconds
[Worker2] Imported GUID: fa19b42bd3dc35e40a618448bd330270 - Path: Packages/com.unity.test-framework/UnityEditor.TestRunner/TestLaunchers/PlatformSetup/StadiaPlatformSetup.cs - Importer: ScriptedImporter/UnityEditor.QuickSearchModule:UnityEditor.Search:ASIAI0B -> (ImportResultId: '5566343bf809b8aab2fdf944d0d3caef') in 0.010934861 seconds
[Worker0] Imported GUID: ce567ddbf30368344bc7b80e20cac36e - Path: Packages/com.unity.test-framework/UnityEditor.TestRunner/GUI/TestListTreeView/TestTreeViewItem.cs - Importer: ScriptedImporter/UnityEditor.QuickSearchModule:UnityEditor.Search:ASIAI0B -> (ImportResultId: 'de54ad4aea2134e5dcc43e028b696097') in 0.01153884 seconds
[Worker2] Imported GUID: 9d614808f9add8a4f8e4860db2c7af0d - Path: Packages/com.unity.test-framework/UnityEditor.TestRunner/TestLaunchers/PlatformSetup/IPlatformSetup.cs - Importer: ScriptedImporter/UnityEditor.QuickSearchModule:UnityEditor.Search:ASIAI0B -> (ImportResultId: '538e1c6bb9aae01ffba045293759bb9d') in 0.009130945 seconds
[Worker1] Imported GUID: a155fee568ce42a4b561ee3a27d88532 - Path: Packages/com.unity.test-framework/UnityEditor.TestRunner/TestRun/Tasks/CleanupConstructDelegatorTask.cs - Importer: ScriptedImporter/UnityEditor.QuickSearchModule:UnityEditor.Search:ASIAI0B -> (ImportResultId: 'b4f18552e99d3a6cce061d26e47fab57') in 0.009290202 seconds
[Worker0] Imported GUID: 6465fa5b49fc4c739059189aca21f391 - Path: Packages/com.unity.test-framework/UnityEditor.TestRunner/TestRun/Tasks/DeleteBootstrapSceneTask.cs - Importer: ScriptedImporter/UnityEditor.QuickSearchModule:UnityEditor.Search:ASIAI0B -> (ImportResultId: '80414ae50f847723c2f5349856e84286') in 0.01010367 seconds
[Worker2] Imported GUID: aed7ab02155e43341a2dbcb7bc17c160 - Path: Packages/com.unity.test-framework/UnityEditor.TestRunner/TestLaunchers/PlatformSetup/XboxOnePlatformSetup.cs - Importer: ScriptedImporter/UnityEditor.QuickSearchModule:UnityEditor.Search:ASIAI0B -> (ImportResultId: '430ab5f47cb305690f48d5b9cb1e902f') in 0.009387443 seconds
[Worker1] Imported GUID: adf7bea9401c1834380d55601add6cfb - Path: Packages/com.unity.test-framework/UnityEditor.TestRunner/TestLaunchers/PlatformSetup/SwitchPlatformSetup.cs - Importer: ScriptedImporter/UnityEditor.QuickSearchModule:UnityEditor.Search:ASIAI0B -> (ImportResultId: 'ac4d288cfdb1754d847ecaffc880859e') in 0.009275534 seconds
[Worker0] Imported GUID: 881a6e4afaf6d1744a7aacea7f268f4c - Path: Packages/com.unity.test-framework/UnityEditor.TestRunner/TestRun/Data/TestProgress.cs - Importer: ScriptedImporter/UnityEditor.QuickSearchModule:UnityEditor.Search:ASIAI0B -> (ImportResultId: '562b8ff79223cc6465e35f3058883ec9') in 0.009006462 seconds
[Worker1] Imported GUID: b93fe5bbea454ae438fcec241c5fa85b - Path: Packages/com.unity.test-framework/UnityEditor.TestRunner/TestRun/Tasks/LegacyPlayerRunTask.cs - Importer: ScriptedImporter/UnityEditor.QuickSearchModule:UnityEditor.Search:ASIAI0B -> (ImportResultId: 'dd422c8c7801bc2da753ad3fd8d05b6b') in 0.009219469 seconds
[Worker2] Imported GUID: 93eb6389f4fb6924987867ce0bc339ee - Path: Packages/com.unity.test-framework/UnityEditor.TestRunner/TestRun/Tasks/CleanupVerificationTask.cs - Importer: ScriptedImporter/UnityEditor.QuickSearchModule:UnityEditor.Search:ASIAI0B -> (ImportResultId: 'fef3e8c30f0dfc9df19d71efabace546') in 0.009437828 seconds
[Worker0] Imported GUID: 4769fe1e7475c8843b092338acbcad25 - Path: Packages/com.unity.test-framework/UnityEditor.TestRunner/TestRun/Tasks/PlayModeRunTask.cs - Importer: ScriptedImporter/UnityEditor.QuickSearchModule:UnityEditor.Search:ASIAI0B -> (ImportResultId: '0a435492f2ad73e480d5ea1541f99a6a') in 0.01083213 seconds
[Worker2] Imported GUID: 078a3968c1fd87047890f314894a20a1 - Path: Packages/com.unity.test-framework/UnityEditor.TestRunner/TestLaunchers/PlatformSetup/Switch2PlatformSetup.cs - Importer: ScriptedImporter/UnityEditor.QuickSearchModule:UnityEditor.Search:ASIAI0B -> (ImportResultId: '8e5aa7329d421669a84d8149b79783c7') in 0.009766341 seconds
[Worker1] Imported GUID: 0d2e1e2a782748e6acb8565ad040df60 - Path: Packages/com.unity.test-framework/UnityEditor.TestRunner/TestRun/Data/TaskInfo.cs - Importer: ScriptedImporter/UnityEditor.QuickSearchModule:UnityEditor.Search:ASIAI0B -> (ImportResultId: '00380562266f19fca157f902e1a06b69') in 0.009901873 seconds
[Worker0] Imported GUID: aa0bb8f0cb98b43a586f75ce4b79c576 - Path: Packages/com.unity.test-framework/UnityEditor.TestRunner/TestRun/Tasks/PostbuildCleanupWithTestDataTask.cs - Importer: ScriptedImporter/UnityEditor.QuickSearchModule:UnityEditor.Search:ASIAI0B -> (ImportResultId: '0d6dda8defc05ca5ce7f70357bd61c18') in 0.009638151 seconds
[Worker2] Imported GUID: 759855a435cd4b22ade51836cc8b00d6 - Path: Packages/com.unity.test-framework/UnityEditor.TestRunner/TestLaunchers/Helpers/FilePathMetaInfo.cs - Importer: ScriptedImporter/UnityEditor.QuickSearchModule:UnityEditor.Search:ASIAI0B -> (ImportResultId: '4d114f9f47d44f65dbb03907ee24a0e5') in 0.00926234 seconds
[Worker1] Imported GUID: 92de9780c7bec4f0f89c7c88a2ec15ed - Path: Packages/com.unity.test-framework/UnityEditor.TestRunner/TestRun/Tasks/FilterTestTreeTask.cs - Importer: ScriptedImporter/UnityEditor.QuickSearchModule:UnityEditor.Search:ASIAI0B -> (ImportResultId: '7cbd2addc424c4f473534c7bf89abb40') in 0.009104114 seconds
[Worker0] Imported GUID: 23383565f01f46dfa583710e5108e443 - Path: Packages/com.unity.test-framework/UnityEditor.TestRunner/TestRun/Tasks/MarkRunAsPlayModeTask.cs - Importer: ScriptedImporter/UnityEditor.QuickSearchModule:UnityEditor.Search:ASIAI0B -> (ImportResultId: '7bc79eccc96e8a0144fe46f402a8c1ed') in 0.0090432 seconds
[Worker2] Imported GUID: a0288e1c9324e824bab7e2044a72a434 - Path: Packages/com.unity.test-framework/UnityEditor.TestRunner/TestRun/Tasks/BuildTestTreeTask.cs - Importer: ScriptedImporter/UnityEditor.QuickSearchModule:UnityEditor.Search:ASIAI0B -> (ImportResultId: '04f610d6312431049cdf7caf6ec4a36e') in 0.009136715 seconds
[Worker1] Imported GUID: 2a616b371596515498e05300b6598c6a - Path: Packages/com.unity.test-framework/UnityEngine.TestRunner/NUnitExtensions/Attributes/UnityOneTimeTearDownAttribute.cs - Importer: ScriptedImporter/UnityEditor.QuickSearchModule:UnityEditor.Search:ASIAI0B -> (ImportResultId: '5aebdddea7a229dc094b4518a2abe6be') in 0.010637006 seconds
[Worker2] Imported GUID: 600f4b74746dbf944901257f81a8af6d - Path: Packages/com.unity.test-framework/UnityEngine.TestRunner/NUnitExtensions/Attributes/UnityTearDownAttribute.cs - Importer: ScriptedImporter/UnityEditor.QuickSearchModule:UnityEditor.Search:ASIAI0B -> (ImportResultId: '32a4f95864e2a4cab22f2b8ad5d10edb') in 0.010702919 seconds
[Worker0] Imported GUID: 3936a208997f4266b0b2d48aaca1e904 - Path: Packages/com.unity.test-framework/UnityEditor.TestRunner/UnityTestProtocol/Messages/ScreenSettingsMessage.cs - Importer: ScriptedImporter/UnityEditor.QuickSearchModule:UnityEditor.Search:ASIAI0B -> (ImportResultId: 'ab6b9b87f645a35d35c24387dcd26fea') in 0.013410874 seconds
[Worker1] Imported GUID: 750aad009559b814dbc27001341fc1c3 - Path: Packages/com.unity.test-framework/UnityEngine.TestRunner/NUnitExtensions/Attributes/TestEnumerator.cs - Importer: ScriptedImporter/UnityEditor.QuickSearchModule:UnityEditor.Search:ASIAI0B -> (ImportResultId: 'cedb27a56e070b35922352f86af31750') in 0.012268802 seconds
[Worker2] Imported GUID: c82a8473f4a8f7b42a004c91e06d2f2b - Path: Packages/com.unity.test-framework/UnityEngine.TestRunner/NUnitExtensions/Attributes/ConditionalIgnoreAttribute.cs - Importer: ScriptedImporter/UnityEditor.QuickSearchModule:UnityEditor.Search:ASIAI0B -> (ImportResultId: '699591fb489606826ae92ecde197c0cd') in 0.012110076 seconds
[Worker0] Imported GUID: 528c8790cf844716aead80624be893aa - Path: Packages/com.unity.test-framework/UnityEngine.TestRunner/NUnitExtensions/Attributes/PreservedValuesAttribute.cs - Importer: ScriptedImporter/UnityEditor.QuickSearchModule:UnityEditor.Search:ASIAI0B -> (ImportResultId: '4b8a75a294cc9de3f53c19c0e9006cbe') in 0.014830403 seconds
[Worker2] Imported GUID: 28c8fcb831e6e734a9f564bc4f495eba - Path: Packages/com.unity.test-framework/UnityEditor.TestRunner/TestRunner/Utils/IEditorCompilationInterfaceProxy.cs - Importer: ScriptedImporter/UnityEditor.QuickSearchModule:UnityEditor.Search:ASIAI0B -> (ImportResultId: '8afacec51e0b595aa59e9d28ded2d915') in 0.01096089 seconds
[Worker1] Imported GUID: 423fe2ef878fa1140a7e1f7f9e365815 - Path: Packages/com.unity.test-framework/UnityEditor.TestRunner/UnityTestProtocol/Messages/TestFinishedMessage.cs - Importer: ScriptedImporter/UnityEditor.QuickSearchModule:UnityEditor.Search:ASIAI0B -> (ImportResultId: '30474566c6db1b0b9f0bf07f21f87c43') in 0.011103256 seconds
[Worker0] Imported GUID: 9f33b8e923ff41deaa73bc2c1f90d9a1 - Path: Packages/com.unity.test-framework/UnityEditor.TestRunner/UnityTestProtocol/Messages/PlayerSystemInfoMessage.cs - Importer: ScriptedImporter/UnityEditor.QuickSearchModule:UnityEditor.Search:ASIAI0B -> (ImportResultId: 'a7b2749327017230fd8330cf7ebaa088') in 0.010539163 seconds
[Worker2] Imported GUID: bd3e81baa10021f4d877fa36382bab16 - Path: Packages/com.unity.test-framework/UnityEditor.TestRunner/UnityTestProtocol/Messages/TestStartedMessage.cs - Importer: ScriptedImporter/UnityEditor.QuickSearchModule:UnityEditor.Search:ASIAI0B -> (ImportResultId: '30c9de7a6e3a01083875b3cfcfcc2986') in 0.009359111 seconds
[Worker1] Imported GUID: cc6401f13df54ba44bfd7cdc93c7d64d - Path: Packages/com.unity.test-framework/UnityEngine.TestRunner/NUnitExtensions/Attributes/UnitySetUpAttribute.cs - Importer: ScriptedImporter/UnityEditor.QuickSearchModule:UnityEditor.Search:ASIAI0B -> (ImportResultId: '54ca58a8b1ff4f20a332462d0a4a3c99') in 0.009077706 seconds
[Worker0] Imported GUID: ff0aad009559b814ffc27001341fc1c3 - Path: Packages/com.unity.test-framework/UnityEngine.TestRunner/NUnitExtensions/Attributes/EnumeratorHelper.cs - Importer: ScriptedImporter/UnityEditor.QuickSearchModule:UnityEditor.Search:ASIAI0B -> (ImportResultId: '9f6841fd28fde4bcaa7b6130b98a28f9') in 0.009404835 seconds
[Worker2] Imported GUID: aa5e75ed0aae4030a1720d08f7a5322e - Path: Packages/com.unity.test-framework/UnityEditor.TestRunner/UnityTestProtocol/Messages/PlayerSettingsMessage.cs - Importer: ScriptedImporter/UnityEditor.QuickSearchModule:UnityEditor.Search:ASIAI0B -> (ImportResultId: '533da98eaf8606b2b768b7e469226cfa') in 0.009780978 seconds
[Worker1] Imported GUID: 9945ffed4692c6044b6d3acf81efd694 - Path: Packages/com.unity.test-framework/UnityEngine.TestRunner/Assertions/LogScope/LogMatch.cs - Importer: ScriptedImporter/UnityEditor.QuickSearchModule:UnityEditor.Search:ASIAI0B -> (ImportResultId: 'c7a3885864458ed07098f64585e6ff57') in 0.009472973 seconds
[Worker0] Imported GUID: 98808b11e78f6c84a841a6b4bc5a29d2 - Path: Packages/com.unity.test-framework/UnityEditor.TestRunner/TestRunner/Utils/IEditorAssembliesProxy.cs - Importer: ScriptedImporter/UnityEditor.QuickSearchModule:UnityEditor.Search:ASIAI0B -> (ImportResultId: 'ec6b7ca8868105cb28ec5674b93feef2') in 0.009518507 seconds
[Worker2] Imported GUID: 4bbc17b35884fdf468e4b52ae4222882 - Path: Packages/com.unity.test-framework/UnityEngine.TestRunner/Assertions/LogScope/LogScope.cs - Importer: ScriptedImporter/UnityEditor.QuickSearchModule:UnityEditor.Search:ASIAI0B -> (ImportResultId: 'e9e97eaf0f9a36bf34459be0b392677c') in 0.009436124 seconds
[Worker1] Imported GUID: 82075836be5e0c64bbe84e1f9436682e - Path: Packages/com.unity.test-framework/UnityEditor.TestRunner/TestRunner/Callbacks/WindowResultUpdaterDataHolder.cs - Importer: ScriptedImporter/UnityEditor.QuickSearchModule:UnityEditor.Search:ASIAI0B -> (ImportResultId: 'd21dd48646f8ef88049a87b53b8d445e') in 0.009244637 seconds
[Worker0] Imported GUID: 3504aa04cda851b44a65973f9aead6f7 - Path: Packages/com.unity.test-framework/UnityEngine.TestRunner/Assertions/LogScope/ILogScope.cs - Importer: ScriptedImporter/UnityEditor.QuickSearchModule:UnityEditor.Search:ASIAI0B -> (ImportResultId: 'd695433a91d24a7056b90645a2caf2d9') in 0.00964834 seconds
[Worker2] Imported GUID: 7af6ac3e6b51b8d4aab04adc85b8de2f - Path: Packages/com.unity.test-framework/UnityEngine.TestRunner/NUnitExtensions/Attributes/UnityCombinatorialStrategy.cs - Importer: ScriptedImporter/UnityEditor.QuickSearchModule:UnityEditor.Search:ASIAI0B -> (ImportResultId: '0e0c9df004631e9e13b8778361511525') in 0.009531973 seconds
[Worker1] Imported GUID: f1b6399349763114d9361bc6dfcd025b - Path: Packages/com.unity.test-framework/UnityEditor.TestRunner/TestRunner/Utils/TestListCacheData.cs - Importer: ScriptedImporter/UnityEditor.QuickSearchModule:UnityEditor.Search:ASIAI0B -> (ImportResultId: 'aa634746ef0b58b292f018574a28f67e') in 0.009695759 seconds
[Worker0] Imported GUID: 9729063e08c4a4e438070c8319aff5f5 - Path: Packages/com.unity.test-framework/UnityEditor.TestRunner/TestRun/Tasks/UnlockReloadAssembliesTask.cs - Importer: ScriptedImporter/UnityEditor.QuickSearchModule:UnityEditor.Search:ASIAI0B -> (ImportResultId: '3ccbbe1cb2357c18638336a9b5e8da3c') in 0.008808483 seconds
[Worker1] Imported GUID: 3b3dcba2081245eb916aee8fd3459fc8 - Path: Packages/com.unity.test-framework/UnityEditor.TestRunner/UnityTestProtocol/Messages/BuildSettingsMessage.cs - Importer: ScriptedImporter/UnityEditor.QuickSearchModule:UnityEditor.Search:ASIAI0B -> (ImportResultId: 'ee9329765ceb28b688a86999a06adf4d') in 0.008805968 seconds
[Worker2] Imported GUID: e9c53c5109a7498ca4408e53f2593b1a - Path: Packages/com.unity.test-framework/UnityEngine.TestRunner/NUnitExtensions/Attributes/ParametrizedIgnoreAttribute.cs - Importer: ScriptedImporter/UnityEditor.QuickSearchModule:UnityEditor.Search:ASIAI0B -> (ImportResultId: 'c7460c445e7b53ff839263a03d2b2203') in 0.010432194 seconds
[Worker0] Imported GUID: 7b9e2c4a8f1d6b3e5a0c8d2f4e6b1a9c - Path: Packages/com.unity.test-framework/UnityEngine.TestRunner/NUnitExtensions/Attributes/PlayModeTestsAttribute.cs - Importer: ScriptedImporter/UnityEditor.QuickSearchModule:UnityEditor.Search:ASIAI0B -> (ImportResultId: 'b386910dd5d80d4b20d6c4f5c90956c2') in 0.008668491 seconds
[Worker1] Imported GUID: 6d468ee3657be7a43a2ef2178ec14239 - Path: Packages/com.unity.test-framework/UnityEditor.TestRunner/TestRunner/Callbacks/WindowResultUpdater.cs - Importer: ScriptedImporter/UnityEditor.QuickSearchModule:UnityEditor.Search:ASIAI0B -> (ImportResultId: 'a77792b9bc10897200460a430d84dd91') in 0.010018952 seconds
[Worker2] Imported GUID: 3b4429eff9fcffb48b006e8edcc90338 - Path: Packages/com.unity.test-framework/UnityEngine.TestRunner/NUnitExtensions/Commands/EnumerableApplyChangesToContextCommand.cs - Importer: ScriptedImporter/UnityEditor.QuickSearchModule:UnityEditor.Search:ASIAI0B -> (ImportResultId: '44bd41483f8a3aeec7db19f25f9fe863') in 0.008590446 seconds
[Worker0] Imported GUID: 408674d91d506a54aac9a7f07951c018 - Path: Packages/com.unity.test-framework/UnityEditor.TestRunner/TestRunner/Messages/ExitPlayMode.cs - Importer: ScriptedImporter/UnityEditor.QuickSearchModule:UnityEditor.Search:ASIAI0B -> (ImportResultId: '2cf702be9516beeb56627ec4d5f7187a') in 0.008652201 seconds
[Worker2] Imported GUID: df537bdce04d7964193fffe1cc99a343 - Path: Packages/com.unity.test-framework/UnityEngine.TestRunner/NUnitExtensions/Commands/EnumerableOneTimeSetUpTearDownCommand.cs - Importer: ScriptedImporter/UnityEditor.QuickSearchModule:UnityEditor.Search:ASIAI0B -> (ImportResultId: 'b7be022c8ea105f4afb6032690a03d8e') in 0.010945462 seconds
[Worker1] Imported GUID: c9b23632c77de204abfe8bf7168d48c0 - Path: Packages/com.unity.test-framework/UnityEditor.TestRunner/TestRunner/Utils/EditorCompilationInterfaceProxy.cs - Importer: ScriptedImporter/UnityEditor.QuickSearchModule:UnityEditor.Search:ASIAI0B -> (ImportResultId: '7c4a3bf750ce7bd791edc4dc9d61aced') in 0.011129215 seconds
[Worker0] Imported GUID: e273462feb9a65948826739f683cc9a9 - Path: Packages/com.unity.test-framework/UnityEngine.TestRunner/NUnitExtensions/Commands/EnumerableRepeatedTestCommand.cs - Importer: ScriptedImporter/UnityEditor.QuickSearchModule:UnityEditor.Search:ASIAI0B -> (ImportResultId: '4c17bf5853a7664e53b98b09b4a21ef2') in 0.010847118 seconds
[Worker1] Imported GUID: d685d97a1eb004f49afea0cc982ff728 - Path: Packages/com.unity.test-framework/UnityEditor.TestRunner/TestRunner/Utils/TestListCache.cs - Importer: ScriptedImporter/UnityEditor.QuickSearchModule:UnityEditor.Search:ASIAI0B -> (ImportResultId: '00b0e13c8106b4782151b0bc7471817c') in 0.00969085 seconds
[Worker2] Imported GUID: 5df3c21c5237c994db89660fbdfee07d - Path: Packages/com.unity.test-framework/UnityEditor.TestRunner/TestRunner/Messages/WaitForDomainReload.cs - Importer: ScriptedImporter/UnityEditor.QuickSearchModule:UnityEditor.Search:ASIAI0B -> (ImportResultId: '97129ff476f0eb6cc3306b8ada071797') in 0.009890462 seconds
[Worker0] Imported GUID: 02ef7627f46742ae83071af8bf22f1af - Path: Packages/com.unity.test-framework/UnityEditor.TestRunner/UnityTestProtocol/Messages/EditorVersionMessage.cs - Importer: ScriptedImporter/UnityEditor.QuickSearchModule:UnityEditor.Search:ASIAI0B -> (ImportResultId: '56eaba4d8481804ac946831a3d51ff35') in 0.009165058 seconds
[Worker2] Imported GUID: 002201b186864f54ba07f1b2d7841fc7 - Path: Packages/com.unity.test-framework/UnityEngine.TestRunner/NUnitExtensions/Attributes/UnityCoreClrExplicitDisabledAttribute.cs - Importer: ScriptedImporter/UnityEditor.QuickSearchModule:UnityEditor.Search:ASIAI0B -> (ImportResultId: '1ced971c2d47c66a50bcc65a7805bee2') in 0.009806576 seconds
[Worker1] Imported GUID: dec9066d4afefe444be0dad3f137730d - Path: Packages/com.unity.test-framework/UnityEditor.TestRunner/TestRunner/Utils/TestListJob.cs - Importer: ScriptedImporter/UnityEditor.QuickSearchModule:UnityEditor.Search:ASIAI0B -> (ImportResultId: 'eeb00e9af1facc8e2217a33e8bbd6b68') in 0.010056271 seconds
[Worker0] Imported GUID: d52ad1cdc75642419ac24e88b43a3821 - Path: Packages/com.unity.test-framework/UnityEditor.TestRunner/UnityTestProtocol/Data/PlayerSettings.cs - Importer: ScriptedImporter/UnityEditor.QuickSearchModule:UnityEditor.Search:ASIAI0B -> (ImportResultId: 'eb74e19b08c9f50b6fce98603a288a42') in 0.009865676 seconds
[Worker2] Imported GUID: 3803f736886e77842995ddbc3531afaa - Path: Packages/com.unity.test-framework/UnityEngine.TestRunner/NUnitExtensions/Attributes/TestMustExpectAllLogsAttribute.cs - Importer: ScriptedImporter/UnityEditor.QuickSearchModule:UnityEditor.Search:ASIAI0B -> (ImportResultId: '99e0c9c19cb58c0bbd3d4b7537c24c92') in 0.009630357 seconds
[Worker1] Imported GUID: f15cbb987069826429540d0ea0937442 - Path: Packages/com.unity.test-framework/UnityEditor.TestRunner/TestRunner/Utils/TestListProvider.cs - Importer: ScriptedImporter/UnityEditor.QuickSearchModule:UnityEditor.Search:ASIAI0B -> (ImportResultId: 'f690d165888a13869636df800ca27aa5') in 0.009476019 seconds
[Worker0] Imported GUID: f96d0ea807c081145a1170ed1b6d71e0 - Path: Packages/com.unity.test-framework/UnityEditor.TestRunner/TestRunner/Utils/EditorAssembliesProxy.cs - Importer: ScriptedImporter/UnityEditor.QuickSearchModule:UnityEditor.Search:ASIAI0B -> (ImportResultId: 'a65a7857ac58aac56b8e6a5a58d533f1') in 0.00956795 seconds
[Worker2] Imported GUID: 321dc2c0720f8dd4f9396ecdc12b8746 - Path: Packages/com.unity.test-framework/UnityEditor.TestRunner/UnityTestProtocol/Messages/Message.cs - Importer: ScriptedImporter/UnityEditor.QuickSearchModule:UnityEditor.Search:ASIAI0B -> (ImportResultId: '348668fcb7e57f0d5b1d0378de711dd5') in 0.009431185 seconds
[Worker1] Imported GUID: efce3ac61ba34d3590656de761a677e3 - Path: Packages/com.unity.test-framework/UnityEditor.TestRunner/UnityTestProtocol/Data/QualitySettings.cs - Importer: ScriptedImporter/UnityEditor.QuickSearchModule:UnityEditor.Search:ASIAI0B -> (ImportResultId: '770156ee07a7afe11e1de34c7975f982') in 0.009269242 seconds
[Worker0] Imported GUID: 033c884ba52437d49bc55935939ef1c6 - Path: Packages/com.unity.test-framework/UnityEditor.TestRunner/TestRunner/Utils/EditorLoadedTestAssemblyProvider.cs - Importer: ScriptedImporter/UnityEditor.QuickSearchModule:UnityEditor.Search:ASIAI0B -> (ImportResultId: 'a216f2721c13ca541cf99c3987acd701') in 0.010196083 seconds
[Worker2] Imported GUID: 64689f8b25eadac4da519e96f514b653 - Path: Packages/com.unity.test-framework/UnityEditor.TestRunner/TestRunner/Utils/ITestListProvider.cs - Importer: ScriptedImporter/UnityEditor.QuickSearchModule:UnityEditor.Search:ASIAI0B -> (ImportResultId: 'c872bd0fda963b4cee8a8c8d5beaf857') in 0.009378997 seconds
[Worker1] Imported GUID: 6de2f178a24cd2e48a0816cacd9a0583 - Path: Packages/com.unity.test-framework/UnityEngine.TestRunner/NUnitExtensions/Commands/EnumerableRetryTestCommand.cs - Importer: ScriptedImporter/UnityEditor.QuickSearchModule:UnityEditor.Search:ASIAI0B -> (ImportResultId: '72ef5a5d83602ab26d065f8b68bea99d') in 0.009127148 seconds
[Worker0] Imported GUID: aa5dd1a9432747fd89501213ba621de6 - Path: Packages/com.unity.test-framework/UnityEngine.TestRunner/NUnitExtensions/Commands/EnumerableMaxTimeCommand.cs - Importer: ScriptedImporter/UnityEditor.QuickSearchModule:UnityEditor.Search:ASIAI0B -> (ImportResultId: '993e26a76b3ee88ea108fbf47e10b23c') in 0.008977478 seconds
[Worker2] Imported GUID: 7ee0c4baf94a41009b0f9292988a2000 - Path: Packages/com.unity.test-framework/UnityEditor.TestRunner/UnityTestProtocol/Data/PlayerSystemInfo.cs - Importer: ScriptedImporter/UnityEditor.QuickSearchModule:UnityEditor.Search:ASIAI0B -> (ImportResultId: '8cad8bd89bd248f86898284ba84918a0') in 0.009675351 seconds
[Worker1] Imported GUID: 64f0c7c73db2d32469a5208a3cff96de - Path: Packages/com.unity.test-framework/UnityEngine.TestRunner/NUnitExtensions/Attributes/UnityOneTimeSetUpAttribute.cs - Importer: ScriptedImporter/UnityEditor.QuickSearchModule:UnityEditor.Search:ASIAI0B -> (ImportResultId: '8eed18aa883bf57dfd170ad3467e41c5') in 0.009448618 seconds
[Worker0] Imported GUID: 26f3e7301af463c4ca72fa98d59b429e - Path: Packages/com.unity.test-framework/UnityEditor.TestRunner/TestRunner/Utils/CachingTestListProvider.cs - Importer: ScriptedImporter/UnityEditor.QuickSearchModule:UnityEditor.Search:ASIAI0B -> (ImportResultId: 'c1a22435f94194fe90af44f9d80f9265') in 0.009380299 seconds
[Worker0] Imported GUID: 7043e9a330ac2d84a80a965ada4589ad - Path: Packages/com.unity.test-framework/UnityEditor.TestRunner/TestRunner/Utils/ITestListCacheData.cs - Importer: ScriptedImporter/UnityEditor.QuickSearchModule:UnityEditor.Search:ASIAI0B -> (ImportResultId: '3857182b62dd25765fc90d16c0435fe9') in 0.009338412 seconds
[Worker2] Imported GUID: 9bd5a110ed89025499ddee8c7e73778e - Path: Packages/com.unity.test-framework/UnityEditor.TestRunner/TestRunner/Messages/EnterPlayMode.cs - Importer: ScriptedImporter/UnityEditor.QuickSearchModule:UnityEditor.Search:ASIAI0B -> (ImportResultId: 'd23f64a99030238a6d14f60097909e61') in 0.009718661 seconds
[Worker1] Imported GUID: 58a43a62ecbe444d963930822e17d4cd - Path: Packages/com.unity.test-framework/UnityEditor.TestRunner/UnityTestProtocol/Data/ScreenSettings.cs - Importer: ScriptedImporter/UnityEditor.QuickSearchModule:UnityEditor.Search:ASIAI0B -> (ImportResultId: '34ab7b15f674740e80cc8aa972eb442e') in 0.011432351 seconds
[Worker0] Imported GUID: f699428dfee64165b017dced94d8ca70 - Path: Packages/com.unity.test-framework/UnityEditor.TestRunner/UnityTestProtocol/Data/BuildSettings.cs - Importer: ScriptedImporter/UnityEditor.QuickSearchModule:UnityEditor.Search:ASIAI0B -> (ImportResultId: '106b858198bd227cbde7eef475045df0') in 0.009789554 seconds
[Worker2] Imported GUID: 6cf74526594248e88be90b91eb2dbe1c - Path: Packages/com.unity.test-framework/UnityEditor.TestRunner/UnityTestProtocol/Messages/QualitySettingsMessage.cs - Importer: ScriptedImporter/UnityEditor.QuickSearchModule:UnityEditor.Search:ASIAI0B -> (ImportResultId: '9623f9e244a5ab1ed37488c1f8e87772') in 0.009620208 seconds
[Worker1] Imported GUID: 0c56471f08a0f6846afc792f0b4205b9 - Path: Packages/com.unity.test-framework/UnityEngine.TestRunner/Assertions/LogScope/LogEvent.cs - Importer: ScriptedImporter/UnityEditor.QuickSearchModule:UnityEditor.Search:ASIAI0B -> (ImportResultId: '3f5008fdfb0d6d047bd25267f869930d') in 0.009472262 seconds
[Worker1] Imported GUID: 936b6288befc460409cfdff3ac92fc95 - Path: Packages/com.unity.test-framework/UnityEditor.TestRunner/TestRunner/Utils/IEditorLoadedTestAssemblyProvider.cs - Importer: ScriptedImporter/UnityEditor.QuickSearchModule:UnityEditor.Search:ASIAI0B -> (ImportResultId: 'c23e88081258a15d506c3ac361cb9b8d') in 0.010482427 seconds
[Worker0] Imported GUID: a704c010bcdb1ec4a9f3417b3c393164 - Path: Packages/com.unity.test-framework/UnityEditor.TestRunner/TestRunner/Utils/ITestListCache.cs - Importer: ScriptedImporter/UnityEditor.QuickSearchModule:UnityEditor.Search:ASIAI0B -> (ImportResultId: '7a9e8119837e4e7989e80b27b583f601') in 0.011655106 seconds
[Worker2] Imported GUID: 28f79a0d7e64c2345bc46f8c4cf788f8 - Path: Packages/com.unity.test-framework/UnityEditor.TestRunner/UnityTestProtocol/Messages/TestPlanMessage.cs - Importer: ScriptedImporter/UnityEditor.QuickSearchModule:UnityEditor.Search:ASIAI0B -> (ImportResultId: 'bcddf3105f9c69415005289f56fd9f28') in 0.012213228 seconds
[Worker1] Imported GUID: cbbca1d8a0434be4bbc7f165523763ac - Path: Packages/com.unity.test-framework/UnityEngine.TestRunner/NUnitExtensions/Commands/BeforeAfterTestCommandBase.cs - Importer: ScriptedImporter/UnityEditor.QuickSearchModule:UnityEditor.Search:ASIAI0B -> (ImportResultId: '6121007677ceccaca721ca1995ff69f2') in 0.009639634 seconds
[Worker0] Imported GUID: 9202fbba95ea8294cb5e718f028f21b0 - Path: Packages/com.unity.test-framework/UnityEditor.TestRunner/TestRunner/Messages/RecompileScripts.cs - Importer: ScriptedImporter/UnityEditor.QuickSearchModule:UnityEditor.Search:ASIAI0B -> (ImportResultId: 'db76557162bc07a74f540906c85acdd3') in 0.009471961 seconds
[Worker2] Imported GUID: 20cdb37e6fea6d946bbb84d2c923db85 - Path: Packages/com.unity.test-framework/UnityEditor.TestRunner/TestRunner/Utils/EditorAssemblyWrapper.cs - Importer: ScriptedImporter/UnityEditor.QuickSearchModule:UnityEditor.Search:ASIAI0B -> (ImportResultId: '8e8943bf147758e126b9aa155a99ac4a') in 0.009636438 seconds
[Worker1] Imported GUID: fedb0f9e5006b1943abae52f52f08a1a - Path: Packages/com.unity.test-framework/UnityEngine.TestRunner/NUnitExtensions/Attributes/UnityTestAttribute.cs - Importer: ScriptedImporter/UnityEditor.QuickSearchModule:UnityEditor.Search:ASIAI0B -> (ImportResultId: '4b3a85b913d4582a4f98643a2bb1529c') in 0.009982795 seconds
[Worker0] Imported GUID: 342d9ef4da0a19b49877f576c2deec14 - Path: Packages/com.unity.test-framework/UnityEditor.TestRunner/TestRun/Tasks/TestTaskBase.cs - Importer: ScriptedImporter/UnityEditor.QuickSearchModule:UnityEditor.Search:ASIAI0B -> (ImportResultId: 'e76196bc3719a2eeaaf32893082e4f89') in 0.009799663 seconds
[Worker2] Imported GUID: 7f65567c9026afb4db5de3355accc636 - Path: Packages/com.unity.test-framework/UnityEngine.TestRunner/NUnitExtensions/Commands/BeforeAfterTestCommandState.cs - Importer: ScriptedImporter/UnityEditor.QuickSearchModule:UnityEditor.Search:ASIAI0B -> (ImportResultId: '049e4b006cdfbcd6958fe4848daaa436') in 0.009235369 seconds
[Worker1] Imported GUID: 5440c1153b397e14c9c7b1d6eb83b9f9 - Path: Packages/com.unity.test-framework/UnityEngine.TestRunner/NUnitExtensions/Attributes/UnityPlatformAttribute.cs - Importer: ScriptedImporter/UnityEditor.QuickSearchModule:UnityEditor.Search:ASIAI0B -> (ImportResultId: 'ca582bbd3bc6199e4f6d5606d44d5217') in 0.008784527 seconds
[Worker1] Imported GUID: f3a361a6ad1aff14ba8f48976e94ad76 - Path: Packages/com.unity.test-framework/UnityEngine.TestRunner/Utils/AssemblyProvider/ScriptingRuntimeProxy.cs - Importer: ScriptedImporter/UnityEditor.QuickSearchModule:UnityEditor.Search:ASIAI0B -> (ImportResultId: '67fb860d3b6f4bae3b362778182c426c') in 0.011822559 seconds
[Worker2] Imported GUID: 43a3aec217baa9644a7cf34b5f93fed9 - Path: Packages/com.unity.test-framework/UnityEngine.TestRunner/Utils/AssemblyProvider/PlayerTestAssemblyProvider.cs - Importer: ScriptedImporter/UnityEditor.QuickSearchModule:UnityEditor.Search:ASIAI0B -> (ImportResultId: 'ed1c3ed71691baa36230e4fa2622fbd8') in 0.011832808 seconds
[Worker0] Imported GUID: 5c15bf0966eb95847a4260d830a30d30 - Path: Packages/com.unity.test-framework/UnityEngine.TestRunner/NUnitExtensions/Runner/WorkItemFactory.cs - Importer: ScriptedImporter/UnityEditor.QuickSearchModule:UnityEditor.Search:ASIAI0B -> (ImportResultId: 'e378e0fe549618b39d361ca0133b9885') in 0.011956559 seconds
[Worker0] Imported GUID: f180b12c4cff494c91056caa03f9c109 - Path: Packages/com.unity.test-framework/UnityEngine.TestRunner/NUnitExtensions/Commands/RetryCommand.cs - Importer: ScriptedImporter/UnityEditor.QuickSearchModule:UnityEditor.Search:ASIAI0B -> (ImportResultId: '8a1994c5083b3078a850e670b57d11e7') in 0.013134337 seconds
[Worker2] Imported GUID: 1c5afe945b715e149a70113a4be7b32a - Path: Packages/com.unity.test-framework/UnityEngine.TestRunner/Utils/AssemblyProvider/IAssemblyWrapper.cs - Importer: ScriptedImporter/UnityEditor.QuickSearchModule:UnityEditor.Search:ASIAI0B -> (ImportResultId: '017dfa91c9ae9ac71d82eb99d0f64b72') in 0.013601189 seconds
[Worker1] Imported GUID: d2ca9278c9dd49df877d622d0f657ecf - Path: Packages/com.unity.test-framework/UnityEngine.TestRunner/NUnitExtensions/Commands/UnityTestMethodCommand.cs - Importer: ScriptedImporter/UnityEditor.QuickSearchModule:UnityEditor.Search:ASIAI0B -> (ImportResultId: '517064e21cbd673d64a11d11c032860a') in 0.014552414 seconds
[Worker0] Imported GUID: 110d5035a36a6a34580fb65bb40cd78f - Path: Packages/com.unity.test-framework/UnityEngine.TestRunner/NUnitExtensions/Runner/CompositeWorkItem.cs - Importer: ScriptedImporter/UnityEditor.QuickSearchModule:UnityEditor.Search:ASIAI0B -> (ImportResultId: '5f91cb82077ac81f0641869b3f36e32c') in 0.010705454 seconds
[Worker2] Imported GUID: f2675f346a0926b4aa7928805fd8bc9c - Path: Packages/com.unity.test-framework/UnityEditor.TestRunner/TestRun/Tasks/Events/CreateEventsTask.cs - Importer: ScriptedImporter/UnityEditor.QuickSearchModule:UnityEditor.Search:ASIAI0B -> (ImportResultId: '98e8f0d3d6f38ceab3245b02a799916f') in 0.010530517 seconds
[Worker1] Imported GUID: 79ced2556f0af814a840b86232613ff1 - Path: Packages/com.unity.test-framework/UnityEngine.TestRunner/NUnitExtensions/Runner/UnityWorkItem.cs - Importer: ScriptedImporter/UnityEditor.QuickSearchModule:UnityEditor.Search:ASIAI0B -> (ImportResultId: '6b9d0f15e2e79492d15aadc54f75992c') in 0.010008552 seconds
[Worker2] Imported GUID: 203984dce16ec4246a37d5b4f555c858 - Path: Packages/com.unity.test-framework/UnityEngine.TestRunner/NUnitExtensions/Runner/TestCommandWrapperRegistry.cs - Importer: ScriptedImporter/UnityEditor.QuickSearchModule:UnityEditor.Search:ASIAI0B -> (ImportResultId: 'c671f3e1b60d229590bdafb8f5682574') in 0.00937499 seconds
[Worker0] Imported GUID: 12dfd4bdbb5c8e6419432fbc54ef25d9 - Path: Packages/com.unity.test-framework/UnityEngine.TestRunner/Utils/AssemblyProvider/IAssemblyLoadProxy.cs - Importer: ScriptedImporter/UnityEditor.QuickSearchModule:UnityEditor.Search:ASIAI0B -> (ImportResultId: 'f7e218549b0c2dccd7f59fa4e156dda9') in 0.009669179 seconds
[Worker1] Imported GUID: 41d60936b62cc6d4ca7fe628b22b0e40 - Path: Packages/com.unity.test-framework/UnityEngine.TestRunner/TestRunner/RemoteHelpers/PlayerConnectionMessageIds.cs - Importer: ScriptedImporter/UnityEditor.QuickSearchModule:UnityEditor.Search:ASIAI0B -> (ImportResultId: 'e3e6d25a7d366fbf4bf5c33c4b3e3aea') in 0.009099265 seconds
[Worker2] Imported GUID: 2de8ba3b840049641897e0da7ce1d5cd - Path: Packages/com.unity.test-framework/UnityEngine.TestRunner/NUnitExtensions/Commands/TestActionCommand.cs - Importer: ScriptedImporter/UnityEditor.QuickSearchModule:UnityEditor.Search:ASIAI0B -> (ImportResultId: '3653a4b247af58ca1720b6a95b06c801') in 0.009527675 seconds
[Worker1] Imported GUID: ebeedaa04bb53e24ba2e7fb6745e3fd3 - Path: Packages/com.unity.test-framework/UnityEngine.TestRunner/NUnitExtensions/Filters/CategoryFilterExtended.cs - Importer: ScriptedImporter/UnityEditor.QuickSearchModule:UnityEditor.Search:ASIAI0B -> (ImportResultId: 'c963c3a6a217132fe5079ed7523bae5f') in 0.009104104 seconds
[Worker0] Imported GUID: 68e5dc8bfd5d72647a93b7f2e1da831a - Path: Packages/com.unity.test-framework/UnityEngine.TestRunner/NUnitExtensions/Runner/FailCommand.cs - Importer: ScriptedImporter/UnityEditor.QuickSearchModule:UnityEditor.Search:ASIAI0B -> (ImportResultId: '97c6618fb5965808eeb20898168b713a') in 0.009381693 seconds
[Worker1] Imported GUID: e0db3f3921670cd4ca2e925737c3fba4 - Path: Packages/com.unity.test-framework/UnityEngine.TestRunner/NUnitExtensions/Commands/SetUpTearDownCommand.cs - Importer: ScriptedImporter/UnityEditor.QuickSearchModule:UnityEditor.Search:ASIAI0B -> (ImportResultId: 'e5c39f12768d650b596665a4cbc583e3') in 0.009711638 seconds
[Worker2] Imported GUID: 311d065aced2092409deadf0c0934f61 - Path: Packages/com.unity.test-framework/UnityEditor.TestRunner/TestRun/Tasks/Events/RegisterCallbackDelegatorEventsTask.cs - Importer: ScriptedImporter/UnityEditor.QuickSearchModule:UnityEditor.Search:ASIAI0B -> (ImportResultId: 'debe3fdb5185f03318242a0664381d0d') in 0.009854665 seconds
[Worker0] Imported GUID: 59ff995fabb3bac45afa0f96f333e5dc - Path: Packages/com.unity.test-framework/UnityEngine.TestRunner/NUnitExtensions/Runner/UnityTestExecutionContext.cs - Importer: ScriptedImporter/UnityEditor.QuickSearchModule:UnityEditor.Search:ASIAI0B -> (ImportResultId: '57450c0fefc381b6295af0b3c08b509d') in 0.01082126 seconds
[Worker1] Imported GUID: 5ebb87899ca30b743bb4274bc00c02b4 - Path: Packages/com.unity.test-framework/UnityEngine.TestRunner/TestRunner/Callbacks/TestResultRenderer.cs - Importer: ScriptedImporter/UnityEditor.QuickSearchModule:UnityEditor.Search:ASIAI0B -> (ImportResultId: 'f4a22cae3aae488fcae18de0de4f633b') in 0.009667797 seconds
[Worker2] Imported GUID: 874c0713cdc44f549b0161750b48d2c2 - Path: Packages/com.unity.test-framework/UnityEngine.TestRunner/TestRunner/RemoteHelpers/IRemoteTestResultDataFactory.cs - Importer: ScriptedImporter/UnityEditor.QuickSearchModule:UnityEditor.Search:ASIAI0B -> (ImportResultId: '484ea6f710b34fb50a9aa0a7547e9679') in 0.009558282 seconds
[Worker0] Imported GUID: 851f94140ec64b7db846948429a87f01 - Path: Packages/com.unity.test-framework/UnityEngine.TestRunner/NUnitExtensions/Commands/RepeatCommand.cs - Importer: ScriptedImporter/UnityEditor.QuickSearchModule:UnityEditor.Search:ASIAI0B -> (ImportResultId: '183f7a8e70e0e6805818f8a887dcf1be') in 0.011479779 seconds
[Worker1] Imported GUID: 48230e4e90fb4d14a9d56bddea898413 - Path: Packages/com.unity.test-framework/UnityEngine.TestRunner/NUnitExtensions/Runner/UnityLogCheckDelegatingCommand.cs - Importer: ScriptedImporter/UnityEditor.QuickSearchModule:UnityEditor.Search:ASIAI0B -> (ImportResultId: '08174b2cb66170fea1cbd9ff2c0d8107') in 0.009534828 seconds
[Worker2] Imported GUID: fe4aef60e4ace544c8430da8ef8acba2 - Path: Packages/com.unity.test-framework/UnityEngine.TestRunner/Utils/AssemblyProvider/IScriptingRuntimeProxy.cs - Importer: ScriptedImporter/UnityEditor.QuickSearchModule:UnityEditor.Search:ASIAI0B -> (ImportResultId: '2e2e0cb9249cd903ffcdceeb99332b64') in 0.009336919 seconds
[Worker0] Imported GUID: b135ec222fdcd11468014c90d11d6821 - Path: Packages/com.unity.test-framework/UnityEngine.TestRunner/TestRunner/RemoteHelpers/RemoteTestData.cs - Importer: ScriptedImporter/UnityEditor.QuickSearchModule:UnityEditor.Search:ASIAI0B -> (ImportResultId: '7424e011e62948d752c4607c24f1fdbf') in 0.011240793 seconds
[Worker1] Imported GUID: 7d2d4145ec6c42dabb2d7af8e58224db - Path: Packages/com.unity.test-framework/UnityEngine.TestRunner/NUnitExtensions/Commands/TimeoutCommand.cs - Importer: ScriptedImporter/UnityEditor.QuickSearchModule:UnityEditor.Search:ASIAI0B -> (ImportResultId: 'c1e7d477cb64f122a4b807899b28ee5d') in 0.010253951 seconds
[Worker2] Imported GUID: dfc336f10b83bd74eaded16a658275c7 - Path: Packages/com.unity.test-framework/UnityEngine.TestRunner/TestRunner/Callbacks/TestResultRendererCallback.cs - Importer: ScriptedImporter/UnityEditor.QuickSearchModule:UnityEditor.Search:ASIAI0B -> (ImportResultId: 'd6eb7a1c91cf8c3d8afc0d96d22fea6f') in 0.010104211 seconds
[Worker0] Imported GUID: 826b6becaef90fb458eedebe4c2f3664 - Path: Packages/com.unity.test-framework/UnityEngine.TestRunner/TestRunner/RemoteHelpers/RemoteTestResultDataFactory.cs - Importer: ScriptedImporter/UnityEditor.QuickSearchModule:UnityEditor.Search:ASIAI0B -> (ImportResultId: '322fc20a75e5864e0352755645aa7f4d') in 0.011500267 seconds
[Worker1] Imported GUID: 8349e42a2b30c7a4abd8678c203428ba - Path: Packages/com.unity.test-framework/UnityEngine.TestRunner/NUnitExtensions/Commands/ImmediateEnumerableCommand.cs - Importer: ScriptedImporter/UnityEditor.QuickSearchModule:UnityEditor.Search:ASIAI0B -> (ImportResultId: '179a9f085c8eb14539d74725bf3f543c') in 0.010065008 seconds
[Worker2] Imported GUID: 91319408591cec1478efd3c62f9f418a - Path: Packages/com.unity.test-framework/UnityEngine.TestRunner/NUnitExtensions/Filters/AssemblyNameFilter.cs - Importer: ScriptedImporter/UnityEditor.QuickSearchModule:UnityEditor.Search:ASIAI0B -> (ImportResultId: '70701ccb0a4ac3c845640a594455b4e5') in 0.009923414 seconds
[Worker0] Imported GUID: 475e3699f219c854f8581a9838135002 - Path: Packages/com.unity.test-framework/UnityEngine.TestRunner/TestRunner/RemoteHelpers/RemoteTestResultDataWithTestData.cs - Importer: ScriptedImporter/UnityEditor.QuickSearchModule:UnityEditor.Search:ASIAI0B -> (ImportResultId: '87f0269c0297310411c7ddb5cf68cae7') in 0.010040492 seconds
[Worker1] Imported GUID: f40df9c8cf926b241b093a37028d8815 - Path: Packages/com.unity.test-framework/UnityEngine.TestRunner/NUnitExtensions/Runner/TestCommandBuilder.cs - Importer: ScriptedImporter/UnityEditor.QuickSearchModule:UnityEditor.Search:ASIAI0B -> (ImportResultId: '00bd03fc79e7617257040aee8c1dee0f') in 0.009603437 seconds
[Worker2] Imported GUID: 26721f9940339264fb14bdbfe1290e21 - Path: Packages/com.unity.test-framework/UnityEngine.TestRunner/NUnitExtensions/Runner/RestoreTestContextAfterDomainReload.cs - Importer: ScriptedImporter/UnityEditor.QuickSearchModule:UnityEditor.Search:ASIAI0B -> (ImportResultId: '6ca2f89bf9afff768271f10809b59793') in 0.009602524 seconds
[Worker0] Imported GUID: 898bc38486fc899428fbe5bd6adfe473 - Path: Packages/com.unity.test-framework/UnityEngine.TestRunner/TestRunner/Messages/IEditModeTestYieldInstruction.cs - Importer: ScriptedImporter/UnityEditor.QuickSearchModule:UnityEditor.Search:ASIAI0B -> (ImportResultId: '402bfeb93cbc7ded3807e0326d914866') in 0.009270435 seconds
[Worker2] Imported GUID: e55eddf2afda488db58fb17f985fee99 - Path: Packages/com.unity.test-framework/UnityEngine.TestRunner/NUnitExtensions/Commands/IgnoreTestCommand.cs - Importer: ScriptedImporter/UnityEditor.QuickSearchModule:UnityEditor.Search:ASIAI0B -> (ImportResultId: 'b058d3f5d827d67eb52ddafc154c6cc8') in 0.009439781 seconds
[Worker1] Imported GUID: b557515fff172984e8c4400b43f1c631 - Path: Packages/com.unity.test-framework/UnityEngine.TestRunner/NUnitExtensions/Runner/CoroutineTestWorkItem.cs - Importer: ScriptedImporter/UnityEditor.QuickSearchModule:UnityEditor.Search:ASIAI0B -> (ImportResultId: 'fb21abc01dacedd10ade401382e8a0d1') in 0.009608606 seconds
[Worker0] Imported GUID: dd85a35169d313840a0874aea1a28629 - Path: Packages/com.unity.test-framework/UnityEngine.TestRunner/NUnitExtensions/Commands/EnumerableSetUpTearDownCommand.cs - Importer: ScriptedImporter/UnityEditor.QuickSearchModule:UnityEditor.Search:ASIAI0B -> (ImportResultId: '676284ced7fe8be42829e84da634ec28') in 0.009399586 seconds
[Worker2] Imported GUID: 2e3b9bbf2c1a3cd4f88883ca32882ec6 - Path: Packages/com.unity.test-framework/UnityEngine.TestRunner/Utils/AssemblyProvider/AssemblyWrapper.cs - Importer: ScriptedImporter/UnityEditor.QuickSearchModule:UnityEditor.Search:ASIAI0B -> (ImportResultId: '7c5581357eb1479de01b6c19083821c2') in 0.009537193 seconds
[Worker1] Imported GUID: 7ef6801a8b664544aa9f2ab1bc1f8b60 - Path: Packages/com.unity.test-framework/UnityEngine.TestRunner/NUnitExtensions/Runner/PlaymodeWorkItemFactory.cs - Importer: ScriptedImporter/UnityEditor.QuickSearchModule:UnityEditor.Search:ASIAI0B -> (ImportResultId: 'b637d389ac0506767631ff02a9ecbb98') in 0.009481249 seconds
[Worker0] Imported GUID: 164c9b1458eaab743a4b45c37a4d720d - Path: Packages/com.unity.test-framework/UnityEngine.TestRunner/Utils/MonoBehaviourTest/MonoBehaviourTest.cs - Importer: ScriptedImporter/UnityEditor.QuickSearchModule:UnityEditor.Search:ASIAI0B -> (ImportResultId: '5c10992df929c2ec1ff54621f8c92a1b') in 0.009433839 seconds
[Worker1] Imported GUID: 3cf5cb9e1ef590c48b1f919f2a7bd895 - Path: Packages/com.unity.test-framework/UnityEngine.TestRunner/TestRunner/Callbacks/PlayModeRunnerCallback.cs - Importer: ScriptedImporter/UnityEditor.QuickSearchModule:UnityEditor.Search:ASIAI0B -> (ImportResultId: 'fcaf52279214e31d203305b82c3ec42a') in 0.009908617 seconds
[Worker2] Imported GUID: 0d4fc309a0784294c8ab658b53b12320 - Path: Packages/com.unity.test-framework/UnityEngine.TestRunner/NUnitExtensions/Commands/OuterUnityTestActionCommand.cs - Importer: ScriptedImporter/UnityEditor.QuickSearchModule:UnityEditor.Search:ASIAI0B -> (ImportResultId: 'e7995107fe92614230e2fccde0f0a9b0') in 0.010810279 seconds
[Worker0] Imported GUID: 33e6b78c96bb0694e96383e3c56b7b54 - Path: Packages/com.unity.test-framework/UnityEngine.TestRunner/NUnitExtensions/Commands/TestCommandPcHelper.cs - Importer: ScriptedImporter/UnityEditor.QuickSearchModule:UnityEditor.Search:ASIAI0B -> (ImportResultId: 'aa98531442203fa2d84d219e78ee976b') in 0.010290389 seconds
[Worker1] Imported GUID: 5b3e90046c38f1d4dad2e0d5a79e871c - Path: Packages/com.unity.test-framework/UnityEngine.TestRunner/NUnitExtensions/Runner/UnityWorkItemDataHolder.cs - Importer: ScriptedImporter/UnityEditor.QuickSearchModule:UnityEditor.Search:ASIAI0B -> (ImportResultId: 'e289a813dc5e055fadf8de7e5ec3efda') in 0.010194209 seconds
[Worker2] Imported GUID: 1e42d5fdba604f0786aac7fcaaa84cf7 - Path: Packages/com.unity.test-framework/UnityEngine.TestRunner/NUnitExtensions/Filters/EditorOnlyFilter.cs - Importer: ScriptedImporter/UnityEditor.QuickSearchModule:UnityEditor.Search:ASIAI0B -> (ImportResultId: '8e5cae76a5617a6ca95f270ee4ae457f') in 0.010290419 seconds
[Worker0] Imported GUID: c7cfda246e604b945b12b7afedb094ce - Path: Packages/com.unity.test-framework/UnityEngine.TestRunner/NUnitExtensions/Runner/DefaultTestWorkItem.cs - Importer: ScriptedImporter/UnityEditor.QuickSearchModule:UnityEditor.Search:ASIAI0B -> (ImportResultId: 'fd4161fe5f342363b1fdb55f49403cba') in 0.011365957 seconds
[Worker2] Imported GUID: fb593906b7b6d824087dcaebf6c082e0 - Path: Packages/com.unity.test-framework/UnityEngine.TestRunner/Utils/AssemblyProvider/AssemblyLoadProxy.cs - Importer: ScriptedImporter/UnityEditor.QuickSearchModule:UnityEditor.Search:ASIAI0B -> (ImportResultId: '60b2372c412b37c944e0008b52629c15') in 0.009354642 seconds
[Worker1] Imported GUID: 19a6f000f81e24c4a826c1abd43e77c7 - Path: Packages/com.unity.test-framework/UnityEngine.TestRunner/NUnitExtensions/Commands/EnumerableTestMethodCommand.cs - Importer: ScriptedImporter/UnityEditor.QuickSearchModule:UnityEditor.Search:ASIAI0B -> (ImportResultId: '442ed053fe1be4ff816b870ddc8f07ed') in 0.009693084 seconds
[Worker0] Imported GUID: 8c20c76a75f088a46933d6a707744be4 - Path: Packages/com.unity.test-framework/UnityEngine.TestRunner/NUnitExtensions/Runner/ITestCommandWrapper.cs - Importer: ScriptedImporter/UnityEditor.QuickSearchModule:UnityEditor.Search:ASIAI0B -> (ImportResultId: '60950a50f273be32d83e4369e0665fad') in 0.010675878 seconds
[Worker2] Imported GUID: e948790d8b7e42e2abef6c45c5bc4c76 - Path: Packages/com.unity.test-framework/UnityEngine.TestRunner/NUnitExtensions/Filters/NonExplicitFilter.cs - Importer: ScriptedImporter/UnityEditor.QuickSearchModule:UnityEditor.Search:ASIAI0B -> (ImportResultId: 'b023002dc0abb652468c2865406a4835') in 0.008588332 seconds
[Worker1] Imported GUID: a002d3737b873954395b7cf862873ab8 - Path: Packages/com.unity.test-framework/UnityEngine.TestRunner/Utils/MonoBehaviourTest/IMonoBehaviourTest.cs - Importer: ScriptedImporter/UnityEditor.QuickSearchModule:UnityEditor.Search:ASIAI0B -> (ImportResultId: '088744cb8521b8eade0f55e36671bd5f') in 0.008476423 seconds
[Worker0] Imported GUID: 03e4d63665d06f04c8a6cf68133c1592 - Path: Packages/com.unity.test-framework/UnityEngine.TestRunner/TestRunner/RemoteHelpers/RemoteTestResultData.cs - Importer: ScriptedImporter/UnityEditor.QuickSearchModule:UnityEditor.Search:ASIAI0B -> (ImportResultId: '28e31dbda4482cbcaefe2a734b01c995') in 0.009418341 seconds
[Worker2] Imported GUID: 9bbdc426fc0a48e1b66deaac7ea8f64c - Path: Packages/com.unity.test-framework/UnityEngine.TestRunner/NUnitExtensions/Commands/IgnoreTest.cs - Importer: ScriptedImporter/UnityEditor.QuickSearchModule:UnityEditor.Search:ASIAI0B -> (ImportResultId: 'c3d1faf1aeb184fd5898a4a9a7ddf4d6') in 0.008521447 seconds
[Worker1] Imported GUID: d9b3520efe42f4ee887f8b99b7e1deae - Path: Packages/com.unity.test-framework/UnityEditor.TestRunner/TestRun/Tasks/Events/RegisterTestRunCallbackEventsTask.cs - Importer: ScriptedImporter/UnityEditor.QuickSearchModule:UnityEditor.Search:ASIAI0B -> (ImportResultId: '7264697147f3ab3b17027e2cc19c0ad0') in 0.008921683 seconds
[Worker1] Imported GUID: cc294d4e597b4ba5acf52ad834cce210 - Path: Packages/com.unity.test-framework/UnityEngine.TestRunner/NUnitExtensions/Commands/StrictCheckCommand.cs - Importer: ScriptedImporter/UnityEditor.QuickSearchModule:UnityEditor.Search:ASIAI0B -> (ImportResultId: 'ffb799996cb3fd802b88860f8ed793fe') in 0.009142476 seconds
[Worker2] Imported GUID: dbd43d8a3b8122d4e89b055f53382b11 - Path: Packages/com.unity.test-framework/UnityEngine.TestRunner/NUnitExtensions/Runner/IEnumerableTestMethodCommand.cs - Importer: ScriptedImporter/UnityEditor.QuickSearchModule:UnityEditor.Search:ASIAI0B -> (ImportResultId: 'a824da91a1a235f14ff9fec79a8f0ced') in 0.00972821 seconds
[Worker0] Imported GUID: 874e40a588dbb1e48bc128d686337d4e - Path: Packages/com.unity.test-framework/UnityEngine.TestRunner/NUnitExtensions/Runner/UnityTestAssemblyRunner.cs - Importer: ScriptedImporter/UnityEditor.QuickSearchModule:UnityEditor.Search:ASIAI0B -> (ImportResultId: 'a0fcf7c21394ed31563d224e6a2dd1f3') in 0.011433443 seconds
[Worker1] Imported GUID: 356852e4738840b4b1ab533d3a66f0e1 - Path: Packages/com.unity.test-framework/UnityEngine.TestRunner/NUnitExtensions/Commands/EnumerableTestState.cs - Importer: ScriptedImporter/UnityEditor.QuickSearchModule:UnityEditor.Search:ASIAI0B -> (ImportResultId: 'b8e4bb67849ca7984406b9a298e3dd8a') in 0.010064497 seconds
[Worker0] Imported GUID: 20793418366caf14293b29c55df5e9ec - Path: Packages/com.unity.test-framework/UnityEngine.TestRunner/TestRunner/Callbacks/RemoteTestResultSender.cs - Importer: ScriptedImporter/UnityEditor.QuickSearchModule:UnityEditor.Search:ASIAI0B -> (ImportResultId: '5d0a04e417f33234fb31946f6f67bd9a') in 0.010188689 seconds
[Worker2] Imported GUID: 94cf1990d9304aff8063ceaa4bc68f6d - Path: Packages/com.unity.test-framework/UnityEngine.TestRunner/NUnitExtensions/Filters/AndFilterExtended.cs - Importer: ScriptedImporter/UnityEditor.QuickSearchModule:UnityEditor.Search:ASIAI0B -> (ImportResultId: 'd5c3bf8a104ebe41020c0d75dcd79f9f') in 0.011227919 seconds
[Worker0] Imported GUID: ad85854b14d4140d88447bdce2fac91f - Path: Packages/com.unity.test-framework/UnityEngine.TestRunner/NUnitExtensions/Commands/TaskTestMethodCommand.cs - Importer: ScriptedImporter/UnityEditor.QuickSearchModule:UnityEditor.Search:ASIAI0B -> (ImportResultId: 'abf06db0a0c7c1969b2ea07e64d016e7') in 0.009298267 seconds
[Worker1] Imported GUID: 74987b94d22047d8b286a727906b7019 - Path: Packages/com.unity.test-framework/UnityEngine.TestRunner/NUnitExtensions/Commands/ParametrizedIgnoreCommand.cs - Importer: ScriptedImporter/UnityEditor.QuickSearchModule:UnityEditor.Search:ASIAI0B -> (ImportResultId: 'bfe2e8a6edaa8360fec6389b59b2ab61') in 0.010332427 seconds
[Worker2] Imported GUID: f07fb40f4e944ebeb84eb8f8a6bb5b13 - Path: Packages/com.unity.test-framework/UnityEngine.TestRunner/NUnitExtensions/Filters/FullNameFilter.cs - Importer: ScriptedImporter/UnityEditor.QuickSearchModule:UnityEditor.Search:ASIAI0B -> (ImportResultId: '90ee71ddf2cb701982d9a88c740295e3') in 0.009222585 seconds
[Worker0] Imported GUID: f8ed0b11850145c4995dd76170bb2500 - Path: Packages/com.unity.test-framework/UnityEngine.TestRunner/TestRunner/Callbacks/PlayerQuitHandler.cs - Importer: ScriptedImporter/UnityEditor.QuickSearchModule:UnityEditor.Search:ASIAI0B -> (ImportResultId: 'ee4739d08b666e9ac418d0c872cd2d82') in 0.009174556 seconds
[Worker1] Imported GUID: b97961a82e5e4e66b8f6fa0ce8b5b9e2 - Path: Packages/com.unity.test-framework/UnityEngine.TestRunner/NUnitExtensions/Runner/FeatureFlags.cs - Importer: ScriptedImporter/UnityEditor.QuickSearchModule:UnityEditor.Search:ASIAI0B -> (ImportResultId: '81ea8748770238523980dad285cc6bd0') in 0.009094857 seconds
[Worker1] Imported GUID: 8e2f4b3c9d7a4e64f85a1c2b3d4e5f6a - Path: Packages/com.unity.inputsystem/InputSystem/Editor/InputSystemEditorInitializer.cs - Importer: ScriptedImporter/UnityEditor.QuickSearchModule:UnityEditor.Search:ASIAI0B -> (ImportResultId: '111541d9c10ff1b33a9fdf49f4d4508f') in 0.01230506 seconds
[Worker0] Imported GUID: ab19dca503e90904e95faefddb68150d - Path: Packages/com.unity.test-framework/UnityEditor.TestRunner/TestRun/Tasks/Scene/ReloadModifiedScenesTask.cs - Importer: ScriptedImporter/UnityEditor.QuickSearchModule:UnityEditor.Search:ASIAI0B -> (ImportResultId: 'e1122b4675d57855b620ee022ceef329') in 0.012400077 seconds
[Worker2] Imported GUID: 881143a1a3652e343bdcc07166d6f6f6 - Path: Packages/com.unity.test-framework/UnityEditor.TestRunner/TestRun/Tasks/Scene/SaveModifiedSceneTask.cs - Importer: ScriptedImporter/UnityEditor.QuickSearchModule:UnityEditor.Search:ASIAI0B -> (ImportResultId: '0b0023be501892d281a5bc9887a20438') in 0.012480597 seconds
[Worker1] Imported GUID: 3bbc200178984676a2dcb977a2fe3bae - Path: Packages/com.unity.inputsystem/DocCodeSamples.Tests/GamepadHapticsExample.cs - Importer: ScriptedImporter/UnityEditor.QuickSearchModule:UnityEditor.Search:ASIAI0B -> (ImportResultId: 'd60924123130d33faa619e2b29db9815') in 0.012480708 seconds
[Worker2] Imported GUID: 31d26a10516a4ac7a9bfdcac13a6386e - Path: Packages/com.unity.test-framework/UnityEditor.TestRunner/TestRun/Tasks/Platform/PlatformSpecificSuccessfulLaunchTask.cs - Importer: ScriptedImporter/UnityEditor.QuickSearchModule:UnityEditor.Search:ASIAI0B -> (ImportResultId: 'cbab3d220c7a6fd94a3caaf363821ba2') in 0.012002054 seconds
[Worker0] Imported GUID: 4f0f9b9f3ed97ad2b9ba8f1a8e4666c2 - Path: Packages/com.unity.modules.uielements/package.json - Importer: ScriptedImporter/UnityEditor.QuickSearchModule:UnityEditor.Search:ASIAI0B -> (ImportResultId: '756b0703ed73e35f16b674cd945c607e') in 0.012521153 seconds
[Worker2] Imported GUID: 96d14b71b907bb52333b2886e665aba6 - Path: Packages/com.unity.modules.video/package.json - Importer: ScriptedImporter/UnityEditor.QuickSearchModule:UnityEditor.Search:ASIAI0B -> (ImportResultId: 'cd9688c05997d3afc610c51a7bdae6a8') in 0.009145212 seconds
[Worker1] Imported GUID: 222fc39b0c85d800342910da2cd64781 - Path: Packages/com.unity.modules.assetbundle/package.ModuleCompilationTrigger - Importer: ScriptedImporter/UnityEditor.QuickSearchModule:UnityEditor.Search:ASIAI0B -> (ImportResultId: '28eef7b6aa44cae3c996927e50af3014') in 0.009394737 seconds
[Worker0] Imported GUID: 337f28535644395459f6de8c60d9db37 - Path: Packages/com.unity.test-framework/UnityEditor.TestRunner/TestRun/Tasks/Scene/RestoreSceneSetupTask.cs - Importer: ScriptedImporter/UnityEditor.QuickSearchModule:UnityEditor.Search:ASIAI0B -> (ImportResultId: '40ec25e91f530b1a82e58ee719a7cf31') in 0.010986198 seconds
[Worker1] Imported GUID: 7182f63b24b00b44bbc83a3491c911e8 - Path: Packages/com.unity.inputsystem/InputSystem/Editor/EditorInputControlLayoutCache.cs - Importer: ScriptedImporter/UnityEditor.QuickSearchModule:UnityEditor.Search:ASIAI0B -> (ImportResultId: '6aaf02f8a5cc169826dac5af1b7c0722') in 0.009047308 seconds
[Worker2] Imported GUID: 9b1a5759726ef9d39a0ab82047b615f1 - Path: Packages/com.unity.modules.hierarchycore/package.json - Importer: ScriptedImporter/UnityEditor.QuickSearchModule:UnityEditor.Search:ASIAI0B -> (ImportResultId: 'de46d62697f776ab321ba49ddcf62c3f') in 0.009256649 seconds
[Worker0] Imported GUID: 49284fdc918b491aa9f4439e6cc59c9c - Path: Packages/com.unity.test-framework/UnityEditor.TestRunner/TestRun/Tasks/Platform/PlatformSpecificSetupTask.cs - Importer: ScriptedImporter/UnityEditor.QuickSearchModule:UnityEditor.Search:ASIAI0B -> (ImportResultId: '911e0f0ef0f5795fc03fe4e71143f55a') in 0.008699639 seconds
[Worker1] Imported GUID: ae87256f29d9c8b50490f4caf75b2c41 - Path: Packages/com.unity.modules.unitywebrequestwww/package.ModuleCompilationTrigger - Importer: ScriptedImporter/UnityEditor.QuickSearchModule:UnityEditor.Search:ASIAI0B -> (ImportResultId: 'b28b8a9af3b9380282f1f948fb65ae8a') in 0.009678296 seconds
[Worker2] Imported GUID: 6dff66623000ef448ab68db41d803d95 - Path: Packages/com.unity.test-framework/UnityEditor.TestRunner/TestRun/Tasks/Scene/CreateNewSceneTask.cs - Importer: ScriptedImporter/UnityEditor.QuickSearchModule:UnityEditor.Search:ASIAI0B -> (ImportResultId: '99796c832134dc32ed012b127b38dc47') in 0.009522615 seconds
[Worker0] Imported GUID: c5c78f2ef0d32a948bbb93266ef69a6a - Path: Packages/com.unity.test-framework/UnityEditor.TestRunner/TestRun/Tasks/Events/UpdateTestProgressTask.cs - Importer: ScriptedImporter/UnityEditor.QuickSearchModule:UnityEditor.Search:ASIAI0B -> (ImportResultId: '574b2bf6c5447c5f24f3e0b501cf75b9') in 0.008763188 seconds
[Worker0] Imported GUID: 41b01d3964f844d8b43923c18b3a9a6f - Path: Packages/com.unity.inputsystem/DocCodeSamples.Tests/DocCodeSamples.asmdef - Importer: ScriptedImporter/UnityEditor.QuickSearchModule:UnityEditor.Search:ASIAI0B -> (ImportResultId: '6e489fdda438f17c95b429c51f693dd6') in 0.009140021 seconds
[Worker1] Imported GUID: 5da62a0c1c5218c4aa16b74546a7822d - Path: Packages/com.unity.ext.nunit/README.md - Importer: ScriptedImporter/UnityEditor.QuickSearchModule:UnityEditor.Search:ASIAI0B -> (ImportResultId: '962c63f73daa6e0129ba8e385766a413') in 0.009464056 seconds
[Worker2] Imported GUID: a3e12f7b92d6e49c0b430ae7813c2398 - Path: Packages/com.unity.inputsystem/CHANGELOG.md - Importer: ScriptedImporter/UnityEditor.QuickSearchModule:UnityEditor.Search:ASIAI0B -> (ImportResultId: 'fee474760ff00414beaf1d277cd2d808') in 0.009837263 seconds
[Worker2] Imported GUID: f747a892239fb40f9a9b9e2acf9929ee - Path: Packages/com.unity.inputsystem/README.md - Importer: ScriptedImporter/UnityEditor.QuickSearchModule:UnityEditor.Search:ASIAI0B -> (ImportResultId: 'b7cfd56918ac558fcde855228f1afb70') in 0.009204251 seconds
[Worker0] Imported GUID: 026e1117180341c1bf7847a2cc61f75b - Path: Packages/com.unity.inputsystem/DocCodeSamples.Tests/InputSystemUIInputModuleAssignActionsExample.cs - Importer: ScriptedImporter/UnityEditor.QuickSearchModule:UnityEditor.Search:ASIAI0B -> (ImportResultId: '237f54582d55224d5024fe4649855664') in 0.009556458 seconds
[Worker1] Imported GUID: c24a1e88fc49dce47930834ff9997443 - Path: Packages/com.unity.test-framework/UnityEditor.TestRunner/TestRun/Tasks/Scene/ISceneWrapper.cs - Importer: ScriptedImporter/UnityEditor.QuickSearchModule:UnityEditor.Search:ASIAI0B -> (ImportResultId: '8f994df143d4d0104c05eb754889c9eb') in 0.009460109 seconds
[Worker2] Imported GUID: c213b206af9a4bef8c43f8f0f60cc31e - Path: Packages/com.unity.inputsystem/InputSystem/Editor/Dialog.cs - Importer: ScriptedImporter/UnityEditor.QuickSearchModule:UnityEditor.Search:ASIAI0B -> (ImportResultId: '5bfb86d01a4f17511e9ff5e34ea898ac') in 0.009757143 seconds
[Worker0] Imported GUID: 5cdce2bffd1e49bda08b3db54a031207 - Path: Packages/com.unity.inputsystem/InputSystem/Editor/InputSystemObject.cs - Importer: ScriptedImporter/UnityEditor.QuickSearchModule:UnityEditor.Search:ASIAI0B -> (ImportResultId: 'dbb446f5148016190431d5ced9b254a2') in 0.00954656 seconds
[Worker1] Imported GUID: f0e14ea80f96b445f97b1c83650d5733 - Path: Packages/com.unity.inputsystem/package.json - Importer: ScriptedImporter/UnityEditor.QuickSearchModule:UnityEditor.Search:ASIAI0B -> (ImportResultId: '574f6f206b3117962309f76e152466f3') in 0.010838432 seconds
[Worker0] Imported GUID: 21e367e100361604f9ad6287fd367d4a - Path: Packages/com.unity.inputsystem/ValidationConfig.json - Importer: ScriptedImporter/UnityEditor.QuickSearchModule:UnityEditor.Search:ASIAI0B -> (ImportResultId: 'e2997429b99b17817b321f1c38e46da7') in 0.008347432 seconds
[Worker2] Imported GUID: f2e097e509554eb3ac5f90f972220e3d - Path: Packages/com.unity.inputsystem/InputSystem/Editor/InputLayoutCodeGenerator.cs - Importer: ScriptedImporter/UnityEditor.QuickSearchModule:UnityEditor.Search:ASIAI0B -> (ImportResultId: '8f9efcb5375e7373f18072d8e9018acd') in 0.00853902 seconds
[Worker1] Imported GUID: 9166eed4756114bdaa498aca2df93e19 - Path: Packages/com.unity.inputsystem/LICENSE.md - Importer: ScriptedImporter/UnityEditor.QuickSearchModule:UnityEditor.Search:ASIAI0B -> (ImportResultId: 'b0520b643ffc68e7118b647ad7284db7') in 0.008221977 seconds
[Worker2] Imported GUID: a8ea9765889ae054c9b32cce583af855 - Path: Packages/com.unity.test-framework/UnityEditor.TestRunner/TestRun/Tasks/Events/RunFinishedInvocationEvent.cs - Importer: ScriptedImporter/UnityEditor.QuickSearchModule:UnityEditor.Search:ASIAI0B -> (ImportResultId: '401cfdb118353aceb2a37b6a5605acbe') in 0.010573908 seconds
[Worker1] Imported GUID: d9fe79419851eee4e8c90f7d0f934859 - Path: Packages/com.unity.inputsystem/ValidationExceptions.json - Importer: ScriptedImporter/UnityEditor.QuickSearchModule:UnityEditor.Search:ASIAI0B -> (ImportResultId: '1159b4939b44ebeb381719cdd89ee099') in 0.010480453 seconds
[Worker0] Imported GUID: e59094b434ebb46e6844f02ec9c4dc42 - Path: Packages/com.unity.ext.nunit/net472/unity-custom/nunit.framework.dll - Importer: ScriptedImporter/UnityEditor.QuickSearchModule:UnityEditor.Search:ASIAI0B -> (ImportResultId: '2ca7dccb4807138ec1943962d3feefa0') in 0.012303387 seconds
[Worker1] Imported GUID: 57e7d752d8e6494b9aca2f2724b98761 - Path: Packages/com.unity.test-framework/UnityEditor.TestRunner/TestRun/Tasks/Platform/PlatformSpecificSuccessfulBuildTask.cs - Importer: ScriptedImporter/UnityEditor.QuickSearchModule:UnityEditor.Search:ASIAI0B -> (ImportResultId: '98fcf6e2d642b790d89b7a08de017322') in 0.010029221 seconds
[Worker2] Imported GUID: f70e12521b7643ea89b31ca4387b019f - Path: Packages/com.unity.inputsystem/InputSystem/Actions/InputActionStateMonitorIndex.cs - Importer: ScriptedImporter/UnityEditor.QuickSearchModule:UnityEditor.Search:ASIAI0B -> (ImportResultId: 'cb088e335abc1965caf4d0c87710cb6c') in 0.010213866 seconds
[Worker0] Imported GUID: 9858d4c8055fd45539a2e86388f7c5ba - Path: Packages/com.unity.inputsystem/InputSystem/Editor/DownloadableSample.cs - Importer: ScriptedImporter/UnityEditor.QuickSearchModule:UnityEditor.Search:ASIAI0B -> (ImportResultId: 'eea379203ee179f5bdb75416dd98485d') in 0.009280815 seconds
[Worker1] Imported GUID: e5a64639c3eeaf5429cee8a5cb3c38d2 - Path: Packages/com.unity.inputsystem/InputSystem/Editor/InputDiagnostics.cs - Importer: ScriptedImporter/UnityEditor.QuickSearchModule:UnityEditor.Search:ASIAI0B -> (ImportResultId: '553be06950f6ea2fc6d597437621ed53') in 0.009176179 seconds
[Worker0] Imported GUID: 3a1038634f66b98469a174a3e1a85190 - Path: Packages/com.unity.inputsystem/InputSystem/Editor/InputSystemStateManager.cs - Importer: ScriptedImporter/UnityEditor.QuickSearchModule:UnityEditor.Search:ASIAI0B -> (ImportResultId: '8821e2bf7b5234344a9808afde5618f4') in 0.008569125 seconds
[Worker2] Imported GUID: 006c3457e983424bbdead50009cd0e00 - Path: Packages/com.unity.test-framework/UnityEditor.TestRunner/TestRun/Tasks/Player/DetermineRuntimePlatformTask.cs - Importer: ScriptedImporter/UnityEditor.QuickSearchModule:UnityEditor.Search:ASIAI0B -> (ImportResultId: '4eccfef3a04befa98e8d4ecaf0f26f47') in 0.008848017 seconds
[Worker2] Imported GUID: f62135e79edb837b2d2ee3c524da864c - Path: Packages/com.unity.modules.video/package.ModuleCompilationTrigger - Importer: ScriptedImporter/UnityEditor.QuickSearchModule:UnityEditor.Search:ASIAI0B -> (ImportResultId: 'c4df61b78533c9cac2314d24259c44a8') in 0.009004428 seconds
[Worker1] Imported GUID: d104359075a97392b803d3d5aebc77f7 - Path: Packages/com.unity.modules.hierarchycore/package.ModuleCompilationTrigger - Importer: ScriptedImporter/UnityEditor.QuickSearchModule:UnityEditor.Search:ASIAI0B -> (ImportResultId: 'cbdf5ce6578882e6ce624710b00b35bb') in 0.009312784 seconds
[Worker0] Imported GUID: 898672c95e554f2fb492125d78b11af2 - Path: Packages/com.unity.inputsystem/DocCodeSamples.Tests/GamepadExample.cs - Importer: ScriptedImporter/UnityEditor.QuickSearchModule:UnityEditor.Search:ASIAI0B -> (ImportResultId: 'cf541302f6a68ebfaf6fdb1bac0766b9') in 0.009122408 seconds
[Worker1] Imported GUID: 8143d3a8390f2c64685e3bc272bd9e90 - Path: Packages/com.unity.ext.nunit/package.json - Importer: ScriptedImporter/UnityEditor.QuickSearchModule:UnityEditor.Search:ASIAI0B -> (ImportResultId: '7d339f614338b60033ce1b1e98bd509a') in 0.0091128 seconds
[Worker2] Imported GUID: 8a752aaaadd2410dd9a84e01c1bace9f - Path: Packages/com.unity.modules.uielements/package.ModuleCompilationTrigger - Importer: ScriptedImporter/UnityEditor.QuickSearchModule:UnityEditor.Search:ASIAI0B -> (ImportResultId: 'aafeece76e26c54562ecbea00fd4e23a') in 0.009216835 seconds
[Worker0] Imported GUID: 59267e29055f657429098a57e13debe1 - Path: Packages/com.unity.test-framework/UnityEditor.TestRunner/TestRun/Tasks/Events/RunStartedInvocationEvent.cs - Importer: ScriptedImporter/UnityEditor.QuickSearchModule:UnityEditor.Search:ASIAI0B -> (ImportResultId: '5c08b2091e5afcc0298aa043b03227b5') in 0.008958272 seconds
[Worker0] Imported GUID: 2c814623cb42764d304be0c5ddd03ceb - Path: Packages/com.unity.modules.xr/package.json - Importer: ScriptedImporter/UnityEditor.QuickSearchModule:UnityEditor.Search:ASIAI0B -> (ImportResultId: 'e0c21c19638597c3b99b71d84a1f8bcc') in 0.008899282 seconds
[Worker2] Imported GUID: e9df95f53f1c1d0c9199e235d6c42b50 - Path: Packages/com.unity.modules.audio/package.json - Importer: ScriptedImporter/UnityEditor.QuickSearchModule:UnityEditor.Search:ASIAI0B -> (ImportResultId: '933ec56523d47b90cbb4fa6dcc543c10') in 0.009070191 seconds
[Worker1] Imported GUID: e1ef8466c8fd01a549f10baa4d51fa17 - Path: Packages/com.unity.modules.assetbundle/package.json - Importer: ScriptedImporter/UnityEditor.QuickSearchModule:UnityEditor.Search:ASIAI0B -> (ImportResultId: '51f4761adfe956032df6d6a8f4f007f1') in 0.009266017 seconds
[Worker0] Imported GUID: c7a8b0317f4e68556d7509828e9e211e - Path: Packages/com.unity.modules.xr/package.ModuleCompilationTrigger - Importer: ScriptedImporter/UnityEditor.QuickSearchModule:UnityEditor.Search:ASIAI0B -> (ImportResultId: '23e1d99be56cd5a462a099c153961585') in 0.009244226 seconds
[Worker2] Imported GUID: f49bbe06ffa5ae24abe32abdab430c24 - Path: Packages/com.unity.ext.nunit/CHANGELOG.md - Importer: ScriptedImporter/UnityEditor.QuickSearchModule:UnityEditor.Search:ASIAI0B -> (ImportResultId: 'e02da12a88b768ff08ff7a1ae6b6b567') in 0.009088285 seconds
[Worker1] Imported GUID: 75469ad4d38634e559750d17036d5f7c - Path: Packages/com.unity.inputsystem/InputSystem/Unity.InputSystem.asmdef - Importer: ScriptedImporter/UnityEditor.QuickSearchModule:UnityEditor.Search:ASIAI0B -> (ImportResultId: 'ae5fe722c028585388636e8b29c7ab1d') in 0.009274232 seconds
[Worker0] Imported GUID: 646cce3bdb8d461d980d11d729ab3312 - Path: Packages/com.unity.test-framework/UnityEditor.TestRunner/TestRun/Tasks/Platform/PlatformSpecificPostBuildTask.cs - Importer: ScriptedImporter/UnityEditor.QuickSearchModule:UnityEditor.Search:ASIAI0B -> (ImportResultId: 'bd61819eb87ae3933e47a6ad34e6fc2f') in 0.009259694 seconds
[Worker1] Imported GUID: 5c4d36a13e7466e43940732365f53bf1 - Path: Packages/com.unity.test-framework/UnityEditor.TestRunner/TestRun/Tasks/Scene/StoreSceneSetupTask.cs - Importer: ScriptedImporter/UnityEditor.QuickSearchModule:UnityEditor.Search:ASIAI0B -> (ImportResultId: 'e72119b22aa3d960287b4ef2b45264a8') in 0.008979031 seconds
[Worker2] Imported GUID: d85e5eeaf8f135aeaaebdc8aa3cff6c3 - Path: Packages/com.unity.modules.umbra/package.json - Importer: ScriptedImporter/UnityEditor.QuickSearchModule:UnityEditor.Search:ASIAI0B -> (ImportResultId: '10f8d173d035de4a15077b872ac441b0') in 0.009092232 seconds
[Worker2] Imported GUID: 1b6246f2248883964991eac9e9b4817c - Path: Packages/com.unity.modules.umbra/package.ModuleCompilationTrigger - Importer: ScriptedImporter/UnityEditor.QuickSearchModule:UnityEditor.Search:ASIAI0B -> (ImportResultId: '3d4f3756f5a63c56000a86983cf3a9e8') in 0.009231432 seconds
[Worker1] Imported GUID: e02e76bfece9a28408e2e7dcb2e14b8f - Path: Packages/com.unity.test-framework/UnityEditor.TestRunner/TestRun/Tasks/Scene/RemoveAdditionalUntitledSceneTask.cs - Importer: ScriptedImporter/UnityEditor.QuickSearchModule:UnityEditor.Search:ASIAI0B -> (ImportResultId: '43472a1bd8bd6c711ef85b086c8334f4') in 0.009055704 seconds
[Worker0] Imported GUID: 43c24fd91e60170469bfb8d79c565ad3 - Path: Packages/com.unity.test-framework/UnityEditor.TestRunner/TestRun/Tasks/Scene/SceneWrapper.cs - Importer: ScriptedImporter/UnityEditor.QuickSearchModule:UnityEditor.Search:ASIAI0B -> (ImportResultId: '65218053f8896578a8ffdae0ba7c0882') in 0.010045702 seconds
[Worker0] Imported GUID: 4f7d29e15c49c49499875a6a2378f2a4 - Path: Packages/com.unity.inputsystem/InputSystem/Editor/InputParameterEditor.cs - Importer: ScriptedImporter/UnityEditor.QuickSearchModule:UnityEditor.Search:ASIAI0B -> (ImportResultId: 'c31be6a9d0efbee23aeb1dc8fff3c283') in 0.008746637 seconds
[Worker1] Imported GUID: f91a00d2dca52b843b2d50ccf750737d - Path: Packages/com.unity.ext.nunit/LICENSE.md - Importer: ScriptedImporter/UnityEditor.QuickSearchModule:UnityEditor.Search:ASIAI0B -> (ImportResultId: 'f1c876f8e4628844d3d728d3f3acf0a5') in 0.009148507 seconds
[Worker2] Imported GUID: c235d38374f94612a884d4fcef1567ed - Path: Packages/com.unity.inputsystem/InputSystem/AssemblyInfo.cs - Importer: ScriptedImporter/UnityEditor.QuickSearchModule:UnityEditor.Search:ASIAI0B -> (ImportResultId: '9df974ea307bf21167b82f156e1bb5fa') in 0.009297105 seconds
[Worker0] Imported GUID: 042dc296246916648e55a43d0eeb2036 - Path: Packages/com.unity.modules.audio/package.ModuleCompilationTrigger - Importer: ScriptedImporter/UnityEditor.QuickSearchModule:UnityEditor.Search:ASIAI0B -> (ImportResultId: '491dbc122eb3f9f6ed1b3b62b12d3ee6') in 0.011406752 seconds
[Worker1] Imported GUID: 409c8128e33f94c378370cd8163fe3b0 - Path: Packages/com.unity.inputsystem/InputSystem/Editor/InputSystemPluginControl.cs - Importer: ScriptedImporter/UnityEditor.QuickSearchModule:UnityEditor.Search:ASIAI0B -> (ImportResultId: '69d07e52e1ca231a7c8170a58ec439d2') in 0.011103416 seconds
[Worker2] Imported GUID: 40a0b3d771450454796d773d18ae0c31 - Path: Packages/com.unity.inputsystem/InputSystem/Editor/InputSystemPackageControl.cs - Importer: ScriptedImporter/UnityEditor.QuickSearchModule:UnityEditor.Search:ASIAI0B -> (ImportResultId: '61d7100f45851833f399090cc62abb47') in 0.011577651 seconds
[Worker2] Imported GUID: fa27413e9edb06a6058d6c894eca0338 - Path: Packages/com.unity.modules.unitywebrequestwww/package.json - Importer: ScriptedImporter/UnityEditor.QuickSearchModule:UnityEditor.Search:ASIAI0B -> (ImportResultId: 'c18d0cb8af9891b635fa88dd3ee1ae55') in 0.009422819 seconds
[Worker0] Imported GUID: bfcb3ba499f7d452b92d9a9cc3378788 - Path: Packages/com.unity.ext.nunit/Third Party Notices.md - Importer: ScriptedImporter/UnityEditor.QuickSearchModule:UnityEditor.Search:ASIAI0B -> (ImportResultId: 'cb8b7cc7fa15cfc30575aba1c8804a04') in 0.010015837 seconds
[Worker1] Imported GUID: 64d9d71f43124cea89b28b356e84a412 - Path: Packages/com.unity.inputsystem/InputSystem/Editor/InputAssetEditorUtils.cs - Importer: ScriptedImporter/UnityEditor.QuickSearchModule:UnityEditor.Search:ASIAI0B -> (ImportResultId: 'e90ddbab49f542c045034fa64b00b8c8') in 0.01011932 seconds
[Worker0] Imported GUID: 0f3326f97c0d472bac74dc480099f983 - Path: Packages/com.unity.test-framework/UnityEditor.TestRunner/TestRun/Tasks/Platform/PlatformSpecificCleanupTask.cs - Importer: ScriptedImporter/UnityEditor.QuickSearchModule:UnityEditor.Search:ASIAI0B -> (ImportResultId: '4af23e2a309edde2c00ac6b9fd18d55b') in 0.008661358 seconds
[Worker2] Imported GUID: c46f07b5ed07e4e92aa78254188d3d10 - Path: Packages/com.unity.inputsystem/InputSystem/Runtime/InputSettings.cs - Importer: ScriptedImporter/UnityEditor.QuickSearchModule:UnityEditor.Search:ASIAI0B -> (ImportResultId: '53dee1dbfc32b512a057fc58e0c04a91') in 0.010489751 seconds
[Worker1] Imported GUID: 00b04ec43341419cbd45ae16e3b6f38e - Path: Packages/com.unity.inputsystem/InputSystem/Runtime/InputSystemState.cs - Importer: ScriptedImporter/UnityEditor.QuickSearchModule:UnityEditor.Search:ASIAI0B -> (ImportResultId: '3cea718203b4e7c9dd8f3cc4f91075d7') in 0.010439858 seconds
[Worker0] Imported GUID: decf522e52f74f9e80b4dc87986cca70 - Path: Packages/com.unity.inputsystem/InputSystem/Runtime/InputUpdateType.cs - Importer: ScriptedImporter/UnityEditor.QuickSearchModule:UnityEditor.Search:ASIAI0B -> (ImportResultId: 'b46908dba325afb420201610c767b270') in 0.010836368 seconds
[Worker2] Imported GUID: e1523c5607084617abb64b2ad9cb1f66 - Path: Packages/com.unity.inputsystem/InputSystem/Runtime/InputSystem.cs - Importer: ScriptedImporter/UnityEditor.QuickSearchModule:UnityEditor.Search:ASIAI0B -> (ImportResultId: 'a21bfcff15032c12e336697a22bbc6d5') in 0.012612243 seconds
[Worker1] Imported GUID: 1f95d379362f6c74ca1eb6368642199f - Path: Packages/com.unity.inputsystem/InputSystem/Runtime/InputSystemTestHooks.cs - Importer: ScriptedImporter/UnityEditor.QuickSearchModule:UnityEditor.Search:ASIAI0B -> (ImportResultId: 'ccc1ce3482ac354a57257e1737f88d6c') in 0.012806966 seconds
[Worker0] Imported GUID: 32ca74660a65e46c4b2bc0f3e3c327f4 - Path: Packages/com.unity.inputsystem/InputSystem/Runtime/InputEditorUserSettings.cs - Importer: ScriptedImporter/UnityEditor.QuickSearchModule:UnityEditor.Search:ASIAI0B -> (ImportResultId: 'e30b20fe4b4221d7bad30a9ae5299dcc') in 0.015720004 seconds
[Worker2] Imported GUID: 37c57605ec1653942a94491298f0b3b7 - Path: Packages/com.unity.inputsystem/InputSystem/Runtime/InputManager.LegacyFocusHandling.cs - Importer: ScriptedImporter/UnityEditor.QuickSearchModule:UnityEditor.Search:ASIAI0B -> (ImportResultId: 'c677c8cd719f4ed02b3e61e9f44d9183') in 0.009833316 seconds
[Worker1] Imported GUID: b33f51f6a55e541e995b5f6a10498d65 - Path: Packages/com.unity.inputsystem/InputSystem/Runtime/InputMetrics.cs - Importer: ScriptedImporter/UnityEditor.QuickSearchModule:UnityEditor.Search:ASIAI0B -> (ImportResultId: 'c0433e7bddff67486129c14d5161d24f') in 0.010764524 seconds
[Worker0] Imported GUID: ba025c1c816ba7c42a1d28f1cefb9c66 - Path: Packages/com.unity.inputsystem/InputSystem/Runtime/IInputDiagnostics.cs - Importer: ScriptedImporter/UnityEditor.QuickSearchModule:UnityEditor.Search:ASIAI0B -> (ImportResultId: '4050083771acbf864ff2e754a6b1757b') in 0.009144289 seconds
[Worker2] Imported GUID: a625f902f77154d94aa57ae7872317ac - Path: Packages/com.unity.inputsystem/InputSystem/Runtime/IInputRuntime.cs - Importer: ScriptedImporter/UnityEditor.QuickSearchModule:UnityEditor.Search:ASIAI0B -> (ImportResultId: 'bbd13988f4edde8c4529177dc570216a') in 0.009364661 seconds
[Worker1] Imported GUID: 1407189163374c4aa71b9689243809eb - Path: Packages/com.unity.inputsystem/InputSystem/Runtime/InputManagerStateMonitors.cs - Importer: ScriptedImporter/UnityEditor.QuickSearchModule:UnityEditor.Search:ASIAI0B -> (ImportResultId: '908f3e43c60792864c7bd0d8dc9ac12d') in 0.010080216 seconds
[Worker0] Imported GUID: 2c5f144140b7e48d48eb67d2decae17b - Path: Packages/com.unity.inputsystem/InputSystem/Runtime/InputExtensions.cs - Importer: ScriptedImporter/UnityEditor.QuickSearchModule:UnityEditor.Search:ASIAI0B -> (ImportResultId: '47dc116110c2e79b78f3088b31971938') in 0.008629147 seconds
[Worker0] Imported GUID: 87c5b80450f54500a29fe13a4b83fbab - Path: Packages/com.unity.inputsystem/InputSystem/Runtime/InputFeatureNames.cs - Importer: ScriptedImporter/UnityEditor.QuickSearchModule:UnityEditor.Search:ASIAI0B -> (ImportResultId: '9074a7f2ffa13658f3296566dbe76a00') in 0.008570608 seconds
[Worker2] Imported GUID: 595b51cc3a67d49dd9168092dc0f6eec - Path: Packages/com.unity.inputsystem/InputSystem/Runtime/NativeInputRuntime.cs - Importer: ScriptedImporter/UnityEditor.QuickSearchModule:UnityEditor.Search:ASIAI0B -> (ImportResultId: '254c8511ab788f78d48e9c89d1531080') in 0.009527665 seconds
[Worker1] Imported GUID: a653ebc2c02d545f581079cf4bbb0cd9 - Path: Packages/com.unity.inputsystem/InputSystem/Runtime/InputAnalytics.cs - Importer: ScriptedImporter/UnityEditor.QuickSearchModule:UnityEditor.Search:ASIAI0B -> (ImportResultId: '73aed6a95f9f9da65369ed79f78e60d2') in 0.008865239 seconds
[Worker2] Imported GUID: 46f02abeca624ce68874afdbb77c9be0 - Path: Packages/com.unity.inputsystem/InputSystem/Runtime/InputManager.cs - Importer: ScriptedImporter/UnityEditor.QuickSearchModule:UnityEditor.Search:ASIAI0B -> (ImportResultId: '5fc516b395d2885537908a5d23a9bc26') in 0.009348791 seconds
[Worker0] Imported GUID: c32c360e3a4064c129ab3e0cf9280415 - Path: Packages/com.unity.inputsystem/InputSystem/Editor/VirtualMouseInputEditor.cs - Importer: ScriptedImporter/UnityEditor.QuickSearchModule:UnityEditor.Search:ASIAI0B -> (ImportResultId: '83eb7a308f234d8973fc9ab502649a24') in 0.00971256 seconds
[Worker0] Imported GUID: c3f24f77c633a444893b75d39ae4fa3c - Path: Packages/com.unity.inputsystem/InputSystem/Editor/Debugger/InputDebuggerWindow.cs - Importer: ScriptedImporter/UnityEditor.QuickSearchModule:UnityEditor.Search:ASIAI0B -> (ImportResultId: '8995987a5c75a1f937708d8d13edc499') in 0.011036301 seconds
[Worker2] Imported GUID: dc04f38471c3a459fb4d31124ee9127d - Path: Packages/com.unity.inputsystem/Tests/TestFixture/Unity.InputSystem.TestFramework.asmdef - Importer: ScriptedImporter/UnityEditor.QuickSearchModule:UnityEditor.Search:ASIAI0B -> (ImportResultId: 'f3c0aa83550da63ad7382a707d8ab21c') in 0.011211298 seconds
[Worker1] Imported GUID: 07c4c48bac384a9e91c29c2f04328c0b - Path: Packages/com.unity.inputsystem/InputSystem/Editor/Analytics/InputExitPlayModeAnalytic.cs - Importer: ScriptedImporter/UnityEditor.QuickSearchModule:UnityEditor.Search:ASIAI0B -> (ImportResultId: '9fa31d94bb5760314f3cebf628ecf438') in 0.011593781 seconds
[Worker1] Imported GUID: 183f7887e5104e1593ce980b9d0159e3 - Path: Packages/com.unity.inputsystem/InputSystem/Editor/Analytics/VirtualMouseInputEditorAnalytic.cs - Importer: ScriptedImporter/UnityEditor.QuickSearchModule:UnityEditor.Search:ASIAI0B -> (ImportResultId: '87d8506399e5bb07bace86436a30d0ed') in 0.009255667 seconds
[Worker0] Imported GUID: bb5fa99d6e9434c9ebf101c956021ee1 - Path: Packages/com.unity.inputsystem/InputSystem/Editor/Icons/Add Binding@2x.png - Importer: ScriptedImporter/UnityEditor.QuickSearchModule:UnityEditor.Search:ASIAI0B -> (ImportResultId: '297c6bb2ad06b44da6d4cd17f55e06dd') in 0.01145352 seconds
[Worker2] Imported GUID: 75f1bd16a0cc446448d0702e965aa290 - Path: Packages/com.unity.inputsystem/InputSystem/Editor/AssetImporter/InputActionImporterEditor.uss - Importer: ScriptedImporter/UnityEditor.QuickSearchModule:UnityEditor.Search:ASIAI0B -> (ImportResultId: '9f8c48f6bdfbfb63e5d5b61111cd619b') in 0.017868384 seconds
[Worker1] Imported GUID: 83070f7befc0b4deeb2cfde76b5a9002 - Path: Packages/com.unity.inputsystem/InputSystem/Editor/ControlPicker/InputControlDropdownItem.cs - Importer: ScriptedImporter/UnityEditor.QuickSearchModule:UnityEditor.Search:ASIAI0B -> (ImportResultId: '69a4e910306a2a1e849b7f149a8e3a4a') in 0.009877598 seconds
[Worker0] Imported GUID: af8ecd25eda841f98ce3f6555888e43b - Path: Packages/com.unity.inputsystem/InputSystem/Editor/Analytics/InputEditorAnalytics.cs - Importer: ScriptedImporter/UnityEditor.QuickSearchModule:UnityEditor.Search:ASIAI0B -> (ImportResultId: 'd4f7f0d7ac756f4f2cbdb7566519baed') in 0.009056365 seconds
[Worker2] Imported GUID: 81128cc364d234170845119461c41970 - Path: Packages/com.unity.inputsystem/Tests/TestFixture/InputTestFixture.cs - Importer: ScriptedImporter/UnityEditor.QuickSearchModule:UnityEditor.Search:ASIAI0B -> (ImportResultId: 'c63cf4e212ebfabfcdeeeea62f5873b1') in 0.008770641 seconds
[Worker0] Imported GUID: 96d7b220d8769944f9aca48b3218daaa - Path: Packages/com.unity.inputsystem/Tests/IntegrationTests/IntegrationTests.cs - Importer: ScriptedImporter/UnityEditor.QuickSearchModule:UnityEditor.Search:ASIAI0B -> (ImportResultId: 'd448dfe29c524a24f3567094ae7c1ccb') in 0.008655888 seconds
[Worker1] Imported GUID: d0006d51a864248adba0238883f8c71e - Path: Packages/com.unity.inputsystem/InputSystem/Editor/Icons/Axis@2x.png - Importer: ScriptedImporter/UnityEditor.QuickSearchModule:UnityEditor.Search:ASIAI0B -> (ImportResultId: '7f681a630152eeb05edfa6b2534635cd') in 0.0112605 seconds
[Worker2] Imported GUID: 924d7617bcdc84f8ea1c0d0ce6466a30 - Path: Packages/com.unity.inputsystem/InputSystem/Editor/ControlPicker/InputControlPathEditor.cs - Importer: ScriptedImporter/UnityEditor.QuickSearchModule:UnityEditor.Search:ASIAI0B -> (ImportResultId: '210b7ec70eed48c62f0cc59711408d1b') in 0.009284261 seconds
[Worker0] Imported GUID: c5b4f9c3390c14106a5006fd5d3d3cbe - Path: Packages/com.unity.inputsystem/InputSystem/Editor/AssetEditor/InputActionAssetManager.cs - Importer: ScriptedImporter/UnityEditor.QuickSearchModule:UnityEditor.Search:ASIAI0B -> (ImportResultId: '1ee34c0733ab577a790707d9eafde0d0') in 0.009125234 seconds
[Worker1] Imported GUID: fdd7c783de844fefa8df8acfd36b9dc9 - Path: Packages/com.unity.inputsystem/InputSystem/Editor/Debugger/SampleFrequencyCalculator.cs - Importer: ScriptedImporter/UnityEditor.QuickSearchModule:UnityEditor.Search:ASIAI0B -> (ImportResultId: 'dadf09d4a5dc91171ef2cc824f2da6c4') in 0.009175688 seconds
[Worker2] Imported GUID: 87e3bb948c7f2482a8f4f57942832312 - Path: Packages/com.unity.inputsystem/InputSystem/Editor/Actions/InputControlSchemeEditorExtensions.cs - Importer: ScriptedImporter/UnityEditor.QuickSearchModule:UnityEditor.Search:ASIAI0B -> (ImportResultId: '75577d8fd22ae6e797ced5927b6676f7') in 0.009842813 seconds
[Worker0] Imported GUID: 674b72d5417404b9eac446749e3e2d5e - Path: Packages/com.unity.inputsystem/Tests/TestFixture/AssemblyInfo.cs - Importer: ScriptedImporter/UnityEditor.QuickSearchModule:UnityEditor.Search:ASIAI0B -> (ImportResultId: '4937e824d42cc11c985f601101e64143') in 0.009191978 seconds
[Worker1] Imported GUID: 5cd4530e3c9047dea0f1cc17dccbf6ec - Path: Packages/com.unity.inputsystem/Tests/TestFixture/ScopedDisposable.cs - Importer: ScriptedImporter/UnityEditor.QuickSearchModule:UnityEditor.Search:ASIAI0B -> (ImportResultId: '464337559c9af6b312f95b1cdbd9bf6e') in 0.008937504 seconds
[Worker2] Imported GUID: 90487f30114ceb14093b1cc699c8b303 - Path: Packages/com.unity.inputsystem/Tests/TestFixture/InputTestStateManager.cs - Importer: ScriptedImporter/UnityEditor.QuickSearchModule:UnityEditor.Search:ASIAI0B -> (ImportResultId: '0c5379b7831e0dfbfa1fa2158244dc62') in 0.009152314 seconds
[Worker0] Imported GUID: f760afcbd6744a0e8c9d0b7039dda306 - Path: Packages/com.unity.inputsystem/InputSystem/Editor/Analytics/InputBuildAnalytic.cs - Importer: ScriptedImporter/UnityEditor.QuickSearchModule:UnityEditor.Search:ASIAI0B -> (ImportResultId: '33b3d31f43f797df65bfe21e823938fb') in 0.008899523 seconds
[Worker1] Imported GUID: 3ae5734e49d646442ad24f37762ebdd2 - Path: Packages/com.unity.inputsystem/Tests/IntegrationTests/Unity.InputSystem.IntegrationTests.asmdef - Importer: ScriptedImporter/UnityEditor.QuickSearchModule:UnityEditor.Search:ASIAI0B -> (ImportResultId: 'c8600aa6c6c01180677545285c290d15') in 0.008812039 seconds
[Worker2] Imported GUID: 713b035f669b942adbd1cc05c4fb6e1d - Path: Packages/com.unity.inputsystem/InputSystem/Editor/AssetEditor/InputActionTreeView.cs - Importer: ScriptedImporter/UnityEditor.QuickSearchModule:UnityEditor.Search:ASIAI0B -> (ImportResultId: 'f1add6a15093c0b5fcd45e9d4457cb4f') in 0.009332952 seconds
[Worker0] Imported GUID: 76d591911f4ae4f62953b13f6ff50429 - Path: Packages/com.unity.inputsystem/InputSystem/Editor/AssetEditor/InputActionTreeViewItems.cs - Importer: ScriptedImporter/UnityEditor.QuickSearchModule:UnityEditor.Search:ASIAI0B -> (ImportResultId: '793b5759f763aaa0e47b7fbb9551b1f4') in 0.009056405 seconds
[Worker1] Imported GUID: cec9e0ea8cd94017b8667cd540d61948 - Path: Packages/com.unity.inputsystem/InputSystem/Editor/BuildPipeline/LinkFileGenerator.cs - Importer: ScriptedImporter/UnityEditor.QuickSearchModule:UnityEditor.Search:ASIAI0B -> (ImportResultId: '48a118b10888e572a521ae21b356e1a6') in 0.008900194 seconds
[Worker0] Imported GUID: d295e36fd3cd747f4a2123088241bd6a - Path: Packages/com.unity.inputsystem/InputSystem/Editor/AssetEditor/InputActionPropertiesView.cs - Importer: ScriptedImporter/UnityEditor.QuickSearchModule:UnityEditor.Search:ASIAI0B -> (ImportResultId: '26c23ae6636eb87b5090d615f9e189c3') in 0.009076393 seconds
[Worker1] Imported GUID: db7a158b580fb4518ae82aa029a54892 - Path: Packages/com.unity.inputsystem/InputSystem/Editor/ControlPicker/InputControlPickerDropdown.cs - Importer: ScriptedImporter/UnityEditor.QuickSearchModule:UnityEditor.Search:ASIAI0B -> (ImportResultId: '2b8208aeefd61505f7134d5ac216f78c') in 0.008982097 seconds
[Worker2] Imported GUID: da649da79e1b9455791f5ddd31355edc - Path: Packages/com.unity.inputsystem/InputSystem/Editor/AssetEditor/NameAndParameterListView.cs - Importer: ScriptedImporter/UnityEditor.QuickSearchModule:UnityEditor.Search:ASIAI0B -> (ImportResultId: '3bc9610821871f5e1a553d4e7935f1c6') in 0.011206008 seconds
[Worker2] Imported GUID: d8afcd24f0b647f4f9f8c539d613ee6d - Path: Packages/com.unity.inputsystem/InputSystem/Editor/AssetEditor/InputBindingPropertiesView.cs - Importer: ScriptedImporter/UnityEditor.QuickSearchModule:UnityEditor.Search:ASIAI0B -> (ImportResultId: 'ebc60c27eec0c6e836e0b5cc4ba97828') in 0.00897301 seconds
[Worker1] Imported GUID: a1bc613b5fab4dd4997810700b46dbf7 - Path: Packages/com.unity.inputsystem/Tests/TestFixture/AssetDatabaseUtils.cs - Importer: ScriptedImporter/UnityEditor.QuickSearchModule:UnityEditor.Search:ASIAI0B -> (ImportResultId: '7d3bf379029ceea5facaff475cacfbfc') in 0.009441905 seconds
[Worker0] Imported GUID: 862c5ca31844d4a6d9aa804af982ce65 - Path: Packages/com.unity.inputsystem/InputSystem/Editor/Icons/Add Binding@4x.png - Importer: ScriptedImporter/UnityEditor.QuickSearchModule:UnityEditor.Search:ASIAI0B -> (ImportResultId: '1824ac1abc6664009b0d53cd869d9a23') in 0.012859955 seconds
[Worker1] Imported GUID: a85130d4e1e5b49878f8f51b2d4e0ded - Path: Packages/com.unity.inputsystem/InputSystem/Editor/AssetImporter/InputActionCodeGenerator.cs - Importer: ScriptedImporter/UnityEditor.QuickSearchModule:UnityEditor.Search:ASIAI0B -> (ImportResultId: '598dec8c44142e5a1ae7cb4e07d6ada5') in 0.009951967 seconds
[Worker2] Imported GUID: 8be1fbf4b24de44c99840805bdae9e40 - Path: Packages/com.unity.inputsystem/InputSystem/Editor/Icons/Add Binding@3x.png - Importer: ScriptedImporter/UnityEditor.QuickSearchModule:UnityEditor.Search:ASIAI0B -> (ImportResultId: '6fa856055c84a7673b81f2ac0f9f8e75') in 0.012545418 seconds
[Worker0] Imported GUID: 958a10dec4f3a4764bb345b0aa03510b - Path: Packages/com.unity.inputsystem/InputSystem/Editor/Icons/Add Binding.png - Importer: ScriptedImporter/UnityEditor.QuickSearchModule:UnityEditor.Search:ASIAI0B -> (ImportResultId: 'e98f02974467780fdc9494051cf2abf5') in 0.011590476 seconds
[Worker1] Imported GUID: 8d659406a304446c599b9ec454663c46 - Path: Packages/com.unity.inputsystem/InputSystem/Editor/Debugger/InputActionDebuggerWindow.cs - Importer: ScriptedImporter/UnityEditor.QuickSearchModule:UnityEditor.Search:ASIAI0B -> (ImportResultId: '899734f8bc2a3c8d3f83ad235bb66f8d') in 0.009984628 seconds
[Worker2] Imported GUID: e35c175d4f60c4820a36054488cb5524 - Path: Packages/com.unity.inputsystem/InputSystem/Editor/ControlPicker/InputControlPicker.cs - Importer: ScriptedImporter/UnityEditor.QuickSearchModule:UnityEditor.Search:ASIAI0B -> (ImportResultId: '0e26e363987f33bf27958a43b98c40a3') in 0.0091289 seconds
[Worker0] Imported GUID: 7e853779c8fed4ebf917a0de21c79602 - Path: Packages/com.unity.inputsystem/InputSystem/Editor/Icons/Axis.png - Importer: ScriptedImporter/UnityEditor.QuickSearchModule:UnityEditor.Search:ASIAI0B -> (ImportResultId: '597df9e158778a2bad509151a47fc30e') in 0.011167797 seconds
[Worker2] Imported GUID: 2603947746e342918fcad117e9ce6db6 - Path: Packages/com.unity.inputsystem/InputSystem/Editor/AssetImporter/IInputActionAssetEditor.cs - Importer: ScriptedImporter/UnityEditor.QuickSearchModule:UnityEditor.Search:ASIAI0B -> (ImportResultId: '4b3993c32b1f5c9c7876d7a61cf9ec09') in 0.009166691 seconds
[Worker1] Imported GUID: fb0e54f1ead384cd191254077544faf0 - Path: Packages/com.unity.inputsystem/InputSystem/Editor/AssetEditor/ParameterListView.cs - Importer: ScriptedImporter/UnityEditor.QuickSearchModule:UnityEditor.Search:ASIAI0B -> (ImportResultId: '543007ef63e65579a099d7ce4ca77162') in 0.009902745 seconds
[Worker0] Imported GUID: 199b31cbe22b4c269aa78f8139347afd - Path: Packages/com.unity.inputsystem/InputSystem/Editor/Analytics/PlayerInputManagerEditorAnalytic.cs - Importer: ScriptedImporter/UnityEditor.QuickSearchModule:UnityEditor.Search:ASIAI0B -> (ImportResultId: '2e2838569bfeae3a2bf3135f8570bc4b') in 0.009591124 seconds
[Worker2] Imported GUID: 8404be70184654265930450def6a9037 - Path: Packages/com.unity.inputsystem/InputSystem/Editor/AssetImporter/InputActionImporter.cs - Importer: ScriptedImporter/UnityEditor.QuickSearchModule:UnityEditor.Search:ASIAI0B -> (ImportResultId: 'd991383a59bd49eb24cf7497c07e3dc7') in 0.009480407 seconds
[Worker1] Imported GUID: e2c8138bd42a9a041bb4b1398ae819d8 - Path: Packages/com.unity.inputsystem/Tests/TestFixture/WinUserInput.cs - Importer: ScriptedImporter/UnityEditor.QuickSearchModule:UnityEditor.Search:ASIAI0B -> (ImportResultId: '2455fa30b1f9a86a411154ac66a72c97') in 0.010920495 seconds
[Worker0] Imported GUID: ea7d19a9cdd73486689f292cc9d38018 - Path: Packages/com.unity.inputsystem/InputSystem/Editor/Debugger/InputDeviceDebuggerWindow.cs - Importer: ScriptedImporter/UnityEditor.QuickSearchModule:UnityEditor.Search:ASIAI0B -> (ImportResultId: 'f187b832f566e99b336e8ff332781c90') in 0.00967524 seconds
[Worker2] Imported GUID: 2167295510884d5eb4722df2ba677996 - Path: Packages/com.unity.inputsystem/InputSystem/Editor/Analytics/OnScreenStickEditorAnalytic.cs - Importer: ScriptedImporter/UnityEditor.QuickSearchModule:UnityEditor.Search:ASIAI0B -> (ImportResultId: '8636df71bad3bcf6397f83000705194e') in 0.009731725 seconds
[Worker1] Imported GUID: 073f4378d59364199ae19d0486842726 - Path: Packages/com.unity.inputsystem/Tests/TestFixture/InputTestRuntime.cs - Importer: ScriptedImporter/UnityEditor.QuickSearchModule:UnityEditor.Search:ASIAI0B -> (ImportResultId: 'c9fd92379adbf4066fbd84e37d2e6e3f') in 0.00992123 seconds
[Worker0] Imported GUID: 56bc028967c346c2bd33842d7b252123 - Path: Packages/com.unity.inputsystem/InputSystem/Editor/Analytics/PlayerInputEditorAnalytic.cs - Importer: ScriptedImporter/UnityEditor.QuickSearchModule:UnityEditor.Search:ASIAI0B -> (ImportResultId: 'b500692c605af32ab81f09e4881d4ada') in 0.008854338 seconds
[Worker2] Imported GUID: 8348fa935e294410f8a7b065d82285d2 - Path: Packages/com.unity.inputsystem/InputSystem/Editor/DeviceSimulator/InputSystemPlugin.cs - Importer: ScriptedImporter/UnityEditor.QuickSearchModule:UnityEditor.Search:ASIAI0B -> (ImportResultId: '6cb6342c7240bf82207a54be4c6dc6f5') in 0.010295608 seconds
[Worker1] Imported GUID: 50db2526021f1429e84687ad14aa0855 - Path: Packages/com.unity.inputsystem/InputSystem/Editor/AssetImporter/InputActionImporterEditor.cs - Importer: ScriptedImporter/UnityEditor.QuickSearchModule:UnityEditor.Search:ASIAI0B -> (ImportResultId: '75604efe49069be4d2146648c71e8cff') in 0.010701926 seconds
[Worker0] Imported GUID: d771fd88f0934b4dbe724b2690a9f330 - Path: Packages/com.unity.inputsystem/InputSystem/Editor/Analytics/InputActionsEditorSessionAnalytic.cs - Importer: ScriptedImporter/UnityEditor.QuickSearchModule:UnityEditor.Search:ASIAI0B -> (ImportResultId: 'c947715b013f5502712aa91428528a54') in 0.011623517 seconds
[Worker2] Imported GUID: dfa8add0e3ed349708aeadc8b8c1ad0f - Path: Packages/com.unity.inputsystem/InputSystem/Editor/ControlPicker/InputControlPickerState.cs - Importer: ScriptedImporter/UnityEditor.QuickSearchModule:UnityEditor.Search:ASIAI0B -> (ImportResultId: 'feb8bd049a80e6a9063901d355e005c6') in 0.009378817 seconds
[Worker1] Imported GUID: 57f4c22a7e71744499d25ed776ef6cf2 - Path: Packages/com.unity.inputsystem/InputSystem/Editor/AssetImporter/InputActionAssetEditor.cs - Importer: ScriptedImporter/UnityEditor.QuickSearchModule:UnityEditor.Search:ASIAI0B -> (ImportResultId: '7e52b769347d9e11fd4d7ea815b01304') in 0.009106418 seconds
[Worker0] Imported GUID: 4b36e69515ff4a45be02062b5584e1a8 - Path: Packages/com.unity.inputsystem/InputSystem/Editor/Analytics/InputComponentEditorAnalytic.cs - Importer: ScriptedImporter/UnityEditor.QuickSearchModule:UnityEditor.Search:ASIAI0B -> (ImportResultId: '7d2bcdca01fe076531e35684e1e17de0') in 0.009376262 seconds
[Worker2] Imported GUID: 4f4390a0cc25d424d9adc1d6d6699a1f - Path: Packages/com.unity.inputsystem/InputSystem/Editor/ControlPicker/IInputControlPickerLayout.cs - Importer: ScriptedImporter/UnityEditor.QuickSearchModule:UnityEditor.Search:ASIAI0B -> (ImportResultId: 'a7a90d3d90f1227cb276e47a8c06b1d8') in 0.009350504 seconds
[Worker1] Imported GUID: 58dca4037ed747dba3154af0d815053a - Path: Packages/com.unity.inputsystem/InputSystem/Editor/Debugger/InputLatencyCalculator.cs - Importer: ScriptedImporter/UnityEditor.QuickSearchModule:UnityEditor.Search:ASIAI0B -> (ImportResultId: 'f2bff9d08c95a8e27509909e0388322c') in 0.009130603 seconds
[Worker0] Imported GUID: 060ae4265f580481f9bc2f2e7ab367ef - Path: Packages/com.unity.inputsystem/InputSystem/Editor/AssetEditor/PropertiesViewBase.cs - Importer: ScriptedImporter/UnityEditor.QuickSearchModule:UnityEditor.Search:ASIAI0B -> (ImportResultId: 'fb4ff6959ffdea463f642bde3693f0a0') in 0.008993568 seconds
[Worker2] Imported GUID: 015a929bdae646a99b91b756b998233f - Path: Packages/com.unity.inputsystem/InputSystem/Editor/AssetImporter/InputActionAssetIconLoader.cs - Importer: ScriptedImporter/UnityEditor.QuickSearchModule:UnityEditor.Search:ASIAI0B -> (ImportResultId: 'ad9e70b5acd890cc2e482401743464b2') in 0.009399486 seconds
[Worker2] Imported GUID: 7fb7b46a8c63948d2b28dc394281bf5a - Path: Packages/com.unity.inputsystem/InputSystem/Editor/Icons/Orientation.png - Importer: ScriptedImporter/UnityEditor.QuickSearchModule:UnityEditor.Search:ASIAI0B -> (ImportResultId: '9b7cfec7efe6bca7eb75fedb0df1ab6d') in 0.016190572 seconds
[Worker1] Imported GUID: c998b283038914e699477f514ecb31ac - Path: Packages/com.unity.inputsystem/InputSystem/Editor/Icons/Position@4x.png - Importer: ScriptedImporter/UnityEditor.QuickSearchModule:UnityEditor.Search:ASIAI0B -> (ImportResultId: 'd8d40f32c7da2cdeceba5be99bc28770') in 0.017016734 seconds
[Worker0] Imported GUID: 9eb2b64988cb1443cab6da5dc5300d1c - Path: Packages/com.unity.inputsystem/InputSystem/Editor/Icons/Mouse.png - Importer: ScriptedImporter/UnityEditor.QuickSearchModule:UnityEditor.Search:ASIAI0B -> (ImportResultId: 'ec19d42deb36e36422cd7297c2dba17d') in 0.02119276 seconds
[Worker2] Imported GUID: 1bf9cdd4bc492489c8c7c6190785fc48 - Path: Packages/com.unity.inputsystem/InputSystem/Editor/Icons/Pen@3x.png - Importer: ScriptedImporter/UnityEditor.QuickSearchModule:UnityEditor.Search:ASIAI0B -> (ImportResultId: '873abdcba46b9522524884a3b1ce707b') in 0.014840863 seconds
[Worker1] Imported GUID: 87ae93efe5d3b4262995b0acdc987d88 - Path: Packages/com.unity.inputsystem/InputSystem/Editor/Icons/Keyboard@2x.png - Importer: ScriptedImporter/UnityEditor.QuickSearchModule:UnityEditor.Search:ASIAI0B -> (ImportResultId: '53e24c4ee972eb95a5ce6b4cd4c1fd79') in 0.014342663 seconds
[Worker0] Imported GUID: 6191a40940a3e46899ecf82fa8389d01 - Path: Packages/com.unity.inputsystem/InputSystem/Editor/Icons/Keyboard@3x.png - Importer: ScriptedImporter/UnityEditor.QuickSearchModule:UnityEditor.Search:ASIAI0B -> (ImportResultId: 'ac06d34ca71542b89c68f9259febe8e9') in 0.013747422 seconds
[Worker1] Imported GUID: 5806833d077654e5784b7cbf3e722f58 - Path: Packages/com.unity.inputsystem/InputSystem/Editor/Icons/Dpad@2x.png - Importer: ScriptedImporter/UnityEditor.QuickSearchModule:UnityEditor.Search:ASIAI0B -> (ImportResultId: '09e1642f8fdef4b5e36903fa3f423998') in 0.011651209 seconds
[Worker2] Imported GUID: 153c8e15f7f6c452ca50f6795813ed39 - Path: Packages/com.unity.inputsystem/InputSystem/Editor/Icons/ChevronDown@2x.png - Importer: ScriptedImporter/UnityEditor.QuickSearchModule:UnityEditor.Search:ASIAI0B -> (ImportResultId: '7bc4210e34343da80da2a01b320b9403') in 0.011814925 seconds
[Worker0] Imported GUID: 82073a8bfd6b8488a89b8796d500d12d - Path: Packages/com.unity.inputsystem/InputSystem/Editor/Icons/Touch@2x.png - Importer: ScriptedImporter/UnityEditor.QuickSearchModule:UnityEditor.Search:ASIAI0B -> (ImportResultId: '253a20f9f2a3d8445f7bc3638b0a3b2f') in 0.018910279 seconds
[Worker1] Imported GUID: 006305b616daf47409935f3dc8a172e2 - Path: Packages/com.unity.inputsystem/InputSystem/Editor/Icons/ChevronUp@3x.png - Importer: ScriptedImporter/UnityEditor.QuickSearchModule:UnityEditor.Search:ASIAI0B -> (ImportResultId: 'fe35f1ed4a5c22b153b34a8e1d9fe0c9') in 0.014037704 seconds
[Worker2] Imported GUID: 4defb5292901c41f29313d9c9c87a7eb - Path: Packages/com.unity.inputsystem/InputSystem/Editor/Icons/Gamepad@2x.png - Importer: ScriptedImporter/UnityEditor.QuickSearchModule:UnityEditor.Search:ASIAI0B -> (ImportResultId: '5d4ef7ab42cc2da03ae1fc8ada41174f') in 0.017502882 seconds
[Worker0] Imported GUID: ec85de66fa5b64dd984fdcc82f8f92b3 - Path: Packages/com.unity.inputsystem/InputSystem/Editor/Icons/InputControl.png - Importer: ScriptedImporter/UnityEditor.QuickSearchModule:UnityEditor.Search:ASIAI0B -> (ImportResultId: 'c0cd5111f3f9b3d5037ab472eae743a0') in 0.013937347 seconds
[Worker1] Imported GUID: ea8b7319643924985a9ee4ca18b8db59 - Path: Packages/com.unity.inputsystem/InputSystem/Editor/Icons/Pen.png - Importer: ScriptedImporter/UnityEditor.QuickSearchModule:UnityEditor.Search:ASIAI0B -> (ImportResultId: 'bb5d80bd664b36e9020b5cbe6605580e') in 0.014647923 seconds
[Worker2] Imported GUID: a3fa73829479e4b41965e749fcca7c12 - Path: Packages/com.unity.inputsystem/InputSystem/Editor/Icons/Position@2x.png - Importer: ScriptedImporter/UnityEditor.QuickSearchModule:UnityEditor.Search:ASIAI0B -> (ImportResultId: '0b84174e264349e5e496a1af3e8051e2') in 0.014063562 seconds
[Worker0] Imported GUID: 5881d226463a047cb8db57c9cb0ebc0f - Path: Packages/com.unity.inputsystem/InputSystem/Editor/Icons/Stick@2x.png - Importer: ScriptedImporter/UnityEditor.QuickSearchModule:UnityEditor.Search:ASIAI0B -> (ImportResultId: 'b7b9787e8803bc9c2b6ec768d815297d') in 0.012496186 seconds
[Worker1] Imported GUID: ba304f5556a3a4fac98d126883083e7e - Path: Packages/com.unity.inputsystem/InputSystem/Editor/Icons/ChevronDown.png - Importer: ScriptedImporter/UnityEditor.QuickSearchModule:UnityEditor.Search:ASIAI0B -> (ImportResultId: '485632e7b036ca1976f5e88cd86c4121') in 0.013889867 seconds
[Worker2] Imported GUID: 40265a896a0f341bb956e90c59025a29 - Path: Packages/com.unity.inputsystem/InputSystem/Editor/Icons/InputAction.png - Importer: ScriptedImporter/UnityEditor.QuickSearchModule:UnityEditor.Search:ASIAI0B -> (ImportResultId: '3400e49efb183a65a2bb4d892d12f4b7') in 0.013302942 seconds
[Worker0] Imported GUID: b025a2a0f9e554d1e88a93b5649dfc3f - Path: Packages/com.unity.inputsystem/InputSystem/Editor/Icons/InputActionAsset.png - Importer: ScriptedImporter/UnityEditor.QuickSearchModule:UnityEditor.Search:ASIAI0B -> (ImportResultId: '6a62a4db7477106dc11391464eb000be') in 0.013415703 seconds
[Worker1] Imported GUID: 08c99f7c2a7fa410d8567323e32ad5f5 - Path: Packages/com.unity.inputsystem/InputSystem/Editor/Icons/InputControl@4x.png - Importer: ScriptedImporter/UnityEditor.QuickSearchModule:UnityEditor.Search:ASIAI0B -> (ImportResultId: '0d1eee30b152be0b00366a61ddfa8b84') in 0.014122301 seconds
[Worker2] Imported GUID: c4f7551c56dfb47a7a105b6579646d2f - Path: Packages/com.unity.inputsystem/InputSystem/Editor/Icons/ChevronUp@4x.png - Importer: ScriptedImporter/UnityEditor.QuickSearchModule:UnityEditor.Search:ASIAI0B -> (ImportResultId: 'b50bb6887ef39bbe3cb695db2639b611') in 0.014102405 seconds
[Worker0] Imported GUID: 9ad5d5b6a25b749e78b4950eae0a8ec2 - Path: Packages/com.unity.inputsystem/InputSystem/Editor/Icons/Touch@3x.png - Importer: ScriptedImporter/UnityEditor.QuickSearchModule:UnityEditor.Search:ASIAI0B -> (ImportResultId: '18384b24de152f402754ecd62daea517') in 0.024113832 seconds
Asset Pipeline Refresh (id=0a959a4583139f2beb3e3fac07617348): Total: 0.088 seconds - Initiated by RefreshV2(AllowForceSynchronousImport)
[Worker2] Imported GUID: a4deca3e01bf64bfc9136f4cb3b41c9f - Path: Packages/com.unity.inputsystem/InputSystem/Editor/Icons/Stick@3x.png - Importer: ScriptedImporter/UnityEditor.QuickSearchModule:UnityEditor.Search:ASIAI0B -> (ImportResultId: 'ab346908888e0467d0239cd9d647ffe0') in 0.014805157 seconds
[Worker1] Imported GUID: f5ace3d653812436a812bebfe7f9a242 - Path: Packages/com.unity.inputsystem/InputSystem/Editor/Icons/Stick@4x.png - Importer: ScriptedImporter/UnityEditor.QuickSearchModule:UnityEditor.Search:ASIAI0B -> (ImportResultId: 'e6d0fc05362fc70983e9314f08b5fb4f') in 0.015123981 seconds
[Worker0] Imported GUID: 6a237171e2346e3458db37eb0f90d42b - Path: Packages/com.unity.inputsystem/InputSystem/Editor/Icons/MultiplayerEventSystem@64.png - Importer: ScriptedImporter/UnityEditor.QuickSearchModule:UnityEditor.Search:ASIAI0B -> (ImportResultId: 'e36769796730b4e4d4a99ccaaac50a21') in 0.017200377 seconds
[Worker0] Imported GUID: 1c751eb104ad5407992e614361d5f81e - Path: Packages/com.unity.inputsystem/InputSystem/Editor/Icons/Orientation@4x.png - Importer: ScriptedImporter/UnityEditor.QuickSearchModule:UnityEditor.Search:ASIAI0B -> (ImportResultId: '74865d2f0689db8d1208d341e84ed4e2') in 0.014126038 seconds
[Worker1] Imported GUID: cac8742b1b72b44699fd1663287ca47d - Path: Packages/com.unity.inputsystem/InputSystem/Editor/Icons/Interactive Binding@3x.png - Importer: ScriptedImporter/UnityEditor.QuickSearchModule:UnityEditor.Search:ASIAI0B -> (ImportResultId: '8574961d9757f3e226f018a09acbac6c') in 0.016485192 seconds
[Worker2] Imported GUID: 5684eb521fa99491e9061de682d1622e - Path: Packages/com.unity.inputsystem/InputSystem/Editor/Icons/Position.png - Importer: ScriptedImporter/UnityEditor.QuickSearchModule:UnityEditor.Search:ASIAI0B -> (ImportResultId: '035e29bbed2bad800bbc020351eabc56') in 0.017060416 seconds
[Worker2] Imported GUID: a940917cc397643afb071010cb2143d9 - Path: Packages/com.unity.inputsystem/InputSystem/Editor/Icons/Axis@4x.png - Importer: ScriptedImporter/UnityEditor.QuickSearchModule:UnityEditor.Search:ASIAI0B -> (ImportResultId: 'b8d595e89597126a62431392a24c93e4') in 0.012116818 seconds
[Worker0] Imported GUID: d7073cfe15a1a48bfb7ff59225052484 - Path: Packages/com.unity.inputsystem/InputSystem/Editor/Icons/Dpad@4x.png - Importer: ScriptedImporter/UnityEditor.QuickSearchModule:UnityEditor.Search:ASIAI0B -> (ImportResultId: 'fd0927cab73ab705993289f3cefbe590') in 0.01285724 seconds
[Worker1] Imported GUID: 7fc0926499f7a4500b152d45397c44a4 - Path: Packages/com.unity.inputsystem/InputSystem/Editor/Icons/Keyboard@4x.png - Importer: ScriptedImporter/UnityEditor.QuickSearchModule:UnityEditor.Search:ASIAI0B -> (ImportResultId: '42252f6fca4440bf919add72198b7fd2') in 0.012783973 seconds
[Worker0] Imported GUID: 6e9283a12f5b74afbba696cbb82f5e7f - Path: Packages/com.unity.inputsystem/InputSystem/Editor/Icons/Touch@4x.png - Importer: ScriptedImporter/UnityEditor.QuickSearchModule:UnityEditor.Search:ASIAI0B -> (ImportResultId: '9846434be1585f3740625e93a05cebc8') in 0.011698627 seconds
[Worker2] Imported GUID: c28849deb3e3b45c98965e7efd26f7be - Path: Packages/com.unity.inputsystem/InputSystem/Editor/Icons/Joystick.png - Importer: ScriptedImporter/UnityEditor.QuickSearchModule:UnityEditor.Search:ASIAI0B -> (ImportResultId: '6617443322ba8c9a063195cad07f297b') in 0.011904582 seconds
[Worker1] Imported GUID: d1acbe0a708dc40dc80254764e67ecfa - Path: Packages/com.unity.inputsystem/InputSystem/Editor/Icons/ChevronDown@4x.png - Importer: ScriptedImporter/UnityEditor.QuickSearchModule:UnityEditor.Search:ASIAI0B -> (ImportResultId: '472da09e40614c14fcbb9f30fade0227') in 0.013619293 seconds
[Worker0] Imported GUID: 5f09d534eb1414449a2758696bd4dd11 - Path: Packages/com.unity.inputsystem/InputSystem/Editor/Icons/Orientation@3x.png - Importer: ScriptedImporter/UnityEditor.QuickSearchModule:UnityEditor.Search:ASIAI0B -> (ImportResultId: '60d46837c1b9601e5407972b2ebd3654') in 0.012394456 seconds
[Worker2] Imported GUID: 13fb345befe624412ac0bd0138d7bcf2 - Path: Packages/com.unity.inputsystem/InputSystem/Editor/Icons/Pen@2x.png - Importer: ScriptedImporter/UnityEditor.QuickSearchModule:UnityEditor.Search:ASIAI0B -> (ImportResultId: 'fb88d91afd4797fe9279fc1802c3ce06') in 0.012413953 seconds
[Worker1] Imported GUID: a43c2c10c85c448b584c8f2840f86915 - Path: Packages/com.unity.inputsystem/InputSystem/Editor/Icons/Position@3x.png - Importer: ScriptedImporter/UnityEditor.QuickSearchModule:UnityEditor.Search:ASIAI0B -> (ImportResultId: '74cf33902310c68ddd32df1e35dd651c') in 0.013429328 seconds
[Worker2] Imported GUID: 1c37f00575bd6494ea726be5afee89b9 - Path: Packages/com.unity.inputsystem/InputSystem/Editor/Icons/Button@2x.png - Importer: ScriptedImporter/UnityEditor.QuickSearchModule:UnityEditor.Search:ASIAI0B -> (ImportResultId: '1f704b957ffc7167e9cc4486b0dda2c2') in 0.01376243 seconds
[Worker0] Imported GUID: acf10446fff184bb98db6350c2c43148 - Path: Packages/com.unity.inputsystem/InputSystem/Editor/Icons/Pen@4x.png - Importer: ScriptedImporter/UnityEditor.QuickSearchModule:UnityEditor.Search:ASIAI0B -> (ImportResultId: '836a225f8b79426618461eb8b4496285') in 0.015044132 seconds
[Worker1] Imported GUID: 5a5b9538c3aaa4587856e68a93a92a51 - Path: Packages/com.unity.inputsystem/InputSystem/Editor/Icons/Keyboard.png - Importer: ScriptedImporter/UnityEditor.QuickSearchModule:UnityEditor.Search:ASIAI0B -> (ImportResultId: 'f47a6391198229a403e39fce9743c1c0') in 0.013126122 seconds
[Worker0] Imported GUID: 57dfdce0eaf2f48a9bd9e60e920e446b - Path: Packages/com.unity.inputsystem/InputSystem/Editor/Icons/ChevronUp@2x.png - Importer: ScriptedImporter/UnityEditor.QuickSearchModule:UnityEditor.Search:ASIAI0B -> (ImportResultId: 'baca962047b7664ddc3eabf0f95c31c0') in 0.013493117 seconds
[Worker1] Imported GUID: 62ce957ca99fe4fcba573a5b141eb113 - Path: Packages/com.unity.inputsystem/InputSystem/Editor/Icons/InputControl@2x.png - Importer: ScriptedImporter/UnityEditor.QuickSearchModule:UnityEditor.Search:ASIAI0B -> (ImportResultId: 'b1512e3ab1f54f1548a0c89a632714fe') in 0.013415362 seconds
[Worker2] Imported GUID: a0b78c5ab9d654a9daba91ff774b4931 - Path: Packages/com.unity.inputsystem/InputSystem/Editor/Icons/Mouse@4x.png - Importer: ScriptedImporter/UnityEditor.QuickSearchModule:UnityEditor.Search:ASIAI0B -> (ImportResultId: '984855dca3ce84d5fab5265ce8a07633') in 0.016578026 seconds
[Worker0] Imported GUID: f58c918f135bd4b8abe5fdb06bda7f4d - Path: Packages/com.unity.inputsystem/InputSystem/Editor/Icons/Joystick@4x.png - Importer: ScriptedImporter/UnityEditor.QuickSearchModule:UnityEditor.Search:ASIAI0B -> (ImportResultId: '661ac068ab93bbcfcca1c174fd4f851e') in 0.016461679 seconds
[Worker2] Imported GUID: 6c1147159d9dc42948601b29dfc9a40c - Path: Packages/com.unity.inputsystem/InputSystem/Editor/Icons/Dpad@3x.png - Importer: ScriptedImporter/UnityEditor.QuickSearchModule:UnityEditor.Search:ASIAI0B -> (ImportResultId: '62f1b2d93c12ac033a268ac24db7441f') in 0.014594954 seconds
[Worker1] Imported GUID: 05bbafd21bf3c4cca93cb8ddfbbd4070 - Path: Packages/com.unity.inputsystem/InputSystem/Editor/Icons/Mouse@3x.png - Importer: ScriptedImporter/UnityEditor.QuickSearchModule:UnityEditor.Search:ASIAI0B -> (ImportResultId: '45a4fa512e1de5b7705dbffe33ace039') in 0.01590544 seconds
[Worker2] Imported GUID: e76f0489d4db34a2fbc3532e07f2848a - Path: Packages/com.unity.inputsystem/InputSystem/Editor/Icons/Dpad.png - Importer: ScriptedImporter/UnityEditor.QuickSearchModule:UnityEditor.Search:ASIAI0B -> (ImportResultId: '7e53312f184e118fb11ddc8856459fc5') in 0.011937813 seconds
[Worker0] Imported GUID: a9fe7c3d19af4432b9ae2a5172f4ea72 - Path: Packages/com.unity.inputsystem/InputSystem/Editor/Icons/ChevronUp.png - Importer: ScriptedImporter/UnityEditor.QuickSearchModule:UnityEditor.Search:ASIAI0B -> (ImportResultId: '0ce0c26428a2168c90ccb08c7da83f7a') in 0.012219019 seconds
[Worker1] Imported GUID: a4610f64a5a4e4625b1ddbd44b04c5a6 - Path: Packages/com.unity.inputsystem/InputSystem/Editor/Icons/Joystick@3x.png - Importer: ScriptedImporter/UnityEditor.QuickSearchModule:UnityEditor.Search:ASIAI0B -> (ImportResultId: 'e7124bcf3497bed1005fbf8e94a7cd1b') in 0.013768351 seconds
[Worker2] Imported GUID: 3028dc075ba8c584d9bc7d1e0255e038 - Path: Packages/com.unity.inputsystem/InputSystem/Editor/Icons/InputSystemUIInputModule@64.png - Importer: ScriptedImporter/UnityEditor.QuickSearchModule:UnityEditor.Search:ASIAI0B -> (ImportResultId: 'c7bbcb576dd5d7700ebc4e3ff07337a6') in 0.012511906 seconds
[Worker0] Imported GUID: 6234dae5cf6f04acb9a51e04d448e444 - Path: Packages/com.unity.inputsystem/InputSystem/Editor/Icons/Stick.png - Importer: ScriptedImporter/UnityEditor.QuickSearchModule:UnityEditor.Search:ASIAI0B -> (ImportResultId: 'ba021f2c6791644040748e8c9979df86') in 0.012411548 seconds
[Worker1] Imported GUID: 17c8753d0e5e24194b06404851be7f13 - Path: Packages/com.unity.inputsystem/InputSystem/Editor/Icons/Gamepad.png - Importer: ScriptedImporter/UnityEditor.QuickSearchModule:UnityEditor.Search:ASIAI0B -> (ImportResultId: '0dea5b8819d378c9005deef257e36364') in 0.012346116 seconds
[Worker2] Imported GUID: 4ae0b2f68c2464272b1b10105262b09b - Path: Packages/com.unity.inputsystem/InputSystem/Editor/Icons/Gamepad@3x.png - Importer: ScriptedImporter/UnityEditor.QuickSearchModule:UnityEditor.Search:ASIAI0B -> (ImportResultId: '1393ecc9493c8d3d8801c68c75fdf46e') in 0.012661234 seconds
[Worker0] Imported GUID: 588041e6f0efb43489b38677e0aac58f - Path: Packages/com.unity.inputsystem/InputSystem/Editor/Icons/Touch.png - Importer: ScriptedImporter/UnityEditor.QuickSearchModule:UnityEditor.Search:ASIAI0B -> (ImportResultId: '94415027232a21d613926daf2d72d5ea') in 0.012709905 seconds
[Worker1] Imported GUID: 62f8dda50382d487597224e197cbd34f - Path: Packages/com.unity.inputsystem/InputSystem/Editor/Icons/Orientation@2x.png - Importer: ScriptedImporter/UnityEditor.QuickSearchModule:UnityEditor.Search:ASIAI0B -> (ImportResultId: '4ae8678bcb01e475785ce19d5a459981') in 0.011497742 seconds
[Worker1] Imported GUID: 985cbca1705a64c80b370afdb30b3ee7 - Path: Packages/com.unity.inputsystem/InputSystem/Editor/Icons/ChevronDown@3x.png - Importer: ScriptedImporter/UnityEditor.QuickSearchModule:UnityEditor.Search:ASIAI0B -> (ImportResultId: '8381bd277a9c5b25386698df4e37cf81') in 0.011723083 seconds
[Worker2] Imported GUID: 2a5d0a7febdc741039abf135883517e5 - Path: Packages/com.unity.inputsystem/InputSystem/Editor/Icons/Button.png - Importer: ScriptedImporter/UnityEditor.QuickSearchModule:UnityEditor.Search:ASIAI0B -> (ImportResultId: '4b9564602c70cacb0aea07ab1900370d') in 0.012266808 seconds
[Worker0] Imported GUID: 7543bb6341c2140f292c8c852e7a3bbf - Path: Packages/com.unity.inputsystem/InputSystem/Editor/Icons/Gamepad@4x.png - Importer: ScriptedImporter/UnityEditor.QuickSearchModule:UnityEditor.Search:ASIAI0B -> (ImportResultId: 'e0f78acb43dfe85d49d92f363fdad56d') in 0.012716898 seconds
[Worker0] Imported GUID: 9e6c9e992a2ee4327bce1d6a8189cedb - Path: Packages/com.unity.inputsystem/InputSystem/Editor/Icons/Interactive Binding@4x.png - Importer: ScriptedImporter/UnityEditor.QuickSearchModule:UnityEditor.Search:ASIAI0B -> (ImportResultId: 'ea32cdaaf87eac6d463278fab6ae9cc5') in 0.012958379 seconds
[Worker1] Imported GUID: 18e45e1f11fae429c80c200cca8e0b4c - Path: Packages/com.unity.inputsystem/InputSystem/Editor/Icons/Joystick@2x.png - Importer: ScriptedImporter/UnityEditor.QuickSearchModule:UnityEditor.Search:ASIAI0B -> (ImportResultId: '1826bc444c9f8f838551717368bfdb38') in 0.013501162 seconds
[Worker2] Imported GUID: 2e27a82b5cc4e4ef98cbef2d0b324aed - Path: Packages/com.unity.inputsystem/InputSystem/Editor/Icons/Axis@3x.png - Importer: ScriptedImporter/UnityEditor.QuickSearchModule:UnityEditor.Search:ASIAI0B -> (ImportResultId: 'f89bdc13959f9b5a2d83c6ea56d79053') in 0.013731682 seconds
[Worker0] Imported GUID: 2196c18f03faf4184b1aeb2c61d5571d - Path: Packages/com.unity.inputsystem/InputSystem/Editor/Icons/Interactive Binding.png - Importer: ScriptedImporter/UnityEditor.QuickSearchModule:UnityEditor.Search:ASIAI0B -> (ImportResultId: '6316329c5fc4f948d0a7af6ae918262f') in 0.012673076 seconds
[Worker2] Imported GUID: aa356632480554016ab8f4200032981b - Path: Packages/com.unity.inputsystem/InputSystem/Editor/Icons/Button@4x.png - Importer: ScriptedImporter/UnityEditor.QuickSearchModule:UnityEditor.Search:ASIAI0B -> (ImportResultId: 'c7171c4e6a96ccf6e04799d23b9032e9') in 0.012320899 seconds
[Worker1] Imported GUID: 9721efa02e520488d96c36460fe7e4a6 - Path: Packages/com.unity.inputsystem/InputSystem/Editor/Icons/Mouse@2x.png - Importer: ScriptedImporter/UnityEditor.QuickSearchModule:UnityEditor.Search:ASIAI0B -> (ImportResultId: '064ee049970c2fcd43b5b05d1f3ea5c6') in 0.013210599 seconds
[Worker0] Imported GUID: 2027b97fd12d842d7a3169c784502a54 - Path: Packages/com.unity.inputsystem/InputSystem/Editor/Icons/Interactive Binding@2x.png - Importer: ScriptedImporter/UnityEditor.QuickSearchModule:UnityEditor.Search:ASIAI0B -> (ImportResultId: '90a99d85503d1819bc7ef18e4060ea0a') in 0.01181793 seconds
[Worker0] Imported GUID: 7fad89501bb5c408e956934bf2eb8ae3 - Path: Packages/com.unity.inputsystem/InputSystem/Editor/Icons/d_ChevronUp.png - Importer: ScriptedImporter/UnityEditor.QuickSearchModule:UnityEditor.Search:ASIAI0B -> (ImportResultId: '10bf6922651fec99603f55fc98ca5a57') in 0.011699338 seconds
[Worker2] Imported GUID: eb28fd64eacfa495c97193108f1cdf03 - Path: Packages/com.unity.inputsystem/InputSystem/Editor/Icons/d_Interactive Binding.png - Importer: ScriptedImporter/UnityEditor.QuickSearchModule:UnityEditor.Search:ASIAI0B -> (ImportResultId: '81dabfae493e998fa6020183b27c4e8c') in 0.011728343 seconds
[Worker1] Imported GUID: 424bff4d3ea64400e9b384cb8bebfb96 - Path: Packages/com.unity.inputsystem/InputSystem/Editor/Icons/d_Orientation@3x.png - Importer: ScriptedImporter/UnityEditor.QuickSearchModule:UnityEditor.Search:ASIAI0B -> (ImportResultId: '94d6bc6d80d6776850c4ac762801f2a0') in 0.014197402 seconds
[Worker2] Imported GUID: ab9b5824ece1d443aa1f3a5672d9da86 - Path: Packages/com.unity.inputsystem/InputSystem/Editor/Icons/d_Dpad@2x.png - Importer: ScriptedImporter/UnityEditor.QuickSearchModule:UnityEditor.Search:ASIAI0B -> (ImportResultId: 'b0b4b32a81919068aec772b163b42bf6') in 0.01141092 seconds
[Worker0] Imported GUID: fcaa0d99df7c74f52afaa17a375dd393 - Path: Packages/com.unity.inputsystem/InputSystem/Editor/Icons/d_Joystick@3x.png - Importer: ScriptedImporter/UnityEditor.QuickSearchModule:UnityEditor.Search:ASIAI0B -> (ImportResultId: '52caf96f7b07c74fb474715bef868dae') in 0.011605844 seconds
[Worker1] Imported GUID: 83382fb171da648c594229ca6fa7ad94 - Path: Packages/com.unity.inputsystem/InputSystem/Editor/Icons/d_Keyboard.png - Importer: ScriptedImporter/UnityEditor.QuickSearchModule:UnityEditor.Search:ASIAI0B -> (ImportResultId: '8c20abf197815ecd9dcb84017126494e') in 0.012474916 seconds
[Worker2] Imported GUID: 0aec7c7bf99354f66bc2a1d18bd0b4d2 - Path: Packages/com.unity.inputsystem/InputSystem/Editor/Icons/d_Pen@4x.png - Importer: ScriptedImporter/UnityEditor.QuickSearchModule:UnityEditor.Search:ASIAI0B -> (ImportResultId: 'd280924e9f456496350ba10dfcc84454') in 0.012955122 seconds
[Worker0] Imported GUID: c4235c4abfa134435bd4c8c1f8fd8c56 - Path: Packages/com.unity.inputsystem/InputSystem/Editor/Icons/d_InputControl@2x.png - Importer: ScriptedImporter/UnityEditor.QuickSearchModule:UnityEditor.Search:ASIAI0B -> (ImportResultId: 'dac9d83084f1d148687b6398711e9413') in 0.013495091 seconds
[Worker1] Imported GUID: 0309256f03c114697813e2296f0a1f18 - Path: Packages/com.unity.inputsystem/InputSystem/Editor/Icons/d_Button.png - Importer: ScriptedImporter/UnityEditor.QuickSearchModule:UnityEditor.Search:ASIAI0B -> (ImportResultId: '9ced068ec1044e18d92e645f69cb65cb') in 0.014987597 seconds
[Worker2] Imported GUID: ff8479815905ce84e9ef610d926f28c8 - Path: Packages/com.unity.inputsystem/InputSystem/Editor/Icons/TrackedPoseDriver@2x.png - Importer: ScriptedImporter/UnityEditor.QuickSearchModule:UnityEditor.Search:ASIAI0B -> (ImportResultId: '630102560133cef3b05ca591949f95e0') in 0.013044821 seconds
[Worker0] Imported GUID: 41edf25d451a744e6ad1172a677603bd - Path: Packages/com.unity.inputsystem/InputSystem/Editor/Icons/d_Dpad@4x.png - Importer: ScriptedImporter/UnityEditor.QuickSearchModule:UnityEditor.Search:ASIAI0B -> (ImportResultId: '5b8e792d9b409bb75651da50f8ead2f6') in 0.014312226 seconds
[Worker1] Imported GUID: 7b8bfaee8f8631c4789ac62373cbc2d4 - Path: Packages/com.unity.inputsystem/InputSystem/Editor/Icons/TrackedPoseDriver@4x.png - Importer: ScriptedImporter/UnityEditor.QuickSearchModule:UnityEditor.Search:ASIAI0B -> (ImportResultId: '11f645cac2ef904eae4d5d2bd8b5898d') in 0.013932036 seconds
[Worker2] Imported GUID: c5bdeae4dabac4bf19f7a1afcf5ca678 - Path: Packages/com.unity.inputsystem/InputSystem/Editor/Icons/d_Position.png - Importer: ScriptedImporter/UnityEditor.QuickSearchModule:UnityEditor.Search:ASIAI0B -> (ImportResultId: '5623f07c5b14f155698f54e650a40c1b') in 0.014148872 seconds
[Worker0] Imported GUID: e01ab4b854c6d4fa3a8d869b67ecd643 - Path: Packages/com.unity.inputsystem/InputSystem/Editor/Icons/d_Axis@4x.png - Importer: ScriptedImporter/UnityEditor.QuickSearchModule:UnityEditor.Search:ASIAI0B -> (ImportResultId: '2fd43929d5e62d2814c00aeeb872dfa9') in 0.012581145 seconds
[Worker1] Imported GUID: 83438053370c84456a73f7f95ef821fb - Path: Packages/com.unity.inputsystem/InputSystem/Editor/Icons/d_Gamepad@4x.png - Importer: ScriptedImporter/UnityEditor.QuickSearchModule:UnityEditor.Search:ASIAI0B -> (ImportResultId: 'b55eed010fb13287987ce0c932ba6ecf') in 0.013667874 seconds
[Worker2] Imported GUID: 96f7582a52a6843c09e0c71617e94f2d - Path: Packages/com.unity.inputsystem/InputSystem/Editor/Icons/d_Pen@2x.png - Importer: ScriptedImporter/UnityEditor.QuickSearchModule:UnityEditor.Search:ASIAI0B -> (ImportResultId: 'bc559d7883b86e1616d42ebb227dffe2') in 0.012497919 seconds
[Worker0] Imported GUID: a4d5a38cb01e9c54aa75431f797059cb - Path: Packages/com.unity.inputsystem/InputSystem/Editor/Icons/TrackedPoseDriver.png - Importer: ScriptedImporter/UnityEditor.QuickSearchModule:UnityEditor.Search:ASIAI0B -> (ImportResultId: '0ba5ad9394c609ce9c5f812702026971') in 0.012299409 seconds
[Worker1] Imported GUID: d88596134c72c47b99d7d55583f4c6bf - Path: Packages/com.unity.inputsystem/InputSystem/Editor/Icons/d_Joystick@4x.png - Importer: ScriptedImporter/UnityEditor.QuickSearchModule:UnityEditor.Search:ASIAI0B -> (ImportResultId: '543fd54421c6a2d4633e52aac4883504') in 0.012676683 seconds
[Worker2] Imported GUID: ac4c5ccb2785f4460b2dcfe47010c688 - Path: Packages/com.unity.inputsystem/InputSystem/Editor/Icons/d_Position@4x.png - Importer: ScriptedImporter/UnityEditor.QuickSearchModule:UnityEditor.Search:ASIAI0B -> (ImportResultId: '78a8719f7b9d5e4df80eeb37b8a53ab7') in 0.012880313 seconds
[Worker0] Imported GUID: 76dc61ff6c2d84b24b0a2ce01dc2842d - Path: Packages/com.unity.inputsystem/InputSystem/Editor/Icons/d_Gamepad.png - Importer: ScriptedImporter/UnityEditor.QuickSearchModule:UnityEditor.Search:ASIAI0B -> (ImportResultId: 'db3ac062339fa7607840443693f77fbe') in 0.01271224 seconds
[Worker1] Imported GUID: de98baf415a2c4d7dbe0de74cb6e171c - Path: Packages/com.unity.inputsystem/InputSystem/Editor/Icons/d_Orientation@4x.png - Importer: ScriptedImporter/UnityEditor.QuickSearchModule:UnityEditor.Search:ASIAI0B -> (ImportResultId: '22254139fc4045ec026581935c58ac1d') in 0.01489826 seconds
[Worker2] Imported GUID: 5d0b11389336d4b16b96f147c9f912e2 - Path: Packages/com.unity.inputsystem/InputSystem/Editor/Icons/d_Stick@2x.png - Importer: ScriptedImporter/UnityEditor.QuickSearchModule:UnityEditor.Search:ASIAI0B -> (ImportResultId: '9fb957cf3a0d67adced000624d96a17a') in 0.013589136 seconds
[Worker0] Imported GUID: a89bfcdeffde84e7ebf930d44b695435 - Path: Packages/com.unity.inputsystem/InputSystem/Editor/Icons/d_ChevronUp@2x.png - Importer: ScriptedImporter/UnityEditor.QuickSearchModule:UnityEditor.Search:ASIAI0B -> (ImportResultId: '9fe656ca71d60d8076f2e27c97b7b6e6') in 0.014318809 seconds
[Worker1] Imported GUID: 1918e7bff8ff44878a0003977ca03971 - Path: Packages/com.unity.inputsystem/InputSystem/Editor/Icons/d_Mouse@4x.png - Importer: ScriptedImporter/UnityEditor.QuickSearchModule:UnityEditor.Search:ASIAI0B -> (ImportResultId: '93d23d41b6c7ea7ca978e2f645f8801f') in 0.0152194 seconds
[Worker2] Imported GUID: e1da124f7cbda41a4925397406076a42 - Path: Packages/com.unity.inputsystem/InputSystem/Editor/Icons/d_Position@3x.png - Importer: ScriptedImporter/UnityEditor.QuickSearchModule:UnityEditor.Search:ASIAI0B -> (ImportResultId: '33215b93e459bbf5f88bd4e2addc407c') in 0.014820014 seconds
[Worker0] Imported GUID: f4e6ca70dd9734da1a812be882c6364e - Path: Packages/com.unity.inputsystem/InputSystem/Editor/Icons/d_Interactive Binding@4x.png - Importer: ScriptedImporter/UnityEditor.QuickSearchModule:UnityEditor.Search:ASIAI0B -> (ImportResultId: '6a167948866179888dd175ced3ad022f') in 0.014561432 seconds
[Worker1] Imported GUID: 62c846073cb844a2b926e4bbd3189647 - Path: Packages/com.unity.inputsystem/InputSystem/Editor/Icons/d_Axis@3x.png - Importer: ScriptedImporter/UnityEditor.QuickSearchModule:UnityEditor.Search:ASIAI0B -> (ImportResultId: '794e8ab91db008344f08f09406f67cc2') in 0.016718959 seconds
[Worker0] Imported GUID: b60b9eb0384c345c89435d0982a6e4fd - Path: Packages/com.unity.inputsystem/InputSystem/Editor/Icons/d_Dpad.png - Importer: ScriptedImporter/UnityEditor.QuickSearchModule:UnityEditor.Search:ASIAI0B -> (ImportResultId: 'f9a7ab4052bec10f2869080e98a88ae7') in 0.015989768 seconds
[Worker2] Imported GUID: 17b3fef87d666459d860ad88452862da - Path: Packages/com.unity.inputsystem/InputSystem/Editor/Icons/d_Pen@3x.png - Importer: ScriptedImporter/UnityEditor.QuickSearchModule:UnityEditor.Search:ASIAI0B -> (ImportResultId: 'e5db6f11df24913d480bf06d3dc5fa8d') in 0.016365298 seconds
[Worker1] Imported GUID: a4bbff684804d4c84b61cd0256cd2360 - Path: Packages/com.unity.inputsystem/InputSystem/Editor/Icons/d_Add Binding.png - Importer: ScriptedImporter/UnityEditor.QuickSearchModule:UnityEditor.Search:ASIAI0B -> (ImportResultId: '53852457e0cc0ef2b903eba76154de36') in 0.01603388 seconds
[Worker2] Imported GUID: db3dc7a02ac6d4e90bbe905a44ac265b - Path: Packages/com.unity.inputsystem/InputSystem/Editor/Icons/d_Button@4x.png - Importer: ScriptedImporter/UnityEditor.QuickSearchModule:UnityEditor.Search:ASIAI0B -> (ImportResultId: '23e1b805297afdfa04207481882af2b0') in 0.018729532 seconds
[Worker0] Imported GUID: 399cd90f4e31041e692a7d3a8b1aa4d0 - Path: Packages/com.unity.inputsystem/InputSystem/Editor/Icons/d_InputControl.png - Importer: ScriptedImporter/UnityEditor.QuickSearchModule:UnityEditor.Search:ASIAI0B -> (ImportResultId: 'a348dce0c0f7f59bec72a970e1003649') in 0.020657591 seconds
[Worker1] Imported GUID: 06ad495fb07444736b59782982d96250 - Path: Packages/com.unity.inputsystem/InputSystem/Editor/Icons/d_ChevronDown.png - Importer: ScriptedImporter/UnityEditor.QuickSearchModule:UnityEditor.Search:ASIAI0B -> (ImportResultId: 'e6cf7d4a7a51da945de8adcc91f5b9e0') in 0.016319954 seconds
[Worker0] Imported GUID: 264ffc05d7d2841d5a6065854b6282ca - Path: Packages/com.unity.inputsystem/InputSystem/Editor/Icons/d_Mouse.png - Importer: ScriptedImporter/UnityEditor.QuickSearchModule:UnityEditor.Search:ASIAI0B -> (ImportResultId: '3dd7a591a94ffa86f3a2a59cbdae80a3') in 0.015853182 seconds
[Worker2] Imported GUID: a1b7d9ffed68a47128c5622c13ba4752 - Path: Packages/com.unity.inputsystem/InputSystem/Editor/Icons/d_Dpad@3x.png - Importer: ScriptedImporter/UnityEditor.QuickSearchModule:UnityEditor.Search:ASIAI0B -> (ImportResultId: 'b4d870149ee39bb18e3c8b7a3b6142d0') in 0.017847696 seconds
[Worker1] Imported GUID: ca933a91c81734ddd88b17c8481ec1e9 - Path: Packages/com.unity.inputsystem/InputSystem/Editor/Icons/d_Add Binding@3x.png - Importer: ScriptedImporter/UnityEditor.QuickSearchModule:UnityEditor.Search:ASIAI0B -> (ImportResultId: 'cc541ecb3e8d304632d20465fd0fe9a2') in 0.017489948 seconds
[Worker0] Imported GUID: cae83450c8b18499c8c0239edf8bcc31 - Path: Packages/com.unity.inputsystem/InputSystem/Editor/Icons/d_Orientation@2x.png - Importer: ScriptedImporter/UnityEditor.QuickSearchModule:UnityEditor.Search:ASIAI0B -> (ImportResultId: '08dd5607f1059fbbbc6a43233efee23e') in 0.016148624 seconds
[Worker2] Imported GUID: 2552e303d22424da2ad62552efbd06e8 - Path: Packages/com.unity.inputsystem/InputSystem/Editor/Icons/d_Position@2x.png - Importer: ScriptedImporter/UnityEditor.QuickSearchModule:UnityEditor.Search:ASIAI0B -> (ImportResultId: '581e7333542bea4c45cd95c694bf2c82') in 0.016105994 seconds
[Worker1] Imported GUID: 6164e492ad3164525ab8ecd9968c3a64 - Path: Packages/com.unity.inputsystem/InputSystem/Editor/Icons/d_Mouse@3x.png - Importer: ScriptedImporter/UnityEditor.QuickSearchModule:UnityEditor.Search:ASIAI0B -> (ImportResultId: 'ba8a5420f6fe0e41e776377db5b34ba1') in 0.018223587 seconds
[Worker0] Imported GUID: 5d96795fd770f47d69d997b053532730 - Path: Packages/com.unity.inputsystem/InputSystem/Editor/Icons/d_ChevronDown@3x.png - Importer: ScriptedImporter/UnityEditor.QuickSearchModule:UnityEditor.Search:ASIAI0B -> (ImportResultId: '361f9a05b68904baecdf82d1bf5c64f9') in 0.0173146 seconds
[Worker2] Imported GUID: 3b78dc1763429489c9a1c70faf4f9a0e - Path: Packages/com.unity.inputsystem/InputSystem/Editor/Icons/d_Interactive Binding@2x.png - Importer: ScriptedImporter/UnityEditor.QuickSearchModule:UnityEditor.Search:ASIAI0B -> (ImportResultId: 'edf6dfc7f43193cb944647ffcb45a0e1') in 0.019043297 seconds
[Worker1] Imported GUID: 9ec4e316700da46b88741a8153b33963 - Path: Packages/com.unity.inputsystem/InputSystem/Editor/Icons/d_Keyboard@3x.png - Importer: ScriptedImporter/UnityEditor.QuickSearchModule:UnityEditor.Search:ASIAI0B -> (ImportResultId: '99020d8a78838e294027c43fb21c608b') in 0.016707367 seconds
[Worker0] Imported GUID: e2078613efd9e410c8771cbd2717f4e7 - Path: Packages/com.unity.inputsystem/InputSystem/Editor/Icons/d_InputControl@4x.png - Importer: ScriptedImporter/UnityEditor.QuickSearchModule:UnityEditor.Search:ASIAI0B -> (ImportResultId: 'b7af2abdf887959f9f3741b7d81db722') in 0.016475685 seconds
[Worker2] Imported GUID: 542599ad529004327a7b18f7b2a4aeb8 - Path: Packages/com.unity.inputsystem/InputSystem/Editor/Icons/d_Interactive Binding@3x.png - Importer: ScriptedImporter/UnityEditor.QuickSearchModule:UnityEditor.Search:ASIAI0B -> (ImportResultId: 'b5c5e5711dd77b2c47600dc02561ecc6') in 0.016895398 seconds
[Worker1] Imported GUID: 34f9452ba2ee14c0b9c976800caef571 - Path: Packages/com.unity.inputsystem/InputSystem/Editor/Icons/d_Axis.png - Importer: ScriptedImporter/UnityEditor.QuickSearchModule:UnityEditor.Search:ASIAI0B -> (ImportResultId: '6b5ffe0147d7946f7d6e59f61d1897d4') in 0.016706776 seconds
[Worker0] Imported GUID: 55040e210fa9b426b861a26909ab4de7 - Path: Packages/com.unity.inputsystem/InputSystem/Editor/Icons/d_Stick.png - Importer: ScriptedImporter/UnityEditor.QuickSearchModule:UnityEditor.Search:ASIAI0B -> (ImportResultId: '4328a9a3644fd5b1effccc50ad2b267b') in 0.017156937 seconds
[Worker2] Imported GUID: bb42fb9342e9d4e68b6cf39a2e071d9b - Path: Packages/com.unity.inputsystem/InputSystem/Editor/Icons/d_Pen.png - Importer: ScriptedImporter/UnityEditor.QuickSearchModule:UnityEditor.Search:ASIAI0B -> (ImportResultId: '5d912e661ee930a28688bb26cb40dc32') in 0.016564801 seconds
[Worker1] Imported GUID: bed935caee9524e6780614c2055bfd35 - Path: Packages/com.unity.inputsystem/InputSystem/Editor/Icons/d_Gamepad@2x.png - Importer: ScriptedImporter/UnityEditor.QuickSearchModule:UnityEditor.Search:ASIAI0B -> (ImportResultId: 'c40b8de1f6cbf5b29eb67feecfe47d72') in 0.019063675 seconds
[Worker0] Imported GUID: 27163f3cda5b9431d928f2b33eeb5cf1 - Path: Packages/com.unity.inputsystem/InputSystem/Editor/Icons/d_Axis@2x.png - Importer: ScriptedImporter/UnityEditor.QuickSearchModule:UnityEditor.Search:ASIAI0B -> (ImportResultId: 'e7d10d295c906679f2584379684a0d50') in 0.0158465 seconds
[Worker2] Imported GUID: daa9ba527d8a34b218224b8287ce11d3 - Path: Packages/com.unity.inputsystem/InputSystem/Editor/Icons/d_Mouse@2x.png - Importer: ScriptedImporter/UnityEditor.QuickSearchModule:UnityEditor.Search:ASIAI0B -> (ImportResultId: 'ead271b2d1f31d93f109e234e640fd2d') in 0.017184778 seconds
[Worker1] Imported GUID: 03c3559bb64164f7785cd1250e475250 - Path: Packages/com.unity.inputsystem/InputSystem/Editor/Icons/d_Stick@3x.png - Importer: ScriptedImporter/UnityEditor.QuickSearchModule:UnityEditor.Search:ASIAI0B -> (ImportResultId: '6266be4c626133cbf385a245bc28f8dc') in 0.017602107 seconds
[Worker2] Imported GUID: 4a0ce0eda6ee74c669b13104649e1313 - Path: Packages/com.unity.inputsystem/InputSystem/Editor/Icons/d_Add Binding@4x.png - Importer: ScriptedImporter/UnityEditor.QuickSearchModule:UnityEditor.Search:ASIAI0B -> (ImportResultId: '30cf3583ee4ff8a126330be5192a63b2') in 0.015319366 seconds
[Worker0] Imported GUID: f14e3a4027f834f16b235498ac15bb3f - Path: Packages/com.unity.inputsystem/InputSystem/Editor/Icons/d_Keyboard@2x.png - Importer: ScriptedImporter/UnityEditor.QuickSearchModule:UnityEditor.Search:ASIAI0B -> (ImportResultId: '94b54fe25dbf61ae818ffbca50e96088') in 0.020986835 seconds
[Worker1] Imported GUID: 3d7dc8d6b9a96490b9aa433645712fdf - Path: Packages/com.unity.inputsystem/InputSystem/Editor/Icons/d_Add Binding@2x.png - Importer: ScriptedImporter/UnityEditor.QuickSearchModule:UnityEditor.Search:ASIAI0B -> (ImportResultId: '15e07af325c1aa50883032ff4bb04ba5') in 0.015895652 seconds
[Worker2] Imported GUID: 0de917098a5b848b1a371e570928ce10 - Path: Packages/com.unity.inputsystem/InputSystem/Editor/Icons/d_ChevronDown@4x.png - Importer: ScriptedImporter/UnityEditor.QuickSearchModule:UnityEditor.Search:ASIAI0B -> (ImportResultId: '14b6c06e0e755b2dd015c37e3d5d87d8') in 0.016101236 seconds
[Worker0] Imported GUID: 0068f400a72d84c92a1b8f5889a574b2 - Path: Packages/com.unity.inputsystem/InputSystem/Editor/Icons/d_ChevronDown@2x.png - Importer: ScriptedImporter/UnityEditor.QuickSearchModule:UnityEditor.Search:ASIAI0B -> (ImportResultId: 'ba1d200c25644ce509be224ce2968af0') in 0.01840173 seconds
[Worker1] Imported GUID: e46ad23216d074f828f3437b21912c64 - Path: Packages/com.unity.inputsystem/InputSystem/Editor/Icons/d_ChevronUp@4x.png - Importer: ScriptedImporter/UnityEditor.QuickSearchModule:UnityEditor.Search:ASIAI0B -> (ImportResultId: '9e0946db6db016f08da0232a97ae2d34') in 0.020654265 seconds
[Worker2] Imported GUID: 27fa98be5deb54cbf9c11ffc540272b2 - Path: Packages/com.unity.inputsystem/InputSystem/Editor/Icons/d_Joystick@2x.png - Importer: ScriptedImporter/UnityEditor.QuickSearchModule:UnityEditor.Search:ASIAI0B -> (ImportResultId: '236dc15ef769b8e7b699046907181ee2') in 0.017656018 seconds
[Worker0] Imported GUID: 7d4638131127c4f4382fb36cf16c52fe - Path: Packages/com.unity.inputsystem/InputSystem/Editor/Icons/d_Joystick.png - Importer: ScriptedImporter/UnityEditor.QuickSearchModule:UnityEditor.Search:ASIAI0B -> (ImportResultId: '429c95f428618cd656ad1e09f796b266') in 0.015842453 seconds
[Worker2] Imported GUID: c933c2bcad7ef46309fde7c1cf11b39a - Path: Packages/com.unity.inputsystem/InputSystem/Editor/Icons/d_Orientation.png - Importer: ScriptedImporter/UnityEditor.QuickSearchModule:UnityEditor.Search:ASIAI0B -> (ImportResultId: 'fbb741427a5ead228ce96eb42712eab4') in 0.014841935 seconds
[Worker1] Imported GUID: 9e882b58df0964f5b90ff99cb481ee79 - Path: Packages/com.unity.inputsystem/InputSystem/Editor/Icons/d_Gamepad@3x.png - Importer: ScriptedImporter/UnityEditor.QuickSearchModule:UnityEditor.Search:ASIAI0B -> (ImportResultId: 'ee7b76d77980619112418dc399c39063') in 0.020275607 seconds
[Worker0] Imported GUID: 0efecba65ae4341a385cd5d39a2af765 - Path: Packages/com.unity.inputsystem/InputSystem/Editor/Icons/d_ChevronUp@3x.png - Importer: ScriptedImporter/UnityEditor.QuickSearchModule:UnityEditor.Search:ASIAI0B -> (ImportResultId: '962e40d308acffe85c471b41bfda7925') in 0.016042866 seconds
[Worker2] Imported GUID: 123b6218ad27a41af933311ee524dcdc - Path: Packages/com.unity.inputsystem/InputSystem/Editor/Icons/d_Keyboard@4x.png - Importer: ScriptedImporter/UnityEditor.QuickSearchModule:UnityEditor.Search:ASIAI0B -> (ImportResultId: '2f784018ad440a1311015d080f9a9968') in 0.015597345 seconds
[Worker1] Imported GUID: 0962795d1cafc460b9027de55b1c0a80 - Path: Packages/com.unity.inputsystem/InputSystem/Editor/Icons/d_Button@2x.png - Importer: ScriptedImporter/UnityEditor.QuickSearchModule:UnityEditor.Search:ASIAI0B -> (ImportResultId: 'a18c5e428390bda0cbad5ece6feaf814') in 0.019740318 seconds
[Worker2] Imported GUID: ed303b5629a047fa8c081261bb1993d1 - Path: Packages/com.unity.inputsystem/InputSystem/Editor/Internal/BuildProviderHelpers.cs - Importer: ScriptedImporter/UnityEditor.QuickSearchModule:UnityEditor.Search:ASIAI0B -> (ImportResultId: '9716c0ec8a689e5b7deaee40b6f1f5cf') in 0.012319196 seconds
[Worker0] Imported GUID: e22caa7f1befe4d4db80921ba3cdabdb - Path: Packages/com.unity.inputsystem/InputSystem/Editor/Internal/SerializedPropertyHelpers.cs - Importer: ScriptedImporter/UnityEditor.QuickSearchModule:UnityEditor.Search:ASIAI0B -> (ImportResultId: 'd91c1709029ffbab57045dd388f4f0b7') in 0.012312814 seconds
[Worker1] Imported GUID: 050df780a05f4754b28e85d32a88da95 - Path: Packages/com.unity.inputsystem/InputSystem/Runtime/Actions/InputActionParameters.cs - Importer: ScriptedImporter/UnityEditor.QuickSearchModule:UnityEditor.Search:ASIAI0B -> (ImportResultId: 'c0ec977ea52c5209c808fd6da82d5779') in 0.01228417 seconds
[Worker2] Imported GUID: aa58e874cb4143ad884b8da2bb3f0d7a - Path: Packages/com.unity.inputsystem/InputSystem/Editor/Internal/InputControlTreeView.cs - Importer: ScriptedImporter/UnityEditor.QuickSearchModule:UnityEditor.Search:ASIAI0B -> (ImportResultId: '1ec7fa812bc28a8b886857eba2715c4e') in 0.012972866 seconds
[Worker0] Imported GUID: 15ce6d517ffb81e44bc72545abacdc9c - Path: Packages/com.unity.inputsystem/InputSystem/Editor/PropertyDrawers/InputActionAssetSearchProvider.cs - Importer: ScriptedImporter/UnityEditor.QuickSearchModule:UnityEditor.Search:ASIAI0B -> (ImportResultId: 'e245c51d958d8c19403fc536196c53a9') in 0.01263173 seconds
[Worker1] Imported GUID: 54ee1a1058dfd4e089fe94a8e880938e - Path: Packages/com.unity.inputsystem/InputSystem/Editor/Internal/GUIHelpers.cs - Importer: ScriptedImporter/UnityEditor.QuickSearchModule:UnityEditor.Search:ASIAI0B -> (ImportResultId: 'fcc4bd7ce8e7eccb87fe9731b2ebeb9c') in 0.013347605 seconds
[Worker2] Imported GUID: cfe12f5319f74d9e8b0875e965ac280b - Path: Packages/com.unity.inputsystem/InputSystem/Runtime/Actions/InputAction.cs - Importer: ScriptedImporter/UnityEditor.QuickSearchModule:UnityEditor.Search:ASIAI0B -> (ImportResultId: '7f1cee0c8c046cc032d4c36a96c8e638') in 0.012936258 seconds
[Worker1] Imported GUID: 6efadb7e1c29b4055adbd232610a4179 - Path: Packages/com.unity.inputsystem/InputSystem/Runtime/Actions/InputBindingComposite.cs - Importer: ScriptedImporter/UnityEditor.QuickSearchModule:UnityEditor.Search:ASIAI0B -> (ImportResultId: '7622b682c255493fa263a48e8312d49a') in 0.014273544 seconds
[Worker0] Imported GUID: ceaa885da02f84da195f87de12535da6 - Path: Packages/com.unity.inputsystem/InputSystem/Editor/Icons/d_Touch@2x.png - Importer: ScriptedImporter/UnityEditor.QuickSearchModule:UnityEditor.Search:ASIAI0B -> (ImportResultId: '5e68edc72c04e929f81fee8b61b95cf2') in 0.016287774 seconds
[Worker0] Imported GUID: c2db5674bb583c0449389396f935abf8 - Path: Packages/com.unity.inputsystem/InputSystem/Runtime/Actions/InputActionPhase.cs - Importer: ScriptedImporter/UnityEditor.QuickSearchModule:UnityEditor.Search:ASIAI0B -> (ImportResultId: '663aeaa1591df93ce2276f822897140d') in 0.012073347 seconds
[Worker1] Imported GUID: 2a47e68520f79264fb6828f8f9516ef2 - Path: Packages/com.unity.inputsystem/InputSystem/Editor/ProjectWideActions/ProjectWideActionsAsset.cs - Importer: ScriptedImporter/UnityEditor.QuickSearchModule:UnityEditor.Search:ASIAI0B -> (ImportResultId: '623457661b6b4055f4260d81f7b64eb3') in 0.013407878 seconds
[Worker2] Imported GUID: 7c93968c9be74a1fa43a3dad5eed4cbd - Path: Packages/com.unity.inputsystem/InputSystem/Editor/Internal/InputActionSerializationHelpers.cs - Importer: ScriptedImporter/UnityEditor.QuickSearchModule:UnityEditor.Search:ASIAI0B -> (ImportResultId: 'c98baabdc53544b63c89f6a29754f322') in 0.017555751 seconds
[Worker0] Imported GUID: c77cd15ef9ca14d3e928d192049c276d - Path: Packages/com.unity.inputsystem/InputSystem/Runtime/Actions/InputActionChange.cs - Importer: ScriptedImporter/UnityEditor.QuickSearchModule:UnityEditor.Search:ASIAI0B -> (ImportResultId: '5dbf46416abdfd57ede64031bc19fd56') in 0.012247001 seconds
[Worker1] Imported GUID: 0c43a6876f1eb4fdf8b9dc2fee926776 - Path: Packages/com.unity.inputsystem/InputSystem/Runtime/Actions/InputActionProperty.cs - Importer: ScriptedImporter/UnityEditor.QuickSearchModule:UnityEditor.Search:ASIAI0B -> (ImportResultId: '19fa73fbc4ebe3ab527f49a88b00c2b2') in 0.011862764 seconds
[Worker2] Imported GUID: 18d3e83390dcd6349b3086b9f70391b9 - Path: Packages/com.unity.inputsystem/InputSystem/Editor/UITKAssetEditor/InputActionsEditorSettingsProvider.cs - Importer: ScriptedImporter/UnityEditor.QuickSearchModule:UnityEditor.Search:ASIAI0B -> (ImportResultId: 'ce560996605f3381c67561056e59ec04') in 0.013869169 seconds
[Worker0] Imported GUID: 36827be967eb9244b973cbee1bbf53e1 - Path: Packages/com.unity.inputsystem/InputSystem/Editor/UITKAssetEditor/InputActionsEditorConstants.cs - Importer: ScriptedImporter/UnityEditor.QuickSearchModule:UnityEditor.Search:ASIAI0B -> (ImportResultId: '229026517a082e325145efd03d561283') in 0.012008075 seconds
[Worker1] Imported GUID: a6f2f33363708814e8530579e2d8cf2d - Path: Packages/com.unity.inputsystem/InputSystem/Editor/UITKAssetEditor/ReactiveProperty.cs - Importer: ScriptedImporter/UnityEditor.QuickSearchModule:UnityEditor.Search:ASIAI0B -> (ImportResultId: '07cbcd23cb68d085e66a9b5066f526f9') in 0.012331839 seconds
[Worker2] Imported GUID: 60f36b88774fb4ed685661de123d7449 - Path: Packages/com.unity.inputsystem/InputSystem/Editor/Internal/TreeViewHelpers.cs - Importer: ScriptedImporter/UnityEditor.QuickSearchModule:UnityEditor.Search:ASIAI0B -> (ImportResultId: '151cdb2beb926d8cd9339497eb9293af') in 0.014709377 seconds
[Worker0] Imported GUID: ba2c9cc57fa154716b6f077bf9c1c193 - Path: Packages/com.unity.inputsystem/InputSystem/Editor/PropertyDrawers/InputActionDrawerBase.cs - Importer: ScriptedImporter/UnityEditor.QuickSearchModule:UnityEditor.Search:ASIAI0B -> (ImportResultId: '24570def481cb6d16fd8642fdeb88e4d') in 0.012906372 seconds
[Worker1] Imported GUID: 7a8e0b5c429811847b8c97a058e5884f - Path: Packages/com.unity.inputsystem/InputSystem/Editor/UITKAssetEditor/InputActionsEditorState.cs - Importer: ScriptedImporter/UnityEditor.QuickSearchModule:UnityEditor.Search:ASIAI0B -> (ImportResultId: '71f669fbc9f0f5ea58ea4e912618da05') in 0.012661816 seconds
[Worker2] Imported GUID: 94fa2e214a138425e8afbbe1329e0b55 - Path: Packages/com.unity.inputsystem/InputSystem/Editor/Icons/d_Touch.png - Importer: ScriptedImporter/UnityEditor.QuickSearchModule:UnityEditor.Search:ASIAI0B -> (ImportResultId: '7daef8ed54e38b3272492ef66947799d') in 0.018169647 seconds
[Worker1] Imported GUID: 550c4f473d16e49cf9f2e5c45be4490d - Path: Packages/com.unity.inputsystem/InputSystem/Editor/PropertyDrawers/InputActionPropertyDrawer.cs - Importer: ScriptedImporter/UnityEditor.QuickSearchModule:UnityEditor.Search:ASIAI0B -> (ImportResultId: 'fd8757aede2ecddaf45baea2fb268850') in 0.013247839 seconds
[Worker0] Imported GUID: 4075725b42343494dae837a8144df3b2 - Path: Packages/com.unity.inputsystem/InputSystem/Editor/PropertyDrawers/InputControlPathDrawer.cs - Importer: ScriptedImporter/UnityEditor.QuickSearchModule:UnityEditor.Search:ASIAI0B -> (ImportResultId: '658a53c89e7339927c6bddfae46d80e0') in 0.013466868 seconds
[Worker2] Imported GUID: 30bd04fe045c46918b5fe7bc6efc4ce2 - Path: Packages/com.unity.inputsystem/InputSystem/Editor/PropertyDrawers/InputActionReferencePropertyDrawer.cs - Importer: ScriptedImporter/UnityEditor.QuickSearchModule:UnityEditor.Search:ASIAI0B -> (ImportResultId: '00b87ecbe464c1028d3e6f96cd3a7cfd') in 0.012605691 seconds
[Worker0] Imported GUID: 2084fa9039e3711438d53087a63525f7 - Path: Packages/com.unity.inputsystem/InputSystem/Editor/UITKAssetEditor/SerializedInputBinding.cs - Importer: ScriptedImporter/UnityEditor.QuickSearchModule:UnityEditor.Search:ASIAI0B -> (ImportResultId: 'e2ff2080fc21b6ea3118ec8d1ee5d9ba') in 0.013412747 seconds
[Worker1] Imported GUID: 255ca660c2e3b424bb54d7be66737f57 - Path: Packages/com.unity.inputsystem/InputSystem/Editor/UITKAssetEditor/EnumerableExtensions.cs - Importer: ScriptedImporter/UnityEditor.QuickSearchModule:UnityEditor.Search:ASIAI0B -> (ImportResultId: '59f81c4adda0e14735e9432200f1b08b') in 0.01316775 seconds
[Worker2] Imported GUID: fa1cedc2b36c5fc49a203b0e02a22d64 - Path: Packages/com.unity.inputsystem/InputSystem/Editor/Utilities/DirtyAssetTracker.cs - Importer: ScriptedImporter/UnityEditor.QuickSearchModule:UnityEditor.Search:ASIAI0B -> (ImportResultId: 'fc6c6621e4f833145f49d235973fd6af') in 0.013814367 seconds
[Worker0] Imported GUID: 0e297b4219a224ba5bcb4f9293e26ea9 - Path: Packages/com.unity.inputsystem/InputSystem/Runtime/Actions/IInputActionCollection.cs - Importer: ScriptedImporter/UnityEditor.QuickSearchModule:UnityEditor.Search:ASIAI0B -> (ImportResultId: 'bcccc850b23004e7f6818e4a4eeed111') in 0.012110576 seconds
[Worker1] Imported GUID: 8a190d472354bb845973412ac9c5c477 - Path: Packages/com.unity.inputsystem/InputSystem/Editor/ProjectWideActions/ProjectWideActionsTemplate.json - Importer: ScriptedImporter/UnityEditor.QuickSearchModule:UnityEditor.Search:ASIAI0B -> (ImportResultId: '7c73de04139636edfa6c865d08c02492') in 0.01201107 seconds
[Worker0] Imported GUID: 49207568c569440f97a5bfe8b4144a16 - Path: Packages/com.unity.inputsystem/InputSystem/Runtime/Actions/InputBinding.cs - Importer: ScriptedImporter/UnityEditor.QuickSearchModule:UnityEditor.Search:ASIAI0B -> (ImportResultId: 'e344a615358bd60ed413ed18b7a18d36') in 0.012663669 seconds
[Worker2] Imported GUID: c018e4b76d0cd35459e780d36eb69c45 - Path: Packages/com.unity.inputsystem/InputSystem/Editor/Internal/SerializedPropertyLinqExtensions.cs - Importer: ScriptedImporter/UnityEditor.QuickSearchModule:UnityEditor.Search:ASIAI0B -> (ImportResultId: '7388ace1d213c1da0ef50a76f1bf70e6') in 0.014501279 seconds
[Worker1] Imported GUID: 5e64ea03a5bf05845977ae0cd2e1dd4f - Path: Packages/com.unity.inputsystem/InputSystem/Editor/PropertyDrawers/GamepadButtonPropertyDrawer.cs - Importer: ScriptedImporter/UnityEditor.QuickSearchModule:UnityEditor.Search:ASIAI0B -> (ImportResultId: '68adfd5b91ba567e05ee447726d7e40c') in 0.01245026 seconds
[Worker2] Imported GUID: 9e37175fb5b321444aa88a861f93360a - Path: Packages/com.unity.inputsystem/InputSystem/Runtime/Actions/IInputInteraction.cs - Importer: ScriptedImporter/UnityEditor.QuickSearchModule:UnityEditor.Search:ASIAI0B -> (ImportResultId: '8127ef5add32aeee9dbeda2ac54f8260') in 0.009897876 seconds
[Worker0] Imported GUID: 39fa3d8997a24136984ca6e2c99902bc - Path: Packages/com.unity.inputsystem/InputSystem/Runtime/Actions/InputActionAsset.cs - Importer: ScriptedImporter/UnityEditor.QuickSearchModule:UnityEditor.Search:ASIAI0B -> (ImportResultId: '4af7d934c2b38ea8ead71ec160764f6d') in 0.012405267 seconds
[Worker1] Imported GUID: e8df62e96c8524c2a89b7af40ee100e9 - Path: Packages/com.unity.inputsystem/InputSystem/Editor/Settings/InputSettingsProvider.cs - Importer: ScriptedImporter/UnityEditor.QuickSearchModule:UnityEditor.Search:ASIAI0B -> (ImportResultId: 'cf0486727d58fafa7c1ed8272bf2e7ec') in 0.012007544 seconds
[Worker0] Imported GUID: 20d24cdc563d241d8a6bbbb9e417d100 - Path: Packages/com.unity.inputsystem/InputSystem/Editor/Settings/InputSettingsBuildProvider.cs - Importer: ScriptedImporter/UnityEditor.QuickSearchModule:UnityEditor.Search:ASIAI0B -> (ImportResultId: '30eb8de41bccc099acae1f6cb160a88b') in 0.010062383 seconds
[Worker2] Imported GUID: f2fd4d7aa99c94a67a6a137fe979a760 - Path: Packages/com.unity.inputsystem/InputSystem/Editor/Icons/d_Stick@4x.png - Importer: ScriptedImporter/UnityEditor.QuickSearchModule:UnityEditor.Search:ASIAI0B -> (ImportResultId: '446544c4284f9ee132402fde7e799a05') in 0.012887296 seconds
[Worker1] Imported GUID: e77ee65b5139048949dc0ac5614efeec - Path: Packages/com.unity.inputsystem/InputSystem/Editor/Icons/d_Touch@3x.png - Importer: ScriptedImporter/UnityEditor.QuickSearchModule:UnityEditor.Search:ASIAI0B -> (ImportResultId: '9f111745a3ef1eb92b812283e38f485f') in 0.012136715 seconds
[Worker0] Imported GUID: fc1515ab76e54f068e2f2207940fab32 - Path: Packages/com.unity.inputsystem/InputSystem/Runtime/Actions/InputActionReference.cs - Importer: ScriptedImporter/UnityEditor.QuickSearchModule:UnityEditor.Search:ASIAI0B -> (ImportResultId: '7a5ee591cc7af4b23e6f66d67b9bc385') in 0.009849315 seconds
[Worker2] Imported GUID: e68462a09b6ba104abce11d2d157d0b2 - Path: Packages/com.unity.inputsystem/InputSystem/Editor/UITKAssetEditor/InputActionsEditorWindow.cs - Importer: ScriptedImporter/UnityEditor.QuickSearchModule:UnityEditor.Search:ASIAI0B -> (ImportResultId: 'a55f48b94749986da176e7ad7f7cb432') in 0.011173547 seconds
[Worker1] Imported GUID: baaf1bd005134bc6825c06f3510c6643 - Path: Packages/com.unity.inputsystem/InputSystem/Editor/PropertyDrawers/InputActionReferenceSearchProviders.cs - Importer: ScriptedImporter/UnityEditor.QuickSearchModule:UnityEditor.Search:ASIAI0B -> (ImportResultId: '8a8eb2747d8fe23177c0b09c44ed0aa2') in 0.010055771 seconds
[Worker0] Imported GUID: a3882f27ee264cbfaa87fbdceacfcea1 - Path: Packages/com.unity.inputsystem/InputSystem/Editor/Internal/InputEventTreeView.cs - Importer: ScriptedImporter/UnityEditor.QuickSearchModule:UnityEditor.Search:ASIAI0B -> (ImportResultId: 'c3391c6034b11b6233a30775ba7610e2') in 0.010060981 seconds
[Worker2] Imported GUID: e1ad7c41319cc470d8ae996688c56e79 - Path: Packages/com.unity.inputsystem/InputSystem/Editor/PropertyDrawers/InputActionMapDrawer.cs - Importer: ScriptedImporter/UnityEditor.QuickSearchModule:UnityEditor.Search:ASIAI0B -> (ImportResultId: 'ba9b09dbd388b98fdd22cba934abf58f') in 0.010155888 seconds
[Worker1] Imported GUID: 9e0a885665a44db1adfaf0e3b9e9cda6 - Path: Packages/com.unity.inputsystem/InputSystem/Editor/PropertyDrawers/InputActionAssetDrawer.cs - Importer: ScriptedImporter/UnityEditor.QuickSearchModule:UnityEditor.Search:ASIAI0B -> (ImportResultId: '53402600decb033d1f659e033804f9c7') in 0.009658279 seconds
[Worker0] Imported GUID: ca5a63bf867c240879f2eb2179771ffb - Path: Packages/com.unity.inputsystem/InputSystem/Runtime/Actions/InputActionState.cs - Importer: ScriptedImporter/UnityEditor.QuickSearchModule:UnityEditor.Search:ASIAI0B -> (ImportResultId: 'bcab1671e930c657e409a20e8c0b6ddb') in 0.009634945 seconds
[Worker2] Imported GUID: fbe76c3f0e980e6468b895ac1133c20d - Path: Packages/com.unity.inputsystem/InputSystem/Runtime/Actions/InputBindingCompositeContext.cs - Importer: ScriptedImporter/UnityEditor.QuickSearchModule:UnityEditor.Search:ASIAI0B -> (ImportResultId: 'ef5956dc8cf4900d5fac8f1ae80ef821') in 0.009408002 seconds
[Worker1] Imported GUID: 6db042035460c4167a6ab8d1ac3c2681 - Path: Packages/com.unity.inputsystem/InputSystem/Editor/Icons/d_Touch@4x.png - Importer: ScriptedImporter/UnityEditor.QuickSearchModule:UnityEditor.Search:ASIAI0B -> (ImportResultId: '338676842b404c4712874e9773e33be1') in 0.012538335 seconds
[Worker2] Imported GUID: b21f8c6bf1fd94d1fb47907209b23367 - Path: Packages/com.unity.inputsystem/InputSystem/Runtime/Actions/InputActionType.cs - Importer: ScriptedImporter/UnityEditor.QuickSearchModule:UnityEditor.Search:ASIAI0B -> (ImportResultId: '60bcbb29e67602d78c072c7f7806bf1a') in 0.009414374 seconds
[Worker0] Imported GUID: 87354c477cc09c441b957b3aae10d813 - Path: Packages/com.unity.inputsystem/InputSystem/Runtime/Actions/InputActionMap.cs - Importer: ScriptedImporter/UnityEditor.QuickSearchModule:UnityEditor.Search:ASIAI0B -> (ImportResultId: 'dd526bf0a3a23ce5e3edd76b589e7f6d') in 0.010712867 seconds
[Worker3] Imported GUID: bd166cb4f7947a8498e7ad07a9c04294 - Path: Packages/com.unity.inputsystem/InputSystem/Runtime/Actions/InputActionRebindingExtensions.cs - Importer: ScriptedImporter/UnityEditor.QuickSearchModule:UnityEditor.Search:ASIAI0B -> (ImportResultId: 'a0f80f56d64c0086635f24ff26798c97') in 0.096037099 seconds
[Worker1] Imported GUID: fcffff3de13f4304a98bb50b1222399a - Path: Packages/com.unity.inputsystem/InputSystem/Editor/UITKAssetEditor/SerializedInputAction.cs - Importer: ScriptedImporter/UnityEditor.QuickSearchModule:UnityEditor.Search:ASIAI0B -> (ImportResultId: 'd009f3f3d293e9210e2bb46d79b4ef8d') in 0.009864043 seconds
[Worker0] Imported GUID: 84ed8f0fc9aae9347b3b0a962eeacf32 - Path: Packages/com.unity.inputsystem/InputSystem/Runtime/Actions/InputBindingResolver.cs - Importer: ScriptedImporter/UnityEditor.QuickSearchModule:UnityEditor.Search:ASIAI0B -> (ImportResultId: 'e2502b02acb655bb735e87e1698cb742') in 0.009880132 seconds
[Worker2] Imported GUID: d92ba71f7bef7074eb5d8753a9d09521 - Path: Packages/com.unity.inputsystem/InputSystem/Editor/UITKAssetEditor/SerializedInputActionMap.cs - Importer: ScriptedImporter/UnityEditor.QuickSearchModule:UnityEditor.Search:ASIAI0B -> (ImportResultId: 'e73f2acf42e2c27160f38bbb33803400') in 0.010260152 seconds
[Worker3] Imported GUID: ae31a855334ecf64f848ae8e0b4e5a24 - Path: Packages/com.unity.inputsystem/InputSystem/Runtime/Actions/InputActionSetupExtensions.cs - Importer: ScriptedImporter/UnityEditor.QuickSearchModule:UnityEditor.Search:ASIAI0B -> (ImportResultId: '45d0be4d388637341784faed9ffa7d28') in 0.009853543 seconds
[Worker1] Imported GUID: 1cbae3eee4bd4f6f9b9ad85aab8174e4 - Path: Packages/com.unity.inputsystem/InputSystem/Editor/ProjectWideActions/ProjectWideActionsBuildProvider.cs - Importer: ScriptedImporter/UnityEditor.QuickSearchModule:UnityEditor.Search:ASIAI0B -> (ImportResultId: '0ff2c2656cdc1cda98499e742ebbc366') in 0.009877569 seconds
[Worker3] Imported GUID: 6d671947d51444fb9b8a4bf96c16bfed - Path: Packages/com.unity.inputsystem/InputSystem/Editor/Internal/EditorHelpers.cs - Importer: ScriptedImporter/UnityEditor.QuickSearchModule:UnityEditor.Search:ASIAI0B -> (ImportResultId: '59a7fe50ed85dc82ced273528a4bbc16') in 0.009564574 seconds
[Worker2] Imported GUID: 2539bd7bca18c47e5a76ad1471ed6829 - Path: Packages/com.unity.inputsystem/InputSystem/Editor/PropertyDrawers/InputActionDrawer.cs - Importer: ScriptedImporter/UnityEditor.QuickSearchModule:UnityEditor.Search:ASIAI0B -> (ImportResultId: 'b24b7532b2961611fba6e776bf2decec') in 0.009967025 seconds
[Worker0] Imported GUID: 8b19af954eaf68841a157dc58e7e4814 - Path: Packages/com.unity.inputsystem/InputSystem/Editor/UITKAssetEditor/StateContainer.cs - Importer: ScriptedImporter/UnityEditor.QuickSearchModule:UnityEditor.Search:ASIAI0B -> (ImportResultId: 'b90ad391fdf8a839d4828b6efb89ec60') in 0.010282223 seconds
[Worker1] Imported GUID: 3b8e35f20292579409c899395e30948f - Path: Packages/com.unity.inputsystem/InputSystem/Editor/UITKAssetEditor/InputActionsEditorWindowUtils.cs - Importer: ScriptedImporter/UnityEditor.QuickSearchModule:UnityEditor.Search:ASIAI0B -> (ImportResultId: '4fa525739371a78468616398ddc1b1d7') in 0.010217042 seconds
[Worker3] Imported GUID: 35e258ef8ccb13146952199468118233 - Path: Packages/com.unity.inputsystem/InputSystem/Editor/UITKAssetEditor/ExpressionUtils.cs - Importer: ScriptedImporter/UnityEditor.QuickSearchModule:UnityEditor.Search:ASIAI0B -> (ImportResultId: 'ef5289aa60e331139dbcabb346b4aa11') in 0.010141351 seconds
[Worker2] Imported GUID: d0821e88149544e9b53290bf15b8d100 - Path: Packages/com.unity.inputsystem/InputSystem/Editor/Internal/InputStateWindow.cs - Importer: ScriptedImporter/UnityEditor.QuickSearchModule:UnityEditor.Search:ASIAI0B -> (ImportResultId: '82ce096cdfc78905daf22dcd24d51c80') in 0.010027668 seconds
[Worker0] Imported GUID: 4ff1587ed21f442578f1ad36c4779a95 - Path: Packages/com.unity.inputsystem/InputSystem/Runtime/Actions/InputActionTrace.cs - Importer: ScriptedImporter/UnityEditor.QuickSearchModule:UnityEditor.Search:ASIAI0B -> (ImportResultId: '462a758afbce5cfff419f0f0fef35d49') in 0.010087099 seconds
[Worker1] Imported GUID: 40a986dbf9066476b8a3b360e74e99de - Path: Packages/com.unity.inputsystem/InputSystem/Runtime/Actions/DeferBindingResolutionContext.cs - Importer: ScriptedImporter/UnityEditor.QuickSearchModule:UnityEditor.Search:ASIAI0B -> (ImportResultId: 'f008a3e3cc6477c3c8ed56d5819cb614') in 0.010724129 seconds
[Worker3] Imported GUID: 72dd2bf74735a46be8891fde502f792c - Path: Packages/com.unity.inputsystem/InputSystem/Editor/Settings/EditorPlayerSettingHelpers.cs - Importer: ScriptedImporter/UnityEditor.QuickSearchModule:UnityEditor.Search:ASIAI0B -> (ImportResultId: '76c40b19271c93eb3cbfc6ed9f47570c') in 0.011285366 seconds
[Worker0] Imported GUID: 7c9443eaca924751a528ee833d503cb0 - Path: Packages/com.unity.inputsystem/InputSystem/Runtime/Events/InputEventHandledPolicy.cs - Importer: ScriptedImporter/UnityEditor.QuickSearchModule:UnityEditor.Search:ASIAI0B -> (ImportResultId: '782642049d43f068e986bfa89e08a9d4') in 0.009258141 seconds
[Worker2] Imported GUID: 7009ea2cce278c14d852537c8f40c8a0 - Path: Packages/com.unity.inputsystem/InputSystem/Runtime/Controls/IntegerControl.cs - Importer: ScriptedImporter/UnityEditor.QuickSearchModule:UnityEditor.Search:ASIAI0B -> (ImportResultId: '338ca2c35641f763560d864c410a0abe') in 0.009268431 seconds
[Worker1] Imported GUID: d618f7e3781548c28836f39ae65d95e1 - Path: Packages/com.unity.inputsystem/InputSystem/Runtime/Controls/ButtonControl.cs - Importer: ScriptedImporter/UnityEditor.QuickSearchModule:UnityEditor.Search:ASIAI0B -> (ImportResultId: '53f89a7e4ebc14e68c98d3b7b8debfc7') in 0.009678757 seconds
[Worker3] Imported GUID: 7d7a42e3bb8b4c0f877cbe19718a4103 - Path: Packages/com.unity.inputsystem/InputSystem/Runtime/Controls/KeyControl.cs - Importer: ScriptedImporter/UnityEditor.QuickSearchModule:UnityEditor.Search:ASIAI0B -> (ImportResultId: '42c89a2db7e97ba0a6fa1014d97da086') in 0.011206348 seconds
[Worker1] Imported GUID: 72251f49d44478b4c93462938d7ce4cf - Path: Packages/com.unity.inputsystem/InputSystem/Runtime/Controls/DoubleControl.cs - Importer: ScriptedImporter/UnityEditor.QuickSearchModule:UnityEditor.Search:ASIAI0B -> (ImportResultId: 'd77fe16292f8ce2356455b0c76b2ef66') in 0.009535149 seconds
[Worker0] Imported GUID: c79fd316c31a2402692c908865404608 - Path: Packages/com.unity.inputsystem/InputSystem/Runtime/Controls/InputProcessor.cs - Importer: ScriptedImporter/UnityEditor.QuickSearchModule:UnityEditor.Search:ASIAI0B -> (ImportResultId: 'dd4db740c9a55f530165aa97789089d8') in 0.010009024 seconds
[Worker2] Imported GUID: a8cfbe75f80984c1d9700ef41f6e2aeb - Path: Packages/com.unity.inputsystem/InputSystem/Runtime/Controls/InputControlExtensions.cs - Importer: ScriptedImporter/UnityEditor.QuickSearchModule:UnityEditor.Search:ASIAI0B -> (ImportResultId: '739d03d2460e58b3f0714c9d62dffb0e') in 0.010560122 seconds
[Worker3] Imported GUID: 6bb362cb9a8353d44997049a67efe591 - Path: Packages/com.unity.inputsystem/InputSystem/Runtime/Devices/InputDeviceMatcher.cs - Importer: ScriptedImporter/UnityEditor.QuickSearchModule:UnityEditor.Search:ASIAI0B -> (ImportResultId: '5f0a490e20d0024025905cb3d77ef7d5') in 0.010024853 seconds
[Worker1] Imported GUID: bb39cf984021140a3adc2419327534a7 - Path: Packages/com.unity.inputsystem/InputSystem/Runtime/Events/IMECompositionEvent.cs - Importer: ScriptedImporter/UnityEditor.QuickSearchModule:UnityEditor.Search:ASIAI0B -> (ImportResultId: 'f9db08b5a0f9145a61abd04daf4f3ab7') in 0.010380748 seconds
[Worker0] Imported GUID: af015677ecab4644b2382c6b37c2d95c - Path: Packages/com.unity.inputsystem/InputSystem/Runtime/Devices/InputDeviceChange.cs - Importer: ScriptedImporter/UnityEditor.QuickSearchModule:UnityEditor.Search:ASIAI0B -> (ImportResultId: 'ebf302cfb2021357f46a41469f5e731b') in 0.0105163 seconds
[Worker2] Imported GUID: cf624ae4ff5e44cebdcba54ae1ff380a - Path: Packages/com.unity.inputsystem/InputSystem/Runtime/Controls/CommonUsages.cs - Importer: ScriptedImporter/UnityEditor.QuickSearchModule:UnityEditor.Search:ASIAI0B -> (ImportResultId: '79838fdcf8e53a894e0f5fe287095232') in 0.010903643 seconds
[Worker3] Imported GUID: 551b733126e34f71a7294051cf2bfc0b - Path: Packages/com.unity.inputsystem/InputSystem/Runtime/Controls/AxisControl.cs - Importer: ScriptedImporter/UnityEditor.QuickSearchModule:UnityEditor.Search:ASIAI0B -> (ImportResultId: '20638fbb2b20d13dcea57d2be4123b67') in 0.010763001 seconds
[Worker0] Imported GUID: 12826de7f47b478428a9941b5fb5adcf - Path: Packages/com.unity.inputsystem/InputSystem/Runtime/Actions/InputInteractionContext.cs - Importer: ScriptedImporter/UnityEditor.QuickSearchModule:UnityEditor.Search:ASIAI0B -> (ImportResultId: '79b0ceac885bb68df1a6daa484ca2b36') in 0.00995851 seconds
[Worker1] Imported GUID: c632b886b4d04e6b856720556b399ffe - Path: Packages/com.unity.inputsystem/InputSystem/Runtime/Events/DeltaStateEvent.cs - Importer: ScriptedImporter/UnityEditor.QuickSearchModule:UnityEditor.Search:ASIAI0B -> (ImportResultId: '5cebab6a72d5f97ba0abf22570811049') in 0.010165606 seconds
[Worker3] Imported GUID: 8b5bc678fe5c44624a0f00e148fc2670 - Path: Packages/com.unity.inputsystem/InputSystem/Runtime/Devices/ITextInputReceiver.cs - Importer: ScriptedImporter/UnityEditor.QuickSearchModule:UnityEditor.Search:ASIAI0B -> (ImportResultId: '973c12d5254742184eb24104bb455fd9') in 0.010299015 seconds
[Worker2] Imported GUID: 793d3fce58f547d688fdc78bee75cd30 - Path: Packages/com.unity.inputsystem/InputSystem/Runtime/Controls/TouchControl.cs - Importer: ScriptedImporter/UnityEditor.QuickSearchModule:UnityEditor.Search:ASIAI0B -> (ImportResultId: '16b842d6dfa8a18e50a2c5a54136d3d3') in 0.011606145 seconds
[Worker1] Imported GUID: 06c77ad4af684d2eab4294e0d51afccd - Path: Packages/com.unity.inputsystem/InputSystem/Runtime/Controls/Vector2Control.cs - Importer: ScriptedImporter/UnityEditor.QuickSearchModule:UnityEditor.Search:ASIAI0B -> (ImportResultId: 'fac4a32251dd5cd9d101e6e1858ffa97') in 0.009579442 seconds
[Worker0] Imported GUID: 3e9857b4032c493aa79e61db86f9e09b - Path: Packages/com.unity.inputsystem/InputSystem/Runtime/Controls/QuaternionControl.cs - Importer: ScriptedImporter/UnityEditor.QuickSearchModule:UnityEditor.Search:ASIAI0B -> (ImportResultId: '4bf49bc9a77b65076743f93ef46fc431') in 0.009750962 seconds
[Worker2] Imported GUID: bb7aebed4ffd404da3399f60b272c7ee - Path: Packages/com.unity.inputsystem/InputSystem/Runtime/Devices/IInputUpdateCallbackReceiver.cs - Importer: ScriptedImporter/UnityEditor.QuickSearchModule:UnityEditor.Search:ASIAI0B -> (ImportResultId: 'c8a87622b5d20d81ea47f24ada5c665a') in 0.009271767 seconds
[Worker3] Imported GUID: 02a54f9a4f584f5397cf3e9697372394 - Path: Packages/com.unity.inputsystem/InputSystem/Runtime/Events/IInputEventTypeInfo.cs - Importer: ScriptedImporter/UnityEditor.QuickSearchModule:UnityEditor.Search:ASIAI0B -> (ImportResultId: '00e5e39c05012a13e4392292f9ffe7bd') in 0.010030484 seconds
[Worker1] Imported GUID: 8ccfc0b2d0da54246a3a9a3938b52fa4 - Path: Packages/com.unity.inputsystem/InputSystem/Runtime/Events/InputEventStream.cs - Importer: ScriptedImporter/UnityEditor.QuickSearchModule:UnityEditor.Search:ASIAI0B -> (ImportResultId: '94c4ba8736fc698e8415574f5933e4bd') in 0.010809277 seconds
[Worker0] Imported GUID: e14a578f61014fccab81ed0f1bc21948 - Path: Packages/com.unity.inputsystem/InputSystem/Runtime/Devices/Joystick.cs - Importer: ScriptedImporter/UnityEditor.QuickSearchModule:UnityEditor.Search:ASIAI0B -> (ImportResultId: 'e53f4ca10e9076757f98d35bfa147bf0') in 0.010874168 seconds
[Worker2] Imported GUID: 543792e79adf14478b4a00527bbefce1 - Path: Packages/com.unity.inputsystem/InputSystem/Runtime/Controls/InputControlList.cs - Importer: ScriptedImporter/UnityEditor.QuickSearchModule:UnityEditor.Search:ASIAI0B -> (ImportResultId: '23fe964b4a790ea4a3480a54c12efc8c') in 0.011114858 seconds
[Worker3] Imported GUID: 7522ce067dfd4acf8e9e136fc7a0ab64 - Path: Packages/com.unity.inputsystem/InputSystem/Runtime/Devices/IEventMerger.cs - Importer: ScriptedImporter/UnityEditor.QuickSearchModule:UnityEditor.Search:ASIAI0B -> (ImportResultId: '4a485fbc5c523ab599e551e206302b54') in 0.010773461 seconds
[Worker0] Imported GUID: d59a0dc8508f4cf1819f6ba99250cd8e - Path: Packages/com.unity.inputsystem/InputSystem/Runtime/Controls/InputControl.cs - Importer: ScriptedImporter/UnityEditor.QuickSearchModule:UnityEditor.Search:ASIAI0B -> (ImportResultId: '84d11301e48ca76bbe4883d01c37e695') in 0.009801396 seconds
[Worker1] Imported GUID: 5b23e3210ca74ea9ae4fe882b9bce278 - Path: Packages/com.unity.inputsystem/InputSystem/Runtime/Events/InputEventTrace.cs - Importer: ScriptedImporter/UnityEditor.QuickSearchModule:UnityEditor.Search:ASIAI0B -> (ImportResultId: '09be6320ffa2f1e825ffd14f4144335a') in 0.010035873 seconds
[Worker2] Imported GUID: b00a605ae58d438baf0b80388b377972 - Path: Packages/com.unity.inputsystem/InputSystem/Runtime/Controls/DpadControl.cs - Importer: ScriptedImporter/UnityEditor.QuickSearchModule:UnityEditor.Search:ASIAI0B -> (ImportResultId: 'ed7e198272b308d07a88d3c158801c23') in 0.009429171 seconds
[Worker3] Imported GUID: 1ab470181bfe4ba891e0d1584730fc4c - Path: Packages/com.unity.inputsystem/InputSystem/Runtime/Controls/DiscreteButtonControl.cs - Importer: ScriptedImporter/UnityEditor.QuickSearchModule:UnityEditor.Search:ASIAI0B -> (ImportResultId: '5af7ff96d68900ce8ff99ce44207561b') in 0.01230008 seconds
[Worker1] Imported GUID: 9af5cfc54cf34eb1ac27c9c90a9a7440 - Path: Packages/com.unity.inputsystem/InputSystem/Runtime/Events/DeviceRemoveEvent.cs - Importer: ScriptedImporter/UnityEditor.QuickSearchModule:UnityEditor.Search:ASIAI0B -> (ImportResultId: 'e2d55e62f6f7c9d370ca71d37a31bf51') in 0.01009839 seconds
[Worker2] Imported GUID: 4eac2aa5bc9a4fc1b87308eec2acf8b1 - Path: Packages/com.unity.inputsystem/InputSystem/Runtime/Devices/Pen.cs - Importer: ScriptedImporter/UnityEditor.QuickSearchModule:UnityEditor.Search:ASIAI0B -> (ImportResultId: '0d4c7438ec1bdcafde849b5efe10c394') in 0.009304067 seconds
[Worker0] Imported GUID: d806525c0444400588f5a7800297b7b5 - Path: Packages/com.unity.inputsystem/InputSystem/Runtime/Devices/Pointer.cs - Importer: ScriptedImporter/UnityEditor.QuickSearchModule:UnityEditor.Search:ASIAI0B -> (ImportResultId: 'd945be86efc6cc2a78a2cb942e67875a') in 0.010292573 seconds
[Worker3] Imported GUID: dda83392ceab4fddbb9f3c7dd5edde62 - Path: Packages/com.unity.inputsystem/InputSystem/Runtime/Events/TextEvent.cs - Importer: ScriptedImporter/UnityEditor.QuickSearchModule:UnityEditor.Search:ASIAI0B -> (ImportResultId: 'd9d6d143f09ddb086a31f2c3be11d529') in 0.011318237 seconds
[Worker2] Imported GUID: 78260363757e4b02b9c6cc9949b4091a - Path: Packages/com.unity.inputsystem/InputSystem/Runtime/Events/InputEvent.cs - Importer: ScriptedImporter/UnityEditor.QuickSearchModule:UnityEditor.Search:ASIAI0B -> (ImportResultId: 'b2df87703f93c7e711f448fef21b8f03') in 0.00920372 seconds
[Worker1] Imported GUID: 339c9c6bc0554ad79681e127d417ef3d - Path: Packages/com.unity.inputsystem/InputSystem/Runtime/Controls/DeltaControl.cs - Importer: ScriptedImporter/UnityEditor.QuickSearchModule:UnityEditor.Search:ASIAI0B -> (ImportResultId: 'f483dfb426d4cc1a5a3c05411968ce27') in 0.009647709 seconds
[Worker0] Imported GUID: 2064cdc23a1f4ec2a5b9b345e46960ed - Path: Packages/com.unity.inputsystem/InputSystem/Runtime/Devices/Sensor.cs - Importer: ScriptedImporter/UnityEditor.QuickSearchModule:UnityEditor.Search:ASIAI0B -> (ImportResultId: '8f664fa45253b2fff08e1301fc786674') in 0.01011948 seconds
[Worker3] Imported GUID: f5899dcacd4e3004eaa9107c97e75e09 - Path: Packages/com.unity.inputsystem/InputSystem/Runtime/Controls/InputControlLayoutChange.cs - Importer: ScriptedImporter/UnityEditor.QuickSearchModule:UnityEditor.Search:ASIAI0B -> (ImportResultId: 'fcc89943e0b6d00214e3b20c8ec72315') in 0.009415145 seconds
[Worker2] Imported GUID: 6e444fe6609243258e0a7746c163373a - Path: Packages/com.unity.inputsystem/InputSystem/Runtime/Controls/AnyKeyControl.cs - Importer: ScriptedImporter/UnityEditor.QuickSearchModule:UnityEditor.Search:ASIAI0B -> (ImportResultId: '115dbdbffdb7bf7f685547c6de587b3f') in 0.009185186 seconds
[Worker1] Imported GUID: ce150b9c1acd40e0a087ca3f3257831d - Path: Packages/com.unity.inputsystem/InputSystem/Runtime/Controls/InputControlPath.cs - Importer: ScriptedImporter/UnityEditor.QuickSearchModule:UnityEditor.Search:ASIAI0B -> (ImportResultId: '39d5b489938aab0871618c8d0208affe') in 0.009060253 seconds
[Worker0] Imported GUID: 07a49c9088e54f1387f3bb8cbbe73e01 - Path: Packages/com.unity.inputsystem/InputSystem/Runtime/Events/InputEventListener.cs - Importer: ScriptedImporter/UnityEditor.QuickSearchModule:UnityEditor.Search:ASIAI0B -> (ImportResultId: '57939bb435f26934ca827c57dbe2639a') in 0.008874686 seconds
[Worker3] Imported GUID: a1284e66e3be9424db2c22a37b5a3cf0 - Path: Packages/com.unity.inputsystem/InputSystem/Runtime/Devices/InputDeviceBuilder.cs - Importer: ScriptedImporter/UnityEditor.QuickSearchModule:UnityEditor.Search:ASIAI0B -> (ImportResultId: '6e710fa7fcab98f1bc1f2faadc110688') in 0.009181789 seconds
[Worker1] Imported GUID: d9ce7842660d4bf89a86f378ecffb8f1 - Path: Packages/com.unity.inputsystem/InputSystem/Runtime/Events/StateEvent.cs - Importer: ScriptedImporter/UnityEditor.QuickSearchModule:UnityEditor.Search:ASIAI0B -> (ImportResultId: '9c5d4b6d4e7d66c62619e0ebb6e9de1b') in 0.009418952 seconds
[Worker2] Imported GUID: 5a2515c58b39ea24c8154ebc84f7c157 - Path: Packages/com.unity.inputsystem/InputSystem/Runtime/Controls/InputControlLayout.cs - Importer: ScriptedImporter/UnityEditor.QuickSearchModule:UnityEditor.Search:ASIAI0B -> (ImportResultId: 'ae1f5be8a2dd3d36c8374f753a459682') in 0.009848844 seconds
[Worker0] Imported GUID: d4a83784946017a4182f41a54d468481 - Path: Packages/com.unity.inputsystem/InputSystem/Runtime/Devices/TrackedDevice.cs - Importer: ScriptedImporter/UnityEditor.QuickSearchModule:UnityEditor.Search:ASIAI0B -> (ImportResultId: 'b1e2bba16956466f9e05173aea9a6456') in 0.010250714 seconds
[Worker3] Imported GUID: 7333721cfa334ecdb55d0cb1a3386292 - Path: Packages/com.unity.inputsystem/InputSystem/Runtime/Events/DeviceResetEvent.cs - Importer: ScriptedImporter/UnityEditor.QuickSearchModule:UnityEditor.Search:ASIAI0B -> (ImportResultId: '0dcc16a3b56db05b87db1aeba1aa2ac0') in 0.009911912 seconds
[Worker1] Imported GUID: 914fdb42cb964faf92803ee51a7279fd - Path: Packages/com.unity.inputsystem/InputSystem/Runtime/Controls/Vector3Control.cs - Importer: ScriptedImporter/UnityEditor.QuickSearchModule:UnityEditor.Search:ASIAI0B -> (ImportResultId: '4dee4f2b2b96d9c81e73a1e323098f1c') in 0.009761181 seconds
[Worker2] Imported GUID: 98406e6253bf4ccba72ff32ee85f5efa - Path: Packages/com.unity.inputsystem/InputSystem/Runtime/Devices/InputDeviceDescription.cs - Importer: ScriptedImporter/UnityEditor.QuickSearchModule:UnityEditor.Search:ASIAI0B -> (ImportResultId: '36eb3f8275514bfabdd18e240f6fc676') in 0.009515603 seconds
[Worker0] Imported GUID: 35b7608ac9ab8464280c16fa4adc02f1 - Path: Packages/com.unity.inputsystem/InputSystem/Runtime/State/IInputStateCallbackReceiver.cs - Importer: ScriptedImporter/UnityEditor.QuickSearchModule:UnityEditor.Search:ASIAI0B -> (ImportResultId: 'f6c67989243a1f0499e033bb898152f0') in 0.009713733 seconds
[Worker3] Imported GUID: 92d6890c6702d4891a156d7d30cdbdcb - Path: Packages/com.unity.inputsystem/InputSystem/Runtime/Actions/InputControlScheme.cs - Importer: ScriptedImporter/UnityEditor.QuickSearchModule:UnityEditor.Search:ASIAI0B -> (ImportResultId: '97a28a09696d47a5e3f388b4a1880ed3') in 0.009714884 seconds
[Worker0] Imported GUID: f07d0a558a2d4f5c885936a3a1219008 - Path: Packages/com.unity.inputsystem/InputSystem/Runtime/Controls/InputControlAttribute.cs - Importer: ScriptedImporter/UnityEditor.QuickSearchModule:UnityEditor.Search:ASIAI0B -> (ImportResultId: '21f3a5a183922caee97b1226e84f74e4') in 0.009513047 seconds
[Worker2] Imported GUID: 864a08de8a08473ebf82029d80696449 - Path: Packages/com.unity.inputsystem/InputSystem/Runtime/Devices/Keyboard.cs - Importer: ScriptedImporter/UnityEditor.QuickSearchModule:UnityEditor.Search:ASIAI0B -> (ImportResultId: 'b3777c859e10272f4b13785d8bec70cd') in 0.010030524 seconds
[Worker1] Imported GUID: 854faad156b245d4b50a15e233e9ad55 - Path: Packages/com.unity.inputsystem/InputSystem/Runtime/Controls/StickControl.cs - Importer: ScriptedImporter/UnityEditor.QuickSearchModule:UnityEditor.Search:ASIAI0B -> (ImportResultId: '4e61da1adf5013e418d27cfec48ed65d') in 0.010294497 seconds
[Worker3] Imported GUID: d472007a1b9243feb0043606b73288cd - Path: Packages/com.unity.inputsystem/InputSystem/Runtime/Devices/Mouse.cs - Importer: ScriptedImporter/UnityEditor.QuickSearchModule:UnityEditor.Search:ASIAI0B -> (ImportResultId: '3608e40576b9655ef9edb17239e1f477') in 0.010899416 seconds
[Worker0] Imported GUID: fa7997ba71d7b476799fab3d063b7e6c - Path: Packages/com.unity.inputsystem/InputSystem/Runtime/Events/InputEventBuffer.cs - Importer: ScriptedImporter/UnityEditor.QuickSearchModule:UnityEditor.Search:ASIAI0B -> (ImportResultId: '5829fea8c197668f0ca374b089a4f0d5') in 0.012156692 seconds
[Worker1] Imported GUID: 4313a2cc2049411789348ff4c952d89c - Path: Packages/com.unity.inputsystem/InputSystem/Runtime/Events/DeviceConfigurationEvent.cs - Importer: ScriptedImporter/UnityEditor.QuickSearchModule:UnityEditor.Search:ASIAI0B -> (ImportResultId: 'a35d27e7ef99733940faafbc217d6fa3') in 0.011693087 seconds
[Worker2] Imported GUID: 08dab706fb9641539767891cee0c7d3c - Path: Packages/com.unity.inputsystem/InputSystem/Runtime/Devices/ICustomDeviceReset.cs - Importer: ScriptedImporter/UnityEditor.QuickSearchModule:UnityEditor.Search:ASIAI0B -> (ImportResultId: 'a782c3703c3f2dfc15eaa829460e33b7') in 0.012066625 seconds
[Worker3] Imported GUID: 644895dd25f14937a1d11481e2338925 - Path: Packages/com.unity.inputsystem/InputSystem/Runtime/Devices/Gamepad.cs - Importer: ScriptedImporter/UnityEditor.QuickSearchModule:UnityEditor.Search:ASIAI0B -> (ImportResultId: '8eac1406b066672b2bc9b1803313cc6c') in 0.012732467 seconds
[Worker1] Imported GUID: d1166ae938ecb42adaf8c4530372fb2b - Path: Packages/com.unity.inputsystem/InputSystem/Runtime/Events/ActionEvent.cs - Importer: ScriptedImporter/UnityEditor.QuickSearchModule:UnityEditor.Search:ASIAI0B -> (ImportResultId: '511ccc3ad22d57c3293c1b664d4eb779') in 0.011510276 seconds
[Worker0] Imported GUID: ade00164ed474391ba591b362f77149f - Path: Packages/com.unity.inputsystem/InputSystem/Runtime/Devices/Touchscreen.cs - Importer: ScriptedImporter/UnityEditor.QuickSearchModule:UnityEditor.Search:ASIAI0B -> (ImportResultId: '3023a9e9848d30d27f4cca96a843cd9f') in 0.011317536 seconds
[Worker2] Imported GUID: 0be28dce931f40f8a48953c52e03d5d7 - Path: Packages/com.unity.inputsystem/InputSystem/Runtime/Devices/IEventPreProcessor.cs - Importer: ScriptedImporter/UnityEditor.QuickSearchModule:UnityEditor.Search:ASIAI0B -> (ImportResultId: 'a4c74791106f548843eefe4f7bdeb094') in 0.011655217 seconds
[Worker3] Imported GUID: caf772fd9b5b4840b7b0014d0616290d - Path: Packages/com.unity.inputsystem/InputSystem/Runtime/Events/InputEventPtr.cs - Importer: ScriptedImporter/UnityEditor.QuickSearchModule:UnityEditor.Search:ASIAI0B -> (ImportResultId: 'aa3fb35deea11fc48a1a4732ca47769e') in 0.010024693 seconds
[Worker0] Imported GUID: 250f0b2038f8466aaa09814a4b1c5f46 - Path: Packages/com.unity.inputsystem/InputSystem/Runtime/Devices/InputDevice.cs - Importer: ScriptedImporter/UnityEditor.QuickSearchModule:UnityEditor.Search:ASIAI0B -> (ImportResultId: 'bb4e78c5527185f800425a7574133289') in 0.009555427 seconds
[Worker1] Imported GUID: 2e3ecb5c3d351df489bd05ac1d820a6a - Path: Packages/com.unity.inputsystem/InputSystem/Runtime/Controls/TouchPhaseControl.cs - Importer: ScriptedImporter/UnityEditor.QuickSearchModule:UnityEditor.Search:ASIAI0B -> (ImportResultId: '4d8159549090027316424f9e1cbfe864') in 0.009839597 seconds
[Worker2] Imported GUID: e3da24ab555e0c04793b0618d387a2b5 - Path: Packages/com.unity.inputsystem/InputSystem/Runtime/Controls/TouchPressControl.cs - Importer: ScriptedImporter/UnityEditor.QuickSearchModule:UnityEditor.Search:ASIAI0B -> (ImportResultId: '418519fa125c02ceeae7f0ee4b2f2744') in 0.00980881 seconds
[Worker3] Imported GUID: b5256e0d1ebecc84d98a4001ab63d5b8 - Path: Packages/com.unity.inputsystem/InputSystem/Runtime/Controls/InputControlLayoutAttribute.cs - Importer: ScriptedImporter/UnityEditor.QuickSearchModule:UnityEditor.Search:ASIAI0B -> (ImportResultId: 'c2d202761efd725f8a4c65627ec9e496') in 0.009950203 seconds
[Worker2] Imported GUID: 7e988a22b82d97847b9e8e3cf14a1526 - Path: Packages/com.unity.inputsystem/InputSystem/Runtime/Utilities/SavedState.cs - Importer: ScriptedImporter/UnityEditor.QuickSearchModule:UnityEditor.Search:ASIAI0B -> (ImportResultId: 'e9f382d9bc46a7df41612cd1d43becc8') in 0.009500324 seconds
[Worker1] Imported GUID: ccdc5c2ae66744782ab7e326c053ad0a - Path: Packages/com.unity.inputsystem/InputSystem/Runtime/State/InputStateHistory.cs - Importer: ScriptedImporter/UnityEditor.QuickSearchModule:UnityEditor.Search:ASIAI0B -> (ImportResultId: '5c369c13ab15981c42d9bf118b5b70e2') in 0.009451944 seconds
[Worker0] Imported GUID: 6e687839a3c5f7a4ea700f2967051b3d - Path: Packages/com.unity.inputsystem/InputSystem/Runtime/Utilities/Comparers.cs - Importer: ScriptedImporter/UnityEditor.QuickSearchModule:UnityEditor.Search:ASIAI0B -> (ImportResultId: '2ae9daed86d6091cf7febdec4aefe3f1') in 0.009381171 seconds
[Worker3] Imported GUID: 640e1e705a694e56835bacff3d7f7b4b - Path: Packages/com.unity.inputsystem/InputSystem/Runtime/Utilities/InternedString.cs - Importer: ScriptedImporter/UnityEditor.QuickSearchModule:UnityEditor.Search:ASIAI0B -> (ImportResultId: '4c34aa84f4ed7978f8df910873f0f7d6') in 0.009991991 seconds
[Worker0] Imported GUID: ff1bc3762d8741ff8f40d54da690efb1 - Path: Packages/com.unity.inputsystem/InputSystem/Runtime/Utilities/FourCC.cs - Importer: ScriptedImporter/UnityEditor.QuickSearchModule:UnityEditor.Search:ASIAI0B -> (ImportResultId: 'd0f450ceaf5314157a46bc7a2670c663') in 0.00958971 seconds
[Worker1] Imported GUID: 6633b33d60f14b81927d89a4b06c8a1f - Path: Packages/com.unity.inputsystem/InputSystem/Runtime/State/InputStateBuffers.cs - Importer: ScriptedImporter/UnityEditor.QuickSearchModule:UnityEditor.Search:ASIAI0B -> (ImportResultId: '19e95f7ee41c0ccf4b6278885317e409') in 0.009788582 seconds
[Worker2] Imported GUID: 07003ea62d4443a09691237b23f17ac6 - Path: Packages/com.unity.inputsystem/InputSystem/Runtime/Utilities/ReadOnlyArray.cs - Importer: ScriptedImporter/UnityEditor.QuickSearchModule:UnityEditor.Search:ASIAI0B -> (ImportResultId: '766a5f372937841537db69c967b8098f') in 0.009934294 seconds
[Worker3] Imported GUID: 9e082355c53c54d19a09c1d4f7629360 - Path: Packages/com.unity.inputsystem/InputSystem/Runtime/Utilities/JsonParser.cs - Importer: ScriptedImporter/UnityEditor.QuickSearchModule:UnityEditor.Search:ASIAI0B -> (ImportResultId: 'bea4656ecce2133f6efee80d6babc230') in 0.009844426 seconds
[Worker1] Imported GUID: cf29acc15e9bb2246965162123659116 - Path: Packages/com.unity.inputsystem/InputSystem/Runtime/Utilities/SpriteUtilities.cs - Importer: ScriptedImporter/UnityEditor.QuickSearchModule:UnityEditor.Search:ASIAI0B -> (ImportResultId: 'cd5cccef26182bb62110cb8e743bc6d1') in 0.009248654 seconds
[Worker0] Imported GUID: 98a0df93c82e4369b500b62affa160db - Path: Packages/com.unity.inputsystem/InputSystem/Runtime/Utilities/InlinedArray.cs - Importer: ScriptedImporter/UnityEditor.QuickSearchModule:UnityEditor.Search:ASIAI0B -> (ImportResultId: '3c1ebf7b0f46a7c07c7ae400408931ac') in 0.009386662 seconds
[Worker3] Imported GUID: 3f04ed13d477436fa6a48ff5d0d46d8c - Path: Packages/com.unity.inputsystem/InputSystem/Runtime/Utilities/Substring.cs - Importer: ScriptedImporter/UnityEditor.QuickSearchModule:UnityEditor.Search:ASIAI0B -> (ImportResultId: '381e29f9d1e6f4be1a97738f2e593df2') in 0.010003393 seconds
[Worker2] Imported GUID: 0ffbcc8a975d04f12967a085a10aeb7b - Path: Packages/com.unity.inputsystem/InputSystem/Runtime/Utilities/NameAndParameters.cs - Importer: ScriptedImporter/UnityEditor.QuickSearchModule:UnityEditor.Search:ASIAI0B -> (ImportResultId: '821a1d647b07ef25105aae4ee178422a') in 0.010863689 seconds
[Worker1] Imported GUID: bdf4b325f88d407f9013b427a6b33c58 - Path: Packages/com.unity.inputsystem/InputSystem/Runtime/State/IInputStateTypeInfo.cs - Importer: ScriptedImporter/UnityEditor.QuickSearchModule:UnityEditor.Search:ASIAI0B -> (ImportResultId: 'dcec74cb14987abd10be8d70d277f3ac') in 0.010090606 seconds
[Worker0] Imported GUID: d717b0e790ee146dd93d1be641984b6a - Path: Packages/com.unity.inputsystem/InputSystem/Runtime/Utilities/ExceptionHelpers.cs - Importer: ScriptedImporter/UnityEditor.QuickSearchModule:UnityEditor.Search:ASIAI0B -> (ImportResultId: '5ed614de075c17070cd7ac3c117f4d6e') in 0.009840038 seconds
[Worker2] Imported GUID: d2c401960c5dc624c8970b2bee0371dc - Path: Packages/com.unity.inputsystem/InputSystem/Runtime/Utilities/DisplayStringFormatAttribute.cs - Importer: ScriptedImporter/UnityEditor.QuickSearchModule:UnityEditor.Search:ASIAI0B -> (ImportResultId: '9450f7623a85d7af0701bec7770166ef') in 0.010158021 seconds
[Worker3] Imported GUID: 8f99eea29fb7e4f7a9c7aad1730f329a - Path: Packages/com.unity.inputsystem/InputSystem/Runtime/Utilities/OneOrMore.cs - Importer: ScriptedImporter/UnityEditor.QuickSearchModule:UnityEditor.Search:ASIAI0B -> (ImportResultId: '5d6b20b02ac463e48fba07f2f415c05b') in 0.010822912 seconds
[Worker0] Imported GUID: 6e4e169a1433dc94cb99eff69a1c6be8 - Path: Packages/com.unity.inputsystem/InputSystem/Runtime/Utilities/PredictiveParser.cs - Importer: ScriptedImporter/UnityEditor.QuickSearchModule:UnityEditor.Search:ASIAI0B -> (ImportResultId: '66a632df785722d7eb325fad8f7b375f') in 0.009545448 seconds
[Worker1] Imported GUID: d45ac8148fd4e264eb17df8586b09581 - Path: Packages/com.unity.inputsystem/InputSystem/Runtime/Utilities/DynamicBitfield.cs - Importer: ScriptedImporter/UnityEditor.QuickSearchModule:UnityEditor.Search:ASIAI0B -> (ImportResultId: 'c9685bb0374c77b9e9463a2a29b5f262') in 0.009731666 seconds
[Worker3] Imported GUID: 7c6a2891083312645a7be416176261c1 - Path: Packages/com.unity.inputsystem/InputSystem/Runtime/Utilities/CSharpCodeHelpers.cs - Importer: ScriptedImporter/UnityEditor.QuickSearchModule:UnityEditor.Search:ASIAI0B -> (ImportResultId: '8a65cc809297e1b3065aee1d92d9d0ff') in 0.008805126 seconds
[Worker2] Imported GUID: ab2c7c4773181604f9b207518e96ca1b - Path: Packages/com.unity.inputsystem/InputSystem/Runtime/State/IInputStateChangeMonitor.cs - Importer: ScriptedImporter/UnityEditor.QuickSearchModule:UnityEditor.Search:ASIAI0B -> (ImportResultId: 'cb57ec3e83aaf223994b6c292f40746d') in 0.009378526 seconds
[Worker1] Imported GUID: 15eaf34440a14edf94d5a0a00cbded20 - Path: Packages/com.unity.inputsystem/InputSystem/Runtime/Utilities/NumberHelpers.cs - Importer: ScriptedImporter/UnityEditor.QuickSearchModule:UnityEditor.Search:ASIAI0B -> (ImportResultId: '6c6257933fc3e3c43510d8128823d49a') in 0.008805467 seconds
[Worker0] Imported GUID: 0e0c005ff24ec4cfb951eefa16239b9b - Path: Packages/com.unity.inputsystem/InputSystem/Runtime/Utilities/NamedValue.cs - Importer: ScriptedImporter/UnityEditor.QuickSearchModule:UnityEditor.Search:ASIAI0B -> (ImportResultId: '6107b9abeff71453a12a94813a911ff7') in 0.008944176 seconds
[Worker3] Imported GUID: 9d9d9634637c440896a123c44c9e262b - Path: Packages/com.unity.inputsystem/InputSystem/Runtime/Utilities/MiscHelpers.cs - Importer: ScriptedImporter/UnityEditor.QuickSearchModule:UnityEditor.Search:ASIAI0B -> (ImportResultId: '6c7140469d86f548bd7a20b614c9bfd0') in 0.008560229 seconds
[Worker2] Imported GUID: bb83bbf668a324899963d1ea424c5ad0 - Path: Packages/com.unity.inputsystem/InputSystem/Runtime/Utilities/DelegateHelpers.cs - Importer: ScriptedImporter/UnityEditor.QuickSearchModule:UnityEditor.Search:ASIAI0B -> (ImportResultId: 'afd159731c0e109660be19103a77f430') in 0.010074697 seconds
[Worker1] Imported GUID: a8d605b1e92964b5b94668b1511799ed - Path: Packages/com.unity.inputsystem/InputSystem/Runtime/State/InputState.cs - Importer: ScriptedImporter/UnityEditor.QuickSearchModule:UnityEditor.Search:ASIAI0B -> (ImportResultId: '2cb460a2d218d84f3664f882c6e8b798') in 0.008945849 seconds
[Worker0] Imported GUID: 888687b767334731951f3f18ffef0b75 - Path: Packages/com.unity.inputsystem/InputSystem/Runtime/Utilities/ArrayHelpers.cs - Importer: ScriptedImporter/UnityEditor.QuickSearchModule:UnityEditor.Search:ASIAI0B -> (ImportResultId: 'feaabbcc3fbf992b574564dbc4e9a3f9') in 0.008762837 seconds
[Worker3] Imported GUID: 2349376ef4c6487db94a6e15873ee6a8 - Path: Packages/com.unity.inputsystem/InputSystem/Runtime/Utilities/CallbackArray.cs - Importer: ScriptedImporter/UnityEditor.QuickSearchModule:UnityEditor.Search:ASIAI0B -> (ImportResultId: 'c8dda137e1f5c41740ad9f4763d8b0e0') in 0.008212921 seconds
[Worker2] Imported GUID: 54b255b27c8247b4b51e8df1f30af3c9 - Path: Packages/com.unity.inputsystem/InputSystem/Runtime/Utilities/StringHelpers.cs - Importer: ScriptedImporter/UnityEditor.QuickSearchModule:UnityEditor.Search:ASIAI0B -> (ImportResultId: 'ebcfdf26365673abaf3d9c01103f141f') in 0.008664373 seconds
[Worker1] Imported GUID: 455d9bc907fb62d44a2195e53ff7c0b7 - Path: Packages/com.unity.inputsystem/InputSystem/Runtime/Utilities/PrimitiveValue.cs - Importer: ScriptedImporter/UnityEditor.QuickSearchModule:UnityEditor.Search:ASIAI0B -> (ImportResultId: '111af7f5655646b769ca176ce33707ba') in 0.009352528 seconds
[Worker0] Imported GUID: 760fac1b814a4d99a4fc534934e4dc99 - Path: Packages/com.unity.inputsystem/InputSystem/Runtime/Utilities/MemoryHelpers.cs - Importer: ScriptedImporter/UnityEditor.QuickSearchModule:UnityEditor.Search:ASIAI0B -> (ImportResultId: 'b6b410b840d47be66acf8f17125a1b7c') in 0.009165328 seconds
[Worker3] Imported GUID: 7eca76cf669745feb0c71655dbad352f - Path: Packages/com.unity.inputsystem/InputSystem/Runtime/Utilities/TypeHelpers.cs - Importer: ScriptedImporter/UnityEditor.QuickSearchModule:UnityEditor.Search:ASIAI0B -> (ImportResultId: '10b15f7f005219d02d95e8a05e376e78') in 0.010592773 seconds
[Worker2] Imported GUID: 3ec5135f9c8612d42a83f87500580afa - Path: Packages/com.unity.inputsystem/InputSystem/Runtime/Utilities/TypeTable.cs - Importer: ScriptedImporter/UnityEditor.QuickSearchModule:UnityEditor.Search:ASIAI0B -> (ImportResultId: 'e9ff07d7ed41dd5b8c5ab0f8b152086d') in 0.009153356 seconds
[Worker1] Imported GUID: ef4e8c908ae24e438f4baea55d866f5e - Path: Packages/com.unity.inputsystem/InputSystem/Runtime/State/InputStateBlock.cs - Importer: ScriptedImporter/UnityEditor.QuickSearchModule:UnityEditor.Search:ASIAI0B -> (ImportResultId: '0fc4c08e9fbf80659f53e1a08b69904f') in 0.009552952 seconds
[Worker2] Imported GUID: a69b36bd3aae948309bdb0008372a60a - Path: Packages/com.unity.inputsystem/InputSystem/Editor/Plugins/EnhancedTouch/TouchSimulationEditor.cs - Importer: ScriptedImporter/UnityEditor.QuickSearchModule:UnityEditor.Search:ASIAI0B -> (ImportResultId: '1caa63c34ad1e447da7ee6fbdf37fd66') in 0.008885166 seconds
[Worker1] Imported GUID: 4b0617d4946754ab980342582b1f560c - Path: Packages/com.unity.inputsystem/InputSystem/Editor/Internal/AdvancedDropdown/AdvancedDropdown.cs - Importer: ScriptedImporter/UnityEditor.QuickSearchModule:UnityEditor.Search:ASIAI0B -> (ImportResultId: '91b3de0ce4b552b9aec0f081140eb0ac') in 0.008795819 seconds
[Worker0] Imported GUID: ae42a3986cf84fe2aa1df4aa984dd806 - Path: Packages/com.unity.inputsystem/InputSystem/Editor/Plugins/HID/HIDDescriptorWindow.cs - Importer: ScriptedImporter/UnityEditor.QuickSearchModule:UnityEditor.Search:ASIAI0B -> (ImportResultId: 'e919175bee06fbe9dc23295586c14dc6') in 0.008872672 seconds
[Worker3] Imported GUID: bb4d45fbf0aa84484b251242fdb21800 - Path: Packages/com.unity.inputsystem/InputSystem/Editor/Plugins/Steam/SteamIGAConverter.cs - Importer: ScriptedImporter/UnityEditor.QuickSearchModule:UnityEditor.Search:ASIAI0B -> (ImportResultId: 'c0a447090844d312680140fca4a87b00') in 0.008909151 seconds
[Worker0] Imported GUID: f0800c72aa1894e478bb749990855f9e - Path: Packages/com.unity.inputsystem/InputSystem/Editor/Plugins/UI/InputSystemUIInputModuleEditor.cs - Importer: ScriptedImporter/UnityEditor.QuickSearchModule:UnityEditor.Search:ASIAI0B -> (ImportResultId: '5428319587b33b16500adad0321168d0') in 0.008393498 seconds
[Worker1] Imported GUID: 7717bf968da90024b9c047ba1a3394ec - Path: Packages/com.unity.inputsystem/InputSystem/Editor/ControlPicker/Layouts/DefaultInputControlPickerLayout.cs - Importer: ScriptedImporter/UnityEditor.QuickSearchModule:UnityEditor.Search:ASIAI0B -> (ImportResultId: '36c284130b2c8f5f7eae1d7969ac2586') in 0.008520205 seconds
[Worker3] Imported GUID: 839e0066c5f854ddda076a4ff2f80a7b - Path: Packages/com.unity.inputsystem/InputSystem/Editor/Plugins/OnScreen/OnScreenStickEditor.cs - Importer: ScriptedImporter/UnityEditor.QuickSearchModule:UnityEditor.Search:ASIAI0B -> (ImportResultId: '67d295191c5af165f708553958815ba2') in 0.008865128 seconds
[Worker2] Imported GUID: 47cf506b4219343519083fe1c0b8fc9c - Path: Packages/com.unity.inputsystem/InputSystem/Editor/AssetEditor/PackageResources/yellow.png - Importer: ScriptedImporter/UnityEditor.QuickSearchModule:UnityEditor.Search:ASIAI0B -> (ImportResultId: 'aad05353808534553797701082b07c46') in 0.0108645 seconds
[Worker0] Imported GUID: c46ed0dd23ba548fd87436e8c89334e9 - Path: Packages/com.unity.inputsystem/InputSystem/Editor/Internal/AdvancedDropdown/AdvancedDropdownWindow.cs - Importer: ScriptedImporter/UnityEditor.QuickSearchModule:UnityEditor.Search:ASIAI0B -> (ImportResultId: '7ab1b31ccd86eeb43e4c1309cf7ecc89') in 0.010106716 seconds
[Worker1] Imported GUID: 31783c2cca6e44f419396b9d094e2b31 - Path: Packages/com.unity.inputsystem/InputSystem/Editor/Actions/Interactions/SlowTapInteractionEditor.cs - Importer: ScriptedImporter/UnityEditor.QuickSearchModule:UnityEditor.Search:ASIAI0B -> (ImportResultId: 'ab371acf93d19068c3ab972e6f453738') in 0.009955734 seconds
[Worker3] Imported GUID: 9744e96a967da4f29909add206a6b27f - Path: Packages/com.unity.inputsystem/InputSystem/Editor/Controls/Processors/AxisDeadzoneProcessorEditor.cs - Importer: ScriptedImporter/UnityEditor.QuickSearchModule:UnityEditor.Search:ASIAI0B -> (ImportResultId: 'b05bb637d4fc0e8c708eac7ebce7662e') in 0.010678022 seconds
[Worker2] Imported GUID: 78dcfd26eada049b0840e276bd029712 - Path: Packages/com.unity.inputsystem/InputSystem/Editor/Plugins/PlayerInput/PlayerInputEditor.cs - Importer: ScriptedImporter/UnityEditor.QuickSearchModule:UnityEditor.Search:ASIAI0B -> (ImportResultId: 'b115ba9dcb7053ca3c255e6d0f73ac95') in 0.00961596 seconds
[Worker1] Imported GUID: 91a3b2b6adad844ed9b680b378d8485a - Path: Packages/com.unity.inputsystem/InputSystem/Editor/Plugins/OnScreen/UGUIOnScreenControlEditorUtils.cs - Importer: ScriptedImporter/UnityEditor.QuickSearchModule:UnityEditor.Search:ASIAI0B -> (ImportResultId: 'd6ea485bac31fe08cd950bad5f30e4bf') in 0.009402271 seconds
[Worker3] Imported GUID: 58a253233c6804f58adf86cfee510a72 - Path: Packages/com.unity.inputsystem/InputSystem/Editor/Controls/Processors/StickDeadzoneProcessorEditor.cs - Importer: ScriptedImporter/UnityEditor.QuickSearchModule:UnityEditor.Search:ASIAI0B -> (ImportResultId: 'c949780baf186c279ef261d843d6e2da') in 0.00879634 seconds
[Worker2] Imported GUID: 62acf18b6b5d144bea1cbe618187f44d - Path: Packages/com.unity.inputsystem/InputSystem/Editor/Plugins/OnScreen/OnScreenButtonEditor.cs - Importer: ScriptedImporter/UnityEditor.QuickSearchModule:UnityEditor.Search:ASIAI0B -> (ImportResultId: '0b72eedc1530b63d229f26056da2d598') in 0.008489998 seconds
[Worker0] Imported GUID: 156cc514fbe5442381b68a445ee3bf6a - Path: Packages/com.unity.inputsystem/InputSystem/Editor/Plugins/UnityRemote/UnityRemoteSupport.cs - Importer: ScriptedImporter/UnityEditor.QuickSearchModule:UnityEditor.Search:ASIAI0B -> (ImportResultId: 'faf3f3020ff92b3b31b341f58c5640ba') in 0.010219166 seconds
[Worker2] Imported GUID: 8f6c78efe2b334209908669a961187f4 - Path: Packages/com.unity.inputsystem/InputSystem/Editor/Devices/Remote/RemoteInputPlayerConnectionEditor.cs - Importer: ScriptedImporter/UnityEditor.QuickSearchModule:UnityEditor.Search:ASIAI0B -> (ImportResultId: 'c4266f19c7a1602c6a47ffbbcb9768e7') in 0.008820205 seconds
[Worker3] Imported GUID: 0eb07b1cf75d04357a7fbd95093f1fa9 - Path: Packages/com.unity.inputsystem/InputSystem/Editor/Actions/Composites/Vector2CompositeEditor.cs - Importer: ScriptedImporter/UnityEditor.QuickSearchModule:UnityEditor.Search:ASIAI0B -> (ImportResultId: '2a59724e6fc47f9cafb294c6ea7c0d0a') in 0.009028053 seconds
[Worker0] Imported GUID: 991f8cb0b79a44a8687af2973bc223cc - Path: Packages/com.unity.inputsystem/InputSystem/Editor/Actions/Interactions/MultiTapInteractionEditor.cs - Importer: ScriptedImporter/UnityEditor.QuickSearchModule:UnityEditor.Search:ASIAI0B -> (ImportResultId: '927ab82b3e2538794a7b3fa40b3b5a68') in 0.010223354 seconds
[Worker1] Imported GUID: 33f32142c2c2d4662be5f5274db27158 - Path: Packages/com.unity.inputsystem/InputSystem/Editor/AssetEditor/PackageResources/blue.png - Importer: ScriptedImporter/UnityEditor.QuickSearchModule:UnityEditor.Search:ASIAI0B -> (ImportResultId: '9de278c4fb448ca4a071b511e800d600') in 0.011479318 seconds
[Worker2] Imported GUID: efc4aca331ba242fab026845289179ff - Path: Packages/com.unity.inputsystem/InputSystem/Editor/Plugins/HID/HIDSupportEditorInitializer.cs - Importer: ScriptedImporter/UnityEditor.QuickSearchModule:UnityEditor.Search:ASIAI0B -> (ImportResultId: 'd9579305dc1c08cdfc120bf5373ed09b') in 0.009186217 seconds
[Worker3] Imported GUID: 42a7c5e6c9bc849a3a9163e719422c50 - Path: Packages/com.unity.inputsystem/InputSystem/Editor/Internal/AdvancedDropdown/AdvancedDropdownItem.cs - Importer: ScriptedImporter/UnityEditor.QuickSearchModule:UnityEditor.Search:ASIAI0B -> (ImportResultId: '64f281efffd041274b61dd8ae95e65fc') in 0.008988529 seconds
[Worker1] Imported GUID: 2fe2cf22711ac4db3b094a955603f8bd - Path: Packages/com.unity.inputsystem/InputSystem/Editor/Internal/AdvancedDropdown/CallbackDataSource.cs - Importer: ScriptedImporter/UnityEditor.QuickSearchModule:UnityEditor.Search:ASIAI0B -> (ImportResultId: '8f2afadb738e73160bb1e977ccdd2b9b') in 0.008492783 seconds
[Worker0] Imported GUID: 6109a857ac56b4017b44b06a9de0f827 - Path: Packages/com.unity.inputsystem/InputSystem/Editor/Internal/AdvancedDropdown/AdvancedDropdownGUI.cs - Importer: ScriptedImporter/UnityEditor.QuickSearchModule:UnityEditor.Search:ASIAI0B -> (ImportResultId: '8fdc9abf47228adf605e011939e2261b') in 0.009466631 seconds
[Worker2] Imported GUID: 60e5ec46fb7a7ff41856f37c60efb70f - Path: Packages/com.unity.inputsystem/InputSystem/Editor/UITKAssetEditor/Commands/Commands.cs - Importer: ScriptedImporter/UnityEditor.QuickSearchModule:UnityEditor.Search:ASIAI0B -> (ImportResultId: 'f1e0bf21151529b67d6e9539f668d25c') in 0.009634564 seconds
[Worker1] Imported GUID: 224236193350c244abab484f4514df16 - Path: Packages/com.unity.inputsystem/InputSystem/Editor/ControlPicker/Layouts/TouchscreenControlPickerLayout.cs - Importer: ScriptedImporter/UnityEditor.QuickSearchModule:UnityEditor.Search:ASIAI0B -> (ImportResultId: 'e4b2d56cd9f37c43286b7a572029e939') in 0.008753059 seconds
[Worker0] Imported GUID: caeab4c8826564dfda5e44a7e01a8de1 - Path: Packages/com.unity.inputsystem/InputSystem/Editor/Internal/AdvancedDropdown/MultiLevelDataSource.cs - Importer: ScriptedImporter/UnityEditor.QuickSearchModule:UnityEditor.Search:ASIAI0B -> (ImportResultId: '453d4650a728aedd5bb39ea43f945021') in 0.008777234 seconds
[Worker3] Imported GUID: d9d2c9fcdc7f646d083ee2360d5139bb - Path: Packages/com.unity.inputsystem/InputSystem/Editor/Actions/Composites/Vector3CompositeEditor.cs - Importer: ScriptedImporter/UnityEditor.QuickSearchModule:UnityEditor.Search:ASIAI0B -> (ImportResultId: '94e5f709c7dacc6fd9e3d1bf2bd34fc4') in 0.011120318 seconds
[Worker0] Imported GUID: f61b0e35037644f37b6ac81513577c50 - Path: Packages/com.unity.inputsystem/InputSystem/Editor/Internal/AdvancedDropdown/AdvancedDropdownState.cs - Importer: ScriptedImporter/UnityEditor.QuickSearchModule:UnityEditor.Search:ASIAI0B -> (ImportResultId: 'a6e0fd39c6dd473a5a9fd3033f25f7c5') in 0.008656859 seconds
[Worker2] Imported GUID: 3f8d555e90ab4499890cd182a2d849ce - Path: Packages/com.unity.inputsystem/InputSystem/Editor/Plugins/InputForUI/AssemblyInfo.cs - Importer: ScriptedImporter/UnityEditor.QuickSearchModule:UnityEditor.Search:ASIAI0B -> (ImportResultId: '012497bcd6c23ef6f9f3538db86a50fa') in 0.009241501 seconds
[Worker1] Imported GUID: fde8c91ad1cbc48e7a49f856f44724c6 - Path: Packages/com.unity.inputsystem/InputSystem/Editor/Actions/Interactions/HoldInteractionEditor.cs - Importer: ScriptedImporter/UnityEditor.QuickSearchModule:UnityEditor.Search:ASIAI0B -> (ImportResultId: '81c8b90283ef9c83defb739381a2f8ca') in 0.009142325 seconds
[Worker3] Imported GUID: 0fb454a124e8649bb9326261b1739032 - Path: Packages/com.unity.inputsystem/InputSystem/Editor/Internal/AdvancedDropdown/AdvancedDropdownDataSource.cs - Importer: ScriptedImporter/UnityEditor.QuickSearchModule:UnityEditor.Search:ASIAI0B -> (ImportResultId: 'ffa5c7cec3f7d22273e253bb977c27b8') in 0.009957046 seconds
[Worker1] Imported GUID: bd2cb6115f94b4c129408ea68717f9c3 - Path: Packages/com.unity.inputsystem/InputSystem/Editor/Plugins/UI/StandaloneInputModuleEditor.cs - Importer: ScriptedImporter/UnityEditor.QuickSearchModule:UnityEditor.Search:ASIAI0B -> (ImportResultId: '85f3613ece9231431303fdd84512fd3d') in 0.008631001 seconds
[Worker2] Imported GUID: 49b16a0da25fb4403a778600bd0278db - Path: Packages/com.unity.inputsystem/InputSystem/Editor/Actions/Interactions/TapInteractionEditor.cs - Importer: ScriptedImporter/UnityEditor.QuickSearchModule:UnityEditor.Search:ASIAI0B -> (ImportResultId: '22d0920e85c87e85dcd3219bfa6bc3e3') in 0.008782584 seconds
[Worker0] Imported GUID: 319e0e95bdd5841b7b1808ef2f0ffd7f - Path: Packages/com.unity.inputsystem/InputSystem/Editor/Plugins/InputForUI/InputSystemForUI.Editor.asmdef - Importer: ScriptedImporter/UnityEditor.QuickSearchModule:UnityEditor.Search:ASIAI0B -> (ImportResultId: '9aac1cc042fba88b2f67234ef2fe5bf4') in 0.009378437 seconds
[Worker3] Imported GUID: 536defedfe4153e4cabde208f78a818d - Path: Packages/com.unity.inputsystem/InputSystem/Editor/Plugins/iOS/iOSPostProcessBuild.cs - Importer: ScriptedImporter/UnityEditor.QuickSearchModule:UnityEditor.Search:ASIAI0B -> (ImportResultId: 'c5a8e7e3816145b14be9a99c63e9505c') in 0.009355043 seconds
[Worker1] Imported GUID: bb40b2b9ded5942e98788267f3adbc11 - Path: Packages/com.unity.inputsystem/InputSystem/Editor/Actions/Interactions/PressInteractionEditor.cs - Importer: ScriptedImporter/UnityEditor.QuickSearchModule:UnityEditor.Search:ASIAI0B -> (ImportResultId: '07a22cf9c015e4b39cbb563b4cd671bb') in 0.008856782 seconds
[Worker2] Imported GUID: 6e6208eb562aa4ce7be0e1760d82a313 - Path: Packages/com.unity.inputsystem/InputSystem/Editor/Plugins/iOS/InputSettingsiOSProvider.cs - Importer: ScriptedImporter/UnityEditor.QuickSearchModule:UnityEditor.Search:ASIAI0B -> (ImportResultId: 'dc52a447a79a3ab5ec4d3a11c3d0d4fb') in 0.008730888 seconds
[Worker0] Imported GUID: 1fe35221cd5f4ca9b9df947d34e7e1f0 - Path: Packages/com.unity.inputsystem/InputSystem/Editor/Plugins/InputForUI/InputActionAssetVerifier.cs - Importer: ScriptedImporter/UnityEditor.QuickSearchModule:UnityEditor.Search:ASIAI0B -> (ImportResultId: 'ac035543671844bdbda9a2a167fd92c2') in 0.011052371 seconds
[Worker1] Imported GUID: 504f28d05365c4127b7216fd72484311 - Path: Packages/com.unity.inputsystem/InputSystem/Editor/Actions/Composites/AxisCompositeEditor.cs - Importer: ScriptedImporter/UnityEditor.QuickSearchModule:UnityEditor.Search:ASIAI0B -> (ImportResultId: '43e862c4278276803e75bc493d17b85a') in 0.008976436 seconds
[Worker0] Imported GUID: 6247927155f224aa5a61c15611fcd34a - Path: Packages/com.unity.inputsystem/InputSystem/Editor/Plugins/PlayerInput/PlayerInputManagerEditor.cs - Importer: ScriptedImporter/UnityEditor.QuickSearchModule:UnityEditor.Search:ASIAI0B -> (ImportResultId: '913dedbb539b8c433f2e736fecda34f1') in 0.009914167 seconds
[Worker2] Imported GUID: d7b144323984d4298924c65ed071dea1 - Path: Packages/com.unity.inputsystem/InputSystem/Editor/AssetEditor/PackageResources/pink.png - Importer: ScriptedImporter/UnityEditor.QuickSearchModule:UnityEditor.Search:ASIAI0B -> (ImportResultId: '16155f958e31c83909152ec7cf5a6478') in 0.012802238 seconds
[Worker3] Imported GUID: ffeba93637e654de6a5906b48520dc94 - Path: Packages/com.unity.inputsystem/InputSystem/Editor/AssetEditor/PackageResources/green.png - Importer: ScriptedImporter/UnityEditor.QuickSearchModule:UnityEditor.Search:ASIAI0B -> (ImportResultId: 'a082610437f4fcd386df5f1600d59a5f') in 0.047056048 seconds
[Worker3] Imported GUID: 9c9510ff4a99bf84c9277bf2182a67d5 - Path: Packages/com.unity.inputsystem/InputSystem/Editor/UITKAssetEditor/Views/BindingPropertiesView.cs - Importer: ScriptedImporter/UnityEditor.QuickSearchModule:UnityEditor.Search:ASIAI0B -> (ImportResultId: 'cd87b0aa19aa4fb6ff456d08c5cb2381') in 0.00911235 seconds
[Worker1] Imported GUID: 0226840818c8be84a9d8774a2529fe86 - Path: Packages/com.unity.inputsystem/InputSystem/Editor/UITKAssetEditor/Views/ActionMapsView.cs - Importer: ScriptedImporter/UnityEditor.QuickSearchModule:UnityEditor.Search:ASIAI0B -> (ImportResultId: '21db34e75c5eff6832b64030592c55c9') in 0.009116708 seconds
[Worker0] Imported GUID: 8d76c8b08c287594c9bf5d6c70fb8699 - Path: Packages/com.unity.inputsystem/InputSystem/Runtime/Devices/Commands/EnableDeviceCommand.cs - Importer: ScriptedImporter/UnityEditor.QuickSearchModule:UnityEditor.Search:ASIAI0B -> (ImportResultId: '83ac9b6fba88e35b15531c3817257631') in 0.00911805 seconds
[Worker2] Imported GUID: cdc588cfee2e9a84a9d748fb7314daff - Path: Packages/com.unity.inputsystem/InputSystem/Editor/UITKAssetEditor/Views/ViewStateCollection.cs - Importer: ScriptedImporter/UnityEditor.QuickSearchModule:UnityEditor.Search:ASIAI0B -> (ImportResultId: '2ee379c01f9ddd60fc502ce1238a0554') in 0.01101998 seconds
[Worker0] Imported GUID: 8b82aecdbfbdd1b49b90eb0d509b4166 - Path: Packages/com.unity.inputsystem/InputSystem/Editor/UITKAssetEditor/Views/InputActionMapsTreeViewItem.cs - Importer: ScriptedImporter/UnityEditor.QuickSearchModule:UnityEditor.Search:ASIAI0B -> (ImportResultId: 'cab8de5fd19266f530d9629fa453048c') in 0.008401072 seconds
[Worker3] Imported GUID: b98fcf53d54c1fe4abdd9327cf57a371 - Path: Packages/com.unity.inputsystem/InputSystem/Editor/UITKAssetEditor/Views/Selectors.cs - Importer: ScriptedImporter/UnityEditor.QuickSearchModule:UnityEditor.Search:ASIAI0B -> (ImportResultId: 'a0bc2dff70c200b1bc35c17788936a48') in 0.008729375 seconds
[Worker1] Imported GUID: cda1b45d3bda468a95dca208b99174da - Path: Packages/com.unity.inputsystem/InputSystem/Runtime/Actions/Composites/Vector3Composite.cs - Importer: ScriptedImporter/UnityEditor.QuickSearchModule:UnityEditor.Search:ASIAI0B -> (ImportResultId: '54bb1b3bd96982835b566296179e3975') in 0.008568043 seconds
[Worker2] Imported GUID: 94995588a5664878be30498a8ace6ba2 - Path: Packages/com.unity.inputsystem/InputSystem/Runtime/Controls/Processors/NormalizeProcessor.cs - Importer: ScriptedImporter/UnityEditor.QuickSearchModule:UnityEditor.Search:ASIAI0B -> (ImportResultId: '4fcd804d87eacf3d9d721181fc43750a') in 0.008572642 seconds
[Worker1] Imported GUID: 84e410cdded84dd3971c9dbe94605503 - Path: Packages/com.unity.inputsystem/InputSystem/Runtime/Controls/Processors/InvertProcessor.cs - Importer: ScriptedImporter/UnityEditor.QuickSearchModule:UnityEditor.Search:ASIAI0B -> (ImportResultId: '946d344e785727cdbdd6efed5363dc9f') in 0.008607717 seconds
[Worker3] Imported GUID: 900c2de771722c542b5857931181ab2f - Path: Packages/com.unity.inputsystem/InputSystem/Editor/UITKAssetEditor/Views/ViewBase.cs - Importer: ScriptedImporter/UnityEditor.QuickSearchModule:UnityEditor.Search:ASIAI0B -> (ImportResultId: 'a04cf0a54f09ac2c6a7a5a02face2abf') in 0.008891688 seconds
[Worker0] Imported GUID: 49a488c9c543d82408e3f15c90d36980 - Path: Packages/com.unity.inputsystem/InputSystem/Editor/UITKAssetEditor/Views/IViewStateCollection.cs - Importer: ScriptedImporter/UnityEditor.QuickSearchModule:UnityEditor.Search:ASIAI0B -> (ImportResultId: '9c4ee21918b736049fc60ed09d519ed3') in 0.009156783 seconds
[Worker2] Imported GUID: 1d3813199fcb56b45b916ac51d58dc80 - Path: Packages/com.unity.inputsystem/InputSystem/Editor/UITKAssetEditor/Views/CompositePartBindingPropertiesView.cs - Importer: ScriptedImporter/UnityEditor.QuickSearchModule:UnityEditor.Search:ASIAI0B -> (ImportResultId: 'ef26fadf103ac0bac8a12baf9aca666b') in 0.012109163 seconds
[Worker1] Imported GUID: 3fa44185ed614414ebab354dfe5a06b6 - Path: Packages/com.unity.inputsystem/InputSystem/Editor/UITKAssetEditor/PackageResources/InputActionMapsTreeViewItem.uxml - Importer: ScriptedImporter/UnityEditor.QuickSearchModule:UnityEditor.Search:ASIAI0B -> (ImportResultId: 'ae19fe2fde574e2d5d7a44b7e615b7b1') in 0.012844417 seconds
[Worker2] Imported GUID: 6ef7b744d03d44f2a82c38ac2f25b21f - Path: Packages/com.unity.inputsystem/InputSystem/Runtime/Controls/Processors/CompensateRotationProcessor.cs - Importer: ScriptedImporter/UnityEditor.QuickSearchModule:UnityEditor.Search:ASIAI0B -> (ImportResultId: 'f9125d3b7fa5dcf3c0ecd72604cbcdd9') in 0.009673768 seconds
[Worker2] Imported GUID: d384a7a7180814f16aa8fa9d86ac3b6c - Path: Packages/com.unity.inputsystem/InputSystem/Editor/UITKAssetEditor/Views/CopyPasteHelper.cs - Importer: ScriptedImporter/UnityEditor.QuickSearchModule:UnityEditor.Search:ASIAI0B -> (ImportResultId: '798cbea52fb54bf4eb1969abc894704b') in 0.009361925 seconds
[Worker1] Imported GUID: 303ef5b13740f9a4db252c50122d2c62 - Path: Packages/com.unity.inputsystem/InputSystem/Editor/UITKAssetEditor/PackageResources/ControlSchemeEditor.uxml - Importer: ScriptedImporter/UnityEditor.QuickSearchModule:UnityEditor.Search:ASIAI0B -> (ImportResultId: 'fd3b82c05346741714ea9fb58dfc895c') in 0.014715048 seconds
[Worker2] Imported GUID: 4ab0ce1980d384014be67a2d135ed92c - Path: Packages/com.unity.inputsystem/InputSystem/Runtime/Controls/Processors/InvertVector2Processor.cs - Importer: ScriptedImporter/UnityEditor.QuickSearchModule:UnityEditor.Search:ASIAI0B -> (ImportResultId: '7b074b52696694ea672bcc9e4debfb05') in 0.009916701 seconds
[Worker1] Imported GUID: c2732a66825034f739cb072c49aa8990 - Path: Packages/com.unity.inputsystem/InputSystem/Runtime/Actions/Interactions/MultiTapInteraction.cs - Importer: ScriptedImporter/UnityEditor.QuickSearchModule:UnityEditor.Search:ASIAI0B -> (ImportResultId: 'cb862595b2cada124bbd720c9dd2cacb') in 0.009232614 seconds
[Worker2] Imported GUID: 110e42b335c6744e482ada733cbda674 - Path: Packages/com.unity.inputsystem/InputSystem/Runtime/Controls/Processors/AxisDeadzoneProcessor.cs - Importer: ScriptedImporter/UnityEditor.QuickSearchModule:UnityEditor.Search:ASIAI0B -> (ImportResultId: '7cf6597a8074e66d7f00881297c29e46') in 0.010492245 seconds
[Worker1] Imported GUID: 452df07a8ad0c944c879a484d5890e61 - Path: Packages/com.unity.inputsystem/InputSystem/Editor/UITKAssetEditor/PackageResources/InputActionsTreeViewItem.uxml - Importer: ScriptedImporter/UnityEditor.QuickSearchModule:UnityEditor.Search:ASIAI0B -> (ImportResultId: 'b76ec2830aafe0351011702581d9b352') in 0.014576229 seconds
[Worker0] Imported GUID: 449c8e5ca27af8e4a9db710c8be5e4df - Path: Packages/com.unity.inputsystem/InputSystem/Editor/UITKAssetEditor/PackageResources/BindingPanelRowTemplate.uxml - Importer: ScriptedImporter/UnityEditor.QuickSearchModule:UnityEditor.Search:ASIAI0B -> (ImportResultId: '48ac18380725abad63e376acecb5e4a9') in 0.05643759 seconds
[Worker2] Imported GUID: 2bd2d0548382d58489e8c2999daf4139 - Path: Packages/com.unity.inputsystem/InputSystem/Editor/UITKAssetEditor/PackageResources/CompositeBindingPropertiesEditor.uxml - Importer: ScriptedImporter/UnityEditor.QuickSearchModule:UnityEditor.Search:ASIAI0B -> (ImportResultId: '391ce5425e725c57a74a81ddfd820e96') in 0.012430533 seconds
[Worker1] Imported GUID: be272fdf97df4e8daf1393dabdfa4cb8 - Path: Packages/com.unity.inputsystem/InputSystem/Runtime/Actions/Composites/TwoModifiersComposite.cs - Importer: ScriptedImporter/UnityEditor.QuickSearchModule:UnityEditor.Search:ASIAI0B -> (ImportResultId: 'c2a9455c33aeba70e1fb3a5321c43cfb') in 0.008312827 seconds
[Worker0] Imported GUID: 15164829aab964eedaee6bac785c2c05 - Path: Packages/com.unity.inputsystem/InputSystem/Runtime/Actions/Composites/ButtonWithOneModifier.cs - Importer: ScriptedImporter/UnityEditor.QuickSearchModule:UnityEditor.Search:ASIAI0B -> (ImportResultId: '300930e36ec7c308921d4efcf9e684bb') in 0.008744192 seconds
[Worker2] Imported GUID: 8879a5884abf42c4c99aba5009bc081f - Path: Packages/com.unity.inputsystem/InputSystem/Editor/UITKAssetEditor/Views/PropertiesView.cs - Importer: ScriptedImporter/UnityEditor.QuickSearchModule:UnityEditor.Search:ASIAI0B -> (ImportResultId: 'cb87c20c8eb48a07520fd9a616a4c95a') in 0.008409518 seconds
[Worker1] Imported GUID: 99cfd7e6e4fd7294090b6bf84b177326 - Path: Packages/com.unity.inputsystem/InputSystem/Editor/UITKAssetEditor/Commands/ControlSchemeCommands.cs - Importer: ScriptedImporter/UnityEditor.QuickSearchModule:UnityEditor.Search:ASIAI0B -> (ImportResultId: 'e886c694e93d056da56b35ed9157dc80') in 0.008717983 seconds
[Worker0] Imported GUID: 36e7567d9504499a8bbe97595096de5e - Path: Packages/com.unity.inputsystem/InputSystem/Editor/UITKAssetEditor/Views/CollectionViewSelectionChangeFilter.cs - Importer: ScriptedImporter/UnityEditor.QuickSearchModule:UnityEditor.Search:ASIAI0B -> (ImportResultId: '86b70d870c89b650b7420a06d335107b') in 0.009350424 seconds
[Worker2] Imported GUID: 681942113a3d6460a90af134a86edb78 - Path: Packages/com.unity.inputsystem/InputSystem/Runtime/Controls/Processors/ScaleVector3Processor.cs - Importer: ScriptedImporter/UnityEditor.QuickSearchModule:UnityEditor.Search:ASIAI0B -> (ImportResultId: '67a66e7d204e2a76da2e2809b4b77280') in 0.009027792 seconds
[Worker3] Imported GUID: acfae125fa5d7904987a696b3993d432 - Path: Packages/com.unity.inputsystem/InputSystem/Editor/UITKAssetEditor/PackageResources/CompositePartBindingPropertiesEditor.uxml - Importer: ScriptedImporter/UnityEditor.QuickSearchModule:UnityEditor.Search:ASIAI0B -> (ImportResultId: '8cd4ec339b3251fd2fc90ec3cf77084b') in 0.077296447 seconds
[Worker1] Imported GUID: 2bd61b5c763f7444e9a5aa3c7623f60b - Path: Packages/com.unity.inputsystem/InputSystem/Editor/UITKAssetEditor/Views/CompositeBindingPropertiesView.cs - Importer: ScriptedImporter/UnityEditor.QuickSearchModule:UnityEditor.Search:ASIAI0B -> (ImportResultId: '5ed39ada680bff6ef896ab2e9c7883d6') in 0.008381485 seconds
[Worker2] Imported GUID: a439a21d627cd7646978dd78132c4bb9 - Path: Packages/com.unity.inputsystem/InputSystem/Editor/UITKAssetEditor/Views/InputActionsTreeViewItem.cs - Importer: ScriptedImporter/UnityEditor.QuickSearchModule:UnityEditor.Search:ASIAI0B -> (ImportResultId: '6fd5a37496af2e5baba007b6506d206f') in 0.008849199 seconds
[Worker0] Imported GUID: 8b78cdd0ba4454fd69b2be04e825d921 - Path: Packages/com.unity.inputsystem/InputSystem/Runtime/Controls/Processors/NormalizeVector3Processor.cs - Importer: ScriptedImporter/UnityEditor.QuickSearchModule:UnityEditor.Search:ASIAI0B -> (ImportResultId: 'a201672281821343a82d7bfda4489fc6') in 0.008648364 seconds
[Worker3] Imported GUID: 6bd8ebd167bb9d34cabf0b443f2d1aaa - Path: Packages/com.unity.inputsystem/InputSystem/Runtime/Actions/Interactions/HoldInteraction.cs - Importer: ScriptedImporter/UnityEditor.QuickSearchModule:UnityEditor.Search:ASIAI0B -> (ImportResultId: 'ffa968e92f5d259f9786f84bd8adfae8') in 0.008246914 seconds
[Worker1] Imported GUID: 66ed65ecd8caca54ba814d536ed4d5b2 - Path: Packages/com.unity.inputsystem/InputSystem/Editor/UITKAssetEditor/Views/ControlSchemesView.cs - Importer: ScriptedImporter/UnityEditor.QuickSearchModule:UnityEditor.Search:ASIAI0B -> (ImportResultId: 'b6b520b8aeb9cc294a06043827a58368') in 0.010137063 seconds
[Worker0] Imported GUID: 4e9c0b68df9234a0bad68ad7e0391330 - Path: Packages/com.unity.inputsystem/InputSystem/Runtime/Actions/Composites/Vector2Composite.cs - Importer: ScriptedImporter/UnityEditor.QuickSearchModule:UnityEditor.Search:ASIAI0B -> (ImportResultId: '274ee56b6aa94fe51d7fd7bf417e0fb5') in 0.009646326 seconds
[Worker1] Imported GUID: 6ae082cf4f6634e9d8cdd8526dd816a3 - Path: Packages/com.unity.inputsystem/InputSystem/Runtime/Controls/Processors/NormalizeVector2Processor.cs - Importer: ScriptedImporter/UnityEditor.QuickSearchModule:UnityEditor.Search:ASIAI0B -> (ImportResultId: '630fd185648864f3925e107555fb997b') in 0.009331259 seconds
[Worker2] Imported GUID: 3afbef7bebf197d43b2352b971a4e15f - Path: Packages/com.unity.inputsystem/InputSystem/Runtime/Actions/Interactions/SlowTapInteraction.cs - Importer: ScriptedImporter/UnityEditor.QuickSearchModule:UnityEditor.Search:ASIAI0B -> (ImportResultId: '7a0fc331a91f1be42d59fe48583354a4') in 0.013773961 seconds
[Worker3] Imported GUID: cca9ce0c8554d5244930f14c21489ac1 - Path: Packages/com.unity.inputsystem/InputSystem/Editor/UITKAssetEditor/PackageResources/InputAssetEditorDark.uss - Importer: ScriptedImporter/UnityEditor.QuickSearchModule:UnityEditor.Search:ASIAI0B -> (ImportResultId: '96bba2b5910c5038a4ee3e8243478265') in 0.017931682 seconds
[Worker0] Imported GUID: aad56faafe6d9d3458c93a9e43759461 - Path: Packages/com.unity.inputsystem/InputSystem/Runtime/Devices/Commands/DisableDeviceCommand.cs - Importer: ScriptedImporter/UnityEditor.QuickSearchModule:UnityEditor.Search:ASIAI0B -> (ImportResultId: '540e7dcd9148267b8c82dde50507ed2c') in 0.01064473 seconds
[Worker1] Imported GUID: 1a0a9c8a3d9c4893ab5389e009563314 - Path: Packages/com.unity.inputsystem/InputSystem/Runtime/Actions/Composites/OneModifierComposite.cs - Importer: ScriptedImporter/UnityEditor.QuickSearchModule:UnityEditor.Search:ASIAI0B -> (ImportResultId: '3b80fb2693b3a352fb590ce160b38240') in 0.009762824 seconds
[Worker3] Imported GUID: dbce6ac3ce95e4e28af8b2212171619a - Path: Packages/com.unity.inputsystem/InputSystem/Runtime/Controls/Processors/CompensateDirectionProcessor.cs - Importer: ScriptedImporter/UnityEditor.QuickSearchModule:UnityEditor.Search:ASIAI0B -> (ImportResultId: '59d82856f37e774e13cb31d1b6f5a792') in 0.009152815 seconds
[Worker2] Imported GUID: 75a33987e21d5ac449deecea3dcd864f - Path: Packages/com.unity.inputsystem/InputSystem/Editor/UITKAssetEditor/PackageResources/InputActionsProjectSettings.uxml - Importer: ScriptedImporter/UnityEditor.QuickSearchModule:UnityEditor.Search:ASIAI0B -> (ImportResultId: '05c2959063d58877b1383d79e02379c8') in 0.01445394 seconds
[Worker0] Imported GUID: 890eded7b7fc53b489fcc92f0aeb774e - Path: Packages/com.unity.inputsystem/InputSystem/Editor/UITKAssetEditor/Views/MatchingControlPaths.cs - Importer: ScriptedImporter/UnityEditor.QuickSearchModule:UnityEditor.Search:ASIAI0B -> (ImportResultId: 'cea52cb8fb1cf702f98b49dbb8aede7f') in 0.009400698 seconds
[Worker3] Imported GUID: 989e6ef705a83455c81a5d0a22910406 - Path: Packages/com.unity.inputsystem/InputSystem/Editor/UITKAssetEditor/Views/ContextMenu.cs - Importer: ScriptedImporter/UnityEditor.QuickSearchModule:UnityEditor.Search:ASIAI0B -> (ImportResultId: 'c014afd46c0a26b014b83b7561c6b698') in 0.009286114 seconds
[Worker1] Imported GUID: 9cbd73d51dc491b4888055ae65cd9545 - Path: Packages/com.unity.inputsystem/InputSystem/Editor/UITKAssetEditor/PackageResources/NameAndParameterListViewItemTemplate.uxml - Importer: ScriptedImporter/UnityEditor.QuickSearchModule:UnityEditor.Search:ASIAI0B -> (ImportResultId: '5997617f889eba2495c16d3be260a267') in 0.013791183 seconds
[Worker2] Imported GUID: 5e7024ed0fd03984289320d04507bc0c - Path: Packages/com.unity.inputsystem/InputSystem/Editor/UITKAssetEditor/PackageResources/InputAssetEditorLight.uss - Importer: ScriptedImporter/UnityEditor.QuickSearchModule:UnityEditor.Search:ASIAI0B -> (ImportResultId: 'c908ed9bf147b8a551a11a4f2493fd89') in 0.010181285 seconds
[Worker0] Imported GUID: a327bafe91572467f834d0435da166fb - Path: Packages/com.unity.inputsystem/InputSystem/Runtime/Controls/Processors/StickDeadzoneProcessor.cs - Importer: ScriptedImporter/UnityEditor.QuickSearchModule:UnityEditor.Search:ASIAI0B -> (ImportResultId: '5e6cb59a65fac435f77e719965bb9857') in 0.009931098 seconds
[Worker3] Imported GUID: 98590516d066443e58df0deff4a95b21 - Path: Packages/com.unity.inputsystem/InputSystem/Runtime/Controls/Processors/ScaleProcessor.cs - Importer: ScriptedImporter/UnityEditor.QuickSearchModule:UnityEditor.Search:ASIAI0B -> (ImportResultId: '133a068a6e00a25c6702d90ac8c2c005') in 0.009482791 seconds
[Worker1] Imported GUID: 09dbcfc6e83454e45ace8503dacc86ad - Path: Packages/com.unity.inputsystem/InputSystem/Editor/UITKAssetEditor/Views/VisualElementExtensions.cs - Importer: ScriptedImporter/UnityEditor.QuickSearchModule:UnityEditor.Search:ASIAI0B -> (ImportResultId: 'a53d7a49a68f2e12a2c211027d1dcd39') in 0.010620956 seconds
[Worker0] Imported GUID: 802caa2f96f49470facf48de1e652f16 - Path: Packages/com.unity.inputsystem/InputSystem/Runtime/Actions/Interactions/PressInteraction.cs - Importer: ScriptedImporter/UnityEditor.QuickSearchModule:UnityEditor.Search:ASIAI0B -> (ImportResultId: '132932a499ac9df336cd9de39abe5e49') in 0.00994307 seconds
[Worker3] Imported GUID: b52a4b3b22334b02a4d22d942a479be6 - Path: Packages/com.unity.inputsystem/InputSystem/Editor/UITKAssetEditor/Views/DropManipulator.cs - Importer: ScriptedImporter/UnityEditor.QuickSearchModule:UnityEditor.Search:ASIAI0B -> (ImportResultId: '237acd65df14a1b2d67885fb7aa46a66') in 0.010058536 seconds
[Worker2] Imported GUID: c662e0d3cc3c4f948808f9847f715ef2 - Path: Packages/com.unity.inputsystem/InputSystem/Editor/UITKAssetEditor/PackageResources/InputActionsEditor.uxml - Importer: ScriptedImporter/UnityEditor.QuickSearchModule:UnityEditor.Search:ASIAI0B -> (ImportResultId: '2e823cc86b3e41f07cce856e1e7f8df6') in 0.02090918 seconds
[Worker1] Imported GUID: 96bf34fe183cd4ce986db61a6639cd5b - Path: Packages/com.unity.inputsystem/InputSystem/Runtime/Controls/Processors/ScaleVector2Processor.cs - Importer: ScriptedImporter/UnityEditor.QuickSearchModule:UnityEditor.Search:ASIAI0B -> (ImportResultId: 'ba4e5b9b3d236c882a16f625d9267f99') in 0.010852979 seconds
[Worker0] Imported GUID: 954f8631d67512b409a5c4c526ae4f71 - Path: Packages/com.unity.inputsystem/InputSystem/Editor/UITKAssetEditor/Views/ActionPropertiesView.cs - Importer: ScriptedImporter/UnityEditor.QuickSearchModule:UnityEditor.Search:ASIAI0B -> (ImportResultId: '841f7b157572d33cf205e1e8be3642a4') in 0.01035571 seconds
[Worker3] Imported GUID: 392e37dde5bf4a14bb315f2b4829bd6b - Path: Packages/com.unity.inputsystem/InputSystem/Editor/UITKAssetEditor/Views/InputActionsEditorView.cs - Importer: ScriptedImporter/UnityEditor.QuickSearchModule:UnityEditor.Search:ASIAI0B -> (ImportResultId: '0865660dfb995f06d0ac8d43f1414106') in 0.009494623 seconds
[Worker1] Imported GUID: 7938861606c2845d19cf2e8a683ddba3 - Path: Packages/com.unity.inputsystem/InputSystem/Runtime/Controls/Processors/InvertVector3Processor.cs - Importer: ScriptedImporter/UnityEditor.QuickSearchModule:UnityEditor.Search:ASIAI0B -> (ImportResultId: '58db3944acc199eb633c65bb558a6855') in 0.009807177 seconds
[Worker2] Imported GUID: 7dac9c49a90bca4499371d0adc9b617b - Path: Packages/com.unity.inputsystem/InputSystem/Editor/UITKAssetEditor/PackageResources/InputActionsEditorStyles.uss - Importer: ScriptedImporter/UnityEditor.QuickSearchModule:UnityEditor.Search:ASIAI0B -> (ImportResultId: '6ca9689c805903382742fe39f0872ca8') in 0.01089643 seconds
[Worker0] Imported GUID: 11330b6eb30fdb54fa20d0da9f0d60a5 - Path: Packages/com.unity.inputsystem/InputSystem/Editor/UITKAssetEditor/Views/NameAndParametersListView.cs - Importer: ScriptedImporter/UnityEditor.QuickSearchModule:UnityEditor.Search:ASIAI0B -> (ImportResultId: 'e3fae92983705109c286fd82d2efedc0') in 0.009967456 seconds
[Worker3] Imported GUID: caa587f0fb5099040bf6193f93daec5d - Path: Packages/com.unity.inputsystem/InputSystem/Runtime/Actions/Interactions/TapInteraction.cs - Importer: ScriptedImporter/UnityEditor.QuickSearchModule:UnityEditor.Search:ASIAI0B -> (ImportResultId: 'eed0a2e7c6c7b3ffa2f2ef8e4c724e42') in 0.009679449 seconds
[Worker1] Imported GUID: 716898219fc23de4a81300652df80ef3 - Path: Packages/com.unity.inputsystem/InputSystem/Editor/UITKAssetEditor/Views/ActionsTreeView.cs - Importer: ScriptedImporter/UnityEditor.QuickSearchModule:UnityEditor.Search:ASIAI0B -> (ImportResultId: '296a131b6bf3fac319eb36c312dcbf83') in 0.010290459 seconds
[Worker0] Imported GUID: 61fdc882d66f0f34d90450c001c0078e - Path: Packages/com.unity.inputsystem/InputSystem/Runtime/Actions/Composites/AxisComposite.cs - Importer: ScriptedImporter/UnityEditor.QuickSearchModule:UnityEditor.Search:ASIAI0B -> (ImportResultId: '3f9d4e141c38351715438de78c3ba23a') in 0.009734151 seconds
[Worker2] Imported GUID: 87ce818774f4c544882b249f32619300 - Path: Packages/com.unity.inputsystem/InputSystem/Runtime/Controls/Processors/EditorWindowSpaceProcessor.cs - Importer: ScriptedImporter/UnityEditor.QuickSearchModule:UnityEditor.Search:ASIAI0B -> (ImportResultId: '2c6287f73ec4d0c41cf9aa88348342ef') in 0.01000747 seconds
[Worker3] Imported GUID: 6887ac562f464a329bc468158dbbf18f - Path: Packages/com.unity.inputsystem/InputSystem/Runtime/Controls/Processors/ClampProcessor.cs - Importer: ScriptedImporter/UnityEditor.QuickSearchModule:UnityEditor.Search:ASIAI0B -> (ImportResultId: 'f39a8deaed3b27ec51f4ab8c6b94cb02') in 0.009639644 seconds
[Worker1] Imported GUID: 62dcc18c42c2246bdaed7fe210b77118 - Path: Packages/com.unity.inputsystem/InputSystem/Runtime/Actions/Composites/ButtonWithTwoModifiers.cs - Importer: ScriptedImporter/UnityEditor.QuickSearchModule:UnityEditor.Search:ASIAI0B -> (ImportResultId: '09c86b31ddc31172f2c9d019799f2754') in 0.00909626 seconds
[Worker2] Imported GUID: 1659bf437d849824999b2b9ae9e1518b - Path: Packages/com.unity.inputsystem/InputSystem/Runtime/Devices/Commands/QuerySamplingFrequencyCommand.cs - Importer: ScriptedImporter/UnityEditor.QuickSearchModule:UnityEditor.Search:ASIAI0B -> (ImportResultId: '5f29d7ae33fceae002bdd0e2ecc0f7d1') in 0.007938869 seconds
[Worker3] Imported GUID: 153c0ac2dec541bc824175008b97615d - Path: Packages/com.unity.inputsystem/InputSystem/Runtime/Devices/Remote/RemoteInputPlayerConnection.cs - Importer: ScriptedImporter/UnityEditor.QuickSearchModule:UnityEditor.Search:ASIAI0B -> (ImportResultId: 'ca93bd7aab81face062d3876e393e61d') in 0.007931195 seconds
[Worker0] Imported GUID: 179e4e4b8003406d97463b101f15eb8b - Path: Packages/com.unity.inputsystem/InputSystem/Runtime/Devices/Haptics/IHaptics.cs - Importer: ScriptedImporter/UnityEditor.QuickSearchModule:UnityEditor.Search:ASIAI0B -> (ImportResultId: '95ac6a973af5954f38b92befbc6d5c51') in 0.008146437 seconds
[Worker1] Imported GUID: c2339479d3a44fcb902e62c60f0a05af - Path: Packages/com.unity.inputsystem/InputSystem/Runtime/Devices/Commands/IInputDeviceCommandInfo.cs - Importer: ScriptedImporter/UnityEditor.QuickSearchModule:UnityEditor.Search:ASIAI0B -> (ImportResultId: 'd35680004ebb53931ed63b3c227df97a') in 0.009233506 seconds
[Worker3] Imported GUID: 6873ac51fc9d6dc4dbb6d9dc77a5eb49 - Path: Packages/com.unity.inputsystem/InputSystem/Runtime/Devices/Commands/SetIMECursorPositionCommand.cs - Importer: ScriptedImporter/UnityEditor.QuickSearchModule:UnityEditor.Search:ASIAI0B -> (ImportResultId: '4a7bc933abb88ac885b24c03fe9df56d') in 0.008436779 seconds
[Worker0] Imported GUID: 86b230bdbb8ce487882861a17e6d2bde - Path: Packages/com.unity.inputsystem/InputSystem/Runtime/Plugins/PlayerInput/PlayerJoinBehavior.cs - Importer: ScriptedImporter/UnityEditor.QuickSearchModule:UnityEditor.Search:ASIAI0B -> (ImportResultId: '4e02f715168bbaf25c59f01fd1d2517e') in 0.008251062 seconds
[Worker2] Imported GUID: ede17f8b7e9dfcf42b560545a8102eeb - Path: Packages/com.unity.inputsystem/InputSystem/Runtime/Plugins/Android/AndroidKeyCode.cs - Importer: ScriptedImporter/UnityEditor.QuickSearchModule:UnityEditor.Search:ASIAI0B -> (ImportResultId: 'fbbfe159e4bd4c5b9b780229e9a2a7b8') in 0.008972308 seconds
[Worker1] Imported GUID: c7225419e3d446c5982afd5ba9cce319 - Path: Packages/com.unity.inputsystem/InputSystem/Runtime/Plugins/DualShock/DualShockGamepadHID.cs - Importer: ScriptedImporter/UnityEditor.QuickSearchModule:UnityEditor.Search:ASIAI0B -> (ImportResultId: '23207c7344effa04686243ddd67bce85') in 0.008131509 seconds
[Worker0] Imported GUID: 6982a6ffcdbf47a6aa68fd4418622395 - Path: Packages/com.unity.inputsystem/InputSystem/Runtime/Devices/Haptics/IDualMotorRumble.cs - Importer: ScriptedImporter/UnityEditor.QuickSearchModule:UnityEditor.Search:ASIAI0B -> (ImportResultId: '5992c3318a626a28812a729aedefcc92') in 0.009290312 seconds
[Worker1] Imported GUID: 425bde5d5c63e4c5d8d95b068a911236 - Path: Packages/com.unity.inputsystem/InputSystem/Runtime/Plugins/Steam/IStreamControllerAPI.cs - Importer: ScriptedImporter/UnityEditor.QuickSearchModule:UnityEditor.Search:ASIAI0B -> (ImportResultId: 'bfdcd046fa3e46bb5d0ea2676dcd0353') in 0.008761074 seconds
[Worker3] Imported GUID: f018dacefe574045a76769f5f355f3b1 - Path: Packages/com.unity.inputsystem/InputSystem/Runtime/Devices/Commands/WarpMousePositionCommand.cs - Importer: ScriptedImporter/UnityEditor.QuickSearchModule:UnityEditor.Search:ASIAI0B -> (ImportResultId: 'dc6a79ef1dd73c718aba1919d52a04a6') in 0.009526392 seconds
[Worker2] Imported GUID: 6261dd2a83757498188548c57e2492bf - Path: Packages/com.unity.inputsystem/InputSystem/Runtime/Plugins/EnhancedTouch/Touch.cs - Importer: ScriptedImporter/UnityEditor.QuickSearchModule:UnityEditor.Search:ASIAI0B -> (ImportResultId: '2789b2adc0a87e94c1ce6db53733c0b5') in 0.00891449 seconds
[Worker1] Imported GUID: a7c6472eb810ba445be34c69325e4fea - Path: Packages/com.unity.inputsystem/InputSystem/Runtime/Plugins/Android/AndroidGameController.cs - Importer: ScriptedImporter/UnityEditor.QuickSearchModule:UnityEditor.Search:ASIAI0B -> (ImportResultId: 'ba6f4beceefb7c506fefee0862d8fb66') in 0.008887029 seconds
[Worker3] Imported GUID: e9d677f1681015749b15c436eec6d880 - Path: Packages/com.unity.inputsystem/InputSystem/Runtime/Plugins/OnScreen/OnScreenStick.cs - Importer: ScriptedImporter/UnityEditor.QuickSearchModule:UnityEditor.Search:ASIAI0B -> (ImportResultId: 'e31801ac093fccf35ebc7af5bec5f88f') in 0.008749562 seconds
[Worker2] Imported GUID: 9e0ea5a9f932f6541962b1bf7934f7c3 - Path: Packages/com.unity.inputsystem/InputSystem/Runtime/Devices/Commands/EnableIMECompositionCommand.cs - Importer: ScriptedImporter/UnityEditor.QuickSearchModule:UnityEditor.Search:ASIAI0B -> (ImportResultId: '12a0bdd70fdebe6a26ad1be7d8d7fe4a') in 0.008896808 seconds
[Worker0] Imported GUID: 6e6d0cbdd012f434392878fdc293f974 - Path: Packages/com.unity.inputsystem/InputSystem/Runtime/Devices/Commands/QueryEnabledStateCommand.cs - Importer: ScriptedImporter/UnityEditor.QuickSearchModule:UnityEditor.Search:ASIAI0B -> (ImportResultId: '623ae53e9940d62a12a9c059a7e20ab9') in 0.009984959 seconds
[Worker1] Imported GUID: 8806f46699a44c39a6a66c5d07772871 - Path: Packages/com.unity.inputsystem/InputSystem/Runtime/Plugins/HID/HID.cs - Importer: ScriptedImporter/UnityEditor.QuickSearchModule:UnityEditor.Search:ASIAI0B -> (ImportResultId: 'e84c11aa7b7bff8ea70a3d48dfeb0a66') in 0.008788045 seconds
[Worker2] Imported GUID: 40cf321da8ee4fc428f65b23423528d2 - Path: Packages/com.unity.inputsystem/InputSystem/Runtime/Devices/Precompiled/FastKeyboard.cs - Importer: ScriptedImporter/UnityEditor.QuickSearchModule:UnityEditor.Search:ASIAI0B -> (ImportResultId: '603b4cadaf829a37a36912b584adb2be') in 0.008468838 seconds
[Worker3] Imported GUID: d8ce1fd8f845226439f6b4ee991c9f78 - Path: Packages/com.unity.inputsystem/InputSystem/Runtime/Devices/Commands/QueryDimensionsCommand.cs - Importer: ScriptedImporter/UnityEditor.QuickSearchModule:UnityEditor.Search:ASIAI0B -> (ImportResultId: 'b9c4ccce52efc91a24344dc8e5a4be9b') in 0.008688658 seconds
[Worker0] Imported GUID: 92ae37f8da4c25141a0c43e136275e46 - Path: Packages/com.unity.inputsystem/InputSystem/Runtime/Plugins/OnScreen/OnScreenControl.cs - Importer: ScriptedImporter/UnityEditor.QuickSearchModule:UnityEditor.Search:ASIAI0B -> (ImportResultId: 'b2b7fab2b529f7e4ad5e148600cf1b63') in 0.01064421 seconds
[Worker1] Imported GUID: 830105192d35a17469c56711468d1e8f - Path: Packages/com.unity.inputsystem/InputSystem/Runtime/Plugins/Android/AndroidSensors.cs - Importer: ScriptedImporter/UnityEditor.QuickSearchModule:UnityEditor.Search:ASIAI0B -> (ImportResultId: '231cf16901af4d45749adfd8e28e573a') in 0.008895044 seconds
[Worker3] Imported GUID: a10a64abdfd8f6340a5b6b54bf28812a - Path: Packages/com.unity.inputsystem/InputSystem/Runtime/Devices/Commands/QueryCanRunInBackground.cs - Importer: ScriptedImporter/UnityEditor.QuickSearchModule:UnityEditor.Search:ASIAI0B -> (ImportResultId: '6ef1c439cb61b5fcb5ffe063baf3d6f4') in 0.008583803 seconds
[Worker2] Imported GUID: 71f3c0e630f0148b496f565843b5b272 - Path: Packages/com.unity.inputsystem/InputSystem/Runtime/Plugins/EnhancedTouch/Finger.cs - Importer: ScriptedImporter/UnityEditor.QuickSearchModule:UnityEditor.Search:ASIAI0B -> (ImportResultId: 'aaf2e6d94056f8997acca0869ae0e0a9') in 0.008739173 seconds
[Worker0] Imported GUID: b9817b64a59aab947a96a4cf6247d018 - Path: Packages/com.unity.inputsystem/InputSystem/Runtime/Plugins/OSX/OSXGameController.cs - Importer: ScriptedImporter/UnityEditor.QuickSearchModule:UnityEditor.Search:ASIAI0B -> (ImportResultId: '02f64bea24dda7422fcf6c80e28aeb48') in 0.009371313 seconds
[Worker2] Imported GUID: 0e235e01f7e6408f87e899ac373c85d1 - Path: Packages/com.unity.inputsystem/InputSystem/Runtime/Plugins/DualShock/IDualShockHaptics.cs - Importer: ScriptedImporter/UnityEditor.QuickSearchModule:UnityEditor.Search:ASIAI0B -> (ImportResultId: 'bb00eaa1956ae355f9ea1185f84564ec') in 0.008857764 seconds
[Worker3] Imported GUID: b0c637405fa4842cc92e389df8729bc8 - Path: Packages/com.unity.inputsystem/InputSystem/Runtime/Devices/Commands/RequestSyncCommand.cs - Importer: ScriptedImporter/UnityEditor.QuickSearchModule:UnityEditor.Search:ASIAI0B -> (ImportResultId: '5ae650e5c6fef7846e96dfb6621a35c8') in 0.009153035 seconds
[Worker1] Imported GUID: 4f0b0cfb7c484e43823c1a038c97a5f3 - Path: Packages/com.unity.inputsystem/InputSystem/Runtime/Plugins/HID/HIDSupport.cs - Importer: ScriptedImporter/UnityEditor.QuickSearchModule:UnityEditor.Search:ASIAI0B -> (ImportResultId: '7508d792fe1c5fa4ab46dad2c9299f97') in 0.008756455 seconds
[Worker0] Imported GUID: f617c1bc34684f738c0d2cb4d0650f35 - Path: Packages/com.unity.inputsystem/InputSystem/Runtime/Devices/Remote/InputRemoting.cs - Importer: ScriptedImporter/UnityEditor.QuickSearchModule:UnityEditor.Search:ASIAI0B -> (ImportResultId: 'ad0f09a891876297550b31e592c361e1') in 0.009450501 seconds
[Worker3] Imported GUID: df88ce51eaa14f2f8975023f7f45d2d9 - Path: Packages/com.unity.inputsystem/InputSystem/Runtime/Plugins/DualShock/DualShockGamepad.cs - Importer: ScriptedImporter/UnityEditor.QuickSearchModule:UnityEditor.Search:ASIAI0B -> (ImportResultId: '802b3b76b329e389fde402cc8adb0b68') in 0.009698614 seconds
[Worker1] Imported GUID: 620180a2562c422893989c28645cef24 - Path: Packages/com.unity.inputsystem/InputSystem/Runtime/Devices/Commands/QueryKeyboardLayoutCommand.cs - Importer: ScriptedImporter/UnityEditor.QuickSearchModule:UnityEditor.Search:ASIAI0B -> (ImportResultId: 'b2d840fb422e40a52a112c8eec91530a') in 0.009695648 seconds
[Worker2] Imported GUID: 621567455fd1c4ceb811cc8a00b6a1a5 - Path: Packages/com.unity.inputsystem/InputSystem/Runtime/Plugins/PlayerInput/PlayerInputManager.cs - Importer: ScriptedImporter/UnityEditor.QuickSearchModule:UnityEditor.Search:ASIAI0B -> (ImportResultId: '4c2611fff5acc366534323aeeeadfd8f') in 0.01109996 seconds
[Worker0] Imported GUID: 3da49be2d645b418c8ee308bb1a011c7 - Path: Packages/com.unity.inputsystem/InputSystem/Runtime/Plugins/Linux/LinuxSupport.cs - Importer: ScriptedImporter/UnityEditor.QuickSearchModule:UnityEditor.Search:ASIAI0B -> (ImportResultId: 'd04622cd929a6b599c1480866f8a1c23') in 0.011174269 seconds
[Worker3] Imported GUID: ee46ea662a1d4d2397d0b3a45baf67ef - Path: Packages/com.unity.inputsystem/InputSystem/Runtime/Devices/Haptics/DualMotorRumbleCommand.cs - Importer: ScriptedImporter/UnityEditor.QuickSearchModule:UnityEditor.Search:ASIAI0B -> (ImportResultId: '801baf3b65d4efba8077bb09fdd65f78') in 0.010795922 seconds
[Worker2] Imported GUID: fa26399d579948dd90c6ff298cdb0570 - Path: Packages/com.unity.inputsystem/InputSystem/Runtime/Plugins/DualShock/DualShockSupport.cs - Importer: ScriptedImporter/UnityEditor.QuickSearchModule:UnityEditor.Search:ASIAI0B -> (ImportResultId: '64bea61c1bee480a69ea5fe86ba9e5e0') in 0.01003962 seconds
[Worker1] Imported GUID: 6a390ac9b9af0fb49b702bae14eaed84 - Path: Packages/com.unity.inputsystem/InputSystem/Runtime/Devices/Precompiled/FastMouse.cs - Importer: ScriptedImporter/UnityEditor.QuickSearchModule:UnityEditor.Search:ASIAI0B -> (ImportResultId: '3d9fcd73e91d8d5268c19ef346c21681') in 0.011144794 seconds
[Worker0] Imported GUID: 326532c3044e949b696215102693a1a3 - Path: Packages/com.unity.inputsystem/InputSystem/Runtime/Plugins/PlayerInput/PlayerNotifications.cs - Importer: ScriptedImporter/UnityEditor.QuickSearchModule:UnityEditor.Search:ASIAI0B -> (ImportResultId: 'e9989daf10f356b550c4480ef381b2f0') in 0.01129811 seconds
[Worker3] Imported GUID: 4e49477f346c4f3a8c9e5fcdcde317ed - Path: Packages/com.unity.inputsystem/InputSystem/Runtime/Devices/Commands/QueryKeyNameCommand.cs - Importer: ScriptedImporter/UnityEditor.QuickSearchModule:UnityEditor.Search:ASIAI0B -> (ImportResultId: '8884abba5a8ee34bb63f14c9bfdead1d') in 0.009689146 seconds
[Worker2] Imported GUID: 6c784a1510a154625903484b84c8ddaf - Path: Packages/com.unity.inputsystem/InputSystem/Runtime/Devices/Commands/QueryUserIdCommand.cs - Importer: ScriptedImporter/UnityEditor.QuickSearchModule:UnityEditor.Search:ASIAI0B -> (ImportResultId: 'cebe00ce8854a940c048ba96ac09291a') in 0.009438238 seconds
[Worker1] Imported GUID: 62899f850307741f2a39c98a8b639597 - Path: Packages/com.unity.inputsystem/InputSystem/Runtime/Plugins/PlayerInput/PlayerInput.cs - Importer: ScriptedImporter/UnityEditor.QuickSearchModule:UnityEditor.Search:ASIAI0B -> (ImportResultId: '0a6a9ee45bca1d867e47bad5b4c49a04') in 0.010966651 seconds
[Worker0] Imported GUID: ec5b5d14e5b51f44abf18ab8f288cdb5 - Path: Packages/com.unity.inputsystem/InputSystem/Runtime/Plugins/OSX/OSXSupport.cs - Importer: ScriptedImporter/UnityEditor.QuickSearchModule:UnityEditor.Search:ASIAI0B -> (ImportResultId: '26f49656139ce4b377660afd35744156') in 0.009650304 seconds
[Worker2] Imported GUID: 74405005f3013c2498103a79211ba93b - Path: Packages/com.unity.inputsystem/InputSystem/Runtime/Plugins/OnScreen/OnScreenSupport.cs - Importer: ScriptedImporter/UnityEditor.QuickSearchModule:UnityEditor.Search:ASIAI0B -> (ImportResultId: '6396896c231155de1cb3227c1f904ec8') in 0.008623487 seconds
[Worker3] Imported GUID: e4a1c749d40b4bf985d6b32d7db339bb - Path: Packages/com.unity.inputsystem/InputSystem/Runtime/Devices/Haptics/DualMotorRumble.cs - Importer: ScriptedImporter/UnityEditor.QuickSearchModule:UnityEditor.Search:ASIAI0B -> (ImportResultId: '45454dfbe43a1806da63aaf5787c1bb0') in 0.008805076 seconds
[Worker1] Imported GUID: 4cc0c6a7fa1c14a518fec64497f4937f - Path: Packages/com.unity.inputsystem/InputSystem/Runtime/Plugins/EnhancedTouch/TouchHistory.cs - Importer: ScriptedImporter/UnityEditor.QuickSearchModule:UnityEditor.Search:ASIAI0B -> (ImportResultId: '1925188b28ece26d5b7ad2b0ea7f7aa0') in 0.008583783 seconds
[Worker0] Imported GUID: 0c8442e8094ce974598eacc0302ddabb - Path: Packages/com.unity.inputsystem/InputSystem/Runtime/Plugins/Android/AndroidSupport.cs - Importer: ScriptedImporter/UnityEditor.QuickSearchModule:UnityEditor.Search:ASIAI0B -> (ImportResultId: '8769d86dd31627c151d2ccb998489cca') in 0.009564524 seconds
[Worker2] Imported GUID: e31057ef324a04478bb4f7d469b3cdc0 - Path: Packages/com.unity.inputsystem/InputSystem/Runtime/Plugins/EnhancedTouch/TouchSimulation.cs - Importer: ScriptedImporter/UnityEditor.QuickSearchModule:UnityEditor.Search:ASIAI0B -> (ImportResultId: '899dd81acf4dca1938f7a2446de9a684') in 0.008800016 seconds
[Worker3] Imported GUID: 3cf42e49077e442fd8b9dc29c328d345 - Path: Packages/com.unity.inputsystem/InputSystem/Runtime/Plugins/EnhancedTouch/EnhancedTouchSupport.cs - Importer: ScriptedImporter/UnityEditor.QuickSearchModule:UnityEditor.Search:ASIAI0B -> (ImportResultId: '724104db1d26d05d27d23b09c7850b7f') in 0.008520545 seconds
[Worker1] Imported GUID: 5c6284fecb53e48ee832bc14c64be6fb - Path: Packages/com.unity.inputsystem/InputSystem/Runtime/Devices/Commands/QueryPairedUserAccountCommand.cs - Importer: ScriptedImporter/UnityEditor.QuickSearchModule:UnityEditor.Search:ASIAI0B -> (ImportResultId: 'ae734c86fdce409becca781ff7521c1e') in 0.008605093 seconds
[Worker0] Imported GUID: b200cbcb815aa44418fe8ada8cb78696 - Path: Packages/com.unity.inputsystem/InputSystem/Runtime/Devices/Commands/InitiateUserAccountPairingCommand.cs - Importer: ScriptedImporter/UnityEditor.QuickSearchModule:UnityEditor.Search:ASIAI0B -> (ImportResultId: 'f0dbc8f97a918feab690d67c3b8e84a0') in 0.009901383 seconds
[Worker3] Imported GUID: 15fa4fb6e47739e43b36a70fce024b6f - Path: Packages/com.unity.inputsystem/InputSystem/Runtime/Plugins/Android/AndroidAxis.cs - Importer: ScriptedImporter/UnityEditor.QuickSearchModule:UnityEditor.Search:ASIAI0B -> (ImportResultId: '0d800d57f2572a3f67e4b99fccedc29f') in 0.008923598 seconds
[Worker2] Imported GUID: a736049645e8c4781aedf679c2ee6be6 - Path: Packages/com.unity.inputsystem/InputSystem/Runtime/Plugins/HID/HIDParser.cs - Importer: ScriptedImporter/UnityEditor.QuickSearchModule:UnityEditor.Search:ASIAI0B -> (ImportResultId: 'b3ca5e7d6b346a1cad786f6ce5f5cc8b') in 0.008753611 seconds
[Worker1] Imported GUID: b24da9e286b594ace8ec4dfd4a374780 - Path: Packages/com.unity.inputsystem/InputSystem/Runtime/Plugins/PlayerInput/InputValue.cs - Importer: ScriptedImporter/UnityEditor.QuickSearchModule:UnityEditor.Search:ASIAI0B -> (ImportResultId: '432bc603b0ce074ebe410e01bd5658ba') in 0.008640428 seconds
[Worker0] Imported GUID: 2ab54adba6d259742a9022c514b04149 - Path: Packages/com.unity.inputsystem/InputSystem/Runtime/Plugins/Linux/SDLDeviceBuilder.cs - Importer: ScriptedImporter/UnityEditor.QuickSearchModule:UnityEditor.Search:ASIAI0B -> (ImportResultId: 'c8171addc006bd0532ee6eac99853383') in 0.00902706 seconds
[Worker3] Imported GUID: cc69a9a42102dea4dafad4147e3ed98e - Path: Packages/com.unity.inputsystem/InputSystem/Runtime/Plugins/PlayerInput/DefaultInputActions.cs - Importer: ScriptedImporter/UnityEditor.QuickSearchModule:UnityEditor.Search:ASIAI0B -> (ImportResultId: '931c2d532bd5563fcfe8b368f917a976') in 0.008687917 seconds
[Worker2] Imported GUID: 09dcc9c0126b6b34ab2a877b8f2277f5 - Path: Packages/com.unity.inputsystem/InputSystem/Runtime/Plugins/InputForUI/InputSystemForUI.asmdef - Importer: ScriptedImporter/UnityEditor.QuickSearchModule:UnityEditor.Search:ASIAI0B -> (ImportResultId: '9ba0002d1151914fdb559c44db58e07e') in 0.008574565 seconds
[Worker1] Imported GUID: 6d54531977ecb194c95e2d3aa7a5d72a - Path: Packages/com.unity.inputsystem/InputSystem/Runtime/Plugins/OnScreen/OnScreenButton.cs - Importer: ScriptedImporter/UnityEditor.QuickSearchModule:UnityEditor.Search:ASIAI0B -> (ImportResultId: '036ab14c9db268b57e35ef1cf1791388') in 0.011893411 seconds
[Worker0] Imported GUID: 65c861c7ef9bee2479c728694e87ea45 - Path: Packages/com.unity.inputsystem/InputSystem/Runtime/Plugins/InputForUI/AssemblyInfo.cs - Importer: ScriptedImporter/UnityEditor.QuickSearchModule:UnityEditor.Search:ASIAI0B -> (ImportResultId: '90ae6f1a812128febd9452bbc262cef1') in 0.009334955 seconds
[Worker3] Imported GUID: 3894aabfd6ab70245859fa873e1a6552 - Path: Packages/com.unity.inputsystem/InputSystem/Runtime/Devices/Commands/SetSamplingFrequencyCommand.cs - Importer: ScriptedImporter/UnityEditor.QuickSearchModule:UnityEditor.Search:ASIAI0B -> (ImportResultId: '32a71a708baf35f3a25d91b16b97423e') in 0.009019627 seconds
[Worker1] Imported GUID: 3c764fcc1188a6e489f8c305ff4077a6 - Path: Packages/com.unity.inputsystem/InputSystem/Runtime/Devices/Commands/QueryEditorWindowCoordinatesCommand.cs - Importer: ScriptedImporter/UnityEditor.QuickSearchModule:UnityEditor.Search:ASIAI0B -> (ImportResultId: '81cace270f00bfa87cd0bf8cfca6f2fd') in 0.009440141 seconds
[Worker0] Imported GUID: 9c425cd71d0042cbbd24386f4e4b9ec1 - Path: Packages/com.unity.inputsystem/InputSystem/Runtime/Devices/Precompiled/FastMouse.partial.cs - Importer: ScriptedImporter/UnityEditor.QuickSearchModule:UnityEditor.Search:ASIAI0B -> (ImportResultId: 'd145866bfb31d9e21497720c01d4aa53') in 0.008315402 seconds
[Worker3] Imported GUID: d6965b068653ebe45986cb10b38854d1 - Path: Packages/com.unity.inputsystem/InputSystem/Runtime/Plugins/InputForUI/InputSystemProvider.cs - Importer: ScriptedImporter/UnityEditor.QuickSearchModule:UnityEditor.Search:ASIAI0B -> (ImportResultId: 'e8278ae53ca2d72724d83ac052911892') in 0.007864541 seconds
[Worker1] Imported GUID: 90a43988da5cf85498b40180b9040a38 - Path: Packages/com.unity.inputsystem/InputSystem/Runtime/Devices/Commands/RequestResetCommand.cs - Importer: ScriptedImporter/UnityEditor.QuickSearchModule:UnityEditor.Search:ASIAI0B -> (ImportResultId: '25f835af8618335682066a1744735c8d') in 0.008215506 seconds
[Worker2] Imported GUID: ca9f5fa95ffab41fb9a615ab714db018 - Path: Packages/com.unity.inputsystem/InputSystem/Runtime/Plugins/PlayerInput/DefaultInputActions.inputactions - Importer: ScriptedImporter/UnityEditor.QuickSearchModule:UnityEditor.Search:ASIAI0B -> (ImportResultId: '83c0cfcd3d443323bc5560eda66dd981') in 0.021801656 seconds
[Worker0] Imported GUID: 30858d79688750445a07107b96c917fe - Path: Packages/com.unity.inputsystem/InputSystem/Runtime/Devices/Precompiled/FastTouchscreen.cs - Importer: ScriptedImporter/UnityEditor.QuickSearchModule:UnityEditor.Search:ASIAI0B -> (ImportResultId: '8cf0c975c0f4fd7426b658782e85ca9c') in 0.00821802 seconds
[Worker3] Imported GUID: 2158c2dfcbb94a3092caa77d698d5010 - Path: Packages/com.unity.inputsystem/InputSystem/Runtime/Devices/Commands/InputDeviceCommand.cs - Importer: ScriptedImporter/UnityEditor.QuickSearchModule:UnityEditor.Search:ASIAI0B -> (ImportResultId: '03b8760a6952b5ba3af79625c0c6a8c3') in 0.007909214 seconds
[Worker2] Imported GUID: 2f971d46c202b4b7a90865bf5600683f - Path: Packages/com.unity.inputsystem/InputSystem/Runtime/Plugins/Steam/SteamHandle.cs - Importer: ScriptedImporter/UnityEditor.QuickSearchModule:UnityEditor.Search:ASIAI0B -> (ImportResultId: 'd30c5425ce6f3a0538cd3a92d0538878') in 0.008650508 seconds
[Worker3] Imported GUID: e072bc6a44a3a4944bb32165f753b9ca - Path: Packages/com.unity.inputsystem/InputSystem/Runtime/Plugins/Users/InputUser.cs - Importer: ScriptedImporter/UnityEditor.QuickSearchModule:UnityEditor.Search:ASIAI0B -> (ImportResultId: 'fa60c532953d74fd1e306a7f3606f094') in 0.009726076 seconds
[Worker0] Imported GUID: ce1664b057efc40759e0da41d54e3e4e - Path: Packages/com.unity.inputsystem/InputSystem/Runtime/Plugins/Users/InputUserChange.cs - Importer: ScriptedImporter/UnityEditor.QuickSearchModule:UnityEditor.Search:ASIAI0B -> (ImportResultId: '6ebff9c129887c57dc58a59f655b5641') in 0.009779686 seconds
[Worker1] Imported GUID: 150936adb4fc13049a1001992b86c43e - Path: Packages/com.unity.inputsystem/InputSystem/Runtime/Plugins/XR/Devices/Oculus.cs - Importer: ScriptedImporter/UnityEditor.QuickSearchModule:UnityEditor.Search:ASIAI0B -> (ImportResultId: '1e7c48470a5982842c31631958a8655f') in 0.009863031 seconds
[Worker2] Imported GUID: 29a78370a46c4b59875764266185b105 - Path: Packages/com.unity.inputsystem/InputSystem/Runtime/Utilities/Observables/SelectObservable.cs - Importer: ScriptedImporter/UnityEditor.QuickSearchModule:UnityEditor.Search:ASIAI0B -> (ImportResultId: '12c7d067b2ec488d90a3dc7233959f08') in 0.008888302 seconds
[Worker0] Imported GUID: 0dd5cd31dc0a44e8979c69bd6ef78686 - Path: Packages/com.unity.inputsystem/InputSystem/Runtime/Plugins/XInput/XInputSupport.cs - Importer: ScriptedImporter/UnityEditor.QuickSearchModule:UnityEditor.Search:ASIAI0B -> (ImportResultId: '74f92ae5cd6198760775bd97bbfdbd37') in 0.008145485 seconds
[Worker1] Imported GUID: b0e29a3b2e6d01345abeaefb681b5f22 - Path: Packages/com.unity.inputsystem/InputSystem/Runtime/Plugins/iOS/IOSGameController.cs - Importer: ScriptedImporter/UnityEditor.QuickSearchModule:UnityEditor.Search:ASIAI0B -> (ImportResultId: '710773e09d72a3e1e4d788aafaaa7893') in 0.008151406 seconds
[Worker3] Imported GUID: 76765a8c5cba74c0abc5ab4afd8266e2 - Path: Packages/com.unity.inputsystem/InputSystem/Runtime/Plugins/Users/InputUserAccountHandle.cs - Importer: ScriptedImporter/UnityEditor.QuickSearchModule:UnityEditor.Search:ASIAI0B -> (ImportResultId: 'bde1cd305b92e55d418a38a0bcb53fa4') in 0.008409258 seconds
[Worker2] Imported GUID: 4ee65784bb8ce434a947aea199821419 - Path: Packages/com.unity.inputsystem/InputSystem/Runtime/Plugins/UI/INavigationEventData.cs - Importer: ScriptedImporter/UnityEditor.QuickSearchModule:UnityEditor.Search:ASIAI0B -> (ImportResultId: '6d985d79c2da2b4f2eaf7fe9e1466407') in 0.009214771 seconds
[Worker0] Imported GUID: 47e42d28cda46b34cb7f8804e6db4c25 - Path: Packages/com.unity.inputsystem/InputSystem/Runtime/Plugins/UI/BaseInputOverride.cs - Importer: ScriptedImporter/UnityEditor.QuickSearchModule:UnityEditor.Search:ASIAI0B -> (ImportResultId: '596c7a5eda5cfe8a736324dadbd7c15e') in 0.009507487 seconds
[Worker3] Imported GUID: 929bef69d71fe4223b4148865a0a5e42 - Path: Packages/com.unity.inputsystem/InputSystem/Runtime/Plugins/XR/GenericXRDevice.cs - Importer: ScriptedImporter/UnityEditor.QuickSearchModule:UnityEditor.Search:ASIAI0B -> (ImportResultId: '914983121c27db02a213e41ab8486864') in 0.011308249 seconds
[Worker1] Imported GUID: 943deaaee9c9347e0a455aa208526c42 - Path: Packages/com.unity.inputsystem/InputSystem/Editor/AssetEditor/PackageResources/pro/actionTreeBackgroundWithoutBorder.png - Importer: ScriptedImporter/UnityEditor.QuickSearchModule:UnityEditor.Search:ASIAI0B -> (ImportResultId: 'a2164a55ecfdf56138b6dab71b2ad8e4') in 0.012642269 seconds
[Worker2] Imported GUID: 92b3f5ed3a3e41daaf0bed64ebc854d9 - Path: Packages/com.unity.inputsystem/InputSystem/Runtime/Utilities/Observables/Observer.cs - Importer: ScriptedImporter/UnityEditor.QuickSearchModule:UnityEditor.Search:ASIAI0B -> (ImportResultId: '2dedeba605f63539bb7caba485b712ee') in 0.008806428 seconds
[Worker0] Imported GUID: 3d2dbd5e535742a18f979fdaa69e3627 - Path: Packages/com.unity.inputsystem/InputSystem/Runtime/Plugins/XInput/IXboxOneRumble.cs - Importer: ScriptedImporter/UnityEditor.QuickSearchModule:UnityEditor.Search:ASIAI0B -> (ImportResultId: '971a03aae2895a1f7b1600219d753800') in 0.008269747 seconds
[Worker3] Imported GUID: 3c197002ad4232e46b0c55f74469fa03 - Path: Packages/com.unity.inputsystem/InputSystem/Runtime/Plugins/Switch/SwitchProControllerHID.cs - Importer: ScriptedImporter/UnityEditor.QuickSearchModule:UnityEditor.Search:ASIAI0B -> (ImportResultId: 'f623d19047b98f637ba6e8733d7e5fd8') in 0.008290074 seconds
[Worker1] Imported GUID: c5640f63fd494e11936f2f231d83eb4b - Path: Packages/com.unity.inputsystem/InputSystem/Runtime/Plugins/iOS/iOSStepCounter.cs - Importer: ScriptedImporter/UnityEditor.QuickSearchModule:UnityEditor.Search:ASIAI0B -> (ImportResultId: '77ebddcc3dc6175598250d6dbed598f7') in 0.008047942 seconds
[Worker2] Imported GUID: 44353112a58c73347adde914844b7642 - Path: Packages/com.unity.inputsystem/InputSystem/Runtime/Plugins/XR/Devices/GoogleVR.cs - Importer: ScriptedImporter/UnityEditor.QuickSearchModule:UnityEditor.Search:ASIAI0B -> (ImportResultId: '3481676b51170fc05af8540070c7fd76') in 0.008832046 seconds
[Worker0] Imported GUID: 8a2cdc9fdde66bb49afa0763a7557ff9 - Path: Packages/com.unity.inputsystem/InputSystem/Runtime/Plugins/XR/Devices/OpenVR.cs - Importer: ScriptedImporter/UnityEditor.QuickSearchModule:UnityEditor.Search:ASIAI0B -> (ImportResultId: 'c5822af111c8afc5abf46af019086098') in 0.008647061 seconds
[Worker1] Imported GUID: a9be5e04bc92741ccbe2c262bfaa517f - Path: Packages/com.unity.inputsystem/InputSystem/Runtime/Plugins/XR/XRSupport.cs - Importer: ScriptedImporter/UnityEditor.QuickSearchModule:UnityEditor.Search:ASIAI0B -> (ImportResultId: '1b21b804cd317e5a70615c6e0518c745') in 0.00911778 seconds
[Worker3] Imported GUID: 7ae2dc3fc1c44ea59667819ea1d2e0c5 - Path: Packages/com.unity.inputsystem/InputSystem/Runtime/Plugins/XInput/XInputController.cs - Importer: ScriptedImporter/UnityEditor.QuickSearchModule:UnityEditor.Search:ASIAI0B -> (ImportResultId: '4df0bd4a1c5494c6764eabe78b6f4a16') in 0.010328991 seconds
[Worker0] Imported GUID: 3e12c30fe9774947a81ce7eb7054cfb7 - Path: Packages/com.unity.inputsystem/InputSystem/Runtime/Utilities/Observables/SelectManyObservable.cs - Importer: ScriptedImporter/UnityEditor.QuickSearchModule:UnityEditor.Search:ASIAI0B -> (ImportResultId: 'c9aab5999e81010ca527e0da959d7283') in 0.009088095 seconds
[Worker2] Imported GUID: ab9baa68d9998419ba6b1bd76b11b630 - Path: Packages/com.unity.inputsystem/InputSystem/Runtime/Plugins/Steam/SteamController.cs - Importer: ScriptedImporter/UnityEditor.QuickSearchModule:UnityEditor.Search:ASIAI0B -> (ImportResultId: '6f6dd4632d01ad89366e0626ee28b8fa') in 0.011032885 seconds
[Worker1] Imported GUID: 5ab69704aa4984b49bc426da72fabbed - Path: Packages/com.unity.inputsystem/InputSystem/Editor/AssetEditor/PackageResources/personal/foldoutBackground.png - Importer: ScriptedImporter/UnityEditor.QuickSearchModule:UnityEditor.Search:ASIAI0B -> (ImportResultId: 'ebcef99c7773b9fd51a4d3d7a6c587f2') in 0.011547526 seconds
[Worker3] Imported GUID: aa4c2360f910d46f497f75b4b6677358 - Path: Packages/com.unity.inputsystem/InputSystem/Editor/AssetEditor/PackageResources/personal/propertiesBackground.png - Importer: ScriptedImporter/UnityEditor.QuickSearchModule:UnityEditor.Search:ASIAI0B -> (ImportResultId: '20e2564d6c53718ab2de0b3ddf4cefc4') in 0.012122599 seconds
[Worker0] Imported GUID: ea70775d141141a3bca036e60a89e8fa - Path: Packages/com.unity.inputsystem/InputSystem/Runtime/Utilities/Observables/WhereObservable.cs - Importer: ScriptedImporter/UnityEditor.QuickSearchModule:UnityEditor.Search:ASIAI0B -> (ImportResultId: '061fcdf1438c19a91951ce9c3303f9b0') in 0.00931642 seconds
[Worker2] Imported GUID: f720cfe5a69dc41b28e4c0a6ac2054c5 - Path: Packages/com.unity.inputsystem/InputSystem/Runtime/Plugins/Users/InputUserSettings.cs - Importer: ScriptedImporter/UnityEditor.QuickSearchModule:UnityEditor.Search:ASIAI0B -> (ImportResultId: 'dcd67e1be1d60aa7245b45b967a429ec') in 0.009141314 seconds
[Worker1] Imported GUID: e78bab4d8055a47fd933966a032e34ef - Path: Packages/com.unity.inputsystem/InputSystem/Runtime/Plugins/WebGL/WebGLGamepad.cs - Importer: ScriptedImporter/UnityEditor.QuickSearchModule:UnityEditor.Search:ASIAI0B -> (ImportResultId: '148d6e01946e33c6814069f99c1cb2d8') in 0.00899491 seconds
[Worker3] Imported GUID: 31038076760c2c744a116e944e0e18d7 - Path: Packages/com.unity.inputsystem/InputSystem/Runtime/Plugins/XR/Controls/PoseControl.cs - Importer: ScriptedImporter/UnityEditor.QuickSearchModule:UnityEditor.Search:ASIAI0B -> (ImportResultId: '088089ac5eb12925bc4664cf6fb89507') in 0.009662337 seconds
[Worker0] Imported GUID: 7bef150b341c4d0dbab3db81ccf2ea81 - Path: Packages/com.unity.inputsystem/InputSystem/Runtime/Plugins/Steam/SteamSupport.cs - Importer: ScriptedImporter/UnityEditor.QuickSearchModule:UnityEditor.Search:ASIAI0B -> (ImportResultId: 'e1222640e66efbf5c0d521f527aa1d2b') in 0.009072114 seconds
[Worker2] Imported GUID: 8242c97e8771412fb5f5637b7278e18f - Path: Packages/com.unity.inputsystem/InputSystem/Runtime/Utilities/Observables/ForDeviceEventObservable.cs - Importer: ScriptedImporter/UnityEditor.QuickSearchModule:UnityEditor.Search:ASIAI0B -> (ImportResultId: 'ec670b187d6918bc89c61e8308a673b8') in 0.008884274 seconds
[Worker1] Imported GUID: 9231fc068a549684f8ece75b66d6095b - Path: Packages/com.unity.inputsystem/InputSystem/Runtime/Plugins/XR/Devices/WindowsMR.cs - Importer: ScriptedImporter/UnityEditor.QuickSearchModule:UnityEditor.Search:ASIAI0B -> (ImportResultId: '51bbbf0b41da2a631ce499720346549f') in 0.00879064 seconds
[Worker3] Imported GUID: cf632ed80bf1f46c980de6b1b8b903ef - Path: Packages/com.unity.inputsystem/InputSystem/Editor/AssetEditor/PackageResources/personal/actionTreeBackgroundWithoutBorder.png - Importer: ScriptedImporter/UnityEditor.QuickSearchModule:UnityEditor.Search:ASIAI0B -> (ImportResultId: '8a3091fcbc689896bb516d5adb3d1875') in 0.011432701 seconds
[Worker2] Imported GUID: 33c4f889206d84e84b124cc6f7367963 - Path: Packages/com.unity.inputsystem/InputSystem/Runtime/Plugins/Users/InputUserPairingOptions.cs - Importer: ScriptedImporter/UnityEditor.QuickSearchModule:UnityEditor.Search:ASIAI0B -> (ImportResultId: 'aedf7860119539286745323964513e42') in 0.008348163 seconds
[Worker0] Imported GUID: b02e3f0c0798a4f1789a89a7697660be - Path: Packages/com.unity.inputsystem/InputSystem/Editor/AssetEditor/PackageResources/pro/propertiesBackground.png - Importer: ScriptedImporter/UnityEditor.QuickSearchModule:UnityEditor.Search:ASIAI0B -> (ImportResultId: 'a6e380eb6348a6f4a1438f719819d432') in 0.010660449 seconds
[Worker1] Imported GUID: b7430542eee4694469709e804d36cbbb - Path: Packages/com.unity.inputsystem/InputSystem/Runtime/Plugins/UI/ExtendedSubmitCancelEventData.cs - Importer: ScriptedImporter/UnityEditor.QuickSearchModule:UnityEditor.Search:ASIAI0B -> (ImportResultId: 'e334c75635005fce14e3cbbf234c187d') in 0.00947696 seconds
[Worker2] Imported GUID: 0a3e3635b85e2124b9b3147aef1cdc32 - Path: Packages/com.unity.inputsystem/InputSystem/Runtime/Plugins/XInput/XInputControllerWindows.cs - Importer: ScriptedImporter/UnityEditor.QuickSearchModule:UnityEditor.Search:ASIAI0B -> (ImportResultId: '7c5c59d7491d6512dd9c90823fad11c8') in 0.008312547 seconds
[Worker3] Imported GUID: a9586270a56c4658a83ff649811e0cb3 - Path: Packages/com.unity.inputsystem/InputSystem/Runtime/Utilities/Observables/Observable.cs - Importer: ScriptedImporter/UnityEditor.QuickSearchModule:UnityEditor.Search:ASIAI0B -> (ImportResultId: '5583b3301599d55914e2b9bc8f98379d') in 0.009167683 seconds
[Worker0] Imported GUID: 7d11ed63669394ec68af98a7f62afa73 - Path: Packages/com.unity.inputsystem/InputSystem/Runtime/Plugins/iOS/iOSStepCounter.mm - Importer: ScriptedImporter/UnityEditor.QuickSearchModule:UnityEditor.Search:ASIAI0B -> (ImportResultId: 'e05edb1873eff40fb4ced89dd79fb65c') in 0.008580156 seconds
[Worker1] Imported GUID: ce5f11cd993284c4f9c54f854bdc8c9c - Path: Packages/com.unity.inputsystem/InputSystem/Editor/AssetEditor/PackageResources/personal/actionTreeBackground.png - Importer: ScriptedImporter/UnityEditor.QuickSearchModule:UnityEditor.Search:ASIAI0B -> (ImportResultId: 'd6e61ff36569d5ac54b1ae220b44fe9e') in 0.011573894 seconds
[Worker2] Imported GUID: aa489f950f62d2948a1d96092e5a708a - Path: Packages/com.unity.inputsystem/InputSystem/Runtime/Plugins/UI/UISupport.cs - Importer: ScriptedImporter/UnityEditor.QuickSearchModule:UnityEditor.Search:ASIAI0B -> (ImportResultId: '66aab326869b0208e68965edb4344f46') in 0.008647161 seconds
[Worker0] Imported GUID: 408bd3b4ce254207beaa4e0779763fd6 - Path: Packages/com.unity.inputsystem/InputSystem/Runtime/Plugins/UI/ExtendedAxisEventData.cs - Importer: ScriptedImporter/UnityEditor.QuickSearchModule:UnityEditor.Search:ASIAI0B -> (ImportResultId: '74428b26095fbab2bf52ef0a6620a2e0') in 0.00853952 seconds
[Worker3] Imported GUID: e04d6d4984c7d164096e271f20932849 - Path: Packages/com.unity.inputsystem/InputSystem/Runtime/Plugins/UI/PointerModel.cs - Importer: ScriptedImporter/UnityEditor.QuickSearchModule:UnityEditor.Search:ASIAI0B -> (ImportResultId: 'ad7a02254ff2cdce91890af57815316d') in 0.010663806 seconds
[Worker2] Imported GUID: a99745fe0133ddf4b9a4d6c58af7795a - Path: Packages/com.unity.inputsystem/InputSystem/Runtime/Plugins/Switch/SwitchSupportHID.cs - Importer: ScriptedImporter/UnityEditor.QuickSearchModule:UnityEditor.Search:ASIAI0B -> (ImportResultId: 'dcedd14815aeedf7eea7a2455a1ca8fc') in 0.008435056 seconds
[Worker1] Imported GUID: 01614664b831546d2ae94a42149d80ac - Path: Packages/com.unity.inputsystem/InputSystem/Runtime/Plugins/UI/InputSystemUIInputModule.cs - Importer: ScriptedImporter/UnityEditor.QuickSearchModule:UnityEditor.Search:ASIAI0B -> (ImportResultId: 'ecfa16435de905ab8a28cc1cd7dbc4ff') in 0.009590162 seconds
[Worker0] Imported GUID: b16c6f78230fa4964a222622d8aae332 - Path: Packages/com.unity.inputsystem/InputSystem/Runtime/Plugins/UI/MultiplayerEventSystem.cs - Importer: ScriptedImporter/UnityEditor.QuickSearchModule:UnityEditor.Search:ASIAI0B -> (ImportResultId: '72b9c12897e5170c17ee82dfb1250cf5') in 0.008406583 seconds
[Worker3] Imported GUID: f1e8cf3dc2c11ed47a2666fcf0d3a938 - Path: Packages/com.unity.inputsystem/InputSystem/Runtime/Plugins/XR/Haptics/BufferedRumble.cs - Importer: ScriptedImporter/UnityEditor.QuickSearchModule:UnityEditor.Search:ASIAI0B -> (ImportResultId: '01af18489d3f57429929c7146981b5ab') in 0.009582117 seconds
[Worker2] Imported GUID: bca227b3a59246a197db2ff52b862072 - Path: Packages/com.unity.inputsystem/InputSystem/Runtime/Plugins/UI/ExtendedPointerEventData.cs - Importer: ScriptedImporter/UnityEditor.QuickSearchModule:UnityEditor.Search:ASIAI0B -> (ImportResultId: 'f147245cfa3ef78e6e9a05889eab9990') in 0.008952642 seconds
[Worker0] Imported GUID: d08e8dbcaeef59a4c9f04d8448f179eb - Path: Packages/com.unity.inputsystem/InputSystem/Runtime/Plugins/iOS/InputSettingsiOS.cs - Importer: ScriptedImporter/UnityEditor.QuickSearchModule:UnityEditor.Search:ASIAI0B -> (ImportResultId: '4ade692957bf757db694c7a18fee3973') in 0.008419216 seconds
[Worker1] Imported GUID: c0996bc290ff74bf4834f4a8b7dc8c3e - Path: Packages/com.unity.inputsystem/InputSystem/Editor/AssetEditor/PackageResources/pro/foldoutBackground.png - Importer: ScriptedImporter/UnityEditor.QuickSearchModule:UnityEditor.Search:ASIAI0B -> (ImportResultId: '9334db6b95591e5afa54ef05bcfb963c') in 0.010879478 seconds
[Worker3] Imported GUID: 635124a90cfbdc64eb3e9c0fc6904aa5 - Path: Packages/com.unity.inputsystem/InputSystem/Runtime/Plugins/iOS/iOSSupport.cs - Importer: ScriptedImporter/UnityEditor.QuickSearchModule:UnityEditor.Search:ASIAI0B -> (ImportResultId: '5a9a0d7f6c85d0f6739847a1b393302e') in 0.009510523 seconds
[Worker2] Imported GUID: f06ed8c4023b8420784a262e45338aa3 - Path: Packages/com.unity.inputsystem/InputSystem/Runtime/Plugins/XR/XRLayoutBuilder.cs - Importer: ScriptedImporter/UnityEditor.QuickSearchModule:UnityEditor.Search:ASIAI0B -> (ImportResultId: 'd89968ad207e76e8567f0d6ed4dc9199') in 0.009271297 seconds
[Worker0] Imported GUID: bd4bfc3c0efb44494be7101204897b7e - Path: Packages/com.unity.inputsystem/InputSystem/Runtime/Plugins/WebGL/WebGLSupport.cs - Importer: ScriptedImporter/UnityEditor.QuickSearchModule:UnityEditor.Search:ASIAI0B -> (ImportResultId: '3c01a054fe9f8dabbd195a9b1c474780') in 0.009043641 seconds
[Worker1] Imported GUID: 25881642ba784356b23ef34898fdc690 - Path: Packages/com.unity.inputsystem/InputSystem/Runtime/Utilities/Observables/TakeNObservable.cs - Importer: ScriptedImporter/UnityEditor.QuickSearchModule:UnityEditor.Search:ASIAI0B -> (ImportResultId: '7f8dc2de135aab9c3c47297ccf9bc020') in 0.008725477 seconds
[Worker3] Imported GUID: afe3cda3e244f60419474164d6ba3b0b - Path: Packages/com.unity.inputsystem/InputSystem/Runtime/Plugins/UI/TrackedDeviceRaycaster.cs - Importer: ScriptedImporter/UnityEditor.QuickSearchModule:UnityEditor.Search:ASIAI0B -> (ImportResultId: 'cef96e7e5dae094ebf568472123e55bf') in 0.008888792 seconds
[Worker2] Imported GUID: 0049e966b9953774fa3d07808a5555a9 - Path: Packages/com.unity.inputsystem/InputSystem/Runtime/Plugins/XR/Haptics/GetCurrentHapticStateCommand.cs - Importer: ScriptedImporter/UnityEditor.QuickSearchModule:UnityEditor.Search:ASIAI0B -> (ImportResultId: '55f552189aa14c04af488472bf0846e5') in 0.009078076 seconds
[Worker0] Imported GUID: ef73fbf6f536c4184845d789870911a3 - Path: Packages/com.unity.inputsystem/InputSystem/Runtime/Plugins/XInput/XboxGamepadMacOS.cs - Importer: ScriptedImporter/UnityEditor.QuickSearchModule:UnityEditor.Search:ASIAI0B -> (ImportResultId: '44f274ee2bdd4a22ac99c16e7af8a417') in 0.009012533 seconds
[Worker1] Imported GUID: 34e7ea3151ed73745b7924e453c67eca - Path: Packages/com.unity.inputsystem/InputSystem/Runtime/Plugins/UI/NavigationModel.cs - Importer: ScriptedImporter/UnityEditor.QuickSearchModule:UnityEditor.Search:ASIAI0B -> (ImportResultId: '01ab8a9fcaffc85b6413054d8224831f') in 0.008332924 seconds
[Worker3] Imported GUID: 6f91aa063fcc645ea8061ce0ae4f6f2b - Path: Packages/com.unity.inputsystem/InputSystem/Runtime/Plugins/WebGL/WebGLJoystick.cs - Importer: ScriptedImporter/UnityEditor.QuickSearchModule:UnityEditor.Search:ASIAI0B -> (ImportResultId: 'cc67c101b4c4a2b0afbe8cca27096221') in 0.008731619 seconds
[Worker0] Imported GUID: 3913769308054535b48183402a702cc6 - Path: Packages/com.unity.inputsystem/InputSystem/Runtime/Plugins/Switch/SwitchProController.cs - Importer: ScriptedImporter/UnityEditor.QuickSearchModule:UnityEditor.Search:ASIAI0B -> (ImportResultId: 'a2285bdaf90290ef3dfdfde740edbff9') in 0.008542035 seconds
[Worker1] Imported GUID: 424b6720ff5999446843ba414e58a907 - Path: Packages/com.unity.inputsystem/InputSystem/Runtime/Plugins/UI/VirtualMouseInput.cs - Importer: ScriptedImporter/UnityEditor.QuickSearchModule:UnityEditor.Search:ASIAI0B -> (ImportResultId: '386371c615ec6113b7b8fdbc14dac320') in 0.008568594 seconds
[Worker2] Imported GUID: c4b66e31395c54087a2fbc13ae7e0f3c - Path: Packages/com.unity.inputsystem/InputSystem/Editor/AssetEditor/PackageResources/pro/actionTreeBackground.png - Importer: ScriptedImporter/UnityEditor.QuickSearchModule:UnityEditor.Search:ASIAI0B -> (ImportResultId: '2ae7d7feea1d0a35ea69cfae9deef834') in 0.011035059 seconds
[Worker3] Imported GUID: 7ffe30fd9a2d64031a59c21418fb2067 - Path: Packages/com.unity.inputsystem/InputSystem/Runtime/Plugins/Steam/SteamControllerType.cs - Importer: ScriptedImporter/UnityEditor.QuickSearchModule:UnityEditor.Search:ASIAI0B -> (ImportResultId: '74d4b5b75c69729cf5a27035a3861513') in 0.008718695 seconds
[Worker0] Imported GUID: 2ade21199e79d394ab34f4e6887f1c09 - Path: Packages/com.unity.inputsystem/InputSystem/Runtime/Plugins/XR/Haptics/GetHapticCapabilitiesCommand.cs - Importer: ScriptedImporter/UnityEditor.QuickSearchModule:UnityEditor.Search:ASIAI0B -> (ImportResultId: '3af10fd8a5c6bbea7d9bf6c3573f87e6') in 0.008787964 seconds
[Worker1] Imported GUID: c2fadf230d1919748a9aa21d40f74619 - Path: Packages/com.unity.inputsystem/InputSystem/Runtime/Plugins/XR/TrackedPoseDriver.cs - Importer: ScriptedImporter/UnityEditor.QuickSearchModule:UnityEditor.Search:ASIAI0B -> (ImportResultId: 'c4cf0d940d352e995efa675b6d147a84') in 0.008653253 seconds
[Worker1] Imported GUID: b73918c69dc7a46a7889cf2a9e4232a8 - Path: Packages/com.unity.visualscripting/Editor/VisualScripting.Flow/FlowGraphContext.cs - Importer: ScriptedImporter/UnityEditor.QuickSearchModule:UnityEditor.Search:ASIAI0B -> (ImportResultId: '2b52acc9a6c0be3160dde2d6438d5009') in 0.009076493 seconds
[Worker0] Imported GUID: 20e774542c826284fbc98ca46bac755c - Path: Packages/com.unity.visualscripting/Third Party Notices.md - Importer: ScriptedImporter/UnityEditor.QuickSearchModule:UnityEditor.Search:ASIAI0B -> (ImportResultId: 'f01c17df852455ffa4ebf54c5774083d') in 0.009174656 seconds
[Worker3] Imported GUID: cd0037c3364f08f44991688f5dacb32e - Path: Packages/com.unity.visualscripting/Graphics/ExtensionMethod_16x.ai - Importer: ScriptedImporter/UnityEditor.QuickSearchModule:UnityEditor.Search:ASIAI0B -> (ImportResultId: '3c6fb53e53231fa75b35dc26df64e7a7') in 0.009152876 seconds
[Worker2] Imported GUID: d800ad61ae46243a0bc7d8d834b1bf3f - Path: Packages/com.unity.visualscripting/Editor/VisualScripting.Core/BoltProduct.cs - Importer: ScriptedImporter/UnityEditor.QuickSearchModule:UnityEditor.Search:ASIAI0B -> (ImportResultId: 'd0f898f6702af1cfab96835d3eabc735') in 0.009598397 seconds
[Worker2] Imported GUID: 88d0a1ad859d8469b94fecac8c36866d - Path: Packages/com.unity.visualscripting/Editor/VisualScripting.Flow/FlowGraphEditor.cs - Importer: ScriptedImporter/UnityEditor.QuickSearchModule:UnityEditor.Search:ASIAI0B -> (ImportResultId: 'e7d65a825f097b8ff0e5c7b235788e71') in 0.008270588 seconds
[Worker1] Imported GUID: 5f84d6a1bd34ea6428fa1db0e9f459cb - Path: Packages/com.unity.inputsystem/InputSystem/Runtime/Plugins/XR/Haptics/SendHapticImpulseCommand.cs - Importer: ScriptedImporter/UnityEditor.QuickSearchModule:UnityEditor.Search:ASIAI0B -> (ImportResultId: 'abcbe0f45babfa6e066f7671c2848470') in 0.008843649 seconds
[Worker0] Imported GUID: 28daaf27186926745a8e1ebf5539c5f8 - Path: Packages/com.unity.visualscripting/ValidationExceptions.json - Importer: ScriptedImporter/UnityEditor.QuickSearchModule:UnityEditor.Search:ASIAI0B -> (ImportResultId: '6105cdb45832c291ee09b3f3510a80d2') in 0.008653232 seconds
[Worker3] Imported GUID: 566f4983416e04cfda0b4592b86f1848 - Path: Packages/com.unity.visualscripting/Editor/VisualScripting.Flow/BoltFlowNameUtility.cs - Importer: ScriptedImporter/UnityEditor.QuickSearchModule:UnityEditor.Search:ASIAI0B -> (ImportResultId: 'd1fc1bb4af1205128bfd6b51b0cec224') in 0.008441297 seconds
[Worker2] Imported GUID: e5469618019ff476db0e9a02c0c3f432 - Path: Packages/com.unity.visualscripting/Editor/VisualScripting.Flow/FlowMachineEditor.cs - Importer: ScriptedImporter/UnityEditor.QuickSearchModule:UnityEditor.Search:ASIAI0B -> (ImportResultId: 'ec6e16eea3655f40cf02f194c70c4e66') in 0.00946607 seconds
[Worker0] Imported GUID: 0c9b7e151c1f64d48b39eca8d419c2b5 - Path: Packages/com.unity.visualscripting/Editor/VisualScripting.Core/BoltGUI.cs - Importer: ScriptedImporter/UnityEditor.QuickSearchModule:UnityEditor.Search:ASIAI0B -> (ImportResultId: '0dd4f0efb4bedd411602cd004594b5d2') in 0.009410396 seconds
[Worker1] Imported GUID: 54cb1906aeb4e4264bc1d2aa3818a43f - Path: Packages/com.unity.visualscripting/Editor/VisualScripting.Core/Unity.VisualScripting.Core.Editor.asmdef - Importer: ScriptedImporter/UnityEditor.QuickSearchModule:UnityEditor.Search:ASIAI0B -> (ImportResultId: '755080a2b7d375256aa9ab858f0eef84') in 0.010834214 seconds
[Worker3] Imported GUID: e943e3d5ede9d0848a8e889af1e6656c - Path: Packages/com.unity.visualscripting/CHANGELOG.md - Importer: ScriptedImporter/UnityEditor.QuickSearchModule:UnityEditor.Search:ASIAI0B -> (ImportResultId: '1db447580c8e0f3d8e8340f7dc0ca9c8') in 0.010920425 seconds
[Worker1] Imported GUID: 2a3cd7080fc4042768e4e591975cfbc5 - Path: Packages/com.unity.visualscripting/Editor/VisualScripting.Core/BoltStyles.cs - Importer: ScriptedImporter/UnityEditor.QuickSearchModule:UnityEditor.Search:ASIAI0B -> (ImportResultId: '3206515e10848a1d53fa3475ab51e4ab') in 0.008339568 seconds
[Worker2] Imported GUID: e99e627aecef48147afe455970fc03f6 - Path: Packages/com.unity.visualscripting/Graphics/EnumItem_16x.ai - Importer: ScriptedImporter/UnityEditor.QuickSearchModule:UnityEditor.Search:ASIAI0B -> (ImportResultId: '56a0bcbb57535662494db2ec0c15ead2') in 0.009935887 seconds
[Worker3] Imported GUID: 23f3c6063e13e4fd9addce3606ff4e42 - Path: Packages/com.unity.visualscripting/Editor/VisualScripting.Flow/Unity.VisualScripting.Flow.Editor.asmdef - Importer: ScriptedImporter/UnityEditor.QuickSearchModule:UnityEditor.Search:ASIAI0B -> (ImportResultId: '5c6e737dd6b76ea7435ffab8a7f57819') in 0.008806007 seconds
[Worker0] Imported GUID: 04284a5c673029d43b07b690037dda4a - Path: Packages/com.unity.visualscripting/Graphics/Field_16x.ai - Importer: ScriptedImporter/UnityEditor.QuickSearchModule:UnityEditor.Search:ASIAI0B -> (ImportResultId: '059ff93f3170cd85ee8d067dfefcfe61') in 0.010905237 seconds
[Worker2] Imported GUID: 50518b6178c7543489da50084db7cb42 - Path: Packages/com.unity.visualscripting/Graphics/Method_16x.ai - Importer: ScriptedImporter/UnityEditor.QuickSearchModule:UnityEditor.Search:ASIAI0B -> (ImportResultId: 'ef9cab4554ba4fd54966f3d1d519cd59') in 0.010310245 seconds
[Worker3] Imported GUID: 3258e0f4f1b5249ee8b246485bb0f066 - Path: Packages/com.unity.visualscripting/Editor/VisualScripting.Core/System.Threading.defines - Importer: ScriptedImporter/UnityEditor.QuickSearchModule:UnityEditor.Search:ASIAI0B -> (ImportResultId: 'ee50d44bf9213c60c447c2f219342950') in 0.009629074 seconds
[Worker0] Imported GUID: b41189ddfc8d84f22b5023fc1ada4558 - Path: Packages/com.unity.visualscripting/DocCodeExamples/EventBusExamples.cs - Importer: ScriptedImporter/UnityEditor.QuickSearchModule:UnityEditor.Search:ASIAI0B -> (ImportResultId: '0c1bbb93985d52f89ef443af58bdfe7a') in 0.010263328 seconds
[Worker1] Imported GUID: fb8aec2313da2234687b591ff0c0e622 - Path: Packages/com.unity.visualscripting/Graphics/FlowPorts_24x.psd - Importer: ScriptedImporter/UnityEditor.QuickSearchModule:UnityEditor.Search:ASIAI0B -> (ImportResultId: '49528fe3a75741e7b2dbc66885a931d2') in 0.012749469 seconds
[Worker2] Imported GUID: b1b39c71b073f4269acc255452659ff3 - Path: Packages/com.unity.visualscripting/Editor/VisualScripting.Flow/FlowGraphUnitUISample.cs - Importer: ScriptedImporter/UnityEditor.QuickSearchModule:UnityEditor.Search:ASIAI0B -> (ImportResultId: '29492da2b959b5f3b77d49151fa7615f') in 0.009277699 seconds
[Worker3] Imported GUID: cdd996c0455369d40a3c5c465015834f - Path: Packages/com.unity.visualscripting/Graphics/FlowPorts_12x.psd - Importer: ScriptedImporter/UnityEditor.QuickSearchModule:UnityEditor.Search:ASIAI0B -> (ImportResultId: 'bfdaa4b5392832e9b3bc2866bd7d56b9') in 0.012647439 seconds
[Worker1] Imported GUID: 9aebf5eaf632b8a4898b295d2cb20c0d - Path: Packages/com.unity.visualscripting/Graphics/GraphGroup.psd - Importer: ScriptedImporter/UnityEditor.QuickSearchModule:UnityEditor.Search:ASIAI0B -> (ImportResultId: '94f4689b802be116b713be6bdac317e7') in 0.011245902 seconds
[Worker0] Imported GUID: 749d1db079e2d5e4ea440488ee312b04 - Path: Packages/com.unity.visualscripting/Graphics/Icons_16x_72dpi.psd - Importer: ScriptedImporter/UnityEditor.QuickSearchModule:UnityEditor.Search:ASIAI0B -> (ImportResultId: '01ecbe5e49732439d260b981ba926c08') in 0.013829325 seconds
[Worker2] Imported GUID: 44645be24e12a48a9ba727b163f3b637 - Path: Packages/com.unity.visualscripting/Editor/VisualScripting.Flow/XFlowGraph.cs - Importer: ScriptedImporter/UnityEditor.QuickSearchModule:UnityEditor.Search:ASIAI0B -> (ImportResultId: '872b4f5b840cc02ded24fb4280126b54') in 0.010126693 seconds
[Worker3] Imported GUID: 66f2f0bd24913304386d572f96263953 - Path: Packages/com.unity.visualscripting/Graphics/Icons_16x_72dpi.afphoto - Importer: ScriptedImporter/UnityEditor.QuickSearchModule:UnityEditor.Search:ASIAI0B -> (ImportResultId: 'e0de24c4d4645c8ef0f09928db3fb303') in 0.009382063 seconds
[Worker1] Imported GUID: 5f1b15ef6f7374405b6abe5fae72c2e3 - Path: Packages/com.unity.visualscripting/Editor/VisualScripting.Core/AssetBundleCreator.cs - Importer: ScriptedImporter/UnityEditor.QuickSearchModule:UnityEditor.Search:ASIAI0B -> (ImportResultId: 'f026bc5acb3338de2ff6f29344159d1a') in 0.009260235 seconds
[Worker0] Imported GUID: 8461334e883c84d819a008a46143a5ad - Path: Packages/com.unity.visualscripting/Editor/VisualScripting.Shared/Unity.VisualScripting.Shared.Editor.asmdef - Importer: ScriptedImporter/UnityEditor.QuickSearchModule:UnityEditor.Search:ASIAI0B -> (ImportResultId: '4ae1f557781218635dbcdf0026792768') in 0.00906949 seconds
[Worker2] Imported GUID: 21e5071c21b124b5ab6885e0b2867feb - Path: Packages/com.unity.visualscripting/Editor/VisualScripting.State/StateGraphEditor.cs - Importer: ScriptedImporter/UnityEditor.QuickSearchModule:UnityEditor.Search:ASIAI0B -> (ImportResultId: 'f9e3c211439540dc1ad74b42c013204e') in 0.009539317 seconds
[Worker3] Imported GUID: 8a0959959a3a749c2aceb5082a6cf1c7 - Path: Packages/com.unity.visualscripting/Editor/VisualScripting.Flow/FlowCanvas.cs - Importer: ScriptedImporter/UnityEditor.QuickSearchModule:UnityEditor.Search:ASIAI0B -> (ImportResultId: 'edc73303756ba817a788bf87f255e091') in 0.009080981 seconds
[Worker1] Imported GUID: 87170d6a42571c440b520411bfeb3af5 - Path: Packages/com.unity.visualscripting/Graphics/FlowPorts_24x.afphoto - Importer: ScriptedImporter/UnityEditor.QuickSearchModule:UnityEditor.Search:ASIAI0B -> (ImportResultId: 'c030fedfbbe224aa01b74fdd161b0517') in 0.009330698 seconds
[Worker0] Imported GUID: 609c3f6a050cd044abf73af2fbab64bf - Path: Packages/com.unity.visualscripting/Graphics/Namespace_16x.ai - Importer: ScriptedImporter/UnityEditor.QuickSearchModule:UnityEditor.Search:ASIAI0B -> (ImportResultId: 'db3128f5170e78b17328c8db296a9ee6') in 0.009136605 seconds
[Worker2] Imported GUID: 3490969118efdfd4da95e61cc38d408f - Path: Packages/com.unity.visualscripting/Graphics/Structure_16x.ai - Importer: ScriptedImporter/UnityEditor.QuickSearchModule:UnityEditor.Search:ASIAI0B -> (ImportResultId: 'c37375de19a290a44d99f4603dbb2494') in 0.009759087 seconds
[Worker1] Imported GUID: 7ef5652404544c8cab2b662e003e8766 - Path: Packages/com.unity.visualscripting/Editor/VisualScripting.Flow/FlowDragAndDropUtility.cs - Importer: ScriptedImporter/UnityEditor.QuickSearchModule:UnityEditor.Search:ASIAI0B -> (ImportResultId: '19dc8da3716b2db3a48cc4afe1ccdd1f') in 0.008907176 seconds
[Worker3] Imported GUID: 72a0f82474e843c2b1a9b9ca96c8d67c - Path: Packages/com.unity.visualscripting/Editor/VisualScripting.Flow/RuntimeGraphBase.cs - Importer: ScriptedImporter/UnityEditor.QuickSearchModule:UnityEditor.Search:ASIAI0B -> (ImportResultId: 'eb41e0f9884f031a55e4315667cca8bc') in 0.009163566 seconds
[Worker0] Imported GUID: dc515790ed9124547ad5050ecba1a05a - Path: Packages/com.unity.visualscripting/Graphics/Variables.afphoto - Importer: ScriptedImporter/UnityEditor.QuickSearchModule:UnityEditor.Search:ASIAI0B -> (ImportResultId: '786212fd7e82e20ba00ac32222caaf0c') in 0.008733653 seconds
[Worker2] Imported GUID: d2078ea3a801441c3ae02ea594151478 - Path: Packages/com.unity.visualscripting/Editor/VisualScripting.Core/SemanticVersion.cs - Importer: ScriptedImporter/UnityEditor.QuickSearchModule:UnityEditor.Search:ASIAI0B -> (ImportResultId: '401b1d5e0acff05b02471e2fcc27e2fe') in 0.009430584 seconds
[Worker3] Imported GUID: ea5f31fe3c5b9134aadd01484f811c2f - Path: Packages/com.unity.visualscripting/Graphics/SetupSelector.afphoto - Importer: ScriptedImporter/UnityEditor.QuickSearchModule:UnityEditor.Search:ASIAI0B -> (ImportResultId: '5c73f4b5745295b89c1b8ae0623c5ce6') in 0.008707073 seconds
[Worker1] Imported GUID: 4eea00f49056f4ee98c82b6923b44600 - Path: Packages/com.unity.visualscripting/Editor/SettingsProvider/ProjectSettingsProviderView.cs - Importer: ScriptedImporter/UnityEditor.QuickSearchModule:UnityEditor.Search:ASIAI0B -> (ImportResultId: 'f2fc51df8c9f5facaff299a502f5d653') in 0.008924108 seconds
[Worker0] Imported GUID: 2f0cb32e9f8a4724ab6642e567fa5a7d - Path: Packages/com.unity.visualscripting/Graphics/Events.afphoto - Importer: ScriptedImporter/UnityEditor.QuickSearchModule:UnityEditor.Search:ASIAI0B -> (ImportResultId: '8bdf9b71dead1928a636694525374b9a') in 0.008559488 seconds
[Worker2] Imported GUID: 024914b324544f4479884d642b910d1c - Path: Packages/com.unity.visualscripting/Graphics/Icons_32x_72dpi.afphoto - Importer: ScriptedImporter/UnityEditor.QuickSearchModule:UnityEditor.Search:ASIAI0B -> (ImportResultId: '27f641a6512df1f85433f08460b39717') in 0.00967457 seconds
[Worker3] Imported GUID: 4fe9131cfd934407ae31c01dada03f20 - Path: Packages/com.unity.visualscripting/Editor/VisualScripting.Core/PackageEventListener.cs - Importer: ScriptedImporter/UnityEditor.QuickSearchModule:UnityEditor.Search:ASIAI0B -> (ImportResultId: 'b1d3e12cf0199d2601821fbfc101b287') in 0.00912321 seconds
[Worker0] Imported GUID: 70b768f311ee24d93b61dbdf4169a93f - Path: Packages/com.unity.visualscripting/README.md - Importer: ScriptedImporter/UnityEditor.QuickSearchModule:UnityEditor.Search:ASIAI0B -> (ImportResultId: '1c6ba0cfa19205853746407db789d633') in 0.008865499 seconds
[Worker1] Imported GUID: d29ceac7c5137ce448ed2c50bd46467c - Path: Packages/com.unity.visualscripting/Graphics/FlowPorts_12x.afphoto - Importer: ScriptedImporter/UnityEditor.QuickSearchModule:UnityEditor.Search:ASIAI0B -> (ImportResultId: '1700597a2fbedcda338b0e9dd6a9ab7a') in 0.009405356 seconds
[Worker3] Imported GUID: 86b460b328d2945298f3ad268e33836e - Path: Packages/com.unity.visualscripting/Editor/VisualScripting.State/StateRevealCondition.cs - Importer: ScriptedImporter/UnityEditor.QuickSearchModule:UnityEditor.Search:ASIAI0B -> (ImportResultId: '7797adcdf76db4ecc47016147ea59e71') in 0.008521136 seconds
[Worker0] Imported GUID: f8d9014a332bd894485ce367ca17d086 - Path: Packages/com.unity.visualscripting/LICENSE.md - Importer: ScriptedImporter/UnityEditor.QuickSearchModule:UnityEditor.Search:ASIAI0B -> (ImportResultId: 'fe15adede8ffc606b8c798cd832b06e0') in 0.008472846 seconds
[Worker2] Imported GUID: a6e2adee452624dfebf435c2239d2cce - Path: Packages/com.unity.visualscripting/Editor/VisualScripting.Core/YamlDotNet.defines - Importer: ScriptedImporter/UnityEditor.QuickSearchModule:UnityEditor.Search:ASIAI0B -> (ImportResultId: 'c44f25bbccf250feb4012143cafbec0c') in 0.009875244 seconds
[Worker1] Imported GUID: 545a9d2bc7370224f8d14c22f2f580e0 - Path: Packages/com.unity.visualscripting/package.json - Importer: ScriptedImporter/UnityEditor.QuickSearchModule:UnityEditor.Search:ASIAI0B -> (ImportResultId: '27c07b4d89eb1fe8201c5c5d948b2c05') in 0.009147034 seconds
[Worker0] Imported GUID: 2aa54ddaa48744e1caddee916e39805e - Path: Packages/com.unity.visualscripting/Editor/SettingsProvider/Unity.VisualScripting.SettingsProvider.Editor.asmdef - Importer: ScriptedImporter/UnityEditor.QuickSearchModule:UnityEditor.Search:ASIAI0B -> (ImportResultId: '4e159ad29b3ec69d391cd8b168ce0eb0') in 0.008935269 seconds
[Worker2] Imported GUID: ba9c71f100044b3a9dca49c8f9e489cb - Path: Packages/com.unity.visualscripting/Editor/SettingsProvider/EditorPreferencesProvider.cs - Importer: ScriptedImporter/UnityEditor.QuickSearchModule:UnityEditor.Search:ASIAI0B -> (ImportResultId: '1e5b32af44aaddafcd9a5421e444fb77') in 0.008689761 seconds
[Worker3] Imported GUID: d6a0cc840e6084f62a3e3538f14bf3ce - Path: Packages/com.unity.visualscripting/Editor/SettingsProvider/ProjectSettingsProvider.cs - Importer: ScriptedImporter/UnityEditor.QuickSearchModule:UnityEditor.Search:ASIAI0B -> (ImportResultId: '14e4baa2535b212105041f0c8e9e364a') in 0.009143067 seconds
[Worker1] Imported GUID: 3fbd3355e4de04d8aaea7a67361a8542 - Path: Packages/com.unity.visualscripting/DocCodeExamples/Unity.VisualScripting.DocCodeExamples.asmdef - Importer: ScriptedImporter/UnityEditor.QuickSearchModule:UnityEditor.Search:ASIAI0B -> (ImportResultId: '449865a7e8d776f0cb03a5973b9eacb9') in 0.008326313 seconds
[Worker2] Imported GUID: 512ef2ddcfeb6204995803593a149a5b - Path: Packages/com.unity.visualscripting/Graphics/Source.afphoto - Importer: ScriptedImporter/UnityEditor.QuickSearchModule:UnityEditor.Search:ASIAI0B -> (ImportResultId: 'ca128d1260d2fbc385e801096dcf2df0') in 0.00868393 seconds
[Worker0] Imported GUID: 365c53ddcbed946fab90ee822d1fcced - Path: Packages/com.unity.visualscripting/Editor/VisualScripting.Shared/EmptyGraphWindow.cs - Importer: ScriptedImporter/UnityEditor.QuickSearchModule:UnityEditor.Search:ASIAI0B -> (ImportResultId: '284fc03dc5e97d3961296790ea15e02a') in 0.008924429 seconds
[Worker3] Imported GUID: 0b88d70c1d7d94d5ba520b604479fb04 - Path: Packages/com.unity.visualscripting/Runtime/VisualScripting.Core/MiscUtil.defines - Importer: ScriptedImporter/UnityEditor.QuickSearchModule:UnityEditor.Search:ASIAI0B -> (ImportResultId: 'e7a28bd833e1d6f67e88c385ddfa75c3') in 0.008471964 seconds
[Worker1] Imported GUID: 35a21b8c004950548af9fc81919e1aa9 - Path: Packages/com.unity.visualscripting/Graphics/Icons_32x_72dpi.psd - Importer: ScriptedImporter/UnityEditor.QuickSearchModule:UnityEditor.Search:ASIAI0B -> (ImportResultId: 'e83c31bbdf6f3a7e3645e6addf37f7f7') in 0.010435299 seconds
[Worker0] Imported GUID: f10496e9d78b943308af5e7e9e4543c8 - Path: Packages/com.unity.visualscripting/Editor/VisualScripting.State/Unity.VisualScripting.State.Editor.asmdef - Importer: ScriptedImporter/UnityEditor.QuickSearchModule:UnityEditor.Search:ASIAI0B -> (ImportResultId: '3dbb3a38e510c111d52ffd459326791b') in 0.008900354 seconds
[Worker3] Imported GUID: 2f474ced62820425d9936932e5e28161 - Path: Packages/com.unity.visualscripting/Editor/VisualScripting.Flow/FlowEditorBindings.cs - Importer: ScriptedImporter/UnityEditor.QuickSearchModule:UnityEditor.Search:ASIAI0B -> (ImportResultId: 'dbe5135d58df30a0e6f8e68817da79e0') in 0.008776182 seconds
[Worker2] Imported GUID: fc4a8343f87d64dbfafcb9922d534865 - Path: Packages/com.unity.visualscripting/ValidationConfig.json - Importer: ScriptedImporter/UnityEditor.QuickSearchModule:UnityEditor.Search:ASIAI0B -> (ImportResultId: 'c9e5b264cb327ff9c7d4d4ec252ca43c') in 0.009038141 seconds
[Worker1] Imported GUID: b7453dd8d3980405794f631eea9f420e - Path: Packages/com.unity.visualscripting/Editor/SettingsProvider/EditorPreferencesProviderView.cs - Importer: ScriptedImporter/UnityEditor.QuickSearchModule:UnityEditor.Search:ASIAI0B -> (ImportResultId: 'fe32efb3db7e404996d47e6fcd5d8941') in 0.009071774 seconds
[Worker2] Imported GUID: 58cddc0883dde5740a5da5c1395c30e7 - Path: Packages/com.unity.visualscripting/Graphics/Constant_16x.ai - Importer: ScriptedImporter/UnityEditor.QuickSearchModule:UnityEditor.Search:ASIAI0B -> (ImportResultId: '5b10a99caf8e89c78087c544f93ebf7a') in 0.008665596 seconds
[Worker0] Imported GUID: 008aaf0122c64347b088ad6d93484cb6 - Path: Packages/com.unity.visualscripting/DocCodeExamples/VariableExamples.cs - Importer: ScriptedImporter/UnityEditor.QuickSearchModule:UnityEditor.Search:ASIAI0B -> (ImportResultId: 'd702efb818a4e98aa391fe0d52829699') in 0.00904289 seconds
[Worker3] Imported GUID: a2b6030dd31a94713abd9d61ee574e4e - Path: Packages/com.unity.visualscripting/Editor/VisualScripting.Core/SemanticLabel.cs - Importer: ScriptedImporter/UnityEditor.QuickSearchModule:UnityEditor.Search:ASIAI0B -> (ImportResultId: '504bdb48347f1e313e3bb6be534f0e06') in 0.008832547 seconds
[Worker1] Imported GUID: e553fed0b97be3349aff36916eb6fefc - Path: Packages/com.unity.inputsystem/InputSystem/Runtime/Plugins/XR/Haptics/SendBufferedHapticsCommand.cs - Importer: ScriptedImporter/UnityEditor.QuickSearchModule:UnityEditor.Search:ASIAI0B -> (ImportResultId: '3f2b2715de8e37c805affff30f35e1d5') in 0.009341407 seconds
[Worker0] Imported GUID: 4714da3615e2d49bfb32bc923847bcc1 - Path: Packages/com.unity.visualscripting/Runtime/VisualScripting.Flow/MultiInputUnit.cs - Importer: ScriptedImporter/UnityEditor.QuickSearchModule:UnityEditor.Search:ASIAI0B -> (ImportResultId: '0288e6bb399f8722393de6216615b1d7') in 0.008307247 seconds
[Worker3] Imported GUID: 315d634a9ac6d460a9515f5a56be6311 - Path: Packages/com.unity.visualscripting/Runtime/VisualScripting.State/Unity.VisualScripting.State.asmdef - Importer: ScriptedImporter/UnityEditor.QuickSearchModule:UnityEditor.Search:ASIAI0B -> (ImportResultId: 'd2cf2f078093ce9277d7171365feeac0') in 0.008366337 seconds
[Worker1] Imported GUID: 282cb8ec0af2e4987af050cc49330b34 - Path: Packages/com.unity.visualscripting/Runtime/VisualScripting.State/INesterState.cs - Importer: ScriptedImporter/UnityEditor.QuickSearchModule:UnityEditor.Search:ASIAI0B -> (ImportResultId: '2ce321df3da4db4a7d73576e9d3d3834') in 0.009025838 seconds
[Worker2] Imported GUID: dddbc361923f641f38ce78381c990d01 - Path: Packages/com.unity.visualscripting/Runtime/VisualScripting.State/NesterStateTransition.cs - Importer: ScriptedImporter/UnityEditor.QuickSearchModule:UnityEditor.Search:ASIAI0B -> (ImportResultId: '1cd2f48e7ab31f89e6807c4b6a2b79de') in 0.009522816 seconds
[Worker1] Imported GUID: d20b55e1b62454c3cb8261290858b417 - Path: Packages/com.unity.visualscripting/Runtime/VisualScripting.State/StateGraph.cs - Importer: ScriptedImporter/UnityEditor.QuickSearchModule:UnityEditor.Search:ASIAI0B -> (ImportResultId: '984b4023ebaa9346db4b262f540a2df2') in 0.008443631 seconds
[Worker3] Imported GUID: db822fb58e4f24f51a42df68ea73225a - Path: Packages/com.unity.visualscripting/Runtime/VisualScripting.Flow/UnitPortDefinitionCollection.cs - Importer: ScriptedImporter/UnityEditor.QuickSearchModule:UnityEditor.Search:ASIAI0B -> (ImportResultId: '866e6cab6d718e739dfedd9331465264') in 0.008659024 seconds
[Worker0] Imported GUID: 0bd6d62c34b19457e82fc142fc1a6093 - Path: Packages/com.unity.visualscripting/Runtime/VisualScripting.State/FlowStateTransition.cs - Importer: ScriptedImporter/UnityEditor.QuickSearchModule:UnityEditor.Search:ASIAI0B -> (ImportResultId: '9f96f2a57de3493b257345d081c7f233') in 0.008859217 seconds
[Worker2] Imported GUID: 50455e66302b715488a9218e30b0ab24 - Path: Packages/com.unity.visualscripting/Editor/SettingsProvider/ProjectSettings/BackupSettings.cs - Importer: ScriptedImporter/UnityEditor.QuickSearchModule:UnityEditor.Search:ASIAI0B -> (ImportResultId: 'c539eef2b787f976fea9c53ae634e473') in 0.008450484 seconds
[Worker2] Imported GUID: 7b87087bffe3b43618771b432448cd88 - Path: Packages/com.unity.visualscripting/Runtime/VisualScripting.State/StateEnterReason.cs - Importer: ScriptedImporter/UnityEditor.QuickSearchModule:UnityEditor.Search:ASIAI0B -> (ImportResultId: '6620c9b99ad45d4756b4aec0faa34711') in 0.008406111 seconds
[Worker0] Imported GUID: 7d2bbdd7f3404e04941d986015e27acb - Path: Packages/com.unity.visualscripting/Editor/VisualScripting.Core/Analytics/AnalyticsUtilities.cs - Importer: ScriptedImporter/UnityEditor.QuickSearchModule:UnityEditor.Search:ASIAI0B -> (ImportResultId: '24bb36675d1ea0f4e084ddc137632784') in 0.008597899 seconds
[Worker3] Imported GUID: 713158a56b1f044b988caf50dd09eedf - Path: Packages/com.unity.visualscripting/Runtime/VisualScripting.State/AnyState.cs - Importer: ScriptedImporter/UnityEditor.QuickSearchModule:UnityEditor.Search:ASIAI0B -> (ImportResultId: '71d50bedf0beef9eb6c4d9429f372f99') in 0.008733542 seconds
[Worker1] Imported GUID: 530e556d4407947dcae7102ff497587d - Path: Packages/com.unity.visualscripting/Runtime/VisualScripting.State/StateGraphAsset.cs - Importer: ScriptedImporter/UnityEditor.QuickSearchModule:UnityEditor.Search:ASIAI0B -> (ImportResultId: 'bb179478d0d3a17340af5a2531ee6050') in 0.009197659 seconds
[Worker1] Imported GUID: 3c1d7ff7db0a74ac28a76a55589c6651 - Path: Packages/com.unity.visualscripting/Runtime/VisualScripting.State/StateTransition.cs - Importer: ScriptedImporter/UnityEditor.QuickSearchModule:UnityEditor.Search:ASIAI0B -> (ImportResultId: '40be38a53fffac3f88b560c9f75d3510') in 0.008678429 seconds
[Worker3] Imported GUID: 1ad5fed5d057548d88cf8bf03518c101 - Path: Packages/com.unity.visualscripting/Runtime/VisualScripting.Flow/Flow.cs - Importer: ScriptedImporter/UnityEditor.QuickSearchModule:UnityEditor.Search:ASIAI0B -> (ImportResultId: '53b3c6b0c477f17b18071d290a7ce261') in 0.00876404 seconds
[Worker0] Imported GUID: 6d70db210652542ea80e2220dd47df74 - Path: Packages/com.unity.visualscripting/Runtime/VisualScripting.Flow/FlowGraphData.cs - Importer: ScriptedImporter/UnityEditor.QuickSearchModule:UnityEditor.Search:ASIAI0B -> (ImportResultId: '96ff821ddf8994a821e067929d994852') in 0.008999689 seconds
[Worker2] Imported GUID: 95e66c6366d904e98bc83428217d4fd7 - Path: Packages/com.unity.visualscripting/Runtime/VisualScripting.Flow/ScriptGraphAsset.cs - Importer: ScriptedImporter/UnityEditor.QuickSearchModule:UnityEditor.Search:ASIAI0B -> (ImportResultId: 'eb40262ffd7c592d734b4405573af4d6') in 0.009353319 seconds
[Worker1] Imported GUID: ff487154bf5ec41f1b830b780c2a8b0a - Path: Packages/com.unity.visualscripting/Runtime/VisualScripting.State/StateEventHooks.cs - Importer: ScriptedImporter/UnityEditor.QuickSearchModule:UnityEditor.Search:ASIAI0B -> (ImportResultId: '91f97ab09f257eb0e34a18f5a5106c08') in 0.009120665 seconds
[Worker0] Imported GUID: ea715009a4efd4c6cbc85be3ae097dd3 - Path: Packages/com.unity.visualscripting/Runtime/VisualScripting.Flow/Unity.VisualScripting.Flow.asmdef - Importer: ScriptedImporter/UnityEditor.QuickSearchModule:UnityEditor.Search:ASIAI0B -> (ImportResultId: '1aac8c7f1446c5d6eab4e62ab336c2a8') in 0.008865328 seconds
[Worker2] Imported GUID: f01a1ac261c724daca990596c32f7f10 - Path: Packages/com.unity.visualscripting/Editor/VisualScripting.Core/Analysis/Analysis.cs - Importer: ScriptedImporter/UnityEditor.QuickSearchModule:UnityEditor.Search:ASIAI0B -> (ImportResultId: '3a84c9c73aa5234540af4e496184c7e2') in 0.009021701 seconds
[Worker3] Imported GUID: 115b9acbeb0934c0daf0875f2eb28b61 - Path: Packages/com.unity.visualscripting/Runtime/VisualScripting.State/IStateTransitionDebugData.cs - Importer: ScriptedImporter/UnityEditor.QuickSearchModule:UnityEditor.Search:ASIAI0B -> (ImportResultId: 'c6686787544f1e3a4cba9e5daeae22ea') in 0.009483192 seconds
[Worker2] Imported GUID: 5029d678f341c40e888b037abf7f6672 - Path: Packages/com.unity.visualscripting/Runtime/VisualScripting.Flow/Antlr3.Runtime.defines - Importer: ScriptedImporter/UnityEditor.QuickSearchModule:UnityEditor.Search:ASIAI0B -> (ImportResultId: '20dbdcac7814cc4b8f5cf178005b5b4c') in 0.008477544 seconds
[Worker0] Imported GUID: 59718df20b933421a9c465fcbeff7836 - Path: Packages/com.unity.visualscripting/Editor/VisualScripting.Core/Analytics/Analytics.cs - Importer: ScriptedImporter/UnityEditor.QuickSearchModule:UnityEditor.Search:ASIAI0B -> (ImportResultId: 'c6f41f8a5376840cd2754fbc9d5ac26c') in 0.00880752 seconds
[Worker1] Imported GUID: efe58df89b5b74a97a123b5ed2b70422 - Path: Packages/com.unity.visualscripting/Runtime/VisualScripting.State/StateMachine.cs - Importer: ScriptedImporter/UnityEditor.QuickSearchModule:UnityEditor.Search:ASIAI0B -> (ImportResultId: '96329c72f17a1fe2f2c97c0f695b6762') in 0.008791822 seconds
[Worker3] Imported GUID: 36f9aad66340e42e98a0d64fb043351f - Path: Packages/com.unity.visualscripting/Runtime/VisualScripting.State/FlowState.cs - Importer: ScriptedImporter/UnityEditor.QuickSearchModule:UnityEditor.Search:ASIAI0B -> (ImportResultId: 'bf47db3c35155f3fbdc53ead524e9852') in 0.008629378 seconds
[Worker2] Imported GUID: a8c0a3364f2ef4e42820eb87b5bdab69 - Path: Packages/com.unity.visualscripting/Editor/SettingsProvider/ProjectSettings/ScriptReferenceResolverSettings.cs - Importer: ScriptedImporter/UnityEditor.QuickSearchModule:UnityEditor.Search:ASIAI0B -> (ImportResultId: '4913b8516dd556bfc7368c8bcd1e25c4') in 0.008907017 seconds
[Worker0] Imported GUID: deb08b5b8bf324486b189589674736df - Path: Packages/com.unity.visualscripting/Runtime/VisualScripting.State/SuperState.cs - Importer: ScriptedImporter/UnityEditor.QuickSearchModule:UnityEditor.Search:ASIAI0B -> (ImportResultId: '1c11e0acc5aef1e01dbafdfa2e88f2ec') in 0.008711651 seconds
[Worker3] Imported GUID: e0e14a597602d4c3cb2960f771330b86 - Path: Packages/com.unity.visualscripting/Runtime/VisualScripting.Flow/FlowGraph.cs - Importer: ScriptedImporter/UnityEditor.QuickSearchModule:UnityEditor.Search:ASIAI0B -> (ImportResultId: '85f63da24b8bca3cad207e42721224c1') in 0.009390098 seconds
[Worker1] Imported GUID: 39a4b0bc9629144cba9983be40f9b8c4 - Path: Packages/com.unity.visualscripting/Runtime/VisualScripting.State/StateGraphData.cs - Importer: ScriptedImporter/UnityEditor.QuickSearchModule:UnityEditor.Search:ASIAI0B -> (ImportResultId: 'fd20497e9525b30a962cc4e0210e42db') in 0.009719382 seconds
[Worker3] Imported GUID: c62d7cadff98b452b84915368d99ef5d - Path: Packages/com.unity.visualscripting/Runtime/VisualScripting.State/IStateTransition.cs - Importer: ScriptedImporter/UnityEditor.QuickSearchModule:UnityEditor.Search:ASIAI0B -> (ImportResultId: 'c83725a875eb9a3667ad29ed0a9fa22f') in 0.008217319 seconds
[Worker2] Imported GUID: a7c2e2ea622d44c91ba4d6117feabf36 - Path: Packages/com.unity.visualscripting/Runtime/VisualScripting.Flow/IUnitDebugData.cs - Importer: ScriptedImporter/UnityEditor.QuickSearchModule:UnityEditor.Search:ASIAI0B -> (ImportResultId: 'de753b91283a2c7defdb8e936357ef3b') in 0.009054061 seconds
[Worker0] Imported GUID: 7cf3624e65e804bfb9dd35ee9884f519 - Path: Packages/com.unity.visualscripting/Editor/VisualScripting.Core/Analysis/Analyser.cs - Importer: ScriptedImporter/UnityEditor.QuickSearchModule:UnityEditor.Search:ASIAI0B -> (ImportResultId: '76e8e0903c64d893618cafcfe12f21a0') in 0.008976185 seconds
[Worker1] Imported GUID: 0d4c8c0a5be6245e2aad918069f79df5 - Path: Packages/com.unity.visualscripting/Runtime/VisualScripting.State/IState.cs - Importer: ScriptedImporter/UnityEditor.QuickSearchModule:UnityEditor.Search:ASIAI0B -> (ImportResultId: 'e4b4419a6c5e9d24bed58900e2358c5a') in 0.009479896 seconds
[Worker0] Imported GUID: 5e84744b83a8434ab42fa513f9bf00ad - Path: Packages/com.unity.visualscripting/Editor/VisualScripting.Core/Analytics/HotkeyUsageAnalytics.cs - Importer: ScriptedImporter/UnityEditor.QuickSearchModule:UnityEditor.Search:ASIAI0B -> (ImportResultId: 'fe985f674c7d4b3b55be6029016dddf9') in 0.009004519 seconds
[Worker2] Imported GUID: b7663ba3a43454ba48fd2c7c17a0ae75 - Path: Packages/com.unity.visualscripting/Editor/VisualScripting.Core/Analysis/AnalyserAttribute.cs - Importer: ScriptedImporter/UnityEditor.QuickSearchModule:UnityEditor.Search:ASIAI0B -> (ImportResultId: 'dc933b018c64c6cdac078992101e5e75') in 0.009153917 seconds
[Worker3] Imported GUID: bf7f2015398494d498495147f2028b49 - Path: Packages/com.unity.visualscripting/Editor/VisualScripting.Core/Analysis/IGraphElementAnalysis.cs - Importer: ScriptedImporter/UnityEditor.QuickSearchModule:UnityEditor.Search:ASIAI0B -> (ImportResultId: '1c1452ecaf1ed5377b7f4d40dc52a99f') in 0.010874339 seconds
[Worker1] Imported GUID: 13dd86e0bca1a407a84da6c49b4dda21 - Path: Packages/com.unity.visualscripting/Runtime/VisualScripting.State/NesterState.cs - Importer: ScriptedImporter/UnityEditor.QuickSearchModule:UnityEditor.Search:ASIAI0B -> (ImportResultId: 'd5b424cf2df8572b003efda6c2e4fcb8') in 0.010037387 seconds
[Worker2] Imported GUID: 7da9d8250917648728b856bfab5f1320 - Path: Packages/com.unity.visualscripting/Editor/SettingsProvider/ProjectSettings/CustomPropertyProviderSettings.cs - Importer: ScriptedImporter/UnityEditor.QuickSearchModule:UnityEditor.Search:ASIAI0B -> (ImportResultId: 'dab09fd119b30c39435bd91056c352ed') in 0.009198079 seconds
[Worker0] Imported GUID: add84b05d27f246339255e43a260d9d9 - Path: Packages/com.unity.visualscripting/Runtime/VisualScripting.Flow/UnitCategory.cs - Importer: ScriptedImporter/UnityEditor.QuickSearchModule:UnityEditor.Search:ASIAI0B -> (ImportResultId: '8e430a1c2917e3b0db080694d6114f42') in 0.009074269 seconds
[Worker1] Imported GUID: 10477d5d4528e40818aa77439952fa2f - Path: Packages/com.unity.visualscripting/Runtime/VisualScripting.Flow/IUnit.cs - Importer: ScriptedImporter/UnityEditor.QuickSearchModule:UnityEditor.Search:ASIAI0B -> (ImportResultId: '575a7f651c77f203cf0ae03848ce80bf') in 0.008719897 seconds
[Worker3] Imported GUID: 95a25cee844754179994fcad95ae5d7a - Path: Packages/com.unity.visualscripting/Runtime/VisualScripting.Flow/SubgraphUnit.cs - Importer: ScriptedImporter/UnityEditor.QuickSearchModule:UnityEditor.Search:ASIAI0B -> (ImportResultId: '24228b49f3468057c348d8bdfc3c1cbf') in 0.009371624 seconds
[Worker0] Imported GUID: d46940e58965841858c395958b43001e - Path: Packages/com.unity.visualscripting/Runtime/VisualScripting.State/OnExitState.cs - Importer: ScriptedImporter/UnityEditor.QuickSearchModule:UnityEditor.Search:ASIAI0B -> (ImportResultId: 'b38b25be7d39dbdb97d2dfa5d1cad847') in 0.008717172 seconds
[Worker1] Imported GUID: b1eb0e9411d1e4ed880da3147ac22dc8 - Path: Packages/com.unity.visualscripting/Editor/VisualScripting.Core/Analysis/IAnalyser.cs - Importer: ScriptedImporter/UnityEditor.QuickSearchModule:UnityEditor.Search:ASIAI0B -> (ImportResultId: 'eb64f78e84a6901b0efc9a658cf7e526') in 0.008050287 seconds
[Worker3] Imported GUID: f2e89b748a6ae452488da87a34e25287 - Path: Packages/com.unity.visualscripting/Editor/SettingsProvider/ProjectSettings/LinkerPropertyProviderSettings.cs - Importer: ScriptedImporter/UnityEditor.QuickSearchModule:UnityEditor.Search:ASIAI0B -> (ImportResultId: '8a1e7432f86ece0d6b362999a257a131') in 0.008536655 seconds
[Worker2] Imported GUID: 88af9715e5692469798d8cfeabe4a039 - Path: Packages/com.unity.visualscripting/Runtime/VisualScripting.Flow/UnitCategoryConverter.cs - Importer: ScriptedImporter/UnityEditor.QuickSearchModule:UnityEditor.Search:ASIAI0B -> (ImportResultId: '9a596bf8be4ac5a7cbba8e050040de58') in 0.011385953 seconds
[Worker1] Imported GUID: ed238706c8f164901838f48247dfc1ee - Path: Packages/com.unity.visualscripting/Runtime/VisualScripting.Flow/UnitPreservation.cs - Importer: ScriptedImporter/UnityEditor.QuickSearchModule:UnityEditor.Search:ASIAI0B -> (ImportResultId: 'd797a0f533337f4ba4d6d5cc8b70a2ae') in 0.008816898 seconds
[Worker0] Imported GUID: ad597e0a189a942b794d0b24eba536f4 - Path: Packages/com.unity.visualscripting/Runtime/VisualScripting.Flow/NesterUnit.cs - Importer: ScriptedImporter/UnityEditor.QuickSearchModule:UnityEditor.Search:ASIAI0B -> (ImportResultId: '98753634fa4773df73f942cc586eaf9f') in 0.009828627 seconds
[Worker3] Imported GUID: 4fb36d0252722495cbe1fddf45ba9185 - Path: Packages/com.unity.visualscripting/Editor/VisualScripting.Core/Analysis/IAnalysis.cs - Importer: ScriptedImporter/UnityEditor.QuickSearchModule:UnityEditor.Search:ASIAI0B -> (ImportResultId: '337dbc0825f73912f7295f831a742336') in 0.008746086 seconds
[Worker2] Imported GUID: 8b37c8ff4a4874e499c1e8d9407dd2a6 - Path: Packages/com.unity.visualscripting/Runtime/VisualScripting.Flow/Unit.cs - Importer: ScriptedImporter/UnityEditor.QuickSearchModule:UnityEditor.Search:ASIAI0B -> (ImportResultId: 'b73b2febaba15ea0e058a5f3bc57c73a') in 0.008046059 seconds
MonoPathRemapper: Attempts to remap: 46620; Successful remaps: 25176
[Worker0] Imported GUID: 648cef6cb6da648ab892e274f45a1fe0 - Path: Packages/com.unity.visualscripting/Runtime/VisualScripting.State/OnEnterState.cs - Importer: ScriptedImporter/UnityEditor.QuickSearchModule:UnityEditor.Search:ASIAI0B -> (ImportResultId: 'a839d25c7c29fd7bc7051b95a7a146b3') in 0.008317175 seconds
[Worker3] Imported GUID: b9937e27525304cf483c1c226a66aace - Path: Packages/com.unity.visualscripting/Runtime/VisualScripting.State/StateExitReason.cs - Importer: ScriptedImporter/UnityEditor.QuickSearchModule:UnityEditor.Search:ASIAI0B -> (ImportResultId: '83f390c55d08c1363ab012e7ff6633ff') in 0.008070655 seconds
[Worker1] Imported GUID: f1505e7010ba447f9087b4398e0e3473 - Path: Packages/com.unity.visualscripting/Editor/SettingsProvider/ProjectSettings/CoreProviderSettings.cs - Importer: ScriptedImporter/UnityEditor.QuickSearchModule:UnityEditor.Search:ASIAI0B -> (ImportResultId: '836d353801d9541ead9375356e34204d') in 0.009062156 seconds
[Worker2] Imported GUID: 21b0c8d1703a94250bfac916590cea4f - Path: Packages/com.unity.visualscripting/Runtime/VisualScripting.Core/Unity.VisualScripting.Core.asmdef - Importer: ScriptedImporter/UnityEditor.QuickSearchModule:UnityEditor.Search:ASIAI0B -> (ImportResultId: 'a2e3bf81237a0dc10f00de85dc1e6296') in 0.008390272 seconds
[Worker0] Imported GUID: 96720bb3a1ee0448b8de15584f45ad51 - Path: Packages/com.unity.visualscripting/Runtime/VisualScripting.State/IStateDebugData.cs - Importer: ScriptedImporter/UnityEditor.QuickSearchModule:UnityEditor.Search:ASIAI0B -> (ImportResultId: 'b5f8165975432f0e9f8663e5c122c7e8') in 0.00887138 seconds
[Worker3] Imported GUID: 8c1743061b8e147ff9c808d137b1014e - Path: Packages/com.unity.visualscripting/Editor/VisualScripting.Core/Analysis/AnalyserProvider.cs - Importer: ScriptedImporter/UnityEditor.QuickSearchModule:UnityEditor.Search:ASIAI0B -> (ImportResultId: 'b7c25c117a68478f337d85345c17d82d') in 0.008668621 seconds
[Worker2] Imported GUID: f409aafa57ad9451ab40c8c245eb8ed5 - Path: Packages/com.unity.visualscripting/Runtime/VisualScripting.State/INesterStateTransition.cs - Importer: ScriptedImporter/UnityEditor.QuickSearchModule:UnityEditor.Search:ASIAI0B -> (ImportResultId: '659780bb0ae84ef4897a80bd2674dbb6') in 0.008440857 seconds
[Worker1] Imported GUID: c885f6b1d6214c8ea9f1970d774bdfc8 - Path: Packages/com.unity.visualscripting/Runtime/VisualScripting.Flow/IDefaultValue.cs - Importer: ScriptedImporter/UnityEditor.QuickSearchModule:UnityEditor.Search:ASIAI0B -> (ImportResultId: '258aa6f7c28fe3b8e57d87ea80b63208') in 0.008765292 seconds
[Worker0] Imported GUID: 94752097317984586845b054debf8837 - Path: Packages/com.unity.visualscripting/Runtime/VisualScripting.State/TriggerStateTransition.cs - Importer: ScriptedImporter/UnityEditor.QuickSearchModule:UnityEditor.Search:ASIAI0B -> (ImportResultId: 'a550c1e80dfe979641c408f292e9d647') in 0.00897361 seconds
[Worker2] Imported GUID: 17ef4cc1b81204f2aa24f1e08593c16d - Path: Packages/com.unity.visualscripting/Runtime/VisualScripting.State/StateUnit.cs - Importer: ScriptedImporter/UnityEditor.QuickSearchModule:UnityEditor.Search:ASIAI0B -> (ImportResultId: '876fa4e0b9468ad8a2548adc92f17fc6') in 0.008446197 seconds
[Worker3] Imported GUID: b5ee3c473bbc24eaaaea9bccbee0684b - Path: Packages/com.unity.visualscripting/Runtime/VisualScripting.Flow/INesterUnit.cs - Importer: ScriptedImporter/UnityEditor.QuickSearchModule:UnityEditor.Search:ASIAI0B -> (ImportResultId: '343388cd958c39a03fb7f261ee75a99b') in 0.008760914 seconds
[Worker1] Imported GUID: 4218da2cc7b0547f2a287e752116fd68 - Path: Packages/com.unity.visualscripting/Runtime/VisualScripting.State/State.cs - Importer: ScriptedImporter/UnityEditor.QuickSearchModule:UnityEditor.Search:ASIAI0B -> (ImportResultId: 'e248e4b2b156562bf9c65a438c4a68c3') in 0.008602999 seconds
[Worker3] Imported GUID: f061d8e7ad514436d82f47b34306a22c - Path: Packages/com.unity.visualscripting/Editor/SettingsProvider/ProjectSettings/TypeOptionsSettings.cs - Importer: ScriptedImporter/UnityEditor.QuickSearchModule:UnityEditor.Search:ASIAI0B -> (ImportResultId: '48cd131b8d96b1e53535ff475b0613af') in 0.008094089 seconds
[Worker2] Imported GUID: 7cb1615bd41a3442a8aabbcb872046a3 - Path: Packages/com.unity.visualscripting/Editor/SettingsProvider/ProjectSettings/AssemblyOptionsSettings.cs - Importer: ScriptedImporter/UnityEditor.QuickSearchModule:UnityEditor.Search:ASIAI0B -> (ImportResultId: '897542fee887e458b83b243af3b31865') in 0.008350938 seconds
[Worker1] Imported GUID: 1ac0dd11da2f64fc5b55b1b8a1d36b55 - Path: Packages/com.unity.visualscripting/Editor/VisualScripting.Core/Analysis/GraphElementAnalysis.cs - Importer: ScriptedImporter/UnityEditor.QuickSearchModule:UnityEditor.Search:ASIAI0B -> (ImportResultId: '60f4c65acc867cab41de977e7810d06b') in 0.007991007 seconds
[Worker0] Imported GUID: d2fe5546f775c47d2820aa5e8a715f53 - Path: Packages/com.unity.visualscripting/Runtime/VisualScripting.Flow/ScriptMachine.cs - Importer: ScriptedImporter/UnityEditor.QuickSearchModule:UnityEditor.Search:ASIAI0B -> (ImportResultId: '92f5333f031dcf6dc0d1c462eb54e5aa') in 0.009213809 seconds
Serialized file version minimum: 23, current 23
[LAYOUT] About to save layout /home/main/github/Proyecto/Puppeteer-Stories/Game/UserSettings/Layouts/default-6000.dwlt
[LAYOUT] About to save layout /home/main/.config/unity3d/Preferences/Editor-5.x/Layouts/current/default-6000.dwlt
Importing 'GUID: 00000000000000009000000000000000 - Path: ProjectSettings/QualitySettings.asset' with importer (LibraryAssetImporter)
Imported 'GUID: 00000000000000009000000000000000' -> (Import Result ID: '8151b601d05d3e12de314c2aa1f82962') in 0.004 seconds [static dependencies only]. Details - ImportResultOutputID=2a108b3da874f726c62fbe5f12be4a8a DependenciesID=6180c49ef29638684367d2893c04e070 StaticDependenciesID=5b19720d9149525484b40148944c8e26 
Asset Pipeline Refresh (id=7e8675b869e2e9f0e9046a5e64690427): Total: 0.061 seconds - Initiated by StopAssetImportingV2(NoUpdateAssetOptions)
Shutting down MSBuild server...
Shutting down VB/C# compiler server...
MSBuild server shut down successfully.
VB/C# compiler server shut down successfully.
[Physics::Module] Cleanup current backend.
[Physics::Module] Id: 0xf2b8ea05
Input System module state changed to: ShutdownInProgress.
Input Polling Thread exited.
Input System module state changed to: Shutdown.
[Licensing::IpcConnector] LicenseClient-main-notifications channel disconnected successfully.
[Licensing::IpcConnector] LicenseClient-main channel disconnected successfully.
Lingering sessions upon destruction of worker manager
Unity Data Store service was successfully shut down
UDS shutting down local client system
Shut down UDS service system complete
AcceleratorClientConnectionCallback - disconnected - :0
Cleanup mono
CodeReloadManager destroyed
debugger-agent: Unable to listen on 134

SDL leaked 2 allocations
Turn on UNITY_SDL_ALLOCATION_TRACKING for detailed information.
Checking for leaked weakptr:
  Found no leaked weakptrs.
[Package Manager] Server process was shutdown
##utp:{"type":"MemoryLeaks","version":2,"phase":"Immediate","time":1791555120941,"processId":22910,"allocatedMemory":12666498,"memoryLabels":[{"Default":242734},{"Permanent":16152},{"Thread":1052296},{"Manager":820633},{"VertexData":8},{"Geometry":408},{"Texture":24},{"Shader":855115},{"Material":24},{"GfxDevice":36608},{"Animation":1016},{"Audio":1000},{"FreeType":8},{"FontEngine":736},{"Physics":1970},{"Physics2D":16},{"Serialization":16560},{"Input":60256},{"JobScheduler":256},{"TextLib":24110},{"Mono":80},{"MonoCode":96},{"ScriptingNativeRuntime":155088},{"BaseObject":52104},{"Resource":1032},{"Renderer":2368},{"Transform":4717},{"File":7201},{"WebCam":80},{"Culling":32},{"Terrain":11346},{"Wind":24},{"String":981925},{"StaticString":3808},{"Utility":2677552},{"PoolAlloc":2152},{"AI":80},{"TypeTree":18349},{"ScriptManager":12640},{"CodeReload":448},{"RuntimeInitializeOnLoadManager":64},{"Sprites":102},{"SpriteAtlas":120},{"GI":7408},{"Director":8280},{"CloudService":8000},{"WebRequest":4579},{"VR":49554},{"SceneManager":640},{"Video":64},{"LazyScriptCache":32},{"NativeArray":540},{"Camera":729},{"Secure":8049},{"SerializationCache":9256},{"APIUpdating":10320},{"Subsystems":336},{"VirtualTexturing":57552},{"StaticSafetyDebugInfo":278528},{"Analytics":592},{"Hierarchy":1436},{"UIElements":40},{"CoreStats":14456},{"Identifiers":7152},{"Gui":268074},{"EditorUtility":136328},{"VersionControl":8},{"Undo":963},{"AssetDatabase":4667270},{"AssetImporter":40},{"EditorGi":328},{"UnityConnect":36920},{"Upm":1836},{"UpmDiagnostics":8},{"AssetCompliance":96},{"DrivenProperties":72},{"LocalIPC":196},{"ProfilerEditor":9746},{"CoreBusinessMetrics":2520},{"Windowing":480},{"Licensing":12668},{"AssetReference":32},{"IPCStream":32}]}
